0001   0000             		DEVICE ZXSPECTRUM128
0002   0000             
0003   0000             REPDEL: 		EQU 	5C09h				;Time (in 50ths of a second) that a key must be held down before it repeats. This starts off at 35.
0004   0000             REPPER:    	EQU	5C0Ah                           ;Delay (in 50ths of a second) between successive repeats of a key held down - initially 5.
0005   0000             BORDCR: 		EQU 	5C48h
0006   0000             ATTR_P: 		EQU 	5C8Dh
0007   0000             
0008   0000             MOON_BASE: 	equ	0C4h
0009   0000             MOON_REG1: 	equ	MOON_BASE
0010   0000             MOON_DAT1: 	equ	MOON_BASE+1
0011   0000             MOON_REG2: 	equ	MOON_BASE+2
0012   0000             MOON_DAT2: 	equ	MOON_BASE+3
0013   0000             MOON_STAT: 	equ	MOON_BASE
0014   0000             
0015   0000             MOON_WREG: 	equ	7Eh
0016   0000             MOON_WDAT: 	equ	MOON_WREG+1
0017   0000             
0018   0000             		.org 	6000h
0019   6000             
0020   6000             ;-------------------------------------------------------------------
0021   6000             ; ÆØ®·†≠®•: íÆÁ™† ¢ÂÆ§† ¢ Ø‡Æ£‡†¨¨„ ØÆ·´• Ø•‡•§†Á® „Ø‡†¢´•≠®Ô ®ß éë
0022   6000             ;---------------------------------------------------------------------
0023   6000             MoonService_Start: 		
0024   6000 F3          		di	
0025   6001 3E 10       		ld	a, 10h
0026   6003 01 FD 7F    		ld	bc, 7FFDh
0027   6006 ED 79       		out	(c), a
0028   6008 CD 0F 64    		call	MoonService_init_card		;®≠®Ê®†´®ß†Ê®Ô ® Ø‡Æ¢•‡™† ≠†´®Á®Ô ™†‡‚Î
0029   600B             
0030   600B F5          		push	af                              ;ß†ØÆ¨≠®¨ ‡•ß„´Ï‚†‚ 
0031   600C FD CB 30 DE 		set	3, (iy + 30h)			;¢™´ÓÁ®¨ CAPS LOCK (5ë3A + 30h)
0032   6010 21 10 01    		ld	hl, 110h
0033   6013 22 09 5C    		ld	(REPDEL), hl
0034   6016             
0035   6016 3E 28       		ld	a, 28h
0036   6018 CD 9D 64    		call	VideoDRV_clear_screen   	;ÆÁ®È†•¨ Ì™‡†≠
0037   601B FD CB 01 AE 		res	5, (iy + 1)
0038   601F FD CB 30 BE 		res	7, (iy + 30h)
0039   6023 FD CB 37 9E 		res	3, (iy + 37h)
0040   6027 CD 7E 64    		call	VideoDRV_create_scraddr 	;·Æß§†•¨ ‚†°´®Ê„ †§‡•·Æ¢ Ì™‡†≠†
0041   602A F1          		pop	af
0042   602B             
0043   602B C2 47 61    		jp	nz,MoonService_card_not_found	;™†‡‚† ≠• ≠†©§•≠†
0044   602E             
0045   602E             loc_0_6032: 
0046   602E DD 21 70 69 		ld	ix, MoonService_window_name	;·Æß§†•¨ Æ™≠Æ Ø‡Æ£‡†¨¨Î
0047   6032 CD 7C 65    		call	VideoDRV_create_window
0048   6035             
0049   6035 DD 21 D7 69 		ld	ix, MoonService_window_help     ;·Æß§†§®¨ Æ™≠Æ ØÆ¨ÆÈ®
0050   6039 CD 7C 65    		call	VideoDRV_create_window
0051   603C             
0052   603C DD 21 AE 69 		ld	ix, MoonService_window_info	;·Æß§†§®¨ Æ™≠Æ ®≠‰Æ‡¨†Ê®® Æ ·‚‡†≠®Ê†Â èáì
0053   6040 CD 7C 65    		call	VideoDRV_create_window
0054   6043 CD 59 60    		call	MoonService_card_info
0055   6046             
0056   6046 DD 21 2A 69 		ld	ix, MoonService_window_menu	;·Æß§†§®¨ Æ™≠Æ ¨•≠Ó
0057   604A CD 7C 65    		call	VideoDRV_create_window
0058   604D             loc_0_60AC: 
0059   604D CD 80 62    		call	MoonService_key_pressed		;ÆØ‡Æ· ™´†¢®†‚„‡Î ¨•≠Ó
0060   6050 CD 70 68    		call	MoonService_menu_action         ;Æ°‡†°Æ‚™† ·Æ°Î‚®Ô, Ø‡® ¢¢Î°Æ‡• Ø„≠™‚Æ¢ ¨•≠Ó
0061   6053 0D          		db	0Dh				;™Æ§ ™´†¢®Ë® - Ç¢Æ§
0062   6054 6D 61       		dw	MoonService_menu_execute
0063   6056 00          		db	00h				;™Æ≠•Ê ‚†°´®ÊÎ	
0064   6057 18 F4       		jr	loc_0_60AC
0065   6059             ;-------------------------------------------------------------------
0066   6059             ; ÆØ®·†≠®•: ÇÎ¢Æ§ ®≠‰Æ‡¨†Ê®® Æ ™†‡‚•
0067   6059             ; Ø†‡†¨•‚‡Î: ≠•‚                                                    
0068   6059             ; ¢Æß¢‡†È†•¨Æ•  ß≠†Á•≠®•: ≠•‚
0069   6059             ;---------------------------------------------------------------------
0070   6059             MoonService_card_info: 
0071   6059 21 F8 68    		ld	hl, MoonService_msg_Dev		;¢Î¢•§•¨ ®≠‰Æ‡¨†Ê®Ó Æ Á®Ø•
0072   605C CD 51 67    		call	VideoDRV_print_string
0073   605F 21 D8 68    		ld	hl,MoonService_id_ym278
0074   6062 3A DB 88    		ld	a,(MoonService_dev_id)
0075   6065 FE 20       		cp	20h
0076   6067 28 03       		jr	z,MoonService_chip_0
0077   6069 21 D0 68    		ld	hl,MoonService_id_unk
0078   606C             MoonService_chip_0: 
0079   606C CD 51 67    		call	VideoDRV_print_string
0080   606F             
0081   606F 21 0A 69    		ld	hl, MoonService_msg_ROM		;¢Î¢•§•¨ ®≠‰Æ‡¨†Ê®Ó Æ èáì
0082   6072 CD 51 67    		call	VideoDRV_print_string
0083   6075             
0084   6075             ;		ld	hl, MoonService_mem_2048		
0085   6075             ;		call	VideoDRV_print_string
0086   6075             
0087   6075 CD 16 6F    		call	MoonService_flash_info		;ÆØ‡•§•´®¨ ‚®Ø ¨®™‡Æ·Â•¨Î èáì
0088   6078             
0089   6078 21 01 69    		ld	hl, MoonService_msg_RAM		;¢Î¢•§•¨ ®≠‰Æ‡¨†Ê®Ó Æ éáì
0090   607B CD 51 67    		call	VideoDRV_print_string
0091   607E             
0092   607E 0E 00       		ld	c,0				;Ø‡®ß≠†™ Á‚Æ Ø†¨Ô‚® ≠•‚
0093   6080             
0094   6080 11 11 02    		ld	de,0211h			;Æ‚™‡Î¢†•¨ éáì ≠† ß†Ø®·Ï
0095   6083 CD 49 64    		call	MoonService_wave_out
0096   6086             	
0097   6086 11 20 03    		ld	de,0320h			;„·‚†≠†¢´®¢†•¨ †§‡•· 200000h
0098   6089 CD 49 64    		call	MoonService_wave_out
0099   608C             
0100   608C 11 00 04    		ld	de,0400h                        ;·‚†‡Ë®© °†©‚
0101   608F CD 49 64    		call	MoonService_wave_out		
0102   6092 14          		inc	d                               ;05 - ¨´†§Ë®© °†©‚ †§‡•·†
0103   6093 CD 49 64    		call	MoonService_wave_out
0104   6096 11 55 06    		ld	de,0655h                        ;06 -ß†Ø®Ë•¨ §†≠≠Î• -> 55h
0105   6099 CD 49 64    		call	MoonService_wave_out		
0106   609C CD 5A 64    		call	MoonService_busy		;Ø‡Æ¢•‡®¨ £Æ‚Æ¢≠Æ·‚Ï ¨®™‡Æ·Â•¨Î
0107   609F 1E AA       		ld	e,0AAh                          ;06 -ß†Ø®Ë•¨ §†≠≠Î• -> 0AAh
0108   60A1 CD 49 64    		call	MoonService_wave_out		
0109   60A4 CD 5A 64    		call	MoonService_busy		;Ø‡Æ¢•‡®¨ £Æ‚Æ¢≠Æ·‚Ï ¨®™‡Æ·Â•¨Î
0110   60A7             
0111   60A7 00          		nop
0112   60A8 00          		nop
0113   60A9 00          		nop
0114   60AA             
0115   60AA 11 11 02    		ld	de,0211h			;Æ‚™‡Î¢†•¨ éáì ≠† Á‚•≠®•
0116   60AD CD 49 64    		call	MoonService_wave_out
0117   60B0 11 20 03    		ld	de,0320h			;„·‚†≠†¢´®¢†•¨ †§‡•· 200000h
0118   60B3 CD 49 64    		call	MoonService_wave_out
0119   60B6 11 00 04    		ld	de,0400h                        ;·‚†‡Ë®© °†©‚
0120   60B9 CD 49 64    		call	MoonService_wave_out		
0121   60BC 14          		inc	d                               ;05 - ¨´†§Ë®© °†©‚ †§‡•·†
0122   60BD CD 49 64    		call	MoonService_wave_out
0123   60C0 14          		inc	d   
0124   60C1 CD 52 64    		call	MoonService_wave_in
0125   60C4 6F          		ld	l,a
0126   60C5 CD 52 64    		call	MoonService_wave_in
0127   60C8             
0128   60C8 FE AA       		cp	0AAh				;·‡†¢≠®¨ Á‚Æ Ø‡ÆÁ®‚†´®	
0129   60CA 20 09       		jr	nz, MoonService_chip_1
0130   60CC 7D          		ld	a,l
0131   60CD FE 55       		cp	55h				;·‡†¢≠®¨ Á‚Æ Ø‡ÆÁ®‚†´®	
0132   60CF 20 04       		jr	nz, MoonService_chip_1
0133   60D1 3E 01       		ld	a,1
0134   60D3 B1          		or	c
0135   60D4 4F          		ld	c,a
0136   60D5             MoonService_chip_1: 
0137   60D5 11 11 02    		ld	de,0211h			;Æ‚™‡Î¢†•¨ éáì ≠† ß†Ø®·Ï
0138   60D8 CD 49 64    		call	MoonService_wave_out
0139   60DB 11 28 03    		ld	de,0328h			;„·‚†≠†¢´®¢†•¨ †§‡•· 280000h
0140   60DE CD 49 64    		call	MoonService_wave_out
0141   60E1             
0142   60E1 11 00 04    		ld	de,0400h                        ;·‚†‡Ë®© °†©‚
0143   60E4 CD 49 64    		call	MoonService_wave_out		
0144   60E7 14          		inc	d                               ;¨´†§Ë®© °†©‚ †§‡•·†
0145   60E8 CD 49 64    		call	MoonService_wave_out
0146   60EB 11 AA 06    		ld	de,06AAh                        ;06 -ß†Ø®Ë•¨ §†≠≠Î• -> AAh
0147   60EE CD 49 64    		call	MoonService_wave_out		
0148   60F1 CD 5A 64    		call	MoonService_busy		;Ø‡Æ¢•‡®¨ £Æ‚Æ¢≠Æ·‚Ï ¨®™‡Æ·Â•¨Î
0149   60F4 1E 55       		ld	e,55h                          	;06 -ß†Ø®Ë•¨ §†≠≠Î• -> 55h
0150   60F6 CD 49 64    		call	MoonService_wave_out		
0151   60F9 CD 5A 64    		call	MoonService_busy		;Ø‡Æ¢•‡®¨ £Æ‚Æ¢≠Æ·‚Ï ¨®™‡Æ·Â•¨Î
0152   60FC             
0153   60FC 00          		nop
0154   60FD 00          		nop
0155   60FE 00          		nop
0156   60FF             
0157   60FF 11 11 02    		ld	de,0211h			;Æ‚™‡Î¢†•¨ éáì ≠† Á‚•≠®•
0158   6102 CD 49 64    		call	MoonService_wave_out
0159   6105 11 28 03    		ld	de,0328h			;„·‚†≠†¢´®¢†•¨ †§‡•· 280000h
0160   6108 CD 49 64    		call	MoonService_wave_out
0161   610B 11 00 04    		ld	de,0400h                        ;·‚†‡Ë®© °†©‚
0162   610E CD 49 64    		call	MoonService_wave_out		
0163   6111 14          		inc	d                               ;05 - ¨´†§Ë®© °†©‚ †§‡•·†
0164   6112 CD 49 64    		call	MoonService_wave_out
0165   6115 14          		inc	d   
0166   6116 CD 52 64    		call	MoonService_wave_in
0167   6119 6F          		ld	l,a
0168   611A CD 52 64    		call	MoonService_wave_in
0169   611D             
0170   611D FE 55       		cp	55h				;·‡†¢≠®¨ Á‚Æ Ø‡ÆÁ®‚†´®	
0171   611F 20 09       		jr	nz, MoonService_chip_2
0172   6121 7D          		ld	a,l
0173   6122 FE AA       		cp	0AAh				;·‡†¢≠®¨ Á‚Æ Ø‡ÆÁ®‚†´®	
0174   6124 20 04       		jr	nz, MoonService_chip_2
0175   6126 3E 02       		ld	a,2
0176   6128 B1          		or	c
0177   6129 4F          		ld	c,a
0178   612A             MoonService_chip_2: 
0179   612A 79          		ld	a,c
0180   612B 32 DC 88    		ld	(MoonService_dev_mem),a
0181   612E 21 DF 68    		ld	hl,MoonService_mem_none	
0182   6131 A7          		and	a
0183   6132 28 0A       		jr	z,MoonService_chip_3
0184   6134 21 EA 68    		ld	hl,MoonService_mem_1024
0185   6137 FE 03       		cp	3
0186   6139 28 03       		jr	z,MoonService_chip_3
0187   613B 21 E4 68    		ld	hl,MoonService_mem_512
0188   613E             MoonService_chip_3: 
0189   613E CD 51 67    		call	VideoDRV_print_string
0190   6141 11 10 02    		ld	de, 0210h			;ß†™‡Î¢†•¨ §Æ·‚„Ø ™ éáì ™†‡‚Î
0191   6144 C3 49 64    		jp	MoonService_wave_out
0192   6147             ;-------------------------------------------------------------------
0193   6147             ; ÆØ®·†≠®•: ÇÎ¢Æ§ ·ÆÆ°È•≠®Ô Æ° Æ‚·„‚·‚¢®® ™†‡‚Î 
0194   6147             ; Ø†‡†¨•‚‡Î: ≠•‚                                
0195   6147             ; ¢Æß¢‡†È†•¨Æ•  ß≠†Á•≠®•: ≠•‚
0196   6147             ;---------------------------------------------------------------------
0197   6147             MoonService_card_not_found: 
0198   6147 DD 21 13 69 		ld	ix,MoonService_window_message    ;†§‡•· Æ™≠† 
0199   614B CD 7C 65    		call	VideoDRV_create_window       	;·Æß§†§®¨ ‚•™„È•• Æ™≠Æ
0200   614E             
0201   614E 21 9C 68    		ld	hl, aErrorSndNotFound          
0202   6151 CD 51 67    		call	VideoDRV_print_string        	;¢Î¢•§•¨ ·ÆÆ°È•≠®•
0203   6154             
0204   6154 CD 60 64    		call	MoonService_press_anykey         ;¶§•¨ ≠†¶†‚®Ô ´Ó°Æ© ™´†¢®Ë®
0205   6157 C3 79 62    		jp	MoonService_exit
0206   615A             ;-------------------------------------------------------------------
0207   615A             ; ÆØ®·†≠®•: ÇÎ¢Æ§ ·ÆÆ°È•≠®Ô Æ° Æ‚·„‚·‚¢®® Ø†¨Ô‚® éáì
0208   615A             ; Ø†‡†¨•‚‡Î: ≠•‚                                
0209   615A             ; ¢Æß¢‡†È†•¨Æ•  ß≠†Á•≠®•: ≠•‚
0210   615A             ;---------------------------------------------------------------------
0211   615A             MoonService_ram_not_found: 
0212   615A DD 21 13 69 		ld	ix,MoonService_window_message    ;†§‡•· Æ™≠† 
0213   615E CD 7C 65    		call	VideoDRV_create_window       ;·Æß§†§®¨ ‚•™„È•• Æ™≠Æ
0214   6161             
0215   6161 21 B9 68    		ld	hl, aErrorRamNotFound          
0216   6164 CD 51 67    		call	VideoDRV_print_string        ;¢Î¢•§•¨ ·ÆÆ°È•≠®•
0217   6167             
0218   6167 CD 60 64    		call	MoonService_press_anykey        ;¶§•¨ ≠†¶†‚®Ô ´Ó°Æ© ™´†¢®Ë®
0219   616A C3 00 60    		jp	MoonService_Start
0220   616D             ;-------------------------------------------------------------------
0221   616D             ; ÆØ®·†≠®•: é°‡†°Æ‚Á®™ Ø„≠™‚Æ¢ ¨•≠Ó
0222   616D             ; Ø†‡†¨•‚‡Î: ≠•‚                    
0223   616D             ; ¢Æß¢‡†È†•¨Æ•  ß≠†Á•≠®•: ≠•‚
0224   616D             ;---------------------------------------------------------------------
0225   616D             MoonService_menu_execute: 
0226   616D DD 7E 12    		ld	a, (ix + 12h)
0227   6170 A7          		and	a
0228   6171 28 0B       		jr	z, MoonService_test_ram
0229   6173 3D          		dec	a
0230   6174 CA 94 6B    		jp	z, MoonService_test_rom
0231   6177 3D          		dec	a
0232   6178 CA BA 6F    		jp	z, MoonService_update_flash
0233   617B C3 79 62    		jp	MoonService_exit
0234   617E             ;-------------------------------------------------------------------
0235   617E             ; ÆØ®·†≠®•: è‡ÆÊ•·· ‚•·‚®‡Æ¢†≠®Ô éáì
0236   617E             ; Ø†‡†¨•‚‡Î: ≠•‚
0237   617E             ; ¢Æß¢‡†È†•¨Æ•  ß≠†Á•≠®•: ≠•‚
0238   617E             ;---------------------------------------------------------------------
0239   617E             MoonService_test_ram: 
0240   617E 3A DC 88    		ld	a,(MoonService_dev_mem)		;Ø‡Æ¢•‡®¨ ≠†´®Á®• °†≠™Æ¢ Ø†¨Ô‚®
0241   6181 A7          		and	a
0242   6182 CA 5A 61    		jp 	z,MoonService_ram_not_found
0243   6185             
0244   6185 DD 21 E2 6A 		ld	ix, MoonService_window_hram     ;Æ™≠Æ ·Ø‡†¢™®
0245   6189 CD 7C 65    		call	VideoDRV_create_window
0246   618C             
0247   618C DD 21 56 6A 		ld	ix, MoonService_window_tram     ;·Æß§†§®¨ Æ™≠Æ ‚•·‚†
0248   6190 CD 7C 65    		call	VideoDRV_create_window
0249   6193 AF          		xor	a
0250   6194             MoonService_test_ram_00: 
0251   6194 32 DD 88    		ld	(MoonService_check_byte),a
0252   6197             
0253   6197 3A DC 88    		ld	a,(MoonService_dev_mem)		;Ø‡Æ¢•‡®¨ ≠†´®Á®• °†≠™† 0
0254   619A E6 01       		and	1
0255   619C CA E9 61    		jp 	z,MoonService_test_ram_12
0256   619F             
0257   619F 21 30 10    		ld	hl,1030h
0258   61A2 01 00 00    		ld	bc,0000h			;B - ≠Æ¨•‡ °†≠™†, ë - ≠Æ¨•‡ ·•£¨•≠‚†
0259   61A5 16 08       		ld	d,8				;Á®·´Æ ·•£¨•≠‚Æ¢-·‚Æ´°ÊÆ¢
0260   61A7             MoonService_test_ram_0: 
0261   61A7 22 CA 80    		ld	(MoonService_text_tpos + 1),hl
0262   61AA             
0263   61AA CD 7A 63    		call	MoonService_check_segment	;Ø‡Æ¢•‡™† Æ§≠Æ£Æ ·•£¨•≠‚†
0264   61AD 3E 0F       		ld	a,0fh                           ;·•£¨•≠‚ ®·Ø‡†¢•≠
0265   61AF 28 02       		jr      z,MoonService_test_ram_01
0266   61B1 3E 0A       		ld	a,0ah				;·•£¨•≠‚ ≠•®·Ø‡†¢•≠
0267   61B3             MoonService_test_ram_01: 
0268   61B3 32 CD 80    		ld	(MoonService_text_tcol + 1),a
0269   61B6 0C          		inc	c				;„¢•´®Á®¨ ≠Æ¨•‡ ·•£¨•≠‚†
0270   61B7             
0271   61B7 C5          		push	bc
0272   61B8 21 C9 80    		ld	hl,MoonService_text_tpos
0273   61BB CD 51 67    		call	VideoDRV_print_string
0274   61BE C1          		pop	bc
0275   61BF             
0276   61BF 1E 03       		ld	e,3				;Á®·´Æ ·•£¨•≠‚Æ¢ ¢ ·‚‡Æ™•
0277   61C1             MoonService_test_ram_1: 
0278   61C1 CD 7A 63    		call	MoonService_check_segment	;Ø‡Æ¢•‡™† Æ§≠Æ£Æ ·•£¨•≠‚†
0279   61C4             
0280   61C4 3E 0F       		ld	a,0fh                           ;·•£¨•≠‚ ®·Ø‡†¢•≠
0281   61C6 28 02       		jr      z,MoonService_test_ram_11
0282   61C8 3E 0A       		ld	a,0ah				;·•£¨•≠‚ ≠•®·Ø‡†¢•≠
0283   61CA             MoonService_test_ram_11: 
0284   61CA 32 CD 80    		ld	(MoonService_text_tcol + 1),a
0285   61CD 0C          		inc	c				;„¢•´®Á®¨ ≠Æ¨•‡ ·•£¨•≠‚†
0286   61CE             
0287   61CE C5          		push	bc
0288   61CF 21 CC 80    		ld	hl,MoonService_text_tcol ;seg
0289   61D2 CD 51 67    		call	VideoDRV_print_string
0290   61D5 C1          		pop	bc
0291   61D6             
0292   61D6 CD 71 64    		call	MoonService_check_anykey
0293   61D9 C2 76 62    		jp	nz,MoonService_test_ram_5
0294   61DC             		
0295   61DC 1D          		dec	e
0296   61DD 20 E2       		jr	nz,MoonService_test_ram_1
0297   61DF             
0298   61DF 2A CA 80    		ld	hl,(MoonService_text_tpos + 1)
0299   61E2 7D          		ld	a,l
0300   61E3 C6 08       		add	a,8
0301   61E5 6F          		ld	l,a
0302   61E6 15          		dec	d
0303   61E7 20 BE       		jr	nz,MoonService_test_ram_0
0304   61E9             
0305   61E9             MoonService_test_ram_12: 
0306   61E9 3A DC 88    		ld	a,(MoonService_dev_mem)		;Ø‡Æ¢•‡®¨ ≠†´®Á®• °†≠™† 1
0307   61EC E6 02       		and	2
0308   61EE CA 3A 62    		jp 	z,MoonService_test_ram_32
0309   61F1             
0310   61F1 21 30 87    		ld	hl,8730h
0311   61F4 01 00 01    		ld	bc,0100h			;B - ≠Æ¨•‡ °†≠™†, ë - ≠Æ¨•‡ ·•£¨•≠‚†
0312   61F7 16 08       		ld	d,8				;Á®·´Æ ·•£¨•≠‚Æ¢-·‚Æ´°ÊÆ¢
0313   61F9             MoonService_test_ram_2: 
0314   61F9 22 CA 80    		ld	(MoonService_text_tpos + 1),hl
0315   61FC             
0316   61FC CD 7A 63    		call	MoonService_check_segment	;Ø‡Æ¢•‡™† Æ§≠Æ£Æ ·•£¨•≠‚†
0317   61FF 3E 0F       		ld	a,0fh                           ;·•£¨•≠‚ ®·Ø‡†¢•≠
0318   6201 28 02       		jr      z,MoonService_test_ram_21
0319   6203 3E 0A       		ld	a,0ah				;·•£¨•≠‚ ≠•®·Ø‡†¢•≠
0320   6205             MoonService_test_ram_21: 
0321   6205 32 CD 80    		ld	(MoonService_text_tcol + 1),a
0322   6208 0C          		inc	c				;„¢•´®Á®¨ ≠Æ¨•‡ ·•£¨•≠‚†
0323   6209             
0324   6209 C5          		push	bc
0325   620A 21 C9 80    		ld	hl,MoonService_text_tpos
0326   620D CD 51 67    		call	VideoDRV_print_string
0327   6210 C1          		pop	bc
0328   6211             
0329   6211 1E 03       		ld	e,3				;Á®·´Æ ·•£¨•≠‚Æ¢ ¢ ·‚‡Æ™•
0330   6213             MoonService_test_ram_3: 
0331   6213 CD 7A 63    		call	MoonService_check_segment	;Ø‡Æ¢•‡™† Æ§≠Æ£Æ ·•£¨•≠‚†
0332   6216 3E 0F       		ld	a,0fh                           ;·•£¨•≠‚ ®·Ø‡†¢•≠
0333   6218 28 02       		jr      z,MoonService_test_ram_31
0334   621A 3E 0A       		ld	a,0ah				;·•£¨•≠‚ ≠•®·Ø‡†¢•≠
0335   621C             MoonService_test_ram_31: 
0336   621C 32 CD 80    		ld	(MoonService_text_tcol + 1),a
0337   621F 0C          		inc	c				;„¢•´®Á®¨ ≠Æ¨•‡ ·•£¨•≠‚†
0338   6220             
0339   6220 C5          		push	bc
0340   6221 21 CE 80    		ld	hl,MoonService_text_tseg
0341   6224 CD 51 67    		call	VideoDRV_print_string
0342   6227 C1          		pop	bc
0343   6228             
0344   6228 CD 71 64    		call	MoonService_check_anykey
0345   622B 20 49       		jr	nz,MoonService_test_ram_5
0346   622D             
0347   622D 1D          		dec	e
0348   622E 20 E3       		jr	nz,MoonService_test_ram_3
0349   6230             
0350   6230 2A CA 80    		ld	hl,(MoonService_text_tpos + 1)
0351   6233 7D          		ld	a,l
0352   6234 C6 08       		add	a,8
0353   6236 6F          		ld	l,a
0354   6237 15          		dec	d
0355   6238 20 BF       		jr	nz,MoonService_test_ram_2
0356   623A             
0357   623A             MoonService_test_ram_32: 		
0358   623A 21 00 40    		ld	hl,4000h			;Ø†„ß† ¨•¶§„ ‚•·‚†¨®
0359   623D             MoonService_test_ram_33: 		
0360   623D 2B          		dec	hl
0361   623E 7D          		ld	a,l
0362   623F B4          		or	h
0363   6240 20 FB       		jr	nz,MoonService_test_ram_33
0364   6242             		
0365   6242 3E 0F       		ld	a,0fh
0366   6244 32 D8 80    		ld	(MoonService_text_col + 1),a
0367   6247 21 D7 80    		ld	hl,MoonService_text_col
0368   624A CD 51 67    		call	VideoDRV_print_string
0369   624D             	
0370   624D 21 30 10    		ld	hl,1030h
0371   6250 16 08       		ld	d,8
0372   6252             MoonService_test_ram_4: 		
0373   6252 22 D4 80    		ld	(MoonService_text_pos + 1),hl
0374   6255 21 D3 80    		ld	hl,MoonService_text_pos
0375   6258 CD 51 67    		call	VideoDRV_print_string
0376   625B 1E 24       		ld	e,24h
0377   625D             MoonService_test_ram_41: 
0378   625D 3E 20                       ld	a,20h
0379   625F CD 6D 67    		call	VideoDRV_print_char
0380   6262 1D          		dec	e
0381   6263 20 F8       		jr	nz,MoonService_test_ram_41	
0382   6265             
0383   6265 2A D4 80    		ld	hl,(MoonService_text_pos + 1)
0384   6268 7D          		ld	a,l
0385   6269 C6 08       		add	a,8
0386   626B 6F          		ld	l,a
0387   626C 15          		dec	d
0388   626D 20 E3       		jr	nz,MoonService_test_ram_4
0389   626F             
0390   626F 3A DD 88    		ld	a,(MoonService_check_byte)
0391   6272 3C          		inc	a
0392   6273 C3 94 61    		jp	MoonService_test_ram_00
0393   6276             		
0394   6276             MoonService_test_ram_5: 
0395   6276 C3 00 60    		jp	MoonService_Start
0396   6279             ;-------------------------------------------------------------------
0397   6279             ; ÆØ®·†≠®•: ÇÎÂÆ§ ®ß Ø‡Æ£‡†¨¨Î ¢ TR-DOS
0398   6279             ; Ø†‡†¨•‚‡Î: ≠•‚
0399   6279             ; ¢Æß¢‡†È†•¨Æ•  ß≠†Á•≠®•: ≠•‚
0400   6279             ;---------------------------------------------------------------------
0401   6279             MoonService_exit: 
0402   6279 21 00 00    		ld	hl, 0
0403   627C E5          		push	hl
0404   627D C3 2F 3D    		jp	3D2Fh
0405   6280             ;-------------------------------------------------------------------
0406   6280             ; ÆØ®·†≠®•: é°‡†°Æ‚™† ·Æ°Î‚®© ¨•≠Ó
0407   6280             ; Ø†‡†¨•‚‡Î: ≠•‚
0408   6280             ; ¢Æß¢‡†È†•¨Æ•  ß≠†Á•≠®•: ≠•‚
0409   6280             ;---------------------------------------------------------------------
0410   6280             MoonService_key_pressed: 
0411   6280 DD 4E 12    		ld	c, (ix + 12h)
0412   6283 DD 46 13    		ld	b, (ix + 13h)
0413   6286 CD 53 63    		call	sub_0_626B			;Æ‚‡®·Æ¢™† ™„‡·Æ‡†
0414   6289 FD CB 37 DE 		set	3, (iy + 37h)
0415   628D             loc_0_61A5: 
0416   628D FD CB 37 5E 		bit	3, (iy + 37h)
0417   6291 28 04       		jr	z, loc_0_61AF
0418   6293 FD CB 37 9E 		res	3, (iy + 37h)
0419   6297             loc_0_61AF: 
0420   6297 FB          		ei	
0421   6298 76          		halt	
0422   6299 F3          		di	
0423   629A FD CB 01 6E 		bit	5, (iy + 1)
0424   629E 28 ED       		jr	z, loc_0_61A5
0425   62A0 FD 7E CE    		ld	a, (iy - 32h)
0426   62A3 FD CB 01 AE 		res	5, (iy + 1)
0427   62A7 FE 0A       		cp	0Ah				;≠†¶†´® ™≠ÆØ™„ - ë‚‡•´™† ¢≠®ß
0428   62A9 20 09       		jr	nz, loc_0_61CC                  ;≠•‚, ‚Æ£§† ≠† Æ°‡†°Æ‚™„ §‡„£Æ© ™≠ÆØ™®
0429   62AB CD D4 62    		call	MoonService_key_down
0430   62AE FD CB 37 DE 		set	3, (iy + 37h)
0431   62B2 18 E3       		jr	loc_0_61AF
0432   62B4             loc_0_61CC: 
0433   62B4 FE 0B       		cp	0Bh                              ;≠†¶†´® ™≠ÆØ™„ - ë‚‡•´™† ¢¢•‡Â
0434   62B6 20 09       		jr	nz, loc_0_61D9                   ;≠•‚, ‚Æ£§† ≠† Æ°‡†°Æ‚™„ §‡„£Æ© ™≠ÆØ™®
0435   62B8 CD 1C 63    		call	MoonService_key_up
0436   62BB FD CB 37 DE 		set	3, (iy + 37h)
0437   62BF 18 D6       		jr	loc_0_61AF
0438   62C1             loc_0_61D9: 
0439   62C1 FD CB 30 BE 		res	7, (iy + 30h)
0440   62C5 DD 71 12    		ld	(ix + 12h), c
0441   62C8 DD 70 13    		ld	(ix + 13h), b
0442   62CB F5          		push	af
0443   62CC DD 7E 04    		ld	a, (ix + 4)
0444   62CF CD 6B 63    		call	sub_0_6283
0445   62D2 F1          		pop	af
0446   62D3 C9          		ret	
0447   62D4             ;-------------------------------------------------------------------
0448   62D4             ; ÆØ®·†≠®•: é°‡†°Æ‚™† ·Æ°Î‚®© ¨•≠Ó
0449   62D4             ; Ø†‡†¨•‚‡Î: ≠•‚
0450   62D4             ; ¢Æß¢‡†È†•¨Æ•  ß≠†Á•≠®•: ≠•‚
0451   62D4             ;---------------------------------------------------------------------
0452   62D4             MoonService_key_down: 
0453   62D4 DD 6E 10    		ld	l, (ix + 10h)
0454   62D7 DD 66 11    		ld	h, (ix + 11h)
0455   62DA 7C          		ld	a, h
0456   62DB B5          		or	l
0457   62DC C8          		ret	z
0458   62DD 37          		scf	
0459   62DE ED 42       		sbc	hl, bc
0460   62E0 C8          		ret	z
0461   62E1 03          		inc	bc
0462   62E2 DD 7E 02    		ld	a, (ix + 2)
0463   62E5 D6 03       		sub	3
0464   62E7 DD BE 0F    		cp	(ix + 0Fh)
0465   62EA 28 16       		jr	z, loc_0_621A
0466   62EC DD 34 0F    		inc	(ix + 0Fh)
0467   62EF DD 7E 04    		ld	a, (ix + 4)
0468   62F2 CD 6B 63    		call	sub_0_6283
0469   62F5 11 20 00    		ld	de, 20h	; ' '
0470   62F8 19          		add	hl, de
0471   62F9 22 6D 63    		ld	(loc_0_6284+1),	hl
0472   62FC DD 7E 05    		ld	a, (ix + 5)
0473   62FF C3 6B 63    		jp	sub_0_6283
0474   6302             loc_0_621A: 
0475   6302 DD 7E 00    		ld	a, (ix + 0)
0476   6305 87          		add	a, a
0477   6306 87          		add	a, a
0478   6307 87          		add	a, a
0479   6308 3C          		inc	a
0480   6309 67          		ld	h, a
0481   630A DD 7E 01    		ld	a, (ix + 1)
0482   630D DD 86 02    		add	a, (ix + 2)
0483   6310 D6 02       		sub	2
0484   6312 87          		add	a, a
0485   6313 87          		add	a, a
0486   6314 87          		add	a, a
0487   6315 6F          		ld	l, a
0488   6316 22 E9 67    		ld	(VideoDRV_address_screen + 1),hl
0489   6319 C3 2D 66    		jp	loc_0_7110
0490   631C             ;-------------------------------------------------------------------
0491   631C             ; ÆØ®·†≠®•: ë‚‡•´™† ¢¢•‡x
0492   631C             ; Ø†‡†¨•‚‡Î: ≠•‚
0493   631C             ; ¢Æß¢‡†È†•¨Æ•  ß≠†Á•≠®•: ≠•‚
0494   631C             ;---------------------------------------------------------------------
0495   631C             MoonService_key_up: 
0496   631C 78          		ld	a, b
0497   631D B1          		or	c
0498   631E C8          		ret	z
0499   631F 0B          		dec	bc
0500   6320 DD 7E 0F    		ld	a, (ix + 0Fh)
0501   6323 A7          		and	a
0502   6324 28 17       		jr	z, loc_0_6255
0503   6326 DD 35 0F    		dec	(ix + 0Fh)
0504   6329 DD 7E 04    		ld	a, (ix + 4)
0505   632C CD 6B 63    		call	sub_0_6283
0506   632F A7          		and	a
0507   6330 11 20 00    		ld	de, 20h	; ' '
0508   6333 ED 52       		sbc	hl, de
0509   6335 22 6D 63    		ld	(loc_0_6284+1),	hl
0510   6338 DD 7E 05    		ld	a, (ix + 5)
0511   633B 18 2E       		jr	sub_0_6283
0512   633D             
0513   633D             loc_0_6255: 
0514   633D DD 7E 00    		ld	a, (ix + 0)
0515   6340 87          		add	a, a
0516   6341 87          		add	a, a
0517   6342 87          		add	a, a
0518   6343 3C          		inc	a
0519   6344 67          		ld	h, a
0520   6345 DD 7E 01    		ld	a, (ix + 1)
0521   6348 3C          		inc	a
0522   6349 87          		add	a, a
0523   634A 87          		add	a, a
0524   634B 87          		add	a, a
0525   634C 6F          		ld	l, a
0526   634D 22 E9 67    		ld	(VideoDRV_address_screen + 1),hl
0527   6350 C3 55 66    		jp	loc_0_7138
0528   6353             
0529   6353             sub_0_626B: 
0530   6353 D5          		push	de
0531   6354 DD 66 00    		ld	h, (ix + 0)     		;ØÆß®Ê®Ô ØÆ X
0532   6357 DD 6E 01    		ld	l, (ix + 1)                     ;ØÆß®Ê®Ô ØÆ Y
0533   635A DD 7E 0F    		ld	a, (ix + 0Fh)			;Á®·´Æ Ø„≠™‚Æ¢ ¨•≠Ó
0534   635D 85          		add	a, l
0535   635E 6F          		ld	l, a
0536   635F 2C          		inc	l
0537   6360 CD 31 67    		call	sub_0_7214
0538   6363 EB          		ex	de, hl
0539   6364 22 6D 63    		ld	(loc_0_6284 + 1),hl
0540   6367 DD 7E 05    		ld	a, (ix + 5)
0541   636A D1          		pop	de
0542   636B             sub_0_6283: 
0543   636B C5          		push	bc
0544   636C             loc_0_6284: 
0545   636C 21 00 00    		ld	hl, 0
0546   636F E5          		push	hl
0547   6370 DD 46 03    		ld	b, (ix + 3)
0548   6373             loc_0_628B: 
0549   6373 77          		ld	(hl), a
0550   6374 23          		inc	hl
0551   6375 10 FC       		djnz	loc_0_628B
0552   6377 E1          		pop	hl
0553   6378 C1          		pop	bc
0554   6379 C9          		ret	
0555   637A             ;-------------------------------------------------------------------
0556   637A             ; ÆØ®·†≠®•: è‡Æ¢•‡™† Æ§≠Æ£Æ ·•£¨•≠‚† RAM
0557   637A             ; Ø†‡†¨•‚‡Î: B - ≠Æ¨•‡ °†≠™†
0558   637A             ;	     C - ≠Æ¨•‡ ·•£¨•≠‚† ØÆ 16ä°
0559   637A             ; ¢Æß¢‡†È†•¨Æ•  ß≠†Á•≠®•: Z = 1 ®·Ø‡†¢•≠, Z = 0 ≠•®·Ø‡†¢•≠
0560   637A             ;---------------------------------------------------------------------
0561   637A             MoonService_check_segment: 
0562   637A E5          		push	hl
0563   637B D5          		push	de
0564   637C C5          		push	bc
0565   637D 11 11 02    		ld	de,0211h			;ß†Ø®·Ï ¢ RAM
0566   6380 CD 49 64    		call	MoonService_wave_out
0567   6383             
0568   6383 79          		ld	a,c
0569   6384 87          		add	a,a
0570   6385 87          		add	a,a
0571   6386 0F          		rrca
0572   6387 0F          		rrca
0573   6388 0F          		rrca
0574   6389 0F          		rrca
0575   638A 6F          		ld	l,a
0576   638B E6 0F       		and	0Fh
0577   638D 67          		ld	h,a
0578   638E 7D          		ld	a,l
0579   638F E6 F0       		and	0F0h
0580   6391 6F          		ld	l,a
0581   6392             
0582   6392 78          		ld	a,b
0583   6393 1E 20       		ld	e,20h
0584   6395 A7          		and	a
0585   6396 28 02       		jr	z,MoonService_check_segment_0
0586   6398 1E 28       		ld	e,28h
0587   639A             
0588   639A             MoonService_check_segment_0: 
0589   639A 7B          		ld	a,e
0590   639B B4          		or	h
0591   639C 5F          		ld	e,a
0592   639D 14          		inc	d
0593   639E CD 49 64    		call	MoonService_wave_out
0594   63A1             
0595   63A1 5D          		ld	e,l
0596   63A2 14          		inc	d
0597   63A3 CD 49 64    		call	MoonService_wave_out
0598   63A6 11 00 05    		ld	de,0500h
0599   63A9 CD 49 64    		call	MoonService_wave_out
0600   63AC 14          		inc	d
0601   63AD             
0602   63AD 21 00 40    		ld	hl,4000h
0603   63B0 3A DD 88    		ld	a,(MoonService_check_byte)
0604   63B3 5F          		ld	e,a
0605   63B4             
0606   63B4             MoonService_check_segment_1: 
0607   63B4 CD 49 64    		call	MoonService_wave_out
0608   63B7 CD 5A 64    		call	MoonService_busy
0609   63BA 1C          		inc	e
0610   63BB             
0611   63BB 2B          		dec	hl
0612   63BC 7D          		ld	a,l
0613   63BD B4          		or	h
0614   63BE 20 F4       		jr	nz,MoonService_check_segment_1		
0615   63C0 C1          		pop	bc			
0616   63C1             
0617   63C1 C5          		push	bc
0618   63C2 11 11 02    		ld	de,0211h			;Á‚•≠®• ®ß RAM 
0619   63C5 CD 49 64    		call	MoonService_wave_out
0620   63C8             
0621   63C8 79          		ld	a,c
0622   63C9 87          		add	a,a
0623   63CA 87          		add	a,a
0624   63CB 0F          		rrca
0625   63CC 0F          		rrca
0626   63CD 0F          		rrca
0627   63CE 0F          		rrca
0628   63CF 6F          		ld	l,a
0629   63D0 E6 0F       		and	0Fh
0630   63D2 67          		ld	h,a
0631   63D3 7D          		ld	a,l
0632   63D4 E6 F0       		and	0F0h
0633   63D6 6F          		ld	l,a
0634   63D7             
0635   63D7 78          		ld	a,b
0636   63D8 1E 20       		ld	e,20h
0637   63DA A7          		and	a
0638   63DB 28 02       		jr	z,MoonService_check_segment_3
0639   63DD 1E 28       		ld	e,28h
0640   63DF             
0641   63DF             MoonService_check_segment_3: 
0642   63DF 7B          		ld	a,e
0643   63E0 B4          		or	h
0644   63E1 5F          		ld	e,a
0645   63E2 14          		inc	d
0646   63E3 CD 49 64    		call	MoonService_wave_out
0647   63E6             
0648   63E6 5D          		ld	e,l
0649   63E7 14          		inc	d
0650   63E8 CD 49 64    		call	MoonService_wave_out
0651   63EB 11 00 05    		ld	de,0500h
0652   63EE CD 49 64    		call	MoonService_wave_out
0653   63F1 14          		inc	d
0654   63F2             
0655   63F2 21 00 40    		ld	hl,4000h
0656   63F5 3A DD 88    		ld	a,(MoonService_check_byte)
0657   63F8 5F          		ld	e,a
0658   63F9             
0659   63F9             MoonService_check_segment_4: 
0660   63F9 CD 52 64    		call	MoonService_wave_in
0661   63FC BB          		cp	e
0662   63FD 20 06       		jr	nz,MoonService_check_segment_5
0663   63FF             
0664   63FF 1C          		inc	e
0665   6400 2B          		dec	hl
0666   6401 7D          		ld	a,l
0667   6402 B4          		or	h
0668   6403 20 F4       		jr	nz,MoonService_check_segment_4
0669   6405             
0670   6405             MoonService_check_segment_5: 
0671   6405 11 10 02    		ld	de,0210h			;é‚™´ÓÁ†•¨ §Æ·‚„Ø ™ RAM
0672   6408 CD 49 64    		call	MoonService_wave_out
0673   640B C1          		pop	bc					
0674   640C D1          		pop	de
0675   640D E1          		pop	hl
0676   640E C9          		ret	
0677   640F             ;-------------------------------------------------------------------
0678   640F             ; ÆØ®·†≠®•: à≠®Ê®†´®ß†Ê®Ô ™†‡‚Î ZXM-MoonSound
0679   640F             ; Ø†‡†¨•‚‡Î: ≠•‚
0680   640F             ; ¢Æß¢‡†È†•¨Æ•  ß≠†Á•≠®•: A - 0 ≠•‚ ÆË®°Æ™, ®≠†Á• ÆË®°™†
0681   640F             ;---------------------------------------------------------------------
0682   640F             MoonService_init_card: 
0683   640F             
0684   640F DB C4       		in	a,(MOON_STAT)                       ;Ø‡Æ¢•‡Ô•¨ ≠†´®Á®• ™†‡‚Î
0685   6411 FE FF       		cp	0FFh
0686   6413 20 01       		jr	nz,MoonService_init_0
0687   6415 C9          		ret	
0688   6416             
0689   6416             MoonService_init_0: 
0690   6416 11 00 04    		ld	de, 0400h 
0691   6419 CD 40 64    		call	MoonService_fm2_out
0692   641C 11 03 05    		ld	de, 0503h			; set 1 to NEW2, NEW
0693   641F CD 40 64    		call	MoonService_fm2_out
0694   6422 11 00 BD    		ld	de, 0bd00h			; RHYTHM
0695   6425 CD 37 64    		call	MoonService_fm1_out
0696   6428 11 10 02    		ld	de, 0210h			; Set WaveTable header
0697   642B CD 49 64    		call	MoonService_wave_out
0698   642E             		
0699   642E DB 7F       		in	a,(MOON_WDAT)			;ØÆ´„Á®¨ ID §•¢†©·†
0700   6430 E6 E0       		and	0E0h
0701   6432 32 DB 88    		ld	(MoonService_dev_id),a
0702   6435 AF          		xor	a
0703   6436 C9          		ret	
0704   6437             ;-------------------------------------------------------------------
0705   6437             ; ÆØ®·†≠®•: á†Ø®·Ï ¢ ‡•£®·‚‡Î fm1
0706   6437             ; Ø†‡†¨•‚‡Î: D = †§‡•· ‡•£®·‚‡† 
0707   6437             ;	     E = §†≠≠Î•
0708   6437             ; ¢Æß¢‡†È†•¨Æ•  ß≠†Á•≠®•: ≠•‚
0709   6437             ;-------------------------------------------------------------------
0710   6437             MoonService_fm1_out: 
0711   6437 7A          		ld	a, d
0712   6438 D3 C4       		out	(MOON_REG1), a
0713   643A             
0714   643A 00          		nop
0715   643B 00          		nop
0716   643C             		
0717   643C 7B          		ld	a, e
0718   643D D3 C5       		out	(MOON_DAT1), a
0719   643F C9          		ret
0720   6440             ;-------------------------------------------------------------------
0721   6440             ; ÆØ®·†≠®•: á†Ø®·Ï ¢ ‡•£®·‚‡Î fm2
0722   6440             ; Ø†‡†¨•‚‡Î: D = †§‡•· ‡•£®·‚‡† 
0723   6440             ;	     E = §†≠≠Î•
0724   6440             ; ¢Æß¢‡†È†•¨Æ•  ß≠†Á•≠®•: ≠•‚
0725   6440             ;-------------------------------------------------------------------
0726   6440             MoonService_fm2_out: 
0727   6440 7A          		ld	a,d
0728   6441 D3 C6       		out	(MOON_REG2), a
0729   6443             
0730   6443 00          		nop
0731   6444 00          		nop
0732   6445             	
0733   6445 7B          		ld	a,e
0734   6446 D3 C7       		out	(MOON_DAT2), a
0735   6448 C9          		ret
0736   6449             ;-------------------------------------------------------------------
0737   6449             ; ÆØ®·†≠®•: á†Ø®·Ï ¢ ‡•£®·‚‡Î Wave
0738   6449             ; Ø†‡†¨•‚‡Î: D = †§‡•· ‡•£®·‚‡† 
0739   6449             ;	     E = §†≠≠Î•
0740   6449             ; ¢Æß¢‡†È†•¨Æ•  ß≠†Á•≠®•: ≠•‚
0741   6449             ;-------------------------------------------------------------------
0742   6449             MoonService_wave_out: 
0743   6449 7A          		ld	a, d
0744   644A D3 7E       		out	(MOON_WREG),a
0745   644C             		
0746   644C 00          		nop
0747   644D 00          		nop	
0748   644E             
0749   644E 7B          		ld	a, e
0750   644F D3 7F       		out	(MOON_WDAT),a
0751   6451 C9          		ret
0752   6452             ;-------------------------------------------------------------------
0753   6452             ; ÆØ®·†≠®•: ó‚•≠®• ®ß ‡•£®·‚‡† Wave
0754   6452             ; Ø†‡†¨•‚‡Î: D = †§‡•· ‡•£®·‚‡† 
0755   6452             ; ¢Æß¢‡†È†•¨Æ•  ß≠†Á•≠®•: Ä - §†≠≠Î•
0756   6452             ;-------------------------------------------------------------------
0757   6452             MoonService_wave_in: 
0758   6452 7A          		ld	a, d
0759   6453 D3 7E       		out	(MOON_WREG),a
0760   6455             
0761   6455 D5          		push	de				
0762   6456 D1          		pop	de				
0763   6457             
0764   6457 DB 7F       		in	a,(MOON_WDAT)
0765   6459 C9          		ret
0766   645A             ;-------------------------------------------------------------------
0767   645A             ; ÆØ®·†≠®•: é¶®§†≠®• £Æ‚Æ¢≠Æ·‚® ¨®™‡Æ·Â•¨Î
0768   645A             ; Ø†‡†¨•‚‡Î: ≠•‚
0769   645A             ; ¢Æß¢‡†È†•¨Æ•  ß≠†Á•≠®•: ≠•‚
0770   645A             ;-------------------------------------------------------------------
0771   645A             MoonService_busy: 
0772   645A DB C4       		in	a,(MOON_STAT)
0773   645C 1F          		rra
0774   645D 38 FB       		jr	c,MoonService_busy		
0775   645F C9          		ret
0776   6460             ;-------------------------------------------------------------------
0777   6460             ; ÆØ®·†≠®•: é¶®§†≠®• ≠†¶†‚®• ™´†¢®Ë®
0778   6460             ; Ø†‡†¨•‚‡Î: ≠•‚
0779   6460             ; ¢Æß¢‡†È†•¨Æ•  ß≠†Á•≠®•: ≠•‚
0780   6460             ;---------------------------------------------------------------------
0781   6460             MoonService_press_anykey: 
0782   6460 FB          		ei	
0783   6461 76          		halt	
0784   6462 F3          		di	
0785   6463 FD CB 01 6E 		bit	5, (iy + 1)
0786   6467 28 F7       		jr	z, MoonService_press_anykey
0787   6469 FD 7E CE    		ld	a, (iy - 32h)
0788   646C FD CB 01 AE 		res	5, (iy + 1)
0789   6470 C9          		ret	
0790   6471             ;-------------------------------------------------------------------
0791   6471             ; ÆØ®·†≠®•: è‡Æ¢•‡™† ≠†¶†‚®Ô ´Ó°Æ© ™´†¢®Ë®
0792   6471             ; Ø†‡†¨•‚‡Î: ≠•‚
0793   6471             ; ¢Æß¢‡†È†•¨Æ•  ß≠†Á•≠®•: ≠•‚
0794   6471             ;---------------------------------------------------------------------
0795   6471             MoonService_check_anykey: 
0796   6471 FB          		ei	
0797   6472 76          		halt	
0798   6473 F3          		di	
0799   6474 FD CB 01 6E 		bit	5, (iy + 1)
0800   6478 C8          		ret	z
0801   6479 FD CB 01 AE 		res	5, (iy + 1)
0802   647D C9          		ret	
0803   647E             ;-------------------------------------------------------------------
0804   647E             ; ÆØ®·†≠®•: ëÆß§†≠®• ¢ °„‰•‡• Ø†¨Ô‚® †§‡•·Æ¢ Ì™‡†≠†
0805   647E             ; Ø†‡†¨•‚‡Î: ≠•‚
0806   647E             ; ¢Æß¢‡†È†•¨Æ•  ß≠†Á•≠®•: ≠•‚
0807   647E             ;---------------------------------------------------------------------
0808   647E             VideoDRV_create_scraddr: 
0809   647E 06 18       		ld	b, 18h
0810   6480 11 00 40    		ld	de, 4000h
0811   6483 21 00 B8    		ld	hl, 0B800h
0812   6486             loc_0_6F59: 
0813   6486 0E 08       		ld	c, 8
0814   6488             loc_0_6F5B: 
0815   6488 73          		ld	(hl), e
0816   6489 23          		inc	hl
0817   648A 72          		ld	(hl), d
0818   648B 23          		inc	hl
0819   648C 14          		inc	d
0820   648D 0D          		dec	c
0821   648E 20 F8       		jr	nz, loc_0_6F5B
0822   6490 3E 20       		ld	a, 20h ; ' '
0823   6492 83          		add	a, e
0824   6493 5F          		ld	e, a
0825   6494 38 04       		jr	c, loc_0_6F6D
0826   6496 7A          		ld	a, d
0827   6497 D6 08       		sub	8
0828   6499 57          		ld	d, a
0829   649A             loc_0_6F6D: 
0830   649A 10 EA       		djnz	loc_0_6F59
0831   649C C9          		ret	
0832   649D             ;-------------------------------------------------------------------
0833   649D             ; ÆØ®·†≠®•: éÁ®·‚™† Ì™‡†≠† ® „·‚†≠Æ¢™† ß†§†≠≠Æ£Æ Ê¢•‚† †‚‡®°„‚† ® °Æ‡§•‡†
0834   649D             ; Ø†‡†¨•‚‡Î: A - †‚‡®°„‚ Ê¢•‚†
0835   649D             ; ¢Æß¢‡†È†•¨Æ•  ß≠†Á•≠®•: ≠•‚
0836   649D             ;---------------------------------------------------------------------
0837   649D             VideoDRV_clear_screen: 
0838   649D 21 00 40    		ld	hl, 4000h
0839   64A0 5D          		ld	e, l
0840   64A1 54          		ld	d, h
0841   64A2 75          		ld	(hl), l
0842   64A3 1C          		inc	e
0843   64A4 01 00 18    		ld	bc, 1800h
0844   64A7 ED B0       		ldir	
0845   64A9 32 8D 5C    		ld	(ATTR_P), a
0846   64AC 32 48 5C    		ld	(BORDCR), a
0847   64AF 21 00 58    		ld	hl, 5800h
0848   64B2 54          		ld	d, h
0849   64B3 5D          		ld	e, l
0850   64B4 77          		ld	(hl), a
0851   64B5 01 FF 02    		ld	bc, 2FFh
0852   64B8 1C          		inc	e
0853   64B9 ED B0       		ldir	
0854   64BB 0F          		rrca	
0855   64BC 0F          		rrca	
0856   64BD 0F          		rrca	
0857   64BE E6 07       		and	7
0858   64C0 D3 FE       		out	(0FEh),	a
0859   64C2 C9          		ret	
0860   64C3             
0861   64C3             sub_0_6FA9: 
0862   64C3 DD 7E 00    		ld	a, (ix + 0)
0863   64C6 DD 23       		inc	ix
0864   64C8 81          		add	a, c
0865   64C9 6F          		ld	l, a
0866   64CA DD 66 00    		ld	h, (ix + 0)
0867   64CD DD 23       		inc	ix
0868   64CF 54          		ld	d, h
0869   64D0 5D          		ld	e, l
0870   64D1 1C          		inc	e
0871   64D2 36 FF       		ld	(hl), 0FFh
0872   64D4 C5          		push	bc
0873   64D5 CD CD 66    		call	sub_0_71B0
0874   64D8 C1          		pop	bc
0875   64D9 10 E8       		djnz	sub_0_6FA9
0876   64DB C9          		ret	
0877   64DC             
0878   64DC             sub_0_6FC2: 
0879   64DC E5          		push	hl
0880   64DD C5          		push	bc
0881   64DE DD E5       		push	ix
0882   64E0 F5          		push	af
0883   64E1 3E 22       		ld	a, 22h ; '"'
0884   64E3 90          		sub	b
0885   64E4 87          		add	a, a
0886   64E5 32 CE 66    		ld	(sub_0_71B0+1),	a
0887   64E8 C5          		push	bc
0888   64E9 79          		ld	a, c
0889   64EA 07          		rlca	
0890   64EB 07          		rlca	
0891   64EC 07          		rlca	
0892   64ED 3D          		dec	a
0893   64EE 3D          		dec	a
0894   64EF 47          		ld	b, a
0895   64F0 DD 21 00 B8 		ld	ix, 0B800h
0896   64F4 EB          		ex	de, hl
0897   64F5 6A          		ld	l, d
0898   64F6 26 00       		ld	h, 0
0899   64F8 29          		add	hl, hl
0900   64F9 29          		add	hl, hl
0901   64FA 29          		add	hl, hl
0902   64FB 29          		add	hl, hl
0903   64FC EB          		ex	de, hl
0904   64FD DD 19       		add	ix, de
0905   64FF DD E5       		push	ix
0906   6501 4D          		ld	c, l
0907   6502             
0908   6502             loc_0_6FE8: 
0909   6502 DD 23       		inc	ix
0910   6504 DD 23       		inc	ix
0911   6506 DD 5E 00    		ld	e, (ix + 0)
0912   6509 DD 56 01    		ld	d, (ix + 1)
0913   650C 79          		ld	a, c
0914   650D 83          		add	a, e
0915   650E 5F          		ld	e, a
0916   650F EB          		ex	de, hl
0917   6510             
0918   6510             loc_0_6FF6: 
0919   6510 36 80       		ld	(hl), 80h ; 'Ä'
0920   6512 23          		inc	hl
0921   6513 36 00       		ld	(hl), 0
0922   6515 54          		ld	d, h
0923   6516 5D          		ld	e, l
0924   6517 1C          		inc	e
0925   6518 C5          		push	bc
0926   6519 CD CD 66    		call	sub_0_71B0
0927   651C C1          		pop	bc
0928   651D             
0929   651D             loc_0_7003: 
0930   651D 36 01       		ld	(hl), 1
0931   651F 10 E1       		djnz	loc_0_6FE8
0932   6521 DD 5E 00    		ld	e, (ix + 0)
0933   6524 DD 56 01    		ld	d, (ix + 1)
0934   6527 14          		inc	d
0935   6528 79          		ld	a, c
0936   6529 83          		add	a, e
0937   652A 5F          		ld	e, a
0938   652B EB          		ex	de, hl
0939   652C             
0940   652C             loc_0_7012: 
0941   652C 36 FF       		ld	(hl), 0FFh
0942   652E 54          		ld	d, h
0943   652F 5D          		ld	e, l
0944   6530 1C          		inc	e
0945   6531 C5          		push	bc
0946   6532 CD CD 66    		call	sub_0_71B0
0947   6535 ED A0       		ldi	
0948   6537 C1          		pop	bc
0949   6538 DD E1       		pop	ix
0950   653A DD 5E 00    		ld	e, (ix + 0)
0951   653D DD 56 01    		ld	d, (ix + 1)
0952   6540 79          		ld	a, c
0953   6541 83          		add	a, e
0954   6542 5F          		ld	e, a
0955   6543 EB          		ex	de, hl
0956   6544             
0957   6544             loc_0_702A: 
0958   6544 36 FF       		ld	(hl), 0FFh
0959   6546 54          		ld	d, h
0960   6547 5D          		ld	e, l
0961   6548 1C          		inc	e
0962   6549 C5          		push	bc
0963   654A CD CD 66    		call	sub_0_71B0
0964   654D ED A0       		ldi	
0965   654F C1          		pop	bc
0966   6550 DD 7E 00    		ld	a, (ix + 0)
0967   6553 81          		add	a, c
0968   6554 5F          		ld	e, a
0969   6555 DD 7E 01    		ld	a, (ix + 1)
0970   6558 1F          		rra	
0971   6559 1F          		rra	
0972   655A 1F          		rra	
0973   655B E6 0F       		and	0Fh
0974   655D F6 50       		or	50h ; 'P'
0975   655F 57          		ld	d, a
0976   6560 EB          		ex	de, hl
0977   6561 D1          		pop	de
0978   6562 43          		ld	b, e
0979   6563 F1          		pop	af
0980   6564             
0981   6564             loc_0_704A: 
0982   6564 E5          		push	hl
0983   6565 54          		ld	d, h
0984   6566 5D          		ld	e, l
0985   6567 1C          		inc	e
0986   6568 77          		ld	(hl), a
0987   6569 C5          		push	bc
0988   656A CD CD 66    		call	sub_0_71B0
0989   656D ED A0       		ldi	
0990   656F C1          		pop	bc
0991   6570 E1          		pop	hl
0992   6571 11 20 00    		ld	de, 20h	; ' '
0993   6574 19          		add	hl, de
0994   6575 10 ED       		djnz	loc_0_704A
0995   6577 DD E1       		pop	ix
0996   6579 C1          		pop	bc
0997   657A E1          		pop	hl
0998   657B C9          		ret	
0999   657C             ;-------------------------------------------------------------------
1000   657C             ; ÆØ®·†≠®•: ëÆß§†≠®• Æ™≠† ≠† Ì™‡†≠•
1001   657C             ; Ø†‡†¨•‚‡Î: IX - †§‡•· Ø†‡†¨•‚‡Æ¢ Æ™≠†
1002   657C             ; ¢Æß¢‡†È†•¨Æ•  ß≠†Á•≠®•: ≠•‚
1003   657C             ;---------------------------------------------------------------------
1004   657C             ;éèàëÄíÖãú éäçÄ (ÄÑêÖë Ç IX)
1005   657C             ;+00 X äééêÑàçÄíÄ
1006   657C             ;+01 Y äééêÑàçÄíÄ
1007   657C             ;+02 V ÇõëéíÄ
1008   657C             ;+03 H òàêàçÄ
1009   657C             ;+04 C ñÇÖí
1010   657C             ;+05 C ñÇÖí äìêëéêÄ
1011   657C             ;+06 F îãÄÉéÇõâ
1012   657C             ;+07 N çéåÖê èìçäíÄ Ç éäçÖ
1013   657C             ;  Åàí 7-0=ÅÄâíõ 8-9 íÖäìôàâ èìçäí åÖçû,
1014   657C             ;        1=ÅÄâíõ 8-9 ÄÑêÖë ïêÄçÖçàü
1015   657C             ;+08 | íÖäìôàâ
1016   657C             ;+09 | èìçäí åÖçû
1017   657C             ;+0A : äéãàóÖëíÇé
1018   657C             ;+0B : èìçäíéÇ åÖçû
1019   657C             ;+0C | ÄÑêÖë
1020   657C             ;+0D | íÖäëíÄ
1021   657C             ;+0E : ëèàëéä ÄÑêÖëéÇ
1022   657C             ;+0F : èéÑèêéÉêÄåå
1023   657C             ;+10 | ÄÑêÖë ëèàëäÄ ÄäíàÇçõï
1024   657C             ;+11 | áéç Ñãü åõòà
1025   657C             ;+12 : ÄÑêÖë ëèàëäÄ
1026   657C             ;+13 : Ééêüóàï äãÄÇàò
1027   657C             
1028   657C             ;îéêåÄí îãÄÉéÇéÉé ÅÄâíÄ éäçÄ
1029   657C             ;IX+6
1030   657C             ;7-0-çÖí, 1-Öëíú çàÜçàâ áÄÉéãéÇéä
1031   657C             ;6-0-ë êÄåäéâ,1-ÅÖá êÄåäà
1032   657C             ;5-0-çÖí, 1-Öëíú ÇÖêïçàâ áÄÉéãéÇéä
1033   657C             ;4-0-çÖí, 1-Öëíú íÖäëí
1034   657C             ;3
1035   657C             ;2-
1036   657C             ;1-
1037   657C             ;0-
1038   657C             ;---------------------------------------------------------------------
1039   657C             VideoDRV_create_window: 
1040   657C DD CB 08 76 		bit	6,(ix + 8)			;Ø‡Æ¢•‡®¨ ≠„¶≠Æ ‡®·Æ¢†‚Ï ‡†¨™„ ®´® ≠•‚
1041   6580 21 01 80    		ld	hl, 8001h
1042   6583 06 FF       		ld	b,0FFh
1043   6585 28 04       		jr	z,loc_0_7071
1044   6587 21 00 00    		ld	hl,0
1045   658A 45          		ld	b,l
1046   658B             loc_0_7071: 
1047   658B 7C          		ld	a, h
1048   658C 32 11 65    		ld	(loc_0_6FF6+1),	a
1049   658F 7D          		ld	a, l
1050   6590 32 1E 65    		ld	(loc_0_7003+1),	a
1051   6593 78          		ld	a, b
1052   6594 32 45 65    		ld	(loc_0_702A+1),	a
1053   6597 32 2D 65    		ld	(loc_0_7012+1),	a
1054   659A DD 6E 00    		ld	l, (ix + 0)     		;ØÆß®Ê®Ô ØÆ X
1055   659D DD 66 01    		ld	h, (ix + 1)                     ;ØÆß®Ê®Ô ØÆ Y
1056   65A0 DD 4E 02    		ld	c, (ix + 2)                     ;¢Î·Æ‚†
1057   65A3 DD 46 03    		ld	b, (ix + 3)                     ;Ë®‡®≠†
1058   65A6 DD 7E 04    		ld	a, (ix + 4)                     ;Ê¢•‚
1059   65A9 32 5A 68    		ld	(VideoDRV_colour_attr + 1),a
1060   65AC CD DC 64    		call	sub_0_6FC2			;‡®·„•¨ ‡†¨™„
1061   65AF             
1062   65AF DD CB 08 6E 		bit	5, (ix + 8)                     ;Ø‡Æ¢•‡Ô•¨ ≠†´®Á®• ¢•‡Â≠•£Æ ß†£Æ´Æ¢™†
1063   65B3 28 21       		jr	z, loc_0_70B9                   ;≠•‚ •£Æ - Ø‡ÆØ„·™†•¨
1064   65B5 21 CE 66    		ld	hl, sub_0_71B0+1
1065   65B8 35          		dec	(hl)
1066   65B9 35          		dec	(hl)
1067   65BA DD E5       		push	ix
1068   65BC DD 4E 00    		ld	c, (ix + 0)                     ;ØÆß®Ê®Ô ØÆ X
1069   65BF 06 08       		ld	b, 8
1070   65C1 DD 6E 01    		ld	l, (ix + 1)                     ;ØÆß®Ê®Ô ØÆ Y
1071   65C4 26 00       		ld	h, 0
1072   65C6 DD 21 00 B8 		ld	ix, 0B800h
1073   65CA 29          		add	hl, hl
1074   65CB 29          		add	hl, hl
1075   65CC 29          		add	hl, hl
1076   65CD 29          		add	hl, hl
1077   65CE EB          		ex	de, hl
1078   65CF DD 19       		add	ix, de
1079   65D1 CD C3 64    		call	sub_0_6FA9
1080   65D4 DD E1       		pop	ix
1081   65D6             loc_0_70B9: 
1082   65D6 DD CB 08 7E 		bit	7, (ix + 8)			;Ø‡Æ¢•‡Ô•¨ ≠†´®Á®• ≠®¶≠•£Æ ß†£Æ´Æ¢™†
1083   65DA 28 21       		jr	z, loc_0_70E0                   ;≠•‚ •£Æ - Ø‡ÆØ„·™†•¨
1084   65DC DD E5       		push	ix
1085   65DE DD 4E 00    		ld	c, (ix + 0)                     ;ØÆß®Ê®Ô ØÆ X
1086   65E1 06 08       		ld	b, 8
1087   65E3 DD 7E 01    		ld	a, (ix + 1)                     ;ØÆß®Ê®Ô ØÆ Y
1088   65E6 DD 86 02    		add	a, (ix + 2)                     ;¢Î·Æ‚†
1089   65E9 3D          		dec	a
1090   65EA 6F          		ld	l, a
1091   65EB 26 00       		ld	h, 0
1092   65ED 29          		add	hl, hl
1093   65EE 29          		add	hl, hl
1094   65EF 29          		add	hl, hl
1095   65F0 29          		add	hl, hl
1096   65F1 DD 21 00 B8 		ld	ix, 0B800h
1097   65F5 EB          		ex	de, hl
1098   65F6 DD 19       		add	ix, de
1099   65F8 CD C3 64    		call	sub_0_6FA9
1100   65FB DD E1       		pop	ix
1101   65FD             loc_0_70E0: 
1102   65FD DD 7E 00    		ld	a, (ix + 0)                      ;ØÆß®Ê®Ô ØÆ X
1103   6600 87          		add	a, a
1104   6601 87          		add	a, a
1105   6602 87          		add	a, a
1106   6603 3C          		inc	a
1107   6604 57          		ld	d, a
1108   6605 32 A9 67    		ld	(loc_0_72A6 + 1),a
1109   6608 32 8B 67    		ld	(VideoDRV_centre_state_01 + 1),a
1110   660B DD 7E 01    		ld	a, (ix + 1)      		;ØÆß®Ê®Ô ØÆ Y
1111   660E 87          		add	a, a
1112   660F 87          		add	a, a
1113   6610 87          		add	a, a
1114   6611 5F          		ld	e, a
1115   6612 ED 53 E9 67 		ld	(VideoDRV_address_screen + 1),de
1116   6616 DD 7E 03    		ld	a, (ix + 3)                     ;Ë®‡®≠†
1117   6619 87          		add	a, a
1118   661A 87          		add	a, a
1119   661B 87          		add	a, a
1120   661C 32 85 67    		ld	(VideoDRV_centre_state_00 +1),a
1121   661F             
1122   661F DD CB 08 66 		bit	4, (ix + 8)			;Ø‡Æ¢•‡®¨ •·‚Ï ´® ‚•™·‚
1123   6623 C0          		ret	nz                              ;•·´® ≠•‚, ‚Æ ¢ÎÂÆ§®¨
1124   6624             
1125   6624 DD 6E 0D    		ld	l, (ix + 0Dh)			;ØÆ´„Á®¨ †§‡•· ‚•™·‚† 
1126   6627 DD 66 0E    		ld	h, (ix + 0Eh)                   ;®
1127   662A C3 51 67    		jp	VideoDRV_print_string           ;¢•¢•§•¨ •£Æ ¢ Æ™≠Æ
1128   662D             loc_0_7110: 
1129   662D C5          		push	bc
1130   662E DD E5       		push	ix
1131   6630 DD 6E 01    		ld	l, (ix + 1)                     ;ØÆß®Ê®Ô ØÆ Y
1132   6633 2C          		inc	l
1133   6634 CD 10 67    		call	sub_0_71F3
1134   6637             loc_0_711A: 
1135   6637 DD 7E 10    		ld	a, (ix + 10h)
1136   663A 81          		add	a, c
1137   663B 6F          		ld	l, a
1138   663C DD 66 11    		ld	h, (ix + 11h)
1139   663F DD 7E 00    		ld	a, (ix + 0)
1140   6642 81          		add	a, c
1141   6643 5F          		ld	e, a
1142   6644 DD 56 01    		ld	d, (ix + 1)                     ;ØÆß®Ê®Ô ØÆ Y
1143   6647 CD 82 66    		call	sub_0_7165
1144   664A 11 10 00    		ld	de, 10h
1145   664D DD 19       		add	ix, de
1146   664F 10 E6       		djnz	loc_0_711A
1147   6651 DD E1       		pop	ix
1148   6653 C1          		pop	bc
1149   6654 C9          		ret	
1150   6655             
1151   6655             loc_0_7138: 
1152   6655 C5          		push	bc
1153   6656 DD E5       		push	ix
1154   6658 DD 7E 02    		ld	a, (ix + 2)                      ;¢Î·Æ‚†
1155   665B DD 86 01    		add	a, (ix + 1)                      ;ØÆß®Ê®Ô ØÆ Y
1156   665E D6 03       		sub	3
1157   6660 6F          		ld	l, a
1158   6661 CD 10 67    		call	sub_0_71F3
1159   6664             
1160   6664             loc_0_7147: 
1161   6664 DD 7E 00    		ld	a, (ix + 0)                      ;ØÆß®Ê®Ô ØÆ X
1162   6667 81          		add	a, c
1163   6668 6F          		ld	l, a
1164   6669 DD 66 01    		ld	h, (ix + 1)                      ;ØÆß®Ê®Ô ØÆ Y
1165   666C DD 7E 10    		ld	a, (ix + 10h)
1166   666F 81          		add	a, c
1167   6670 5F          		ld	e, a
1168   6671 DD 56 11    		ld	d, (ix + 11h)
1169   6674 CD 82 66    		call	sub_0_7165
1170   6677 11 F0 FF    		ld	de, 0FFF0h
1171   667A DD 19       		add	ix, de
1172   667C 10 E6       		djnz	loc_0_7147
1173   667E DD E1       		pop	ix
1174   6680 C1          		pop	bc
1175   6681 C9          		ret	
1176   6682             sub_0_7165: 
1177   6682 C5          		push	bc
1178   6683 E5          		push	hl
1179   6684 D5          		push	de
1180   6685 CD CD 66    		call	sub_0_71B0
1181   6688 D1          		pop	de
1182   6689 E1          		pop	hl
1183   668A 24          		inc	h
1184   668B 14          		inc	d
1185   668C E5          		push	hl
1186   668D D5          		push	de
1187   668E CD CD 66    		call	sub_0_71B0
1188   6691 D1          		pop	de
1189   6692 E1          		pop	hl
1190   6693 24          		inc	h
1191   6694 14          		inc	d
1192   6695 E5          		push	hl
1193   6696 D5          		push	de
1194   6697 CD CD 66    		call	sub_0_71B0
1195   669A D1          		pop	de
1196   669B E1          		pop	hl
1197   669C 24          		inc	h
1198   669D 14          		inc	d
1199   669E E5          		push	hl
1200   669F D5          		push	de
1201   66A0 CD CD 66    		call	sub_0_71B0
1202   66A3 D1          		pop	de
1203   66A4 E1          		pop	hl
1204   66A5 24          		inc	h
1205   66A6 14          		inc	d
1206   66A7 E5          		push	hl
1207   66A8 D5          		push	de
1208   66A9 CD CD 66    		call	sub_0_71B0
1209   66AC D1          		pop	de
1210   66AD E1          		pop	hl
1211   66AE 24          		inc	h
1212   66AF 14          		inc	d
1213   66B0 E5          		push	hl
1214   66B1 D5          		push	de
1215   66B2 CD CD 66    		call	sub_0_71B0
1216   66B5 D1          		pop	de
1217   66B6 E1          		pop	hl
1218   66B7 24          		inc	h
1219   66B8 14          		inc	d
1220   66B9 E5          		push	hl
1221   66BA D5          		push	de
1222   66BB CD CD 66    		call	sub_0_71B0
1223   66BE D1          		pop	de
1224   66BF E1          		pop	hl
1225   66C0 24          		inc	h
1226   66C1 14          		inc	d
1227   66C2 E5          		push	hl
1228   66C3 D5          		push	de
1229   66C4 CD CD 66    		call	sub_0_71B0
1230   66C7 D1          		pop	de
1231   66C8 E1          		pop	hl
1232   66C9 24          		inc	h
1233   66CA 14          		inc	d
1234   66CB C1          		pop	bc
1235   66CC C9          		ret	
1236   66CD             
1237   66CD             sub_0_71B0: 
1238   66CD 18 FE       		jr	sub_0_71B0
1239   66CF ED A0       		ldi	
1240   66D1 ED A0       		ldi	
1241   66D3 ED A0       		ldi	
1242   66D5 ED A0       		ldi	
1243   66D7 ED A0       		ldi	
1244   66D9 ED A0       		ldi	
1245   66DB ED A0       		ldi	
1246   66DD ED A0       		ldi	
1247   66DF ED A0       		ldi	
1248   66E1 ED A0       		ldi	
1249   66E3 ED A0       		ldi	
1250   66E5 ED A0       		ldi	
1251   66E7 ED A0       		ldi	
1252   66E9 ED A0       		ldi	
1253   66EB ED A0       		ldi	
1254   66ED ED A0       		ldi	
1255   66EF ED A0       		ldi	
1256   66F1 ED A0       		ldi	
1257   66F3 ED A0       		ldi	
1258   66F5 ED A0       		ldi	
1259   66F7 ED A0       		ldi	
1260   66F9 ED A0       		ldi	
1261   66FB ED A0       		ldi	
1262   66FD ED A0       		ldi	
1263   66FF ED A0       		ldi	
1264   6701 ED A0       		ldi	
1265   6703 ED A0       		ldi	
1266   6705 ED A0       		ldi	
1267   6707 ED A0       		ldi	
1268   6709 ED A0       		ldi	
1269   670B ED A0       		ldi	
1270   670D ED A0       		ldi	
1271   670F C9          		ret	
1272   6710             
1273   6710             sub_0_71F3: 
1274   6710 3E 20       		ld	a, 20h ; ' '
1275   6712 DD 96 03    		sub	(ix + 3)                         ;Ë®‡®≠†
1276   6715 87          		add	a, a
1277   6716 32 CE 66    		ld	(sub_0_71B0+1),	a
1278   6719 DD 4E 00    		ld	c, (ix + 0)                      ;ØÆß®Ê®Ô ØÆ X
1279   671C DD 46 02    		ld	b, (ix + 2)                      ;¢Î·Æ‚†
1280   671F 05          		dec	b
1281   6720 05          		dec	b
1282   6721 05          		dec	b
1283   6722 26 00       		ld	h, 0
1284   6724 29          		add	hl, hl
1285   6725 29          		add	hl, hl
1286   6726 29          		add	hl, hl
1287   6727 DD 21 00 B8 		ld	ix, 0B800h
1288   672B EB          		ex	de, hl
1289   672C DD 19       		add	ix, de
1290   672E DD 19       		add	ix, de
1291   6730 C9          		ret	
1292   6731             sub_0_7214: 
1293   6731 32 4F 67    		ld	(loc_0_7231 + 1),a
1294   6734 7D          		ld	a, l
1295   6735 E6 18       		and	18h
1296   6737 F6 40       		or	40h ; '@'
1297   6739 08          		ex	af, af'
1298   673A 7D          		ld	a, l
1299   673B E6 07       		and	7
1300   673D 0F          		rrca	
1301   673E 0F          		rrca	
1302   673F 0F          		rrca	
1303   6740 84          		add	a, h
1304   6741 6F          		ld	l, a
1305   6742 08          		ex	af, af'
1306   6743 67          		ld	h, a
1307   6744 5D          		ld	e, l
1308   6745 7C          		ld	a, h
1309   6746 0F          		rrca	
1310   6747 0F          		rrca	
1311   6748 0F          		rrca	
1312   6749 E6 03       		and	3
1313   674B F6 58       		or	58h ; 'X'
1314   674D 57          		ld	d, a
1315   674E             loc_0_7231: 
1316   674E 3E 00       		ld	a, 0
1317   6750 C9          		ret	
1318   6751             ;-------------------------------------------------------------------
1319   6751             ; ÆØ®·†≠®•: è•Á†‚Ï ≠† Ì™‡†≠ ·‚‡Æ™„ ·®¨¢Æ´Æ¢
1320   6751             ; Ø†‡†¨•‚‡Î: HL - †§‡•· ·‚‡Æ™® ·®¨¢Æ´Æ¢
1321   6751             ; ¢Æß¢‡†È†•¨Æ•  ß≠†Á•≠®•: ≠•‚
1322   6751             ;---------------------------------------------------------------------
1323   6751             VideoDRV_print_string: 
1324   6751 7E          		ld	a, (hl)
1325   6752 23          		inc	hl
1326   6753 A7          		and	a
1327   6754 C8          		ret	z
1328   6755 CD 6D 67    		call	VideoDRV_print_char
1329   6758 18 F7       		jr	VideoDRV_print_string
1330   675A             ;-------------------------------------------------------------------
1331   675A             ; ÆØ®·†≠®•: è•Á†‚Ï ≠† Ì™‡†≠ ·®¨¢Æ´† ¢ HEX ¢®§•
1332   675A             ; Ø†‡†¨•‚‡Î: A - ¢Î¢Æ§®¨Î© ·®¨¢Æ´
1333   675A             ; ¢Æß¢‡†È†•¨Æ•  ß≠†Á•≠®•: ≠•‚
1334   675A             ;---------------------------------------------------------------------
1335   675A             VideoDRV_print_hex: 
1336   675A F5          		push	af
1337   675B 0F          		rrca	
1338   675C 0F          		rrca	
1339   675D 0F          		rrca	
1340   675E 0F          		rrca	
1341   675F CD 63 67    		call	VideoDRV_print_hex_0
1342   6762 F1          		pop	af
1343   6763             VideoDRV_print_hex_0: 
1344   6763 E6 0F       		and	0Fh
1345   6765 FE 0A       		cp	0Ah
1346   6767 38 02       		jr	c,VideoDRV_print_hex_1
1347   6769 C6 07       		add	a,7
1348   676B             VideoDRV_print_hex_1: 
1349   676B C6 30       		add	a,30h
1350   676D             ;-------------------------------------------------------------------
1351   676D             ; ÆØ®·†≠®•: è•Á†‚Ï ≠† Ì™‡†≠ ·®¨¢Æ´
1352   676D             ; Ø†‡†¨•‚‡Î: A - ¢Î¢Æ§®¨Î© ·®¨¢Æ´
1353   676D             ; ¢Æß¢‡†È†•¨Æ•  ß≠†Á•≠®•: ≠•‚
1354   676D             ;---------------------------------------------------------------------
1355   676D             VideoDRV_print_char: 
1356   676D FE 20       		cp	20h ; ' '
1357   676F 30 6A       		jr	nc, VideoDRV_print_symbol
1358   6771 FE 03       		cp	3			
1359   6773 20 1C       		jr	nz, VideoDRV_function_09
1360   6775             ;-------------------------------------------------------------------
1361   6775             ; ÆØ®·†≠®•: î„≠™Ê®Ô 03h - ñÖçíêéÇäÄ ëíêéäà Ç éäçÖ
1362   6775             ;---------------------------------------------------------------------
1363   6775 06 00       		ld	b,0             	
1364   6777 E5          		push	hl
1365   6778             
1366   6778             VideoDRV_centre_loop: 
1367   6778 7E          		ld	a, (hl)
1368   6779 FE 20       		cp	20h ; ' '
1369   677B 38 07       		jr	c, VideoDRV_centre_state_00
1370   677D 3E 06       		ld	a, 6
1371   677F 80          		add	a, b                        
1372   6780 47          		ld	b, a
1373   6781 23          		inc	hl
1374   6782 18 F4       		jr	VideoDRV_centre_loop
1375   6784             
1376   6784             VideoDRV_centre_state_00: 
1377   6784 3E 00       		ld	a, 0
1378   6786 90          		sub	b
1379   6787 CB 3F       		srl	a
1380   6789 3D          		dec	a
1381   678A             
1382   678A             VideoDRV_centre_state_01: 
1383   678A C6 00       		add	a, 0
1384   678C 32 EA 67    		ld	(VideoDRV_address_screen + 2),	a
1385   678F E1          		pop	hl
1386   6790 C9          		ret	
1387   6791             ;-------------------------------------------------------------------
1388   6791             ; ÆØ®·†≠®•: î„≠™Ê®Ô 09h - íÄÅìãüñàü çÄ N èéáàñàâ
1389   6791             ;---------------------------------------------------------------------
1390   6791             VideoDRV_function_09: 
1391   6791 FE 09       		cp	9
1392   6793 20 0F       		jr	nz, VideoDRV_function_0D
1393   6795 7E          		ld	a, (hl) 		
1394   6796 23          		inc	hl
1395   6797 47          		ld	b, a
1396   6798 87          		add	a, a
1397   6799 80          		add	a, b
1398   679A 87          		add	a, a
1399   679B 47          		ld	b, a
1400   679C 3A EA 67    		ld	a, (VideoDRV_address_screen + 2)
1401   679F 80          		add	a, b
1402   67A0 32 EA 67    		ld	(VideoDRV_address_screen + 2),a
1403   67A3 C9          		ret	
1404   67A4             ;-------------------------------------------------------------------
1405   67A4             ; ÆØ®·†≠®•: î„≠™Ê®Ô 0Dh - èÖêÖÇéÑ ëíêéäà 
1406   67A4             ;---------------------------------------------------------------------
1407   67A4             VideoDRV_function_0D: 
1408   67A4 FE 0D       		cp	0Dh
1409   67A6 20 0E       		jr	nz,VideoDRV_function_14
1410   67A8             loc_0_72A6: 
1411   67A8 3E 00       		ld	a, 0			
1412   67AA 32 EA 67    		ld	(VideoDRV_address_screen + 2),	a
1413   67AD 3A E9 67    		ld	a, (VideoDRV_address_screen + 1)
1414   67B0 C6 08       		add	a, 8
1415   67B2 32 E9 67    		ld	(VideoDRV_address_screen + 1),	a
1416   67B5 C9          		ret	
1417   67B6             ;-------------------------------------------------------------------
1418   67B6             ; ÆØ®·†≠®•: î„≠™Ê®Ô 14h - Çäã/Çõäã àçÇÖêëàà èÖóÄíà
1419   67B6             ;---------------------------------------------------------------------
1420   67B6             VideoDRV_function_14: 
1421   67B6 FE 14       		cp	14h
1422   67B8 20 0B       		jr	nz, VideoDRV_function_16
1423   67BA 7E          		ld	a, (hl)			
1424   67BB 23          		inc	hl
1425   67BC A7          		and	a
1426   67BD 28 02       		jr	z, VideoDRV_change_inverse
1427   67BF 3E FC       		ld	a, 0FCh
1428   67C1             
1429   67C1             VideoDRV_change_inverse: 
1430   67C1 32 24 68    		ld	(VideoDRV_inverse_state + 1),a
1431   67C4 C9          		ret	
1432   67C5             ;-------------------------------------------------------------------
1433   67C5             ; ÆØ®·†≠®•: î„≠™Ê®Ô 16h - èÖóÄíú Ç ìäÄáÄççéâ èéáàñàà
1434   67C5             ;---------------------------------------------------------------------
1435   67C5             VideoDRV_function_16: 
1436   67C5 FE 16       		cp	16h
1437   67C7 20 09       		jr	nz,VideoDRV_function_17
1438   67C9 4E          		ld	c, (hl)			
1439   67CA 23          		inc	hl
1440   67CB 46          		ld	b, (hl)
1441   67CC 23          		inc	hl
1442   67CD ED 43 E9 67 		ld	(VideoDRV_address_screen + 1),bc
1443   67D1 C9          		ret	
1444   67D2             ;-------------------------------------------------------------------
1445   67D2             ; ÆØ®·†≠®•: î„≠™Ê®Ô 17h - ì·‚†≠Æ¢™† †‚‡®°„‚† 
1446   67D2             ;---------------------------------------------------------------------
1447   67D2             VideoDRV_function_17: 
1448   67D2 FE 17       		cp 	17h
1449   67D4 C0          		ret	nz
1450   67D5 7E          		ld	a,(hl)
1451   67D6 23          		inc	hl
1452   67D7 32 5A 68    		ld	(VideoDRV_colour_attr + 1),a
1453   67DA C9          		ret
1454   67DB             ;-------------------------------------------------------------------
1455   67DB             ; ÆØ®·†≠®•: ÇÎ¢Æ§ ·®¨¢Æ´†
1456   67DB             ;---------------------------------------------------------------------
1457   67DB             VideoDRV_print_symbol: 
1458   67DB E5          		push	hl
1459   67DC D5          		push	de
1460   67DD 11 DA 80    		ld	de, EvaFont_address
1461   67E0 6F          		ld	l, a
1462   67E1 AF          		xor	a
1463   67E2 67          		ld	h, a
1464   67E3 29          		add	hl, hl
1465   67E4 29          		add	hl, hl
1466   67E5 29          		add	hl, hl
1467   67E6 19          		add	hl, de
1468   67E7 D9          		exx	
1469   67E8             
1470   67E8             VideoDRV_address_screen: 
1471   67E8 21 00 00    		ld	hl, 0
1472   67EB 57          		ld	d, a
1473   67EC 7C          		ld	a, h
1474   67ED E6 F8       		and	0F8h ; '¯'
1475   67EF 47          		ld	b, a
1476   67F0 7C          		ld	a, h
1477   67F1 E6 07       		and	7
1478   67F3 4F          		ld	c, a
1479   67F4 3E 06       		ld	a, 6
1480   67F6 84          		add	a, h
1481   67F7 67          		ld	h, a
1482   67F8 22 E9 67    		ld	(VideoDRV_address_screen + 1),hl
1483   67FB 5D          		ld	e, l
1484   67FC 78          		ld	a, b
1485   67FD 21 00 B8    		ld	hl,0B800h
1486   6800 42          		ld	b, d
1487   6801 19          		add	hl, de
1488   6802 19          		add	hl, de
1489   6803 0F          		rrca	
1490   6804 0F          		rrca	
1491   6805 0F          		rrca	
1492   6806 86          		add	a, (hl)
1493   6807 23          		inc	hl
1494   6808 5F          		ld	e, a
1495   6809 56          		ld	d, (hl)
1496   680A 3E 15       		ld	a, 15h
1497   680C 91          		sub	c
1498   680D 91          		sub	c
1499   680E 91          		sub	c
1500   680F 32 28 68    		ld	(loc_0_731B+1),	a
1501   6812 21 60 68    		ld	hl, VideoDRV_table_mask
1502   6815 09          		add	hl, bc
1503   6816 09          		add	hl, bc
1504   6817 7E          		ld	a, (hl)
1505   6818 23          		inc	hl
1506   6819 66          		ld	h, (hl)
1507   681A 6F          		ld	l, a
1508   681B EB          		ex	de, hl
1509   681C 3E 08       		ld	a, 8
1510   681E             loc_0_7312: 
1511   681E 08          		ex	af, af'
1512   681F D9          		exx	
1513   6820 7E          		ld	a, (hl)
1514   6821 23          		inc	hl
1515   6822 D9          		exx	
1516   6823             
1517   6823             VideoDRV_inverse_state: 
1518   6823 EE 00       		xor	0
1519   6825 4F          		ld	c, a
1520   6826 AF          		xor	a
1521   6827             loc_0_731B: 
1522   6827 18 13       		jr	loc_0_732F+1
1523   6829             
1524   6829 CB 39       		srl	c
1525   682B 1F          		rra	
1526   682C CB 39       		srl	c
1527   682E 1F          		rra	
1528   682F CB 39       		srl	c
1529   6831 1F          		rra	
1530   6832 CB 39       		srl	c
1531   6834 1F          		rra	
1532   6835 CB 39       		srl	c
1533   6837 1F          		rra	
1534   6838 CB 39       		srl	c
1535   683A 1F          		rra	
1536   683B             
1537   683B             loc_0_732F: 
1538   683B CB 39       		srl	c
1539   683D 1F          		rra	
1540   683E 47          		ld	b, a
1541   683F 7E          		ld	a, (hl)
1542   6840 A3          		and	e
1543   6841 B1          		or	c
1544   6842 77          		ld	(hl), a
1545   6843 2C          		inc	l
1546   6844 7E          		ld	a, (hl)
1547   6845 A2          		and	d
1548   6846 B0          		or	b
1549   6847 77          		ld	(hl), a
1550   6848 2D          		dec	l
1551   6849 24          		inc	h
1552   684A 08          		ex	af, af'
1553   684B 3D          		dec	a
1554   684C C2 1E 68    		jp	nz, loc_0_7312
1555   684F 25          		dec	h
1556   6850 7C          		ld 	a,h
1557   6851 0F          		rrca
1558   6852 0F          		rrca
1559   6853 0F          		rrca
1560   6854 E6 03       		and	3
1561   6856 F6 58       		or 	58h
1562   6858 67          		ld 	h,a
1563   6859             
1564   6859             VideoDRV_colour_attr: 
1565   6859 3E 00       		ld	a,0
1566   685B 77          		ld 	(hl),a
1567   685C D9          		exx	
1568   685D D1          		pop	de
1569   685E E1          		pop	hl
1570   685F C9          		ret	
1571   6860             
1572   6860             ;-------------------------------------------------------------------
1573   6860             ; ÆØ®·†≠®•: í†°´®Ê† ¨†·Æ™
1574   6860             ;---------------------------------------------------------------------
1575   6860             VideoDRV_table_mask: 
1576   6860 03          		db    	3 
1577   6861 FF          		db 	0FFh
1578   6862 81          		db  	81h
1579   6863 FF          		db 	0FFh
1580   6864 C0          		db 	0C0h
1581   6865 FF          		db 	0FFh
1582   6866 E0          		db 	0E0h
1583   6867 7F          		db  	7Fh
1584   6868 F0          		db 	0F0h
1585   6869 3F          		db  	3Fh
1586   686A F8          		db 	0F8h
1587   686B 1F          		db  	1Fh
1588   686C FC          		db 	0FCh
1589   686D 0F          		db  	0Fh
1590   686E FE          		db 	0FEh
1591   686F 07          		db    	7
1592   6870             ;-------------------------------------------------------------------
1593   6870             ; ÆØ®·†≠®•: èÆ®·™ ØÆ ‚†°´®Ê• ·ÆÆ‚¢•‚·‚¢®© ≠†¶†‚®Ô ™´†¢®Ë® ® Ø„≠™‚† ¨•≠Ó
1594   6870             ; Ø†‡†¨•‚‡Î: ≠•‚
1595   6870             ; ¢Æß¢‡†È†•¨Æ•  ß≠†Á•≠®•: ≠•‚
1596   6870             ;---------------------------------------------------------------------
1597   6870             MoonService_menu_action: 
1598   6870 E1          		pop	hl
1599   6871 47          		ld	b, a
1600   6872             loc_0_7449: 
1601   6872 7E          		ld	a, (hl)
1602   6873 23          		inc	hl
1603   6874 A7          		and	a
1604   6875 20 01       		jr	nz, loc_0_744F
1605   6877 E9          		jp	(hl)
1606   6878             loc_0_744F: 
1607   6878 5E          		ld	e, (hl)
1608   6879 23          		inc	hl
1609   687A 56          		ld	d, (hl)
1610   687B 23          		inc	hl
1611   687C B8          		cp	b
1612   687D 20 F3       		jr	nz, loc_0_7449
1613   687F D5          		push	de
1614   6880             loc_0_7457: 
1615   6880 7E          		ld	a, (hl)
1616   6881 23          		inc	hl
1617   6882 A7          		and	a
1618   6883 20 02       		jr	nz, loc_0_745E
1619   6885 E3          		ex	(sp), hl
1620   6886 E9          		jp	(hl)
1621   6887             loc_0_745E: 
1622   6887 23          		inc	hl
1623   6888 23          		inc	hl
1624   6889 18 F5       		jr	loc_0_7457
1625   688B             ;-------------------------------------------------------------------
1626   688B             ; ÆØ®·†≠®•: ëÆÆ°È•≠®Ô Æ ÆË®°™†Â
1627   688B             ;---------------------------------------------------------------------
1628   688B             aErrorCrcError: 	
1629   688B             		db 	"ERROR: CRC error"
1629   688B 4552524F523A20435243206572726F72
1630   689B 00          		db 	0
1631   689C             aErrorSndNotFound: 
1632   689C             		db 	"ERROR: Sound card not found!"
1632   689C 4552524F523A20536F756E642063617264206E6F7420666F756E6421
1633   68B8 00          		db 	0
1634   68B9             aErrorRamNotFound: 
1635   68B9             		db 	"ERROR: No SRAM memory!"
1635   68B9 4552524F523A204E6F205352414D206D656D6F727921
1636   68CF 00          		db 	0
1637   68D0             ;-------------------------------------------------------------------
1638   68D0             ; ÆØ®·†≠®•: à≠‰Æ‡¨†Ê®Æ≠≠Î• ·ÆÆ°È•≠®Ô  
1639   68D0             ;---------------------------------------------------------------------
1640   68D0             MoonService_id_unk: 
1641   68D0             		db 	"Unknown",0
1641   68D0 556E6B6E6F776E00
1642   68D8             MoonService_id_ym278: 
1643   68D8             		db 	"YMF278",0
1643   68D8 594D4632373800
1644   68DF             MoonService_mem_none: 
1645   68DF 4E6F6E6500  		db 	"None",0
1646   68E4             MoonService_mem_512: 
1647   68E4             		db 	"512Kb",0
1647   68E4 3531324B6200
1648   68EA             MoonService_mem_1024: 
1649   68EA             		db 	"1024Kb",0
1649   68EA 313032344B6200
1650   68F1             MoonService_mem_2048: 
1651   68F1             		db 	"2048Kb",0
1651   68F1 323034384B6200
1652   68F8             MoonService_msg_Dev: 
1653   68F8             		db 	0Dh," Chip: ",0
1653   68F8 0D20436869703A2000
1654   6901             MoonService_msg_RAM: 
1655   6901             		db 	0Dh," RAM:  ",0
1655   6901 0D2052414D3A202000
1656   690A             MoonService_msg_ROM: 
1657   690A             		db 	0Dh," ROM:  ",0
1657   690A 0D20524F4D3A202000
1658   6913             ;-------------------------------------------------------------------
1659   6913             ; ÆØ®·†≠®•: è„·‚Æ• Æ™≠Æ §´Ô ¢Î¢Æ§† ·ÆÆ°È•≠®©
1660   6913             ;---------------------------------------------------------------------
1661   6913             MoonService_window_message: 
1662   6913 05          		db    	5 ;
1663   6914 08          		db    	8 ;  
1664   6915 03          		db    	3 ;  
1665   6916 17          		db  	17h ;  
1666   6917 17          		db  	17h ;  
1667   6918 00          		db    	0 ;  
1668   6919 00          		db    	0 ;  
1669   691A 00          		db    	0 ;  
1670   691B 00          		db    	0 ;  
1671   691C 00          		db    	0 ;  
1672   691D 00          		db    	0 ;  
1673   691E 00          		db    	0 ;  
1674   691F 00          		db    	0 ;  
1675   6920 27 69       		dw 	unk_0_7528
1676   6922 00          		db    	0 ;  
1677   6923 00          		db    	0 ;  
1678   6924 00          		db    	0 ;  
1679   6925 00          		db    	0 ;  
1680   6926 00          		db    	0 ;  
1681   6927 0D          unk_0_7528: 	db  	0Dh
1682   6928 20          		db  	20h ;  
1683   6929 00          		db    	0 ;  
1684   692A             ;-------------------------------------------------------------------
1685   692A             ; ÆØ®·†≠®•: é™≠Æ ¨•≠Ó
1686   692A             ;---------------------------------------------------------------------
1687   692A             MoonService_window_menu: 
1688   692A 01          		db    	1		;+0 ØÆß®Ê®Ô ØÆ X 
1689   692B 02          		db  	2               ;+1 ØÆß®Ê®Ô  ØÆ Y
1690   692C 06          		db    	6               ;+2 ¢Î·Æ‚†
1691   692D 0E          		db  	0Eh             ;+3 Ë®‡®≠†
1692   692E 0F          		db  	0Fh             ;+4 Ê¢•‚
1693   692F 1F          		db  	1Fh
1694   6930 B6          		db 	0B6h
1695   6931 76          		db  	76h
1696   6932 20          		db  	20h 		;+08h - ‰´†£Æ¢Î© °†©‚  
1697   6933 00          		db    	0 ;  
1698   6934 00          		db    	0 ;  
1699   6935 00          		db    	0 ;  
1700   6936 00          		db    	0 ;  
1701   6937 3E 69       		dw 	unk_0_76D2
1702   6939 00          		db    	0 ;  
1703   693A 04          		db    	4 ;              ;+0Fh -  Á®·´Æ Ø„≠™‚Æ¢ ¨•≠Ó
1704   693B 00          		db    	0 ;  
1705   693C 00          		db    	0 ;  
1706   693D 00          		db    	0 ;  
1707   693E 14          unk_0_76D2: 	db  	14h 
1708   693F 01          		db    	1	 ;  
1709   6940 03          		db    	3 ;  
1710   6941             		db 	"Select"
1710   6941 53656C656374
1711   6947 14          		db 	14h
1712   6948 00          		db 	0
1713   6949 0D          		db 	0Dh  
1714   694A 03          		db    	3 ;  
1715   694B             		db 	"Test RAM"
1715   694B 546573742052414D
1716   6953 0D          		db  	0Dh ;  
1717   6954 03          		db    	3 ;  
1718   6955             		db 	"Test ROM"
1718   6955 5465737420524F4D
1719   695D 0D          		db  	0Dh ;  
1720   695E 03          		db    	3 ;  
1721   695F             		db 	"Update ROM"
1721   695F 55706461746520524F4D
1722   6969 0D          		db  	0Dh ;  
1723   696A 03          		db    	3 ;  
1724   696B 45 78 69 74 		db 	"Exit"
1725   696F 00          		db 	0
1726   6970             ;-------------------------------------------------------------------
1727   6970             ; ÆØ®·†≠®•: á†£Æ´Æ¢™ Ø‡®´Æ¶•≠®Ô 
1728   6970             ;---------------------------------------------------------------------
1729   6970             MoonService_window_name: 
1730   6970 00          		db    	0
1731   6971 00          		db    	0 ;  
1732   6972 18          		db  	18h ;  
1733   6973 20          		db  	20h ;  
1734   6974 29          		db  	29h ; )
1735   6975 1F          		db  	1Fh ;  
1736   6976 00          		db    	0 ;  
1737   6977 00          		db    	0 ;  
1738   6978 22          		db  	22h ; "
1739   6979 00          		db    	0 ;  
1740   697A 00          		db    	0 ;  
1741   697B 00          		db    	0 ;  
1742   697C 00          		db    	0 ;  
1743   697D 84 69       		dw 	unk_0_7706
1744   697F 00          		db    	0 ;  
1745   6980 00          		db    	0 ;  
1746   6981 00          		db    	0 ;  
1747   6982 00          		db    	0 ;  
1748   6983 00          		db    	0 ;  
1749   6984 14          unk_0_7706: 	db  	14h 
1750   6985 01          		db    	1 ;  
1751   6986 03          		db    	3 ;  
1752   6987             		db 	"MoonService for *ZXM-MoonSound* v0.3"
1752   6987 4D6F6F6E5365727669636520666F72202A5A584D2D4D6F6F6E536F756E642A20
1752   69A7 76302E33
1753   69AB 14          		db  	14h ;  
1754   69AC 00          		db    	0 ;  
1755   69AD 00          		db    	0 ;  
1756   69AE             ;-------------------------------------------------------------------
1757   69AE             ; ÆØ®·†≠®•: é™≠Æ ®≠‰Æ‡¨†Ê®® Æ ™†‡‚•
1758   69AE             ;---------------------------------------------------------------------
1759   69AE             MoonService_window_info: 
1760   69AE 10          		db    	10h 
1761   69AF 02          		db    	2 ;  
1762   69B0 05          		db  	5 ;  
1763   69B1 0E          		db  	0Eh ;  
1764   69B2 0F          		db  	0Fh ;  
1765   69B3 00          		db    	0 ;  
1766   69B4 00          		db    	0 ;  
1767   69B5 00          		db    	0 ;  
1768   69B6 22          		db  	22h ; "
1769   69B7 00          		db    	0 ;  
1770   69B8 00          		db    	0 ;  
1771   69B9 00          		db    	0 ;  
1772   69BA 00          		db    	0 ;  
1773   69BB C2 69       		dw 	unk_0_7737
1774   69BD 00          		db    	0 ;  
1775   69BE 00          		db    	0 ;  
1776   69BF 00          		db    	0 ;  
1777   69C0 00          		db    	0 ;  
1778   69C1 00          		db    	0 ;  
1779   69C2 14          unk_0_7737: 	db  	14h
1780   69C3 01          		db    	1 ;  
1781   69C4 03          		db    	3 ;  
1782   69C5             		db 	"Sound card Info"
1782   69C5 536F756E64206361726420496E666F
1783   69D4 14          		db  	14h ;  
1784   69D5 00          		db    	0 ;  
1785   69D6 00          		db    	0 ;  
1786   69D7             ;-------------------------------------------------------------------
1787   69D7             ; ÆØ®·†≠®•: é™≠Æ ·Ø‡†¢™®
1788   69D7             ;---------------------------------------------------------------------
1789   69D7             MoonService_window_help: 
1790   69D7 00          		db    	0
1791   69D8 12          		db  	12h ;  
1792   69D9 06          		db    	6 ;  
1793   69DA 20          		db  	20h ;  
1794   69DB 0F          		db  	0Fh ;  
1795   69DC 00          		db    	0 ;  
1796   69DD 00          		db    	0 ;  
1797   69DE 00          		db    	0 ;  
1798   69DF 00          		db    	0 ;  
1799   69E0 00          		db    	0 ;  
1800   69E1 00          		db    	0 ;  
1801   69E2 00          		db    	0 ;  
1802   69E3 00          		db    	0 ;  
1803   69E4 EB 69       		dw 	unk_0_7771
1804   69E6 00          		db    	0 ;  
1805   69E7 00          		db    	0 ;  
1806   69E8 00          		db    	0 ;  
1807   69E9 00          		db    	0	 ;  
1808   69EA 00          		db    	0 ;  
1809   69EB 0D          unk_0_7771: 	db  	0Dh
1810   69EC 03          		db    	3 ;  
1811   69ED             		db 	"ë•‡¢®·≠†Ô Ø‡Æ£‡†¨¨† §´Ô Ø‡Æ¢•‡™®"
1811   69ED 91A5E0A2A8E1ADA0EF20AFE0AEA3E0A0ACACA020A4ABEF20AFE0AEA2A5E0AAA8
1812   6A0D 0D          		db  	0Dh ;  
1813   6A0E 03          		db    	3 ;  
1814   6A0F             		db 	"‰„≠™Ê®Æ≠®‡Æ¢†≠®Ô ß¢„™Æ¢Æ© ™†‡‚Î"
1814   6A0F E4E3ADAAE6A8AEADA8E0AEA2A0ADA8EF20A7A2E3AAAEA2AEA920AAA0E0E2EB
1815   6A2E 0D          		db  	0Dh ;  
1816   6A2F 03          		db    	3 ;  
1817   6A30             		db 	"*ZXM-MoonSound*, Micklab, 2015...2016"
1817   6A30 2A5A584D2D4D6F6F6E536F756E642A2C204D69636B6C61622C20323031352E2E
1817   6A50 2E32303136
1818   6A55 00          		db 	0
1819   6A56             ;-------------------------------------------------------------------
1820   6A56             ; ÆØ®·†≠®•: é™≠Æ Æ°≠Æ¢´•≠®Ô
1821   6A56             ;---------------------------------------------------------------------
1822   6A56             MoonService_window_tram: 
1823   6A56 01          		db    	1 
1824   6A57 02          		db    	2 ;  
1825   6A58 0F          		db  	15 ;  
1826   6A59 1E          		db  	30 ;  
1827   6A5A 0F          		db  	0Fh ;  
1828   6A5B 00          		db    	0 ;  
1829   6A5C 00          		db    	0 ;  
1830   6A5D 00          		db    	0 ;  
1831   6A5E 22          		db  	22h ; "
1832   6A5F 00          		db    	0 ;  
1833   6A60 00          		db    	0 ;  
1834   6A61 00          		db    	0 ;  
1835   6A62 00          		db    	0 ;  
1836   6A63 6A 6A       		dw 	MoonService_taddr_tram
1837   6A65 00          		db    	0 ;  
1838   6A66 00          		db    	0 ;  
1839   6A67 00          		db    	0 ;  
1840   6A68 00          		db    	0 ;  
1841   6A69 00          		db    	0 ;  
1842   6A6A             MoonService_taddr_tram: 	
1843   6A6A 14          		db	14h
1844   6A6B 01          		db  	1
1845   6A6C 03          		db    	3 ;  
1846   6A6D             		db 	"Test Static RAM"
1846   6A6D 54657374205374617469632052414D
1847   6A7C 14          		db  	14h ;  
1848   6A7D 00          		db    	0 ;  
1849   6A7E 0D          		db  	0Dh ;  
1850   6A7F 0D          		db  	0Dh ;  
1851   6A80 03          		db	3
1852   6A81             		db 	"Bank 0              Bank 1"
1852   6A81 42616E6B2030202020202020202020202020202042616E6B2031
1853   6A9B             MoonService_text_tinfo: 
1854   6A9B 167010170F  		db	16h,70h,10h,17h,0fh
1855   6AA0 20 DC DC DC 		db	20h,0dch,0dch,0dch
1856   6AA4             		db	" - 16™° ·•£¨•≠‚ ®·Ø‡†¢•≠"
1856   6AA4 202D203136AAA120E1A5A3ACA5ADE220A8E1AFE0A0A2A5AD
1857   6ABC 167810170A  		db	16h,78h,10h,17h,0ah
1858   6AC1             		db	20h,0dch,0dch,0dch,17h,0fh
1858   6AC1 20DCDCDC170F
1859   6AC7             		db	" - 16™° ·•£¨•≠‚ ≠•®·Ø‡†¢•≠",0
1859   6AC7 202D203136AAA120E1A5A3ACA5ADE220ADA5A8E1AFE0A0A2A5AD00
1860   6AE2             ;-------------------------------------------------------------------
1861   6AE2             ; ÆØ®·†≠®•: é™≠Æ ·Ø‡†¢™®  ¢ ‡•¶®¨• Ø‡Æ¢•‡™® RAM
1862   6AE2             ;---------------------------------------------------------------------
1863   6AE2             MoonService_window_hram: 
1864   6AE2 00          		db    	0
1865   6AE3 12          		db  	12h ;  
1866   6AE4 06          		db    	6 ;  
1867   6AE5 20          		db  	20h ;  
1868   6AE6 0F          		db  	0Fh ;  
1869   6AE7 00          		db    	0 ;  
1870   6AE8 00          		db    	0 ;  
1871   6AE9 00          		db    	0 ;  
1872   6AEA 00          		db    	0 ;  
1873   6AEB 00          		db    	0 ;  
1874   6AEC 00          		db    	0 ;  
1875   6AED 00          		db    	0 ;  
1876   6AEE 00          		db    	0 ;  
1877   6AEF F6 6A       		dw 	MoonService_taddr_hram
1878   6AF1 00          		db    	0 ;  
1879   6AF2 00          		db    	0 ;  
1880   6AF3 00          		db    	0 ;  
1881   6AF4 00          		db    	0	 ;  
1882   6AF5 00          		db    	0 ;  
1883   6AF6             MoonService_taddr_hram: 
1884   6AF6 0D          		db  	0Dh
1885   6AF7 03          		db    	3 ;  
1886   6AF8             		db 	"è‡Æ¢•‡™† ‡†°Æ‚Æ·ØÆ·Æ°≠Æ·‚® ¨®™‡Æ·Â•¨ éáì"
1886   6AF8 8FE0AEA2A5E0AAA020E0A0A1AEE2AEE1AFAEE1AEA1ADAEE1E2A820ACA8AAE0AE
1886   6B18 E1E5A5AC208E8793
1887   6B20 0D          		db  	0Dh ;  
1888   6B21 03          		db    	3 ;  
1889   6B22             		db 	"Bank 0 ·ÆÆ‚¢•·‚¢„•‚ ¨®™‡Æ·Â•¨• DD4"
1889   6B22 42616E6B203020E1AEAEE2A2A5E1E2A2E3A5E220ACA8AAE0AEE1E5A5ACA52044
1889   6B42 4434
1890   6B44 0D          		db  	0Dh ;  
1891   6B45 03          		db    	3 ;  
1892   6B46             		db 	"Bank 1 ·ÆÆ‚¢•·‚¢„•‚ ¨®™‡Æ·Â•¨• DD5"
1892   6B46 42616E6B203120E1AEAEE2A2A5E1E2A2E3A5E220ACA8AAE0AEE1E5A5ACA52044
1892   6B66 4435
1893   6B68 0D          		db  	0Dh ;  
1894   6B69 03          		db    	3 ;  
1895   6B6A             		db 	"ç†¶†‚®• ≠† ´Ó°„Ó ™´†¢®Ë„ - ¢ÎÂÆ§ ®ß ‚•·‚†"
1895   6B6A 8DA0A6A0E2A8A520ADA020ABEEA1E3EE20AAABA0A2A8E8E3202D20A2EBE5AEA4
1895   6B8A 20A8A720E2A5E1E2A0
1896   6B93 00          		db 	0
1897   6B94             
1898   6B94             		.include "rom_test.asm"	
0001+  6B94             ;-------------------------------------------------------------------
0002+  6B94             ; ÆØ®·†≠®•: è‡ÆÊ•·· ‚•·‚®‡Æ¢†≠®Ô èáì
0003+  6B94             ; Ø†‡†¨•‚‡Î: ≠•‚
0004+  6B94             ; ¢Æß¢‡†È†•¨Æ•  ß≠†Á•≠®•: ≠•‚
0005+  6B94             ;---------------------------------------------------------------------
0006+  6B94             MoonService_test_rom: 
0007+  6B94 DD 21 8F 6E 		ld	ix, MoonService_window_hrom     ;Æ™≠Æ ·Ø‡†¢™®
0008+  6B98 CD 7C 65    		call	VideoDRV_create_window
0009+  6B9B             
0010+  6B9B DD 21 29 6E 		ld	ix, MoonService_window_trom     ;·Æß§†§®¨ Æ™≠Æ ‚•·‚†
0011+  6B9F CD 7C 65    		call	VideoDRV_create_window
0012+  6BA2             MoonService_test_rom_00: 
0013+  6BA2             
0014+  6BA2 21 28 42    		ld	hl,4228h
0015+  6BA5 0E 00       		ld	c,0				;B - ≠Æ¨•‡ °†≠™†, ë - ≠Æ¨•‡ ·•£¨•≠‚†
0016+  6BA7 16 08       		ld	d,8				;Á®·´Æ ·•£¨•≠‚Æ¢-·‚Æ´°ÊÆ¢
0017+  6BA9             MoonService_test_rom_0: 
0018+  6BA9 E5          		push	hl
0019+  6BAA 22 10 6F    		ld	(MoonService_text_tpos1 + 1),hl
0020+  6BAD             
0021+  6BAD CD 32 6C    		call	MoonService_check_romseg	;Ø‡Æ¢•‡™† Æ§≠Æ£Æ ·•£¨•≠‚†
0022+  6BB0 3E 0F       		ld	a,0fh                           ;·•£¨•≠‚ ®·Ø‡†¢•≠
0023+  6BB2 28 02       		jr      z,MoonService_test_rom_01
0024+  6BB4 3E 0A       		ld	a,0ah				;·•£¨•≠‚ ≠•®·Ø‡†¢•≠
0025+  6BB6             MoonService_test_rom_01: 
0026+  6BB6 32 13 6F    		ld	(MoonService_text_tcol1 + 1), a
0027+  6BB9 0C          		inc	c				;„¢•´®Á®¨ ≠Æ¨•‡ ·•£¨•≠‚†
0028+  6BBA             
0029+  6BBA C5          		push	bc
0030+  6BBB 21 0F 6F    		ld	hl,MoonService_text_tpos1
0031+  6BBE CD 51 67    		call	VideoDRV_print_string
0032+  6BC1 C1          		pop	bc
0033+  6BC2             
0034+  6BC2 1E 0F       		ld	e,15				;Á®·´Æ ·•£¨•≠‚Æ¢ ¢ ·‚‡Æ™•
0035+  6BC4             MoonService_test_rom_1: 
0036+  6BC4 CD 32 6C    		call	MoonService_check_romseg	;Ø‡Æ¢•‡™† Æ§≠Æ£Æ ·•£¨•≠‚†
0037+  6BC7 3E 0F       		ld	a,0fh                           ;·•£¨•≠‚ ®·Ø‡†¢•≠
0038+  6BC9 28 02       		jr      z,MoonService_test_rom_11
0039+  6BCB 3E 0A       		ld	a,0ah				;·•£¨•≠‚ ≠•®·Ø‡†¢•≠
0040+  6BCD             MoonService_test_rom_11: 
0041+  6BCD 32 13 6F    		ld	(MoonService_text_tcol1 + 1),a
0042+  6BD0             
0043+  6BD0             			
0044+  6BD0 3A 11 6F    		ld	a,(MoonService_text_tpos1 + 2)
0045+  6BD3 C6 08       		add	a, 8
0046+  6BD5 32 11 6F    		ld	(MoonService_text_tpos1 + 2),a
0047+  6BD8 0C          		inc	c				;„¢•´®Á®¨ ≠Æ¨•‡ ·•£¨•≠‚†
0048+  6BD9             
0049+  6BD9 C5          		push	bc
0050+  6BDA 21 0F 6F    		ld	hl,MoonService_text_tpos1
0051+  6BDD CD 51 67    		call	VideoDRV_print_string
0052+  6BE0 C1          		pop	bc
0053+  6BE1             
0054+  6BE1 CD 71 64    		call	MoonService_check_anykey
0055+  6BE4 C2 2E 6C    		jp	nz,MoonService_test_rom_5
0056+  6BE7             		
0057+  6BE7 1D          		dec	e
0058+  6BE8 20 DA       		jr	nz,MoonService_test_rom_1
0059+  6BEA             
0060+  6BEA E1          		pop	hl
0061+  6BEB 7D          		ld	a,l
0062+  6BEC C6 08       		add	a,8
0063+  6BEE 6F          		ld	l,a
0064+  6BEF 15          		dec	d
0065+  6BF0 20 B7       		jr	nz,MoonService_test_rom_0
0066+  6BF2             
0067+  6BF2             MoonService_test_rom_12: 
0068+  6BF2             
0069+  6BF2 21 00 40    		ld	hl,4000h			;Ø†„ß† ¨•¶§„ ‚•·‚†¨®
0070+  6BF5             
0071+  6BF5             MoonService_test_rom_33: 		
0072+  6BF5 2B          		dec	hl
0073+  6BF6 7D          		ld	a,l
0074+  6BF7 B4          		or	h
0075+  6BF8 20 FB       		jr	nz,MoonService_test_rom_33
0076+  6BFA             		
0077+  6BFA 3E 0F       		ld	a,0fh
0078+  6BFC 32 D8 80    		ld	(MoonService_text_col + 1),a
0079+  6BFF 21 D7 80    		ld	hl,MoonService_text_col
0080+  6C02 CD 51 67    		call	VideoDRV_print_string
0081+  6C05             	
0082+  6C05 21 28 10    		ld	hl,1028h
0083+  6C08 16 08       		ld	d,8
0084+  6C0A             MoonService_test_rom_4: 		
0085+  6C0A 22 D4 80    		ld	(MoonService_text_pos + 1),hl
0086+  6C0D 21 D3 80    		ld	hl,MoonService_text_pos
0087+  6C10 CD 51 67    		call	VideoDRV_print_string
0088+  6C13 1E 24       		ld	e,24h
0089+  6C15             MoonService_test_rom_41: 
0090+  6C15 3E 20                       ld	a,20h
0091+  6C17 CD 6D 67    		call	VideoDRV_print_char
0092+  6C1A 1D          		dec	e
0093+  6C1B 20 F8       		jr	nz,MoonService_test_rom_41	
0094+  6C1D             
0095+  6C1D 2A D4 80    		ld	hl,(MoonService_text_pos + 1)
0096+  6C20 7D          		ld	a,l
0097+  6C21 C6 08       		add	a,8
0098+  6C23 6F          		ld	l,a
0099+  6C24 15          		dec	d
0100+  6C25 20 E3       		jr	nz,MoonService_test_rom_4
0101+  6C27             
0102+  6C27 3A DD 88    		ld	a,(MoonService_check_byte)
0103+  6C2A 3C          		inc	a
0104+  6C2B C3 A2 6B    		jp	MoonService_test_rom_00
0105+  6C2E             		
0106+  6C2E             MoonService_test_rom_5: 
0107+  6C2E E1          		pop	hl
0108+  6C2F C3 00 60    		jp	MoonService_Start
0109+  6C32             ;-------------------------------------------------------------------
0110+  6C32             ; ÆØ®·†≠®•: è‡Æ¢•‡™† Æ§≠Æ£Æ ·•£¨•≠‚† RAM
0111+  6C32             ; Ø†‡†¨•‚‡Î: C - ≠Æ¨•‡ ·•£¨•≠‚† ØÆ 16ä°
0112+  6C32             ; ¢Æß¢‡†È†•¨Æ•  ß≠†Á•≠®•: Z = 1 ®·Ø‡†¢•≠, Z = 0 ≠•®·Ø‡†¢•≠
0113+  6C32             ;---------------------------------------------------------------------
0114+  6C32             MoonService_check_romseg: 
0115+  6C32 E5          		push	hl
0116+  6C33 D5          		push	de
0117+  6C34 C5          		push	bc
0118+  6C35 11 11 02    		ld	de,0211h			;Á‚•≠®• ®ß ROM
0119+  6C38 CD 49 64    		call	MoonService_wave_out
0120+  6C3B             
0121+  6C3B 79          		ld	a,c
0122+  6C3C 87          		add	a,a
0123+  6C3D 87          		add	a,a
0124+  6C3E 06 10       		ld	b,10h
0125+  6C40 38 02       		jr	c, MoonService_check_romseg_0
0126+  6C42 06 00       		ld	b,0
0127+  6C44             MoonService_check_romseg_0: 
0128+  6C44 0F          		rrca
0129+  6C45 0F          		rrca
0130+  6C46 0F          		rrca
0131+  6C47 0F          		rrca
0132+  6C48 6F          		ld	l,a
0133+  6C49 E6 0F       		and	0Fh
0134+  6C4B B0          		or	b
0135+  6C4C 67          		ld	h,a
0136+  6C4D 7D          		ld	a,l
0137+  6C4E E6 F0       		and	0F0h
0138+  6C50 6F          		ld	l,a
0139+  6C51 3E 00       		ld	a,0
0140+  6C53 B4          		or	h
0141+  6C54 5F          		ld	e,a
0142+  6C55 14          		inc	d
0143+  6C56 CD 49 64    		call	MoonService_wave_out
0144+  6C59             
0145+  6C59 5D          		ld	e,l
0146+  6C5A 14          		inc	d
0147+  6C5B CD 49 64    		call	MoonService_wave_out
0148+  6C5E 11 00 05    		ld	de,0500h
0149+  6C61 CD 49 64    		call	MoonService_wave_out
0150+  6C64 14          		inc	d
0151+  6C65             
0152+  6C65 01 00 40    		ld	bc,16384
0153+  6C68 21 00 C0    		ld	hl,0C000h
0154+  6C6B             
0155+  6C6B             MoonService_check_romseg_4: 
0156+  6C6B CD 52 64    		call	MoonService_wave_in
0157+  6C6E 77          		ld	(hl),a
0158+  6C6F             ;		inc	e
0159+  6C6F 23          		inc	hl
0160+  6C70 0B          		dec	bc
0161+  6C71 78          		ld	a,b
0162+  6C72 B1          		or	c
0163+  6C73 20 F6       		jr	nz,MoonService_check_romseg_4
0164+  6C75             
0165+  6C75 11 10 02    		ld	de,0210h			;é‚™´ÓÁ†•¨ §Æ·‚„Ø ™ ROM
0166+  6C78 CD 49 64    		call	MoonService_wave_out
0167+  6C7B CD 8D 6C    		call	MoonService_check_crc		;ØÆ§·Á®‚†•¨ ™· ·•£¨•≠‚†
0168+  6C7E C1          		pop	bc					
0169+  6C7F             		
0170+  6C7F 21 A9 6D    		ld	hl,MoonService_crc_table
0171+  6C82 79          		ld	a,c
0172+  6C83 85          		add	a,l
0173+  6C84 30 01       		jr 	nc,MoonService_check_romseg_5
0174+  6C86 24          		inc	h
0175+  6C87             
0176+  6C87             MoonService_check_romseg_5: 
0177+  6C87 6F          		ld	l,a
0178+  6C88 7E          		ld	a,(hl)				;¢ÆßÏ¨•¨ ™Æ≠‚·‚†≠‚„ ®ß ‚†°´®ÊÎ
0179+  6C89 BB          		cp	e		                ;·‡†¢≠®¨ •• · ØÆ§·Á®‚†≠≠Æ©
0180+  6C8A D1          		pop	de
0181+  6C8B E1          		pop	hl
0182+  6C8C C9          		ret	
0183+  6C8D             ;-------------------------------------------------------------------
0184+  6C8D             ; ÆØ®·†≠®•: è•Á†‚Ï ≠† Ì™‡†≠ ·‚‡Æ™„ ·®¨¢Æ´Æ¢
0185+  6C8D             ; Ø†‡†¨•‚‡Î: ≠•‚
0186+  6C8D             ; ¢Æß¢‡†È†•¨Æ•  ß≠†Á•≠®•: °†©‚ CRC
0187+  6C8D             ;---------------------------------------------------------------------
0188+  6C8D             MoonService_check_crc: 
0189+  6C8D 21 00 C0    		ld	hl,0C000h			;†§‡•· °„‰•‡† ·‚‡†≠®ÊÎ 16
0190+  6C90 01 00 40    		ld	bc, 16384
0191+  6C93 1E 00       		ld	e,0				;°†©‚ CRC
0192+  6C95             MoonService_check_crc_0: 
0193+  6C95 7E          		ld	a,(hl)
0194+  6C96 AB          		xor	e
0195+  6C97 E5          		push	hl
0196+  6C98 21 A9 6C    		ld      hl,MoonService_crc8_table
0197+  6C9B 85          		add	a,l
0198+  6C9C 30 01       		jr	nc,MoonService_check_crc_1
0199+  6C9E 24          		inc	h
0200+  6C9F             MoonService_check_crc_1: 
0201+  6C9F 6F                          ld	l,a
0202+  6CA0 5E          		ld	e,(hl)
0203+  6CA1 E1          		pop	hl
0204+  6CA2 23          		inc	hl	
0205+  6CA3 0B          		dec	bc
0206+  6CA4 78          		ld	a,b
0207+  6CA5 B1          		or	c
0208+  6CA6 20 ED       		jr	nz,MoonService_check_crc_0
0209+  6CA8 C9          		ret
0210+  6CA9             ;-------------------------------------------------------------------
0211+  6CA9             ; ÆØ®·†≠®•: í†°´®Ê† ™Æ≠·‚†≠‚ ™Æ≠‚‡Æ´Ï≠Æ© ·„¨¨Î
0212+  6CA9             ;---------------------------------------------------------------------
0213+  6CA9             MoonService_crc8_table: 
0214+  6CA9             		db	00h,0E5h,2Fh,0CAh,5Eh,0BBh,71h,94h
0214+  6CA9 00E52FCA5EBB7194
0215+  6CB1             		db	0BCh,59h,93h,76h,0E2h,07h,0CDh,28h
0215+  6CB1 BC599376E207CD28
0216+  6CB9             		db	9Dh,78h,0B2h,57h,0C3h,26h,0ECh,09h
0216+  6CB9 9D78B257C326EC09
0217+  6CC1             		db	21h,0C4h,0Eh,0EBh,7Fh,9Ah,50h,0B5h
0217+  6CC1 21C40EEB7F9A50B5
0218+  6CC9             		db	0DFh,3Ah,0F0h,15h,81h,64h,0AEh,4Bh
0218+  6CC9 DF3AF0158164AE4B
0219+  6CD1             		db	63h,86h,4Ch,0A9h,3Dh,0D8h,12h,0F7h
0219+  6CD1 63864CA93DD812F7
0220+  6CD9             		db	42h,0A7h,6Dh,88h,1Ch,0F9h,33h,0D6h
0220+  6CD9 42A76D881CF933D6
0221+  6CE1             		db	0FEh,1Bh,0D1h,34h,0A0h,45h,8Fh,6Ah
0221+  6CE1 FE1BD134A0458F6A
0222+  6CE9             		db	5Bh,0BEh,74h,91h,05h,0E0h,2Ah,0CFh
0222+  6CE9 5BBE749105E02ACF
0223+  6CF1             		db	0E7h,02h,0C8h,2Dh,0B9h,5Ch,96h,73h
0223+  6CF1 E702C82DB95C9673
0224+  6CF9             		db	0C6h,23h,0E9h,0Ch,98h,7Dh,0B7h,52h
0224+  6CF9 C623E90C987DB752
0225+  6D01             		db	7Ah,9Fh,55h,0B0h,24h,0C1h,0Bh,0EEh
0225+  6D01 7A9F55B024C10BEE
0226+  6D09             		db	84h,61h,0ABh,4Eh,0DAh,3Fh,0F5h,10h
0226+  6D09 8461AB4EDA3FF510
0227+  6D11             		db	38h,0DDh,17h,0F2h,66h,83h,49h,0ACh
0227+  6D11 38DD17F2668349AC
0228+  6D19             		db	19h,0FCh,36h,0D3h,47h,0A2h,68h,8Dh
0228+  6D19 19FC36D347A2688D
0229+  6D21             		db	0A5h,40h,8Ah,6Fh,0FBh,1Eh,0D4h,31h
0229+  6D21 A5408A6FFB1ED431
0230+  6D29             		db	0B6h,53h,99h,7Ch,0E8h,0Dh,0C7h,22h
0230+  6D29 B653997CE80DC722
0231+  6D31             		db	0Ah,0EFh,25h,0C0h,54h,0B1h,7Bh,9Eh
0231+  6D31 0AEF25C054B17B9E
0232+  6D39             		db	2Bh,0CEh,04h,0E1h,75h,90h,5Ah,0BFh
0232+  6D39 2BCE04E175905ABF
0233+  6D41             		db	97h,72h,0B8h,5Dh,0C9h,2Ch,0E6h,03h
0233+  6D41 9772B85DC92CE603
0234+  6D49             		db	69h,8Ch,46h,0A3h,37h,0D2h,18h,0FDh
0234+  6D49 698C46A337D218FD
0235+  6D51             		db	0D5h,30h,0FAh,1Fh,8Bh,6Eh,0A4h,41h
0235+  6D51 D530FA1F8B6EA441
0236+  6D59             		db	0F4h,11h,0DBh,3Eh,0AAh,4Fh,85h,60h
0236+  6D59 F411DB3EAA4F8560
0237+  6D61             		db	48h,0ADh,67h,82h,16h,0F3h,39h,0DCh
0237+  6D61 48AD678216F339DC
0238+  6D69             		db	0EDh,08h,0C2h,27h,0B3h,56h,9Ch,79h
0238+  6D69 ED08C227B3569C79
0239+  6D71             		db	51h,0B4h,7Eh,9Bh,0Fh,0EAh,20h,0C5h
0239+  6D71 51B47E9B0FEA20C5
0240+  6D79             		db	70h,95h,5Fh,0BAh,2Eh,0CBh,01h,0E4h
0240+  6D79 70955FBA2ECB01E4
0241+  6D81             		db	0CCh,29h,0E3h,06h,92h,77h,0BDh,58h
0241+  6D81 CC29E3069277BD58
0242+  6D89             		db	32h,0D7h,1Dh,0F8h,6Ch,89h,43h,0A6h
0242+  6D89 32D71DF86C8943A6
0243+  6D91             		db	8Eh,6Bh,0A1h,44h,0D0h,35h,0FFh,1Ah
0243+  6D91 8E6BA144D035FF1A
0244+  6D99             		db	0AFh,4Ah,80h,65h,0F1h,14h,0DEh,3Bh
0244+  6D99 AF4A8065F114DE3B
0245+  6DA1             		db	13h,0F6h,3Ch,0D9h,4Dh,0A8h,62h,87h
0245+  6DA1 13F63CD94DA86287
0246+  6DA9             ;-------------------------------------------------------------------
0247+  6DA9             ; ÆØ®·†≠®•: í†°´®Ê† ™Æ≠·‚†≠‚ ™Æ≠‚‡Æ´Ï≠Æ© ·„¨¨Î èáì ·Ì¨Ø´Æ¢
0248+  6DA9             ;---------------------------------------------------------------------
0249+  6DA9             MoonService_crc_table: 
0250+  6DA9             		db	0E0h,0DAh,07h,0CFh,7Bh,48h,5Dh,0D9h
0250+  6DA9 E0DA07CF7B485DD9
0251+  6DB1             		db	93h,0BDh,31h,0Ch,70h,4Ch,0B2h,10h
0251+  6DB1 93BD310C704CB210
0252+  6DB9             		db	0F0h,2Bh,57h,11h,1Dh,0DDh,36h,99h
0252+  6DB9 F02B57111DDD3699
0253+  6DC1             		db	0F3h,83h,0D2h,0FCh,10h,83h,62h,3Fh
0253+  6DC1 F383D2FC1083623F
0254+  6DC9             		db	34h,0CAh,0C6h,14h,3Ch,57h,65h,0BEh
0254+  6DC9 34CAC6143C5765BE
0255+  6DD1             		db	1Fh,0F1h,0D4h,0F4h,8Ch,0FEh,71h,74h
0255+  6DD1 1FF1D4F48CFE7174
0256+  6DD9             		db	0C2h,0B2h,22h,35h,89h,5Eh,08h,8Eh
0256+  6DD9 C2B22235895E088E
0257+  6DE1             		db	8Ch,97h,0B8h,14h,0EAh,0C8h,6Ah,06h
0257+  6DE1 8C97B814EAC86A06
0258+  6DE9             		db	0F4h,93h,6Bh,0E9h,0E2h,8Ch,3Dh,92h
0258+  6DE9 F4936BE9E28C3D92
0259+  6DF1             		db	0FEh,8Ch,0AFh,0EEh,20h,95h,0A0h,97h
0259+  6DF1 FE8CAFEE2095A097
0260+  6DF9             		db	54h,87h,0E7h,8Fh,04h,2Ah,0B2h,0DBh
0260+  6DF9 5487E78F042AB2DB
0261+  6E01             		db	1Eh,0F9h,0AAh,0CAh,79h,0FDh,13h,4Ah
0261+  6E01 1EF9AACA79FD134A
0262+  6E09             		db	0B1h,0C0h,27h,63h,10h,0B8h,0F0h,43h
0262+  6E09 B1C0276310B8F043
0263+  6E11             		db	0E0h,15h,0B3h,0D6h,0E3h,7Bh,3Fh,0DAh
0263+  6E11 E015B3D6E37B3FDA
0264+  6E19             		db	0DFh,0EDh,2Bh,16h,0CAh,56h,85h,75h
0264+  6E19 DFED2B16CA568575
0265+  6E21             		db	0C3h,0F6h,0E3h,0DBh,0B0h,70h,39h,9Fh
0265+  6E21 C3F6E3DBB070399F
0266+  6E29             
0267+  6E29             ;-------------------------------------------------------------------
0268+  6E29             ; ÆØ®·†≠®•: é™≠Æ Æ°≠Æ¢´•≠®Ô
0269+  6E29             ;---------------------------------------------------------------------
0270+  6E29             MoonService_window_trom: 
0271+  6E29 01          		db    	1 
0272+  6E2A 02          		db    	2 ;  
0273+  6E2B 0F          		db  	15 ;  
0274+  6E2C 1E          		db  	30 ;  
0275+  6E2D 0F          		db  	0Fh ;  
0276+  6E2E 00          		db    	0 ;  
0277+  6E2F 00          		db    	0 ;  
0278+  6E30 00          		db    	0 ;  
0279+  6E31 22          		db  	22h ; "
0280+  6E32 00          		db    	0 ;  
0281+  6E33 00          		db    	0 ;  
0282+  6E34 00          		db    	0 ;  
0283+  6E35 00          		db    	0 ;  
0284+  6E36 3D 6E       		dw 	MoonService_taddr_trom
0285+  6E38 00          		db    	0 ;  
0286+  6E39 00          		db    	0 ;  
0287+  6E3A 00          		db    	0 ;  
0288+  6E3B 00          		db    	0 ;  
0289+  6E3C 00          		db    	0 ;  
0290+  6E3D             MoonService_taddr_trom: 	
0291+  6E3D 14          		db	14h
0292+  6E3E 01          		db  	1
0293+  6E3F 03          		db    	3 ;  
0294+  6E40             		db 	"Test ROM"
0294+  6E40 5465737420524F4D
0295+  6E48 14          		db  	14h ;  
0296+  6E49 00          		db    	0 ;  
0297+  6E4A 0D          		db  	0Dh ;  
0298+  6E4B 03          		db	3
0299+  6E4C 16702C170F  		db	16h,70h,2Ch,17h,0fh
0300+  6E51 20 DC       		db	20h,0dch
0301+  6E53             		db	" - 16™° ·•£¨•≠‚ ®·Ø‡†¢•≠"
0301+  6E53 202D203136AAA120E1A5A3ACA5ADE220A8E1AFE0A0A2A5AD
0302+  6E6B 16782C170A  		db	16h,78h,2Ch,17h,0ah
0303+  6E70 20 DC 17 0F 		db	20h,0dch,17h,0fh
0304+  6E74             		db	" - 16™° ·•£¨•≠‚ ≠•®·Ø‡†¢•≠",0
0304+  6E74 202D203136AAA120E1A5A3ACA5ADE220ADA5A8E1AFE0A0A2A5AD00
0305+  6E8F             ;-------------------------------------------------------------------
0306+  6E8F             ; ÆØ®·†≠®•: é™≠Æ ·Ø‡†¢™®  ¢ ‡•¶®¨• Ø‡Æ¢•‡™® ROM
0307+  6E8F             ;---------------------------------------------------------------------
0308+  6E8F             MoonService_window_hrom: 
0309+  6E8F 00          		db    	0
0310+  6E90 12          		db  	12h ;  
0311+  6E91 06          		db    	6 ;  
0312+  6E92 20          		db  	20h ;  
0313+  6E93 0F          		db  	0Fh ;  
0314+  6E94 00          		db    	0 ;  
0315+  6E95 00          		db    	0 ;  
0316+  6E96 00          		db    	0 ;  
0317+  6E97 00          		db    	0 ;  
0318+  6E98 00          		db    	0 ;  
0319+  6E99 00          		db    	0 ;  
0320+  6E9A 00          		db    	0 ;  
0321+  6E9B 00          		db    	0 ;  
0322+  6E9C A3 6E       		dw 	MoonService_taddr_hrom
0323+  6E9E 00          		db    	0 ;  
0324+  6E9F 00          		db    	0 ;  
0325+  6EA0 00          		db    	0 ;  
0326+  6EA1 00          		db    	0	 ;  
0327+  6EA2 00          		db    	0 ;  
0328+  6EA3             MoonService_taddr_hrom: 
0329+  6EA3 0D          		db  	0Dh
0330+  6EA4 03          		db    	3 ;  
0331+  6EA5             		db 	"è‡Æ¢•‡™† ™Æ≠‚‡Æ´Ï≠Æ© ·„¨¨Î "
0331+  6EA5 8FE0AEA2A5E0AAA020AAAEADE2E0AEABECADAEA920E1E3ACACEB20
0332+  6EC0 0D          		db  	0Dh ;  
0333+  6EC1 03          		db    	3 ;  
0334+  6EC2             		db 	"®≠‰Æ‡¨†Ê®® ¢ èáì (¨®™‡Æ·Â•¨† DD3)"
0334+  6EC2 A8ADE4AEE0ACA0E6A8A820A2208F87932028ACA8AAE0AEE1E5A5ACA020444433
0334+  6EE2 29
0335+  6EE3 0D          		db  	0Dh ;  
0336+  6EE4 03          		db    	3 ;  
0337+  6EE5             		db 	"ç†¶†‚®• ≠† ´Ó°„Ó ™´†¢®Ë„ - ¢ÎÂÆ§ ®ß ‚•·‚†"
0337+  6EE5 8DA0A6A0E2A8A520ADA020ABEEA1E3EE20AAABA0A2A8E8E3202D20A2EBE5AEA4
0337+  6F05 20A8A720E2A5E1E2A0
0338+  6F0E 00          		db 	0
0339+  6F0F             ;-------------------------------------------------------------------
0340+  6F0F             ; ÆØ®·†≠®•: í•™·‚Æ¢Î• Ø•‡•¨•≠≠Î•
0341+  6F0F             ;---------------------------------------------------------------------
0342+  6F0F             MoonService_text_tpos1: 
0343+  6F0F 16 00 00    		db	16h,0,0
0344+  6F12             MoonService_text_tcol1: 
0345+  6F12 17 00       		db	17h,0
0346+  6F14             MoonService_text_tseg1: 
0347+  6F14 DF 00       		db	0dfh,0
0348+  6F16             
1899   6F16             		.include "flash.asm"	
0001+  6F16             ;-------------------------------------------------------------------
0002+  6F16             ; ÆØ®·†≠®•: á†Ø‡Æ· ®≠‰Æ‡¨†Ê®® Æ ‚®Ø• èáì
0003+  6F16             ; Ø†‡†¨•‚‡Î: ≠•‚
0004+  6F16             ; ¢Æß¢‡†È†•¨Æ•  ß≠†Á•≠®•: ≠•‚
0005+  6F16             ;---------------------------------------------------------------------
0006+  6F16             MoonService_flash_info: 
0007+  6F16 06 00       		ld	b,0
0008+  6F18 21 55 05    		ld	hl,0555h
0009+  6F1B 0E AA       		ld	c,0AAh
0010+  6F1D CD 6E 6F    		call	MoonService_flash_bwrite
0011+  6F20 21 AA 02    		ld	hl,02AAh
0012+  6F23 0E 55       		ld	c,55h
0013+  6F25 CD 6E 6F    		call	MoonService_flash_bwrite
0014+  6F28 21 55 05    		ld	hl,0555h
0015+  6F2B 0E 90       		ld	c,90h
0016+  6F2D CD 6E 6F    		call	MoonService_flash_bwrite
0017+  6F30             
0018+  6F30 21 00 00    		ld	hl,0
0019+  6F33 CD 94 6F    		call	MoonService_flash_bread 	;Manufacturer ID
0020+  6F36 79          		ld	a,c
0021+  6F37 32 FB 74    		ld	(MoonService_flash_manufacturer),a
0022+  6F3A             
0023+  6F3A 23          		inc	hl
0024+  6F3B CD 94 6F    		call	MoonService_flash_bread 	;Device ID
0025+  6F3E 79          		ld	a,c
0026+  6F3F 32 FC 74    		ld	(MoonService_flash_device),a
0027+  6F42             
0028+  6F42 2B          		dec	hl
0029+  6F43 0E F0       		ld	c,0F0h
0030+  6F45 CD 6E 6F    		call	MoonService_flash_bwrite	;·°‡Æ·
0031+  6F48             
0032+  6F48 3A FC 74    		ld	a,(MoonService_flash_device)
0033+  6F4B FE AD       		cp	0ADh
0034+  6F4D 20 18       		jr	nz,MoonService_flash_unknown
0035+  6F4F             
0036+  6F4F 3A FB 74    		ld	a,(MoonService_flash_manufacturer)		
0037+  6F52 21 B2 73    		ld	hl, MoonService_flash_amd
0038+  6F55 FE 01       		cp	01h                      	;AM29F016
0039+  6F57 28 11       		jr	z,MoonService_flash_print		
0040+  6F59             
0041+  6F59 21 C4 73    		ld	hl, MoonService_flash_stm
0042+  6F5C FE 20       		cp	20h                             ;M29F016
0043+  6F5E 28 0A       		jr	z,MoonService_flash_print		
0044+  6F60             		
0045+  6F60 21 BB 73    		ld	hl, MoonService_flash_mxic
0046+  6F63 FE C2       		cp	0C2h                            ;MX29F016
0047+  6F65 28 03       		jr	z,MoonService_flash_print		
0048+  6F67             
0049+  6F67             MoonService_flash_unknown: 
0050+  6F67 21 D0 68    		ld	hl,MoonService_id_unk
0051+  6F6A             
0052+  6F6A             MoonService_flash_print: 
0053+  6F6A CD 51 67    		call	VideoDRV_print_string
0054+  6F6D C9          		ret
0055+  6F6E             ;-------------------------------------------------------------------
0056+  6F6E             ; ÆØ®·†≠®•: á†Ø®·Ï °†©‚† ¢ èáì
0057+  6F6E             ; Ø†‡†¨•‚‡Î: 
0058+  6F6E             ;	     HL - †§‡•· ß†Ø®·®
0059+  6F6E             ;	     B  - ≠Æ¨•‡ ·‚‡†≠®ÊÎ
0060+  6F6E             ;	     ë  - ß†Ø®·Î¢†•¨Î© °†©‚ 
0061+  6F6E             ; ¢Æß¢‡†È†•¨Æ•  ß≠†Á•≠®•: ≠•‚ 
0062+  6F6E             ;---------------------------------------------------------------------
0063+  6F6E             MoonService_flash_bwrite: 
0064+  6F6E D5          		push	de
0065+  6F6F 11 11 02    		ld	de,0211h			;ß†Ø®·Ï ¢ ROM
0066+  6F72 CD 49 64    		call	MoonService_wave_out
0067+  6F75             
0068+  6F75 78          		ld	a,b                             ;≠Æ¨•‡ ·‚‡†≠®ÊÎ
0069+  6F76 E6 1F       		and	1Fh
0070+  6F78 5F          		ld	e,a
0071+  6F79 14          		inc	d
0072+  6F7A CD 49 64    		call	MoonService_wave_out
0073+  6F7D             
0074+  6F7D 5C          		ld	e,h                             ;·‚†‡Ë®© †§‡•· ·•£¨•≠‚†
0075+  6F7E 14          		inc	d
0076+  6F7F CD 49 64    		call	MoonService_wave_out
0077+  6F82             
0078+  6F82 5D          		ld	e,l                             ;¨´†§Ë®© °†©‚ ·•£¨•≠‚†
0079+  6F83 14          		inc	d
0080+  6F84 CD 49 64    		call	MoonService_wave_out
0081+  6F87             
0082+  6F87 14          		inc	d
0083+  6F88 59          		ld	e,c				;ß†Ø®·Î¢†•¨Î© °†©‚
0084+  6F89 CD 49 64    		call	MoonService_wave_out
0085+  6F8C             
0086+  6F8C 11 10 02    		ld	de,0210h			;é‚™´ÓÁ†•¨ §Æ·‚„Ø ™ ROM
0087+  6F8F CD 49 64    		call	MoonService_wave_out
0088+  6F92 D1          		pop	de
0089+  6F93 C9          		ret	
0090+  6F94             ;-------------------------------------------------------------------
0091+  6F94             ; ÆØ®·†≠®•: ó‚•≠®• °†©‚† ®ß èáì
0092+  6F94             ; Ø†‡†¨•‚‡Î: 
0093+  6F94             ;	     HL - †§‡•· ß†Ø®·®
0094+  6F94             ;	     B  - ≠Æ¨•‡ ·‚‡†≠®ÊÎ
0095+  6F94             ; ¢Æß¢‡†È†•¨Æ•  ß≠†Á•≠®•:  C  - Ø‡ÆÁ®‚†≠≠Î© °†©‚
0096+  6F94             ;---------------------------------------------------------------------
0097+  6F94             MoonService_flash_bread: 
0098+  6F94 D5          		push	de
0099+  6F95 11 11 02    		ld	de,0211h			;ß†Ø®·Ï ¢ ROM
0100+  6F98 CD 49 64    		call	MoonService_wave_out
0101+  6F9B             
0102+  6F9B 78          		ld	a,b                             ;≠Æ¨•‡ ·‚‡†≠®ÊÎ
0103+  6F9C E6 1F       		and	1Fh
0104+  6F9E 5F          		ld	e,a
0105+  6F9F 14          		inc	d
0106+  6FA0 CD 49 64    		call	MoonService_wave_out
0107+  6FA3             
0108+  6FA3 5C          		ld	e,h                             ;·‚†‡Ë®© †§‡•· ·•£¨•≠‚†
0109+  6FA4 14          		inc	d
0110+  6FA5 CD 49 64    		call	MoonService_wave_out
0111+  6FA8             
0112+  6FA8 5D          		ld	e,l                             ;¨´†§Ë®© °†©‚ ·•£¨•≠‚†
0113+  6FA9 14          		inc	d
0114+  6FAA CD 49 64    		call	MoonService_wave_out
0115+  6FAD             
0116+  6FAD 14          		inc	d
0117+  6FAE CD 52 64    		call	MoonService_wave_in		;Á®‚†•¨ °†©‚	
0118+  6FB1 4F          		ld	c,a
0119+  6FB2             
0120+  6FB2 11 10 02    		ld	de,0210h			;é‚™´ÓÁ†•¨ §Æ·‚„Ø ™ ROM
0121+  6FB5 CD 49 64    		call	MoonService_wave_out
0122+  6FB8 D1          		pop	de
0123+  6FB9 C9          		ret	
0124+  6FBA             ;-------------------------------------------------------------------
0125+  6FBA             ; ÆØ®·†≠®•: è‡ÆÊ•·· ß†Ø®·® ¢Æ FLASH èáì
0126+  6FBA             ; Ø†‡†¨•‚‡Î: ≠•‚
0127+  6FBA             ; ¢Æß¢‡†È†•¨Æ•  ß≠†Á•≠®•: ≠•‚
0128+  6FBA             ;---------------------------------------------------------------------
0129+  6FBA             MoonService_update_flash: 
0130+  6FBA DD 21 36 73 		ld	ix, MoonService_window_hflash     ;Æ™≠Æ ·Ø‡†¢™®
0131+  6FBE CD 7C 65    		call	VideoDRV_create_window
0132+  6FC1             
0133+  6FC1 DD 21 10 73 		ld	ix, MoonService_window_tflash     ;·Æß§†§®¨ Æ™≠Æ ‚•·‚†
0134+  6FC5 CD 7C 65    		call	VideoDRV_create_window
0135+  6FC8             
0136+  6FC8 21 CC 73    		ld 	hl,MoonService_flash_file
0137+  6FCB FD E5       		push	iy
0138+  6FCD CD FE 74    		CALL 	SDCard_start
0139+  6FD0 FD E1       		pop	iy
0140+  6FD2 DA 04 71    		jp 	c,MoonService_error_00
0141+  6FD5             
0142+  6FD5 21 44 74    		ld	hl,MoonService_flash_warning          
0143+  6FD8 CD 51 67    		call	VideoDRV_print_string        	;¢Î¢•§•¨ ·ÆÆ°È•≠®•
0144+  6FDB             
0145+  6FDB 3E 30       		ld	a,30h
0146+  6FDD 32 3F 74    		ld	(MoonService_flash_num),a
0147+  6FE0 32 40 74    		ld	(MoonService_flash_num + 1),a
0148+  6FE3             
0149+  6FE3             
0150+  6FE3 21 20 10    		ld	hl,1020h
0151+  6FE6 22 38 74    		ld	(MoonService_flash_page + 1),hl          
0152+  6FE9             
0153+  6FE9 AF          		xor	a
0154+  6FEA 32 C8 80    		ld	(NUM_CLS_ST),a
0155+  6FED 32 FD 74    		ld	(MoonService_flash_cpage),a	;·‚‡†≠®ÊÎ èáì
0156+  6FF0             
0157+  6FF0             MoonService_update_00: 
0158+  6FF0 3A FD 74    		ld	a,(MoonService_flash_cpage)
0159+  6FF3 FE 0B       		cp	11
0160+  6FF5 38 03       		jr	c,MoonService_update_01
0161+  6FF7             
0162+  6FF7 CD 3C 71    		call	MoonService_flash_scroll
0163+  6FFA             
0164+  6FFA             MoonService_update_01: 
0165+  6FFA 21 37 74    		ld	hl,MoonService_flash_page	;---------  á†£‡„ß™† -------------          
0166+  6FFD CD 51 67    		call	VideoDRV_print_string        	;¢Î¢•§•¨ ·ÆÆ°È•≠®•
0167+  7000             
0168+  7000 21 A9 74    		ld	hl,MoonService_flash_load          
0169+  7003 CD 51 67    		call	VideoDRV_print_string        	;¢Î¢•§•¨ ·ÆÆ°È•≠®•
0170+  7006             
0171+  7006 FD E5       		push	iy
0172+  7008 3A C8 80    		ld	a,(NUM_CLS_ST)
0173+  700B FD 67             		ld 	iyh,a				;àáçÄóÄãúçéÖ ëåÖôÖçàÖ Ç äãÄëíÖêÖ
0174+  700D ED 4B C4 80 		ld	bc,(NUM_CLS_HIGH)
0175+  7011 ED 5B C6 80 		ld	de,(NUM_CLS_LOW)
0176+  7015             
0177+  7015 3E 04       		ld	a,4				;Á•‚Î‡• ·‚‡†≠®ÊÎ ØÆ 16 ™°
0178+  7017 21 00 C0    		ld 	hl,0C000h			;†§‡•· °„‰•‡†
0179+  701A             MoonService_update_02: 
0180+  701A F5          		push	af
0181+  701B E5          		push 	hl
0182+  701C             
0183+  701C 3D          		dec	a
0184+  701D CD 89 71    		call	MoonService_set_page		;„·‚†≠Æ¢®¨ ≠Æ¨•‡ ·‚‡†≠®ÊÎ
0185+  7020             
0186+  7020 3A 94 80    		ld 	a,(BYTSSEC)			;Çáüãà êÄáåÖê äãÄëíÖêÄ Ç ëÖäíéêÄï
0187+  7023 DD 67       		ld 	ixh,a				;ëéïêÄçàãà
0188+  7025 DD 2E 20    		ld 	ixl,20h				;32 ·•™‚Æ‡† ØÆ 512°†©‚ = 16™°
0189+  7028 CD AA 77    		call 	LD_FILE				;Ø‡ÆÁ®‚†•¨ §†≠≠Î• ®ß ‰†©´†
0190+  702B 38 07       		jr 	c,MoonService_update_03		;‰†©´ ß†™Æ≠Á®´·Ô
0191+  702D             
0192+  702D E1          		pop	hl
0193+  702E F1          		pop 	af
0194+  702F 3D          		dec 	a
0195+  7030 20 E8       		jr	nz,MoonService_update_02	;•È• •·‚Ï §†≠≠Î•
0196+  7032             
0197+  7032 F5          		push	af
0198+  7033 E5          		push	hl
0199+  7034             
0200+  7034             MoonService_update_03: 
0201+  7034 E1          		pop	hl
0202+  7035 F1          		pop 	af
0203+  7036 FD 7C       		ld	a,iyh
0204+  7038 32 C8 80    		ld	(NUM_CLS_ST),a
0205+  703B ED 43 C4 80 		ld	(NUM_CLS_HIGH),bc		;·ÆÂ‡†≠®¨ ≠Æ¨•‡ ™´†·‚•‡†, £§• ≠†ÂÆ§®‚·Ô ‰†©´
0206+  703F ED 53 C6 80 		ld	(NUM_CLS_LOW),de
0207+  7043 FD E1       		pop	iy
0208+  7045             
0209+  7045 2A 38 74    		ld	hl,(MoonService_flash_page + 1)	;---------  è‡Æ¢•‡™† -------------
0210+  7048 26 46       		ld	h,46h
0211+  704A 22 F8 74    		ld	(MoonService_text_tpos2 + 1),hl
0212+  704D 21 F7 74    		ld	hl,MoonService_text_tpos2          
0213+  7050 CD 51 67    		call	VideoDRV_print_string
0214+  7053             
0215+  7053 21 B6 74    		ld	hl,MoonService_flash_check          
0216+  7056 CD 51 67    		call	VideoDRV_print_string        	;¢Î¢•§•¨ ·ÆÆ°È•≠®•
0217+  7059             
0218+  7059 3A FD 74    		ld	a,(MoonService_flash_cpage)	;‚•™„È†Ô ·‚‡†≠®Ê† èáì
0219+  705C CD A0 71    		call	MoonService_flash_checking
0220+  705F DA 28 71    		jp	c,MoonService_test_flash_5
0221+  7062             
0222+  7062 2A 38 74    		ld	hl,(MoonService_flash_page + 1)	;---------  ë‚®‡†≠®• -------------
0223+  7065 26 46       		ld	h,46h
0224+  7067 22 F8 74    		ld	(MoonService_text_tpos2 + 1),hl
0225+  706A 21 F7 74    		ld	hl,MoonService_text_tpos2          
0226+  706D CD 51 67    		call	VideoDRV_print_string
0227+  7070             
0228+  7070 21 C3 74    		ld	hl,MoonService_flash_erase          
0229+  7073 CD 51 67    		call	VideoDRV_print_string        	;¢Î¢•§•¨ ·ÆÆ°È•≠®•
0230+  7076             
0231+  7076 3A FD 74    		ld	a,(MoonService_flash_cpage)	;‚•™„È†Ô ·‚‡†≠®Ê† èáì
0232+  7079 CD 3E 72    		call	MoonService_flash_erasing
0233+  707C DA 28 71    		jp	c,MoonService_test_flash_5
0234+  707F             
0235+  707F 01 00 00    		ld 	bc,0 				;---------  è†„ß† -------------
0236+  7082             MoonService_update_13: 
0237+  7082 0B          		dec	bc                              ;Æ¶®§†•¨ ØÆ™† ¨®™‡„Â† Ø‡®§•‚ ¢ ·•°Ô
0238+  7083 78          		ld	a,b                             ;ØÆ·´• ·‚®‡†≠®Ô
0239+  7084 B1          		or	c
0240+  7085 20 FB       		jr 	nz,MoonService_update_13		
0241+  7087             
0242+  7087 2A 38 74    		ld	hl,(MoonService_flash_page + 1)	;---------  á†Ø®·Ï -------------
0243+  708A 26 46       		ld	h,46h
0244+  708C 22 F8 74    		ld	(MoonService_text_tpos2 + 1),hl
0245+  708F 21 F7 74    		ld	hl,MoonService_text_tpos2          
0246+  7092 CD 51 67    		call	VideoDRV_print_string
0247+  7095             
0248+  7095 21 D0 74    		ld	hl,MoonService_flash_write          
0249+  7098 CD 51 67    		call	VideoDRV_print_string        	;¢Î¢•§•¨ ·ÆÆ°È•≠®•
0250+  709B             
0251+  709B CD 9E 72    		call	MoonService_flash_writing
0252+  709E DA 28 71    		jp	c,MoonService_test_flash_5
0253+  70A1             
0254+  70A1 2A 38 74    		ld	hl,(MoonService_flash_page + 1)	;---------  è‡Æ¢•‡™† -------------
0255+  70A4 26 46       		ld	h,46h
0256+  70A6 22 F8 74    		ld	(MoonService_text_tpos2 + 1),hl
0257+  70A9 21 F7 74    		ld	hl,MoonService_text_tpos2          
0258+  70AC CD 51 67    		call	VideoDRV_print_string
0259+  70AF             
0260+  70AF 21 DD 74    		ld	hl,MoonService_flash_verify          
0261+  70B2 CD 51 67    		call	VideoDRV_print_string        	;¢Î¢•§•¨ ·ÆÆ°È•≠®•
0262+  70B5             
0263+  70B5 3A FD 74    		ld	a,(MoonService_flash_cpage)	;‚•™„È†Ô ·‚‡†≠®Ê† èáì
0264+  70B8 CD DC 71    		call	MoonService_flash_verifying
0265+  70BB DA 28 71    		jp	c,MoonService_test_flash_5
0266+  70BE             		
0267+  70BE             
0268+  70BE 2A 38 74    		ld	hl,(MoonService_flash_page + 1)	;---------  OK -------------
0269+  70C1 26 46       		ld	h,46h
0270+  70C3 22 F8 74    		ld	(MoonService_text_tpos2 + 1),hl
0271+  70C6 21 F7 74    		ld	hl,MoonService_text_tpos2          
0272+  70C9 CD 51 67    		call	VideoDRV_print_string
0273+  70CC             
0274+  70CC 21 EA 74    		ld	hl,MoonService_flash_ok          
0275+  70CF CD 51 67    		call	VideoDRV_print_string        	;¢Î¢•§•¨ ·ÆÆ°È•≠®•
0276+  70D2             
0277+  70D2             
0278+  70D2 3A 40 74    		ld	a,(MoonService_flash_num + 1)
0279+  70D5 3C          		inc	a
0280+  70D6 FE 3A       		cp	3Ah
0281+  70D8 38 09       		jr	c,MoonService_update_04
0282+  70DA 3A 3F 74    		ld	a,(MoonService_flash_num)
0283+  70DD 3C          		inc	a
0284+  70DE 32 3F 74    		ld	(MoonService_flash_num),a
0285+  70E1 3E 30       		ld	a,30h
0286+  70E3             MoonService_update_04: 
0287+  70E3 32 40 74    		ld	(MoonService_flash_num + 1),a
0288+  70E6             
0289+  70E6 3A FD 74    		ld	a,(MoonService_flash_cpage)
0290+  70E9 3C          		inc	a
0291+  70EA 32 FD 74    		ld	(MoonService_flash_cpage),a
0292+  70ED             
0293+  70ED FE 0B       		cp	11
0294+  70EF 30 08       		jr	nc,MoonService_update_05
0295+  70F1             
0296+  70F1 3A 38 74    		ld	a,(MoonService_flash_page + 1)
0297+  70F4 C6 08       		add	a, 8
0298+  70F6 32 38 74    		ld	(MoonService_flash_page + 1),a
0299+  70F9             
0300+  70F9             MoonService_update_05: 
0301+  70F9 3A FD 74    		ld	a,(MoonService_flash_cpage)
0302+  70FC FE 20       		cp	32
0303+  70FE C2 F0 6F    		jp	nz,MoonService_update_00
0304+  7101             
0305+  7101 C3 28 71    		jp 	MoonService_test_flash_5
0306+  7104             
0307+  7104             MoonService_error_00: 
0308+  7104 FE EE       		cp 	0EEh
0309+  7106 21 05 74    		ld 	hl,aErrorSdCardNot
0310+  7109 28 11       		jr 	z,MoonService_error_01
0311+  710B FE DD       		cp 	0DDh
0312+  710D 21 EF 73    		ld 	hl,aErrorFatNotFou
0313+  7110 28 0A       		jr 	z,MoonService_error_01
0314+  7112 FE 99       		cp 	99h
0315+  7114 21 1F 74    		ld 	hl,aErrorRomSize
0316+  7117 28 03       		jr 	z,MoonService_error_01
0317+  7119 21 D8 73    		ld 	hl,aErrorFileNotFo
0318+  711C             
0319+  711C             MoonService_error_01: 
0320+  711C E5          		push	hl
0321+  711D DD 21 13 69 		ld	ix,MoonService_window_message    ;†§‡•· Æ™≠† 
0322+  7121 CD 7C 65    		call	VideoDRV_create_window       	;·Æß§†§®¨ ‚•™„È•• Æ™≠Æ
0323+  7124             
0324+  7124 E1          		pop	hl          
0325+  7125 CD 51 67    		call	VideoDRV_print_string        	;¢Î¢•§•¨ ·ÆÆ°È•≠®•
0326+  7128             
0327+  7128             MoonService_test_flash_5: 
0328+  7128 3E 05       		ld	a,5
0329+  712A CD 89 71    		call	MoonService_set_page		;„·‚†≠Æ¢®¨ ≠Æ¨•‡ ·‚‡†≠®ÊÎ
0330+  712D             
0331+  712D 21 70 74    		ld	hl,MoonService_flash_pressanykey          
0332+  7130 CD 51 67    		call	VideoDRV_print_string        	;¢Î¢•§•¨ ·ÆÆ°È•≠®•
0333+  7133             
0334+  7133 CD 71 64    		call	MoonService_check_anykey
0335+  7136 CA 28 71    		jp	z,MoonService_test_flash_5
0336+  7139             
0337+  7139 C3 00 60    		jp	MoonService_Start
0338+  713C             
0339+  713C             
0340+  713C             MoonService_flash_scroll: 
0341+  713C 06 08             		ld	b,8
0342+  713E             
0343+  713E             MoonService_flash_scroll_00: 
0344+  713E 21 80 41          		ld	hl,4180h
0345+  7141 11 80 40          		ld	de,4080h
0346+  7144             
0347+  7144 C5          		push	bc
0348+  7145 3E 60            		ld  	a,96
0349+  7147             
0350+  7147             MoonService_flash_scroll_01: 
0351+  7147 F5          		push	af
0352+  7148 E5                		push	hl
0353+  7149 E5                		push	hl
0354+  714A             
0355+  714A ED A0             		ldi
0356+  714C ED A0             		ldi
0357+  714E ED A0             		ldi
0358+  7150 ED A0             		ldi
0359+  7152 ED A0             		ldi
0360+  7154 ED A0             		ldi
0361+  7156 ED A0             		ldi
0362+  7158 ED A0             		ldi
0363+  715A ED A0             		ldi
0364+  715C ED A0             		ldi
0365+  715E ED A0             		ldi
0366+  7160 ED A0             		ldi
0367+  7162 ED A0             		ldi
0368+  7164 ED A0             		ldi
0369+  7166 ED A0             		ldi
0370+  7168 ED A0             		ldi
0371+  716A             
0372+  716A D1                		pop	de
0373+  716B E1                		pop	hl
0374+  716C CD 7A 71          		call	MoonService_flash_lnext
0375+  716F F1                		pop	af
0376+  7170 3D                		dec	a
0377+  7171 C2 47 71          		jp	nz,MoonService_flash_scroll_01
0378+  7174 C1          		pop	bc
0379+  7175 05          		dec	 b
0380+  7176 C2 3E 71    		jp	nz,MoonService_flash_scroll_00
0381+  7179 C9                		ret
0382+  717A             
0383+  717A             MoonService_flash_lnext: 
0384+  717A 24          		inc	h
0385+  717B 7C                		ld	a,h
0386+  717C E6 07             		and	7
0387+  717E C0                		ret	nz
0388+  717F 7D                		ld	a,l
0389+  7180 C6 20             		add	20h
0390+  7182 6F                		ld	l,a
0391+  7183 D8                		ret	c
0392+  7184 7C                		ld	a,h
0393+  7185 D6 08             		sub	08h
0394+  7187 67                		ld	h,a
0395+  7188 C9                		ret
0396+  7189             
0397+  7189             MoonService_set_page: 
0398+  7189 C5          		push	bc
0399+  718A 01 9A 71    	        ld	bc,MoonService_num_page
0400+  718D 81          		add	a,c
0401+  718E 4F          		ld	c,a
0402+  718F 30 01       		jr	nc,MoonService_num_page_0
0403+  7191 04          		inc 	b
0404+  7192             MoonService_num_page_0: 
0405+  7192 0A          		ld	a,(bc)
0406+  7193 01 FD 7F    		ld	bc,7ffdh
0407+  7196 ED 79       		out	(c),a
0408+  7198 C1          		pop	bc
0409+  7199 C9          		ret
0410+  719A             ;-------------------------------------------------------------------
0411+  719A             ; ÆØ®·†≠®•: í†°´®Ê† ≠Æ¨•‡Æ¢ ·‚‡†≠®Ê
0412+  719A             ;---------------------------------------------------------------------
0413+  719A             MoonService_num_page: 
0414+  719A             		db	17h,16h,14h,13h,11h,10h
0414+  719A 171614131110
0415+  71A0             ;-------------------------------------------------------------------
0416+  71A0             ; ÆØ®·†≠®•: è‡Æ¢•‡™† ™Æ≠‚‡Æ´Ï≠Æ© ·„¨¨Î ß†£‡„¶•≠≠Æ© ·‚‡†≠®ÊÎ
0417+  71A0             ; Ø†‡†¨•‚‡Î: A - ≠Æ¨•‡ ·‚‡†≠®ÊÎ
0418+  71A0             ; ¢Æß¢‡†È†•¨Æ•  ß≠†Á•≠®•: 
0419+  71A0             ;---------------------------------------------------------------------
0420+  71A0             MoonService_flash_checking: 
0421+  71A0 4F          		ld	c,a				;≠Æ¨•‡ ‚•™„È•© ·‚‡†≠®ÊÎ
0422+  71A1 06 00       		ld	b,0				;Á•‚Î‡• ·‚‡†≠®ÊÎ ØÆ 16 ™°
0423+  71A3             
0424+  71A3             MoonService_flash_checking_00: 
0425+  71A3 C5          		push	bc
0426+  71A4             
0427+  71A4 3E 03       		ld	a,3
0428+  71A6 90          		sub	b
0429+  71A7 CD 89 71    		call	MoonService_set_page		;„·‚†≠Æ¢®¨ ≠Æ¨•‡ ·‚‡†≠®ÊÎ
0430+  71AA CD 8D 6C    		call	MoonService_check_crc		;ØÆ§·Á®‚†•¨ ™Æ≠‚‡Æ´Ï≠„Ó ·„¨¨„ -> ‡•£®·‚‡ E
0431+  71AD C1          		pop	bc
0432+  71AE             
0433+  71AE 21 A9 6D    		ld	hl,MoonService_crc_table
0434+  71B1 79          		ld	a,c
0435+  71B2 07          		rlca
0436+  71B3 07          		rlca
0437+  71B4 80          		add	a,b
0438+  71B5 85          		add	a,l
0439+  71B6 30 01       		jr 	nc,MoonService_flash_checking_01
0440+  71B8 24          		inc	h
0441+  71B9             
0442+  71B9             MoonService_flash_checking_01: 
0443+  71B9 6F          		ld	l,a
0444+  71BA 7E          		ld	a,(hl)				;¢ÆßÏ¨•¨ ™Æ≠‚·‚†≠‚„ ®ß ‚†°´®ÊÎ
0445+  71BB BB          		cp	e		                ;·‡†¢≠®¨ •• · ØÆ§·Á®‚†≠≠Æ©
0446+  71BC 20 08       		jr	nz,MoonService_flash_checking_02;ÆË®°™† Á‚•≠®Ô
0447+  71BE             
0448+  71BE 04          		inc 	b
0449+  71BF 78          		ld	a,b
0450+  71C0 FE 04       		cp	4	
0451+  71C2 20 DF       		jr	nz,MoonService_flash_checking_00;•È• •·‚Ï §†≠≠Î•
0452+  71C4 AF          		xor	a				;≠•‚ ≠•‚ ÆË®°Æ™
0453+  71C5 C9          		ret
0454+  71C6             
0455+  71C6             MoonService_flash_checking_02: 				;ÆË®°™†
0456+  71C6 2A 38 74    		ld	hl,(MoonService_flash_page + 1)	
0457+  71C9 26 46       		ld	h,46h
0458+  71CB 22 F8 74    		ld	(MoonService_text_tpos2 + 1),hl
0459+  71CE 21 F7 74    		ld	hl,MoonService_text_tpos2          
0460+  71D1 CD 51 67    		call	VideoDRV_print_string
0461+  71D4             
0462+  71D4 21 9C 74    		ld	hl,MoonService_flash_error          
0463+  71D7 CD 51 67    		call	VideoDRV_print_string        	;¢Î¢•§•¨ ·ÆÆ°È•≠®•
0464+  71DA             
0465+  71DA 37                          scf
0466+  71DB C9          		ret
0467+  71DC             ;-------------------------------------------------------------------
0468+  71DC             ; ÆØ®·†≠®•: ë‡†¢≠•≠®• ß†Ø®·†≠≠Æ£Æ ¢ èáì ® °„‰•‡†
0469+  71DC             ; Ø†‡†¨•‚‡Î: A - ≠Æ¨•‡ ·‚‡†≠®ÊÎ
0470+  71DC             ; ¢Æß¢‡†È†•¨Æ•  ß≠†Á•≠®•: 
0471+  71DC             ;---------------------------------------------------------------------
0472+  71DC             MoonService_flash_verifying: 
0473+  71DC 4F          		ld	c,a
0474+  71DD             
0475+  71DD 11 11 02    		ld	de,0211h			;Á‚•≠®• ®ß ROM
0476+  71E0 CD 49 64    		call	MoonService_wave_out
0477+  71E3 59          		ld	e,c
0478+  71E4 14          		inc	d
0479+  71E5 CD 49 64    		call	MoonService_wave_out
0480+  71E8             
0481+  71E8 1E 00       		ld	e,0
0482+  71EA 14          		inc	d
0483+  71EB CD 49 64    		call	MoonService_wave_out
0484+  71EE 14          		inc	d
0485+  71EF CD 49 64    		call	MoonService_wave_out
0486+  71F2 14          		inc	d
0487+  71F3 43          		ld	b,e				;Á•‚Î‡• ·‚‡†≠®ÊÎ ØÆ 16 ™°
0488+  71F4             
0489+  71F4             MoonService_flash_verifying_00: 
0490+  71F4 C5          		push	bc
0491+  71F5             
0492+  71F5 3E 03       		ld	a,3
0493+  71F7 90          		sub	b
0494+  71F8 CD 89 71    		call	MoonService_set_page		;„·‚†≠Æ¢®¨ ≠Æ¨•‡ ·‚‡†≠®ÊÎ
0495+  71FB             
0496+  71FB 01 00 40    		ld	bc,16384
0497+  71FE 21 00 C0    		ld	hl,0C000h
0498+  7201             
0499+  7201             MoonService_flash_verifying_01: 
0500+  7201 CD 52 64    		call	MoonService_wave_in
0501+  7204 BE          		cp	(hl)
0502+  7205 20 15       		jr	nz,MoonService_flash_verifying_02;ÆË®°™† ·‡†¢≠•≠®Ô
0503+  7207 23          		inc	hl
0504+  7208 0B          		dec	bc
0505+  7209 78          		ld	a,b
0506+  720A B1          		or	c
0507+  720B 20 F4       		jr	nz,MoonService_flash_verifying_01
0508+  720D C1          		pop	bc
0509+  720E             
0510+  720E 04          		inc 	b
0511+  720F 78          		ld	a,b
0512+  7210 FE 04       		cp	4	
0513+  7212 20 E0       		jr	nz,MoonService_flash_verifying_00;•È• •·‚Ï §†≠≠Î•
0514+  7214             
0515+  7214 11 10 02    		ld	de,0210h			;é‚™´ÓÁ†•¨ §Æ·‚„Ø ™ ROM
0516+  7217 CD 49 64    		call	MoonService_wave_out
0517+  721A             
0518+  721A AF          		xor	a				;≠•‚ ≠•‚ ÆË®°Æ™
0519+  721B C9          		ret
0520+  721C             
0521+  721C             MoonService_flash_verifying_02: 				;ÆË®°™†
0522+  721C             
0523+  721C 0E F0       		ld	c,0F0h
0524+  721E CD 6E 6F    		call	MoonService_flash_bwrite	;·°‡Æ·
0525+  7221             
0526+  7221 C1          		pop	bc
0527+  7222 11 10 02    		ld	de,0210h			;é‚™´ÓÁ†•¨ §Æ·‚„Ø ™ ROM
0528+  7225 CD 49 64    		call	MoonService_wave_out
0529+  7228             
0530+  7228 2A 38 74    		ld	hl,(MoonService_flash_page + 1)	
0531+  722B 26 46       		ld	h,46h
0532+  722D 22 F8 74    		ld	(MoonService_text_tpos2 + 1),hl
0533+  7230 21 F7 74    		ld	hl,MoonService_text_tpos2          
0534+  7233 CD 51 67    		call	VideoDRV_print_string
0535+  7236             
0536+  7236 21 9C 74    		ld	hl,MoonService_flash_error          
0537+  7239 CD 51 67    		call	VideoDRV_print_string        	;¢Î¢•§•¨ ·ÆÆ°È•≠®•
0538+  723C             
0539+  723C 37                          scf
0540+  723D C9          		ret
0541+  723E             ;-------------------------------------------------------------------
0542+  723E             ; ÆØ®·†≠®•: ë‚®‡†≠®• ·‚‡†≠®ÊÎ èáì
0543+  723E             ; Ø†‡†¨•‚‡Î: A - ≠Æ¨•‡ ·‚‡†≠®ÊÎ
0544+  723E             ; ¢Æß¢‡†È†•¨Æ•  ß≠†Á•≠®•: 
0545+  723E             ;---------------------------------------------------------------------
0546+  723E             MoonService_flash_erasing: 
0547+  723E E6 1F       		and	1fh					;ÆÁ®·‚®¨ ≠„¶≠Î• °®‚Î
0548+  7240 F5          		push	af 					;ß†ØÆ¨≠®¨ ≠Æ¨•‡ ·‚‡†≠®ÊÎ
0549+  7241 06 00       		ld	b,0
0550+  7243 21 55 05    		ld	hl,0555h
0551+  7246 0E AA       		ld	c,0AAh
0552+  7248 CD 6E 6F    		call	MoonService_flash_bwrite
0553+  724B 21 AA 02    		ld	hl,02AAh
0554+  724E 0E 55       		ld	c,55h
0555+  7250 CD 6E 6F    		call	MoonService_flash_bwrite
0556+  7253 21 55 05    		ld	hl,0555h
0557+  7256 0E 80       		ld	c,80h
0558+  7258 CD 6E 6F    		call	MoonService_flash_bwrite
0559+  725B 21 55 05    		ld	hl,0555h
0560+  725E 0E AA       		ld	c,0AAh
0561+  7260 CD 6E 6F    		call	MoonService_flash_bwrite
0562+  7263 21 AA 02    		ld	hl,02AAh
0563+  7266 0E 55       		ld	c,55h
0564+  7268 CD 6E 6F    		call	MoonService_flash_bwrite
0565+  726B F1          		pop	af					;¢Æ··‚†≠Æ¢®¨ ≠Æ¨•‡ ·‚‡†≠®ÊÎ
0566+  726C 47          		ld	b,a
0567+  726D 21 00 00    		ld	hl,0
0568+  7270 0E 30       		ld	c,30h
0569+  7272 CD 6E 6F    		call	MoonService_flash_bwrite
0570+  7275             
0571+  7275 3E 57       		ld	a,87
0572+  7277             
0573+  7277             MoonService_flash_erasing_00: 
0574+  7277 3D                  	dec	a
0575+  7278 20 FD               	jr	nz,MoonService_flash_erasing_00
0576+  727A             
0577+  727A 21 00 00    		ld	hl,0
0578+  727D             
0579+  727D             MoonService_flash_erasing_01: 					;
0580+  727D CD 94 6F    		call	MoonService_flash_bread
0581+  7280 59          		ld	e,c
0582+  7281             
0583+  7281 CD 94 6F    		call	MoonService_flash_bread
0584+  7284 79          		ld	a,c
0585+  7285 AB          		xor	e
0586+  7286             
0587+  7286 CB 77               	bit     6,a
0588+  7288 28 0C               	jr      z,MoonService_flash_erasing_02  ; no toggle - end! (carry is clear)
0589+  728A             
0590+  728A CB 6F               	bit     5,a
0591+  728C 20 EF               	jr      nz,MoonService_flash_erasing_01 ; if toggle and error bit toggles -
0592+  728E                                          				; repeat reading
0593+  728E             
0594+  728E CB 6B               	bit     5,e 				; toggle, error bit is set - error!
0595+  7290 28 EB               	jr      z,MoonService_flash_erasing_01  ; otherwise - just toggle, wait more
0596+  7292             
0597+  7292 C5          		push	bc
0598+  7293 C3 1C 72    		jp	MoonService_flash_verifying_02
0599+  7296             
0600+  7296             MoonService_flash_erasing_02: 
0601+  7296             
0602+  7296 11 10 02    		ld	de,0210h			;é‚™´ÓÁ†•¨ §Æ·‚„Ø ™ ROM
0603+  7299 CD 49 64    		call	MoonService_wave_out
0604+  729C             
0605+  729C AF          		xor	a				;≠•‚ ÆË®°Æ™
0606+  729D C9          		ret
0607+  729E             ;-------------------------------------------------------------------
0608+  729E             ; ÆØ®·†≠®•: á†Ø®·Ï ·‚‡†≠®ÊÎ èáì
0609+  729E             ; Ø†‡†¨•‚‡Î: A - ≠Æ¨•‡ ·‚‡†≠®ÊÎ
0610+  729E             ; ¢Æß¢‡†È†•¨Æ•  ß≠†Á•≠®•: 
0611+  729E             ;---------------------------------------------------------------------
0612+  729E             MoonService_flash_writing: 
0613+  729E 21 00 00    		ld	hl,0				;†§‡•· ¢≠„‚‡® ·‚‡†≠®ÊÎ
0614+  72A1 06 00       		ld	b,0				;Á•‚Î‡• ·‚‡†≠®ÊÎ ØÆ 16 ™°
0615+  72A3             
0616+  72A3             MoonService_flash_writing_00: 
0617+  72A3 C5          		push	bc
0618+  72A4             
0619+  72A4 3E 03       		ld	a,3
0620+  72A6 90          		sub	b
0621+  72A7 CD 89 71    		call	MoonService_set_page		;„·‚†≠Æ¢®¨ ≠Æ¨•‡ ·‚‡†≠®ÊÎ
0622+  72AA             
0623+  72AA 01 00 40    		ld	bc,16384
0624+  72AD DD 21 00 C0 		ld	ix,0C000h
0625+  72B1             
0626+  72B1             MoonService_flash_writing_01: 
0627+  72B1 C5          		push	bc
0628+  72B2 E5          		push	hl
0629+  72B3             
0630+  72B3 06 00       		ld	b,0
0631+  72B5 21 55 05    		ld	hl,0555h
0632+  72B8 0E AA       		ld	c,0AAh
0633+  72BA CD 6E 6F    		call	MoonService_flash_bwrite
0634+  72BD 21 AA 02    		ld	hl,02AAh
0635+  72C0 0E 55       		ld	c,55h
0636+  72C2 CD 6E 6F    		call	MoonService_flash_bwrite
0637+  72C5 21 55 05    		ld	hl,0555h
0638+  72C8 0E A0       		ld	c,0A0h
0639+  72CA CD 6E 6F    		call	MoonService_flash_bwrite
0640+  72CD             
0641+  72CD E1          		pop	hl
0642+  72CE 3A FD 74    		ld	a,(MoonService_flash_cpage)	;‚•™„È†Ô ·‚‡†≠®Ê† èáì
0643+  72D1 47          		ld	b,a
0644+  72D2 DD 4E 00    		ld	c,(ix + 0)
0645+  72D5 CD 6E 6F    		call	MoonService_flash_bwrite
0646+  72D8             
0647+  72D8             MoonService_flash_writing_02: 
0648+  72D8 CD 94 6F    		call	MoonService_flash_bread
0649+  72DB 59          		ld	e,c
0650+  72DC             
0651+  72DC CD 94 6F    		call	MoonService_flash_bread
0652+  72DF 79          		ld	a,c
0653+  72E0 AB          		xor	e
0654+  72E1             
0655+  72E1 CB 77               	bit     6,a
0656+  72E3 28 0C               	jr      z,MoonService_flash_writing_03  ; no toggle - end! (carry is clear)
0657+  72E5             
0658+  72E5 CB 6F               	bit     5,a
0659+  72E7 20 EF               	jr      nz,MoonService_flash_writing_02 ; if toggle and error bit toggles -
0660+  72E9                                          				; repeat reading
0661+  72E9             
0662+  72E9 CB 6B               	bit     5,e 				; toggle, error bit is set - error!
0663+  72EB 28 EB               	jr      z,MoonService_flash_writing_02  ; otherwise - just toggle, wait more
0664+  72ED             
0665+  72ED C1          		pop	bc
0666+  72EE C3 1C 72    		jp	MoonService_flash_verifying_02
0667+  72F1             
0668+  72F1             MoonService_flash_writing_03: 
0669+  72F1             
0670+  72F1 CD 94 6F    		call	MoonService_flash_bread
0671+  72F4 DD 7E 00    		ld	a,(ix + 0)
0672+  72F7 B9          		cp 	c
0673+  72F8 28 04       		jr	z,MoonService_flash_writing_04
0674+  72FA             
0675+  72FA             ;		push	bc
0676+  72FA             ;		call	VideoDRV_print_hex
0677+  72FA             ;		pop	bc
0678+  72FA             ;		ld	a,c
0679+  72FA             ;		call    VideoDRV_print_hex
0680+  72FA C1          		pop	bc
0681+  72FB C3 1C 72    		jp	MoonService_flash_verifying_02
0682+  72FE             		
0683+  72FE             MoonService_flash_writing_04: 			
0684+  72FE C1          		pop	bc
0685+  72FF DD 23       		inc	ix
0686+  7301 23          		inc	hl
0687+  7302 0B          		dec	bc
0688+  7303 78          		ld	a,b
0689+  7304 B1          		or	c
0690+  7305 20 AA       		jr	nz,MoonService_flash_writing_01
0691+  7307             
0692+  7307 C1          		pop	bc
0693+  7308 04          		inc 	b
0694+  7309 78          		ld	a,b
0695+  730A FE 04       		cp	4	
0696+  730C 20 95       		jr	nz,MoonService_flash_writing_00 ;•È• •·‚Ï §†≠≠Î•
0697+  730E AF          		xor	a				;≠•‚ ÆË®°Æ™
0698+  730F C9          		ret
0699+  7310             ;-------------------------------------------------------------------
0700+  7310             ; ÆØ®·†≠®•: é™≠Æ Æ°≠Æ¢´•≠®Ô
0701+  7310             ;---------------------------------------------------------------------
0702+  7310             MoonService_window_tflash: 
0703+  7310 01          		db    	1 
0704+  7311 02          		db    	2 ;  
0705+  7312 0F          		db  	15 ;  
0706+  7313 1E          		db  	30 ;  
0707+  7314 0F          		db  	0Fh ;  
0708+  7315 00          		db    	0 ;  
0709+  7316 00          		db    	0 ;  
0710+  7317 00          		db    	0 ;  
0711+  7318 22          		db  	22h ; "
0712+  7319 00          		db    	0 ;  
0713+  731A 00          		db    	0 ;  
0714+  731B 00          		db    	0 ;  
0715+  731C 00          		db    	0 ;  
0716+  731D 24 73       		dw 	MoonService_taddr_tflash
0717+  731F 00          		db    	0 ;  
0718+  7320 00          		db    	0 ;  
0719+  7321 00          		db    	0 ;  
0720+  7322 00          		db    	0 ;  
0721+  7323 00          		db    	0 ;  
0722+  7324             MoonService_taddr_tflash: 	
0723+  7324 14          		db	14h
0724+  7325 01          		db  	1
0725+  7326 03          		db    	3 ;  
0726+  7327             		db 	"Update ROM"
0726+  7327 55706461746520524F4D
0727+  7331 14          		db  	14h ;  
0728+  7332 00          		db    	0 ;  
0729+  7333 0D          		db  	0Dh ;  
0730+  7334 03          		db	3
0731+  7335 00          		db	0
0732+  7336             ;-------------------------------------------------------------------
0733+  7336             ; ÆØ®·†≠®•: é™≠Æ ·Ø‡†¢™®  ¢ ‡•¶®¨• Ø‡Æ¢•‡™® ROM
0734+  7336             ;---------------------------------------------------------------------
0735+  7336             MoonService_window_hflash: 
0736+  7336 00          		db    	0
0737+  7337 12          		db  	12h ;  
0738+  7338 06          		db    	6 ;  
0739+  7339 20          		db  	20h ;  
0740+  733A 0F          		db  	0Fh ;  
0741+  733B 00          		db    	0 ;  
0742+  733C 00          		db    	0 ;  
0743+  733D 00          		db    	0 ;  
0744+  733E 00          		db    	0 ;  
0745+  733F 00          		db    	0 ;  
0746+  7340 00          		db    	0 ;  
0747+  7341 00          		db    	0 ;  
0748+  7342 00          		db    	0 ;  
0749+  7343 4A 73       		dw 	MoonService_taddr_hflash
0750+  7345 00          		db    	0 ;  
0751+  7346 00          		db    	0 ;  
0752+  7347 00          		db    	0 ;  
0753+  7348 00          		db    	0	 ;  
0754+  7349 00          		db    	0 ;  
0755+  734A             MoonService_taddr_hflash: 
0756+  734A 0D          		db  	0Dh
0757+  734B 03          		db    	3 ;  
0758+  734C             		db 	"î†©´ Æ°≠Æ¢´•≠®Ô §Æ´¶•≠ ®¨•‚Ï ®¨Ô "
0758+  734C 94A0A9AB20AEA1ADAEA2ABA5ADA8EF20A4AEABA6A5AD20A8ACA5E2EC20A8ACEF
0758+  736C 20
0759+  736D 0D          		db  	0Dh ;  
0760+  736E 03          		db    	3 ;  
0761+  736F             		db 	"MOONSND.ROM ® §Æ´¶•≠ ≠†ÂÆ§®‚Ï·Ô"
0761+  736F 4D4F4F4E534E442E524F4D20A820A4AEABA6A5AD20ADA0E5AEA4A8E2ECE1EF
0762+  738E 0D          		db  	0Dh ;  
0763+  738F 03          		db    	3 ;  
0764+  7390             		db 	"¢ ™Æ‡≠• SD ™†‡‚Î (™Æ≠‚‡Æ´´•‡ ZC)."
0764+  7390 A220AAAEE0ADA520534420AAA0E0E2EB2028AAAEADE2E0AEABABA5E0205A4329
0764+  73B0 2E
0765+  73B1 00          		db 	0
0766+  73B2             ;-------------------------------------------------------------------
0767+  73B2             ; ÆØ®·†≠®•: à≠‰Æ‡¨†Ê®Æ≠≠Î• ·ÆÆ°È•≠®Ô  
0768+  73B2             ;---------------------------------------------------------------------
0769+  73B2             MoonService_flash_amd: 
0770+  73B2             		db 	"AM29F016",0
0770+  73B2 414D32394630313600
0771+  73BB             MoonService_flash_mxic: 
0772+  73BB             		db 	"MX29F016",0
0772+  73BB 4D5832394630313600
0773+  73C4             MoonService_flash_stm: 
0774+  73C4             		db 	"M29F016",0
0774+  73C4 4D32394630313600
0775+  73CC             MoonService_flash_file: 		
0776+  73CC             		db 	"MOONSND.ROM",0
0776+  73CC 4D4F4F4E534E442E524F4D00
0777+  73D8             aErrorFileNotFo: 
0778+  73D8             		db 	"ERROR: File not found!"
0778+  73D8 4552524F523A2046696C65206E6F7420666F756E6421
0779+  73EE 00          		db 	0
0780+  73EF             aErrorFatNotFou: 
0781+  73EF             		db 	"ERROR: FAT not found!"
0781+  73EF 4552524F523A20464154206E6F7420666F756E6421
0782+  7404 00          		db 	0
0783+  7405             aErrorSdCardNot: 
0784+  7405             		db 	"ERROR: SD card not found!"
0784+  7405 4552524F523A2053442063617264206E6F7420666F756E6421
0785+  741E 00          		db 	0
0786+  741F             aErrorRomSize: 	
0787+  741F             		db	"ERROR: File size error!",0
0787+  741F 4552524F523A2046696C652073697A65206572726F722100
0788+  7437             MoonService_flash_page: 
0789+  7437 16 00 00    		db	16h,0,0
0790+  743A 5061676520  		db	"Page "
0791+  743F             MoonService_flash_num: 
0792+  743F 30 30       		db	'0','0'
0793+  7441 3A 20       		db	": "
0794+  7443 00          		db	0
0795+  7444             MoonService_flash_warning: 
0796+  7444 16B010170A  		db	16h,0B0h,10h,17h,0ah
0797+  7449             		db	"  ç• ¢Î™´ÓÁ†©‚• Ø®‚†≠®• ™Æ¨ØÏÓ‚•‡†! ",17h,0fh,0
0797+  7449 20208DA520A2EBAAABEEE7A0A9E2A520AFA8E2A0ADA8A520AAAEACAFECEEE2A5
0797+  7469 E0A02120170F00
0798+  7470             MoonService_flash_pressanykey: 
0799+  7470 16B010170A  		db	16h,0B0h,10h,17h,0ah
0800+  7475             		db	"  ç†¶¨®‚• ´Ó°„Ó ™´†¢®Ë„ §´Ô ¢ÎÂÆ§†! ",17h,0fh,0
0800+  7475 20208DA0A6ACA8E2A520ABEEA1E3EE20AAABA0A2A8E8E320A4ABEF20A2EBE5AE
0800+  7495 A4A02120170F00
0801+  749C             MoonService_flash_error: 
0802+  749C             		db	"Error!      ",0
0802+  749C 4572726F722120202020202000
0803+  74A9             MoonService_flash_load: 
0804+  74A9             		db	"Loading...  ",0
0804+  74A9 4C6F6164696E672E2E2E202000
0805+  74B6             MoonService_flash_check: 
0806+  74B6             		db	"Checking... ",0
0806+  74B6 436865636B696E672E2E2E2000
0807+  74C3             MoonService_flash_erase: 
0808+  74C3             		db	"Erasing...  ",0
0808+  74C3 45726173696E672E2E2E202000
0809+  74D0             MoonService_flash_write: 
0810+  74D0             		db	"Writing...  ",0
0810+  74D0 57726974696E672E2E2E202000
0811+  74DD             MoonService_flash_verify: 
0812+  74DD             		db	"Verifying...",0
0812+  74DD 566572696679696E672E2E2E00
0813+  74EA             MoonService_flash_ok: 
0814+  74EA             		db	"Ok!         ",0
0814+  74EA 4F6B2120202020202020202000
0815+  74F7             MoonService_text_tpos2: 
0816+  74F7 16 00 00 00 		db	16h,0,0,0
0817+  74FB             ;-------------------------------------------------------------------
0818+  74FB             ; ÆØ®·†≠®•: è•‡•¨•≠≠Î•
0819+  74FB             ;---------------------------------------------------------------------
0820+  74FB             MoonService_flash_manufacturer: 
0821+  74FB 00          		db	0
0822+  74FC             MoonService_flash_device: 
0823+  74FC 00          		db	0
0824+  74FD             MoonService_flash_cpage: 
0825+  74FD 00          		db	0
0826+  74FE             
1900   74FE             		.include "sdcard.asm"
0001+  74FE             ;-------------------------------------------------------------------
0002+  74FE             ; ÓÔËÒ‡ÌËÂ: ÃÓ‰ÛÎ¸ ÙÛÌÍˆËÈ ‡·ÓÚ˚ Ò SD Í‡ÚÓÈ, ÓÒÌÓ‚‡Ì Ì‡ ËÒıÓ‰ÌËÍ‡ı 16.02.2014 savelij
0003+  74FE             ;---------------------------------------------------------------------
0004+  74FE             P_DATA		equ 	57h
0005+  74FE             P_CONF		equ 	77h
0006+  74FE             
0007+  74FE             CMD_09: 		equ 	49h	;SEND_CSD
0008+  74FE             CMD_12: 		equ 	4Ch	;STOP_TRANSMISSION
0009+  74FE             CMD_17: 		equ 	51h	;READ_SINGLE_BLOCK
0010+  74FE             CMD_18: 		equ	52h	;READ_MULTIPLE_BLOCK
0011+  74FE             CMD_24: 		equ 	58h	;WRITE_BLOCK
0012+  74FE             CMD_25: 		equ 	59h	;WRITE_MULTIPLE_BLOCK
0013+  74FE             CMD_55: 		equ 	77h	;APP_CMD
0014+  74FE             CMD_58: 		equ 	7Ah	;READ_OCR
0015+  74FE             CMD_59: 		equ 	7Bh	;CRC_ON_OFF
0016+  74FE             ACMD_41: 	equ 	69h	;SD_SEND_OP_COND
0017+  74FE             
0018+  74FE             
0019+  74FE             ;Õ¿ ¬’Œƒ≈:
0020+  74FE             ;HL-“≈ —“Œ¬¿ﬂ —“–Œ ¿ œ”“» Œ“ ROOT
0021+  74FE             ;DE-¿ƒ–≈—  ”ƒ¿ √–”«»“‹
0022+  74FE             SDCard_start: 
0023+  74FE FD 2E 02    		LD 	IYL,2
0024+  7501 22 C0 80    		LD 	(ADRPATH),HL
0025+  7504 ED 53 C2 80 		LD 	(ADR_LD),DE
0026+  7508 3E 03       		LD 	A,3
0027+  750A D3 77       		OUT 	(P_CONF),A
0028+  750C AF          		XOR	A
0029+  750D D3 57       		OUT 	(P_DATA),A
0030+  750F 01 57 00    		LD 	BC,P_DATA
0031+  7512 11 FF 10    		LD 	DE,10FFh
0032+  7515             SDCard_start_00: 
0033+  7515 ED 59       		OUT 	(C),E
0034+  7517 15          		DEC 	D
0035+  7518 20 FB       		JR 	NZ,SDCard_start_00
0036+  751A 3E 01       		LD 	A,1
0037+  751C D3 77       		OUT 	(P_CONF),A
0038+  751E AF          		XOR 	A
0039+  751F 08          		EX 	AF,AF'
0040+  7520             ZAW001: 		
0041+  7520 21 03 7A    		LD 	HL,CMD00
0042+  7523 CD 94 79    		CALL 	OUTCOM			;œ≈–≈¬Œƒ»Ã  ¿–“Œ◊ ” ¬ –≈∆»Ã SPI  ŒÃ¿ÕƒŒ… 0
0043+  7526 CD F3 79    		CALL 	IN_OOUT			;∆ƒ≈Ã Œ“¬≈“¿
0044+  7529 08          		EX 	AF,AF'
0045+  752A 3D          		DEC 	A
0046+  752B CA A3 77    		JP 	Z,ZAW003		;∆ƒ≈Ã œŒ —◊≈“◊» ” 256 –¿«
0047+  752E 08          		EX 	AF,AF'
0048+  752F 3D          		DEC 	A
0049+  7530 20 EE       		JR 	NZ,ZAW001		;∆ƒ≈Ã œŒ ¿  ¿–“¿ Œ“¬≈“»“ ¡¿…“ŒÃ 1
0050+  7532 01 57 00    		LD 	BC,P_DATA
0051+  7535 21 09 7A    		LD 	HL,CMD08
0052+  7538 CD 94 79    		CALL 	OUTCOM			;Œœ–≈ƒ≈Àﬂ≈Ã —œ≈÷»‘» ¿÷»ﬁ  ¿–“€
0053+  753B CD F3 79    		CALL 	IN_OOUT			;¬ "A" Œ“¬≈“  ¿–“€ R1
0054+  753E ED 60       		IN 	H,(C)
0055+  7540 00          		NOP
0056+  7541 ED 60       		IN 	H,(C)	
0057+  7543 00          		NOP
0058+  7544 ED 60       		IN 	H,(C)
0059+  7546 00          		NOP
0060+  7547 ED 60       		IN 	H,(C)			;œ–Œ◊»“¿À» Œ—“¿À‹Õ€≈ ¡¿…“€ ¬ Õ» ”ƒ¿
0061+  7549 CB 57       		BIT 	2,A			;≈—À» Œÿ»¡ ¿, “Œ
0062+  754B 21 00 00    		LD 	HL,0			; ¿–“¿ —œ≈÷»‘» ¿÷»» 1.0
0063+  754E 20 02       		JR 	NZ,ZAW006		;»Õ¿◊≈ 
0064+  7550 26 40       		LD 	H,40h			; ¿–“¿ —œ≈÷»‘» ¿÷»» 2.0
0065+  7552             ZAW006: 		
0066+  7552 3E 77       		LD 	A,CMD_55
0067+  7554 CD 9C 79    		CALL 	OUT_COM			;«¿œ”— ¿≈Ã ¬Õ”“–≈ÕÕﬁﬁ »Õ»÷»¿À»«¿÷»ﬁ  ¿–“€
0068+  7557 CD F3 79    		CALL 	IN_OOUT
0069+  755A 01 57 00    		LD 	BC,P_DATA
0070+  755D 3E 69       		LD 	A,ACMD_41
0071+  755F ED 79       		OUT 	(C),A
0072+  7561 7C          		LD 	A,H
0073+  7562 ED 79       		OUT 	(C),A
0074+  7564 AF          		XOR 	A
0075+  7565 ED 79       		OUT 	(C),A
0076+  7567 00          		NOP
0077+  7568 ED 79       		OUT 	(C),A
0078+  756A 00          		NOP
0079+  756B ED 79       		OUT 	(C),A
0080+  756D 3D          		DEC 	A
0081+  756E ED 79       		OUT 	(C),A
0082+  7570 CD F3 79    		CALL 	IN_OOUT
0083+  7573 A7          		AND 	A
0084+  7574 20 DC       		JR 	NZ,ZAW006		;∆ƒ≈Ã œŒ ¿  ¿–“€ œ≈–≈…ƒ≈“ ¬ –≈∆»Ã √Œ“Œ¬ÕŒ—“»
0085+  7576             ZAW004: 		
0086+  7576 3E 7B       		LD 	A,CMD_59
0087+  7578 CD 9C 79    		CALL 	OUT_COM			;œ–»Õ”ƒ»“≈À‹ÕŒ Œ“ Àﬁ◊¿≈Ã CRC16
0088+  757B CD F3 79    		CALL 	IN_OOUT
0089+  757E A7          		AND 	A
0090+  757F 20 F5       		JR 	NZ,ZAW004
0091+  7581             ZAW005: 		
0092+  7581 21 0F 7A    		LD 	HL,CMD16
0093+  7584 CD 94 79    		CALL 	OUTCOM			;œ–»Õ”ƒ»“≈À‹Õ€… –¿«Ã≈– —≈ “Œ–¿ 512 ¡¿…“
0094+  7587 CD F3 79    		CALL 	IN_OOUT
0095+  758A A7          		AND 	A
0096+  758B 20 F4       		JR 	NZ,ZAW005
0097+  758D             
0098+  758D             ;»Õ»÷»¿À»«¿÷»ﬂ œ≈–≈Ã≈ÕÕ€’ FAT
0099+  758D             WC_FAT: 		
0100+  758D 11 00 00    		LD 	DE,0
0101+  7590 42          		LD 	B,D
0102+  7591 4B          		LD 	C,E
0103+  7592 CD 88 79    		CALL 	LOADLST			;◊»“¿≈Ã —≈ “Œ– 0  ¿–“Œ◊ »
0104+  7595 E5          		PUSH 	HL
0105+  7596 DD E1       		POP 	IX
0106+  7598 11 BE 01    		LD 	DE,01BEh
0107+  759B 19          		ADD 	HL,DE			;œ≈–≈’Œƒ»Ã Õ¿ —Ã≈Ÿ≈Õ»≈ ƒÀﬂ œ–Œ¬≈–Œ 
0108+  759C 7E          		LD 	A,(HL)			;œ–Œ¬≈–ﬂÃ ◊“Œ¡€ ¡€À 0,  ¿–“Œ◊ » Õ≈ ÃŒ√”“ ¡€“‹ «¿√–”«Œ◊Õ€Ã»
0109+  759D E6 7F       		AND 	7Fh
0110+  759F 20 2D       		JR 	NZ,RDFAT05		;≈—À» Õ≈ 0, œ–Œ¬≈–»“‹ ƒ–”√Œ≈
0111+  75A1 11 04 00    		LD 	DE,4
0112+  75A4 19          		ADD 	HL,DE			;œ≈–≈’Œƒ»Ã   œ–Œ¬≈– ≈ “»œ¿ –¿«ƒ≈À¿
0113+  75A5 7E          		LD 	A,(HL)
0114+  75A6 06 00       		LD 	B,0
0115+  75A8 FE 01       		CP 	1			;FAT12?
0116+  75AA 28 18       		JR 	Z,RDFAT06
0117+  75AC 06 02       		LD 	B,2
0118+  75AE FE 0B       		CP 	0Bh			;FAT32?
0119+  75B0 28 12       		JR 	Z,RDFAT06
0120+  75B2 FE 0C       		CP 	0Ch			;FAT32?
0121+  75B4 28 0E       		JR 	Z,RDFAT06
0122+  75B6 06 01       		LD 	B,1
0123+  75B8 FE 04       		CP 	4			;FAT14?
0124+  75BA 28 08       		JR 	Z,RDFAT06
0125+  75BC FE 06       		CP 	6			;FAT16?
0126+  75BE 28 04       		JR 	Z,RDFAT06
0127+  75C0 FE 0E       		CP 	0Eh			;FAT16?
0128+  75C2 20 0A       		JR 	NZ,RDFAT05
0129+  75C4             RDFAT06: 
0130+  75C4 78          		LD 	A,B			;¡≈–≈Ã »« "B" “»œ –¿«ƒ≈À¿
0131+  75C5 32 93 80    		LD 	(CAL_FAT),A		;—Œ’–¿Õ»À»
0132+  75C8 19          		ADD 	HL,DE
0133+  75C9 CD 05 78    		CALL 	LOADZP			;¡≈–≈Ã ÕŒÃ≈– —≈ “Œ–¿ Õ¿◊¿À¿ Œ—ÕŒ¬ÕŒ√Œ –¿«ƒ≈À¿
0134+  75CC 18 4D       		JR 	RDFAT00			;œ≈–≈’Œƒ»Ã   »Õ»÷»¿À»«¿÷»» œ≈–≈Ã≈ÕÕ€’ ƒÀﬂ –¿¡Œ“€ — ‘¿“ŒÃ
0135+  75CE             
0136+  75CE             ;MBR Õ≈ Œ¡Õ¿–”∆≈Õ, œ–Œ¬≈–ﬂ≈Ã —≈ “Œ– 0  ¿–“€  ¿  Œœ»—¿“≈À‹
0137+  75CE             RDFAT05: 	
0138+  75CE DD 4E 0D    		LD 	C,(IX + 0Dh)		;C= ŒÀ»◊≈—“¬Œ —≈ “Œ–Œ¬ ¬  À¿—“≈–≈
0139+  75D1 AF          		XOR 	A
0140+  75D2 5F          		LD 	E,A
0141+  75D3 06 08       		LD 	B,8
0142+  75D5             SDCard_start_01: 
0143+  75D5 CB 19       		RR 	C
0144+  75D7 CE 00       		ADC 	A,0
0145+  75D9 10 FA       		DJNZ 	SDCard_start_01		; ŒÀ»◊≈—“¬Œ —≈ “Œ–Œ¬ ¬  À¿—“≈–≈ ƒŒÀ∆ÕŒ ¡€“‹ —“≈œ≈Õ‹ﬁ 2
0146+  75DB 3D          		DEC 	A
0147+  75DC 20 01       		JR 	NZ,SDCard_start_02	;œ–Œ¬≈–»À»  ŒÀ»◊≈—“¬Œ ¡»“
0148+  75DE 1C          		INC 	E			;+1, ≈—“‹ “¿ Œ≈
0149+  75DF             SDCard_start_02: 
0150+  75DF DD 7E 0E    		LD 	A,(IX + 0Eh)
0151+  75E2 DD B6 0F    		OR 	(IX + 0Fh)
0152+  75E5 28 01       		JR 	Z,SDCard_start_03	; ŒÀ»◊≈—“¬Œ «¿–≈«≈–¬»–Œ¬¿ÕÕ€’ —≈ “Œ–Œ¬ ƒŒÀ∆ÕŒ ¡€“‹ >0
0153+  75E7 1C          		INC 	E			;+1, ≈—“‹ “¿ Œ≈
0154+  75E8             SDCard_start_03: 
0155+  75E8 DD 7E 13    		LD 	A,(IX + 13h)
0156+  75EB DD B6 14    		OR 	(IX + 14h)
0157+  75EE 20 01       		JR 	NZ,SDCard_start_04	; ŒÀ»◊≈—“¬Œ —≈ “Œ–Œ¬ Õ¿ –¿«ƒ≈À≈ ƒÀﬂ ‘¿“16?
0158+  75F0 1C          		INC 	E
0159+  75F1             SDCard_start_04: 
0160+  75F1 DD 7E 20    		LD	A,(IX + 20h)
0161+  75F4 DD B6 21    		OR 	(IX + 21h)
0162+  75F7 DD B6 22    		OR 	(IX + 22h)
0163+  75FA DD B6 23    		OR 	(IX + 23h)
0164+  75FD 20 01       		JR 	NZ,SDCard_start_05	; ŒÀ»◊≈—“¬Œ —≈ “Œ–Œ¬ Õ¿ –¿«ƒ≈À≈ ƒÀﬂ ‘¿“32?
0165+  75FF 1C          		INC 	E			;ŒƒÕŒ »« Õ»’ ƒŒÀ∆ÕŒ ¡€“‹ =0, ƒ–”√Œ≈ >0
0166+  7600             SDCard_start_05: 
0167+  7600 DD 7E 15    		LD 	A,(IX + 15h)
0168+  7603 E6 F0       		AND 	0F0h
0169+  7605 FE F0       		CP 	0F0h
0170+  7607 20 01       		JR 	NZ,SDCard_start_06	;—“¿–ÿ»≈ ¡»“€ ƒŒÀ∆Õ€ ¡€“‹ ¬ 1
0171+  7609 1C          		INC 	E
0172+  760A             SDCard_start_06: 
0173+  760A 7B          		LD 	A,E
0174+  760B FE 04       		CP 	4			;”—ÀŒ¬»ﬂ —Œ¬œ¿À»?
0175+  760D 3E DD       		LD 	A,0DDh			;FAT Õ≈ Õ¿…ƒ≈Õ
0176+  760F 37          		SCF
0177+  7610 C0          		RET 	NZ
0178+  7611 3E FF       		LD 	A,0FFh
0179+  7613 32 93 80    		LD 	(CAL_FAT),A		;“»œ ‘¿“ œŒ ¿ Õ≈ Œœ–≈ƒ≈À≈Õ
0180+  7616 11 00 00    		LD 	DE,0
0181+  7619 42          		LD 	B,D
0182+  761A 4B          		LD 	C,E
0183+  761B             
0184+  761B ED 53 A1 80 RDFAT00		LD 	(STARTRZ),DE
0185+  761F ED 43 A3 80 		LD 	(STARTRZ + 2),BC	;œŒÀŒ∆»À» ÕŒÃ≈– —“¿–“Œ¬Œ√Œ —≈ “Œ–¿ –¿«ƒ≈À¿
0186+  7623 CD 88 79    		CALL 	LOADLST			;«¿√–”«»À» ≈√Œ
0187+  7626 21 00 00    		LD 	HL,0
0188+  7629 ED 5B A9 7E 		LD 	DE,(BUF_512_+ 16h)	;BPB_FATSZ16
0189+  762D 7A          		LD 	A,D
0190+  762E B3          		OR 	E
0191+  762F 20 07       		JR 	NZ,RDFAT01		;≈—À» Õ≈ FAT12/16 (BPB_FATSZ16=0)
0192+  7631 ED 5B B7 7E 		LD 	DE,(BUF_512_+ 24h)
0193+  7635 2A B9 7E    		LD 	HL,(BUF_512_+ 26h)	;BPB_FATSZ32
0194+  7638             						;“Œ ¡≈–≈Ã »« —Ã≈Ÿ≈Õ»ﬂ +36
0195+  7638 22 9D 80    RDFAT01		LD 	(SEC_FAT + 2),HL
0196+  763B ED 53 9B 80 		LD 	(SEC_FAT),DE		;◊»—ÀŒ —≈ “Œ–Œ¬ Õ¿ FAT-“¿¡À»÷”
0197+  763F 21 00 00    		LD 	HL,0
0198+  7642 ED 5B A6 7E 		LD 	DE,(BUF_512_ + 13h)	;BPB_TOTSEC16
0199+  7646 7A          		LD 	A,D
0200+  7647 B3          		OR 	E
0201+  7648 20 07       		JR 	NZ,RDFAT02		;≈—À» Õ≈ FAT12/16 (BPB_TOTSEC16=0)
0202+  764A ED 5B B3 7E 		LD 	DE,(BUF_512_+ 20h)
0203+  764E 2A B5 7E    		LD 	HL,(BUF_512_+ 22h)	;BPB_TOTSEC32
0204+  7651             						;“Œ ¡≈–≈Ã »« —Ã≈Ÿ≈Õ»ﬂ +32
0205+  7651 22 AB 80    RDFAT02		LD 	(SEC_DSC+2),HL
0206+  7654 ED 53 A9 80 		LD 	(SEC_DSC),DE		; -¬Œ —≈ “Œ–Œ¬ Õ¿ ƒ»— ≈/–¿«ƒ≈À≈
0207+  7658             
0208+  7658             ;¬€◊»—Àﬂ≈Ã ROOTDIRSECTORS
0209+  7658 ED 5B A4 7E 		LD 	DE,(BUF_512_+ 11h)	;BPB_ROOTENTCNT
0210+  765C 21 00 00    		LD 	HL,0
0211+  765F 7A          		LD 	A,D
0212+  7660 B3          		OR 	E
0213+  7661 28 08       		JR 	Z,RDFAT03
0214+  7663 44          		LD 	B,H
0215+  7664 4D          		LD 	C,L
0216+  7665 3E 10       		LD 	A,10h
0217+  7667 CD 4A 79    		CALL 	BCDE_A
0218+  766A EB          		EX 	DE,HL
0219+  766B             
0220+  766B             ;›“Œ –≈¿À»«Œ¬¿Õ¿ ‘Œ–Ã”À¿
0221+  766B             ;ROOTDIRSECTORS=((BPB_ROOTENTCNT*32)+(BPB_BYTSPERSEC-1))/BPB_BYTSPERSEC
0222+  766B             ;¬ HL=ROOTDIRSECTORS. ≈—À» FAT32, “Œ HL=0 ¬—≈√ƒ¿
0223+  766B             
0224+  766B E5          RDFAT03		PUSH 	HL			;ROOTDIRSECTORS
0225+  766C 22 99 80    		LD	(ROOTSEC),HL
0226+  766F 3A A3 7E    		LD 	A,(BUF_512_+ 10h)
0227+  7672 ED 5B 9B 80 		LD 	DE,(SEC_FAT)
0228+  7676 2A 9D 80    		LD 	HL,(SEC_FAT+2)
0229+  7679 3D          		DEC 	A
0230+  767A             SDCard_start_07: 
0231+  767A EB          		EX 	DE,HL
0232+  767B 29          		ADD 	HL,HL
0233+  767C EB          		EX 	DE,HL
0234+  767D ED 6A       		ADC 	HL,HL
0235+  767F 3D          		DEC 	A
0236+  7680 20 F8       		JR 	NZ,SDCard_start_07
0237+  7682 C1          		POP 	BC			;œŒÀÕ€… –¿«Ã≈– FAT-Œ¡À¿—“» ¬ —≈ “Œ–¿’
0238+  7683 CD 7F 79    		CALL 	HLDEPBC			;œ–»¡¿¬»À» ROOTDIRSECTORS
0239+  7686 ED 4B A1 7E 		LD 	BC,(BUF_512_+ 0Eh)	;BPB_RSVDSECCNT
0240+  768A ED 43 9F 80 		LD 	(RSVDSEC),BC
0241+  768E CD 7F 79    		CALL 	HLDEPBC			;œ–»¡¿¬»À» BPB_RESVDSECCNT
0242+  7691 ED 53 A5 80 		LD 	(FRSTDAT),DE
0243+  7695 22 A7 80    		LD 	(FRSTDAT + 2),HL	;œŒÀŒ∆»À» ÕŒÃ≈– œ≈–¬Œ√Œ —≈ “Œ–¿ ƒ¿ÕÕ€’
0244+  7698 44          		LD 	B,H
0245+  7699 4D          		LD 	C,L
0246+  769A 21 A9 80    		LD 	HL,SEC_DSC		;BCDE+32-Œ≈ ◊»—ÀŒ œŒ ¿ƒ–≈—” HL
0247+  769D CD 4F 79    		CALL 	BCDEHLM			;¬€◊À» »« œŒÀÕŒ√Œ  -¬¿ —≈ “Œ–Œ¬ –¿«ƒ≈À¿
0248+  76A0 3A A0 7E    		LD 	A,(BUF_512_ + 0Dh)
0249+  76A3 32 94 80    		LD 	(BYTSSEC),A
0250+  76A6 CD 4A 79    		CALL 	BCDE_A			;–¿«ƒ≈À»À» Õ¿  -¬Œ —≈ “Œ–Œ¬ ¬  À¿—“≈–≈
0251+  76A9 ED 53 AD 80 		LD 	(CLS_DSC),DE
0252+  76AD ED 43 AF 80 		LD 	(CLS_DSC+2),BC		;œŒÀŒ∆»À»  ŒÀ-¬Œ  À¿—“≈–Œ¬ Õ¿ –¿«ƒ≈À≈
0253+  76B1             
0254+  76B1 3A 93 80    		LD 	A,(CAL_FAT)
0255+  76B4 FE FF       		CP 	0FFh
0256+  76B6 20 33       		JR 	NZ,RDFAT04
0257+  76B8 ED 5B 9A 80 		LD 	DE,(SEC_FAT-1)		;≈—À» –¿«–ﬂƒÕŒ—“‹ ‘¿“¿ Õ≈ Œœ–≈ƒ≈À≈Õ¿, Œœ–≈ƒ≈Àﬂ≈Ã
0258+  76BC ED 4B 9C 80 		LD 	BC,(SEC_FAT+1)		;¬«ﬂÀ»  ŒÀ»◊≈—“¬Œ  À¿—“≈–Œ¬ Õ¿ –¿«ƒ≈À≈
0259+  76C0 1E 00       		LD 	E,0
0260+  76C2 C5          		PUSH 	BC
0261+  76C3 D5          		PUSH 	DE
0262+  76C4 CB 38       		SRL 	B
0263+  76C6 CB 19       		RR 	C
0264+  76C8 CB 1A       		RR 	D
0265+  76CA CB 1B       		RR 	E
0266+  76CC 21 AD 80    		LD 	HL,CLS_DSC
0267+  76CF E5          		PUSH 	HL
0268+  76D0 CD 6F 79    		CALL 	HLBCDEM
0269+  76D3 7B          		LD 	A,E
0270+  76D4 E6 80       		AND 	80h
0271+  76D6 B2          		OR 	D
0272+  76D7 B1          		OR 	C
0273+  76D8 B0          		OR 	B
0274+  76D9 3E 02       		LD 	A,2
0275+  76DB E1          		POP 	HL
0276+  76DC D1          		POP 	DE
0277+  76DD C1          		POP 	BC
0278+  76DE 28 0B       		JR 	Z,RDFAT04
0279+  76E0 CD 6F 79    		CALL 	HLBCDEM
0280+  76E3 7A          		LD 	A,D
0281+  76E4 B1          		OR 	C
0282+  76E5 B0          		OR 	B
0283+  76E6 3E 01       		LD 	A,1
0284+  76E8 28 01       		JR 	Z,RDFAT04
0285+  76EA AF          		XOR 	A
0286+  76EB             
0287+  76EB             ;ƒÀﬂ FAT12/16 ¬€◊»—Àﬂ≈Ã ¿ƒ–≈— œ≈–¬Œ√Œ —≈ “Œ–¿ ƒ»–≈ “Œ–»»
0288+  76EB             ;ƒÀﬂ FAT32 ¡≈–≈Ã œŒ —Ã≈Ÿ≈Ã»ﬁ +44, Õ¿ ¬€’Œƒ≈ BCDE-—≈ “Œ– ROOTDIR
0289+  76EB F5          RDFAT04		PUSH 	AF
0290+  76EC ED 5B 9F 80 		LD 	DE,(RSVDSEC)
0291+  76F0 01 00 00    		LD 	BC,0
0292+  76F3 21 A1 80    		LD 	HL,STARTRZ
0293+  76F6 CD 5F 79    		CALL 	BCDEHLP
0294+  76F9 ED 53 B1 80 		LD 	(FATSTR),DE
0295+  76FD ED 43 B3 80 		LD 	(FATSTR+2),BC		;¬€◊»—À»À» » œŒÀŒ∆»À» ÕŒÃ≈– —≈ “Œ–¿ Õ¿◊¿À¿ FAT-≈¿¡À»÷
0296+  7701 F1          		POP 	AF
0297+  7702 32 93 80    		LD 	(CAL_FAT),A		;”“Œ◊Õ»À» “»œ ‘¿“¿
0298+  7705 A7          		AND 	A
0299+  7706 11 00 00    		LD 	DE,0
0300+  7709 42          		LD 	B,D
0301+  770A 4B          		LD 	C,E
0302+  770B 28 0B       		JR 	Z,FSRROO2		;FAT12-NONE
0303+  770D 3D          		DEC 	A
0304+  770E 28 08       		JR 	Z,FSRROO2		;FAT16
0305+  7710 ED 5B BF 7E 		LD 	DE,(BUF_512_ + 2Ch)
0306+  7714 ED 4B C1 7E 		LD 	BC,(BUF_512_ + 2Eh)	;FAT32
0307+  7718 ED 53 95 80 FSRROO2		LD 	(ROOTCLS),DE
0308+  771C ED 43 97 80 		LD 	(ROOTCLS+2),BC		;œŒÀŒ∆»À» ÕŒÃ≈–  À¿—“≈– ROOT ƒ»–≈ “Œ–»»
0309+  7720             
0310+  7720 2A C0 80    		LD 	HL,(ADRPATH)		;¬≈–Õ”À» ¿ƒ–≈— —“–Œ » œ”“» ƒŒ ‘¿…À¿
0311+  7723 C5          FINDFL1		PUSH 	BC
0312+  7724 D5          		PUSH 	DE			;—Œ’–¿Õ»À» ÕŒÃ≈–  À¿—“≈–¿
0313+  7725 CD 60 7A    		CALL 	FNDBUF			;–¿—œ¿ Œ¬ ¿ ◊¿—“» “≈ —“Œ¬Œ… —“–Œ » ƒÀﬂ —Œ«ƒ¿Õ»ﬂ Ã¿— » œŒ»— ¿
0314+  7728 D1          		POP 	DE
0315+  7729 C1          		POP 	BC			;¬Œ——“¿ÕŒ¬»À» ÕŒÃ≈–  À¿—“≈–¿
0316+  772A E5          		PUSH 	HL			;—Œ’–¿Õ»À» “≈ ”Ÿ»… ¿ƒ–≈— “≈ —“Œ¬Œ… —“–Œ »
0317+  772B             
0318+  772B 21 93 7A    		LD 	HL,TDIRCLS		;¿ƒ–≈— “¿¡À»÷€  À¿—“≈–Œ¬ “≈ ”Ÿ≈… ƒ»–≈ “Œ–»»
0319+  772E 7A          		LD 	A,D
0320+  772F B3          		OR 	E
0321+  7730 B0          		OR 	B
0322+  7731 B1          		OR 	C
0323+  7732 CD FC 77    		CALL 	SAVEZP			;—Œ’–¿Õ»À» ¬ “¿¡À»÷” ÕŒÃ≈– “≈ ”Ÿ≈√Œ  À¿—“≈–¿
0324+  7735 28 0F       		JR 	Z,LASTCLS		;≈—À» ÕŒÃ≈–  À¿—“≈–¿ 0, “Œ ›“Œ ROOT ƒ»–¿ (ƒÀﬂ ‘¿“12/16)
0325+  7737 E5          NEXTCLS		PUSH 	HL
0326+  7738 CD 65 78    		CALL 	RDFATZP			;◊»“¿≈Ã —À≈ƒ”Ÿ»… ÕŒÃ≈–  À¿—“≈–¿ »« ÷≈œŒ◊ » ƒ»–≈ “Œ–»»
0327+  773B CD 45 78    		CALL 	LST_CLS			;œ–Œ¬≈–ﬂ≈Ã Õ¿  ŒÕ≈÷ ÷≈œŒ◊ »
0328+  773E E1          		POP 	HL
0329+  773F 38 05       		JR 	C,LASTCLS
0330+  7741 CD FC 77    		CALL 	SAVEZP			;≈—À» Õ≈œŒ—À≈ƒÕ»… —Œ’–¿Õﬂ≈Ã ¬ “¿¡À»÷”
0331+  7744 18 F1       		JR 	NEXTCLS			;—À≈ƒ”ﬁŸ»… ÕŒÃ≈–  À¿—“≈–¿
0332+  7746             
0333+  7746 01 FF FF    LASTCLS		LD 	BC,0FFFFh
0334+  7749 CD FC 77    		CALL 	SAVEZP			; À¿ƒ≈Ã Ã¿– ≈–  ŒÕ÷¿ ÷≈œŒ◊ »
0335+  774C             
0336+  774C 03          FINDFL		INC 	BC			;»Ÿ≈Ã œŒ «¿ƒ¿ÕÕŒ… Ã¿— ≈ Õ¿◊»Õ¿ﬂ — 0
0337+  774D CD 0E 78    		CALL 	RDDIRSC			;√–”«»Ã œŒ ÕŒÃ≈–” Œœ»—¿“≈Àﬂ —≈ “Œ– ƒ»–≈ “Œ–»»
0338+  7750 79          		LD 	A,C
0339+  7751 E6 0F       		AND 	0Fh			;¬ —≈ “Œ–≈ Ã¿ —»Ã”Ã 16 Œœ»—¿“≈À≈…
0340+  7753 5F          		LD 	E,A
0341+  7754 16 00       		LD 	D,0
0342+  7756 EB          		EX 	DE,HL
0343+  7757 29          		ADD 	HL,HL
0344+  7758 29          		ADD	HL,HL
0345+  7759 29          		ADD 	HL,HL
0346+  775A 29          		ADD 	HL,HL
0347+  775B 29          		ADD 	HL,HL
0348+  775C 19          		ADD 	HL,DE			;œŒÀ”◊»À» ¿ƒ–≈— Õ”∆ÕŒ√Œ Œœ»—¿“≈Àﬂ
0349+  775D 7E          		LD 	A,(HL)			;œ–Œ¬≈–ﬂ≈Ã œ≈–¬€… ¡¿…“ »Ã≈Õ» Œœ»—¿“≈Àﬂ
0350+  775E A7          		AND 	A
0351+  775F 3E AA       		LD 	A,0AAh			;≈—À» ¡¿…“ =0, “Œ
0352+  7761 CA A7 77    		JP 	Z,WR_STAT		;œ≈–≈’Œƒ œŒ Œÿ»¡ ≈ = ‘¿…À Õ≈ Õ¿…ƒ≈Õ
0353+  7764 E5          		PUSH 	HL
0354+  7765 C5          		PUSH 	BC
0355+  7766 CD 53 7A    		CALL 	COMPARE			;—–¿¬Õ»¬¿≈Ã — «¿ƒ¿ÕÕŒ… Ã¿— Œ…
0356+  7769 C1          		POP 	BC
0357+  776A D1          		POP 	DE
0358+  776B D5          		PUSH 	DE
0359+  776C DD E1       		POP 	IX			;—Œƒ≈–∆»ÃŒ≈ IX=¿ƒ–≈— Œœ»—¿“≈Àﬂ
0360+  776E 20 DC       		JR 	NZ,FINDFL		;Õ≈ —Œ¬œ¿ƒ¿≈“, œ≈–≈’Œƒ»Ã   —À≈ƒ”ﬁŸ≈Ã” Œœ»—¿“≈Àﬁ
0361+  7770 DD 7E 1F    		LD 	A,(IX + 1Fh)
0362+  7773 DD B6 1D    		OR 	(IX + 1Dh)
0363+  7776 DD B6 1C    		OR 	(IX + 1Ch)
0364+  7779 3E 99       		LD 	A,99h
0365+  777B C2 A7 77    		JP 	NZ,WR_STAT
0366+  777E DD 7E 1E    		LD 	A,(IX + 1Eh)
0367+  7781             
0368+  7781 FE 20       		CP 	32			;2 ÏÂ„‡·‡ÈÚ‡
0369+  7783             
0370+  7783 3E 99       		LD 	A,99h
0371+  7785 C2 A7 77    		JP 	NZ,WR_STAT
0372+  7788             
0373+  7788 CD 43 7A    		CALL 	RD_CLAS			;«¿¡»–¿≈Ã ÕŒÃ≈–  À¿—“≈–¿ »« Õ¿…ƒ≈ÕÕŒ√Œ Œœ»—¿“≈Àﬂ
0374+  778B E3          		EX 	(SP),HL			;¬Œ——“¿ÕŒ¬»À» “≈ ”Ÿ»… ¿ƒ–≈— ¬ —“–Œ ≈ œ”“» ƒŒ ‘¿…À¿
0375+  778C 33          		INC 	SP
0376+  778D 33          		INC 	SP			;Ã¿— »–Œ¬ ¿ Õ¿ —“≈ ≈ ¿ƒ–≈—¿ –¿«Ã≈–¿ ¬ ¡¿…“¿’ “≈ ”Ÿ≈√Œ ‘¿…À¿
0377+  778E 7E          		LD 	A,(HL)
0378+  778F A7          		AND 	A			;“≈ —“Œ¬¿ﬂ —“–Œ ¿  ŒÕ◊»À¿—‹?
0379+  7790 20 91       		JR 	NZ,FINDFL1		;≈—À» Õ≈“, “Œ »Ÿ≈Ã ƒ¿À‹ÿ≈
0380+  7792 DD 7E 0B    		LD 	A,(IX + 0Bh)		;œ–Œ¬≈–ﬂ≈Ã ›“Œ ƒ»–¿ »À» ‘¿…À?
0381+  7795 E6 10       		AND 	10h
0382+  7797 20 B3       		JR 	NZ,FINDFL		;≈—À» ƒ»–¿, “Œ œ–ŒƒŒÀ∆¿≈Ã œŒ»— 
0383+  7799             
0384+  7799 ED 43 C4 80 		ld	(NUM_CLS_HIGH),bc	;ÒÓı‡ÌËÏ ÌÓÏÂ ÍÎ‡ÒÚÂ‡, „‰Â Ì‡ıÓ‰ËÚÒˇ Ù‡ÈÎ
0385+  779D ED 53 C6 80 		ld	(NUM_CLS_LOW),de
0386+  77A1 AF          		xor 	a
0387+  77A2 C9          		ret
0388+  77A3             
0389+  77A3             ZAW003: 		
0390+  77A3 3E EE       		ld 	a,0EEh			;¬€ƒ¿◊¿ Œÿ»¡ » "Õ≈“  ¿–“Œ◊ »"
0391+  77A5 37          		scf
0392+  77A6 C9          		ret
0393+  77A7             
0394+  77A7             WR_STAT: 	
0395+  77A7 E1          		pop 	hl
0396+  77A8 37          		scf
0397+  77A9 C9          		ret
0398+  77AA             
0399+  77AA             
0400+  77AA             ; HL  - ¿ƒ–≈— «¿√–”« »
0401+  77AA             ; IXL -  ŒÀ»◊≈—“¬Œ —≈ “Œ–Œ¬ ƒÀﬂ «¿√–”« »
0402+  77AA             ; IXH - –¿«Ã≈–  À¿—“≈–¿
0403+  77AA             ; IYL -
0404+  77AA             ; IYH - —Ã≈Ÿ≈Õ»≈ ¬  À¿—“≈–≈
0405+  77AA             LD_FILE: 
0406+  77AA C5          		PUSH 	BC
0407+  77AB D5          		PUSH 	DE
0408+  77AC E5          		PUSH 	HL
0409+  77AD CD F5 78    		CALL 	REALSEC		;œ≈–≈¬≈À» ÕŒÃ≈–  À¿—“≈–¿ ¬ ÕŒÃ≈– —≈ “Œ–¿
0410+  77B0 FD 7C       		LD 	A,IYH
0411+  77B2 6F          		LD 	L,A
0412+  77B3 26 00       		LD 	H,0
0413+  77B5 19          		ADD 	HL,DE
0414+  77B6 EB          		EX 	DE,HL
0415+  77B7 30 01       		JR 	NC,LD_FILE1
0416+  77B9 03          		INC 	BC			;BCDE=ÕŒÃ≈– —≈ “Œ–¿ Œ“ ”ƒ¿ √–”«»“‹
0417+  77BA             LD_FILE1: 
0418+  77BA DD 7D       		LD 	A,IXL
0419+  77BC DD BC       		CP 	IXH
0420+  77BE DA C3 77    		JP 	C,LD_FILE2
0421+  77C1 DD 7C       		LD 	A,IXH
0422+  77C3             LD_FILE2: 
0423+  77C3 FD 84       		ADD 	A,IYH
0424+  77C5 DD BC       		CP 	IXH
0425+  77C7 DD 7D       		LD 	A,IXL
0426+  77C9 DA D0 77    		JP 	C,LD_FILE5
0427+  77CC DD 7C       		LD 	A,IXH
0428+  77CE FD 94       		SUB 	IYH
0429+  77D0             LD_FILE5: 
0430+  77D0 FD 6F       		LD 	IYL,A			;— ŒÀ‹ Œ —≈ “Œ–Œ¬ —≈…◊¿— √–”«»Ã
0431+  77D2 E1          		POP 	HL			;¬Œ——“¿ÕŒ¬»À» ¿ƒ–≈— «¿√–”« »
0432+  77D3 CD 15 7A    		CALL 	RDMULTI			;«¿√–”«»À» —≈ “Œ–¿
0433+  77D6 D1          		POP 	DE
0434+  77D7 C1          		POP 	BC			;¬Œ——“¿ÕŒ¬»À» ÕŒÃ≈–  À¿—“≈–¿
0435+  77D8 FD 7C       		LD 	A,IYH
0436+  77DA FD 85       		ADD 	A,IYL
0437+  77DC DD BC       		CP	IXH
0438+  77DE DA E3 77    		JP	C,LD_FILE3
0439+  77E1 DD 94       		SUB 	IXH
0440+  77E3             LD_FILE3: 
0441+  77E3 FD 67       		LD 	IYH,A
0442+  77E5 DA F1 77    		JP 	C,LD_FILE4
0443+  77E8 E5          		PUSH 	HL			;—Œ’–¿Õ»À» ¿ƒ–≈— «¿√–”« »
0444+  77E9 CD 65 78    		CALL 	RDFATZP			;œ–Œ◊»“¿À» ÕŒÃ≈– —À≈ƒ”ﬁŸ≈√Œ  À¿—“≈–¿
0445+  77EC CD 45 78    		CALL 	LST_CLS			;œ–Œ¬≈–»À», ¿ ÃŒ∆≈“ ›“Œ œŒ—À≈ƒÕ»…  À¿—“≈–?
0446+  77EF E1          		POP 	HL			;¬Œ——“¿ÕŒ¬»À» ¿ƒ–≈— «¿√–”« »
0447+  77F0 D8          		RET 	C			;≈—À» œŒ—À≈ƒÕ»…, ¬€’Œƒ»Ã
0448+  77F1             LD_FILE4: 
0449+  77F1 DD 7D       		LD 	A,IXL
0450+  77F3 FD 95       		SUB 	IYL
0451+  77F5 C8          		RET	Z
0452+  77F6 DD 6F       		LD 	IXL,A
0453+  77F8 C2 AA 77    		JP 	NZ,LD_FILE
0454+  77FB C9          		RET
0455+  77FC             
0456+  77FC             SAVEZP: 
0457+  77FC 73          		LD 	(HL),E
0458+  77FD 23          		INC 	HL
0459+  77FE 72          		LD 	(HL),D
0460+  77FF 23          		INC 	HL
0461+  7800 71          		LD 	(HL),C
0462+  7801 23          		INC 	HL
0463+  7802 70          		LD 	(HL),B
0464+  7803 23          		INC 	HL
0465+  7804 C9          		RET
0466+  7805             
0467+  7805             LOADZP: 
0468+  7805 5E          		LD 	E,(HL)
0469+  7806 23          		INC 	HL
0470+  7807 56          		LD 	D,(HL)
0471+  7808 23          		INC 	HL
0472+  7809 4E          		LD 	C,(HL)
0473+  780A 23          		INC 	HL
0474+  780B 46          		LD 	B,(HL)
0475+  780C 23          		INC 	HL
0476+  780D C9          		RET
0477+  780E             
0478+  780E             ;◊“≈Õ»≈ —≈ “Œ–¿ DIR œŒ ÕŒÃ≈–” BC
0479+  780E             RDDIRSC: 
0480+  780E C5          		PUSH 	BC
0481+  780F 50          		LD 	D,B
0482+  7810 59          		LD 	E,C
0483+  7811 01 00 00    		LD 	BC,0
0484+  7814 3E 10       		LD 	A,10h
0485+  7816 CD 4A 79    		CALL 	BCDE_A
0486+  7819 7B          		LD 	A,E
0487+  781A F5          		PUSH 	AF
0488+  781B 3A 94 80    		LD 	A,(BYTSSEC)
0489+  781E F5          		PUSH 	AF
0490+  781F CD 4A 79    		CALL 	BCDE_A
0491+  7822 21 93 7A    		LD 	HL,TDIRCLS
0492+  7825 EB          		EX 	DE,HL
0493+  7826 29          		ADD 	HL,HL
0494+  7827 29          		ADD 	HL,HL
0495+  7828 19          		ADD 	HL,DE
0496+  7829 CD 05 78    		CALL 	LOADZP
0497+  782C CD F5 78    		CALL 	REALSEC
0498+  782F F1          		POP 	AF
0499+  7830 3D          		DEC 	A
0500+  7831 6F          		LD 	L,A
0501+  7832 F1          		POP 	AF
0502+  7833 A5          		AND 	L
0503+  7834 6F          		LD 	L,A
0504+  7835 26 00       		LD 	H,0
0505+  7837 19          		ADD 	HL,DE
0506+  7838 EB          		EX 	DE,HL
0507+  7839 21 00 00    		LD 	HL,0
0508+  783C ED 4A       		ADC 	HL,BC
0509+  783E 44          		LD 	B,H
0510+  783F 4D          		LD 	C,L
0511+  7840 CD 88 79    		CALL 	LOADLST
0512+  7843 C1          		POP 	BC
0513+  7844 C9          		RET
0514+  7845             
0515+  7845             ;œ–Œ¬≈– ¿ Õ¿ œŒ—À≈ƒÕ»…  À¿—“≈– ¬ ÷≈œŒ◊ ≈
0516+  7845             LST_CLS: 
0517+  7845 3A 93 80    		LD 	A,(CAL_FAT)		;«¿¬»—»“ Œ“ –¿«–ﬂƒÕŒ—“» ‘¿“¿
0518+  7848 A7          		AND 	A
0519+  7849 C2 52 78    		JP 	NZ,LST_CL1
0520+  784C 21 F7 0F    		LD 	HL,0FF7h		;œ–Œ¬≈– ¿ ƒÀﬂ ‘¿“12
0521+  784F ED 52       		SBC 	HL,DE
0522+  7851 C9          		RET
0523+  7852             
0524+  7852             LST_CL1: 
0525+  7852 3D          		DEC 	A
0526+  7853 C2 5C 78    		JP 	NZ,LST_CL2
0527+  7856             LST_CL3: 
0528+  7856 21 F7 FF    		LD 	HL,0FFF7h		;œ–Œ¬≈– ¿Ã ƒÀﬂ ‘¿“16 » ÃÀ¿ƒÿ»’ ¡»“ ‘¿“32
0529+  7859 ED 52       		SBC 	HL,DE
0530+  785B C9          		RET
0531+  785C             
0532+  785C             LST_CL2: 
0533+  785C 21 FF 0F    		LD 	HL,0FFFh		;œ–Œ¬≈– ¿ ƒÀﬂ —“¿–ÿ»’ ¡»“ ‘¿“32
0534+  785F ED 42       		SBC 	HL,BC
0535+  7861 C0          		RET 	NZ
0536+  7862 C3 56 78    		JP 	LST_CL3
0537+  7865             
0538+  7865             ;◊“≈Õ»≈ —À≈ƒ”ﬁŸ≈√Œ ÕŒÃ≈–¿  À¿—“≈–¿ ¬ ÷≈œŒ◊ ≈
0539+  7865             RDFATZP: 
0540+  7865 3A 93 80    		LD	A,(CAL_FAT)		;◊“≈Õ»≈ «¿¬»—»“ Œ“ –¿«–¿ƒÕŒ—“» ‘¿“¿
0541+  7868 A7          		AND 	A
0542+  7869 CA A4 78    		JP 	Z,RDFATS0		;œ≈–≈’Œƒ ¬œ≈–≈ƒ ƒÀﬂ ‘¿“12
0543+  786C 3D          		DEC 	A
0544+  786D CA 88 78    		JP 	Z,RDFATS1		;œ≈–≈’Œƒ ¬œ≈–≈ƒ ƒÀﬂ ‘¿“16
0545+  7870 EB          		EX 	DE,HL			;«ƒ≈—‹ ◊“≈Õ»≈ ƒÀﬂ ‘¿“32
0546+  7871 29          		ADD 	HL,HL
0547+  7872 EB          		EX 	DE,HL
0548+  7873 21 00 00    		LD 	HL,0
0549+  7876 ED 4A       		ADC 	HL,BC
0550+  7878 ED 4A       		ADC 	HL,BC			;”ÃÕŒ∆»À» ÕŒÃ≈–  À¿—“≈–¿ Õ¿ 2
0551+  787A 7B          		LD 	A,E
0552+  787B 5A          		LD 	E,D
0553+  787C 55          		LD 	D,L
0554+  787D 4C          		LD 	C,H
0555+  787E 06 00       		LD 	B,0			;–¿«ƒ≈À»À» ÕŒÃ≈–  À¿—“≈–¿ Õ¿ 256
0556+  7880 CD 8E 78    		CALL 	RDFATS2			;◊»“¿≈Ã ÃÀ¿ƒÿ»≈ 16 ¡»“ »—œŒÀ‹«”ﬂ ◊“≈Õ»≈ ƒÀﬂ ‘¿“16
0557+  7883 23          		INC 	HL
0558+  7884 4E          		LD 	C,(HL)
0559+  7885 23          		INC 	HL
0560+  7886 46          		LD 	B,(HL)			;œ–Œ◊»“¿À» œŒ—À≈ƒ”ﬁŸ»≈ —“¿–ÿ»≈ 16 ¡»“
0561+  7887 C9          		RET
0562+  7888             
0563+  7888             RDFATS1: 
0564+  7888 01 00 00    		LD 	BC,0
0565+  788B 7B          		LD 	A,E
0566+  788C 5A          		LD 	E,D
0567+  788D 51          		LD 	D,C			;–¿«ƒ≈À»À» ÕŒÃ≈–  À¿—“≈–¿ Õ¿ 256, —“¿–ÿ»≈ 16 ¡»“ =0
0568+  788E             RDFATS2: 
0569+  788E F5          		PUSH 	AF			;Œ¡Ÿ≈≈ ◊“≈Õ»≈ 16 ¡»“ÕŒ√Œ ÕŒÃ≈–¿  À¿—“≈–¿ ƒÀﬂ ‘¿“16/32
0570+  788F C5          		PUSH 	BC
0571+  7890 21 B1 80    		LD 	HL,FATSTR
0572+  7893 CD 5F 79    		CALL 	BCDEHLP
0573+  7896 CD 88 79    		CALL 	LOADLST			;«¿√–”«»À» ¬€◊»—À≈ÕÕ€… ÕŒÃ≈– —≈ “Œ–¿
0574+  7899 C1          		POP 	BC
0575+  789A F1          		POP 	AF
0576+  789B 5F          		LD 	E,A
0577+  789C 16 00       		LD 	D,0
0578+  789E 19          		ADD 	HL,DE
0579+  789F 19          		ADD 	HL,DE			;¬€◊»—À»À» —Ã≈Ÿ≈Õ»≈ ƒŒ Õ”∆ÕŒ√Œ ÕŒÃ≈–¿ ¬ «¿√–”∆≈ÕÕŒÃ —≈ “Œ–≈
0580+  78A0 5E          		LD 	E,(HL)
0581+  78A1 23          		INC 	HL
0582+  78A2 56          		LD 	D,(HL)			;œŒÀ”◊»À» 16 ¡»“ ÕŒÃ≈–¿  À¿—“≈–¿
0583+  78A3 C9          		RET
0584+  78A4             
0585+  78A4             ;◊“≈Õ»≈ 12 ¡»“ÕŒ√Œ ÕŒÃ≈–¿  À¿—“≈–¿ »« ÷≈œŒ◊ » ƒÀﬂ ‘¿“12
0586+  78A4             RDFATS0: 
0587+  78A4 62          		LD 	H,D
0588+  78A5 6B          		LD 	L,E
0589+  78A6 29          		ADD 	HL,HL
0590+  78A7 19          		ADD 	HL,DE			;HL=HL*3
0591+  78A8 CB 3C       		SRL 	H
0592+  78AA CB 1D       		RR 	L			;HL=HL/2 - ¬ »“Œ√≈ ”ÃÕŒ∆»À» ÕŒÃ≈–  À¿—“≈–¿ Õ¿ 1,5
0593+  78AC 7B          		LD 	A,E			;A-Õ¿Ã »Õ“≈–≈—≈Õ “ŒÀ‹ Œ ¡»“ ÕŒÃ≈– —“¿–Œ√Œ ÕŒÃ≈–¿  À¿—“≈–¿
0594+  78AD 5C          		LD 	E,H
0595+  78AE 16 00       		LD 	D,0
0596+  78B0 42          		LD 	B,D
0597+  78B1 4A          		LD 	C,D			;–¿«ƒ≈À»À» ÕŒÃ≈–  À¿—“≈–¿ Õ¿ 256
0598+  78B2 CB 3B       		SRL 	E
0599+  78B4 F5          		PUSH 	AF
0600+  78B5 E5          		PUSH 	HL
0601+  78B6 21 B1 80    		LD 	HL,FATSTR
0602+  78B9 CD 5F 79    		CALL 	BCDEHLP
0603+  78BC CD 88 79    		CALL 	LOADLST			;«¿√–”«»À» ¬€◊»—À≈ÕÕ€… —≈ “Œ–
0604+  78BF C1          		POP 	BC
0605+  78C0 78          		LD 	A,B
0606+  78C1 E6 01       		AND 	1
0607+  78C3 47          		LD 	B,A			;BC=—Ã≈Ÿ≈Õ»≈ ¬ «¿√–”∆≈ÕÕŒÃ —≈ “Œ–≈
0608+  78C4 09          		ADD 	HL,BC			;HL=¿ƒ–≈— Œ“ ”ƒ¿ ◊»“¿“‹ ¡¿…“€ ÕŒÃ≈–¿  À¿—“≈–¿
0609+  78C5 46          		LD 	B,(HL)			;œ–Œ◊»“¿À» ÃÀ¿ƒÿ”ﬁ ◊¿—“‹ ÕŒÃ≈–¿  À¿—“≈–¿
0610+  78C6 23          		INC 	HL			;¿ƒ–≈— —À≈ƒ”ﬁŸ≈√Œ ¡¿…“¿
0611+  78C7 7C          		LD 	A,H
0612+  78C8 FE 80       		CP 	HIGH (BUF_512_)+2	;œ–Œ¬≈– ¿ Õ¿ œ≈–≈’Œƒ √–¿Õ»÷€ «¿√–”∆≈ÕÕŒ√Œ —≈ “Œ–¿
0613+  78CA C2 D6 78    		JP 	NZ,RDFATS4
0614+  78CD C5          		PUSH 	BC			;¬€’Àƒ «¿ œ–≈ƒ≈À€ “≈ ”Ÿ≈√Œ «¿√–”∆≈ÕÕŒ√Œ —≈ “Œ–¿
0615+  78CE 01 00 00    		LD 	BC,0
0616+  78D1 13          		INC 	DE
0617+  78D2 CD 88 79    		CALL 	LOADLST			;«¿√–”∆¿≈Ã —À≈ƒ”ﬁŸ»… —≈ “Œ– ‘¿“ “¿¡À»÷€
0618+  78D5 C1          		POP 	BC
0619+  78D6             RDFATS4: 
0620+  78D6 F1          		POP 	AF
0621+  78D7 56          		LD 	D,(HL)			;◊»“¿≈Ã —“¿–ÿ»≈ ¡»“€ ÕŒÃ≈–¿  À¿—“≈–¿
0622+  78D8 58          		LD 	E,B			;“≈œ≈–‹ DE=ÕŒÃ≈– —À≈ƒ”ﬁŸ≈√Œ  À¿—“≈–¿ ¬ ÷≈œŒ◊ ≈
0623+  78D9 01 00 00    		LD 	BC,0
0624+  78DC 1F          		RRA				;œ–Œ¬≈–ﬂ≈Ã ¡»“ 0 —“¿–Œ√Œ ÕŒÃ≈–¿  À¿—“≈–¿
0625+  78DD D2 F0 78    		JP 	NC,RDFATS3
0626+  78E0 CB 3A       		SRL 	D			;—ƒ¬»√¿≈Ã ÕŒÃ≈– œ–Œ◊»“¿ÕÕŒ√Œ ÕŒÃ≈–¿  À¿—“≈–¿ ¬ ÃÀ¿ƒÿ»≈ 12 ¡»“
0627+  78E2 CB 1B       		RR 	E
0628+  78E4 CB 3A       		SRL 	D
0629+  78E6 CB 1B       		RR 	E
0630+  78E8 CB 3A       		SRL 	D
0631+  78EA CB 1B       		RR 	E
0632+  78EC CB 3A       		SRL 	D
0633+  78EE CB 1B       		RR 	E
0634+  78F0             RDFATS3: 
0635+  78F0 7A          		LD 	A,D
0636+  78F1 E6 0F       		AND 	0Fh
0637+  78F3 57          		LD 	D,A			;—¡–Œ—»À» Õ≈«Õ¿◊¿Ÿ»≈ —“¿–ÿ»≈ 4 ¡»“¿ ” œŒÀ”◊≈ÕÕŒ√Œ ÕŒÃ≈–¿  À¿—“≈–¿
0638+  78F4 C9          		RET
0639+  78F5             
0640+  78F5             ;¬€◊»—À≈Õ»≈ –≈¿À‹ÕŒ√Œ —≈ “Œ–¿
0641+  78F5             ;Õ¿ ¬’Œƒ≈ BCDE=ÕŒÃ≈–  À¿—“≈–¿ FAT
0642+  78F5             ;Õ¿ ¬€’Œƒ≈ BCDE=ÕŒÃ≈– –≈¿À‹ÕŒ√Œ —≈ “Œ–¿
0643+  78F5             REALSEC: 
0644+  78F5 78          		LD 	A,B
0645+  78F6 B1          		OR 	C
0646+  78F7 B2          		OR 	D
0647+  78F8 B3          		OR 	E
0648+  78F9 C2 0F 79    		JP 	NZ,REALSE1		;BCDE=0?
0649+  78FC 21 9B 80    		LD 	HL,SEC_FAT		;›“Œ ROOT ƒ»–≈ “Œ–»ﬂ ” ‘¿“12/16
0650+  78FF ED 5B B1 80 		LD 	DE,(FATSTR)		;Ã≈—“ŒœŒÀŒ∆≈Õ»≈ ROOT ƒ»–€ —–¿«” œŒ—À≈ ‘¿“ “¿¡À»÷€
0651+  7903 ED 4B B3 80 		LD 	BC,(FATSTR+2)
0652+  7907 E5          		PUSH 	HL
0653+  7908 CD 5F 79    		CALL 	BCDEHLP			;œ–»¡¿¬»À»   Õ¿◊¿À” ‘¿“ “¿¡À»÷€ ≈≈ –¿«Ã≈–
0654+  790B E1          		POP 	HL
0655+  790C C3 5F 79    		JP 	BCDEHLP			;œ–»¡¿¬»À» ≈Ÿ≈ –¿« » œŒÀ”◊»À» ÕŒÃ≈– —≈ “Œ–¿ Õ¿◊¿À¿ ROOT ƒ»–€
0656+  790F             
0657+  790F             REALSE1: 
0658+  790F 21 FE FF    		LD 	HL,0FFFEh
0659+  7912 EB          		EX 	DE,HL
0660+  7913 19          		ADD 	HL,DE
0661+  7914 EB          		EX 	DE,HL
0662+  7915 23          		INC 	HL
0663+  7916 ED 4A       		ADC 	HL,BC			;HLDE=ÕŒÃ≈–  À¿—“≈–¿-2
0664+  7918 3A 94 80    		LD 	A,(BYTSSEC)		;Õ”∆ÕŒ ”ÃÕŒ∆»“‹ Õ¿ –¿«Ã≈–  À¿—“≈–¿
0665+  791B C3 26 79    		JP 	REALSE2
0666+  791E             
0667+  791E             REALSE3: 
0668+  791E CB 23       		SLA 	E
0669+  7920 CB 12       		RL 	D
0670+  7922 CB 15       		RL	L
0671+  7924 CB 14       		RL 	H
0672+  7926             REALSE2: 
0673+  7926 0F          		RRCA
0674+  7927 D2 1E 79    		JP 	NC,REALSE3		;”ÃÕŒ∆»À» Õ¿ –¿«Ã≈–  À¿—“≈–¿
0675+  792A 44          		LD 	B,H
0676+  792B 4D          		LD 	C,L
0677+  792C 21 A1 80    		LD 	HL,STARTRZ
0678+  792F CD 5F 79    		CALL 	BCDEHLP			;œ–»¡¿¬»À» —Ã≈Ÿ≈Õ»≈ Œ“ Õ¿◊¿À¿ ƒ»— ¿
0679+  7932 21 A5 80    		LD 	HL,FRSTDAT
0680+  7935 C3 5F 79    		JP 	BCDEHLP			;œ–»¡¿¬»À» —Ã≈Ÿ≈Õ»≈ Œ“ Õ¿◊¿À¿ –¿«ƒ≈À¿
0681+  7938             
0682+  7938             ;BCDE=BCDE/512
0683+  7938             BCDE200: 
0684+  7938 5A          		LD 	E,D
0685+  7939 51          		LD 	D,C
0686+  793A 48          		LD 	C,B
0687+  793B 06 00       		LD 	B,0
0688+  793D 3E 02       		LD 	A,2
0689+  793F C3 4A 79    		JP 	BCDE_A
0690+  7942             
0691+  7942             ;BCDE>>A=BCDE
0692+  7942             BCDE_A1: 
0693+  7942 CB 38       		SRL 	B
0694+  7944 CB 19       		RR 	C
0695+  7946 CB 1A       		RR 	D
0696+  7948 CB 1B       		RR 	E
0697+  794A             BCDE_A: 
0698+  794A 0F          		RRCA
0699+  794B D2 42 79    		JP 	NC,BCDE_A1
0700+  794E C9          		RET
0701+  794F             
0702+  794F             ;(ADR)-BCDE=BCDE
0703+  794F             BCDEHLM: 
0704+  794F 7E          		LD 	A,(HL)
0705+  7950 23          		INC 	HL
0706+  7951 93          		SUB 	E
0707+  7952 5F          		LD 	E,A
0708+  7953 7E          		LD 	A,(HL)
0709+  7954 23          		INC 	HL
0710+  7955 9A          		SBC 	A,D
0711+  7956 57          		LD 	D,A
0712+  7957 7E          		LD 	A,(HL)
0713+  7958 23          		INC 	HL
0714+  7959 99          		SBC 	A,C
0715+  795A 4F          		LD 	C,A
0716+  795B 7E          		LD 	A,(HL)
0717+  795C 98          		SBC 	A,B
0718+  795D 47          		LD 	B,A
0719+  795E C9          		RET
0720+  795F             
0721+  795F             ;(ADR)+BCDE=BCDE
0722+  795F             BCDEHLP: 
0723+  795F 7E          		LD 	A,(HL)
0724+  7960 23          		INC 	HL
0725+  7961 83          		ADD 	A,E
0726+  7962 5F          		LD 	E,A
0727+  7963 7E          		LD 	A,(HL)
0728+  7964 23          		INC 	HL
0729+  7965 8A          		ADC 	A,D
0730+  7966 57          		LD 	D,A
0731+  7967 7E          		LD 	A,(HL)
0732+  7968 23          		INC 	HL
0733+  7969 89          		ADC 	A,C
0734+  796A 4F          		LD 	C,A
0735+  796B 7E          		LD 	A,(HL)
0736+  796C 88          		ADC 	A,B
0737+  796D 47          		LD 	B,A
0738+  796E C9          		RET
0739+  796F             
0740+  796F             ;BCDE-(ADR)=BCDE
0741+  796F             HLBCDEM: 
0742+  796F 7B          		LD 	A,E
0743+  7970 96          		SUB 	(HL)
0744+  7971 23          		INC 	HL
0745+  7972 5F          		LD 	E,A
0746+  7973 7A          		LD 	A,D
0747+  7974 9E          		SBC 	A,(HL)
0748+  7975 23          		INC 	HL
0749+  7976 57          		LD 	D,A
0750+  7977 79          		LD 	A,C
0751+  7978 9E          		SBC 	A,(HL)
0752+  7979 23          		INC 	HL
0753+  797A 4F          		LD 	C,A
0754+  797B 78          		LD 	A,B
0755+  797C 9E          		SBC 	A,(HL)
0756+  797D 47          		LD 	B,A
0757+  797E C9          		RET
0758+  797F             
0759+  797F             ;HLDE+BC=HLDE
0760+  797F             HLDEPBC: 
0761+  797F EB          		EX 	DE,HL
0762+  7980 09          		ADD 	HL,BC
0763+  7981 EB          		EX 	DE,HL
0764+  7982 01 00 00    		LD 	BC,0
0765+  7985 ED 4A       		ADC 	HL,BC
0766+  7987 C9          		RET
0767+  7988             
0768+  7988             ;√–”«»À ¿ ŒƒÕŒ√Œ —≈ “Œ–¿
0769+  7988             LOADLST: 
0770+  7988 21 93 7E    		LD 	HL,BUF_512_		;¿ƒ–≈— ¡”‘≈–¿ —≈ “Œ–¿
0771+  798B 3E 01       		LD 	A,1			;√–”«»“‹ 1 —≈ “Œ–
0772+  798D CD 15 7A    		CALL 	RDMULTI			;«¿√–”«»À» —≈ “Œ–
0773+  7990 21 93 7E    		LD 	HL,BUF_512_		;Õ¿ ¬€’Œƒ≈ HL=¿ƒ–≈— Õ¿◊¿À¿ ¡”‘≈–¿ «¿√–”∆≈ÕÕŒ√Œ —≈ “Œ–¿
0774+  7993 C9          		RET
0775+  7994             
0776+  7994             ;œŒƒ¿◊¿  ŒÃ¿Õƒ€ ¬ SD  ¿–“” ¡≈« œ¿–¿Ã≈“–Œ¬
0777+  7994             OUTCOM: 
0778+  7994 C5          		PUSH 	BC
0779+  7995 01 57 06    		LD 	BC,0600h + P_DATA	;¬€ƒ¿“‹ ¬ œŒ–“ 6 ¡¿…“
0780+  7998 ED B3       		OTIR
0781+  799A C1          		POP 	BC
0782+  799B C9          		RET
0783+  799C             
0784+  799C             ;¬€ƒ¿◊¿ ¬ œŒ–“ SD  ¿–“€  ŒÃ¿Õƒ€ — œ¿–¿Ã≈“–ŒÃ 0
0785+  799C             OUT_COM: 
0786+  799C C5          		PUSH 	BC
0787+  799D 01 57 00    		LD 	BC,P_DATA
0788+  79A0 ED 79       		OUT 	(C),A		;Œ“œ–¿¬»À»  Œƒ  ŒÃ¿Õƒ€
0789+  79A2 AF          		XOR 	A
0790+  79A3 ED 79       		OUT 	(C),A		;¡»“€ 31-24 œ¿–¿Ã≈“–¿
0791+  79A5 00          		NOP
0792+  79A6 ED 79       		OUT 	(C),A		;¡»“€ 23-16 œ¿–¿Ã≈“–¿
0793+  79A8 00          		NOP
0794+  79A9 ED 79       		OUT 	(C),A		;¡»“€ 15-8 œ¿–¿Ã≈“–¿
0795+  79AB 00          		NOP
0796+  79AC ED 79       		OUT 	(C),A		;¡»“€ 7-0 œ¿–¿Ã≈“–¿
0797+  79AE 3D          		DEC 	A
0798+  79AF ED 79       		OUT 	(C),A		;¡≈« CRC16
0799+  79B1 C1          		POP 	BC
0800+  79B2 C9          		RET
0801+  79B3             
0802+  79B3             SECM200: 
0803+  79B3 E5          		PUSH 	HL
0804+  79B4 C5          		PUSH 	BC
0805+  79B5 3E 7A       		LD 	A,CMD_58
0806+  79B7 CD 9C 79    		CALL 	OUT_COM
0807+  79BA CD F3 79    		CALL 	IN_OOUT
0808+  79BD 01 57 00    		LD 	BC,P_DATA
0809+  79C0 ED 60       		IN 	H,(C)
0810+  79C2 00          		NOP
0811+  79C3 ED 78       		IN 	A,(C)
0812+  79C5 00          		NOP
0813+  79C6 ED 78       		IN 	A,(C)
0814+  79C8 00          		NOP
0815+  79C9 ED 78       		IN 	A,(C)
0816+  79CB CB 74       		BIT 	6,H
0817+  79CD E1          		POP 	HL
0818+  79CE C2 DB 79    		JP 	NZ,SECN200
0819+  79D1 EB          		EX 	DE,HL
0820+  79D2 29          		ADD 	HL,HL
0821+  79D3 EB          		EX 	DE,HL
0822+  79D4 ED 6A       		ADC 	HL,HL
0823+  79D6 65          		LD 	H,L
0824+  79D7 6A          		LD 	L,D
0825+  79D8 53          		LD 	D,E
0826+  79D9 1E 00       		LD 	E,0
0827+  79DB             SECN200: 
0828+  79DB 3E 52       		LD 	A,CMD_18
0829+  79DD 0E 57       		LD 	C,P_DATA
0830+  79DF ED 79       		OUT 	(C),A
0831+  79E1 00          		NOP
0832+  79E2 ED 61       		OUT 	(C),H
0833+  79E4 00          		NOP
0834+  79E5 ED 69       		OUT 	(C),L
0835+  79E7 00          		NOP
0836+  79E8 ED 51       		OUT 	(C),D
0837+  79EA 00          		NOP
0838+  79EB ED 59       		OUT 	(C),E
0839+  79ED 3E FF       		LD 	A,0FFh
0840+  79EF ED 79       		OUT 	(C),A
0841+  79F1 E1          		POP 	HL
0842+  79F2 C9          		RET
0843+  79F3             
0844+  79F3             IN_OOUT: 
0845+  79F3 D5          		PUSH 	DE
0846+  79F4 11 FF 04    		LD 	DE,04FFh
0847+  79F7             IN_WAIT: 
0848+  79F7 DB 57       		IN 	A,(P_DATA)
0849+  79F9 BB          		CP 	E
0850+  79FA C2 01 7A    		JP 	NZ,IN_EXIT
0851+  79FD             IN_NEXT: 
0852+  79FD 15          		DEC 	D
0853+  79FE C2 F7 79    		JP 	NZ,IN_WAIT
0854+  7A01             IN_EXIT: 
0855+  7A01 D1          		POP 	DE
0856+  7A02 C9          		RET
0857+  7A03             
0858+  7A03             CMD00: 
0859+  7A03             		DB 	40h,00h,00h,00h,00h,95h		;GO_IDLE_STATE
0859+  7A03 400000000095
0860+  7A09             CMD08: 
0861+  7A09             		DB 	48h,00h,00h,01h,0AAh,87h	;SEND_IF_COND
0861+  7A09 48000001AA87
0862+  7A0F             CMD16: 
0863+  7A0F             		DB 	50h,00h,00h,02h,00h,0FFh	;SET_BLOCKEN
0863+  7A0F 5000000200FF
0864+  7A15             
0865+  7A15             ;ÃÕŒ√Œ —≈ “Œ–ÕŒ≈ ◊“≈Õ»≈ — SD  ¿–“€
0866+  7A15             RDMULTI: 
0867+  7A15 08          		EX 	AF,AF'
0868+  7A16 CD B3 79    		CALL 	SECM200
0869+  7A19 08          		EX 	AF,AF'
0870+  7A1A 01 57 00    		LD 	BC,P_DATA
0871+  7A1D             RDMULT1: 
0872+  7A1D 08          		EX 	AF,AF'
0873+  7A1E             RDMULT2: 
0874+  7A1E CD F3 79    		CALL 	IN_OOUT
0875+  7A21 FE FE       		CP 	0FEh
0876+  7A23 C2 1E 7A    		JP 	NZ,RDMULT2
0877+  7A26 ED B2       		INIR
0878+  7A28 00          		NOP
0879+  7A29 ED B2       		INIR
0880+  7A2B 00          		NOP
0881+  7A2C ED 78       		IN 	A,(C)
0882+  7A2E 00          		NOP
0883+  7A2F ED 78       		IN 	A,(C)
0884+  7A31 08          		EX 	AF,AF'
0885+  7A32 3D          		DEC 	A
0886+  7A33 C2 1D 7A    		JP 	NZ,RDMULT1
0887+  7A36 3E 4C       		LD 	A,CMD_12
0888+  7A38 CD 9C 79    		CALL 	OUT_COM
0889+  7A3B             SDCard_start_08: 
0890+  7A3B CD F3 79    		CALL 	IN_OOUT
0891+  7A3E 3C          		INC 	A
0892+  7A3F C2 3B 7A    		JP 	NZ,SDCard_start_08
0893+  7A42 C9          		RET
0894+  7A43             
0895+  7A43             ;¬€¡Œ– ¿ ÕŒÃ≈–¿  À¿—“≈–¿ »« ‘¿…ÀŒ¬Œ√Œ Œœ»—¿“≈Àﬂ
0896+  7A43             RD_CLAS: 
0897+  7A43 EB          		EX 	DE,HL
0898+  7A44 11 14 00    		LD 	DE,14h		;—“¿–ÿ»≈ 16 ¡»“ ◊»“¿≈Ã »« —Ã≈Ÿ≈Õ»ﬂ +20
0899+  7A47 19          		ADD 	HL,DE
0900+  7A48 4E          		LD 	C,(HL)
0901+  7A49 23          		INC 	HL
0902+  7A4A 46          		LD 	B,(HL)
0903+  7A4B 1E 05       		LD 	E,5			;ÃÀ¿ƒÿ»≈ 16 ¡»“ ◊»“¿≈Ã »« —Ã≈Ÿ≈Õ»ﬂ +26
0904+  7A4D 19          		ADD 	HL,DE
0905+  7A4E 5E          		LD 	E,(HL)
0906+  7A4F 23          		INC 	HL
0907+  7A50 56          		LD 	D,(HL)
0908+  7A51 23          		INC 	HL
0909+  7A52 C9          		RET
0910+  7A53             
0911+  7A53             ;œ–Œ¬≈– ¿ œŒ Ã¿— ≈
0912+  7A53             COMPARE: 
0913+  7A53 11 B5 80    		LD 	DE,FB_EXT
0914+  7A56 06 0B       		LD 	B,0Bh
0915+  7A58             SDCard_start_09: 
0916+  7A58 1A          		LD 	A,(DE)
0917+  7A59 BE          		CP 	(HL)
0918+  7A5A C0          		RET 	NZ
0919+  7A5B 23          		INC 	HL
0920+  7A5C 13          		INC 	DE
0921+  7A5D 10 F9       		DJNZ 	SDCard_start_09
0922+  7A5F C9          		RET
0923+  7A60             
0924+  7A60             ;–¿—œ¿ Œ¬Ÿ»  œ”“»   ‘¿…À”
0925+  7A60             FNDBUF: 
0926+  7A60             		
0927+  7A60 01 02 08    		LD 	BC,0802h
0928+  7A63 11 B5 80    		LD 	DE,FB_EXT
0929+  7A66             FNDBUF4: 
0930+  7A66 7E          		LD 	A,(HL)
0931+  7A67 23          		INC 	HL
0932+  7A68 FE 2E       		CP 	2Eh
0933+  7A6A 28 11       		JR 	Z,FNDBUF2
0934+  7A6C FE 5C       		CP 	5Ch
0935+  7A6E 28 0A       		JR 	Z,FNDBUF5
0936+  7A70 12          		LD 	(DE),A
0937+  7A71 13          		INC 	DE
0938+  7A72 10 F2       		DJNZ 	FNDBUF4
0939+  7A74 7E          		LD 	A,(HL)
0940+  7A75 A7          		AND 	A
0941+  7A76 C8          		RET 	Z
0942+  7A77 23          		INC 	HL
0943+  7A78 18 0D       		JR 	FNDBUF3
0944+  7A7A             
0945+  7A7A             FNDBUF5: 
0946+  7A7A 79          		LD 	A,C
0947+  7A7B A7          		AND 	A
0948+  7A7C C8          		RET 	Z
0949+  7A7D             FNDBUF2: 
0950+  7A7D 78          		LD 	A,B
0951+  7A7E A7          		AND 	A
0952+  7A7F 28 06       		JR 	Z,FNDBUF3
0953+  7A81 3E 20       		LD 	A,20h
0954+  7A83             SDCard_start_0A: 
0955+  7A83 12          		LD 	(DE),A
0956+  7A84 13          		INC 	DE
0957+  7A85 10 FC       		DJNZ 	SDCard_start_0A
0958+  7A87             FNDBUF3: 
0959+  7A87 06 03       		LD 	B,3
0960+  7A89 0D          		DEC 	C
0961+  7A8A 2B          		DEC 	HL
0962+  7A8B 7E          		LD 	A,(HL)
0963+  7A8C FE 5C       		CP 	5Ch
0964+  7A8E 28 D6       		JR 	Z,FNDBUF4
0965+  7A90 23          		INC 	HL
0966+  7A91 18 D3       		JR 	FNDBUF4
0967+  7A93             ;-------------------------------------------------------------------
0968+  7A93             ; ÓÔËÒ‡ÌËÂ: œÂÂÏÂÌÌ˚Â
0969+  7A93             ;---------------------------------------------------------------------
0970+  7A93             TDIRCLS: 
0971+  7A93 00          		ds 	1024				;0X400 ¡”‘≈–  À¿—“≈–Œ¬ ROOT ƒ»–≈ “Œ–»»
0972+  7E93             BUF_512_: 
0973+  7E93 00          		ds	512				;0X200 ¡”‘≈– —≈ “Œ–¿
0974+  8093             CAL_FAT: 
0975+  8093 00          		ds	1				;1  ¿À»¡– FAT
0976+  8094             BYTSSEC: 
0977+  8094 00          		ds 	1				;1  ŒÀ»◊≈—“¬Œ —≈ “Œ–Œ¬ ¬  À¿—“≈–≈
0978+  8095             ROOTCLS: 
0979+  8095 00          		ds 	4				;4 —≈ “Œ– Õ¿◊¿À¿ ROOT ƒ»–≈ “Œ–»»
0980+  8099             ROOTSEC: 
0981+  8099 00          		ds 	2				;2 –¿«Ã≈– ¬ —≈ “Œ–¿’ ROOT ƒ»–≈ “Œ–»»
0982+  809B             SEC_FAT: 
0983+  809B 00          		ds 	4				;4  ŒÀ»◊≈—“¬Œ —≈ “Œ–Œ¬ ŒƒÕŒ… FAT
0984+  809F             RSVDSEC: 
0985+  809F 00          		ds 	2				;2 –¿«Ã≈– –≈«≈–¬ÕŒ… Œ¡À¿—“»
0986+  80A1             STARTRZ: 
0987+  80A1 00          		ds 	4				;4 Õ¿◊¿ÀŒ ƒ»— ¿/–¿«ƒ≈À¿
0988+  80A5             FRSTDAT: 
0989+  80A5 00          		ds 	4				;4 ¿ƒ–≈— œ≈–¬Œ√Œ —≈ “Œ–¿ ƒ¿ÕÕ€’ Œ“ BPB
0990+  80A9             SEC_DSC: 
0991+  80A9 00          		ds 	4				;4  ŒÀ»◊≈—“¬Œ —≈ “Œ–Œ¬ Õ¿ ƒ»— ≈/–¿«ƒ≈À≈
0992+  80AD             CLS_DSC: 
0993+  80AD 00          		ds 	4				;4  ŒÀ»◊≈—“¬Œ  À¿—“≈–Œ¬ Õ¿ ƒ»— ≈/–¿«ƒ≈À≈
0994+  80B1             FATSTR: 
0995+  80B1 00          		ds 	4				;4 Õ¿◊¿ÀŒ œ≈–¬Œ… FAT “¿¡À»÷€
0996+  80B5             FB_EXT: 
0997+  80B5 00          		ds 	11				;B ¡”‘≈– 8.3 ƒÀﬂ œŒ»— ¿ »Ã≈Õ»
0998+  80C0             ADRPATH: 
0999+  80C0 00          		ds 	2				;2 ¿ƒ–≈— œ”“»   »Ã≈Õ» ‘¿…À¿
1000+  80C2             ADR_LD: 
1001+  80C2 00          		ds 	2				;2 ¿ƒ–≈— «¿√–”« »
1002+  80C4             NUM_CLS_HIGH: 
1003+  80C4 00          		ds 	2				;2 ÌÓÏÂ ÍÎ‡ÒÚÂ‡ ÒÚ‡¯ÂÂ ÒÎÓ‚Ó
1004+  80C6             NUM_CLS_LOW: 
1005+  80C6 00          		ds 	2				;2 ÌÓÏÂ ÍÎ‡ÒÚÂ‡ ÏÎ‡‰¯ÂÂ ÒÎÓ‚Ó
1006+  80C8             NUM_CLS_ST: 
1007+  80C8 00          		ds 	1				;1 ÒÏÂ˘ÂÌËÂ ‚ Ù‡ÈÎÂ
1008+  80C9             
1901   80C9             ;-------------------------------------------------------------------
1902   80C9             ; ÆØ®·†≠®•: í•™·‚Æ¢Î• Ø•‡•¨•≠≠Î•
1903   80C9             ;---------------------------------------------------------------------
1904   80C9             MoonService_text_tpos: 
1905   80C9 16 00 00    		db	16h,0,0
1906   80CC             MoonService_text_tcol: 
1907   80CC 17 00       		db	17h,0
1908   80CE             MoonService_text_tseg: 
1909   80CE 20DFDFDF00  		db	20h,0dfh,0dfh,0dfh,0
1910   80D3             
1911   80D3             MoonService_text_pos: 
1912   80D3 16 00 00 00 		db	16h,0,0,0
1913   80D7             MoonService_text_col: 
1914   80D7 17 00 00    		db	17h,0,0
1915   80DA             
1916   80DA             		.include "evafont.inc"
0001+  80DA             ;-------------------------------------------------------------------
0002+  80DA             ; ÓÔËÒ‡ÌËÂ: ‘ÓÌÚ
0003+  80DA             ;---------------------------------------------------------------------
0004+  80DA             EvaFont_address: 
0005+  80DA             		db   	0,78h,84h,9Fh,0A1h,0C2h
0005+  80DA 0078849FA1C2
0006+  80E0             		db 	0FCh,  0,38h,44h,6Ch,44h
0006+  80E0 FC0038446C44
0007+  80E6             		db 	7Ch,54h,44h,38h,38h,7Ch
0007+  80E6 7C544438387C
0008+  80EC             		db 	54h,7Ch,44h,6Ch,7Ch,38h
0008+  80EC 547C446C7C38
0009+  80F2             		db   	0,28h,6Ch,7Ch,7Ch,38h
0009+  80F2 00286C7C7C38
0010+  80F8             		db 	10h,  0,  0,10h,38h,7Ch
0010+  80F8 10000010387C
0011+  80FE             		db 	7Ch,38h,10h,  0,  0,38h
0011+  80FE 7C3810000038
0012+  8104             		db 	10h,54h,7Ch,54h,10h,38h
0012+  8104 10547C541038
0013+  810A             		db   	0,10h,38h,7Ch,7Ch,7Ch
0013+  810A 0010387C7C7C
0014+  8110             		db 	10h,38h,  0,  0,30h,78h
0014+  8110 103800003078
0015+  8116             		db 	78h,30h,  0,  0,0FCh,0FCh
0015+  8116 78300000FCFC
0016+  811C CC8484CCFC  		db 	0CCh,84h,84h,0CCh,0FCh
0017+  8121             		db 	0FCh,  0,  0,30h,48h,48h
0017+  8121 FC0000304848
0018+  8127 300000FCFC  		db 	30h,  0,  0,0FCh,0FCh
0019+  812C CCB4B4CCFC  		db 	0CCh,0B4h,0B4h,0CCh,0FCh
0020+  8131             		db 	0FCh,1Ch,0Ch,14h,30h,48h
0020+  8131 FC1C0C143048
0021+  8137             		db 	48h,30h,  0,  0,38h,44h
0021+  8137 483000003844
0022+  813D             		db 	44h,38h,10h,38h,10h,3Ch
0022+  813D 44381038103C
0023+  8143             		db 	24h,3Ch,20h,20h,60h,0E0h
0023+  8143 243C202060E0
0024+  8149             		db 	60h,7Ch,44h,7Ch,44h,44h
0024+  8149 607C447C4444
0025+  814F 4CCCC01054  		db 	4Ch,0CCh,0C0h,10h,54h
0026+  8154             		db 	38h,6Ch,6Ch,38h,54h,10h
0026+  8154 386C6C385410
0027+  815A             		db   	0,40h,60h,70h,78h,70h
0027+  815A 004060707870
0028+  8160             		db 	60h,40h,  0,  8,18h,38h
0028+  8160 604000081838
0029+  8166             		db 	78h,38h,18h,  8,10h,38h
0029+  8166 783818081038
0030+  816C             		db 	7Ch,10h,10h,7Ch,38h,10h
0030+  816C 7C10107C3810
0031+  8172             		db   	0,28h,28h,28h,28h,  0
0031+  8172 002828282800
0032+  8178             		db 	28h,  0,  0,3Ch,54h,54h
0032+  8178 2800003C5454
0033+  817E             		db 	54h,34h,14h,14h,  0,38h
0033+  817E 543414140038
0034+  8184             		db 	40h,30h,48h,30h,  8,70h
0034+  8184 403048300870
0035+  818A             		db   	0,  0,  0,  0,  0,78h
0035+  818A 000000000078
0036+  8190             		db 	78h,  0,10h,38h,7Ch,10h
0036+  8190 780010387C10
0037+  8196             		db 	7Ch,38h,10h,7Ch,  0,10h
0037+  8196 7C38107C0010
0038+  819C             		db 	38h,7Ch,10h,10h,10h,  0
0038+  819C 387C10101000
0039+  81A2             		db   	0,  0,10h,10h,10h,7Ch
0039+  81A2 00001010107C
0040+  81A8             		db 	38h,10h,  0,  0,10h,18h
0040+  81A8 381000001018
0041+  81AE             		db 	7Ch,18h,10h,  0,  0,  0
0041+  81AE 7C1810000000
0042+  81B4             		db 	10h,30h,7Ch,30h,10h,  0
0042+  81B4 10307C301000
0043+  81BA             		db   	0,  0,  0,40h,40h,40h
0043+  81BA 000000404040
0044+  81C0             		db 	7Ch,  0,  0,  0,48h,0CCh
0044+  81C0 7C00000048CC
0045+  81C6 FCCC480000  		db 	0FCh,0CCh,48h,  0,	0
0046+  81CB             		db   	0,10h,38h,7Ch,7Ch,  0
0046+  81CB 0010387C7C00
0047+  81D1             		db   	0,  0,  0,7Ch,7Ch,38h
0047+  81D1 0000007C7C38
0048+  81D7             		db 	10h,  0,  0,  0,  0,  0
0048+  81D7 100000000000
0049+  81DD             		db   	0,  0,  0,  0,  0,  0
0049+  81DD 000000000000
0050+  81E3             		db 	10h,10h,10h,10h,  0,10h
0050+  81E3 101010100010
0051+  81E9             		db   	0,  0,28h,28h,  0,  0
0051+  81E9 000028280000
0052+  81EF             		db   	0,  0,  0,  0,28h,7Ch
0052+  81EF 00000000287C
0053+  81F5             		db 	28h,28h,7Ch,28h,  0,  0
0053+  81F5 28287C280000
0054+  81FB             		db 	10h,7Ch,50h,7Ch,14h,7Ch
0054+  81FB 107C507C147C
0055+  8201 1000C4C810  		db 	10h,  0,0C4h,0C8h,10h
0056+  8206             		db 	20h,4Ch,8Ch,  0,  0,10h
0056+  8206 204C8C000010
0057+  820C             		db 	28h,10h,2Ch,48h,34h,  0
0057+  820C 28102C483400
0058+  8212             		db   	0,10h,20h,  0,  0,  0
0058+  8212 001020000000
0059+  8218             		db   	0,  0,  0,  8,10h,10h
0059+  8218 000000081010
0060+  821E             		db 	10h,10h,  8,  0,  0,10h
0060+  821E 101008000010
0061+  8224             		db   	8,  8,  8,  8,10h,  0
0061+  8224 080808081000
0062+  822A             		db   	0,  0,28h,10h,7Ch,10h
0062+  822A 000028107C10
0063+  8230             		db 	28h,  0,  0,  0,10h,10h
0063+  8230 280000001010
0064+  8236             		db 	7Ch,10h,10h,  0,  0,  0
0064+  8236 7C1010000000
0065+  823C             		db   	0,  0,  0,10h,10h,20h
0065+  823C 000000101020
0066+  8242             		db   	0,  0,  0,  0,7Ch,  0
0066+  8242 000000007C00
0067+  8248             		db   	0,  0,  0,  0,  0,  0
0067+  8248 000000000000
0068+  824E             		db   	0,30h,30h,  0,  0,  4
0068+  824E 003030000004
0069+  8254             		db   	8,10h,20h,40h,80h,  0
0069+  8254 081020408000
0070+  825A             		db   	0,38h,4Ch,54h,54h,64h
0070+  825A 00384C545464
0071+  8260             		db 	38h,  0,  0,10h,30h,10h
0071+  8260 380000103010
0072+  8266             		db 	10h,10h,38h,  0,  0,38h
0072+  8266 101038000038
0073+  826C             		db 	44h,  4,38h,40h,7Ch,  0
0073+  826C 440438407C00
0074+  8272             		db   	0,7Ch,  4,38h,  4,44h
0074+  8272 007C04380444
0075+  8278             		db 	38h,  0,  0,  8,18h,28h
0075+  8278 380000081828
0076+  827E             		db 	48h,7Ch,  8,  0,  0,7Ch
0076+  827E 487C0800007C
0077+  8284             		db 	40h,78h,  4,44h,38h,  0
0077+  8284 407804443800
0078+  828A             		db   	0,38h,40h,78h,44h,44h
0078+  828A 003840784444
0079+  8290             		db 	38h,  0,  0,7Ch,  4,  8
0079+  8290 3800007C0408
0080+  8296             		db 	10h,10h,10h,  0,  0,38h
0080+  8296 101010000038
0081+  829C             		db 	44h,38h,44h,44h,38h,  0
0081+  829C 443844443800
0082+  82A2             		db   	0,38h,44h,44h,3Ch,  4
0082+  82A2 003844443C04
0083+  82A8             		db 	38h,  0,  0,  0,  0,10h
0083+  82A8 380000000010
0084+  82AE             		db   	0,  0,10h,  0,  0,  0
0084+  82AE 000010000000
0085+  82B4             		db 	10h,  0,  0,10h,10h,20h
0085+  82B4 100000101020
0086+  82BA             		db   	0,  0,  8,10h,20h,10h
0086+  82BA 000008102010
0087+  82C0             		db   	8,  0,  0,  0,  0,7Ch
0087+  82C0 08000000007C
0088+  82C6             		db   	0,7Ch,  0,  0,  0,  0
0088+  82C6 007C00000000
0089+  82CC             		db 	20h,10h,  8,10h,20h,  0
0089+  82CC 201008102000
0090+  82D2             		db   	0,38h,44h,  8,10h,  0
0090+  82D2 003844081000
0091+  82D8             		db 	10h,  0,  0,38h,44h,5Ch
0091+  82D8 10000038445C
0092+  82DE             		db 	5Ch,40h,38h,  0,  0,38h
0092+  82DE 5C4038000038
0093+  82E4             		db 	44h,44h,7Ch,44h,44h,  0
0093+  82E4 44447C444400
0094+  82EA             		db   	0,78h,44h,78h,44h,44h
0094+  82EA 007844784444
0095+  82F0             		db 	78h,  0,  0,38h,44h,40h
0095+  82F0 780000384440
0096+  82F6             		db 	40h,44h,38h,  0,  0,78h
0096+  82F6 404438000078
0097+  82FC             		db 	44h,44h,44h,44h,78h,  0
0097+  82FC 444444447800
0098+  8302             		db   	0,7Ch,40h,78h,40h,40h
0098+  8302 007C40784040
0099+  8308             		db 	7Ch,  0,  0,7Ch,40h,78h
0099+  8308 7C00007C4078
0100+  830E             		db 	40h,40h,40h,  0,  0,38h
0100+  830E 404040000038
0101+  8314             		db 	44h,40h,5Ch,44h,38h,  0
0101+  8314 44405C443800
0102+  831A             		db   	0,44h,44h,7Ch,44h,44h
0102+  831A 0044447C4444
0103+  8320             		db 	44h,  0,  0,38h,10h,10h
0103+  8320 440000381010
0104+  8326             		db 	10h,10h,38h,  0,  0,  4
0104+  8326 101038000004
0105+  832C             		db   	4,  4,44h,44h,38h,  0
0105+  832C 040444443800
0106+  8332             		db   	0,44h,48h,70h,48h,44h
0106+  8332 004448704844
0107+  8338             		db 	44h,  0,  0,40h,40h,40h
0107+  8338 440000404040
0108+  833E             		db 	40h,44h,7Ch,  0,  0,44h
0108+  833E 40447C000044
0109+  8344             		db 	6Ch,54h,54h,44h,44h,  0
0109+  8344 6C5454444400
0110+  834A             		db   	0,44h,64h,54h,54h,4Ch
0110+  834A 00446454544C
0111+  8350             		db 	44h,  0,  0,38h,44h,44h
0111+  8350 440000384444
0112+  8356             		db 	44h,44h,38h,  0,  0,78h
0112+  8356 444438000078
0113+  835C             		db 	44h,44h,78h,40h,40h,  0
0113+  835C 444478404000
0114+  8362             		db   	0,38h,44h,44h,54h,48h
0114+  8362 003844445448
0115+  8368             		db 	34h,  0,  0,78h,44h,44h
0115+  8368 340000784444
0116+  836E             		db 	78h,48h,44h,  0,  0,38h
0116+  836E 784844000038
0117+  8374             		db 	40h,38h,  4,44h,38h,  0
0117+  8374 403804443800
0118+  837A             		db   	0,7Ch,10h,10h,10h,10h
0118+  837A 007C10101010
0119+  8380             		db 	10h,  0,  0,44h,44h,44h
0119+  8380 100000444444
0120+  8386             		db	44h,44h,38h,  0,  0,44h
0120+  8386 444438000044
0121+  838C             		db 	44h,44h,44h,28h,10h,  0
0121+  838C 444444281000
0122+  8392             		db   	0,44h,44h,44h,54h,54h
0122+  8392 004444445454
0123+  8398             		db 	28h,  0,  0,44h,28h,10h
0123+  8398 280000442810
0124+  839E             		db 	10h,28h,44h,  0,  0,44h
0124+  839E 102844000044
0125+  83A4             		db 	44h,28h,10h,10h,10h,  0
0125+  83A4 442810101000
0126+  83AA             		db   	0,7Ch,  4,18h,30h,40h
0126+  83AA 007C04183040
0127+  83B0             		db 	7Ch,  0,  0,38h,20h,20h
0127+  83B0 7C0000382020
0128+  83B6             		db 	20h,20h,38h,  0,  0,80h
0128+  83B6 202038000080
0129+  83BC             		db 	40h,20h,10h,  8,  4,  0
0129+  83BC 402010080400
0130+  83C2             		db   	0,38h,  8,  8,  8,  8
0130+  83C2 003808080808
0131+  83C8             		db 	38h,  0,  0,10h,28h,44h
0131+  83C8 380000102844
0132+  83CE             		db   	0,  0,  0,  0,  0,  0
0132+  83CE 000000000000
0133+  83D4             		db   	0,  0,  0,  0,  0,0FCh
0133+  83D4 0000000000FC
0134+  83DA             		db   	0,18h,24h,70h,20h,20h
0134+  83DA 001824702020
0135+  83E0             		db 	7Ch,  0,  0,  0,38h,  4
0135+  83E0 7C0000003804
0136+  83E6             		db 	3Ch,44h,3Ch,  0,  0,40h
0136+  83E6 3C443C000040
0137+  83EC             		db 	40h,78h,44h,44h,78h,  0
0137+  83EC 407844447800
0138+  83F2             		db   	0,  0,38h,44h,40h,40h
0138+  83F2 000038444040
0139+  83F8             		db 	3Ch,  0,  0,  4,  4,3Ch
0139+  83F8 3C000004043C
0140+  83FE             		db 	44h,44h,3Ch,  0,  0,  0
0140+  83FE 44443C000000
0141+  8404             		db 	38h,44h,78h,40h,3Ch,  0
0141+  8404 384478403C00
0142+  840A             		db   	0,10h,28h,20h,70h,20h
0142+  840A 001028207020
0143+  8410             		db 	20h,  0,  0,  0,3Ch,44h
0143+  8410 200000003C44
0144+  8416             		db 	44h,3Ch,  4,38h,  0,40h
0144+  8416 443C04380040
0145+  841C             		db 	40h,78h,44h,44h,44h,  0
0145+  841C 407844444400
0146+  8422             		db   	0,10h,  0,30h,10h,10h
0146+  8422 001000301010
0147+  8428             		db 	38h,  0,  0,  8,  0,  8
0147+  8428 380000080008
0148+  842E             		db   	8,  8,48h,30h,  0,40h
0148+  842E 080848300040
0149+  8434             		db 	48h,50h,60h,50h,48h,  0
0149+  8434 485060504800
0150+  843A             		db   	0,20h,20h,20h,20h,28h
0150+  843A 002020202028
0151+  8440             		db 	10h,  0,  0,  0,68h,54h
0151+  8440 100000006854
0152+  8446             		db 	54h,54h,54h,  0,  0,  0
0152+  8446 545454000000
0153+  844C             		db 	58h,64h,44h,44h,44h,  0
0153+  844C 586444444400
0154+  8452             		db   	0,  0,38h,44h,44h,44h
0154+  8452 000038444444
0155+  8458             		db 	38h,  0,  0,  0,78h,44h
0155+  8458 380000007844
0156+  845E             		db 	44h,78h,40h,40h,  0,  0
0156+  845E 447840400000
0157+  8464             		db 	3Ch,44h,44h,3Ch,  4,  4
0157+  8464 3C44443C0404
0158+  846A             		db   	0,  0,58h,64h,40h,40h
0158+  846A 000058644040
0159+  8470             		db 	40h,  0,  0,  0,38h,40h
0159+  8470 400000003840
0160+  8476             		db 	38h,  4,78h,  0,  0,20h
0160+  8476 380478000020
0161+  847C             		db 	70h,20h,20h,28h,10h,  0
0161+  847C 702020281000
0162+  8482             		db   	0,  0,44h,44h,44h,44h
0162+  8482 000044444444
0163+  8488             		db 	38h,  0,  0,  0,44h,44h
0163+  8488 380000004444
0164+  848E             		db 	28h,28h,10h,  0,  0,  0
0164+  848E 282810000000
0165+  8494             		db 	44h,44h,54h,54h,28h,  0
0165+  8494 444454542800
0166+  849A             		db   	0,  0,44h,28h,10h,28h
0166+  849A 000044281028
0167+  84A0             		db 	44h,  0,  0,  0,44h,44h
0167+  84A0 440000004444
0168+  84A6             		db 	44h,3Ch,  4,38h,  0,  0
0168+  84A6 443C04380000
0169+  84AC             		db 	7Ch,  8,10h,20h,7Ch,  0
0169+  84AC 7C0810207C00
0170+  84B2             		db   	0,  8,10h,10h,60h,10h
0170+  84B2 000810106010
0171+  84B8             		db 	10h,  8,10h,10h,10h,10h
0171+  84B8 100810101010
0172+  84BE             		db 	10h,10h,10h,10h,  0,20h
0172+  84BE 101010100020
0173+  84C4             		db 	10h,10h,0Ch,10h,10h,20h
0173+  84C4 10100C101020
0174+  84CA             		db   	0,28h,50h,  0,  0,  0
0174+  84CA 002850000000
0175+  84D0             		db   	0,  0,78h,84h,0B4h,0A4h
0175+  84D0 00007884B4A4
0176+  84D6 A4B4847800  		db 	0A4h,0B4h,84h,78h,	0
0177+  84DB             		db 	1Ch,24h,44h,7Ch,44h,44h
0177+  84DB 1C24447C4444
0178+  84E1             		db   	0,  0,78h,40h,78h,44h
0178+  84E1 000078407844
0179+  84E7             		db 	44h,78h,  0,  0,78h,44h
0179+  84E7 447800007844
0180+  84ED             		db 	78h,44h,44h,78h,  0,  0
0180+  84ED 784444780000
0181+  84F3             		db 	7Ch,40h,40h,40h,40h,40h
0181+  84F3 7C4040404040
0182+  84F9             		db   	0,  0,38h,48h,48h,48h
0182+  84F9 000038484848
0183+  84FF             		db 	48h,0FCh,84h,  0,7Ch,40h
0183+  84FF 48FC84007C40
0184+  8505             		db 	78h,40h,40h,7Ch,  0,  0
0184+  8505 7840407C0000
0185+  850B             		db 	54h,54h,38h,54h,54h,54h
0185+  850B 545438545454
0186+  8511             		db   	0,  0,38h,44h,18h,  4
0186+  8511 000038441804
0187+  8517             		db 	44h,38h,  0,  0,44h,44h
0187+  8517 443800004444
0188+  851D             		db 	4Ch,54h,64h,44h,  0,  8
0188+  851D 4C5464440008
0189+  8523             		db 	54h,44h,4Ch,54h,64h,44h
0189+  8523 54444C546444
0190+  8529             		db   	0,  0,44h,48h,70h,48h
0190+  8529 000044487048
0191+  852F             		db 	44h,44h,  0,  0,1Ch,24h
0191+  852F 444400001C24
0192+  8535             		db 	24h,24h,24h,44h,  0,  0
0192+  8535 242424440000
0193+  853B             		db 	44h,6Ch,54h,54h,44h,44h
0193+  853B 446C54544444
0194+  8541             		db   	0,  0,44h,44h,7Ch,44h
0194+  8541 000044447C44
0195+  8547             		db 	44h,44h,  0,  0,38h,44h
0195+  8547 444400003844
0196+  854D             		db 	44h,44h,44h,38h,  0,  0
0196+  854D 444444380000
0197+  8553             		db 	7Ch,44h,44h,44h,44h,44h
0197+  8553 7C4444444444
0198+  8559             		db   	0,  0,78h,44h,44h,78h
0198+  8559 000078444478
0199+  855F             		db 	40h,40h,  0,  0,38h,44h
0199+  855F 404000003844
0200+  8565             		db 	40h,40h,44h,38h,  0,  0
0200+  8565 404044380000
0201+  856B             		db 	7Ch,10h,10h,10h,10h,10h
0201+  856B 7C1010101010
0202+  8571             		db   	0,  0,44h,44h,44h,3Ch
0202+  8571 00004444443C
0203+  8577             		db   	4,38h,  0,  0,38h,54h
0203+  8577 043800003854
0204+  857D             		db 	54h,54h,38h,10h,  0,  0
0204+  857D 545438100000
0205+  8583             		db 	44h,28h,10h,28h,44h,44h
0205+  8583 442810284444
0206+  8589             		db   	0,  0,48h,48h,48h,48h
0206+  8589 000048484848
0207+  858F             		db 	48h,7Ch,  4,  0,44h,44h
0207+  858F 487C04004444
0208+  8595             		db 	44h,3Ch,  4,  4,  0,  0
0208+  8595 443C04040000
0209+  859B             		db 	54h,54h,54h,54h,54h,7Ch
0209+  859B 54545454547C
0210+  85A1             		db   	0,  0,54h,54h,54h,54h
0210+  85A1 000054545454
0211+  85A7             		db 	54h,7Ch,  4,  0,60h,20h
0211+  85A7 547C04006020
0212+  85AD             		db 	38h,24h,24h,38h,  0,  0
0212+  85AD 382424380000
0213+  85B3             		db 	44h,44h,74h,4Ch,4Ch,74h
0213+  85B3 4444744C4C74
0214+  85B9             		db   	0,  0,40h,40h,70h,48h
0214+  85B9 000040407048
0215+  85BF             		db 	48h,70h,  0,  0,38h,44h
0215+  85BF 487000003844
0216+  85C5             		db 	1Ch,  4,44h,38h,  0,  0
0216+  85C5 1C0444380000
0217+  85CB             		db 	48h,54h,74h,54h,54h,48h
0217+  85CB 485474545448
0218+  85D1             		db   	0,  0,3Ch,44h,44h,3Ch
0218+  85D1 00003C44443C
0219+  85D7             		db 	24h,44h,  0,  0,  0,3Ch
0219+  85D7 24440000003C
0220+  85DD             		db 	44h,44h,4Ch,34h,  0,  4
0220+  85DD 44444C340004
0221+  85E3             		db 	38h,40h,78h,44h,44h,38h
0221+  85E3 384078444438
0222+  85E9             		db   	0,  0,  0,78h,44h,78h
0222+  85E9 000000784478
0223+  85EF             		db 	44h,78h,  0,  0,  0,38h
0223+  85EF 447800000038
0224+  85F5             		db   	4,38h,40h,3Ch,  0,40h
0224+  85F5 0438403C0040
0225+  85FB             		db 	38h,  4,3Ch,44h,44h,38h
0225+  85FB 38043C444438
0226+  8601             		db   	0,  0,  0,38h,44h,78h
0226+  8601 000000384478
0227+  8607             		db 	40h,3Ch,  0,  0,  0,54h
0227+  8607 403C00000054
0228+  860D             		db 	54h,38h,54h,54h,  0,  0
0228+  860D 543854540000
0229+  8613             		db   	0,38h,44h,18h,44h,38h
0229+  8613 003844184438
0230+  8619             		db   	0,  0,  0,44h,44h,44h
0230+  8619 000000444444
0231+  861F             		db 	4Ch,34h,  0,  8,10h,44h
0231+  861F 4C3400081044
0232+  8625             		db 	44h,44h,4Ch,34h,  0,  0
0232+  8625 44444C340000
0233+  862B             		db   	0,44h,48h,70h,48h,44h
0233+  862B 004448704844
0234+  8631             		db   	0,  0,  0,1Ch,24h,24h
0234+  8631 0000001C2424
0235+  8637             		db 	24h,44h,  0,  0,  0,44h
0235+  8637 244400000044
0236+  863D             		db 	6Ch,54h,44h,44h,  0,  0
0236+  863D 6C5444440000
0237+  8643             		db   	0,44h,44h,7Ch,44h,44h
0237+  8643 0044447C4444
0238+  8649             		db   	0,  0,  0,38h,44h,44h
0238+  8649 000000384444
0239+  864F             		db 	44h,38h,  0,  0,  0,7Ch
0239+  864F 44380000007C
0240+  8655             		db 	44h,44h,44h,44h,  0,0A8h
0240+  8655 4444444400A8
0241+  865B             		db   	0,54h,  0,0A8h,  0,54h
0241+  865B 005400A80054
0242+  8661 00A854A854  		db   	0,0A8h,54h,0A8h,54h
0243+  8666 A854A854A8  		db 	0A8h,54h,0A8h,54h,0A8h
0244+  866B FC54FCA8FC  		db 	0FCh,54h,0FCh,0A8h,0FCh
0245+  8670             		db 	54h,0FCh,30h,30h,30h,30h
0245+  8670 54FC30303030
0246+  8676             		db 	30h,30h,30h,30h,30h,30h
0246+  8676 303030303030
0247+  867C             		db 	30h,30h,0F0h,30h,30h,30h
0247+  867C 3030F0303030
0248+  8682             		db 	30h,30h,30h,0F0h,30h,0F0h
0248+  8682 303030F030F0
0249+  8688             		db 	30h,30h,28h,28h,28h,28h
0249+  8688 303028282828
0250+  868E             		db 	0E8h,28h,28h,28h,  0,  0
0250+  868E E82828280000
0251+  8694             		db   	0,  0,0F8h,28h,28h,28h
0251+  8694 0000F8282828
0252+  869A             		db   	0,  0,  0,0F0h,30h,0F0h
0252+  869A 000000F030F0
0253+  86A0             		db 	30h,30h,28h,28h,28h,0E8h
0253+  86A0 3030282828E8
0254+  86A6             		db   	8,0E8h,28h,28h,28h,28h
0254+  86A6 08E828282828
0255+  86AC             		db 	28h,28h,28h,28h,28h,28h
0255+  86AC 282828282828
0256+  86B2             		db   	0,  0,  0,0F8h,  8,0E8h
0256+  86B2 000000F808E8
0257+  86B8             		db 	28h,28h,28h,28h,28h,0E8h
0257+  86B8 2828282828E8
0258+  86BE             		db   	8,0F8h,  0,  0,28h,28h
0258+  86BE 08F800002828
0259+  86C4             		db 	28h,28h,0F8h,  0,  0,  0
0259+  86C4 2828F8000000
0260+  86CA             		db 	30h,30h,30h,0F0h,30h,0F0h
0260+  86CA 303030F030F0
0261+  86D0             		db   	0,  0,  0,  0,  0,  0
0261+  86D0 000000000000
0262+  86D6             		db 	0F0h,30h,30h,30h,30h,30h
0262+  86D6 F03030303030
0263+  86DC             		db 	30h,30h,3Ch,  0,  0,  0
0263+  86DC 30303C000000
0264+  86E2             		db 	30h,30h,30h,30h,0FCh,  0
0264+  86E2 30303030FC00
0265+  86E8             		db   	0,  0,  0,  0,  0,  0
0265+  86E8 000000000000
0266+  86EE             		db 	0FCh,30h,30h,30h,30h,30h
0266+  86EE FC3030303030
0267+  86F4             		db 	30h,30h,3Ch,30h,30h,30h
0267+  86F4 30303C303030
0268+  86FA             		db   	0,  0,  0,  0,0FCh,  0
0268+  86FA 00000000FC00
0269+  8700             		db   	0,  0,30h,30h,30h,30h
0269+  8700 000030303030
0270+  8706             		db 	0FCh,30h,30h,30h,30h,30h
0270+  8706 FC3030303030
0271+  870C             		db 	30h,3Ch,30h,3Ch,30h,30h
0271+  870C 303C303C3030
0272+  8712             		db 	28h,28h,28h,28h,2Ch,28h
0272+  8712 282828282C28
0273+  8718             		db 	28h,28h,28h,28h,28h,2Ch
0273+  8718 28282828282C
0274+  871E             		db 	20h,3Ch,  0,  0,  0,  0
0274+  871E 203C00000000
0275+  8724             		db  	 0,3Ch,20h,2Ch,28h,28h
0275+  8724 003C202C2828
0276+  872A             		db 	28h,28h,28h,0ECh,  0,0FCh
0276+  872A 282828EC00FC
0277+  8730             		db   	0,  0,  0,  0,  0,0FCh
0277+  8730 0000000000FC
0278+  8736             		db   	0,0ECh,28h,28h,28h,28h
0278+  8736 00EC28282828
0279+  873C             		db 	28h,2Ch,20h,2Ch,28h,28h
0279+  873C 282C202C2828
0280+  8742             		db   	0,  0,  0,0FCh,  0,0FCh
0280+  8742 000000FC00FC
0281+  8748             		db   	0,  0,28h,28h,28h,0ECh
0281+  8748 0000282828EC
0282+  874E             		db   	0,0ECh,28h,28h,30h,30h
0282+  874E 00EC28283030
0283+  8754 30FC00FC00  		db 	30h,0FCh,  0,0FCh,	0
0284+  8759             		db   	0,28h,28h,28h,28h,0FCh
0284+  8759 0028282828FC
0285+  875F             		db   	0,  0,  0,  0,  0,  0
0285+  875F 000000000000
0286+  8765 FC00FC3030  		db 	0FCh,  0,0FCh,30h,30h
0287+  876A             		db   	0,  0,  0,  0,0FCh,28h
0287+  876A 00000000FC28
0288+  8770             		db 	28h,28h,28h,28h,28h,28h
0288+  8770 282828282828
0289+  8776             		db 	3Ch,  0,  0,  0,30h,30h
0289+  8776 3C0000003030
0290+  877C             		db 	30h,3Ch,30h,3Ch,  0,  0
0290+  877C 303C303C0000
0291+  8782             		db   	0,  0,  0,3Ch,30h,3Ch
0291+  8782 0000003C303C
0292+  8788             		db 	30h,30h,  0,  0,  0,  0
0292+  8788 303000000000
0293+  878E             		db 	3Ch,28h,28h,28h,28h,28h
0293+  878E 3C2828282828
0294+  8794             		db 	28h,28h,0ECh,28h,28h,28h
0294+  8794 2828EC282828
0295+  879A             		db 	30h,30h,30h,0FCh,30h,0FCh
0295+  879A 303030FC30FC
0296+  87A0             		db 	30h,30h,30h,30h,30h,30h
0296+  87A0 303030303030
0297+  87A6             		db 	0F0h,  0,  0,  0,  0,  0
0297+  87A6 F00000000000
0298+  87AC             		db   	0,  0,3Ch,30h,30h,30h
0298+  87AC 00003C303030
0299+  87B2 FCFCFCFCFC  		db 	0FCh,0FCh,0FCh,0FCh,0FCh
0300+  87B7 FCFCFC0000  		db 	0FCh,0FCh,0FCh,  0,	 0
0301+  87BC 0000FCFCFC  		db   	0,  0,0FCh,0FCh,0FCh
0302+  87C1 FCE0E0E0E0  		db 	0FCh,0E0h,0E0h,0E0h,0E0h
0303+  87C6 E0E0E0E01C  		db 	0E0h,0E0h,0E0h,0E0h,1Ch
0304+  87CB             		db 	1Ch,1Ch,1Ch,1Ch,1Ch,1Ch
0304+  87CB 1C1C1C1C1C1C
0305+  87D1 1CFCFCFCFC  		db 	1Ch,0FCh,0FCh,0FCh,0FCh
0306+  87D6             		db   	0,  0,  0,  0,  0,  0
0306+  87D6 000000000000
0307+  87DC             		db 	78h,44h,44h,78h,40h,40h
0307+  87DC 784444784040
0308+  87E2             		db   	0,  0,38h,44h,40h,40h
0308+  87E2 000038444040
0309+  87E8             		db 	3Ch,  0,  0,  0,7Ch,10h
0309+  87E8 3C0000007C10
0310+  87EE             		db 	10h,10h,10h,  0,  0,  0
0310+  87EE 101010000000
0311+  87F4             		db 	44h,44h,3Ch,  4,38h,  0
0311+  87F4 44443C043800
0312+  87FA             		db   	0,  0,38h,54h,54h,38h
0312+  87FA 000038545438
0313+  8800             		db 	10h,  0,  0,  0,44h,28h
0313+  8800 100000004428
0314+  8806             		db 	10h,28h,44h,  0,  0,  0
0314+  8806 102844000000
0315+  880C             		db 	48h,48h,48h,48h,34h,  4
0315+  880C 484848483404
0316+  8812             		db   	0,  0,44h,44h,3Ch,  4
0316+  8812 000044443C04
0317+  8818             		db   	4,  0,  0,  0,54h,54h
0317+  8818 040000005454
0318+  881E             		db 	54h,54h,7Ch,  0,  0,  0
0318+  881E 54547C000000
0319+  8824             		db 	54h,54h,54h,54h,7Ch,  4
0319+  8824 545454547C04
0320+  882A             		db   	0,  0,60h,38h,24h,24h
0320+  882A 000060382424
0321+  8830             		db 	38h,  0,  0,  0,44h,74h
0321+  8830 380000004474
0322+  8836             		db 	4Ch,4Ch,74h,  0,  0,  0
0322+  8836 4C4C74000000
0323+  883C             		db 	40h,70h,48h,48h,70h,  0
0323+  883C 407048487000
0324+  8842             		db   	0,  0,78h,  4,3Ch,  4
0324+  8842 000078043C04
0325+  8848             		db 	78h,  0,  0,  0,48h,54h
0325+  8848 780000004854
0326+  884E             		db 	74h,54h,48h,  0,  0,  0
0326+  884E 745448000000
0327+  8854             		db 	3Ch,44h,3Ch,24h,44h,  0
0327+  8854 3C443C244400
0328+  885A             		db 	28h,7Ch,40h,78h,40h,40h
0328+  885A 287C40784040
0329+  8860             		db 	7Ch,  0,28h,  0,38h,44h
0329+  8860 7C0028003844
0330+  8866             		db 	78h,40h,3Ch,  0,  0,20h
0330+  8866 78403C000020
0331+  886C             		db 	10h,  8,10h,24h,  8,10h
0331+  886C 100810240810
0332+  8872             		db   	0,  8,10h,20h,10h,48h
0332+  8872 000810201048
0333+  8878             		db 	20h,10h,30h,48h,40h,40h
0333+  8878 201030484040
0334+  887E             		db 	40h,40h,40h,  0,  8,  8
0334+  887E 404040000808
0335+  8884             		db   	8,  8,  8,48h,30h,  0
0335+  8884 080808483000
0336+  888A             		db   	0,  0,10h,  0,7Ch,  0
0336+  888A 000010007C00
0337+  8890             		db 	10h,  0,  0,  0,34h,48h
0337+  8890 100000003448
0338+  8896             		db   	0,24h,58h,  0,  0,30h
0338+  8896 002458000030
0339+  889C             		db 	48h,48h,30h,  0,  0,  0
0339+  889C 484830000000
0340+  88A2             		db   	0,  0,  0,38h,38h,  0
0340+  88A2 000000383800
0341+  88A8             		db   	0,  0,  0,  0,  0,  0
0341+  88A8 000000000000
0342+  88AE             		db   	0,  0,38h,  0,  0,  4
0342+  88AE 000038000004
0343+  88B4             		db   	8,  8,50h,50h,20h,  0
0343+  88B4 080850502000
0344+  88BA             		db   	0,70h,48h,48h,48h,  0
0344+  88BA 007048484800
0345+  88C0             		db   	0,  0,30h,48h,10h,20h
0345+  88C0 000030481020
0346+  88C6             		db 	78h,  0,  0,  0,  0,  0
0346+  88C6 780000000000
0347+  88CC             		db   	0,38h,38h,38h,  0,  0
0347+  88CC 003838380000
0348+  88D2             		db   	0,78h,  4,  4,  8,50h
0348+  88D2 007804040850
0349+  88D8 60 70       		db 	60h,70h
0350+  88DA             
1917   88DA             unk_0_831B: 	
1918   88DA 00          		db    	0
1919   88DB             MoonService_dev_id: 
1920   88DB 00          		db	0
1921   88DC             MoonService_dev_mem: 
1922   88DC 00          		db	0
1923   88DD             MoonService_check_byte: 
1924   88DD 00          		db	0
1925   88DE             
1926   88DE             MoonService_End: 
1927   88DE             		.savebin "MoonService.bin",MoonService_Start, MoonService_End - MoonService_Start
1928   88DE             
1929   88DE             		.end
1930   88DE             
