0001   0000             ;--------------------------------------------------------------------
0002   0000             ; Ž¯¨á ­¨¥: à®£à ¬¬  ¯à®¨£àë¢ ­¨ï à §­ëå §¢ãª®¢ëå ¬®¤ã«¥© Amstrad CPC
0003   0000             ; ¯®¤¤¥à¦ª  ¢ ¦¥«¥§¥: ZXM-MoonSound
0004   0000             ; €¢â®à ¯®àâ : ’ à á®¢ Œ..(Mick),2014
0005   0000             ;--------------------------------------------------------------------
0006   0000             		DEVICE ZXSPECTRUM128
0007   0000             
0008   0000             		.org 	6200h
0009   6200             
0010   6200             ;-------------------------------------------------------------------
0011   6200             ; ®¯¨á ­¨¥: ’®çª  ¢å®¤  ¢ ¯à®£à ¬¬ã ¯®á«¥ ¯¥à¥¤ ç¨ ã¯à ¢«¥­¨ï ¨§ Ž‘
0012   6200             ;---------------------------------------------------------------------
0013   6200             MoonSound_Start: 		
0014   6200 AF          		xor	a               		;¡®à¤¥à ¢ ç¥à­ë© æ¢¥â
0015   6201 D3 FE       		out	(0feh),a	
0016   6203 32 75 65    		ld	(MoonSound_count_music),a	;áç¥âç¨ª ­®¬¥à  ¬ã§ëª¨
0017   6206 32 74 65    		ld	(MoonSound_number_music),a
0018   6209             
0019   6209 21 00 40    		ld	hl,4000h
0020   620C 11 01 40    		ld	de,4001h
0021   620F 01 00 1B    		ld	bc,1b00h
0022   6212 71          		ld	(hl),c
0023   6213 ED B0       		ldir
0024   6215             		
0025   6215 21 00 40    		ld	hl,4000h			;£àã§¨¬ íªà ­
0026   6218 ED 5B F4 5C 		ld	de,(5CF4h)
0027   621C 01 05 1B    		ld	bc,1B05h
0028   621F CD 13 3D    		call	3d13h
0029   6222             
0030   6222 3E 17       		ld	a,17h 
0031   6224 01 FD 7F    		ld	bc,7ffdh
0032   6227 ED 79       		out	(c),a
0033   6229 21 00 E0    		ld	hl,0E000h			;£àã§¨¬ ä®­â
0034   622C ED 5B F4 5C 		ld	de,(5CF4h)
0035   6230 01 05 12    		ld	bc,1205h
0036   6233 CD 13 3D    		call	3d13h
0037   6236             
0038   6236 CD B2 66    		call	Str_init_load
0039   6239 FB          		ei
0040   623A             MoonSound_loading: 
0041   623A 76          		halt
0042   623B 06 00       		ld	b,0
0043   623D             MoonSound_wait: 
0044   623D 10 FE       		djnz	MoonSound_wait			
0045   623F CD C4 66    		call	Str_play
0046   6242 38 02       		jr	c,MoonSound_load
0047   6244 30 F4       		jr	nc,MoonSound_loading	
0048   6246             MoonSound_load: 
0049   6246 F3          		di                                      ;­  ¢áïª¨© ¯®¦ à­ë© § ¯à¥â¨¬ ¯à¥àë¢ ­¨ï
0050   6247             
0051   6247 3E 11       		ld	a,11h 
0052   6249 01 FD 7F    		ld	bc,7ffdh
0053   624C ED 79       		out	(c),a
0054   624E 21 00 C0    		ld	hl,0C000h			;£àã§¨¬ ¬ã§ëª «ì­ë© ¯ ª 0.
0055   6251 ED 5B F4 5C 		ld	de,(5CF4h)
0056   6255 01 05 3E    		ld	bc,3E05h
0057   6258 CD 13 3D    		call	3d13h
0058   625B             
0059   625B 3E 13       		ld	a,13h 
0060   625D 01 FD 7F    		ld	bc,7ffdh
0061   6260 ED 79       		out	(c),a
0062   6262 21 00 C0    		ld	hl,0C000h			;£àã§¨¬ ¬ã§ëª «ì­ë© ¯ ª 1.
0063   6265 ED 5B F4 5C 		ld	de,(5CF4h)
0064   6269 01 05 3B    		ld	bc,3B05h
0065   626C CD 13 3D    		call	3d13h
0066   626F             
0067   626F 3E 14       		ld	a,14h 
0068   6271 01 FD 7F    		ld	bc,7ffdh
0069   6274 ED 79       		out	(c),a
0070   6276 21 00 C0    		ld	hl,0C000h			;£àã§¨¬ ¬ã§ëª «ì­ë© ¯ ª 2.
0071   6279 ED 5B F4 5C 		ld	de,(5CF4h)
0072   627D 01 05 3A    		ld	bc,3A05h
0073   6280 CD 13 3D    		call	3d13h
0074   6283             		
0075   6283 3E 16       		ld	a,16h 
0076   6285 01 FD 7F    		ld	bc,7ffdh
0077   6288 ED 79       		out	(c),a
0078   628A 21 00 C0    		ld	hl,0C000h			;£àã§¨¬ ¬ã§ëª «ì­ë© ¯ ª 3
0079   628D ED 5B F4 5C 		ld	de,(5CF4h)
0080   6291 01 05 36    		ld	bc,3605h
0081   6294 CD 13 3D    		call	3d13h
0082   6297             
0083   6297 3E 17       		ld	a,17h 
0084   6299 01 FD 7F    		ld	bc,7ffdh
0085   629C ED 79       		out	(c),a
0086   629E 21 00 C0    		ld	hl,0C000h			;£àã§¨¬ ¬ã§ëª «ì­ë© ¯ ª 4
0087   62A1 ED 5B F4 5C 		ld	de,(5CF4h)
0088   62A5 01 05 19    		ld	bc,1905h
0089   62A8 CD 13 3D    		call	3d13h
0090   62AB             
0091   62AB             
0092   62AB 31 FF 5F    		ld	sp,5fffh
0093   62AE 3E 10       		ld	a,10h 
0094   62B0 01 FD 7F    		ld	bc,7ffdh
0095   62B3 ED 79       		out	(c),a
0096   62B5 CD A5 66    		call	Str_init			;¨­¨æ¨ «¨§ æ¨ï ¡¥£ãé¥© áâà®ª¨
0097   62B8             
0098   62B8 CD 61 64    		call	MoonSound_view_number
0099   62BB CD EC 63    		call	MoonSound_time_init
0100   62BE             
0101   62BE 21 00 60    		ld	hl,6000h                       	
0102   62C1 11 01 60    		ld	de,6001h
0103   62C4 01 00 01    		ld	bc,0100h
0104   62C7 36 61       		ld	(hl),61h
0105   62C9 ED B0       		ldir
0106   62CB 3E C3       		ld	a,0c3h                          
0107   62CD 32 61 61    		ld	(6161h),a
0108   62D0 21 86 66    		ld	hl,Interrupt_handle
0109   62D3 22 62 61    		ld	(6162h),hl
0110   62D6             
0111   62D6 3E 60       		ld	a,60h                          
0112   62D8 ED 47       		ld	i,a
0113   62DA ED 5E       		im	2
0114   62DC             
0115   62DC AF          		xor	a
0116   62DD C3 15 63    		jp	MoonSound_next_music
0117   62E0             
0118   62E0             ;		ei
0119   62E0             
0120   62E0             MoonSound_key: 		
0121   62E0 AF          		xor	a
0122   62E1 32 77 65                    ld	(MoonSound_key_press),a
0123   62E4             MoonSound_loop: 		
0124   62E4 76          		halt
0125   62E5             
0126   62E5 3E 7F       		ld	a,7fh				;®¦¨¤ ¥¬ ¯à®¡¥« - ¯¥à¥å®¤ ª á«¥¤ãîé¥© ª®¬¯®§¨æ¨¨
0127   62E7 DB FE       		in	a,(0feh)
0128   62E9 1F          		rra	
0129   62EA 38 F4       		jr	c,MoonSound_key
0130   62EC             
0131   62EC 3E FE       		ld	a,0FEh
0132   62EE DB FE       		in	a,(0FEh)
0133   62F0 1F          		rra	    
0134   62F1 D2 E1 63    		jp	nc,MoonSound_exit
0135   62F4             
0136   62F4 3A 77 65    		ld	a,(MoonSound_key_press)
0137   62F7 A7          		and	a
0138   62F8 20 EA       		jr	nz,MoonSound_loop
0139   62FA             
0140   62FA 3C          		inc	a
0141   62FB 32 77 65                    ld	(MoonSound_key_press),a
0142   62FE             
0143   62FE 3E 08       		ld	a,8
0144   6300 CD 8B 7B    		call	MBPlayer_fade			;§ âãå ­¨¥ ¬¥«®¤¨¨
0145   6303             		
0146   6303             MoonSound_fade_wait: 	
0147   6303 3A 70 82    		ld	a,(MBPlayer_play_busy)		;¦¤¥¬ ¯®ª  ®áâ ­®¢¨âáï ¯à®¨£àë¢ â¥«ì
0148   6306 B7          		or	a
0149   6307 20 FA       		jr	nz,MoonSound_fade_wait
0150   6309 CD 88 7B    		call	MBPlayer_stop
0151   630C             
0152   630C 3A 75 65    		ld	a,(MoonSound_count_music)
0153   630F 3C          		inc	a
0154   6310 FE 0E       		cp	14
0155   6312 38 01       		jr	c,MoonSound_next_music
0156   6314 AF          		xor	a
0157   6315             
0158   6315             MoonSound_next_music: 
0159   6315 F3          		di	
0160   6316 32 75 65    		ld	(MoonSound_count_music),a
0161   6319 6F          		ld	l,a
0162   631A 5F          		ld	e,a
0163   631B 26 00       		ld	h,0
0164   631D 54          		ld	d,h
0165   631E 29          		add	hl,hl
0166   631F 29          		add	hl,hl
0167   6320 19          		add	hl,de
0168   6321 11 9B 63    		ld	de,MoonSound_tabl_music
0169   6324 19          		add	hl,de
0170   6325 7E          		ld	a,(hl)				;­®¬¥à áâà ­¨æë ¯ ¬ïâ¨
0171   6326 32 76 65    		ld	(MoonSound_page_memory),a
0172   6329 23          		inc	hl
0173   632A 5E          		ld	e,(hl)				; ¤à¥á âà¥ª                           
0174   632B 23          		inc	hl
0175   632C 56          		ld	d,(hl)
0176   632D 23          		inc	hl
0177   632E 7E          		ld	a,(hl)                          ;ç¨á«® ­¥¯®«­ëå ¡ ©â
0178   632F 23          		inc	hl
0179   6330 46          		ld	b,(hl)				;ç¨á«® á¥ªâ®à®¢
0180   6331 A7          		and	a
0181   6332 28 01       		jr	z,MoonSound_copy_block
0182   6334 04          		inc	b	
0183   6335             
0184   6335             MoonSound_copy_block: 
0185   6335 21 00 D0    		ld	hl,0D000h
0186   6338 22 7B 65    		ld	(MoonSound_copy_addr),hl
0187   633B EB          		ex	hl,de
0188   633C             
0189   633C             MoonSound_copy_loop: 
0190   633C C5          		push	bc
0191   633D 3A 76 65    		ld	a,(MoonSound_page_memory)	;§ £àã§¨¬ ­®¬¥à áâà ­¨æë ¯ ¬ïâ¨
0192   6340 01 FD 7F    		ld	bc,7ffdh
0193   6343 ED 79       		out	(c),a
0194   6345             
0195   6345 11 7D 65    		ld	de,MoonSound_copy_buffer
0196   6348 01 00 01    		ld	bc,100h
0197   634B ED B0       		ldir
0198   634D E5          		push	hl
0199   634E 3E 10       		ld	a,10h
0200   6350 01 FD 7F    		ld	bc,7ffdh
0201   6353 ED 79       		out	(c),a
0202   6355 2A 7B 65    		ld	hl,(MoonSound_copy_addr)
0203   6358 11 7D 65    		ld	de,MoonSound_copy_buffer
0204   635B EB          		ex	hl,de
0205   635C 01 00 01    		ld	bc,100h
0206   635F ED B0       		ldir
0207   6361 EB          		ex	hl,de
0208   6362 22 7B 65    		ld	(MoonSound_copy_addr),hl
0209   6365 E1          		pop	hl
0210   6366 C1          		pop	bc
0211   6367 10 D3       		djnz	MoonSound_copy_loop
0212   6369             
0213   6369 CD 99 64    		call	MoonSound_mwmload
0214   636C             
0215   636C 21 00 C0    		ld	hl,0C000h
0216   636F 22 75 82    		ld	(MBPlayer_songdata_addres),hl
0217   6372 CD 82 7B    		call	MBPlayer_init
0218   6375             
0219   6375 3A 74 65    		ld	a,(MoonSound_number_music)
0220   6378 3C          		inc	a
0221   6379 4F          		ld	c,a
0222   637A E6 0F       		and	0Fh
0223   637C FE 0A       		cp	10
0224   637E 38 04       		jr	c,MoonSound_number_correct
0225   6380 3E 06       		ld	a,6
0226   6382 81          		add	c
0227   6383 4F          		ld	c,a
0228   6384             
0229   6384             MoonSound_number_correct: 
0230   6384 79          		ld	a,c
0231   6385 32 74 65    		ld	(MoonSound_number_music),a
0232   6388 FE 15       		cp	15h
0233   638A 38 02       		jr	c,MoonSound_number_valid
0234   638C 3E 01       		ld	a,1
0235   638E             
0236   638E             MoonSound_number_valid: 
0237   638E 32 74 65    		ld	(MoonSound_number_music),a
0238   6391 CD 61 64    		call	MoonSound_view_number
0239   6394 CD EC 63    		call	MoonSound_time_init
0240   6397             
0241   6397 FB          		ei
0242   6398 C3 E4 62    		jp      MoonSound_loop
0243   639B             
0244   639B             MoonSound_tabl_music: 
0245   639B 11          		db	11h   				; 1 ¬ã§ëª «ì­®¥ ¯à®¨§¢¥¤¥­¨¥
0246   639C 00 C0       		dw	0C000h
0247   639E 30 0C       		dw	0C30h
0248   63A0 11          		db	11h   				; 2 ¬ã§ëª «ì­®¥ ¯à®¨§¢¥¤¥­¨¥
0249   63A1 30 CC       		dw	0CC30h
0250   63A3 70 0F       		dw	0F70h
0251   63A5 11          		db	11h   				; 3 ¬ã§ëª «ì­®¥ ¯à®¨§¢¥¤¥­¨¥
0252   63A6 A0 DB       		dw	0DBA0h
0253   63A8 00 07       		dw	0700h
0254   63AA 11          		db	11h   				; 4 ¬ã§ëª «ì­®¥ ¯à®¨§¢¥¤¥­¨¥
0255   63AB A0 E2       		dw	0E2A0h
0256   63AD 60 11       		dw	1160h
0257   63AF 11          		db	11h   				; 5 ¬ã§ëª «ì­®¥ ¯à®¨§¢¥¤¥­¨¥
0258   63B0 00 F4       		dw	0F400h
0259   63B2 E0 01       		dw	01E0h
0260   63B4 11          		db	11h   				; 6 ¬ã§ëª «ì­®¥ ¯à®¨§¢¥¤¥­¨¥
0261   63B5 E0 F5       		dw	0F5E0h
0262   63B7 B0 07       		dw	07B0h
0263   63B9             
0264   63B9 13          		db	13h   				; 7 ¬ã§ëª «ì­®¥ ¯à®¨§¢¥¤¥­¨¥
0265   63BA 00 C0       		dw	0C000h
0266   63BC 90 1B       		dw	1B90h
0267   63BE 13          		db	13h   				; 8 ¬ã§ëª «ì­®¥ ¯à®¨§¢¥¤¥­¨¥
0268   63BF 90 DB       		dw	0DB90h
0269   63C1 E0 17       		dw	17E0h
0270   63C3 13          		db	13h   				; 9 ¬ã§ëª «ì­®¥ ¯à®¨§¢¥¤¥­¨¥
0271   63C4 70 F3       		dw	0F370h
0272   63C6 F0 06       		dw	06F0h
0273   63C8             
0274   63C8 14          		db	14h   				; 10 ¬ã§ëª «ì­®¥ ¯à®¨§¢¥¤¥­¨¥
0275   63C9 00 C0       		dw	0C000h
0276   63CB 60 28       		dw	2860h
0277   63CD 14          		db	14h   				; 11 ¬ã§ëª «ì­®¥ ¯à®¨§¢¥¤¥­¨¥
0278   63CE 60 E8       		dw	0E860h
0279   63D0 00 11       		dw	1100h
0280   63D2             
0281   63D2 16          		db	16h   				; 12 ¬ã§ëª «ì­®¥ ¯à®¨§¢¥¤¥­¨¥
0282   63D3 00 C0       		dw	0C000h
0283   63D5 A0 12       		dw	12A0h
0284   63D7 16          		db	16h   				; 13 ¬ã§ëª «ì­®¥ ¯à®¨§¢¥¤¥­¨¥
0285   63D8 A0 D2       		dw	0D2A0h
0286   63DA 80 22       		dw	2280h
0287   63DC             
0288   63DC 17          		db	17h   				; 14 ¬ã§ëª «ì­®¥ ¯à®¨§¢¥¤¥­¨¥
0289   63DD 00 C0       		dw	0C000h
0290   63DF E0 18       		dw	18E0h
0291   63E1             
0292   63E1             
0293   63E1             MoonSound_exit: 		
0294   63E1 F3          		di	
0295   63E2 CD 88 7B    		call	MBPlayer_stop
0296   63E5 21 00 00    		ld	hl,0	
0297   63E8 E5          		push	hl
0298   63E9 C3 2F 3D          		jp  	3d2fh				;¢ëå®¤ ¢ TR-DOS
0299   63EC             
0300   63EC             
0301   63EC             MoonSound_time_init: 
0302   63EC AF          		xor	a
0303   63ED 32 78 65                    ld	(MoonSound_time_int),a
0304   63F0 32 79 65    		ld	(MoonSound_time_count),a		
0305   63F3 32 7A 65    		ld	(MoonSound_time_minute),a
0306   63F6 18 38       		jr	MoonSound_time_draw
0307   63F8             
0308   63F8             MoonSound_time_view: 
0309   63F8 3A 78 65                    ld	a,(MoonSound_time_int)
0310   63FB 3C          		inc	a
0311   63FC 32 78 65                    ld	(MoonSound_time_int),a
0312   63FF FE 32       		cp	50
0313   6401 D8          		ret	c
0314   6402 AF          		xor	a
0315   6403 32 78 65                    ld	(MoonSound_time_int),a
0316   6406 3A 79 65                    ld	a,(MoonSound_time_count)
0317   6409 3C          		inc	a
0318   640A 4F          		ld	c,a
0319   640B E6 0F       		and	0Fh
0320   640D FE 0A       		cp	10
0321   640F 38 04       		jr	c,MoonSound_time_next
0322   6411 3E 06       		ld	a,6
0323   6413 81          		add	c
0324   6414 4F          		ld	c,a
0325   6415             MoonSound_time_next: 
0326   6415 79          		ld	a,c
0327   6416 32 79 65    		ld	(MoonSound_time_count),a		
0328   6419 FE 60       		cp	60h
0329   641B 38 13       		jr	c,MoonSound_time_draw
0330   641D AF          		xor	a
0331   641E 32 79 65    		ld	(MoonSound_time_count),a		
0332   6421 3A 7A 65    		ld	a,(MoonSound_time_minute)
0333   6424 3C          		inc	a
0334   6425 32 7A 65    		ld	(MoonSound_time_minute),a
0335   6428 FE 0A       		cp	10
0336   642A 38 04       		jr	c,MoonSound_time_draw
0337   642C AF          		xor	a
0338   642D 32 7A 65    		ld	(MoonSound_time_minute),a
0339   6430             MoonSound_time_draw: 
0340   6430 3A 7A 65    		ld	a,(MoonSound_time_minute)
0341   6433 4F          		ld	c,a
0342   6434 E6 F0       		and	0F0h
0343   6436 0F          		rrca
0344   6437 0F          		rrca
0345   6438 0F          		rrca
0346   6439 0F          		rrca
0347   643A 21 BE 40    		ld	hl,40BEh
0348   643D CD 74 64    		call	MoonSound_view_symbol
0349   6440 79          		ld	a,c
0350   6441 E6 0F       		and	0Fh
0351   6443 21 BF 40    		ld	hl,40BFh
0352   6446 CD 74 64    		call 	MoonSound_view_symbol
0353   6449 3A 79 65    		ld	a,(MoonSound_time_count)
0354   644C 4F          		ld	c,a
0355   644D E6 F0       		and	0F0h
0356   644F 0F          		rrca
0357   6450 0F          		rrca
0358   6451 0F          		rrca
0359   6452 0F          		rrca
0360   6453 21 FE 40    		ld	hl,40FEh
0361   6456 CD 74 64    		call	MoonSound_view_symbol
0362   6459 79          		ld	a,c
0363   645A E6 0F       		and	0Fh
0364   645C 21 FF 40    		ld	hl,40FFh
0365   645F 18 13       		jr	MoonSound_view_symbol
0366   6461              
0367   6461             MoonSound_view_number: 
0368   6461 4F          		ld	c,a
0369   6462 E6 F0       		and	0F0h
0370   6464 0F          		rrca
0371   6465 0F          		rrca
0372   6466 0F          		rrca
0373   6467 0F          		rrca
0374   6468 21 5E 50    		ld	hl,505Eh
0375   646B CD 74 64    		call	MoonSound_view_symbol
0376   646E 79          		ld	a,c
0377   646F E6 0F       		and	0Fh
0378   6471 21 5F 50    		ld	hl,505Fh
0379   6474             
0380   6474             MoonSound_view_symbol: 
0381   6474 E5          		push	hl
0382   6475 26 00       		ld	h,0
0383   6477 6F          		ld	l,a
0384   6478 29          		add	hl,hl
0385   6479 29          		add	hl,hl
0386   647A 29          		add	hl,hl
0387   647B 11 24 65    		ld	de,MoonSound_table_symbol
0388   647E 19          	        add	hl,de	
0389   647F EB          		ex	de,hl
0390   6480 E1          		pop	hl
0391   6481 06 08       		ld	b,8
0392   6483             
0393   6483             MoonSound_view_loop: 
0394   6483 1A          		ld	a,(de)
0395   6484 77          		ld	(hl),a
0396   6485 13          		inc	de		
0397   6486 24          		inc	h
0398   6487 7C          		ld	a,h
0399   6488 E6 07       		and	7
0400   648A 20 0A       		jr	nz,MoonSound_next_line
0401   648C 7D          		ld	a,l
0402   648D C6 20       		add	a,20h
0403   648F 6F          		ld	l,a
0404   6490 38 04       		jr	c,MoonSound_next_line
0405   6492 7C          		ld	a,h
0406   6493 D6 08       		sub	8
0407   6495 67          		ld	h,a
0408   6496             MoonSound_next_line: 
0409   6496 10 EB       		djnz	MoonSound_view_loop
0410   6498 C9          		ret	
0411   6499             
0412   6499             MoonSound_mwmload: 
0413   6499 21 00 D0    		ld	hl,0D000h
0414   649C 22 81 66    		ld	(load_position),hl
0415   649F 21 00 C0    		ld	hl,0C000h
0416   64A2 22 75 82    		ld	(MBPlayer_songdata_addres),hl
0417   64A5             
0418   64A5             ;--- Load MWM file ---
0419   64A5             
0420   64A5             ; Note: The routine below is a bit complex because it supports
0421   64A5             ; songs > 16K. However, if you know that your song will always be < 16K you
0422   64A5             ; can simplify it a lot:
0423   64A5             ; - read the header and trash it!
0424   64A5             ; - read the rest of the file
0425   64A5             ; - modify the play_nextpos routine so that 3 is added to the pattern address
0426   64A5             
0427   64A5             mbload: 
0428   64A5             
0429   64A5 21 74 82    		ld	hl,MBPlayer_songdata_bank1	; select first song bank
0430   64A8 22 7F 66    		ld	(load_bank),hl
0431   64AB 7E          		ld	a,(hl)
0432   64AC             
0433   64AC 21 06 00    		ld	hl,6
0434   64AF ED 5B 75 82 		ld	de,(MBPlayer_songdata_addres)
0435   64B3 CD 03 65    		call	load_file			; read header
0436   64B6             
0437   64B6 21 16 01    		ld	hl,278
0438   64B9 ED 5B 75 82 		ld	de,(MBPlayer_songdata_addres)		; read settings
0439   64BD CD 03 65    		call	load_file
0440   64C0 1A          		ld	a,(de)
0441   64C1 19          		add	hl,de
0442   64C2 EB          		ex	de,hl
0443   64C3 3C          		inc	a
0444   64C4 6F          		ld	l,a
0445   64C5 26 00       		ld	h,0
0446   64C7 CD 03 65    		call	load_file			; read positions
0447   64CA CD 14 65    		call	check_pats
0448   64CD 19          		add	hl,de
0449   64CE EB          		ex	de,hl
0450   64CF 87          		add	a,a
0451   64D0 6F          		ld	l,a
0452   64D1 26 00       		ld	h,0
0453   64D3 CD 03 65    		call	load_file			; read pattern addresses
0454   64D6 19          		add	hl,de
0455   64D7 22 7D 66    		ld	(load_adres),hl
0456   64DA             
0457   64DA             mbload_lp: 
0458   64DA 11 83 66    		ld	de,load_buffer
0459   64DD 21 03 00    		ld	hl,3
0460   64E0 CD 03 65    		call	load_file
0461   64E3 3A 85 66    		ld	a,(load_buffer + 2)
0462   64E6 B7          		or	a
0463   64E7 C8          		ret	z
0464   64E8 ED 5B 7D 66 		ld	de,(load_adres)
0465   64EC 2A 83 66    		ld	hl,(load_buffer)
0466   64EF CD 03 65    		call	load_file
0467   64F2             
0468   64F2 11 00 C0    		ld	de,0C000h
0469   64F5 ED 53 7D 66 		ld	(load_adres),de
0470   64F9 2A 7F 66    		ld	hl,(load_bank)
0471   64FC 23          		inc	hl
0472   64FD 7E          		ld	a,(hl)
0473   64FE 22 7F 66    		ld	(load_bank),hl
0474   6501 18 D7       		jr	mbload_lp
0475   6503             
0476   6503             
0477   6503             
0478   6503             ;--- Load (part of) file ---
0479   6503             ; In: HL = number of bytes to read
0480   6503             ;     DE = transfer address
0481   6503             
0482   6503             load_file: 	
0483   6503 E5          		push	hl
0484   6504 D5          		push	de
0485   6505 C5          		push	bc
0486   6506             
0487   6506 E5          		push	hl
0488   6507 C1          		pop	bc
0489   6508 2A 81 66    		ld	hl,(load_position)
0490   650B ED B0       		ldir
0491   650D 22 81 66    		ld	(load_position),hl
0492   6510 C1          		pop	bc
0493   6511 D1          		pop	de
0494   6512 E1          		pop	hl
0495   6513 C9          		ret
0496   6514             
0497   6514             ;--- search highest pattern ---
0498   6514             ; In: L = #positions, DE = pointer to patterns
0499   6514             ; Out: A = highest pattern
0500   6514             
0501   6514             check_pats: 	
0502   6514 E5          		push	hl
0503   6515 D5          		push	de
0504   6516 45          		ld	b,l
0505   6517 EB          		ex	de,hl
0506   6518 AF          		xor	a
0507   6519             check_patslp: 	
0508   6519 BE          		cp	(hl)
0509   651A 30 01       		jr	nc,check_pats2
0510   651C 7E          		ld	a,(hl)
0511   651D 23          check_pats2: 	inc	hl
0512   651E 10 F9       		djnz	check_patslp
0513   6520 3C          		inc	a
0514   6521 D1          		pop	de
0515   6522 E1          		pop	hl
0516   6523 C9          		ret
0517   6524             
0518   6524             MoonSound_table_symbol: 
0519   6524               		db 	0,3Ch,66h,6Eh,76h,66h,3Ch,0
0519   6524 003C666E76663C00
0520   652C               		db 	0,18h,38h,18h,18h,18h,7Eh,0
0520   652C 0018381818187E00
0521   6534               		db 	0,3Ch,66h,0Ch,18h,30h,7Eh,0
0521   6534 003C660C18307E00
0522   653C               		db 	0,7Eh,0Ch,18h,0Ch,66h,3Ch,0
0522   653C 007E0C180C663C00
0523   6544               		db 	0,0Ch,1Ch,3Ch,6Ch,7Eh,0Ch,0
0523   6544 000C1C3C6C7E0C00
0524   654C               		db 	0,7Eh,60h,7Ch,06h,66h,3Ch,0
0524   654C 007E607C06663C00
0525   6554               		db 	0,3Ch,60h,7Ch,66h,66h,3Ch,0
0525   6554 003C607C66663C00
0526   655C               		db 	0,7Eh,06h,0Ch,18h,30h,30h,0
0526   655C 007E060C18303000
0527   6564               		db 	0,3Ch,66h,3Ch,66h,66h,3Ch,0
0527   6564 003C663C66663C00
0528   656C             		db 	0,3Ch,66h,3Eh,06h,0Ch,38h,0
0528   656C 003C663E060C3800
0529   6574             
0530   6574             MoonSound_number_music: 
0531   6574 00          		db	0
0532   6575             
0533   6575             MoonSound_count_music: 
0534   6575 00          		db	0
0535   6576             
0536   6576             MoonSound_page_memory: 
0537   6576 00          		db	0		
0538   6577             MoonSound_key_press: 
0539   6577 00          		db	0
0540   6578             
0541   6578             MoonSound_time_int: 
0542   6578 00          		db	0
0543   6579             MoonSound_time_count: 
0544   6579 00          		db	0		
0545   657A             MoonSound_time_minute: 
0546   657A 00          		db	0
0547   657B             
0548   657B             
0549   657B             MoonSound_copy_addr: 
0550   657B 00 00       		dw	0
0551   657D             MoonSound_copy_buffer: 
0552   657D 00          		ds	256
0553   667D             
0554   667D 00 00       load_adres: 	dw	0
0555   667F 00 00       load_bank: 	dw	0
0556   6681 00 00       load_position: 	dw	0
0557   6683 00 00 00    load_buffer: 	db	0,0,0
0558   6686             
0559   6686             
0560   6686             Interrupt_handle: 
0561   6686 E5          		push	hl
0562   6687 D5          		push	de
0563   6688 C5          		push	bc
0564   6689 F5          		push	af
0565   668A             
0566   668A CD C4 66    		call	Str_play
0567   668D CD F8 63    		call	MoonSound_time_view
0568   6690             
0569   6690             ;		ld	a,(MoonSound_page_memory)	;§ £àã§¨¬ ­®¬¥à áâà ­¨æë ¯ ¬ïâ¨ â¥ªãé¥© ¬ã§ëª¨
0570   6690             ;		ld	bc,7ffdh
0571   6690             ;		out	(c),a
0572   6690 CD 85 7B    		call	MBPlayer_play
0573   6693             
0574   6693             ;		ld	a,10h
0575   6693             ;		ld	bc,7ffdh
0576   6693             ;		out	(c),a
0577   6693             
0578   6693             Interrupt_exit: 
0579   6693             
0580   6693 F1          		pop	af
0581   6694 C1          		pop	bc
0582   6695 D1          		pop	de
0583   6696 E1          		pop	hl
0584   6697 FB          		ei
0585   6698 C9          		ret
0586   6699             
0587   6699             
0588   6699             		.include  string.asm
0001+  6699             ;--------------------------------------------------------------------
0002+  6699             ; Îïèñàíèå: Áåãóùàÿ ñòðîêà
0003+  6699             ; Àâòîð ïîðòà: îñíîâà âûäðàíà èç çàïèëÿòîðà
0004+  6699             ;--------------------------------------------------------------------
0005+  6699             Str_reload: 
0006+  6699 3A 12 68    		ld	a,(Str_flg_end)
0007+  669C A7          		and	a
0008+  669D 28 06       		jr 	z,Str_init
0009+  669F AF          		xor	a
0010+  66A0 32 12 68    		ld	(Str_flg_end),a
0011+  66A3 37          		scf
0012+  66A4 C9          		ret
0013+  66A5             
0014+  66A5             Str_init: 
0015+  66A5 3E 0F       		ld	a,0Fh
0016+  66A7 32 13 68    		ld	(Str_count_bit),a
0017+  66AA 21 2E 6B    		ld	hl,Str_addr_text
0018+  66AD 22 14 68    		ld	(Str_addr_work),hl
0019+  66B0 7E          		ld	a,(hl)
0020+  66B1 C9          		ret
0021+  66B2             
0022+  66B2             
0023+  66B2             Str_init_load: 
0024+  66B2 3E 0F       		ld	a,0Fh
0025+  66B4 32 13 68    		ld	(Str_count_bit),a
0026+  66B7 21 16 6B    		ld	hl,Str_addr_load
0027+  66BA 22 14 68    		ld	(Str_addr_work),hl
0028+  66BD 3E 01       		ld	a,1
0029+  66BF 32 12 68    		ld	(Str_flg_end),a
0030+  66C2 7E          		ld	a,(hl)
0031+  66C3 C9          		ret	
0032+  66C4             
0033+  66C4             Str_play: 
0034+  66C4 3A 13 68    		ld	a,(Str_count_bit)
0035+  66C7 3C          		inc	a
0036+  66C8 E6 0F       		and	0Fh
0037+  66CA 32 13 68    		ld	(Str_count_bit),a
0038+  66CD B7          		or	a
0039+  66CE 20 10       		jr	nz, Str_move_string
0040+  66D0             
0041+  66D0             Str_next_symbol: 
0042+  66D0 2A 14 68    		ld	hl,(Str_addr_work)
0043+  66D3 7E          		ld	a,(hl)
0044+  66D4 A7          		and	a
0045+  66D5 CC 99 66    		call	z,Str_reload
0046+  66D8 D8          		ret	c
0047+  66D9 23          		inc	hl
0048+  66DA 22 14 68    		ld	(Str_addr_work),hl
0049+  66DD CD 69 67    		call	Str_load_symbol
0050+  66E0             
0051+  66E0             Str_move_string: 
0052+  66E0 11 BF 50    		ld	de, 50BFh
0053+  66E3 21 17 68    		ld	hl, Str_buf_data +1 
0054+  66E6 06 18       		ld	b, 18h
0055+  66E8             
0056+  66E8             Str_move_line: 
0057+  66E8 37          		scf	
0058+  66E9 3F          		ccf	
0059+  66EA CB 16       		rl	(hl)
0060+  66EC 2B          		dec	hl
0061+  66ED CB 16       		rl	(hl)
0062+  66EF 23          		inc	hl
0063+  66F0 23          		inc	hl
0064+  66F1 23          		inc	hl
0065+  66F2 EB          		ex	de, hl
0066+  66F3 E5          		push	hl
0067+  66F4 CB 16       		rl	(hl)
0068+  66F6 2B          		dec	hl
0069+  66F7 CB 16       		rl	(hl)
0070+  66F9 2B          		dec	hl
0071+  66FA CB 16       		rl	(hl)
0072+  66FC 2B          		dec	hl
0073+  66FD CB 16       		rl	(hl)
0074+  66FF 2B          		dec	hl
0075+  6700 CB 16       		rl	(hl)
0076+  6702 2B          		dec	hl
0077+  6703 CB 16       		rl	(hl)
0078+  6705 2B          		dec	hl
0079+  6706 CB 16       		rl	(hl)
0080+  6708 2B          		dec	hl
0081+  6709 CB 16       		rl	(hl)
0082+  670B 2B          		dec	hl
0083+  670C CB 16       		rl	(hl)
0084+  670E 2B          		dec	hl
0085+  670F CB 16       		rl	(hl)
0086+  6711 2B          		dec	hl
0087+  6712 CB 16       		rl	(hl)
0088+  6714 2B          		dec	hl
0089+  6715 CB 16       		rl	(hl)
0090+  6717 2B          		dec	hl
0091+  6718 CB 16       		rl	(hl)
0092+  671A 2B          		dec	hl
0093+  671B CB 16       		rl	(hl)
0094+  671D 2B          		dec	hl
0095+  671E CB 16       		rl	(hl)
0096+  6720 2B          		dec	hl
0097+  6721 CB 16       		rl	(hl)
0098+  6723 2B          		dec	hl
0099+  6724 CB 16       		rl	(hl)
0100+  6726 2B          		dec	hl
0101+  6727 CB 16       		rl	(hl)
0102+  6729 2B          		dec	hl
0103+  672A CB 16       		rl	(hl)
0104+  672C 2B          		dec	hl
0105+  672D CB 16       		rl	(hl)
0106+  672F 2B          		dec	hl
0107+  6730 CB 16       		rl	(hl)
0108+  6732 2B          		dec	hl
0109+  6733 CB 16       		rl	(hl)
0110+  6735 2B          		dec	hl
0111+  6736 CB 16       		rl	(hl)
0112+  6738 2B          		dec	hl
0113+  6739 CB 16       		rl	(hl)
0114+  673B 2B          		dec	hl
0115+  673C CB 16       		rl	(hl)
0116+  673E 2B          		dec	hl
0117+  673F CB 16       		rl	(hl)
0118+  6741 2B          		dec	hl
0119+  6742 CB 16       		rl	(hl)
0120+  6744 2B          		dec	hl
0121+  6745 CB 16       		rl	(hl)
0122+  6747 2B          		dec	hl
0123+  6748 CB 16       		rl	(hl)
0124+  674A 2B          		dec	hl
0125+  674B CB 16       		rl	(hl)
0126+  674D 2B          		dec	hl
0127+  674E CB 16       		rl	(hl)
0128+  6750 2B          		dec	hl
0129+  6751 CB 16       		rl	(hl)
0130+  6753 2B          		dec	hl
0131+  6754 E1          		pop	hl
0132+  6755 24          		inc	h
0133+  6756 7C          		ld	a, h
0134+  6757 E6 07       		and	7
0135+  6759 20 09       		jr	nz, Str_next_line
0136+  675B 7D          		ld	a, l
0137+  675C D6 E0       		sub	0E0h ; 'à'
0138+  675E 6F          		ld	l, a
0139+  675F 9F          		sbc	a, a
0140+  6760 E6 F8       		and	0F8h ; 'ø'
0141+  6762 84          		add	a, h
0142+  6763 67          		ld	h, a
0143+  6764             Str_next_line: 
0144+  6764 EB          		ex	de, hl
0145+  6765 10 81       		djnz	Str_move_line
0146+  6767 A7          		and	a
0147+  6768 C9          		ret
0148+  6769             
0149+  6769             Str_load_symbol: 
0150+  6769 D6 20       		sub	20h
0151+  676B FE 60       		cp	60h
0152+  676D 38 02       		jr	c, Str_load_data
0153+  676F D6 60       		sub	60h
0154+  6771             
0155+  6771             Str_load_data: 
0156+  6771 6F          		ld	l,a
0157+  6772 01 FD 7F    		ld	bc,7ffdh
0158+  6775 3E 17       		ld	a,17h
0159+  6777 ED 79       		out	(c),a
0160+  6779 26 00       		ld	h, 0
0161+  677B 29          	    	add	hl,hl
0162+  677C 29          	    	add	hl,hl
0163+  677D 29          		add	hl,hl
0164+  677E 29          		add	hl,hl
0165+  677F 54          	    	ld	d, h
0166+  6780 5D          		ld	e, l
0167+  6781 29          	    	add	hl,hl
0168+  6782 19          		add	hl,de
0169+  6783 01 00 E0    		ld	bc, 0e000h		;Str_addr_font
0170+  6786 09          		add	hl, bc
0171+  6787 ED 73 08 68 		ld	(Str_save_stack + 1),sp
0172+  678B F9          		ld	sp, hl
0173+  678C 21 16 68    		ld	hl, Str_buf_data
0174+  678F C1          		pop	bc
0175+  6790 71          		ld	(hl), c
0176+  6791 23          		inc	hl
0177+  6792 70          		ld	(hl), b
0178+  6793 23          		inc	hl
0179+  6794 C1          		pop	bc
0180+  6795 71          		ld	(hl), c
0181+  6796 23          		inc	hl
0182+  6797 70          		ld	(hl), b
0183+  6798 23          		inc	hl
0184+  6799 C1          		pop	bc
0185+  679A 71          		ld	(hl), c
0186+  679B 23          		inc	hl
0187+  679C 70          		ld	(hl), b
0188+  679D 23          		inc	hl
0189+  679E C1          		pop	bc
0190+  679F 71          		ld	(hl), c
0191+  67A0 23          		inc	hl
0192+  67A1 70          		ld	(hl), b
0193+  67A2 23          		inc	hl
0194+  67A3 C1          		pop	bc
0195+  67A4 71          		ld	(hl), c
0196+  67A5 23          		inc	hl
0197+  67A6 70          		ld	(hl), b
0198+  67A7 23          		inc	hl
0199+  67A8 C1          		pop	bc
0200+  67A9 71          		ld	(hl), c
0201+  67AA 23          		inc	hl
0202+  67AB 70          		ld	(hl), b
0203+  67AC 23          		inc	hl
0204+  67AD C1          		pop	bc
0205+  67AE 71          		ld	(hl), c
0206+  67AF 23          		inc	hl
0207+  67B0 70          		ld	(hl), b
0208+  67B1 23          		inc	hl
0209+  67B2 C1          		pop	bc
0210+  67B3 71          		ld	(hl), c
0211+  67B4 23          		inc	hl
0212+  67B5 70          		ld	(hl), b
0213+  67B6 23          		inc	hl
0214+  67B7 C1          		pop	bc
0215+  67B8 71          		ld	(hl), c
0216+  67B9 23          		inc	hl
0217+  67BA 70          		ld	(hl), b
0218+  67BB 23          		inc	hl
0219+  67BC C1          		pop	bc
0220+  67BD 71          		ld	(hl), c
0221+  67BE 23          		inc	hl
0222+  67BF 70          		ld	(hl), b
0223+  67C0 23          		inc	hl
0224+  67C1 C1          		pop	bc
0225+  67C2 71          		ld	(hl), c
0226+  67C3 23          		inc	hl
0227+  67C4 70          		ld	(hl), b
0228+  67C5 23          		inc	hl
0229+  67C6 C1          		pop	bc
0230+  67C7 71          		ld	(hl), c
0231+  67C8 23          		inc	hl
0232+  67C9 70          		ld	(hl), b
0233+  67CA 23          		inc	hl
0234+  67CB C1          		pop	bc
0235+  67CC 71          		ld	(hl), c
0236+  67CD 23          		inc	hl
0237+  67CE 70          		ld	(hl), b
0238+  67CF 23          		inc	hl
0239+  67D0 C1          		pop	bc
0240+  67D1 71          		ld	(hl), c
0241+  67D2 23          		inc	hl
0242+  67D3 70          		ld	(hl), b
0243+  67D4 23          		inc	hl
0244+  67D5 C1          		pop	bc
0245+  67D6 71          		ld	(hl), c
0246+  67D7 23          		inc	hl
0247+  67D8 70          		ld	(hl), b
0248+  67D9 23          		inc	hl
0249+  67DA C1          		pop	bc
0250+  67DB 71          		ld	(hl), c
0251+  67DC 23          		inc	hl
0252+  67DD 70          		ld	(hl), b
0253+  67DE 23          		inc	hl
0254+  67DF C1          		pop	bc
0255+  67E0 71          		ld	(hl), c
0256+  67E1 23          		inc	hl
0257+  67E2 70          		ld	(hl), b
0258+  67E3 23          		inc	hl
0259+  67E4 C1          		pop	bc
0260+  67E5 71          		ld	(hl), c
0261+  67E6 23          		inc	hl
0262+  67E7 70          		ld	(hl), b
0263+  67E8 23          		inc	hl
0264+  67E9 C1          		pop	bc
0265+  67EA 71          		ld	(hl), c
0266+  67EB 23          		inc	hl
0267+  67EC 70          		ld	(hl), b
0268+  67ED 23          		inc	hl
0269+  67EE C1          		pop	bc
0270+  67EF 71          		ld	(hl), c
0271+  67F0 23          		inc	hl
0272+  67F1 70          		ld	(hl), b
0273+  67F2 23          		inc	hl
0274+  67F3 C1          		pop	bc
0275+  67F4 71          		ld	(hl), c
0276+  67F5 23          		inc	hl
0277+  67F6 70          		ld	(hl), b
0278+  67F7 23          		inc	hl
0279+  67F8 C1          		pop	bc
0280+  67F9 71          		ld	(hl), c
0281+  67FA 23          		inc	hl
0282+  67FB 70          		ld	(hl), b
0283+  67FC 23          		inc	hl
0284+  67FD C1          		pop	bc
0285+  67FE 71          		ld	(hl), c
0286+  67FF 23          		inc	hl
0287+  6800 70          		ld	(hl), b
0288+  6801 23          		inc	hl
0289+  6802 C1          		pop	bc
0290+  6803 71          		ld	(hl), c
0291+  6804 23          		inc	hl
0292+  6805 70          		ld	(hl), b
0293+  6806 23          		inc	hl
0294+  6807             Str_save_stack: 
0295+  6807 31 00 00    		ld	sp, 0
0296+  680A             
0297+  680A 01 FD 7F    		ld	bc,7ffdh
0298+  680D 3E 10       		ld	a,10h
0299+  680F ED 79       		out	(c),a
0300+  6811 C9          		ret	
0301+  6812             
0302+  6812             
0303+  6812             Str_flg_end: 
0304+  6812 00          		db 	0
0305+  6813             
0306+  6813             Str_count_bit: 
0307+  6813 00          		db 	0
0308+  6814             Str_addr_work: 
0309+  6814 00 00       		dw 	0
0310+  6816             
0311+  6816             Str_buf_data:    
0312+  6816 00          		ds	768
0313+  6B16             
0314+  6B16             Str_addr_load: 
0315+  6B16             		db	'            *LOAD*     ',0
0315+  6B16 2020202020202020202020202A4C4F41442A202020202000
0316+  6B2E             
0317+  6B2E             Str_addr_text: 
0318+  6B2E             		db 	'                             << SPACE TO CHANGE MUSIC >>       '
0318+  6B2E 20202020202020202020202020202020202020202020202020202020203C3C20
0318+  6B4E 535041434520544F204348414E4745204D55534943203E3E20202020202020
0319+  6B6D             		db 	'                             ÏÐÈÂÅÒ, MICK ÏÐÅÄÑÒÀÂËßÅÒ ÍÎÂÛÉ ÑÁÎÐÍÈÊ'
0319+  6B6D 2020202020202020202020202020202020202020202020202020202020CFD0C8
0319+  6B8D C2C5D22C204D49434B20CFD0C5C4D1D2C0C2CBDFC5D220CDCEC2DBC920D1C1CE
0319+  6BAD D0CDC8CA
0320+  6BB1             		db	' ÄËß ÇÂÓÊÎÂÎÉ ÊÀÐÒÛ *ZXM-MOONSOUND*. ÄÀÂÍÅÍÜÊÎ ÍÈ×ÅÃÎ ÍÅ ÂÛÊËÀÄÛÂÀË, È ÂÎÒ ÒÀÊ ÑÊÀÇÀÒÜ ÐÅØÈËÑß.' 
0320+  6BB1 20C4CBDF20C7C2D3CACEC2CEC920CAC0D0D2DB202A5A584D2D4D4F4F4E534F55
0320+  6BD1 4E442A2E20C4C0C2CDC5CDDCCACE20CDC8D7C5C3CE20CDC520C2DBCACBC0C4DB
0320+  6BF1 C2C0CB2C20C820C2CED220D2C0CA20D1CAC0C7C0D2DC20D0C5D8C8CBD1DF2E
0321+  6C10             		db	' ÕÎÒß ÏÍÓË ÌÅÍß Â ÝÒÎÌ ÍÀÏÐÀÂËÅÍÈÈ ANDREW_CURDS. ÎÍ ÌÍÅ ÄÀÂÍÎ ÏÐÅÇÅÍÒÎÂÀË ÊÀÐÒÈÍÊÓ, À ß ÂÅËÈÊÈÉ'
0321+  6C10 20D5CED2DF20CFCDD3CB20CCC5CDDF20C220DDD2CECC20CDC0CFD0C0C2CBC5CD
0321+  6C30 C8C820414E445245575F43555244532E20CECD20CCCDC520C4C0C2CDCE20CFD0
0321+  6C50 C5C7C5CDD2CEC2C0CB20CAC0D0D2C8CDCAD32C20C020DF20C2C5CBC8CAC8C9
0322+  6C6F             		db	' ËÅÍÈÂÅÖ, ÊÀÊ ÒÎ ÏÐÎ ÍÅÅ È ÇÀÁÛË. ÍÎ ÍÈ×ÅÃÎ, ÎÍ ÌÍÅ ÍÀÏÎÌÍÈË È ÇÀÎÄÍÎ ÏÎÄÑÊÀÇÀË ÏÎÂÎÄ ÂÛÕÎÄÀ ÑÁÎÐÍÈÊÀ '
0322+  6C6F 20CBC5CDC8C2C5D62C20CAC0CA20D2CE20CFD0CE20CDC5C520C820C7C0C1DBCB
0322+  6C8F 2E20CDCE20CDC8D7C5C3CE2C20CECD20CCCDC520CDC0CFCECCCDC8CB20C820C7
0322+  6CAF C0CEC4CDCE20CFCEC4D1CAC0C7C0CB20CFCEC2CEC420C2DBD5CEC4C020D1C1CE
0322+  6CCF D0CDC8CAC020
0323+  6CD5             		db	' - ÄÅÍÜ ÂÑÅÕ ÂËÞÁËÅÍÍÛÕ. ÊÎÐÎ×Å, ÃÎÂÎÐÈÒ ÎÍ ÌÍÅ, À ×ÒÎ ÍÅ ÇÀÁÀÖÀÒÜ ÑÁÎÐÍÈ×ÅÊ ÊÎ ÄÍÞ ÑÂßÒÎÃÎ ÂÀËÅÍÒÈÍÀ.'
0323+  6CD5 202D20C4C5CDDC20C2D1C5D520C2CBDEC1CBC5CDCDDBD52E20CACED0CED7C52C
0323+  6CF5 20C3CEC2CED0C8D220CECD20CCCDC52C20C020D7D2CE20CDC520C7C0C1C0D6C0
0323+  6D15 D2DC20D1C1CED0CDC8D7C5CA20CACE20C4CDDE20D1C2DFD2CEC3CE20C2C0CBC5
0323+  6D35 CDD2C8CDC02E
0324+  6D3B             		db	' È ÊÀÐÒÈÍÊÀ ÃÎÂÎÐÈÒ ÏÎÄÕÎÄßÙÀß - ÏÀÐÎ×ÊÀ ÏÎÄ ËÓÍÍÎÉ. ÍÓ ×ÒÎ ÆÅ, ÑÒÐßÕÍÓË Ñ ÌÎÇÃÎÂ ÏÛËÜ È ÍÀ×ÀË ÑÎÁÈÐÀÒÜ ÌÓÇÎÍ.'
0324+  6D3B 20C820CAC0D0D2C8CDCAC020C3CEC2CED0C8D220CFCEC4D5CEC4DFD9C0DF202D
0324+  6D5B 20CFC0D0CED7CAC020CFCEC420CBD3CDCDCEC92E20CDD320D7D2CE20C6C52C20
0324+  6D7B D1D2D0DFD5CDD3CB20D120CCCEC7C3CEC220CFDBCBDC20C820CDC0D7C0CB20D1
0324+  6D9B CEC1C8D0C0D2DC20CCD3C7CECD2E
0325+  6DA9             		db	' ÂÏÐÎ×ÅÌ ÄÎËÃÎ ÍÅ ÏÐÈØËÎÑÜ ÈÑÊÀÒÜ, ÂÇßË ÍÀ ÏÐÅÏÀÐÈÐÎÂÀÍÈÅ ÑÁÎÐÍÈÊ ÌÓÇÛÊÈ Ñ MSX, ÏÎÄ ÍÀÇÂÀÍÈÅÌ SURREC 3.'
0325+  6DA9 20C2CFD0CED7C5CC20C4CECBC3CE20CDC520CFD0C8D8CBCED1DC20C8D1CAC0D2
0325+  6DC9 DC2C20C2C7DFCB20CDC020CFD0C5CFC0D0C8D0CEC2C0CDC8C520D1C1CED0CDC8
0325+  6DE9 CA20CCD3C7DBCAC820D1204D53582C20CFCEC420CDC0C7C2C0CDC8C5CC205355
0325+  6E09 5252454320332E
0326+  6E10             		db	' ÒÀÊ, ÄÓÌÀÞ ÌÓÇÎÍ ÅÑÒÜ, ÊÀÐÒÈÍÊÀ ÅÑÒÜ, ÎÑÒÀËÎÑÜ ÏÎÄÎÁÐÀÒÜ ÍÅÞÇÀÍÍÛÉ Â ÌÎÈÕ ÑÁÎÐÍÈÊÀÕ ÔÎÍÒ.'
0326+  6E10 20D2C0CA2C20C4D3CCC0DE20CCD3C7CECD20C5D1D2DC2C20CAC0D0D2C8CDCAC0
0326+  6E30 20C5D1D2DC2C20CED1D2C0CBCED1DC20CFCEC4CEC1D0C0D2DC20CDC5DEC7C0CD
0326+  6E50 CDDBC920C220CCCEC8D520D1C1CED0CDC8CAC0D520D4CECDD22E
0327+  6E6A             		db	' ÍÀ ÏÐÎÑÜÁÓ ÏÎÄÅËÈÒÜÑß ÔÎÍÒÎÌ ÎÒÊËÈÊÍÓËÑß GOBLINISH, ÏÐÅÄÎÑÒÀÂÈÂ ÑÂÎÞ ÄÅÌÊÓ ÍÀ ÏÎÒÐÎØÊÈ.'
0327+  6E6A 20CDC020CFD0CED1DCC1D320CFCEC4C5CBC8D2DCD1DF20D4CECDD2CECC20CED2
0327+  6E8A CACBC8CACDD3CBD1DF20474F424C494E4953482C20CFD0C5C4CED1D2C0C2C8C2
0327+  6EAA 20D1C2CEDE20C4C5CCCAD320CDC020CFCED2D0CED8CAC82E
0328+  6EC2             		db	' Ê ÑËÎÂÓ, ÎÍ ÑÊÀÇÀË, ×ÒÎ ÝÒÎÒ ÔÎÍÒ ÈÇ ÐÅÄÀÊÒÎÐÀ "ÑËÎÂÎ È ÄÅËÎ" Ñ PC ÂÐÎÄÅ.' 
0328+  6EC2 20CA20D1CBCEC2D32C20CECD20D1CAC0C7C0CB2C20D7D2CE20DDD2CED220D4CE
0328+  6EE2 CDD220C8C720D0C5C4C0CAD2CED0C02022D1CBCEC2CE20C820C4C5CBCE2220D1
0328+  6F02 20504320C2D0CEC4C52E
0329+  6F0C             		db	' ÈÒÀÊ, Â ÝÒÎÌ ÑÁÎÐÍÈÊÅ ×ÅÒÛÐÍÀÄÖÀÒÜ ÌÅËÎÄÈÉ, ÊÎÒÎÐÛÅ'
0329+  6F0C 20C8D2C0CA2C20C220DDD2CECC20D1C1CED0CDC8CAC520D7C5D2DBD0CDC0C4D6
0329+  6F2C C0D2DC20CCC5CBCEC4C8C92C20CACED2CED0DBC5
0330+  6F40             		db	' ÏÅÐÅÊËÞ×ÀÞÒÑß ÏÓÒÅÌ ÍÀÆÀÒÈß ÊËÀÂÈØÈ "SPACE". ÂÑÅ ÌÅËÎÄÈÈ ÍÀÏÈÑÀÍÛ ÌÓÇÛÊÀÍÒÎÌ QIX, ÑÏÈÑÎÊ ÊÎÒÎÐÛÕ ÈÄÅÒ ÑËÅÄÎÌ: '
0330+  6F40 20CFC5D0C5CACBDED7C0DED2D1DF20CFD3D2C5CC20CDC0C6C0D2C8DF20CACBC0
0330+  6F60 C2C8D8C820225350414345222E20C2D1C520CCC5CBCEC4C8C820CDC0CFC8D1C0
0330+  6F80 CDDB20CCD3C7DBCAC0CDD2CECC205149582C20D1CFC8D1CECA20CACED2CED0DB
0330+  6FA0 D520C8C4C5D220D1CBC5C4CECC3A20
0331+  6FAF             		db	' EXPLOSIO.MWM (EXPLOSION  - BY QIX),'
0331+  6FAF 204558504C4F53494F2E4D574D20284558504C4F53494F4E20202D2042592051
0331+  6FCF 4958292C
0332+  6FD3             		db	' ANGELDEA.MWM (ANGEL OF DEATH - BY QIX),'
0332+  6FD3 20414E47454C4445412E4D574D2028414E47454C204F46204445415448202D20
0332+  6FF3 425920514958292C
0333+  6FFB             		db	' ATTACK.MWM (DEMON"S ATTACK - BY QIX).'
0333+  6FFB 2041545441434B2E4D574D202844454D4F4E22532041545441434B202D204259
0333+  701B 20514958292E
0334+  7021             		db	' BEATING.MWM (BEATING DEMON - BY QIX),'
0334+  7021 2042454154494E472E4D574D202842454154494E472044454D4F4E202D204259
0334+  7041 20514958292C
0335+  7047             		db	' LOGO.MWM (LOGO - BY QIX).'
0335+  7047 204C4F474F2E4D574D20284C4F474F202D20425920514958292E
0336+  7061             		db	' SILENTS.MWM (SILENTS OF PEACE - BY QIX).'
0336+  7061 2053494C454E54532E4D574D202853494C454E5453204F46205045414345202D
0336+  7081 20425920514958292E
0337+  708A             		db	' JUBILAT.MWM (JUBILATION - BY QIX).'
0337+  708A 204A5542494C41542E4D574D20284A5542494C4154494F4E202D204259205149
0337+  70AA 58292E
0338+  70AD             		db	' KILLERS.MWM (KILLERS - BY QIX).'
0338+  70AD 204B494C4C4552532E4D574D20284B494C4C455253202D20425920514958292E
0339+  70CD             		db	' SWITCH.MWM (SWITCH 50/60 HZ - BY QIX).'
0339+  70CD 205357495443482E4D574D20285357495443482035302F363020485A202D2042
0339+  70ED 5920514958292E
0340+  70F4             		db	' PAIN.MWM (PAIN - BY QIX).'
0340+  70F4 205041494E2E4D574D20285041494E202D20425920514958292E
0341+  710E             		db	' SUDDENS.MWM (SUDDEN SIMPHONIE - BY QIX).'
0341+  710E 2053554444454E532E4D574D202853554444454E2053494D50484F4E4945202D
0341+  712E 20425920514958292E
0342+  7137             		db	' TARGET.MWM (TARGET - BY QIX).'
0342+  7137 205441524745542E4D574D2028544152474554202D20425920514958292E
0343+  7155             		db	' WATERS.MWM (WATERS IN PARADISE - BY QIX).'
0343+  7155 205741544552532E4D574D202857415445525320494E20504152414449534520
0343+  7175 2D20425920514958292E
0344+  717F             		db	' XENORIUM.MWM (XENORIUM 1 - BY QIX).'
0344+  717F 2058454E4F5249554D2E4D574D202858454E4F5249554D2031202D2042592051
0344+  719F 4958292E
0345+  71A3             		db	' ÊÐÎÌÅ ÒÎÃÎ ÅÑÒÜ ÅÙÅ ÎÄÍÀ ÊÍÎÏÊÀ "BREAK" - ÂÛÕÎÄ Â TR-DOS.'
0345+  71A3 20CAD0CECCC520D2CEC3CE20C5D1D2DC20C5D9C520CEC4CDC020CACDCECFCAC0
0345+  71C3 2022425245414B22202D20C2DBD5CEC420C22054522D444F532E
0346+  71DD             		db 	' Î ÏÐÎÃÐÀÌÌÅ: ÎÑÍÎÂÍÛÅ ÌÀÒÅÐÈÀËÛ ÁÛËÈ ÏÎÇÀÈÌÑÒÂÎÂÀÍÛ Ñ ÏÐÎÃÐÀÌÌ ÊÎÌÏÜÞÒÅÐÀ "MSX" È ÂÅËÈÊÎÉ'
0346+  71DD 20CE20CFD0CEC3D0C0CCCCC53A20CED1CDCEC2CDDBC520CCC0D2C5D0C8C0CBDB
0346+  71FD 20C1DBCBC820CFCEC7C0C8CCD1D2C2CEC2C0CDDB20D120CFD0CEC3D0C0CCCC20
0346+  721D CACECCCFDCDED2C5D0C020224D53582220C820C2C5CBC8CACEC9
0347+  7237             		db	' ÌÓÑÎÐÊÈ ÏÎÄ ÍÀÇÂÀÍÈÅÌ ÈÍÒÅÐÍÅÒ.' 
0347+  7237 20CCD3D1CED0CAC820CFCEC420CDC0C7C2C0CDC8C5CC20C8CDD2C5D0CDC5D22E
0348+  7257             		db 	' ÂÑÅ ÝÒÎ ÑÎÁÈÐÀËÎÑÜ ÍÀ ÐÑ ÏÐÈ ÏÎÌÎÙÈ ÀÑÑÅÌÁËÅÐÀ  SJASMPLUS.'
0348+  7257 20C2D1C520DDD2CE20D1CEC1C8D0C0CBCED1DC20CDC020D0D120CFD0C820CFCE
0348+  7277 CCCED9C820C0D1D1C5CCC1CBC5D0C02020534A41534D504C55532E
0349+  7292             		db	' ÍÀÏÎÌÍÞ, ÅÑËÈ Ó ÂÀÑ ÊÀÐÒÈÍÊÀ ÃÄÅ ÅÑÒÜ ÒÅÌÀ ËÓÍÛ È ÏÅÉÇÀÉÆÅÉ, ÒÎ ÌÈËÎÑÒÈ ÏÐÎÑÈÌ Â ÑËÅÄÓÞÙÈÉ ÂÛÏÓÑÊ.'
0349+  7292 20CDC0CFCECCCDDE2C20C5D1CBC820D320C2C0D120CAC0D0D2C8CDCAC020C3C4
0349+  72B2 C520C5D1D2DC20D2C5CCC020CBD3CDDB20C820CFC5C9C7C0C9C6C5C92C20D2CE
0349+  72D2 20CCC8CBCED1D2C820CFD0CED1C8CC20C220D1CBC5C4D3DED9C8C920C2DBCFD3
0349+  72F2 D1CA2E
0350+  72F5             		db	' ÊÎÐÎ×Å, ÆÄÅÌ ÍÎÂÛÕ ÒÂÎÐÅÍÈÉ ÎÒ ÕÓÄÎÆÍÈÊÎÂ ÏÐÎÔÅÑÑÈÎÍÀËÜÍÛÕ È ÍÅ Î×ÅÍÜ. ÇÀÑÈÌ ÏÐÎÑÈÌ ÎÒÊËÀÍßÒÑß, ÄÀËÅÅ ÈÄÅÒ'
0350+  72F5 20CACED0CED7C52C20C6C4C5CC20CDCEC2DBD520D2C2CED0C5CDC8C920CED220
0350+  7315 D5D3C4CEC6CDC8CACEC220CFD0CED4C5D1D1C8CECDC0CBDCCDDBD520C820CDC5
0350+  7335 20CED7C5CDDC2E20C7C0D1C8CC20CFD0CED1C8CC20CED2CACBC0CDDFD2D1DF2C
0350+  7355 20C4C0CBC5C520C8C4C5D2
0351+  7360             		db	' ÒÐÀÄÈÖÈÎÍÍÀß ÐÓÁÐÈÊÀ.'
0351+  7360 20D2D0C0C4C8D6C8CECDCDC0DF20D0D3C1D0C8CAC02E
0352+  7376             		db	'             ÏÐÈÂÅÒÛ È ÑÏÀÑÈÁÛ È ÔÀÊÈ!     '
0352+  7376 20202020202020202020202020CFD0C8C2C5D2DB20C820D1CFC0D1C8C1DB20C8
0352+  7396 20D4C0CAC8212020202020
0353+  73A1             		db	' ÀÀÀ, ÊÀÊ ÂÑÅÃÄÀ È ÂÅÇÄÅ ÃÐÎÌÀÄÍÛÉ ÏÐÈÂÅÒÈÙÅ. ÒÛ ÎÏßÒÜ ÈÑÏÛÒÀÅØÜ ÂÅËÈÊÈÉ È ÓÆÀÑÍÛÉ'
0353+  73A1 20C0C0C02C20CAC0CA20C2D1C5C3C4C020C820C2C5C7C4C520C3D0CECCC0C4CD
0353+  73C1 DBC920CFD0C8C2C5D2C8D9C52E20D2DB20CECFDFD2DC20C8D1CFDBD2C0C5D8DC
0353+  73E1 20C2C5CBC8CAC8C920C820D3C6C0D1CDDBC9
0354+  73F3             		db	' ÎÁËÎÌ ÏÅÒÐÎÂÈ×, ÒÀÊ ÊÀÊ Ó ÒÅÁß ÆÅËÅÇÊÈ ÍÅÒ, À ËßÌÓËßÒÎÐ ÒÎ ÏÎÕÎÆÅ ÎÏÒÈÌÈÇÈÐÎÂÀÒÜ ÍÅÊÎÌÓ :).'
0354+  73F3 20CEC1CBCECC20CFC5D2D0CEC2C8D72C20D2C0CA20CAC0CA20D320D2C5C1DF20
0354+  7413 C6C5CBC5C7CAC820CDC5D22C20C020CBDFCCD3CBDFD2CED020D2CE20CFCED5CE
0354+  7433 C6C520CECFD2C8CCC8C7C8D0CEC2C0D2DC20CDC5CACECCD3203A292E
0355+  744F             		db	' ÂÏÐÎ×ÅÌ ÌÎÆÅØÜ ÍÅ ÓÍÛÂÀÒÜ, ÍÅ ÒÛ ÒÀÊÎÉ ÎÄÈÍ, ÈÑÏÛÒÀÂØÈÉ ÑÈÅ ×ÓÂÑÒÂÎ. :)'
0355+  744F 20C2CFD0CED7C5CC20CCCEC6C5D8DC20CDC520D3CDDBC2C0D2DC2C20CDC520D2
0355+  746F DB20D2C0CACEC920CEC4C8CD2C20C8D1CFDBD2C0C2D8C8C920D1C8C520D7D3C2
0355+  748F D1D2C2CE2E203A29
0356+  7497             		db      ' ANDREW_CURDS, ÑÏÀÑÈÁÎ ÇÀ ÂÅËÈÊÎËÅÏÍÓÞ ÊÀÐÒÈÍÊÓ, ÑÏÀÑÈÁÎ ×ÒÎ ÎÒÊËÈÊÍÓËÑß ÍÀ ÏÐÈÇÛÂ Î ÏÎÌÎÙÈ.'
0356+  7497 20414E445245575F43555244532C20D1CFC0D1C8C1CE20C7C020C2C5CBC8CACE
0356+  74B7 CBC5CFCDD3DE20CAC0D0D2C8CDCAD32C20D1CFC0D1C8C1CE20D7D2CE20CED2CA
0356+  74D7 CBC8CACDD3CBD1DF20CDC020CFD0C8C7DBC220CE20CFCECCCED9C82E
0357+  74F3             		db	' GOBLINISH, ÑÏÀÑÈÁÎ ÇÀ ÔÎÍÒ, ÎÍ Î×ÅÍÜ ÊÑÒÀÒÈ, ÒÀÊ ÑÊÀÇÀÒÜ ÏÐÎÑÒÎ ÑÏÀÑÈÒÅËÜ.'
0357+  74F3 20474F424C494E4953482C20D1CFC0D1C8C1CE20C7C020D4CECDD22C20CECD20
0357+  7513 CED7C5CDDC20CAD1D2C0D2C82C20D2C0CA20D1CAC0C7C0D2DC20CFD0CED1D2CE
0357+  7533 20D1CFC0D1C8D2C5CBDC2E
0358+  753E             		db	' DJS3000, ÑÏÀÑÈÁÎ ÇÀ ÊÎÍÑÓËÜÒÀÒÈÂÍÓÞ ÏÎÌÎÙÜ ÏÐÈ ÑÎÇÄÀÍÈÈ ÝÒÎÉ ÇÂÓÊÎÂÎÉ ÊÀÐÒÛ.'
0358+  753E 20444A53333030302C20D1CFC0D1C8C1CE20C7C020CACECDD1D3CBDCD2C0D2C8
0358+  755E C2CDD3DE20CFCECCCED9DC20CFD0C820D1CEC7C4C0CDC8C820DDD2CEC920C7C2
0358+  757E D3CACEC2CEC920CAC0D0D2DB2E
0359+  758B             		db	' TS-LABS, ÑÏÀÑÈÁÎ ÇÀ ÒÎ ÏÐÈÞÒÈË ÍÀ ÑÂÎÅÌ ÔÎÐÓÌÅ ÁÅÑÕÎÇÍÎÃÎ ÏËÞØÅÂÎÃÎ ÌÅÄÂÅÄß, ÈÁÎ ÌÓÄÈËÎ '
0359+  758B 2054532D4C4142532C20D1CFC0D1C8C1CE20C7C020D2CE20CFD0C8DED2C8CB20
0359+  75AB CDC020D1C2CEC5CC20D4CED0D3CCC520C1C5D1D5CEC7CDCEC3CE20CFCBDED8C5
0359+  75CB C2CEC3CE20CCC5C4C2C5C4DF2C20C8C1CE20CCD3C4C8CBCE20
0360+  75E4             		db	' ÏÎÄ ÍÀÇÂÀÍÈÅÌ ËÀÑÒÎÍÎÃÀß ÂÓÍÄÅÐÂÀÔËß VIKTOR2312 ÂÑÅ ÒÀÊÈ ÂÛÆÈË ÌÅÍß Ñ ÔÎÐÓÌÀ ZX-PK.RU.'
0360+  75E4 20CFCEC420CDC0C7C2C0CDC8C5CC20CBC0D1D2CECDCEC3C0DF20C2D3CDC4C5D0
0360+  7604 C2C0D4CBDF2056494B544F523233313220C2D1C520D2C0CAC820C2DBC6C8CB20
0360+  7624 CCC5CDDF20D120D4CED0D3CCC0205A582D504B2E52552E
0361+  763B             		db	' QIX, ÐÅÑÏÅÊÒ ÇÀ ÒÀÊÎÉ ÇÀÌÅ×ÀÒÅËÜÍÛÉ ÌÓÇÎÍ.'
0361+  763B 205149582C20D0C5D1CFC5CAD220C7C020D2C0CACEC920C7C0CCC5D7C0D2C5CB
0361+  765B DCCDDBC920CCD3C7CECD2E
0362+  7666             		db	' ÂÑÅÌ ÂËÀÄÅËÜÖÀÌ ÏÐÎÄÓÊÖÈÈ ÏÎÄ ÁÐÅÍÄÎÌ "ZXM" ÁÎËÜØÓÙÈÉ ÏÐÈÂÅÒ. ÂÀÑ ÒÅÏÅÐÜ ÌÍÎÃÎ, ÌÎÆÍÎ ÍÅ ÁÓÄÓ ÂÀÑ ÍÀÇÛÂÀÒÜ ÂÑÅÕ ÏÎÈÌÅÍÍÎ.'
0362+  7666 20C2D1C5CC20C2CBC0C4C5CBDCD6C0CC20CFD0CEC4D3CAD6C8C820CFCEC420C1
0362+  7686 D0C5CDC4CECC20225A584D2220C1CECBDCD8D3D9C8C920CFD0C8C2C5D22E20C2
0362+  76A6 C0D120D2C5CFC5D0DC20CCCDCEC3CE2C20CCCEC6CDCE20CDC520C1D3C4D320C2
0362+  76C6 C0D120CDC0C7DBC2C0D2DC20C2D1C5D520CFCEC8CCC5CDCDCE2E
0363+  76E0             		db	' ÏÐÈÂÅÒ ÒÀÊÆÅ ÂÑÅÌ ÑÏÅÊÒÐÓÌÈÑÒÀÌ, ÁÛÂØÈÌ, ÍÀÑÒÎßÙÈÌ È ÂÎÇÌÎÆÍÎ ÁÓÄÓÙÈÌ.'
0363+  76E0 20CFD0C8C2C5D220D2C0CAC6C520C2D1C5CC20D1CFC5CAD2D0D3CCC8D1D2C0CC
0363+  7700 2C20C1DBC2D8C8CC2C20CDC0D1D2CEDFD9C8CC20C820C2CEC7CCCEC6CDCE20C1
0363+  7720 D3C4D3D9C8CC2E
0364+  7727             		db	' ÄÂÀ ÆÈÐÍÛÕ FUCK!'
0364+  7727 20C4C2C020C6C8D0CDDBD5204655434B21
0365+  7738             		db	' VERY VERY VERY LONG LONG LONG BIG BIG FUCK ËÀÑÒÎÍÎÃÎÉ ÂÓÍÄÅÐÂÀÔËÅ, ×ÌÎØÍÈÊÓ, ÍÈÊ×ÅÌÍÎÌÓ ÌÓÄÀÇÂÎÍÓ' 
0365+  7738 205645525920564552592056455259204C4F4E47204C4F4E47204C4F4E472042
0365+  7758 494720424947204655434B20CBC0D1D2CECDCEC3CEC920C2D3CDC4C5D0C2C0D4
0365+  7778 CBC52C20D7CCCED8CDC8CAD32C20CDC8CAD7C5CCCDCECCD320CCD3C4C0C7C2CE
0365+  7798 CDD3
0366+  779A             		db	' - VIKTOR2312. ÂÈÒÅÊ ÒÛ ÊÎÍ×ÅÍÍÛÉ ÄÎËÁÎÅÁ. ÌÍÅ Î×ÅÍÜ ÆÀËÜ ×ÒÎ ÀÄÌÈÍÈÑÒÐÀÖÈß ZX-PK.RU ÍÅ ÂÈÄÈÒ ÒÂÎÅÃÎ'
0366+  779A 202D2056494B544F52323331322E20C2C8D2C5CA20D2DB20CACECDD7C5CDCDDB
0366+  77BA C920C4CECBC1CEC5C12E20CCCDC520CED7C5CDDC20C6C0CBDC20D7D2CE20C0C4
0366+  77DA CCC8CDC8D1D2D0C0D6C8DF205A582D504B2E525520CDC520C2C8C4C8D220D2C2
0366+  77FA CEC5C3CE
0367+  77FE             		db	' ÁÅÑÏÐÎÑÂÅÒÍÎÃÎ ÄÎËÁÎÅÁÈÇÌÀ È ÏÐÎÙÀÅÒ ÒÅÁß. ÍÎ ÓÂÛ ÒÛ ÌÅÍß ÄÎÑÒÀË ÕÓÉËÎ ÏÎÃÀÍÎÅ.'
0367+  77FE 20C1C5D1CFD0CED1C2C5D2CDCEC3CE20C4CECBC1CEC5C1C8C7CCC020C820CFD0
0367+  781E CED9C0C5D220D2C5C1DF2E20CDCE20D3C2DB20D2DB20CCC5CDDF20C4CED1D2C0
0367+  783E CB20D5D3C9CBCE20CFCEC3C0CDCEC52E
0368+  784E             		db	' RINDEX, ÊÀÊ ÍÅ ÏÐÈÑÊÎÐÁÍÎ ÍÎ ÒÅÁÅ ÒÎÆÅ ØËÞ FUCK. ÎÏÎÌÍÈÑÜ, ÂÑÏÎÌÍÈ ÊÀÊÈÌ ÒÛ ÁÛË ÐÀÍÜØÅ È ×ÅÌ ÒÛ ÑÒÀÍÎÂÈØÜÑß'
0368+  784E 2052494E4445582C20CAC0CA20CDC520CFD0C8D1CACED0C1CDCE20CDCE20D2C5
0368+  786E C1C520D2CEC6C520D8CBDE204655434B2E20CECFCECCCDC8D1DC2C20C2D1CFCE
0368+  788E CCCDC820CAC0CAC8CC20D2DB20C1DBCB20D0C0CDDCD8C520C820D7C5CC20D2DB
0368+  78AE 20D1D2C0CDCEC2C8D8DCD1DF
0369+  78BA             		db	' ÑÅÉ×ÀÑ  - ÂÑÅÇÍÀÞÙÈÌ ÂÈÒÜÊÎÌ. ÂÑÏÎÌÍÈ ×ÒÎ ÒÛ ÓÌÅË È ÑÄÅËÀÉ ÏÎËÅÇÍÎÅ ÄËß ÑÏÅÊÊÈ, À ÍÅ ÑÈÄÈ ÂÎ ÔËÅÉÌÅ.'  
0369+  78BA 20D1C5C9D7C0D120202D20C2D1C5C7CDC0DED9C8CC20C2C8D2DCCACECC2E20C2
0369+  78DA D1CFCECCCDC820D7D2CE20D2DB20D3CCC5CB20C820D1C4C5CBC0C920CFCECBC5
0369+  78FA C7CDCEC520C4CBDF20D1CFC5CACAC82C20C020CDC520D1C8C4C820C2CE20D4CB
0369+  791A C5C9CCC52E
0370+  791F             		db	'       È ÏÎÑËÅÄÍÈÉ ÀÁÇÀÖ :) :)'
0370+  791F 20202020202020C820CFCED1CBC5C4CDC8C920C0C1C7C0D6203A29203A29
0371+  793D             		db	' ÂÍÈÌÀÍÈÅ, ÑÁÛËÀÑÜ ÌÅ×ÒÀ ÈÄÈÎÒÀ, ß ÊÓÏÈË ÄÎÌÅÍ WWW.MICKLAB.RU È ÒÀÌ ÌÎÆÍÎ ÍÀÉÒÈ ÏÎÑËÅÄÍÞÞ ÈÍÔÎÐÌÀÖÈÞ'
0371+  793D 20C2CDC8CCC0CDC8C52C20D1C1DBCBC0D1DC20CCC5D7D2C020C8C4C8CED2C02C
0371+  795D 20DF20CAD3CFC8CB20C4CECCC5CD205757572E4D49434B4C41422E525520C820
0371+  797D D2C0CC20CCCEC6CDCE20CDC0C9D2C820CFCED1CBC5C4CDDEDE20C8CDD4CED0CC
0371+  799D C0D6C8DE
0372+  79A1             		db	' ÏÎ ÌÎÈÌ ÏÐÎÅÊÒÀÌ. ÑÂßÇÀÒÑß ÑÎ ÌÍÎÉ ÌÎÆÍÎ ×ÅÐÅÇ ÔÎÐÓÌ WWW.TS-LABS.INFO - ÍÈÊÍÅÉÌ MICK ÈËÈ ×ÅÐÅÇ ÌÛËÎ'
0372+  79A1 20CFCE20CCCEC8CC20CFD0CEC5CAD2C0CC2E20D1C2DFC7C0D2D1DF20D1CE20CC
0372+  79C1 CDCEC920CCCEC6CDCE20D7C5D0C5C720D4CED0D3CC205757572E54532D4C4142
0372+  79E1 532E494E464F202D20CDC8CACDC5C9CC204D49434B20C8CBC820D7C5D0C5C720
0372+  7A01 CCDBCBCE
0373+  7A05             		db	' MICKLAB(ÃÀÂ-ÃÀÂ)MAIL.RU. ÔÎÐÓÌ ZX-PK.RU ß ÏÎÊÈÍÓË, ÍÅ ÇÍÀÞ ÂÐÅÌÅÍÍÎ ÈËÈ ÍÀÂÑÅÃÄÀ, ÏÎ ÊÐÀÉÍÅÉ ÌÅÐÅ ÏÎÊÀ'
0373+  7A05 204D49434B4C414228C3C0C22DC3C0C2294D41494C2E52552E20D4CED0D3CC20
0373+  7A25 5A582D504B2E525520DF20CFCECAC8CDD3CB2C20CDC520C7CDC0DE20C2D0C5CC
0373+  7A45 C5CDCDCE20C8CBC820CDC0C2D1C5C3C4C02C20CFCE20CAD0C0C9CDC5C920CCC5
0373+  7A65 D0C520CFCECAC0
0374+  7A6C             		db	' ÒÀÌ ÁÓÄÅÒ ÎÁÈÒÀÒÜ ÐÓÊÎÆÎÏÀ ËÀÑÒÎÍÎÃÀß ÂÓÍÄÅÐÂÀÔËß ÂÈÒß ÍÎËÜ ÏÐÎÖÅÍÒÎÂ.'
0374+  7A6C 20D2C0CC20C1D3C4C5D220CEC1C8D2C0D2DC20D0D3CACEC6CECFC020CBC0D1D2
0374+  7A8C CECDCEC3C0DF20C2D3CDC4C5D0C2C0D4CBDF20C2C8D2DF20CDCECBDC20CFD0CE
0374+  7AAC D6C5CDD2CEC22E
0375+  7AB3             		db	' ÏÎÐÀ ÏÐÎÙÀÒÜÑß. ÏÎÑÌÎÐÒÈÌ ÁÓÄÓÒ ËÈ ÅÙÅ ÏÐÎÃÐÀÌÌÊÈ ÎÒ ÌÅÍß :) ÏÎÊÀ! ÏÎÊÀ!      '
0375+  7AB3 20CFCED0C020CFD0CED9C0D2DCD1DF2E20CFCED1CCCED0D2C8CC20C1D3C4D3D2
0375+  7AD3 20CBC820C5D9C520CFD0CEC3D0C0CCCCCAC820CED220CCC5CDDF203A2920CFCE
0375+  7AF3 CAC02120CFCECAC021202020202020
0376+  7B02             		db	'            FEBRUARY *2016*    GRAPHICS BY ANDREWS_CURDS AND CODE BY MICK         '
0376+  7B02 2020202020202020202020204645425255415259202A323031362A2020202047
0376+  7B22 5241504849435320425920414E44524557535F435552445320414E4420434F44
0376+  7B42 45204259204D49434B202020202020202020
0377+  7B54             		db	'                                             ',0           		
0377+  7B54 2020202020202020202020202020202020202020202020202020202020202020
0377+  7B74 2020202020202020202020202000
0378+  7B82             
0379+  7B82             Str_end_font: 
0380+  7B82             
0589   7B82             		.include  mwm_player.asm
0001+  7B82             ;--------------------------------------------------------------------
0002+  7B82             ; Îïèñàíèå: Ïðîèãðûâàþùèé ìîäóëü ìóçûêàëüíûõ ôàéëîâ MWM c êîìïüþòåðà MSX
0003+  7B82             ; Àâòîð ïîðòà: Òàðàñîâ Ì.Í.(Mick),2015
0004+  7B82             ;--------------------------------------------------------------------
0005+  7B82             MOON_BASE: 	equ	0C4h
0006+  7B82             MOON_REG1: 	equ	MOON_BASE
0007+  7B82             MOON_DAT1: 	equ	MOON_BASE+1
0008+  7B82             MOON_REG2: 	equ	MOON_BASE+2
0009+  7B82             MOON_DAT2: 	equ	MOON_BASE+3
0010+  7B82             MOON_STAT: 	equ	MOON_BASE
0011+  7B82             
0012+  7B82             MOON_WREG: 	equ	7Eh
0013+  7B82             MOON_WDAT: 	equ	MOON_WREG+1
0014+  7B82             
0015+  7B82             PTW_SIZE: 	equ	20	; size of Wave playtable line
0016+  7B82             WAVCHNS: 	equ	24
0017+  7B82             
0018+  7B82             ;-------------------------------------------------------------------
0019+  7B82             ; îïèñàíèå: Èíèöèàëèçàöèÿ ïðîèãðûâàòåëÿ
0020+  7B82             ; ïàðàìåòðû: íåò
0021+  7B82             ; âîçâðàùàåìîå  çíà÷åíèå: íåò
0022+  7B82             ;---------------------------------------------------------------------
0023+  7B82             MBPlayer_init: 
0024+  7B82 C3 8E 7B    		jp	MBPlayer_start_music
0025+  7B85             ;-------------------------------------------------------------------
0026+  7B85             ; îïèñàíèå: Ïðîèãðûâàíèå íîòû
0027+  7B85             ; ïàðàìåòðû: íåò
0028+  7B85             ; âîçâðàùàåìîå  çíà÷åíèå: íåò
0029+  7B85             ;---------------------------------------------------------------------
0030+  7B85             MBPlayer_play: 
0031+  7B85 C3 69 7C    		jp	MBPlayer_play_music
0032+  7B88             ;-------------------------------------------------------------------
0033+  7B88             ; îïèñàíèå: Îñòàíîâêà ïðîèãðûâàíèÿ
0034+  7B88             ; ïàðàìåòðû: íåò
0035+  7B88             ; âîçâðàùàåìîå  çíà÷åíèå: íåò
0036+  7B88             ;---------------------------------------------------------------------
0037+  7B88             MBPlayer_stop: 
0038+  7B88 C3 3A 7C    		jp	MBPlayer_stop_music
0039+  7B8B             ;-------------------------------------------------------------------
0040+  7B8B             ; îïèñàíèå: Óñòàíîâêà òèøèíû â çâóêîâîé ÷èï
0041+  7B8B             ; ïàðàìåòðû: íåò
0042+  7B8B             ; âîçâðàùàåìîå  çíà÷åíèå: íåò
0043+  7B8B             ;---------------------------------------------------------------------
0044+  7B8B             MBPlayer_fade: 
0045+  7B8B C3 59 7C    		jp	MBPlayer_fade_music
0046+  7B8E             ;-------------------------------------------------------------------
0047+  7B8E             ; îïèñàíèå: Èíèöèàëèçàöèÿ ïðîèãðûâàòåëÿ
0048+  7B8E             ; ïàðàìåòðû: íåò
0049+  7B8E             ; âîçâðàùàåìîå  çíà÷åíèå: íåò
0050+  7B8E             ;---------------------------------------------------------------------
0051+  7B8E             MBPlayer_start_music: 
0052+  7B8E F3          		di	
0053+  7B8F 3A 70 82    		ld	a, (MBPlayer_play_busy)
0054+  7B92 B7          		or	a
0055+  7B93 C0          		ret	nz				; already playing?
0056+  7B94             
0057+  7B94 3E FF       		ld	a, 0FFh
0058+  7B96 32 70 82    		ld	(MBPlayer_play_busy), a 	; set busy playing
0059+  7B99             
0060+  7B99 AF          		xor	a
0061+  7B9A 32 94 82    		ld	(MBPlayer_play_intcnt), a
0062+  7B9D 3E 0F       		ld	a, 15
0063+  7B9F 32 72 82    		ld	(MBPlayer_play_step), a 	; set step and position
0064+  7BA2 3E FF       		ld	a, 0FFh
0065+  7BA4 32 71 82    		ld	(MBPlayer_play_pos), a
0066+  7BA7             
0067+  7BA7             ;		call	MBPlayer_getbank_FE
0068+  7BA7             ;		ld	(MBPlayer_save_curbank), a
0069+  7BA7             
0070+  7BA7             ;		ld	a, (MBPlayer_songdata_bank1)
0071+  7BA7             ;		call	MBPlayer_selbank_FE
0072+  7BA7             
0073+  7BA7 2A 75 82    		ld	hl, (MBPlayer_songdata_addres)
0074+  7BAA 11 A0 82    		ld	de, MBPlayer_xleng
0075+  7BAD 01 DC 00    		ld	bc, 220
0076+  7BB0 ED B0       		ldir	
0077+  7BB2 11 3A 00    		ld	de, 58
0078+  7BB5 19          		add	hl, de
0079+  7BB6 22 7E 83    		ld	(MBPlayer_pos_address), hl
0080+  7BB9 3A A0 82    		ld	a, (MBPlayer_xleng)
0081+  7BBC 3C          		inc	a
0082+  7BBD 5F          		ld	e, a
0083+  7BBE 19          		add	hl, de
0084+  7BBF 22 7C 83    		ld	(MBPlayer_pat_address), hl
0085+  7BC2             
0086+  7BC2             ;		ld	a, (MBPlayer_save_curbank)
0087+  7BC2             ;		call	MBPlayer_selbank_FE
0088+  7BC2             
0089+  7BC2 CD E4 7B    		call	MBPlayer_init_opl4 		;initialise OPL4
0090+  7BC5 CD F2 7B    		call	MBPlayer_init_voices
0091+  7BC8 3A BA 82    		ld	a, (MBPlayer_xtempo)
0092+  7BCB 32 91 82    		ld	(MBPlayer_play_speed), a
0093+  7BCE 3A 91 82    		ld	a, (MBPlayer_play_speed)
0094+  7BD1 D6 03       		sub	3
0095+  7BD3 32 93 82    		ld	(MBPlayer_play_timercnt), a
0096+  7BD6 AF          		xor	a
0097+  7BD7 32 92 82    		ld	(MBPlayer_play_tspval), a
0098+  7BDA 32 96 82    		ld	(MBPlayer_play_fading), a
0099+  7BDD 32 97 82    		ld	(MBPlayer_play_fadecnt), a
0100+  7BE0 32 99 82    		ld	(MBPlayer_play_fadetcnt), a
0101+  7BE3             
0102+  7BE3             loc_0_4378: 
0103+  7BE3             ;		di	
0104+  7BE3             ;		ld	hl, 0FD9Fh
0105+  7BE3             ;		ld	de, locret_0_455C
0106+  7BE3             ;		ld	bc, 5
0107+  7BE3             ;		ldir	
0108+  7BE3             ;		ld	a, 0C3h	; 'Ã'
0109+  7BE3             ;		ld	(0FD9Fh), a
0110+  7BE3             ;		ld	hl, MBPlayer_play_music
0111+  7BE3             ;		ld	(0FDA0h), hl
0112+  7BE3             ;		ei	
0113+  7BE3 C9          		ret	
0114+  7BE4             ;-------------------------------------------------------------------
0115+  7BE4             ; îïèñàíèå: Èíèöèàëèçàöèÿ OPL4 ðåãèñòðîâ
0116+  7BE4             ; ïàðàìåòðû: íåò
0117+  7BE4             ; âîçâðàùàåìîå  çíà÷åíèå: íåò
0118+  7BE4             ;---------------------------------------------------------------------
0119+  7BE4             MBPlayer_init_opl4: 
0120+  7BE4 3E 03       		ld	a, 3
0121+  7BE6 0E 05       		ld	c, 5
0122+  7BE8 CD 4D 82    		call	sub_0_4A3F
0123+  7BEB 0E 02       		ld	c, 2
0124+  7BED 3E 10       		ld	a, 10h
0125+  7BEF C3 59 82    		jp	MBPlayer_out_wave
0126+  7BF2             ;-------------------------------------------------------------------
0127+  7BF2             ; îïèñàíèå: Èíèöèàëèçàöèÿ OPL4 êàíàëîâ
0128+  7BF2             ; ïàðàìåòðû: íåò
0129+  7BF2             ; âîçâðàùàåìîå  çíà÷åíèå: íåò
0130+  7BF2             ;---------------------------------------------------------------------
0131+  7BF2             MBPlayer_init_voices: 
0132+  7BF2 06 18       		ld	b, WAVCHNS			; # wave channels
0133+  7BF4 FD 21 82 83 		ld	iy, MBPlayer_play_table_wav
0134+  7BF8 DD 21 04 83 		ld	ix, MBPlayer_xbegwav
0135+  7BFC 11 14 00    		ld	de, PTW_SIZE
0136+  7BFF             loc_0_43AC: 
0137+  7BFF D5          		push	de
0138+  7C00 C5          		push	bc
0139+  7C01 DD 7E B8    		ld	a,(ix - 48h)			; xdetune!
0140+  7C04 87          		add	a, a
0141+  7C05 FD 77 05    		ld	(iy + 5), a			; detune!
0142+  7C08 DD 7E 00    		ld	a, (ix + 0)                     ; wave/patchnr
0143+  7C0B F5          		push	af
0144+  7C0C CD 3C 80    		call	MBPlayer_play_wwavevt2
0145+  7C0F F1          		pop	af
0146+  7C10 21 4B 83    		ld	hl, MBPlayer_xwavvols - 1
0147+  7C13 85          		add	a, l
0148+  7C14 30 01       		jr	nc, loc_0_43C4
0149+  7C16 24          		inc	h
0150+  7C17             
0151+  7C17             loc_0_43C4: 
0152+  7C17 6F          		ld	l, a
0153+  7C18 7E          		ld	a, (hl)
0154+  7C19 FD 77 0F    		ld	(iy + 0Fh), a
0155+  7C1C CD 7B 80    		call	MBPlayer_play_wchgvol2
0156+  7C1F DD 7E 9E    		ld	a, (ix - 62h)
0157+  7C22 CD 1B 81    		call	MBPlayer_play_wchgste2
0158+  7C25 DD 23       		inc	ix
0159+  7C27 C1          		pop	bc
0160+  7C28 D1          		pop	de
0161+  7C29 FD 19       		add	iy, de
0162+  7C2B 10 D2       		djnz	loc_0_43AC
0163+  7C2D C9          		ret	
0164+  7C2E             
0165+  7C2E             loc_0_43DB: 
0166+  7C2E 3A 70 82    		ld	a, (MBPlayer_play_busy)
0167+  7C31 B7          		or	a
0168+  7C32 C0          		ret	nz
0169+  7C33 3D          		dec	a
0170+  7C34 32 70 82    		ld	(MBPlayer_play_busy), a
0171+  7C37 C3 E3 7B    		jp	loc_0_4378
0172+  7C3A             ;-------------------------------------------------------------------
0173+  7C3A             ; îïèñàíèå: Îñòàíîâêà ïðîèãðûâàíèÿ
0174+  7C3A             ; ïàðàìåòðû: íåò
0175+  7C3A             ; âîçâðàùàåìîå  çíà÷åíèå: íåò
0176+  7C3A             ;---------------------------------------------------------------------
0177+  7C3A             MBPlayer_stop_music: 
0178+  7C3A 3A 70 82    		ld	a, (MBPlayer_play_busy)
0179+  7C3D B7          		or	a
0180+  7C3E C8          		ret	z
0181+  7C3F             
0182+  7C3F F3          		di	
0183+  7C40 AF          		xor	a
0184+  7C41 32 70 82    		ld	(MBPlayer_play_busy), a
0185+  7C44             
0186+  7C44             ;		ld	hl, locret_0_455C
0187+  7C44             ;		ld	de, 0FD9Fh
0188+  7C44             ;		ld	bc, 5
0189+  7C44             ;		ldir	
0190+  7C44 06 18       		ld	b, WAVCHNS			; # wave channels
0191+  7C46 FD 21 82 83 		ld	iy, MBPlayer_play_table_wav
0192+  7C4A 11 14 00    		ld	de, PTW_SIZE
0193+  7C4D             
0194+  7C4D             loc_0_4405: 
0195+  7C4D CD 26 80    		call	MBPlayer_play_woffevt
0196+  7C50 CD 74 81    		call	MBPlayer_play_wchgdmp
0197+  7C53 FD 19       		add	iy, de
0198+  7C55 10 F6       		djnz	loc_0_4405
0199+  7C57 FB          		ei	
0200+  7C58 C9          		ret	
0201+  7C59             ;-------------------------------------------------------------------
0202+  7C59             ; îïèñàíèå: Óñòàíîâêà çàòóõàíèÿ
0203+  7C59             ; ïàðàìåòðû: B - ñêîðîñòü çàòóõàíèÿ
0204+  7C59             ; âîçâðàùàåìîå  çíà÷åíèå: íåò
0205+  7C59             ;---------------------------------------------------------------------
0206+  7C59             MBPlayer_fade_music: 
0207+  7C59 47          		ld	b, a
0208+  7C5A 3A 70 82    		ld	a, (MBPlayer_play_busy)		; already stopped?
0209+  7C5D B7          		or	a
0210+  7C5E C8          		ret	z
0211+  7C5F 3E FF       		ld	a, 255
0212+  7C61 32 96 82    		ld	(MBPlayer_play_fading), a 	; fading on
0213+  7C64 78          		ld	a, b
0214+  7C65 32 98 82    		ld	(MBPlayer_play_fadespd), a      ; set fade speed
0215+  7C68 C9          		ret	
0216+  7C69             ;-------------------------------------------------------------------
0217+  7C69             ; îïèñàíèå: Ïðîèãðûâàíèå ìóçûêè ïî ïðåðûâàíèÿì
0218+  7C69             ; ïàðàìåòðû: íåò
0219+  7C69             ; âîçâðàùàåìîå  çíà÷åíèå: íåò
0220+  7C69             ;---------------------------------------------------------------------
0221+  7C69             MBPlayer_play_music: 
0222+  7C69 F3          		di	
0223+  7C6A             ;		ld	a, (MBPlayer_xhzequal)
0224+  7C6A             ;		or	a
0225+  7C6A             ;		jr	z, loc_0_443E
0226+  7C6A             
0227+  7C6A             ;		ld	a, (0FFE8h)
0228+  7C6A             ;		and	2
0229+  7C6A             ;		jr	nz, loc_0_443E
0230+  7C6A             
0231+  7C6A             ;		ld	hl, MBPlayer_play_intcnt
0232+  7C6A             ;		ld	a, (hl)
0233+  7C6A             ;		inc	a
0234+  7C6A             ;		cp	6
0235+  7C6A             ;		jr	c, loc_0_443D
0236+  7C6A             ;		ld	(hl), 0
0237+  7C6A             ;		jp	locret_0_455C
0238+  7C6A             ;
0239+  7C6A             ;loc_0_443D:
0240+  7C6A             ;		ld	(hl), a
0241+  7C6A             
0242+  7C6A             loc_0_443E: 
0243+  7C6A CD 88 81    		call	MBPlayer_play_pitch
0244+  7C6D             
0245+  7C6D 3A 96 82    		ld	a, (MBPlayer_play_fading)
0246+  7C70 B7          		or	a
0247+  7C71 28 0A       		jr	z, loc_0_4451
0248+  7C73 CD 0E 82    		call	MBPlayer_play_fade
0249+  7C76 3A 96 82    		ld	a, (MBPlayer_play_fading)
0250+  7C79 B7          		or	a
0251+  7C7A CA 76 7D    		jp	z, locret_0_455C
0252+  7C7D             
0253+  7C7D             loc_0_4451: 
0254+  7C7D             ;		call	MBPlayer_getbank_FE
0255+  7C7D             ;		ld	(MBPlayer_save_curbank), a
0256+  7C7D             
0257+  7C7D 3A 91 82    		ld	a, (MBPlayer_play_speed) 	; speed
0258+  7C80 21 93 82    		ld	hl, MBPlayer_play_timercnt
0259+  7C83 34          		inc	(hl)
0260+  7C84 BE          		cp	(hl)
0261+  7C85 C2 7B 7D    		jp	nz, MBPlayer_play_int_sec	; almost there?
0262+  7C88 36 00       		ld	(hl), 0
0263+  7C8A             
0264+  7C8A FD 21 C2 84 		ld	iy, unk_0_4E30
0265+  7C8E 21 88 82    		ld	hl, unk_0_4B98
0266+  7C91 01 60 08    		ld	bc, 860h
0267+  7C94 11 14 00    		ld	de, PTW_SIZE
0268+  7C97             
0269+  7C97             loc_0_4471: 
0270+  7C97 7E          		ld	a, (hl)
0271+  7C98 3D          		dec	a
0272+  7C99 B9          		cp	c
0273+  7C9A DC 64 7E    		call	c, MBPlayer_calc_wave
0274+  7C9D FD 19       		add	iy, de
0275+  7C9F 23          		inc	hl
0276+  7CA0 10 F5       		djnz	loc_0_4471
0277+  7CA2             
0278+  7CA2             ;		ld	a, (MBPlayer_songdata_bank)
0279+  7CA2             ;		call	MBPlayer_selbank_FE
0280+  7CA2             
0281+  7CA2 21 78 82    		ld	hl, MBPlayer_step_buffer        ;WAVE Event routines
0282+  7CA5 06 18       		ld	b, WAVCHNS			; # channels
0283+  7CA7 FD 21 82 83 		ld	iy, MBPlayer_play_table_wav
0284+  7CAB 11 14 00    		ld	de, PTW_SIZE
0285+  7CAE 0E 60       		ld	c, 96
0286+  7CB0             
0287+  7CB0             loc_0_4490: 
0288+  7CB0 7E          		ld	a, (hl)
0289+  7CB1 3D          		dec	a
0290+  7CB2 B9          		cp	c
0291+  7CB3 D2 F3 7C    		jp	nc, loc_0_44D3
0292+  7CB6 3E 67       		ld	a, 67h
0293+  7CB8 80          		add	a, b 				; calc. register
0294+  7CB9 D3 7E       		out	(MOON_WREG), a
0295+  7CBB AF          		xor	a
0296+  7CBC             loc_0_449C: 
0297+  7CBC C5          		push	bc
0298+  7CBD C1          		pop	bc
0299+  7CBE D3 7F       		out	(MOON_WDAT), a			; off
0300+  7CC0             
0301+  7CC0 3E 1F       		ld	a, 1Fh
0302+  7CC2 80          		add	a, b
0303+  7CC3             loc_0_44A3: 
0304+  7CC3 C5          		push	bc
0305+  7CC4 C1          		pop	bc
0306+  7CC5 D3 7E       		out	(MOON_WREG), a
0307+  7CC7 FD 7E 08    		ld	a, (iy + 8)
0308+  7CCA FD 77 12    		ld	(iy + 12h), a
0309+  7CCD FD B6 06    		or	(iy + 6)
0310+  7CD0             loc_0_44B0: 
0311+  7CD0 C5          		push	bc
0312+  7CD1 C1          		pop	bc
0313+  7CD2 D3 7F       		out	(MOON_WDAT), a			; freq + tone
0314+  7CD4             
0315+  7CD4 3E 07       		ld	a, 7
0316+  7CD6 80          		add	a, b
0317+  7CD7             loc_0_44B7: 
0318+  7CD7 C5          		push	bc
0319+  7CD8 C1          		pop	bc
0320+  7CD9 D3 7E       		out	(MOON_WREG), a
0321+  7CDB FD 7E 07    		ld	a, (iy + 7)
0322+  7CDE             loc_0_44BE: 
0323+  7CDE C5          		push	bc
0324+  7CDF C1          		pop	bc
0325+  7CE0 D3 7F       		out	(MOON_WDAT), a 			; tone
0326+  7CE2             
0327+  7CE2 3E 37       		ld	a, 37h
0328+  7CE4 80          		add	a, b
0329+  7CE5             loc_0_44C5: 
0330+  7CE5 C5          		push	bc
0331+  7CE6 C1          		pop	bc
0332+  7CE7 D3 7E       		out	(MOON_WREG), a
0333+  7CE9 FD 7E 09    		ld	a, (iy + 9)
0334+  7CEC FD 77 13    		ld	(iy + 13h), a
0335+  7CEF             loc_0_44CF: 
0336+  7CEF C5          		push	bc
0337+  7CF0 C1          		pop	bc
0338+  7CF1 D3 7F       		out	(MOON_WDAT), a
0339+  7CF3             loc_0_44D3: 
0340+  7CF3 23          		inc	hl
0341+  7CF4 FD 19       		add	iy, de
0342+  7CF6 10 B8       		djnz	loc_0_4490
0343+  7CF8             
0344+  7CF8 21 78 82    		ld	hl, MBPlayer_step_buffer		; songdata-adres 
0345+  7CFB FD 21 82 83 		ld	iy, MBPlayer_play_table_wav
0346+  7CFF 06 18       		ld	b,WAVCHNS
0347+  7D01 11 14 00    		ld	de,PTW_SIZE
0348+  7D04             loc_0_44E4: 
0349+  7D04 DB C4       		in	a, (MOON_STAT)
0350+  7D06 E6 02       		and	2
0351+  7D08 20 FA       		jr	nz, loc_0_44E4
0352+  7D0A             
0353+  7D0A             MBPlayer_play_int_wlus: 
0354+  7D0A 7E          		ld	a, (hl)
0355+  7D0B B7          		or	a
0356+  7D0C 28 3A       		jr	z, MBPlayer_play_int_wend2		; empty
0357+  7D0E             
0358+  7D0E 08          		ex	af, af'
0359+  7D0F 78          		ld	a, b
0360+  7D10 D9          		exx	
0361+  7D11 47          		ld	b, a
0362+  7D12 08          		ex	af, af'
0363+  7D13             
0364+  7D13 11 47 7D    		ld	de, MBPlayer_play_int_wend
0365+  7D16 D5          		push	de
0366+  7D17             
0367+  7D17 FE 61       		cp	97
0368+  7D19 DA DB 7F    		jp	c, MBPlayer_play_wonevt		; wave on
0369+  7D1C CA 26 80    		jp	z, MBPlayer_play_woffevt	; wave off 
0370+  7D1F FE 92       		cp	146
0371+  7D21 DA 3A 80    		jp	c, MBPlayer_play_wwavevt	; wave 
0372+  7D24 FE B2       		cp	178
0373+  7D26 DA 76 80    		jp	c, MBPlayer_play_wchgvol	; volume 
0374+  7D29 FE C1       		cp	193
0375+  7D2B DA 19 81    		jp	c, MBPlayer_play_wchgste	; stereo 
0376+  7D2E FE D4       		cp	212
0377+  7D30 DA 9E 80    		jp	c, MBPlayer_play_wlnk		; link 
0378+  7D33 FE E7       		cp	231
0379+  7D35 DA 3C 81    		jp	c, MBPlayer_play_wchgpit	; pitch bending 
0380+  7D38 FE EE       		cp	238
0381+  7D3A DA 6C 81    		jp	c, MBPlayer_play_wchgdet	; detune 
0382+  7D3D FE F1       		cp	241
0383+  7D3F DA 54 81    		jp	c, MBPlayer_play_wchgmod	; modulation 
0384+  7D42 FE F3       		cp	243
0385+  7D44 DA 74 81    		jp	c, MBPlayer_play_wchgdmp	; damp 
0386+  7D47             
0387+  7D47             MBPlayer_play_int_wend: 
0388+  7D47 D9          		exx	
0389+  7D48             MBPlayer_play_int_wend2: 
0390+  7D48 FD 19       		add	iy, de
0391+  7D4A 23          		inc	hl
0392+  7D4B 05          		dec	b
0393+  7D4C C2 0A 7D    		jp	nz, MBPlayer_play_int_wlus
0394+  7D4F             
0395+  7D4F 7E          		ld	a, (hl)
0396+  7D50 B7          		or	a
0397+  7D51 28 23       		jr	z, loc_0_4556
0398+  7D53             
0399+  7D53 FE 18       		cp	24			
0400+  7D55 DA 6F 7D    		jp	c, MBPlayer_play_chgtmp         ; change tempo
0401+  7D58 28 0D       		jr	z, MBPlayer_play_endop  	; end of pattern
0402+  7D5A FE 4C       		cp	76
0403+  7D5C D2 76 7D    		jp	nc, loc_0_4556
0404+  7D5F D6 34       		sub	52				; set transpose
0405+  7D61 32 92 82    		ld	(MBPlayer_play_tspval), a
0406+  7D64 C3 76 7D    		jp	loc_0_4556
0407+  7D67             
0408+  7D67             MBPlayer_play_endop: 
0409+  7D67 3E 0F       		ld	a, 0Fh
0410+  7D69 32 72 82    		ld	(MBPlayer_play_step), a
0411+  7D6C C3 76 7D    		jp	loc_0_4556
0412+  7D6F             
0413+  7D6F             MBPlayer_play_chgtmp: 
0414+  7D6F C6 E7       		add	a, 0E7h				; change tempo
0415+  7D71 ED 44       		neg	
0416+  7D73 32 91 82    		ld	(MBPlayer_play_speed), a
0417+  7D76             loc_0_4556: 
0418+  7D76             ;		ld	a,(MBPlayer_save_curbank)
0419+  7D76             ;		call	MBPlayer_selbank_FE
0420+  7D76             locret_0_455C: 
0421+  7D76 C9          		ret	
0422+  7D77 C9          		ret
0423+  7D78 C9          		ret
0424+  7D79 C9          		ret
0425+  7D7A C9          		ret
0426+  7D7B             ;-------------------------------------------------------------------
0427+  7D7B             ; îïèñàíèå: Interrupt routine BEFORE play-interrupt
0428+  7D7B             ; ïàðàìåòðû: íåò
0429+  7D7B             ; âîçâðàùàåìîå  çíà÷åíèå: íåò
0430+  7D7B             ;---------------------------------------------------------------------
0431+  7D7B             MBPlayer_play_int_sec: 
0432+  7D7B 3D          		dec	a
0433+  7D7C BE          		cp	(hl)
0434+  7D7D CA 2D 7E    		jp	z, loc_0_461F
0435+  7D80 3D          		dec	a
0436+  7D81 BE          		cp	(hl)
0437+  7D82 C2 76 7D    		jp	nz, loc_0_4556
0438+  7D85             
0439+  7D85 3A 72 82    		ld	a, (MBPlayer_play_step)
0440+  7D88 3C          		inc	a
0441+  7D89 E6 0F       		and	0Fh
0442+  7D8B 32 72 82    		ld	(MBPlayer_play_step), a
0443+  7D8E 2A 80 83    		ld	hl, (MBPlayer_songdata_ptr)
0444+  7D91 C2 E3 7D    		jp	nz, loc_0_45CF
0445+  7D94             
0446+  7D94             ;		ld	a, (MBPlayer_songdata_bank1)
0447+  7D94             ;		call	MBPlayer_selbank_FE 		; this bank contains pattern addresses
0448+  7D94             
0449+  7D94 3A A0 82    		ld	a, (MBPlayer_xleng)		; next position
0450+  7D97 3C          		inc	a
0451+  7D98 47          		ld	b, a
0452+  7D99 3A 71 82    		ld	a, (MBPlayer_play_pos)
0453+  7D9C 3C          		inc	a
0454+  7D9D B8          		cp	b
0455+  7D9E DA AD 7D    		jp	c, loc_0_4599
0456+  7DA1 3A A1 82    		ld	a, (MBPlayer_xloop)
0457+  7DA4 FE FF       		cp	255
0458+  7DA6 C2 AD 7D    		jp	nz, loc_0_4599
0459+  7DA9 CD 3A 7C    		call	MBPlayer_stop_music		; stop song, want loop OFF
0460+  7DAC AF          		xor	a
0461+  7DAD             
0462+  7DAD             loc_0_4599: 
0463+  7DAD 32 71 82    		ld	(MBPlayer_play_pos), a
0464+  7DB0 2A 7E 83    		ld	hl, (MBPlayer_pos_address)
0465+  7DB3 85          		add	a, l
0466+  7DB4 30 01       		jr	nc, loc_0_45A3
0467+  7DB6 24          		inc	h
0468+  7DB7             loc_0_45A3: 
0469+  7DB7 6F          		ld	l, a
0470+  7DB8 7E          		ld	a, (hl)
0471+  7DB9 32 95 82    		ld	(MBPlayer_current_pat), a
0472+  7DBC 87          		add	a, a
0473+  7DBD 2A 7C 83    		ld	hl, (MBPlayer_pat_address)
0474+  7DC0 85          		add	a, l
0475+  7DC1 30 01       		jr	nc, loc_0_45B0
0476+  7DC3 24          		inc	h
0477+  7DC4             
0478+  7DC4             loc_0_45B0: 
0479+  7DC4 6F          		ld	l, a
0480+  7DC5 5E          		ld	e, (hl)
0481+  7DC6 23          		inc	hl
0482+  7DC7 56          		ld	d, (hl)
0483+  7DC8 EB          		ex	de, hl
0484+  7DC9 7C          		ld	a, h
0485+  7DCA 07          		rlca	
0486+  7DCB 07          		rlca	
0487+  7DCC E6 03       		and	3
0488+  7DCE 11 74 82    		ld	de, MBPlayer_songdata_bank1
0489+  7DD1 83          		add	a, e
0490+  7DD2 30 01       		jr	nc, loc_0_45C1
0491+  7DD4 14          		inc	d
0492+  7DD5             loc_0_45C1: 
0493+  7DD5 5F          		ld	e, a
0494+  7DD6 1A          		ld	a, (de)
0495+  7DD7 32 77 82    		ld	(MBPlayer_songdata_bank), a
0496+  7DDA 7C          		ld	a, h
0497+  7DDB E6 3F       		and	3Fh
0498+  7DDD 67          		ld	h, a
0499+  7DDE ED 5B 75 82 		ld	de, (MBPlayer_songdata_addres)
0500+  7DE2 19          		add	hl, de
0501+  7DE3             loc_0_45CF: 
0502+  7DE3             ;		ld	a, (MBPlayer_songdata_bank)
0503+  7DE3             ;		call	MBPlayer_selbank_FE
0504+  7DE3             
0505+  7DE3 11 78 82    		ld	de, MBPlayer_step_buffer
0506+  7DE6             
0507+  7DE6 7E          		ld	a, (hl)
0508+  7DE7 23          		inc	hl
0509+  7DE8 FE FF       		cp	0FFh				; 0FFh => completely empty
0510+  7DEA C2 FE 7D    		jp	nz, loc_0_45F0
0511+  7DED D9          		exx	
0512+  7DEE 21 78 82    		ld	hl, MBPlayer_step_buffer
0513+  7DF1 11 79 82    		ld	de, MBPlayer_step_buffer + 1
0514+  7DF4 01 18 00    		ld	bc, 24
0515+  7DF7 70          		ld	(hl), b
0516+  7DF8 ED B0       		ldir	
0517+  7DFA D9          		exx	
0518+  7DFB C3 1D 7E    		jp	loc_0_460F
0519+  7DFE             loc_0_45F0: 
0520+  7DFE 12          		ld	(de), a				; 1st byte uncrunched
0521+  7DFF 13          		inc	de
0522+  7E00 E5          		push	hl
0523+  7E01 23          		inc	hl
0524+  7E02 23          		inc	hl
0525+  7E03 23          		inc	hl
0526+  7E04 D9          		exx	
0527+  7E05 E1          		pop	hl
0528+  7E06 06 03       		ld	b, 3				; decrunch 3 * 8 bytes
0529+  7E08             loc_0_45FA: 
0530+  7E08 7E          		ld	a, (hl)
0531+  7E09 D9          		exx	
0532+  7E0A 06 08       		ld	b, 8				; decrunch 8 bytes
0533+  7E0C 4F          		ld	c, a
0534+  7E0D             loc_0_45FF: 
0535+  7E0D AF          		xor	a
0536+  7E0E CB 01       		rlc	c
0537+  7E10 30 02       		jr	nc, loc_0_4606			; no carry? then empty event
0538+  7E12 7E          		ld	a, (hl)
0539+  7E13 23          		inc	hl
0540+  7E14             loc_0_4606: 
0541+  7E14 12          		ld	(de), a
0542+  7E15 13          		inc	de
0543+  7E16 10 F5       		djnz	loc_0_45FF
0544+  7E18 D9          		exx	
0545+  7E19 23          		inc	hl
0546+  7E1A 10 EC       		djnz	loc_0_45FA
0547+  7E1C D9          		exx	
0548+  7E1D             loc_0_460F:                                          ;Calculate freq. & note nr of wave to play
0549+  7E1D 22 80 83    		ld	(MBPlayer_songdata_ptr), hl
0550+  7E20             
0551+  7E20 FD 21 82 83 		ld	iy, MBPlayer_play_table_wav
0552+  7E24 21 78 82    		ld	hl, MBPlayer_step_buffer    ; third interrupt
0553+  7E27 01 60 08    		ld	bc, 860h                    ;(256 * (WAVCHNS/2)) + 96	; Wave channels
0554+  7E2A C3 53 7E    		jp	loc_0_4645
0555+  7E2D             
0556+  7E2D             loc_0_461F: 
0557+  7E2D 06 18       		ld	b, WAVCHNS
0558+  7E2F 21 78 82    		ld	hl, MBPlayer_step_buffer
0559+  7E32 FD 21 82 83 		ld	iy, MBPlayer_play_table_wav
0560+  7E36 11 14 00    		ld	de, PTW_SIZE
0561+  7E39 0E 60       		ld	c, 96
0562+  7E3B             loc_0_462D: 
0563+  7E3B 7E          		ld	a, (hl)
0564+  7E3C 3D          		dec	a
0565+  7E3D B9          		cp	c
0566+  7E3E 30 04       		jr	nc, loc_0_4636
0567+  7E40 FD 36 02 00 		ld	(iy + 2), 0
0568+  7E44             loc_0_4636: 
0569+  7E44 23          		inc	hl
0570+  7E45 FD 19       		add	iy, de
0571+  7E47 10 F2       		djnz	loc_0_462D
0572+  7E49             
0573+  7E49 FD 21 22 84 		ld	iy, unk_0_4D90		;play_table_wav + (WAVCHNS/2) * PTW_SIZE
0574+  7E4D 21 80 82    		ld	hl, unk_0_4B90		;step_buffer + WAVCHNS / 2	; second interrupt
0575+  7E50 01 60 08    		ld	bc, 860h                ;(256 * (WAVCHNS/2)) + 96	; Wave channels
0576+  7E53             loc_0_4645: 
0577+  7E53 11 14 00    		ld	de, PTW_SIZE
0578+  7E56             loc_0_4648: 
0579+  7E56 7E          		ld	a, (hl)
0580+  7E57 3D          		dec	a
0581+  7E58 B9          		cp	c
0582+  7E59 DC 64 7E    		call	c, MBPlayer_calc_wave
0583+  7E5C FD 19       		add	iy, de
0584+  7E5E 23          		inc	hl
0585+  7E5F 10 F5       		djnz	loc_0_4648
0586+  7E61 C3 76 7D    		jp	loc_0_4556
0587+  7E64             ;-------------------------------------------------------------------
0588+  7E64             ; îïèñàíèå: calc wave stuff
0589+  7E64             ; ïàðàìåòðû: íåò
0590+  7E64             ; âîçâðàùàåìîå  çíà÷åíèå: íåò
0591+  7E64             ;---------------------------------------------------------------------
0592+  7E64             MBPlayer_calc_wave: 
0593+  7E64 D9          		exx	
0594+  7E65 57          		ld	d, a
0595+  7E66             
0596+  7E66 21 12 8E    		ld	hl, MBPlayer_patch_table	; dit stuk verandert A niet!
0597+  7E69 06 00       		ld	b, 0
0598+  7E6B FD 4E 0A    		ld	c, (iy + 0Ah)
0599+  7E6E 79          		ld	a, c
0600+  7E6F FE AF       		cp	175
0601+  7E71 CA 2D 7F    		jp	z, MBPlayer_calc_drm		; gm drum patch
0602+  7E74 FE B0       		cp	176
0603+  7E76 D2 63 7F    		jp	nc, loc_0_4755			; own wave
0604+  7E79             
0605+  7E79             loc_0_466B: 
0606+  7E79 7A          		ld	a, d
0607+  7E7A 09          		add	hl, bc
0608+  7E7B 09          		add	hl, bc
0609+  7E7C 5E          		ld	e, (hl)
0610+  7E7D 23          		inc	hl
0611+  7E7E 56          		ld	d, (hl)				; to patch
0612+  7E7F EB          		ex	de, hl
0613+  7E80 5E          		ld	e, (hl)
0614+  7E81 23          		inc	hl
0615+  7E82 4E          		ld	c, (hl)
0616+  7E83 23          		inc	hl
0617+  7E84 46          		ld	b, (hl)
0618+  7E85 23          		inc	hl
0619+  7E86 FD 71 0D    		ld	(iy + 0Dh), c			; pointer to header bytes
0620+  7E89 FD 70 0E    		ld	(iy + 0Eh), b
0621+  7E8C             
0622+  7E8C CB 43       		bit	0, e				; search right patch part
0623+  7E8E 28 05       		jr	z, loc_0_4687			; transpose
0624+  7E90 47          		ld	b, a
0625+  7E91 3A 92 82    		ld	a, (MBPlayer_play_tspval)
0626+  7E94 80          		add	a, b
0627+  7E95             loc_0_4687: 
0628+  7E95 06 00       		ld	b, 0
0629+  7E97 11 05 00    		ld	de, 5
0630+  7E9A             loc_0_468C: 
0631+  7E9A BE          		cp	(hl)
0632+  7E9B 38 3C       		jr	c, loc_0_46CB
0633+  7E9D 46          		ld	b, (hl)
0634+  7E9E 19          		add	hl, de
0635+  7E9F BE          		cp	(hl)
0636+  7EA0 38 37       		jr	c, loc_0_46CB
0637+  7EA2 46          		ld	b, (hl)
0638+  7EA3 19          		add	hl, de
0639+  7EA4 BE          		cp	(hl)
0640+  7EA5 38 32       		jr	c, loc_0_46CB
0641+  7EA7 46          		ld	b, (hl)
0642+  7EA8 19          		add	hl, de
0643+  7EA9 BE          		cp	(hl)
0644+  7EAA 38 2D       		jr	c, loc_0_46CB
0645+  7EAC 46          		ld	b, (hl)
0646+  7EAD 19          		add	hl, de
0647+  7EAE BE          		cp	(hl)
0648+  7EAF 38 28       		jr	c, loc_0_46CB
0649+  7EB1 46          		ld	b, (hl)
0650+  7EB2 19          		add	hl, de
0651+  7EB3 BE          		cp	(hl)
0652+  7EB4 38 23       		jr	c, loc_0_46CB
0653+  7EB6 46          		ld	b, (hl)
0654+  7EB7 19          		add	hl, de
0655+  7EB8 BE          		cp	(hl)
0656+  7EB9 38 1E       		jr	c, loc_0_46CB
0657+  7EBB 46          		ld	b, (hl)
0658+  7EBC 19          		add	hl, de
0659+  7EBD BE          		cp	(hl)
0660+  7EBE 38 19       		jr	c, loc_0_46CB
0661+  7EC0 46          		ld	b, (hl)
0662+  7EC1 19          		add	hl, de
0663+  7EC2 BE          		cp	(hl)
0664+  7EC3 38 14       		jr	c, loc_0_46CB
0665+  7EC5 46          		ld	b, (hl)
0666+  7EC6 19          		add	hl, de
0667+  7EC7 BE          		cp	(hl)
0668+  7EC8 38 0F       		jr	c, loc_0_46CB
0669+  7ECA 46          		ld	b, (hl)
0670+  7ECB 19          		add	hl, de
0671+  7ECC BE          		cp	(hl)
0672+  7ECD 38 0A       		jr	c, loc_0_46CB
0673+  7ECF 46          		ld	b, (hl)
0674+  7ED0 19          		add	hl, de
0675+  7ED1 BE          		cp	(hl)
0676+  7ED2 38 05       		jr	c, loc_0_46CB
0677+  7ED4 46          		ld	b, (hl)
0678+  7ED5 19          		add	hl, de
0679+  7ED6 C3 9A 7E    		jp	loc_0_468C
0680+  7ED9             loc_0_46CB: 
0681+  7ED9 57          		ld	d, a                    ; save note...
0682+  7EDA 23          		inc	hl
0683+  7EDB 7E          		ld	a, (hl)			; low byte tone
0684+  7EDC FD 77 07    		ld	(iy + 7), a
0685+  7EDF             
0686+  7EDF 23          		inc	hl
0687+  7EE0 7E          		ld	a, (hl)
0688+  7EE1 E6 01       		and	1                       ; also resets carry!
0689+  7EE3 FD 77 06    		ld	(iy + 6), a             ; high byte tone
0690+  7EE6             
0691+  7EE6 7E          		ld	a, (hl)                 ; tone-note
0692+  7EE7 1F          		rra				; note that carry was set 0 earlier!!	
0693+  7EE8 82          		add	a, d
0694+  7EE9 90          		sub	b
0695+  7EEA FD 77 00    		ld	(iy + 0), a		; last note
0696+  7EED             
0697+  7EED 23          		inc	hl
0698+  7EEE 5E          		ld	e, (hl)
0699+  7EEF 23          		inc	hl
0700+  7EF0 56          		ld	d, (hl)
0701+  7EF1 FD 72 11    		ld	(iy + 11h), d		; pointer to freqtab
0702+  7EF4 FD 73 10    		ld	(iy + 10h), e
0703+  7EF7             
0704+  7EF7 21 62 85    		ld	hl, MBPlayer_tabdiv12
0705+  7EFA 4F          		ld	c, a
0706+  7EFB 06 00       		ld	b, 0
0707+  7EFD 09          		add	hl, bc
0708+  7EFE 09          		add	hl, bc
0709+  7EFF 4E          		ld	c, (hl)
0710+  7F00 23          		inc	hl
0711+  7F01 7E          		ld	a, (hl)
0712+  7F02 EB          		ex	de, hl
0713+  7F03             
0714+  7F03 85          		add	a, l
0715+  7F04 30 01       		jr	nc, loc_0_46F9
0716+  7F06 24          		inc	h
0717+  7F07             loc_0_46F9: 
0718+  7F07 6F          		ld	l, a
0719+  7F08 5E          		ld	e, (hl)
0720+  7F09 23          		inc	hl
0721+  7F0A 56          		ld	d, (hl)
0722+  7F0B             
0723+  7F0B CB 23       		sla	e   			; freq fine
0724+  7F0D 7A          		ld	a, d
0725+  7F0E 17          		rla	      			; freq rotated 1 left
0726+  7F0F 81          		add	a, c                    ; octave
0727+  7F10             
0728+  7F10 57          		ld	d, a                    ; high byte freq
0729+  7F11 60          		ld	h, b
0730+  7F12             loc_0_4704: 
0731+  7F12 FD 6E 05    		ld	l, (iy + 5)
0732+  7F15 CB 7D       		bit	7, l
0733+  7F17 28 0D       		jr	z, loc_0_4718
0734+  7F19 25          		dec	h
0735+  7F1A 29          		add	hl, hl			; detune...
0736+  7F1B             loc_0_470D: 
0737+  7F1B 19          		add	hl, de
0738+  7F1C CB 9C       		res	3, h
0739+  7F1E FD 75 08    		ld	(iy + 8), l		; freq fine
0740+  7F21 FD 74 09    		ld	(iy + 9), h
0741+  7F24 D9          		exx				; Yes! Finally, finished...	
0742+  7F25 C9          		ret	
0743+  7F26             loc_0_4718: 
0744+  7F26 EB          		ex	de, hl
0745+  7F27 19          		add	hl, de 			; detune...
0746+  7F28 16 08       		ld	d, 8
0747+  7F2A C3 1B 7F    		jp	loc_0_470D
0748+  7F2D             ;-------------------------------------------------------------------
0749+  7F2D             ; îïèñàíèå: Calc GM drums
0750+  7F2D             ; ïàðàìåòðû: íåò
0751+  7F2D             ; âîçâðàùàåìîå  çíà÷åíèå: íåò
0752+  7F2D             ;---------------------------------------------------------------------
0753+  7F2D             MBPlayer_calc_drm: 
0754+  7F2D 7A          		ld	a, d
0755+  7F2E FE 24       		cp	36			
0756+  7F30 DA 79 7E    		jp	c, loc_0_466B		; < 36 => first drum handled as patch
0757+  7F33 FE 57       		cp	57h
0758+  7F35 DA 3A 7F    		jp	c, loc_0_472C
0759+  7F38 3E 56       		ld	a, 56h
0760+  7F3A             loc_0_472C: 
0761+  7F3A 21 5F 9E    		ld	hl, MBPlayer_gmdrm_c4
0762+  7F3D D6 24       		sub	36
0763+  7F3F 47          		ld	b, a
0764+  7F40 87          		add	a, a
0765+  7F41 87          		add	a, a
0766+  7F42 80          		add	a, b
0767+  7F43 85          		add	a, l
0768+  7F44 30 01       		jr	nc, loc_0_4739
0769+  7F46 24          		inc	h
0770+  7F47             
0771+  7F47             loc_0_4739: 
0772+  7F47 6F          		ld	l, a
0773+  7F48 7E          		ld	a, (hl)
0774+  7F49 FD 77 07    		ld	(iy + 7), a
0775+  7F4C FD 36 06 00 		ld	(iy + 6), 0
0776+  7F50 23          		inc	hl
0777+  7F51 5E          		ld	e, (hl)
0778+  7F52 23          		inc	hl
0779+  7F53 56          		ld	d, (hl)
0780+  7F54 23          		inc	hl
0781+  7F55 7E          		ld	a, (hl)
0782+  7F56 FD 77 0D    		ld	(iy + 0Dh), a
0783+  7F59 23          		inc	hl
0784+  7F5A 7E          		ld	a, (hl)
0785+  7F5B FD 77 0E    		ld	(iy + 0Eh), a
0786+  7F5E 26 00       		ld	h, 0
0787+  7F60 C3 12 7F    		jp	loc_0_4704
0788+  7F63             
0789+  7F63             loc_0_4755: 
0790+  7F63 D6 B0       		sub	176
0791+  7F65 4F          		ld	c, a
0792+  7F66 87          		add	a, a
0793+  7F67 87          		add	a, a
0794+  7F68 87          		add	a, a
0795+  7F69 6F          		ld	l, a
0796+  7F6A 26 00       		ld	h, 0
0797+  7F6C 29          		add	hl, hl
0798+  7F6D 85          		add	a, l
0799+  7F6E 30 01       		jr	nc, loc_0_4763
0800+  7F70 24          		inc	h
0801+  7F71             loc_0_4763: 
0802+  7F71 6F          		ld	l, a
0803+  7F72 79          		ld	a, c
0804+  7F73 85          		add	a, l
0805+  7F74 30 01       		jr	nc, loc_0_4769
0806+  7F76 24          		inc	h
0807+  7F77             loc_0_4769: 
0808+  7F77 6F          		ld	l, a
0809+  7F78 01 22 89    		ld	bc, MBPlayer_waves
0810+  7F7B 09          		add	hl, bc                          ; pointer to patch
0811+  7F7C             
0812+  7F7C 5E          		ld	e, (hl)                         ; transpose
0813+  7F7D 23          		inc	hl
0814+  7F7E 7A          		ld	a, d
0815+  7F7F CB 43       		bit	0, e 				; transpose
0816+  7F81 28 04       		jr	z, loc_0_4779
0817+  7F83 3A 92 82    		ld	a, (MBPlayer_play_tspval)
0818+  7F86 82          		add	a, d
0819+  7F87             loc_0_4779: 
0820+  7F87 16 00       		ld	d, 0
0821+  7F89 01 03 00    		ld	bc, 3
0822+  7F8C             loc_0_477E: 
0823+  7F8C BE          		cp	(hl)
0824+  7F8D 38 05       		jr	c, loc_0_4786
0825+  7F8F 56          		ld	d, (hl)
0826+  7F90 09          		add	hl, bc
0827+  7F91 C3 8C 7F    		jp	loc_0_477E
0828+  7F94             
0829+  7F94             loc_0_4786: 
0830+  7F94 47          		ld	b, a 				; save note...
0831+  7F95 23          		inc	hl
0832+  7F96 7E          		ld	a, (hl)				; low byte tone
0833+  7F97 5F          		ld	e, a
0834+  7F98 C6 80       		add	a, 80h 				; tone 384 and above 
0835+  7F9A FD 77 07    		ld	(iy + 7), a
0836+  7F9D FD 36 06 01 		ld	(iy + 6), 1			; RAM wave is altijd > 256
0837+  7FA1 23          		inc	hl
0838+  7FA2             
0839+  7FA2 7E          		ld	a, (hl)				; tone-note
0840+  7FA3 80          		add	a, b
0841+  7FA4 92          		sub	d
0842+  7FA5 FD 77 00    		ld	(iy + 0), a			; last note
0843+  7FA8 F5          		push	af
0844+  7FA9             
0845+  7FA9 FD 36 0D 00 		ld	(iy + 0Dh), 0			; no header
0846+  7FAD FD 36 0E 00 		ld	(iy + 0Eh), 0
0847+  7FB1             
0848+  7FB1 21 D2 8D    		ld	hl, MBPlayer_tones_data
0849+  7FB4 16 00       		ld	d, 0
0850+  7FB6 19          		add	hl, de
0851+  7FB7 7E          		ld	a, (hl)
0852+  7FB8 E6 06       		and	6
0853+  7FBA 21 A2 87    		ld	hl, MBPlayer_frqtab_amiga
0854+  7FBD 28 0A       		jr	z, loc_0_47BB
0855+  7FBF 21 E2 86    		ld	hl, MBPlayer_frqtab_441khz
0856+  7FC2 FE 02       		cp	2
0857+  7FC4 28 03       		jr	z, loc_0_47BB
0858+  7FC6 21 62 88    		ld	hl, MBPlayer_frqtab_turbo
0859+  7FC9             loc_0_47BB: 
0860+  7FC9 F1          		pop	af
0861+  7FCA FD 75 10    		ld	(iy + 10h), l
0862+  7FCD FD 74 11    		ld	(iy + 11h), h
0863+  7FD0             
0864+  7FD0 5F          		ld	e, a			; D is still 0
0865+  7FD1 19          		add	hl, de
0866+  7FD2 19          		add	hl, de
0867+  7FD3 5E          		ld	e, (hl)
0868+  7FD4 23          		inc	hl
0869+  7FD5 56          		ld	d, (hl)
0870+  7FD6 26 00       		ld	h, 0
0871+  7FD8 C3 12 7F    		jp	loc_0_4704
0872+  7FDB             ;-------------------------------------------------------------------
0873+  7FDB             ; îïèñàíèå: Play ON event
0874+  7FDB             ; ïàðàìåòðû: íåò
0875+  7FDB             ; âîçâðàùàåìîå  çíà÷åíèå: íåò
0876+  7FDB             ;---------------------------------------------------------------------
0877+  7FDB             MBPlayer_play_wonevt: 
0878+  7FDB 05          		dec	b
0879+  7FDC FD 6E 0D    		ld	l, (iy + 0Dh)
0880+  7FDF FD 66 0E    		ld	h, (iy + 0Eh)
0881+  7FE2 7D          		ld	a, l
0882+  7FE3 B4          		or	h 			
0883+  7FE4 28 1F       		jr	z, loc_0_47F7           
0884+  7FE6             
0885+  7FE6 3E 80       		ld	a, 80h
0886+  7FE8 80          		add	a, b
0887+  7FE9 D3 7E       		out	(MOON_WREG), a
0888+  7FEB 7E          		ld	a, (hl)
0889+  7FEC             loc_0_47DE: 
0890+  7FEC C5          		push	bc
0891+  7FED C1          		pop	bc
0892+  7FEE D3 7F       		out	(MOON_WDAT), a
0893+  7FF0 23          		inc	hl
0894+  7FF1             loc_0_47E3: 
0895+  7FF1 7E          		ld	a, (hl)
0896+  7FF2 FE FF       		cp	0FFh
0897+  7FF4 28 0F       		jr	z, loc_0_47F7
0898+  7FF6 80          		add	a, b
0899+  7FF7             loc_0_47E9: 
0900+  7FF7 C5          		push	bc
0901+  7FF8 C1          		pop	bc
0902+  7FF9 D3 7E       		out	(MOON_WREG), a
0903+  7FFB 23          		inc	hl
0904+  7FFC 7E          		ld	a, (hl)
0905+  7FFD             loc_0_47EF: 
0906+  7FFD C5          		push	bc
0907+  7FFE C1          		pop	bc
0908+  7FFF D3 7F       		out	(MOON_WDAT), a 		; header byte
0909+  8001 23          		inc	hl
0910+  8002 C3 F1 7F    		jp	loc_0_47E3
0911+  8005             
0912+  8005             loc_0_47F7: 
0913+  8005 3E 50       		ld	a, 50h 			; set volume back to normal
0914+  8007 80          		add	a, b
0915+  8008             loc_0_47FA: 
0916+  8008 C5          		push	bc
0917+  8009 C1          		pop	bc
0918+  800A D3 7E       		out	(MOON_WREG), a
0919+  800C FD 7E 0F    		ld	a, (iy + 0Fh)
0920+  800F F6 01       		or	1			; level direct
0921+  8011             loc_0_4803: 
0922+  8011 C5          		push	bc
0923+  8012 C1          		pop	bc
0924+  8013 D3 7F       		out	(MOON_WDAT), a
0925+  8015             
0926+  8015 3E 68       		ld	a, 68h 			
0927+  8017 80          		add	a, b
0928+  8018             loc_0_480A: 
0929+  8018 C5          		push	bc
0930+  8019 C1          		pop	bc
0931+  801A D3 7E       		out	(MOON_WREG), a
0932+  801C 3E 80       		ld	a, 80h
0933+  801E FD B6 0B    		or	(iy + 0Bh)             ; pan pot
0934+  8021             loc_0_4813: 
0935+  8021 C5          		push	bc
0936+  8022 C1          		pop	bc
0937+  8023 D3 7F       		out	(MOON_WDAT), a		; key on
0938+  8025 C9          		ret	
0939+  8026             ;-------------------------------------------------------------------
0940+  8026             ; îïèñàíèå: Play OFF event
0941+  8026             ; ïàðàìåòðû: íåò
0942+  8026             ; âîçâðàùàåìîå  çíà÷åíèå: íåò
0943+  8026             ;---------------------------------------------------------------------
0944+  8026             MBPlayer_play_woffevt: 
0945+  8026 3E 67       		ld	a, 67h
0946+  8028 80          		add	a, b 			; calc. register
0947+  8029 D3 7E       		out	(MOON_WREG), a
0948+  802B FD 36 02 00 		ld	(iy + 2), 0 		; pb/mod off
0949+  802F             loc_0_4821: 
0950+  802F C5          		push	bc
0951+  8030 C1          		pop	bc
0952+  8031 DB 7F       		in	a, (MOON_WDAT)
0953+  8033 E6 7F       		and	7Fh
0954+  8035             loc_0_4827: 
0955+  8035 C5          		push	bc
0956+  8036 C1          		pop	bc
0957+  8037 D3 7F       		out	(MOON_WDAT), a
0958+  8039 C9          		ret	
0959+  803A             ;-------------------------------------------------------------------
0960+  803A             ; îïèñàíèå: Play Wave event
0961+  803A             ; ïàðàìåòðû: íåò
0962+  803A             ; âîçâðàùàåìîå  çíà÷åíèå: íåò
0963+  803A             ;---------------------------------------------------------------------
0964+  803A             MBPlayer_play_wwavevt: 
0965+  803A D6 61       		sub	61h
0966+  803C             MBPlayer_play_wwavevt2: 
0967+  803C FD 36 02 00 		ld	(iy + 2), 0 		; pb off
0968+  8040 4F          		ld	c, a
0969+  8041 21 1B 83    		ld	hl, MBPlayer_xwavnrs - 1
0970+  8044 85          		add	a, l
0971+  8045 30 01       		jr	nc, loc_0_483A
0972+  8047 24          		inc	h
0973+  8048             loc_0_483A: 
0974+  8048 6F          		ld	l, a
0975+  8049 7E          		ld	a, (hl)
0976+  804A FD 77 0A    		ld	(iy + 0Ah), a
0977+  804D 79          		ld	a, c
0978+  804E 21 4B 83    		ld	hl, MBPlayer_xwavvols - 1
0979+  8051 85          		add	a, l
0980+  8052 30 01       		jr	nc, loc_0_4847
0981+  8054 24          		inc	h
0982+  8055             loc_0_4847: 
0983+  8055 6F          		ld	l, a
0984+  8056 FD 7E 0F    		ld	a, (iy + 0Fh)
0985+  8059 E6 01       		and	1
0986+  805B 57          		ld	d, a
0987+  805C 3A 96 82    		ld	a, (MBPlayer_play_fading)
0988+  805F B7          		or	a
0989+  8060 20 08       		jr	nz, loc_0_485C
0990+  8062             
0991+  8062 7E          		ld	a, (hl)
0992+  8063 87          		add	a, a
0993+  8064 87          		add	a, a
0994+  8065 B2          		or	d
0995+  8066 FD 77 0F    		ld	(iy + 0Fh), a
0996+  8069 C9          		ret	
0997+  806A             
0998+  806A             loc_0_485C: 
0999+  806A 7E          		ld	a, (hl)
1000+  806B 87          		add	a, a
1001+  806C 87          		add	a, a
1002+  806D B2          		or	d
1003+  806E FD BE 0F    		cp	(iy + 0Fh)
1004+  8071 D8          		ret	c
1005+  8072 FD 77 0F    		ld	(iy + 0Fh), a
1006+  8075 C9          		ret	
1007+  8076             ;-------------------------------------------------------------------
1008+  8076             ; îïèñàíèå: Play volume event
1009+  8076             ; ïàðàìåòðû: íåò
1010+  8076             ; âîçâðàùàåìîå  çíà÷åíèå: íåò
1011+  8076             ;---------------------------------------------------------------------
1012+  8076             MBPlayer_play_wchgvol: 
1013+  8076 D6 92       		sub	146
1014+  8078 EE 1F       		xor	1Fh
1015+  807A 87          		add	a, a
1016+  807B             MBPlayer_play_wchgvol2: 
1017+  807B 87          		add	a, a			;OPL4 can handle 0-127
1018+  807C 87          		add	a, a
1019+  807D 4F          		ld	c, a
1020+  807E             
1021+  807E 3A 96 82    		ld	a, (MBPlayer_play_fading)
1022+  8081 B7          		or	a
1023+  8082 28 07       		jr	z, loc_0_487D
1024+  8084 79          		ld	a, c
1025+  8085 F6 01       		or	1
1026+  8087 FD BE 0F    		cp	(iy + 0Fh)
1027+  808A D8          		ret	c
1028+  808B             
1029+  808B             loc_0_487D: 
1030+  808B 3E 4F       		ld	a, 4Fh			
1031+  808D 80          		add	a, b
1032+  808E D3 7E       		out	(MOON_WREG), a
1033+  8090 FD 7E 0F    		ld	a, (iy + 0Fh) 		; level direct
1034+  8093 E6 01       		and	1
1035+  8095 B1          		or	c
1036+  8096 FD 77 0F    		ld	(iy + 0Fh), a
1037+  8099             
1038+  8099             loc_0_488B: 
1039+  8099 C5          		push	bc
1040+  809A C1          		pop	bc
1041+  809B D3 7F       		out	(MOON_WDAT), a
1042+  809D C9          		ret	
1043+  809E             ;-------------------------------------------------------------------
1044+  809E             ; îïèñàíèå: Link note
1045+  809E             ; ïàðàìåòðû: íåò
1046+  809E             ; âîçâðàùàåìîå  çíà÷åíèå: íåò
1047+  809E             ;---------------------------------------------------------------------
1048+  809E             MBPlayer_play_wlnk: 
1049+  809E FD 36 02 00 		ld	(iy + 2), 0
1050+  80A2 C5          		push	bc
1051+  80A3 D6 CA       		sub	202
1052+  80A5 FD 86 00    		add	a, (iy + 0)
1053+  80A8 FD 77 00    		ld	(iy + 0), a
1054+  80AB             
1055+  80AB FD CB 06 46 		bit	0, (iy + 6)
1056+  80AF 28 06       		jr	z, loc_0_48A9
1057+  80B1 FD CB 07 7E 		bit	7, (iy + 7)
1058+  80B5 20 50       		jr	nz, loc_0_48F9
1059+  80B7             loc_0_48A9: 
1060+  80B7 21 62 85    		ld	hl, MBPlayer_tabdiv12
1061+  80BA 4F          		ld	c, a
1062+  80BB 06 00       		ld	b, 0
1063+  80BD 09          		add	hl, bc
1064+  80BE 09          		add	hl, bc
1065+  80BF 4E          		ld	c, (hl)
1066+  80C0 23          		inc	hl
1067+  80C1 7E          		ld	a, (hl)
1068+  80C2 FD 6E 10    		ld	l, (iy + 10h)
1069+  80C5 FD 66 11    		ld	h, (iy + 11h)
1070+  80C8 85          		add	a, l
1071+  80C9 30 01       		jr	nc, loc_0_48BE
1072+  80CB 24          		inc	h
1073+  80CC             loc_0_48BE: 
1074+  80CC 6F          		ld	l, a
1075+  80CD 5E          		ld	e, (hl)
1076+  80CE 23          		inc	hl
1077+  80CF 56          		ld	d, (hl)
1078+  80D0 EB          		ex	de, hl 			; HL = freq
1079+  80D1             
1080+  80D1 CB 25       		sla	l
1081+  80D3 7C          		ld	a, h
1082+  80D4 17          		rla	
1083+  80D5 81          		add	a, c
1084+  80D6 67          		ld	h, a
1085+  80D7             loc_0_48C9: 
1086+  80D7 16 00       		ld	d, 0
1087+  80D9 FD 5E 05    		ld	e, (iy + 5)
1088+  80DC CB 7B       		bit	7, e
1089+  80DE 28 01       		jr	z, loc_0_48D3
1090+  80E0 15          		dec	d
1091+  80E1             loc_0_48D3: 
1092+  80E1 19          		add	hl, de			; detune...
1093+  80E2 19          		add	hl, de
1094+  80E3             
1095+  80E3 FD 75 12    		ld	(iy + 12h), l		; freq fine
1096+  80E6 FD 74 13    		ld	(iy + 13h), h
1097+  80E9             
1098+  80E9 C1          		pop	bc
1099+  80EA 3E 1F       		ld	a, 1Fh
1100+  80EC 80          		add	a, b
1101+  80ED D3 7E       		out	(MOON_WREG), a
1102+  80EF 7D          		ld	a, l
1103+  80F0 FD B6 06    		or	(iy + 6)
1104+  80F3             loc_0_48E5: 
1105+  80F3 C5          		push	bc
1106+  80F4 C1          		pop	bc
1107+  80F5 D3 7F       		out	(MOON_WDAT), a		; freq + tone
1108+  80F7             
1109+  80F7 3E 37       		ld	a, 37h
1110+  80F9 80          		add	a, b
1111+  80FA             loc_0_48EC: 
1112+  80FA C5          		push	bc
1113+  80FB C1          		pop	bc
1114+  80FC D3 7E       		out	(MOON_WREG), a
1115+  80FE 7C          		ld	a, h
1116+  80FF FD B6 0C    		or	(iy + 0Ch)
1117+  8102             loc_0_48F4: 
1118+  8102 C5          		push	bc
1119+  8103 C1          		pop	bc
1120+  8104 D3 7F       		out	(MOON_WDAT), a 		; freq
1121+  8106 C9          		ret	
1122+  8107             
1123+  8107             loc_0_48F9: 
1124+  8107 FD 6E 10    		ld	l, (iy + 10h)		; link own wave
1125+  810A FD 66 11    		ld	h, (iy + 11h)
1126+  810D 5F          		ld	e, a
1127+  810E 16 00       		ld	d, 0
1128+  8110 19          		add	hl, de
1129+  8111 19          		add	hl, de
1130+  8112 5E          		ld	e, (hl)
1131+  8113 23          		inc	hl
1132+  8114 56          		ld	d, (hl)
1133+  8115 EB          		ex	de, hl			; freq
1134+  8116 C3 D7 80    		jp	loc_0_48C9
1135+  8119             ;-------------------------------------------------------------------
1136+  8119             ; îïèñàíèå: Play stereo event
1137+  8119             ; ïàðàìåòðû: íåò
1138+  8119             ; âîçâðàùàåìîå  çíà÷åíèå: íåò
1139+  8119             ;---------------------------------------------------------------------
1140+  8119             MBPlayer_play_wchgste: 
1141+  8119 D6 B9       		sub	0B9h 		; 178 + 7
1142+  811B             MBPlayer_play_wchgste2: 
1143+  811B E6 0F       		and	0Fh
1144+  811D 57          		ld	d, a
1145+  811E FD 7E 0B    		ld	a, (iy + 0Bh)
1146+  8121 E6 F0       		and	0F0h
1147+  8123 B2          		or	d
1148+  8124 FD 77 0B    		ld	(iy + 0Bh), a
1149+  8127 3E 67       		ld	a, 67h
1150+  8129 80          		add	a, b
1151+  812A D3 7E       		out	(MOON_WREG), a
1152+  812C FD 36 02 00 		ld	(iy + 2), 0
1153+  8130             loc_0_4922: 
1154+  8130 C5          		push	bc
1155+  8131 C1          		pop	bc
1156+  8132 DB 7F       		in	a, (MOON_WDAT)
1157+  8134 E6 F0       		and	0F0h
1158+  8136 B2          		or	d
1159+  8137             loc_0_4929: 
1160+  8137 C5          		push	bc
1161+  8138 C1          		pop	bc
1162+  8139 D3 7F       		out	(MOON_WDAT), a
1163+  813B C9          		ret	
1164+  813C             ;-------------------------------------------------------------------
1165+  813C             ; îïèñàíèå: Pitch bending
1166+  813C             ; ïàðàìåòðû: íåò
1167+  813C             ; âîçâðàùàåìîå  çíà÷åíèå: íåò
1168+  813C             ;---------------------------------------------------------------------
1169+  813C             MBPlayer_play_wchgpit: 
1170+  813C D6 DD       		sub	221
1171+  813E FD 36 02 01 		ld	(iy + 2), 1		; Pitch bending on
1172+  8142 87          		add	a, a
1173+  8143 87          		add	a, a
1174+  8144 FD 77 03    		ld	(iy + 3), a		; Set pitch bend speed
1175+  8147 07          		rlca	
1176+  8148 38 05       		jr	c, loc_0_4941
1177+  814A FD 36 04 00 		ld	(iy + 4), 0
1178+  814E C9          		ret	
1179+  814F             loc_0_4941: 
1180+  814F FD 36 04 FF 		ld	(iy + 4), 0FFh
1181+  8153 C9          		ret	
1182+  8154             ;-------------------------------------------------------------------
1183+  8154             ; îïèñàíèå: Modulation event
1184+  8154             ; ïàðàìåòðû: íåò
1185+  8154             ; âîçâðàùàåìîå  çíà÷åíèå: íåò
1186+  8154             ;---------------------------------------------------------------------
1187+  8154             MBPlayer_play_wchgmod: 
1188+  8154 D6 EC       		sub	0ECh		;238 - 2
1189+  8156 FD 77 02    		ld	(iy + 2), a
1190+  8159 87          		add	a, a
1191+  815A 87          		add	a, a
1192+  815B 87          		add	a, a
1193+  815C 87          		add	a, a
1194+  815D 21 B4 82    		ld	hl, MBPlayer_xmodtab - 2 * 16
1195+  8160 85          		add	a, l
1196+  8161 30 01       		jr	nc, loc_0_4956
1197+  8163 24          		inc	h
1198+  8164             loc_0_4956: 
1199+  8164 6F          		ld	l, a
1200+  8165 FD 75 03    		ld	(iy + 3), l
1201+  8168 FD 74 04    		ld	(iy + 4), h
1202+  816B C9          		ret	
1203+  816C             ;-------------------------------------------------------------------
1204+  816C             ; îïèñàíèå: Set detune
1205+  816C             ; ïàðàìåòðû: íåò
1206+  816C             ; âîçâðàùàåìîå  çíà÷åíèå: íåò
1207+  816C             ;---------------------------------------------------------------------
1208+  816C             MBPlayer_play_wchgdet: 
1209+  816C D6 EA       		sub	234
1210+  816E 87          		add	a, a
1211+  816F 87          		add	a, a
1212+  8170 FD 77 05    		ld	(iy + 5), a
1213+  8173 C9          		ret	
1214+  8174             ;-------------------------------------------------------------------
1215+  8174             ; îïèñàíèå: Damp
1216+  8174             ; ïàðàìåòðû: íåò
1217+  8174             ; âîçâðàùàåìîå  çíà÷åíèå: íåò
1218+  8174             ;---------------------------------------------------------------------
1219+  8174             MBPlayer_play_wchgdmp: 
1220+  8174 3E 67       		ld	a, 67h
1221+  8176 80          		add	a, b			; calc. register
1222+  8177 D3 7E       		out	(MOON_WREG), a
1223+  8179 FD 36 02 00 		ld	(iy + 2), 0
1224+  817D             loc_0_496F: 
1225+  817D C5          		push	bc
1226+  817E C1          		pop	bc
1227+  817F DB 7F       		in	a, (MOON_WDAT)
1228+  8181 F6 40       		or	40h			; pb/mod off
1229+  8183             loc_0_4975: 
1230+  8183 C5          		push	bc
1231+  8184 C1          		pop	bc
1232+  8185 D3 7F       		out	(MOON_WDAT), a
1233+  8187 C9          		ret	
1234+  8188             ;-------------------------------------------------------------------
1235+  8188             ; îïèñàíèå: pitch bending/modulation
1236+  8188             ; ïàðàìåòðû: íåò
1237+  8188             ; âîçâðàùàåìîå  çíà÷åíèå: íåò
1238+  8188             ;---------------------------------------------------------------------
1239+  8188             MBPlayer_play_pitch: 
1240+  8188 FD 21 82 83 		ld	iy, MBPlayer_play_table_wav
1241+  818C 11 14 00    		ld	de,PTW_SIZE
1242+  818F 21 9B 81    		ld	hl,MBPlayer_play_pitchwvl2
1243+  8192 06 18       		ld	b,WAVCHNS		; wave channels
1244+  8194             MBPlayer_play_pitchwlus: 
1245+  8194 FD 7E 02    		ld	a, (iy + 2)
1246+  8197 B7          		or	a
1247+  8198 C2 A0 81    		jp	nz, MBPlayer_play_pitch_wdo
1248+  819B             MBPlayer_play_pitchwvl2: 
1249+  819B FD 19       		add	iy, de
1250+  819D 10 F5       		djnz	MBPlayer_play_pitchwlus
1251+  819F C9          		ret	
1252+  81A0             ;-------------------------------------------------------------------
1253+  81A0             ; îïèñàíèå: pitch bending
1254+  81A0             ; ïàðàìåòðû: íåò
1255+  81A0             ; âîçâðàùàåìîå  çíà÷åíèå: íåò
1256+  81A0             ;---------------------------------------------------------------------
1257+  81A0             MBPlayer_play_pitch_wdo: 
1258+  81A0 D9          		exx	
1259+  81A1             
1260+  81A1 4F          		ld	c, a
1261+  81A2             
1262+  81A2 FD 6E 03    		ld	l, (iy + 3)		; pitch bend speed
1263+  81A5 FD 66 04    		ld	h, (iy + 4)
1264+  81A8 0D          		dec	c
1265+  81A9 C2 E7 81    		jp	nz, MBPlayer_play_mod_wdo ; modulation
1266+  81AC EB          		ex	de, hl
1267+  81AD             loc_0_499F: 
1268+  81AD FD 66 13    		ld	h, (iy + 13h)
1269+  81B0 FD 6E 12    		ld	l, (iy + 12h)
1270+  81B3 19          		add	hl, de			; sliding
1271+  81B4 CB 5C       		bit	3, h
1272+  81B6 28 0D       		jr	z, loc_0_49B7
1273+  81B8 CB 7A       		bit	7, d
1274+  81BA 20 07       		jr	nz, loc_0_49B5
1275+  81BC 7C          		ld	a, h
1276+  81BD C6 08       		add	a, 8
1277+  81BF 67          		ld	h, a
1278+  81C0 C3 C5 81    		jp	loc_0_49B7
1279+  81C3             loc_0_49B5: 
1280+  81C3 CB 9C       		res	3, h
1281+  81C5             loc_0_49B7: 
1282+  81C5 FD 75 12    		ld	(iy + 12h), l		; freq fine
1283+  81C8 FD 74 13    		ld	(iy + 13h), h
1284+  81CB FD 7E 01    		ld	a, (iy + 1)
1285+  81CE 4F          		ld	c, a
1286+  81CF D3 7E       		out	(MOON_WREG), a
1287+  81D1 7D          		ld	a, l
1288+  81D2 FD B6 06    		or	(iy + 6)
1289+  81D5             loc_0_49C7: 
1290+  81D5 C5          		push	bc
1291+  81D6 C1          		pop	bc
1292+  81D7 D3 7F       		out	(MOON_WDAT), a		; freq + tone
1293+  81D9             
1294+  81D9 79          		ld	a, c
1295+  81DA C6 18       		add	a, 24
1296+  81DC             loc_0_49CE: 
1297+  81DC C5          		push	bc
1298+  81DD C1          		pop	bc
1299+  81DE D3 7E       		out	(MOON_WREG), a
1300+  81E0 7C          		ld	a, h
1301+  81E1             loc_0_49D3: 
1302+  81E1 C5          		push	bc
1303+  81E2 C1          		pop	bc
1304+  81E3 D3 7F       		out	(MOON_WDAT), a 		; freq
1305+  81E5 D9          		exx	
1306+  81E6 E9          		jp	(hl)
1307+  81E7             ;-------------------------------------------------------------------
1308+  81E7             ; îïèñàíèå: Ìîäóëÿöèÿ
1309+  81E7             ; ïàðàìåòðû: íåò
1310+  81E7             ; âîçâðàùàåìîå  çíà÷åíèå: íåò
1311+  81E7             ;---------------------------------------------------------------------
1312+  81E7             MBPlayer_play_mod_wdo: 
1313+  81E7 16 00       		ld	d, 0
1314+  81E9 5E          		ld	e, (hl)
1315+  81EA CB 23       		sla	e
1316+  81EC CB 23       		sla	e
1317+  81EE 30 01       		jr	nc, loc_0_49E3
1318+  81F0 15          		dec	d
1319+  81F1             loc_0_49E3: 
1320+  81F1 23          		inc	hl
1321+  81F2 7E          		ld	a, (hl)
1322+  81F3 FE 0A       		cp	10
1323+  81F5 C2 05 82    		jp	nz, loc_0_49F7
1324+  81F8 79          		ld	a, c
1325+  81F9             
1326+  81F9 21 C4 82    		ld	hl, MBPlayer_xmodtab - 16
1327+  81FC 87          		add	a, a
1328+  81FD 87          		add	a, a
1329+  81FE 87          		add	a, a
1330+  81FF 87          		add	a, a
1331+  8200 85          		add	a, l
1332+  8201 30 01       		jr	nc, loc_0_49F6
1333+  8203 24          		inc	h
1334+  8204             loc_0_49F6: 
1335+  8204 6F          		ld	l, a
1336+  8205             loc_0_49F7: 
1337+  8205 FD 75 03    		ld	(iy + 3), l
1338+  8208 FD 74 04    		ld	(iy + 4), h
1339+  820B C3 AD 81    		jp	loc_0_499F
1340+  820E             ;-------------------------------------------------------------------
1341+  820E             ; îïèñàíèå: Çàòóõàíèå ìåëîäèè
1342+  820E             ; ïàðàìåòðû: íåò
1343+  820E             ; âîçâðàùàåìîå  çíà÷åíèå: íåò
1344+  820E             ;---------------------------------------------------------------------
1345+  820E             MBPlayer_play_fade: 	
1346+  820E 3A 98 82    		ld	a,(MBPlayer_play_fadespd)	; speed
1347+  8211 21 97 82    		ld	hl,MBPlayer_play_fadecnt
1348+  8214 34          		inc	(hl)
1349+  8215 BE          		cp	(hl)
1350+  8216 C0          		ret	nz
1351+  8217 36 00       		ld	(hl), 0
1352+  8219             
1353+  8219 06 18       		ld	b,WAVCHNS
1354+  821B FD 21 82 83 		ld	iy,MBPlayer_play_table_wav
1355+  821F 11 14 00    		ld	de,PTW_SIZE
1356+  8222             loc_0_4A14: 
1357+  8222 FD 7E 0F    		ld	a, (iy + 0Fh)		
1358+  8225 C6 08       		add	a, 8                    ; -4, but bit 0 is not for volume
1359+  8227 30 02       		jr	nc, loc_0_4A1D
1360+  8229 3E FF       		ld	a, 255
1361+  822B             loc_0_4A1D: 
1362+  822B FD 77 0F    		ld	(iy + 0Fh), a
1363+  822E 3E 4F       		ld	a, 4Fh
1364+  8230 80          		add	a, b
1365+  8231 D3 7E       		out	(MOON_WREG), a
1366+  8233 FD 7E 0F    		ld	a, (iy + 0Fh)		; level direct
1367+  8236             loc_0_4A28: 
1368+  8236 C5          		push	bc
1369+  8237 C1          		pop	bc
1370+  8238 D3 7F       		out	(MOON_WDAT), a
1371+  823A FD 19       		add	iy, de
1372+  823C 10 E4       		djnz	loc_0_4A14
1373+  823E             
1374+  823E 21 99 82    		ld	hl, MBPlayer_play_fadetcnt 	; total counter
1375+  8241 34          		inc	(hl)
1376+  8242 7E          		ld	a, (hl)
1377+  8243 FE 21       		cp	33			; will always be faded out in 33 steps
1378+  8245 C0          		ret	nz
1379+  8246 AF          		xor	a
1380+  8247 32 96 82    		ld	(MBPlayer_play_fading), a
1381+  824A C3 3A 7C    		jp	MBPlayer_stop_music
1382+  824D             
1383+  824D             sub_0_4A3F: 
1384+  824D 08          		ex	af, af'
1385+  824E 79          		ld	a, c
1386+  824F             loc_0_4A41: 
1387+  824F C5          		push	bc
1388+  8250 C1          		pop	bc
1389+  8251 D3 C6       		out	(MOON_REG2),a
1390+  8253 08          		ex	af, af'
1391+  8254             loc_0_4A46: 
1392+  8254 C5          		push	bc
1393+  8255 C1          		pop	bc
1394+  8256 D3 C7       		out	(MOON_DAT2),a
1395+  8258 C9          		ret	
1396+  8259             ;-------------------------------------------------------------------
1397+  8259             ; îïèñàíèå: Âûâîä äàííûõ â ðåãèñòðû Wave ÷àñòè
1398+  8259             ; ïàðàìåòðû: C - íîìåð ðåãèñòðà
1399+  8259             ;	     A - âûâîäèìûé áàéò
1400+  8259             ; âîçâðàùàåìîå  çíà÷åíèå: íåò
1401+  8259             ;---------------------------------------------------------------------
1402+  8259             MBPlayer_out_wave: 	
1403+  8259 08          		ex	af, af'
1404+  825A 79          		ld	a, c
1405+  825B             loc_0_4A4D: 
1406+  825B C5          		push	bc
1407+  825C C1          		pop	bc
1408+  825D D3 7E       		out	(MOON_WREG), a
1409+  825F 08          		ex	af, af'
1410+  8260             loc_0_4A52: 
1411+  8260 C5          		push	bc
1412+  8261 C1          		pop	bc
1413+  8262 D3 7F       		out	(MOON_WDAT), a
1414+  8264 C9          		ret	
1415+  8265             ;-------------------------------------------------------------------
1416+  8265             ; îïèñàíèå: ×òåíèå äàííûõ èç ðåãèñòðà Wave ÷àñòè
1417+  8265             ; ïàðàìåòðû: C - íîìåð ðåãèñòðà
1418+  8265             ; âîçâðàùàåìîå  çíà÷åíèå: A - áàéò äàííûõ
1419+  8265             ;---------------------------------------------------------------------
1420+  8265             MBPlayer_in_wave: 	
1421+  8265 C5          		push	bc
1422+  8266 C1          		pop	bc
1423+  8267 79          		ld	a, c
1424+  8268 D3 7E       		out	(MOON_WREG), a
1425+  826A 00          		nop	
1426+  826B             loc_0_4A5D: 
1427+  826B C5          		push	bc
1428+  826C C1          		pop	bc
1429+  826D DB 7F       		in	a, (MOON_WDAT)
1430+  826F C9          		ret	
1431+  8270             
1432+  8270             MBPlayer_play_busy: 
1433+  8270 00          		db	0
1434+  8271             MBPlayer_play_pos: 	
1435+  8271 00          		db 	0
1436+  8272             MBPlayer_play_step: 	
1437+  8272 00          		db 	0
1438+  8273             MBPlayer_save_curbank: 	
1439+  8273 00          		db	0
1440+  8274             MBPlayer_songdata_bank1: 	
1441+  8274 00          		db 	0
1442+  8275             MBPlayer_songdata_addres: 	
1443+  8275 00 00       		dw 	0
1444+  8277             MBPlayer_songdata_bank: 	
1445+  8277 00          		db 	0
1446+  8278             
1447+  8278             MBPlayer_step_buffer: 	
1448+  8278 00          		db    	0
1449+  8279 00          		db    	0
1450+  827A 00          		db    	0 ;  
1451+  827B 00          		db    	0 ;  
1452+  827C 00          		db    	0 ;  
1453+  827D 00          		db    	0 ;  
1454+  827E 00          		db    	0 ;  
1455+  827F 00          		db    	0 ;  
1456+  8280             unk_0_4B90: 	
1457+  8280 00          		db    	0
1458+  8281 00          		db    	0 ;  
1459+  8282 00          		db    	0 ;  
1460+  8283 00          		db    	0 ;  
1461+  8284 00          		db    	0 ;  
1462+  8285 00          		db    	0 ;  
1463+  8286 00          		db    	0 ;  
1464+  8287 00          		db    	0 ;  
1465+  8288             unk_0_4B98: 	
1466+  8288 00          		db    	0
1467+  8289 00          		db    	0 ;  
1468+  828A 00          		db    	0 ;  
1469+  828B 00          		db    	0 ;  
1470+  828C 00          		db    	0 ;  
1471+  828D 00          		db    	0 ;  
1472+  828E 00          		db    	0 ;  
1473+  828F 00          		db    	0 ;  
1474+  8290 00          		db    	0 ;  
1475+  8291             MBPlayer_play_speed: 	
1476+  8291 00          		db 	0
1477+  8292             MBPlayer_play_tspval: 	
1478+  8292 00          		db 	0
1479+  8293             MBPlayer_play_timercnt: 	
1480+  8293 00          		db 	0
1481+  8294             MBPlayer_play_intcnt: 
1482+  8294 00          		db 	0
1483+  8295             MBPlayer_current_pat: 	
1484+  8295 00          		db 	0
1485+  8296             MBPlayer_play_fading: 	
1486+  8296 00          		db 	0
1487+  8297             MBPlayer_play_fadecnt: 	
1488+  8297 00          		db 	0
1489+  8298             MBPlayer_play_fadespd: 	
1490+  8298 00          		db 	0
1491+  8299             MBPlayer_play_fadetcnt: 	
1492+  8299 00          		db 	0
1493+  829A             MBPlayer_sample_address: 	
1494+  829A 00          		db    	0
1495+  829B 00          		db    	0 ;  
1496+  829C 00          		db    	0 ;  
1497+  829D 00          		db    	0 ;  
1498+  829E             MBPlayer_samplesize: 	
1499+  829E 00 00       		dw 	0
1500+  82A0             ;-------------------------------------------------------------------
1501+  82A0             ; îïèñàíèå: Èíôîðìàöèÿ î òðåêå = 220 áàéò
1502+  82A0             ; ïàðàìåòðû: íåò
1503+  82A0             ; âîçâðàùàåìîå  çíà÷åíèå: íåò
1504+  82A0             ;---------------------------------------------------------------------
1505+  82A0             MBPlayer_xleng: 	
1506+  82A0 00          		ds	1		; Song length
1507+  82A1             MBPlayer_xloop: 		
1508+  82A1 00          		ds	1		; Loop position
1509+  82A2             MBPlayer_xwvstpr: 	
1510+  82A2 00          		ds	24		; Stereo settings Wave
1511+  82BA             MBPlayer_xtempo: 		
1512+  82BA 00          		ds	1		; Tempo
1513+  82BB             MBPlayer_xhzequal: 	
1514+  82BB 00          		ds	1		; Base frequency
1515+  82BC             MBPlayer_xdetune: 		
1516+  82BC 00          		ds	24		; Detune settings
1517+  82D4             MBPlayer_xmodtab: 		
1518+  82D4 00          		ds	3*16		; Modulation tables
1519+  8304             MBPlayer_xbegwav: 		
1520+  8304 00          		ds	24		; Start waves
1521+  831C             MBPlayer_xwavnrs: 	
1522+  831C 00          		ds	48		; Wave numbers
1523+  834C             MBPlayer_xwavvols: 	                	
1524+  834C 00          		ds	48		; Wave volumes
1525+  837C             
1526+  837C             
1527+  837C             MBPlayer_pat_address: 	
1528+  837C 00 00       		dw 	0
1529+  837E             MBPlayer_pos_address: 	
1530+  837E 00 00       		dw 	0
1531+  8380             MBPlayer_songdata_ptr: 	
1532+  8380 00 00       		dw 	0
1533+  8382             
1534+  8382             ;--- smart table: --
1535+  8382             
1536+  8382             ;    - last note played                 01: + 0
1537+  8382             ;    - frequency register               01: + 1
1538+  8382             ;    - pitch bending on/off             01: + 2
1539+  8382             ;    - pitch bend speed                 02: + 3
1540+  8382             ;    - detune value                     01: + 5
1541+  8382             ;    - tone nr for next interrupt       02: + 6
1542+  8382             ;    - freq for next interrupt          02: + 8
1543+  8382             ;    - current patch                    01  + 10
1544+  8382             ;    - current stereo setting           01  + 11
1545+  8382             ;    - pseudo reverb                    01  + 12
1546+  8382             ;    - Pointer to header bytes          02  + 13
1547+  8382             ;    - Volume                           01  + 15
1548+  8382             ;    - Pointer to used freq table       01  + 16
1549+  8382             ;    - Current pitch freq.              02  + 18
1550+  8382             ;                               --
1551+  8382             ;    Total:                             20
1552+  8382             
1553+  8382             MBPlayer_play_table_wav: 
1554+  8382             		db	0,037h,0,0,0,0,0,0,0,0,0,0,0,0,0,0,0,0,0,0	; ch1
1554+  8382 0037000000000000000000000000000000000000
1555+  8396             		db	0,036h,0,0,0,0,0,0,0,0,0,0,0,0,0,0,0,0,0,0	; ch2
1555+  8396 0036000000000000000000000000000000000000
1556+  83AA             		db	0,035h,0,0,0,0,0,0,0,0,0,0,0,0,0,0,0,0,0,0	; ch3
1556+  83AA 0035000000000000000000000000000000000000
1557+  83BE             		db	0,034h,0,0,0,0,0,0,0,0,0,0,0,0,0,0,0,0,0,0	; ch4
1557+  83BE 0034000000000000000000000000000000000000
1558+  83D2             		db	0,033h,0,0,0,0,0,0,0,0,0,0,0,0,0,0,0,0,0,0	; ch5
1558+  83D2 0033000000000000000000000000000000000000
1559+  83E6             		db	0,032h,0,0,0,0,0,0,0,0,0,0,0,0,0,0,0,0,0,0	; ch6
1559+  83E6 0032000000000000000000000000000000000000
1560+  83FA             		db	0,031h,0,0,0,0,0,0,0,0,0,0,0,0,0,0,0,0,0,0	; ch7
1560+  83FA 0031000000000000000000000000000000000000
1561+  840E             		db	0,030h,0,0,0,0,0,0,0,0,0,0,0,0,0,0,0,0,0,0	; ch8
1561+  840E 0030000000000000000000000000000000000000
1562+  8422             unk_0_4D90: 	
1563+  8422             		db	0,02fh,0,0,0,0,0,0,0,0,0,0,0,0,0,0,0,0,0,0	; ch9
1563+  8422 002F000000000000000000000000000000000000
1564+  8436             		db	0,02eh,0,0,0,0,0,0,0,0,0,0,0,0,0,0,0,0,0,0	; ch10
1564+  8436 002E000000000000000000000000000000000000
1565+  844A             		db	0,02dh,0,0,0,0,0,0,0,0,0,0,0,0,0,0,0,0,0,0	; ch11
1565+  844A 002D000000000000000000000000000000000000
1566+  845E             		db	0,02ch,0,0,0,0,0,0,0,0,0,0,0,0,0,0,0,0,0,0	; ch12
1566+  845E 002C000000000000000000000000000000000000
1567+  8472             		db	0,02bh,0,0,0,0,0,0,0,0,0,0,0,0,0,0,0,0,0,0	; ch13
1567+  8472 002B000000000000000000000000000000000000
1568+  8486             		db	0,02ah,0,0,0,0,0,0,0,0,0,0,0,0,0,0,0,0,0,0	; ch14
1568+  8486 002A000000000000000000000000000000000000
1569+  849A             		db	0,029h,0,0,0,0,0,0,0,0,0,0,0,0,0,0,0,0,0,0	; ch15
1569+  849A 0029000000000000000000000000000000000000
1570+  84AE             		db	0,028h,0,0,0,0,0,0,0,0,0,0,0,0,0,0,0,0,0,0	; ch16
1570+  84AE 0028000000000000000000000000000000000000
1571+  84C2             unk_0_4E30: 	
1572+  84C2             		db	0,027h,0,0,0,0,0,0,0,0,0,0,0,0,0,0,0,0,0,0	; ch17
1572+  84C2 0027000000000000000000000000000000000000
1573+  84D6             		db	0,026h,0,0,0,0,0,0,0,0,0,0,0,0,0,0,0,0,0,0	; ch18
1573+  84D6 0026000000000000000000000000000000000000
1574+  84EA             		db	0,025h,0,0,0,0,0,0,0,0,0,0,0,0,0,0,0,0,0,0	; ch19
1574+  84EA 0025000000000000000000000000000000000000
1575+  84FE             		db	0,024h,0,0,0,0,0,0,0,0,0,0,0,0,0,0,0,0,0,0	; ch20
1575+  84FE 0024000000000000000000000000000000000000
1576+  8512             		db	0,023h,0,0,0,0,0,0,0,0,0,0,0,0,0,0,0,0,0,0	; ch21
1576+  8512 0023000000000000000000000000000000000000
1577+  8526             		db	0,022h,0,0,0,0,0,0,0,0,0,0,0,0,0,0,0,0,0,0	; ch22
1577+  8526 0022000000000000000000000000000000000000
1578+  853A             		db	0,021h,0,0,0,0,0,0,0,0,0,0,0,0,0,0,0,0,0,0	; ch23
1578+  853A 0021000000000000000000000000000000000000
1579+  854E             		db	0,020h,0,0,0,0,0,0,0,0,0,0,0,0,0,0,0,0,0,0	; ch24
1579+  854E 0020000000000000000000000000000000000000
1580+  8562             
1581+  8562             		.include	"freq_table_0.inc"
0001++ 8562             ;-------------------------------------------------------------------
0002++ 8562             ; îïèñàíèå:  Òàáëèöà äåëèòåëåé
0003++ 8562             ;---------------------------------------------------------------------
0004++ 8562             MBPlayer_tabdiv12: 
0005++ 8562             		db	-5*16,0,-5*16,2*1,-5*16,2*2,-5*16,2*3,-5*16,2*4,-5*16,2*5
0005++ 8562 B000B002B004B006B008B00A
0006++ 856E             		db	-5*16,2*6,-5*16,2*7,-5*16,2*8,-5*16,2*9,-5*16,2*10,-5*16,2*11
0006++ 856E B00CB00EB010B012B014B016
0007++ 857A             		db	-4*16,0,-4*16,2*1,-4*16,2*2,-4*16,2*3,-4*16,2*4,-4*16,2*5
0007++ 857A C000C002C004C006C008C00A
0008++ 8586             		db	-4*16,2*6,-4*16,2*7,-4*16,2*8,-4*16,2*9,-4*16,2*10,-4*16,2*11
0008++ 8586 C00CC00EC010C012C014C016
0009++ 8592             		db	-3*16,0,-3*16,2*1,-3*16,2*2,-3*16,2*3,-3*16,2*4,-3*16,2*5
0009++ 8592 D000D002D004D006D008D00A
0010++ 859E             		db	-3*16,2*6,-3*16,2*7,-3*16,2*8,-3*16,2*9,-3*16,2*10,-3*16,2*11
0010++ 859E D00CD00ED010D012D014D016
0011++ 85AA             		db	-2*16,0,-2*16,2*1,-2*16,2*2,-2*16,2*3,-2*16,2*4,-2*16,2*5
0011++ 85AA E000E002E004E006E008E00A
0012++ 85B6             		db	-2*16,2*6,-2*16,2*7,-2*16,2*8,-2*16,2*9,-2*16,2*10,-2*16,2*11
0012++ 85B6 E00CE00EE010E012E014E016
0013++ 85C2             		db	-1*16,0,-1*16,2*1,-1*16,2*2,-1*16,2*3,-1*16,2*4,-1*16,2*5
0013++ 85C2 F000F002F004F006F008F00A
0014++ 85CE             		db	-1*16,2*6,-1*16,2*7,-1*16,2*8,-1*16,2*9,-1*16,2*10,-1*16,2*11
0014++ 85CE F00CF00EF010F012F014F016
0015++ 85DA             		db	0*16,0,0*16,2*1,0*16,2*2,0*16,2*3,0*16,2*4,0*16,2*5
0015++ 85DA 00000002000400060008000A
0016++ 85E6             		db	0*16,2*6,0*16,2*7,0*16,2*8,0*16,2*9,0*16,2*10,0*16,2*11
0016++ 85E6 000C000E0010001200140016
0017++ 85F2             		db	1*16,0,1*16,2*1,1*16,2*2,1*16,2*3,1*16,2*4,1*16,2*5
0017++ 85F2 10001002100410061008100A
0018++ 85FE             		db	1*16,2*6,1*16,2*7,1*16,2*8,1*16,2*9,1*16,2*10,1*16,2*11
0018++ 85FE 100C100E1010101210141016
0019++ 860A             		db	2*16,0,2*16,2*1,2*16,2*2,2*16,2*3,2*16,2*4,2*16,2*5
0019++ 860A 20002002200420062008200A
0020++ 8616             		db	2*16,2*6,2*16,2*7,2*16,2*8,2*16,2*9,2*16,2*10,2*16,2*11
0020++ 8616 200C200E2010201220142016
0021++ 8622             		db	3*16,0,3*16,2*1,3*16,2*2,3*16,2*3,3*16,2*4,3*16,2*5
0021++ 8622 30003002300430063008300A
0022++ 862E             		db	3*16,2*6,3*16,2*7,3*16,2*8,3*16,2*9,3*16,2*10,3*16,2*11
0022++ 862E 300C300E3010301230143016
0023++ 863A             		db	4*16,0,4*16,2*1,4*16,2*2,4*16,2*3,4*16,2*4,4*16,2*5
0023++ 863A 40004002400440064008400A
0024++ 8646             		db	4*16,2*6,4*16,2*7,4*16,2*8,4*16,2*9,4*16,2*10,4*16,2*11
0024++ 8646 400C400E4010401240144016
0025++ 8652             		db	5*16,0,5*16,2*1,5*16,2*2,5*16,2*3,5*16,2*4,5*16,2*5
0025++ 8652 50005002500450065008500A
0026++ 865E             		db	5*16,2*6,5*16,2*7,5*16,2*8,5*16,2*9,5*16,2*10,5*16,2*11
0026++ 865E 500C500E5010501250145016
0027++ 866A             		db	6*16,0,6*16,2*1,6*16,2*2,6*16,2*3,6*16,2*4,6*16,2*5
0027++ 866A 60006002600460066008600A
0028++ 8676             		db	6*16,2*6,6*16,2*7,6*16,2*8,6*16,2*9,6*16,2*10,6*16,2*11
0028++ 8676 600C600E6010601260146016
0029++ 8682             		db	7*16,0,7*16,2*1,7*16,2*2,7*16,2*3,7*16,2*4,7*16,2*5
0029++ 8682 70007002700470067008700A
0030++ 868E             		db	7*16,2*6,7*16,2*7,7*16,2*8,7*16,2*9,7*16,2*10,7*16,2*11
0030++ 868E 700C700E7010701270147016
0031++ 869A             		db	8*16,0,8*16,2*1,8*16,2*2,8*16,2*3,8*16,2*4,8*16,2*5
0031++ 869A 80008002800480068008800A
0032++ 86A6             		db	8*16,2*6,8*16,2*7,8*16,2*8,8*16,2*9,8*16,2*10,8*16,2*11
0032++ 86A6 800C800E8010801280148016
0033++ 86B2             		db	9*16,0,9*16,2*1,9*16,2*2,9*16,2*3,9*16,2*4,9*16,2*5
0033++ 86B2 90009002900490069008900A
0034++ 86BE             		db	9*16,2*6,9*16,2*7,9*16,2*8,9*16,2*9,9*16,2*10,9*16,2*11
0034++ 86BE 900C900E9010901290149016
0035++ 86CA             		db	10*16,0,10*16,2*1,10*16,2*2,10*16,2*3,10*16,2*4,10*16,2*5
0035++ 86CA A000A002A004A006A008A00A
0036++ 86D6             		db	10*16,2*6,10*16,2*7,10*16,2*8,10*16,2*9,10*16,2*10,10*16,2*11
0036++ 86D6 A00CA00EA010A012A014A016
0037++ 86E2             
0038++ 86E2             
1582+  86E2             		.include	"freq_table_1.inc"
0001++ 86E2             ;-------------------------------------------------------------------
0002++ 86E2             ; îïèñàíèå:  Òàáëèöà ÷àñòîò äëÿ 44.1 kHz
0003++ 86E2             ;---------------------------------------------------------------------
0004++ 86E2             MBPlayer_frqtab_441khz: 	
0005++ 86E2 00 C0       		dw	(-4 * 2048 + 0) * 2
0006++ 86E4 7A C0       		dw	(-4 * 2048 + 61) * 2
0007++ 86E6 FA C0       		dw	(-4 * 2048 + 125) * 2
0008++ 86E8 84 C1       		dw	(-4 * 2048 + 194) * 2
0009++ 86EA 14 C2       		dw	(-4 * 2048 + 266) * 2
0010++ 86EC AE C2       		dw	(-4 * 2048 + 343) * 2
0011++ 86EE 50 C3       		dw	(-4 * 2048 + 424) * 2
0012++ 86F0 FC C3       		dw	(-4 * 2048 + 510) * 2
0013++ 86F2 B2 C4       		dw	(-4 * 2048 + 601) * 2
0014++ 86F4 74 C5       		dw	(-4 * 2048 + 698) * 2
0015++ 86F6 42 C6       		dw	(-4 * 2048 + 801) * 2
0016++ 86F8 1A C7       		dw	(-4 * 2048 + 909) * 2
0017++ 86FA 00 D0       		dw	(-3 * 2048 + 0) * 2
0018++ 86FC 7A D0       		dw	(-3 * 2048 + 61) * 2
0019++ 86FE FA D0       		dw	(-3 * 2048 + 125) * 2
0020++ 8700 84 D1       		dw	(-3 * 2048 + 194) * 2
0021++ 8702 14 D2       		dw	(-3 * 2048 + 266) * 2
0022++ 8704 AE D2       		dw	(-3 * 2048 + 343) * 2
0023++ 8706 50 D3       		dw	(-3 * 2048 + 424) * 2
0024++ 8708 FC D3       		dw	(-3 * 2048 + 510) * 2
0025++ 870A B2 D4       		dw	(-3 * 2048 + 601) * 2
0026++ 870C 74 D5       		dw	(-3 * 2048 + 698) * 2
0027++ 870E 42 D6       		dw	(-3 * 2048 + 801) * 2
0028++ 8710 1A D7       		dw	(-3 * 2048 + 909) * 2
0029++ 8712 00 E0       		dw	(-2 * 2048 + 0) * 2
0030++ 8714 7A E0       		dw	(-2 * 2048 + 61) * 2
0031++ 8716 FA E0       		dw	(-2 * 2048 + 125) * 2
0032++ 8718 84 E1       		dw	(-2 * 2048 + 194) * 2
0033++ 871A 14 E2       		dw	(-2 * 2048 + 266) * 2
0034++ 871C AE E2       		dw	(-2 * 2048 + 343) * 2
0035++ 871E 50 E3       		dw	(-2 * 2048 + 424) * 2
0036++ 8720 FC E3       		dw	(-2 * 2048 + 510) * 2
0037++ 8722 B2 E4       		dw	(-2 * 2048 + 601) * 2
0038++ 8724 74 E5       		dw	(-2 * 2048 + 698) * 2
0039++ 8726 42 E6       		dw	(-2 * 2048 + 801) * 2
0040++ 8728 1A E7       		dw	(-2 * 2048 + 909) * 2
0041++ 872A 00 F0       		dw	(-1 * 2048 + 0) * 2
0042++ 872C 7A F0       		dw	(-1 * 2048 + 61) * 2
0043++ 872E FA F0       		dw	(-1 * 2048 + 125) * 2
0044++ 8730 84 F1       		dw	(-1 * 2048 + 194) * 2
0045++ 8732 14 F2       		dw	(-1 * 2048 + 266) * 2
0046++ 8734 AE F2       		dw	(-1 * 2048 + 343) * 2
0047++ 8736 50 F3       		dw	(-1 * 2048 + 424) * 2
0048++ 8738 FC F3       		dw	(-1 * 2048 + 510) * 2
0049++ 873A B2 F4       		dw	(-1 * 2048 + 601) * 2
0050++ 873C 74 F5       		dw	(-1 * 2048 + 698) * 2
0051++ 873E 42 F6       		dw	(-1 * 2048 + 801) * 2
0052++ 8740 1A F7       		dw	(-1 * 2048 + 909) * 2
0053++ 8742 00 00       		dw	(-0 * 2048 + 0) * 2
0054++ 8744 7A 00       		dw	(-0 * 2048 + 61) * 2
0055++ 8746 FA 00       		dw	(-0 * 2048 + 125) * 2
0056++ 8748 84 01       		dw	(-0 * 2048 + 194) * 2
0057++ 874A 14 02       		dw	(-0 * 2048 + 266) * 2
0058++ 874C AE 02       		dw	(-0 * 2048 + 343) * 2
0059++ 874E 50 03       		dw	(-0 * 2048 + 424) * 2
0060++ 8750 FC 03       		dw	(-0 * 2048 + 510) * 2
0061++ 8752 B2 04       		dw	(-0 * 2048 + 601) * 2
0062++ 8754 74 05       		dw	(-0 * 2048 + 698) * 2
0063++ 8756 42 06       		dw	(-0 * 2048 + 801) * 2
0064++ 8758 1A 07       		dw	(-0 * 2048 + 909) * 2
0065++ 875A 00 10       		dw	(+1 * 2048 + 0) * 2
0066++ 875C 7A 10       		dw	(+1 * 2048 + 61) * 2
0067++ 875E FA 10       		dw	(+1 * 2048 + 125) * 2
0068++ 8760 84 11       		dw	(+1 * 2048 + 194) * 2
0069++ 8762 14 12       		dw	(+1 * 2048 + 266) * 2
0070++ 8764 AE 12       		dw	(+1 * 2048 + 343) * 2
0071++ 8766 50 13       		dw	(+1 * 2048 + 424) * 2
0072++ 8768 FC 13       		dw	(+1 * 2048 + 510) * 2
0073++ 876A B2 14       		dw	(+1 * 2048 + 601) * 2
0074++ 876C 74 15       		dw	(+1 * 2048 + 698) * 2
0075++ 876E 42 16       		dw	(+1 * 2048 + 801) * 2
0076++ 8770 1A 17       		dw	(+1 * 2048 + 909) * 2
0077++ 8772 00 20       		dw	(+2 * 2048 + 0) * 2
0078++ 8774 7A 20       		dw	(+2 * 2048 + 61) * 2
0079++ 8776 FA 20       		dw	(+2 * 2048 + 125) * 2
0080++ 8778 84 21       		dw	(+2 * 2048 + 194) * 2
0081++ 877A 14 22       		dw	(+2 * 2048 + 266) * 2
0082++ 877C AE 22       		dw	(+2 * 2048 + 343) * 2
0083++ 877E 50 23       		dw	(+2 * 2048 + 424) * 2
0084++ 8780 FC 23       		dw	(+2 * 2048 + 510) * 2
0085++ 8782 B2 24       		dw	(+2 * 2048 + 601) * 2
0086++ 8784 74 25       		dw	(+2 * 2048 + 698) * 2
0087++ 8786 42 26       		dw	(+2 * 2048 + 801) * 2
0088++ 8788 1A 27       		dw	(+2 * 2048 + 909) * 2
0089++ 878A 00 30       		dw	(+3 * 2048 + 0) * 2
0090++ 878C 7A 30       		dw	(+3 * 2048 + 61) * 2
0091++ 878E FA 30       		dw	(+3 * 2048 + 125) * 2
0092++ 8790 84 31       		dw	(+3 * 2048 + 194) * 2
0093++ 8792 14 32       		dw	(+3 * 2048 + 266) * 2
0094++ 8794 AE 32       		dw	(+3 * 2048 + 343) * 2
0095++ 8796 50 33       		dw	(+3 * 2048 + 424) * 2
0096++ 8798 FC 33       		dw	(+3 * 2048 + 510) * 2
0097++ 879A B2 34       		dw	(+3 * 2048 + 601) * 2
0098++ 879C 74 35       		dw	(+3 * 2048 + 698) * 2
0099++ 879E 42 36       		dw	(+3 * 2048 + 801) * 2
0100++ 87A0 1A 37       		dw	(+3 * 2048 + 909) * 2
0101++ 87A2             
1583+  87A2             		.include	"freq_table_2.inc"
0001++ 87A2             ;-------------------------------------------------------------------
0002++ 87A2             ; îïèñàíèå:  Òàáëèöà ÷àñòîò äëÿ Amiga
0003++ 87A2             ;---------------------------------------------------------------------
0004++ 87A2             MBPlayer_frqtab_amiga: 	
0005++ 87A2 22 B4       		dw	(-5 * 2048 + 529) * 2
0006++ 87A4 DA B4       		dw	(-5 * 2048 + 621) * 2
0007++ 87A6 A2 B5       		dw	(-5 * 2048 + 721) * 2
0008++ 87A8 6E B6       		dw	(-5 * 2048 + 823) * 2
0009++ 87AA 52 B7       		dw	(-5 * 2048 + 937) * 2
0010++ 87AC 1C C0       		dw	(-4 * 2048 + 14) * 2
0011++ 87AE 98 C0       		dw	(-4 * 2048 + 76) * 2
0012++ 87B0 1C C1       		dw	(-4 * 2048 + 142) * 2
0013++ 87B2 A6 C1       		dw	(-4 * 2048 + 211) * 2
0014++ 87B4 38 C2       		dw	(-4 * 2048 + 284) * 2
0015++ 87B6 D2 C2       		dw	(-4 * 2048 + 361) * 2
0016++ 87B8 7E C3       		dw	(-4 * 2048 + 447) * 2
0017++ 87BA             
0018++ 87BA 22 C4       		dw	(-4 * 2048 + 529) * 2
0019++ 87BC DA C4       		dw	(-4 * 2048 + 621) * 2
0020++ 87BE A2 C5       		dw	(-4 * 2048 + 721) * 2
0021++ 87C0 6E C6       		dw	(-4 * 2048 + 823) * 2
0022++ 87C2 52 C7       		dw	(-4 * 2048 + 937) * 2
0023++ 87C4 1C D0       		dw	(-3 * 2048 + 14) * 2
0024++ 87C6 98 D0       		dw	(-3 * 2048 + 76) * 2
0025++ 87C8 1C D1       		dw	(-3 * 2048 + 142) * 2
0026++ 87CA A6 D1       		dw	(-3 * 2048 + 211) * 2
0027++ 87CC 38 D2       		dw	(-3 * 2048 + 284) * 2
0028++ 87CE D2 D2       		dw	(-3 * 2048 + 361) * 2
0029++ 87D0 7E D3       		dw	(-3 * 2048 + 447) * 2
0030++ 87D2             
0031++ 87D2 22 D4       		dw	(-3 * 2048 + 529) * 2
0032++ 87D4 DA D4       		dw	(-3 * 2048 + 621) * 2
0033++ 87D6 A2 D5       		dw	(-3 * 2048 + 721) * 2
0034++ 87D8 6E D6       		dw	(-3 * 2048 + 823) * 2
0035++ 87DA 52 D7       		dw	(-3 * 2048 + 937) * 2
0036++ 87DC 1C E0       		dw	(-2 * 2048 + 14) * 2
0037++ 87DE 98 E0       		dw	(-2 * 2048 + 76) * 2
0038++ 87E0 1C E1       		dw	(-2 * 2048 + 142) * 2
0039++ 87E2 A6 E1       		dw	(-2 * 2048 + 211) * 2
0040++ 87E4 38 E2       		dw	(-2 * 2048 + 284) * 2
0041++ 87E6 D2 E2       		dw	(-2 * 2048 + 361) * 2
0042++ 87E8 7E E3       		dw	(-2 * 2048 + 447) * 2
0043++ 87EA             
0044++ 87EA 22 E4       		dw	(-2 * 2048 + 529) * 2
0045++ 87EC DA E4       		dw	(-2 * 2048 + 621) * 2
0046++ 87EE A2 E5       		dw	(-2 * 2048 + 721) * 2
0047++ 87F0 6E E6       		dw	(-2 * 2048 + 823) * 2
0048++ 87F2 52 E7       		dw	(-2 * 2048 + 937) * 2
0049++ 87F4 1C F0       		dw	(-1 * 2048 + 14) * 2
0050++ 87F6 98 F0       		dw	(-1 * 2048 + 76) * 2
0051++ 87F8 1C F1       		dw	(-1 * 2048 + 142) * 2
0052++ 87FA A6 F1       		dw	(-1 * 2048 + 211) * 2
0053++ 87FC 38 F2       		dw	(-1 * 2048 + 284) * 2
0054++ 87FE D2 F2       		dw	(-1 * 2048 + 361) * 2
0055++ 8800 7E F3       		dw	(-1 * 2048 + 447) * 2
0056++ 8802             
0057++ 8802 22 F4       		dw	(-1 * 2048 + 529) * 2
0058++ 8804 DA F4       		dw	(-1 * 2048 + 621) * 2
0059++ 8806 A2 F5       		dw	(-1 * 2048 + 721) * 2
0060++ 8808 6E F6       		dw	(-1 * 2048 + 823) * 2
0061++ 880A 52 F7       		dw	(-1 * 2048 + 937) * 2
0062++ 880C 1C 00       		dw	(-0 * 2048 + 14) * 2
0063++ 880E 98 00       		dw	(-0 * 2048 + 76) * 2
0064++ 8810 1C 01       		dw	(-0 * 2048 + 142) * 2
0065++ 8812 A6 01       		dw	(-0 * 2048 + 211) * 2
0066++ 8814 38 02       		dw	(-0 * 2048 + 284) * 2
0067++ 8816 D2 02       		dw	(-0 * 2048 + 361) * 2
0068++ 8818 7E 03       		dw	(-0 * 2048 + 447) * 2
0069++ 881A             
0070++ 881A 22 04       		dw	(-0 * 2048 + 529) * 2
0071++ 881C DA 04       		dw	(-0 * 2048 + 621) * 2
0072++ 881E A2 05       		dw	(-0 * 2048 + 721) * 2
0073++ 8820 6E 06       		dw	(-0 * 2048 + 823) * 2
0074++ 8822 52 07       		dw	(-0 * 2048 + 937) * 2
0075++ 8824 1C 10       		dw	(+1 * 2048 + 14) * 2
0076++ 8826 98 10       		dw	(+1 * 2048 + 76) * 2
0077++ 8828 1C 11       		dw	(+1 * 2048 + 142) * 2
0078++ 882A A6 11       		dw	(+1 * 2048 + 211) * 2
0079++ 882C 38 12       		dw	(+1 * 2048 + 284) * 2
0080++ 882E D2 12       		dw	(+1 * 2048 + 361) * 2
0081++ 8830 7E 13       		dw	(+1 * 2048 + 447) * 2
0082++ 8832             
0083++ 8832 22 14       		dw	(+1 * 2048 + 529) * 2
0084++ 8834 DA 14       		dw	(+1 * 2048 + 621) * 2
0085++ 8836 A2 15       		dw	(+1 * 2048 + 721) * 2
0086++ 8838 6E 16       		dw	(+1 * 2048 + 823) * 2
0087++ 883A 52 17       		dw	(+1 * 2048 + 937) * 2
0088++ 883C 1C 20       		dw	(+2 * 2048 + 14) * 2
0089++ 883E 98 20       		dw	(+2 * 2048 + 76) * 2
0090++ 8840 1C 21       		dw	(+2 * 2048 + 142) * 2
0091++ 8842 A6 21       		dw	(+2 * 2048 + 211) * 2
0092++ 8844 38 22       		dw	(+2 * 2048 + 284) * 2
0093++ 8846 D2 22       		dw	(+2 * 2048 + 361) * 2
0094++ 8848 7E 23       		dw	(+2 * 2048 + 447) * 2
0095++ 884A             
0096++ 884A 22 24       		dw	(+2 * 2048 + 529) * 2
0097++ 884C DA 24       		dw	(+2 * 2048 + 621) * 2
0098++ 884E A2 25       		dw	(+2 * 2048 + 721) * 2
0099++ 8850 6E 26       		dw	(+2 * 2048 + 823) * 2
0100++ 8852 52 27       		dw	(+2 * 2048 + 937) * 2
0101++ 8854 1C 30       		dw	(+3 * 2048 + 14) * 2
0102++ 8856 98 30       		dw	(+3 * 2048 + 76) * 2
0103++ 8858 1C 31       		dw	(+3 * 2048 + 142) * 2
0104++ 885A A6 31       		dw	(+3 * 2048 + 211) * 2
0105++ 885C 38 32       		dw	(+3 * 2048 + 284) * 2
0106++ 885E D2 32       		dw	(+3 * 2048 + 361) * 2
0107++ 8860 7E 33       		dw	(+3 * 2048 + 447) * 2
0108++ 8862             
1584+  8862             		.include	"freq_table_3.inc"
0001++ 8862             ;-------------------------------------------------------------------
0002++ 8862             ; îïèñàíèå:  Òàáëèöà ÷àñòîò äëÿ Turbo-R
0003++ 8862             ;---------------------------------------------------------------------
0004++ 8862             MBPlayer_frqtab_turbo: 
0005++ 8862 6E B3       		dw	(-5 * 2048 + 439) * 2
0006++ 8864 1C B4       		dw	(-5 * 2048 + 526) * 2
0007++ 8866 D4 B4       		dw	(-5 * 2048 + 618) * 2
0008++ 8868 98 B5       		dw	(-5 * 2048 + 716) * 2
0009++ 886A 66 B6       		dw	(-5 * 2048 + 819) * 2
0010++ 886C 42 B7       		dw	(-5 * 2048 + 929) * 2
0011++ 886E 14 C0       		dw	(-4 * 2048 + 10) * 2
0012++ 8870 90 C0       		dw	(-4 * 2048 + 72) * 2
0013++ 8872 12 C1       		dw	(-4 * 2048 + 137) * 2
0014++ 8874 9C C1       		dw	(-4 * 2048 + 206) * 2
0015++ 8876 2E C2       		dw	(-4 * 2048 + 279) * 2
0016++ 8878 CA C2       		dw	(-4 * 2048 + 357) * 2
0017++ 887A             
0018++ 887A 6E C3       		dw	(-4 * 2048 + 439) * 2
0019++ 887C 1C C4       		dw	(-4 * 2048 + 526) * 2
0020++ 887E D4 C4       		dw	(-4 * 2048 + 618) * 2
0021++ 8880 98 C5       		dw	(-4 * 2048 + 716) * 2
0022++ 8882 66 C6       		dw	(-4 * 2048 + 819) * 2
0023++ 8884 42 C7       		dw	(-4 * 2048 + 929) * 2
0024++ 8886 14 D0       		dw	(-3 * 2048 + 10) * 2
0025++ 8888 90 D0       		dw	(-3 * 2048 + 72) * 2
0026++ 888A 12 D1       		dw	(-3 * 2048 + 137) * 2
0027++ 888C 9C D1       		dw	(-3 * 2048 + 206) * 2
0028++ 888E 2E D2       		dw	(-3 * 2048 + 279) * 2
0029++ 8890 CA D2       		dw	(-3 * 2048 + 357) * 2
0030++ 8892             
0031++ 8892 6E D3       		dw	(-3 * 2048 + 439) * 2
0032++ 8894 1C D4       		dw	(-3 * 2048 + 526) * 2
0033++ 8896 D4 D4       		dw	(-3 * 2048 + 618) * 2
0034++ 8898 98 D5       		dw	(-3 * 2048 + 716) * 2
0035++ 889A 66 D6       		dw	(-3 * 2048 + 819) * 2
0036++ 889C 42 D7       		dw	(-3 * 2048 + 929) * 2
0037++ 889E 14 E0       		dw	(-2 * 2048 + 10) * 2
0038++ 88A0 90 E0       		dw	(-2 * 2048 + 72) * 2
0039++ 88A2 12 E1       		dw	(-2 * 2048 + 137) * 2
0040++ 88A4 9C E1       		dw	(-2 * 2048 + 206) * 2
0041++ 88A6 2E E2       		dw	(-2 * 2048 + 279) * 2
0042++ 88A8 CA E2       		dw	(-2 * 2048 + 357) * 2
0043++ 88AA             
0044++ 88AA 6E E3       		dw	(-2 * 2048 + 439) * 2
0045++ 88AC 1C E4       		dw	(-2 * 2048 + 526) * 2
0046++ 88AE D4 E4       		dw	(-2 * 2048 + 618) * 2
0047++ 88B0 98 E5       		dw	(-2 * 2048 + 716) * 2
0048++ 88B2 66 E6       		dw	(-2 * 2048 + 819) * 2
0049++ 88B4 42 E7       		dw	(-2 * 2048 + 929) * 2
0050++ 88B6 14 F0       		dw	(-1 * 2048 + 10) * 2
0051++ 88B8 90 F0       		dw	(-1 * 2048 + 72) * 2
0052++ 88BA 12 F1       		dw	(-1 * 2048 + 137) * 2
0053++ 88BC 9C F1       		dw	(-1 * 2048 + 206) * 2
0054++ 88BE 2E F2       		dw	(-1 * 2048 + 279) * 2
0055++ 88C0 CA F2       		dw	(-1 * 2048 + 357) * 2
0056++ 88C2             
0057++ 88C2 6E F3       		dw	(-1 * 2048 + 439) * 2
0058++ 88C4 1C F4       		dw	(-1 * 2048 + 526) * 2
0059++ 88C6 D4 F4       		dw	(-1 * 2048 + 618) * 2
0060++ 88C8 98 F5       		dw	(-1 * 2048 + 716) * 2
0061++ 88CA 66 F6       		dw	(-1 * 2048 + 819) * 2
0062++ 88CC 42 F7       		dw	(-1 * 2048 + 929) * 2
0063++ 88CE 14 00       		dw	(-0 * 2048 + 10) * 2
0064++ 88D0 90 00       		dw	(-0 * 2048 + 72) * 2
0065++ 88D2 12 01       		dw	(-0 * 2048 + 137) * 2
0066++ 88D4 9C 01       		dw	(-0 * 2048 + 206) * 2
0067++ 88D6 2E 02       		dw	(-0 * 2048 + 279) * 2
0068++ 88D8 CA 02       		dw	(-0 * 2048 + 357) * 2
0069++ 88DA             
0070++ 88DA 6E 03       		dw	(-0 * 2048 + 439) * 2
0071++ 88DC 1C 04       		dw	(-0 * 2048 + 526) * 2
0072++ 88DE D4 04       		dw	(-0 * 2048 + 618) * 2
0073++ 88E0 98 05       		dw	(-0 * 2048 + 716) * 2
0074++ 88E2 66 06       		dw	(-0 * 2048 + 819) * 2
0075++ 88E4 42 07       		dw	(-0 * 2048 + 929) * 2
0076++ 88E6 14 10       		dw	(+1 * 2048 + 10) * 2
0077++ 88E8 90 10       		dw	(+1 * 2048 + 72) * 2
0078++ 88EA 12 11       		dw	(+1 * 2048 + 137) * 2
0079++ 88EC 9C 11       		dw	(+1 * 2048 + 206) * 2
0080++ 88EE 2E 12       		dw	(+1 * 2048 + 279) * 2
0081++ 88F0 CA 12       		dw	(+1 * 2048 + 357) * 2
0082++ 88F2             
0083++ 88F2 6E 13       		dw	(+1 * 2048 + 439) * 2
0084++ 88F4 1C 14       		dw	(+1 * 2048 + 526) * 2
0085++ 88F6 D4 14       		dw	(+1 * 2048 + 618) * 2
0086++ 88F8 98 15       		dw	(+1 * 2048 + 716) * 2
0087++ 88FA 66 16       		dw	(+1 * 2048 + 819) * 2
0088++ 88FC 42 17       		dw	(+1 * 2048 + 929) * 2
0089++ 88FE 14 20       		dw	(+2 * 2048 + 10) * 2
0090++ 8900 90 20       		dw	(+2 * 2048 + 72) * 2
0091++ 8902 12 21       		dw	(+2 * 2048 + 137) * 2
0092++ 8904 9C 21       		dw	(+2 * 2048 + 206) * 2
0093++ 8906 2E 22       		dw	(+2 * 2048 + 279) * 2
0094++ 8908 CA 22       		dw	(+2 * 2048 + 357) * 2
0095++ 890A             
0096++ 890A 6E 23       		dw	236Eh
0097++ 890C 1C 24       		dw  	241Ch ;  
0098++ 890E D4 24       		dw 	24D4h
0099++ 8910 98 25       		dw  	2598h
0100++ 8912 66 26       		dw  	2666h
0101++ 8914 42 27       		dw  	2742h
0102++ 8916 14 30       		dw  	3014h ;  
0103++ 8918 90 30       		dw  	3090h
0104++ 891A 12 31       		dw  	3112h
0105++ 891C 9C 31       		dw  	319Ch
0106++ 891E 2E 32       		dw  	322Eh ; .
0107++ 8920 CA 32       		dw 	32CAh
0108++ 8922             
0109++ 8922             
1585+  8922             
1586+  8922             MBPlayer_waves: 
1587+  8922 00          		ds    1200
1588+  8DD2             MBPlayer_tones_data: 	
1589+  8DD2 00          		ds    64 
1590+  8E12             
1591+  8E12             		.include "patch_table.inc"
0001++ 8E12             ;-------------------------------------------------------------------
0002++ 8E12             ; îïèñàíèå:  Patch table
0003++ 8E12             ;---------------------------------------------------------------------
0004++ 8E12             MBPlayer_patch_table: 	
0005++ 8E12 72 8F       		dw	patch_0
0006++ 8E14 A9 8F       		dw	patch_1
0007++ 8E16 DE 8F 17 90 		dw	patch_2A, patch_2B
0008++ 8E1A 72 8F       		dw	patch_0
0009++ 8E1C 21 90       		dw	patch_3B
0010++ 8E1E 56 90       		dw	patch_4
0011++ 8E20 62 90 99 90 		dw	patch_5A, patch_5B
0012++ 8E24 CE 90       		dw	patch_6
0013++ 8E26 EA 90       		dw	patch_7
0014++ 8E28 FB 90       		dw	patch_8
0015++ 8E2A 07 91       		dw	patch_9
0016++ 8E2C 0F 91 1B 91 		dw	patch_10A, patch_10B
0017++ 8E30 27 91       		dw	patch_11
0018++ 8E32 2F 91       		dw	patch_12
0019++ 8E34 3E 91       		dw	patch_13
0020++ 8E36 46 91       		dw	patch_14
0021++ 8E38 52 91 5C 91 		dw	patch_15A, patch_15B
0022++ 8E3C 66 91       		dw	patch_16
0023++ 8E3E 70 91       		dw	patch_17
0024++ 8E40 7F 91       		dw	patch_18
0025++ 8E42 9D 91       		dw	patch_19
0026++ 8E44 BB 91       		dw	patch_20
0027++ 8E46 CC 91 DD 91 		dw	patch_21A, patch_21B
0028++ 8E4A E7 91       		dw	patch_22
0029++ 8E4C F3 91 02 92 		dw	patch_23A, patch_23B
0030++ 8E50 10 92       		dw	patch_24
0031++ 8E52 30 92       		dw	patch_25
0032++ 8E54 4F 92       		dw	patch_26
0033++ 8E56 61 92       		dw	patch_27
0034++ 8E58 8E 92       		dw	patch_28
0035++ 8E5A 96 92       		dw	patch_29
0036++ 8E5C A3 92       		dw	patch_30
0037++ 8E5E D5 92       		dw	patch_31
0038++ 8E60 E7 92       		dw	patch_32
0039++ 8E62 F6 92       		dw	patch_33
0040++ 8E64 0D 93       		dw	patch_34
0041++ 8E66 29 93       		dw	patch_35
0042++ 8E68 39 93       		dw	patch_36
0043++ 8E6A 43 93       		dw	patch_37
0044++ 8E6C 4F 93       		dw	patch_38
0045++ 8E6E 59 93       		dw	patch_39
0046++ 8E70 61 93       		dw	patch_40
0047++ 8E72 98 93       		dw	patch_41
0048++ 8E74 DB 93       		dw	patch_42
0049++ 8E76 FB 93       		dw	patch_43
0050++ 8E78 0C 94       		dw	patch_44
0051++ 8E7A 2C 94       		dw	patch_45
0052++ 8E7C 48 94       		dw	patch_46
0053++ 8E7E 59 94       		dw	patch_47
0054++ 8E80 61 94       		dw	patch_48
0055++ 8E82 7D 94       		dw	patch_49
0056++ 8E84 9B 94 AB 94 		dw	patch_50A, patch_50B
0057++ 8E88 B9 94 C9 94 		dw	patch_51A, patch_51B
0058++ 8E8C D1 94       		dw	patch_52
0059++ 8E8E EA 94       		dw	patch_53
0060++ 8E90 FA 94       		dw	patch_54
0061++ 8E92 0A 95       		dw	patch_55
0062++ 8E94 14 95       		dw	patch_56
0063++ 8E96 37 95       		dw	patch_57
0064++ 8E98 4B 95       		dw	patch_58
0065++ 8E9A 58 95       		dw	patch_59
0066++ 8E9C 69 95       		dw	patch_60
0067++ 8E9E 78 95       		dw	patch_61
0068++ 8EA0 85 95 C6 95 		dw	patch_62A, patch_62B
0069++ 8EA4 0B 96 4C 96 		dw	patch_63A, patch_63B
0070++ 8EA8 56 96       		dw	patch_64
0071++ 8EAA 77 96       		dw	patch_65
0072++ 8EAC BF 96       		dw	patch_66
0073++ 8EAE E5 96       		dw	patch_67
0074++ 8EB0 FC 96       		dw	patch_68
0075++ 8EB2 1F 97       		dw	patch_69
0076++ 8EB4 33 97       		dw	patch_70
0077++ 8EB6 45 97       		dw	patch_71
0078++ 8EB8 5E 97       		dw	patch_72
0079++ 8EBA 7E 97       		dw	patch_73
0080++ 8EBC 90 97       		dw	patch_74
0081++ 8EBE 9C 97       		dw	patch_75
0082++ 8EC0 A8 97 B4 97 		dw	patch_76A,patch_76B
0083++ 8EC4 BE 97 C6 97 		dw	patch_77A,patch_77B
0084++ 8EC8 D2 97       		dw	patch_78
0085++ 8ECA EA 97 0F 98 		dw	patch_80A, patch_80B
0086++ 8ECE 34 98 7B 98 		dw	patch_81A, patch_81B
0087++ 8ED2 BA 98 C6 98 		dw	patch_82A, patch_82B
0088++ 8ED6 D4 98 E0 98 		dw	patch_83A, patch_83B
0089++ 8EDA E8 98 F7 98 		dw	patch_84A, patch_84B
0090++ 8EDE 3E 99 48 99 		dw	patch_85A, patch_85B
0091++ 8EE2 56 99 99 99 		dw	patch_86A, patch_86B
0092++ 8EE6 A9 99 F7 98 		dw	patch_87A, patch_84B
0093++ 8EEA B1 99 BB 99 		dw	patch_88A, patch_88B
0094++ 8EEE CD 99 D9 99 		dw	patch_89A, patch_89B
0095++ 8EF2 E1 99 2A 9A 		dw	patch_90A, patch_90B
0096++ 8EF6 36 9A 51 9A 		dw	patch_91A, patch_91B
0097++ 8EFA 5F 9A 6D 9A 		dw	patch_92A, patch_92B
0098++ 8EFE 7B 9A 98 9A 		dw	patch_93A, patch_93B
0099++ 8F02 A4 9A AC 9A 		dw	patch_94A, patch_94B
0100++ 8F06 B4 9A F9 9A 		dw	patch_95A, patch_95B
0101++ 8F0A DE 97       		dw	patch_79
0102++ 8F0C 3E 9B       		dw	patch_96
0103++ 8F0E 46 9B 52 9B 		dw	patch_97A, patch_97B
0104++ 8F12 64 9B 6E 9B 		dw	patch_98A, patch_98B
0105++ 8F16 86 9B 98 9B 		dw	patch_99A, patch_99B
0106++ 8F1A BA 9B C2 9B 		dw	patch_100A, patch_100B
0107++ 8F1E CE 9B DE 9B 		dw	patch_102A, patch_102B
0108++ 8F22 EE 9B 0D 9C 		dw	patch_103A, patch_103B
0109++ 8F26 15 9C       		dw	patch_104
0110++ 8F28 27 9C       		dw	patch_105
0111++ 8F2A 48 9C       		dw	patch_106
0112++ 8F2C 50 9C       		dw	patch_107
0113++ 8F2E 60 9C 6F 9C 		dw	patch_109A,patch_109B
0114++ 8F32 58 9C       		dw	patch_108
0115++ 8F34 7E 9C       		dw	patch_110
0116++ 8F36 B3 9C       		dw	patch_111
0117++ 8F38 BF 9C CB 9C 		dw	patch_112A,patch_112B
0118++ 8F3C D3 9C       		dw	patch_113
0119++ 8F3E DB 9C E7 9C 		dw	patch_114A,patch_114B
0120++ 8F42 F7 9C       		dw	patch_115
0121++ 8F44 01 9D       		dw	patch_116
0122++ 8F46 09 9D       		dw	patch_117
0123++ 8F48 15 9D       		dw	patch_118
0124++ 8F4A 1D 9D       		dw	patch_119
0125++ 8F4C 29 9D       		dw	patch_120
0126++ 8F4E 31 9D       		dw	patch_121
0127++ 8F50 39 9D 45 9D 		dw	patch_122A,patch_122B
0128++ 8F54 57 9D       		dw	patch_124
0129++ 8F56 64 9D 70 9D 		dw	patch_125A,patch_125B
0130++ 8F5A 7E 9D 8A 9D 		dw	patch_126A,patch_126B
0131++ 8F5E 96 9D       		dw	patch_127
0132++ 8F60 A7 9D       		dw	drum_1
0133++ 8F62 BC 9D       		dw	drum_2
0134++ 8F64 D1 9D       		dw	drum_3
0135++ 8F66 E1 9D       		dw	drum_4
0136++ 8F68 E9 9D       		dw	drum_5
0137++ 8F6A F1 9D       		dw	drum_6
0138++ 8F6C F9 9D       		dw	drum_7
0139++ 8F6E 01 9E       		dw	drum_8
0140++ 8F70 57 9E       		dw	drum_midi
0141++ 8F72                    	
0142++ 8F72             
0143++ 8F72             ;--- GM 0 = Ac. Piano ---
0144++ 8F72             
0145++ 8F72             patch_0: 	
0146++ 8F72 01          		db	1	; transpose on
0147++ 8F73 A7 8F       		dw	patch_0hdr
0148++ 8F75 10 2C 49    		db	16,02ch,1 + 36 * 2	; tone 300
0149++ 8F78 4E AF       		dw	frq_842
0150++ 8F7A 16 2D 69    		db	22,02dh,1 + 52 * 2	; tone 301
0151++ 8F7D E6 A7       		dw	frq_363
0152++ 8F7F 1C 2E 5D    		db	28,02eh,1 + 46 * 2	; tone 302
0153++ 8F82 2E AE       		dw	frq_810
0154++ 8F84 22 2F 69    		db	34,02fh,1 + 52 * 2	; tone 303
0155++ 8F87 5E A8       		dw	frq_369
0156++ 8F89 28 30 5D    		db	40,030h,1 + 46 * 2	; tone 304
0157++ 8F8C 86 AD       		dw	frq_726
0158++ 8F8E 2E 31 69    		db	46,031h,1 + 52 * 2	; tone 305
0159++ 8F91 A6 A5       		dw	frq_290
0160++ 8F93 34 32 75    		db	52,032h,1 + 58 * 2	; tone 306
0161++ 8F96 06 A0       		dw	frq_21
0162++ 8F98 3B 33 69    		db	59,033h,1 + 52 * 2	; tone 307
0163++ 8F9B 5E A5       		dw	frq_286
0164++ 8F9D 41 34 5F    		db	65,034h,1 + 47 * 2	; tone 308
0165++ 8FA0 46 B1       		dw	frq_941
0166++ 8FA2 FF 35 83    		db	255,035h,1 + 65 * 2	; tone 309
0167++ 8FA5 06 A3       		dw	frq_191
0168++ 8FA7                    	
0169++ 8FA7             patch_0hdr: 
0170++ 8FA7 20 FF       		db	020h,0ffh
0171++ 8FA9             
0172++ 8FA9             
0173++ 8FA9             ;--- GM 1 = Bright Acoustic Piano ---
0174++ 8FA9             
0175++ 8FA9             patch_1: 
0176++ 8FA9 01          		db	1	; transpose on
0177++ 8FAA A7 8F       		dw	patch_0hdr	
0178++ 8FAC 16 2C 49    		db	22,02ch,1 + 36 * 2	; tone 300
0179++ 8FAF 4E AF       		dw	frq_842
0180++ 8FB1 1C 2D 75    		db	28,02dh,1 + 58 * 2	; tone 301
0181++ 8FB4 E6 A7       		dw	frq_363
0182++ 8FB6 22 2E 69    		db	34,02eh,1 + 52 * 2	; tone 302
0183++ 8FB9 16 AE       		dw	frq_809
0184++ 8FBB 28 2F 75    		db	40,02fh,1 + 58 * 2	; tone 303
0185++ 8FBE 5E A8       		dw	frq_369
0186++ 8FC0 2E 30 69    		db	46,030h,1 + 52 * 2	; tone 304
0187++ 8FC3 86 AD       		dw	frq_726
0188++ 8FC5 34 31 75    		db	52,031h,1 + 58 * 2	; tone 305
0189++ 8FC8 A6 A5       		dw	frq_290
0190++ 8FCA 3B 32 81    		db	59,032h,1 + 64 * 2	; tone 306
0191++ 8FCD 06 A0       		dw	frq_21
0192++ 8FCF 41 33 77    		db	65,033h,1 + 59 * 2	; tone 307
0193++ 8FD2 5E A5       		dw	frq_286
0194++ 8FD4 47 34 6B    		db	71,034h,1 + 53 * 2	; tone 308
0195++ 8FD7 46 B1       		dw	frq_941
0196++ 8FD9 FF 35 8F    		db	255,035h,1 + 71 * 2	; tone 309
0197++ 8FDC 06 A3       		dw	frq_191
0198++ 8FDE             
0199++ 8FDE             
0200++ 8FDE             ;--- GM 2 = Elec. Grand Piano ---
0201++ 8FDE             ; A = v104
0202++ 8FDE             ; B = v98
0203++ 8FDE             
0204++ 8FDE             patch_2A: 
0205++ 8FDE 01          		db	1	; transpose on
0206++ 8FDF 13 90       		dw	patch_2Ahdr
0207++ 8FE1 16 2C 49    		db	22,02ch,1 + 36 * 2	; tone 300
0208++ 8FE4 7E AF       		dw	frq_844
0209++ 8FE6 1C 2D 75    		db	28,02dh,1 + 58 * 2	; tone 301
0210++ 8FE9 FE A7       		dw	frq_364
0211++ 8FEB 22 2E 69    		db	34,02eh,1 + 52 * 2	; tone 302
0212++ 8FEE 46 AE       		dw	frq_811
0213++ 8FF0 28 2F 75    		db	40,02fh,1 + 58 * 2	; tone 303
0214++ 8FF3 76 A8       		dw	frq_370
0215++ 8FF5 2E 30 69    		db	46,030h,1 + 52 * 2	; tone 304
0216++ 8FF8 9E AD       		dw	frq_727
0217++ 8FFA 34 31 75    		db	52,031h,1 + 58 * 2	; tone 305
0218++ 8FFD BE A5       		dw	frq_291
0219++ 8FFF 3B 32 81    		db	59,032h,1 + 64 * 2	; tone 306
0220++ 9002 1E A0       		dw	frq_22
0221++ 9004 41 33 77    		db	65,033h,1 + 59 * 2	; tone 307
0222++ 9007 76 A5       		dw	frq_287
0223++ 9009 47 34 6B    		db	71,034h,1 + 53 * 2	; tone 308
0224++ 900C 5E B1       		dw	frq_942
0225++ 900E FF 35 8F    		db	255,035h,1 + 71 * 2	; tone 309
0226++ 9011 1E A3       		dw	frq_192
0227++ 9013                    	
0228++ 9013             patch_2Ahdr: 
0229++ 9013 20 C8 07 FF 		db	020h,0c8h,007h,0ffh
0230++ 9017             
0231++ 9017             patch_2B: 	
0232++ 9017 01          		db	1	; transpose on
0233++ 9018 1F 90       		dw	patch_2Bhdr
0234++ 901A FF 6C 48    		db	255,108,36 * 2
0235++ 901D FE A1       		dw	frq_113
0236++ 901F                    	
0237++ 901F             patch_2Bhdr: 	
0238++ 901F 28 FF       		db	028h,0ffh
0239++ 9021             
0240++ 9021             
0241++ 9021             ;--- GM 3 = Honky Tonk, met patch#0 ---
0242++ 9021             ; gelijk volume
0243++ 9021             
0244++ 9021             patch_3B: 	
0245++ 9021 01          		db	1	; transpose on
0246++ 9022 A7 8F       		dw	patch_0hdr	
0247++ 9024 10 2C 49    		db	16,02ch,1 + 36 * 2	; tone 300
0248++ 9027 AE AF       		dw	frq_852
0249++ 9029 16 2D 69    		db	22,02dh,1 + 52 * 2	; tone 301
0250++ 902C 56 A7       		dw	frq_355
0251++ 902E 1C 2E 5D    		db	28,02eh,1 + 46 * 2	; tone 302
0252++ 9031 76 AE       		dw	frq_820
0253++ 9033 22 2F 69    		db	34,02fh,1 + 52 * 2	; tone 303
0254++ 9036 B6 A7       		dw	frq_360
0255++ 9038 28 30 5D    		db	40,030h,1 + 46 * 2	; tone 304
0256++ 903B CE AD       		dw	frq_737
0257++ 903D 2E 31 69    		db	46,031h,1 + 52 * 2	; tone 305
0258++ 9040 46 A5       		dw	frq_282
0259++ 9042 34 32 75    		db	52,032h,1 + 58 * 2	; tone 306
0260++ 9045 66 A0       		dw	frq_27
0261++ 9047 3B 33 69    		db	59,033h,1 + 52 * 2	; tone 307
0262++ 904A 46 A5       		dw	frq_282
0263++ 904C 41 34 5F    		db	65,034h,1 + 47 * 2	; tone 308
0264++ 904F D6 B1       		dw	frq_952
0265++ 9051 FF 35 83    		db	255,035h,1 + 65 * 2	; tone 309
0266++ 9054 BE A2       		dw	frq_184
0267++ 9056                    	
0268++ 9056             ;--- GM 4 = Elec. Piano 1 (+ 2B?) ---
0269++ 9056             ; Eigenlijk samen met tone 11, maar slaat nergens op
0270++ 9056             
0271++ 9056             patch_4: 
0272++ 9056 01          		db	1	; transpose on
0273++ 9057 5E 90       		dw	patch_4hdr
0274++ 9059 FF 6C 48    		db	255,108,36 * 2
0275++ 905C FE A1       		dw	frq_113
0276++ 905E                    	
0277++ 905E             patch_4hdr: 
0278++ 905E 22 C8 48 FF 		db	022h,0c8h,048h,0ffh
0279++ 9062                    	
0280++ 9062             
0281++ 9062             ;--- GM 5 = Elec. Piano 2 ---
0282++ 9062             ; volumes gelijk
0283++ 9062             
0284++ 9062             patch_5A: 	
0285++ 9062 01          		db	1	; transpose on
0286++ 9063 97 90       		dw	patch_5Ahdr
0287++ 9065 10 2C 49    		db	16,02ch,1 + 36 * 2	; tone 300
0288++ 9068 7E AF       		dw	frq_844
0289++ 906A 16 2D 69    		db	22,02dh,1 + 52 * 2	; tone 301
0290++ 906D FE A7       		dw	frq_364
0291++ 906F 1C 2E 5D    		db	28,02eh,1 + 46 * 2	; tone 302
0292++ 9072 46 AE       		dw	frq_811
0293++ 9074 22 2F 69    		db	34,02fh,1 + 52 * 2	; tone 303
0294++ 9077 76 A8       		dw	frq_370
0295++ 9079 28 30 5D    		db	40,030h,1 + 46 * 2	; tone 304
0296++ 907C 9E AD       		dw	frq_727
0297++ 907E 2E 31 69    		db	46,031h,1 + 52 * 2	; tone 305
0298++ 9081 BE A5       		dw	frq_291
0299++ 9083 34 32 75    		db	52,032h,1 + 58 * 2	; tone 306
0300++ 9086 1E A0       		dw	frq_22
0301++ 9088 3B 33 69    		db	59,033h,1 + 52 * 2	; tone 307
0302++ 908B 76 A5       		dw	frq_287
0303++ 908D 41 34 5F    		db	65,034h,1 + 47 * 2	; tone 308
0304++ 9090 5E B1       		dw	frq_942
0305++ 9092 FF 35 83    		db	255,035h,1 + 65 * 2	; tone 309
0306++ 9095 1E A3       		dw	frq_192
0307++ 9097             
0308++ 9097             patch_5Ahdr: 	
0309++ 9097 1B FF       		db	01bh,0ffh
0310++ 9099             
0311++ 9099             patch_5B: 	
0312++ 9099 01          		db	1	; transpose on
0313++ 909A 97 90       		dw	patch_5Ahdr
0314++ 909C 16 2C 49    		db	22,02ch,1 + 36 * 2	; tone 300
0315++ 909F 4E AF       		dw	frq_842
0316++ 90A1 1C 2D 75    		db	28,02dh,1 + 58 * 2	; tone 301
0317++ 90A4 E6 A7       		dw	frq_363
0318++ 90A6 22 2E 69    		db	34,02eh,1 + 52 * 2	; tone 302
0319++ 90A9 16 AE       		dw	frq_809
0320++ 90AB 28 2F 75    		db	40,02fh,1 + 58 * 2	; tone 303
0321++ 90AE 5E A8       		dw	frq_369
0322++ 90B0 2E 30 69    		db	46,030h,1 + 52 * 2	; tone 304
0323++ 90B3 86 AD       		dw	frq_726
0324++ 90B5 34 31 75    		db	52,031h,1 + 58 * 2	; tone 305
0325++ 90B8 A6 A5       		dw	frq_290
0326++ 90BA 3B 32 81    		db	59,032h,1 + 64 * 2	; tone 306
0327++ 90BD 06 A0       		dw	frq_21
0328++ 90BF 41 33 77    		db	65,033h,1 + 59 * 2	; tone 307
0329++ 90C2 5E A5       		dw	frq_286
0330++ 90C4 47 34 6B    		db	71,034h,1 + 53 * 2	; tone 308
0331++ 90C7 46 B1       		dw	frq_941
0332++ 90C9 FF 35 8F    		db	255,035h,1 + 71 * 2	; tone 309
0333++ 90CC 06 A3       		dw	frq_191
0334++ 90CE             
0335++ 90CE             
0336++ 90CE             ;--- GM 6 = Harpsichord ---
0337++ 90CE             
0338++ 90CE             patch_6: 	
0339++ 90CE 01          		db	1	; transpose on
0340++ 90CF A7 8F       		dw	patch_0hdr
0341++ 90D1 22 80 30    		db	34,128,24 * 2
0342++ 90D4 8E A5       		dw	frq_288
0343++ 90D6 28 81 5C    		db	40,129,46 * 2
0344++ 90D9 96 AF       		dw	frq_847
0345++ 90DB 2E 82 68    		db	46,130,52 * 2
0346++ 90DE 8E A5       		dw	frq_288
0347++ 90E0 36 83 5C    		db	54,131,46 * 2
0348++ 90E3 A6 AE       		dw	frq_823
0349++ 90E5 FF 84 54    		db	255,132,42 * 2
0350++ 90E8 A6 AE       		dw	frq_823
0351++ 90EA             
0352++ 90EA             
0353++ 90EA             ;--- GM 7 = Clavi ---
0354++ 90EA             
0355++ 90EA             patch_7: 	
0356++ 90EA 01          		db	1	; transpose on
0357++ 90EB F7 90       		dw	patch_7hdr
0358++ 90ED 3A 27 30    		db	58,39,24 * 2
0359++ 90F0 66 A3       		dw	frq_203
0360++ 90F2 FF 28 8C    		db	255,40,70 * 2	; was andere header!
0361++ 90F5 F6 A3       		dw	frq_215
0362++ 90F7             patch_7hdr: 	
0363++ 90F7 28 C8 2B FF 		db	028h,0c8h,02bh,0ffh
0364++ 90FB             
0365++ 90FB             
0366++ 90FB             ;--- GM 8 = Celesta ---
0367++ 90FB             
0368++ 90FB             patch_8: 	
0369++ 90FB 01          		db	1	; transpose on
0370++ 90FC 03 91       		dw	patch_8hdr
0371++ 90FE FF 2B 18    		db	255,43,12 * 2
0372++ 9101 9E A1       		dw	frq_94
0373++ 9103             patch_8hdr: 	
0374++ 9103 20 E0 03 FF 		db	020h,0e0h,3,0ffh
0375++ 9107             
0376++ 9107             
0377++ 9107             ;--- GM 9 = Glockenspiel ---
0378++ 9107             
0379++ 9107             patch_9: 	
0380++ 9107 01          		db	1	; transpose on
0381++ 9108 1F 90       		dw	patch_2Bhdr
0382++ 910A FF F3 00    		db	255,243,0 * 2
0383++ 910D 46 A2       		dw	frq_141
0384++ 910F             
0385++ 910F             ;--- GM 10 = Music Box ---
0386++ 910F             
0387++ 910F             patch_10A: 	
0388++ 910F 01          		db	1	; transpose on
0389++ 9110 17 91       		dw	patch_10Ahdr
0390++ 9112 FF F3 18    		db	255,243,12 * 2
0391++ 9115 5E A2       		dw	frq_143
0392++ 9117             patch_10Ahdr: 	
0393++ 9117 20 98 A6 FF 		db	020h,098h,0a6h,0ffh
0394++ 911B             
0395++ 911B             patch_10B: 	
0396++ 911B 01          		db	1	; transpose on
0397++ 911C 23 91       		dw	patch_10Bhdr
0398++ 911E FF 01 31    		db	255,1,1 + 24 * 2	; tone 257
0399++ 9121 0E A1       		dw	frq_79
0400++ 9123             patch_10Bhdr: 	
0401++ 9123 20 98 D4 FF 		db	020h,098h,0d4h,0ffh
0402++ 9127             
0403++ 9127             
0404++ 9127             ;--- GM 11 = Vibraphone ---
0405++ 9127             
0406++ 9127             patch_11: 	
0407++ 9127 01          		db	1	; transpose on
0408++ 9128 1F 90       		dw	patch_2Bhdr
0409++ 912A FF 01 31    		db	255,1,1 + 24 * 2	; tone 257
0410++ 912D 26 A1       		dw	frq_82
0411++ 912F             
0412++ 912F             ;--- GM 12 = Marimba ---
0413++ 912F             
0414++ 912F             patch_12: 	
0415++ 912F 01          		db	1	; transpose on
0416++ 9130 3C 91       		dw	patch_12hdr
0417++ 9132 28 F4 30    		db	40,244, 24 * 2
0418++ 9135 26 A1       		dw	frq_82
0419++ 9137 FF F5 68    		db	255,245, 52 * 2	; was andere header!
0420++ 913A AE A0       		dw	frq_69
0421++ 913C             patch_12hdr: 	
0422++ 913C 38 FF       		db	038h,0ffh
0423++ 913E             
0424++ 913E             ;--- GM 13 = Xylophone ---
0425++ 913E             
0426++ 913E             patch_13: 	
0427++ 913E 01          		db	1	; transpose on
0428++ 913F 3C 91       		dw	patch_12hdr
0429++ 9141 FF 36 01    		db	255,36h, 1 + 0 * 2	; tone 310
0430++ 9144 9E A1       		dw	frq_94
0431++ 9146             
0432++ 9146             
0433++ 9146             ;--- GM 14 = Tubular Bells ---
0434++ 9146             
0435++ 9146             patch_14: 	
0436++ 9146 01          		db	1	; transpose on
0437++ 9147 4E 91       		dw	patch_14hdr
0438++ 9149 FF FF 18    		db	255,255, 12 * 2
0439++ 914C B6 AA       		dw	frq_532
0440++ 914E             patch_14hdr: 	
0441++ 914E 21 E0 01 FF 		db	021h,0e0h,1,0ffh
0442++ 9152             
0443++ 9152             ;--- GM 15 = Dulcimer ---
0444++ 9152             
0445++ 9152             patch_15A: 	
0446++ 9152 01          		db	1	; transpose on
0447++ 9153 5A 91       		dw	patch_15Ahdr
0448++ 9155 FF 3F 18    		db	255,63, 12 * 2
0449++ 9158 3E AD       		dw	frq_708
0450++ 915A             patch_15Ahdr: 	
0451++ 915A 29 FF       		db	029h,0ffh
0452++ 915C             
0453++ 915C             patch_15B: 	
0454++ 915C 01          		db	1
0455++ 915D 64 91       		dw	patch_15Bhdr
0456++ 915F FF 40 18    		db	255,64, 12 * 2
0457++ 9162 3E AD       		dw	frq_708
0458++ 9164             patch_15Bhdr: 	
0459++ 9164 2A FF       		db	02ah,0ffh
0460++ 9166             
0461++ 9166             ;--- GM 16 = Drawbar organ ---
0462++ 9166             
0463++ 9166             patch_16: 	
0464++ 9166 01          		db	1	; transpose on
0465++ 9167 6E 91       		dw	patch_16hdr
0466++ 9169 FF 8E 18    		db	255,142,12 * 2
0467++ 916C 36 AF       		dw	frq_835
0468++ 916E             patch_16hdr: 	
0469++ 916E 3A FF       		db	03ah,0ffh
0470++ 9170             
0471++ 9170             ;--- GM 17 = Percussive organ ---
0472++ 9170             
0473++ 9170             patch_17: 	
0474++ 9170 01          		db	1	; transpose on
0475++ 9171 7D 91       		dw	patch_17hdr
0476++ 9173 24 8C 30    		db	36,140, 24 * 2
0477++ 9176 A6 B1       		dw	frq_950
0478++ 9178 FF 8D 48    		db	255,141, 36 * 2
0479++ 917B 76 B1       		dw	frq_944
0480++ 917D             patch_17hdr: 	
0481++ 917D 3B FF       		db	03bh,0ffh
0482++ 917F             
0483++ 917F             ;--- GM 18 = Rock Organ ---
0484++ 917F             
0485++ 917F             patch_18: 	
0486++ 917F 01          		db	1	; transpose on
0487++ 9180 9B 91       		dw	patch_18hdr
0488++ 9182 19 28 49    		db	25,28h, 1 + 36 * 2	; tone 296
0489++ 9185 3E A4       		dw	frq_219
0490++ 9187 25 29 63    		db	37,29h, 1 + 49 * 2	; tone 297
0491++ 918A 56 A4       		dw	frq_220
0492++ 918C 31 2A 63    		db	49,2ah, 1 + 49 * 2	; tone 298
0493++ 918F 26 A4       		dw	frq_217
0494++ 9191 3D 2B 63    		db	61,2bh, 1 + 49 * 2	; tone 299
0495++ 9194 DE A3       		dw	frq_214
0496++ 9196 FF 27 63    		db	255,27h, 1 + 49 * 2	; tone 295
0497++ 9199 F6 A3       		dw	frq_215
0498++ 919B             patch_18hdr: 	
0499++ 919B 39 FF       		db	039h,0ffh
0500++ 919D             
0501++ 919D             ;--- GM 19 = Church organ ---
0502++ 919D             
0503++ 919D             patch_19: 	
0504++ 919D 01          		db	1	; transpose on
0505++ 919E B9 91       		dw	patch_19hdr
0506++ 91A0 12 87 48    		db	18,135, 36 * 2
0507++ 91A3 36 AF       		dw	frq_835
0508++ 91A5 19 88 6C    		db	25,136, 54 * 2
0509++ 91A8 76 A2       		dw	frq_155
0510++ 91AA 21 89 62    		db	33,137, 49 * 2
0511++ 91AD DE A9       		dw	frq_459
0512++ 91AF 2A 8A 5A    		db	42,138, 45 * 2
0513++ 91B2 96 AF       		dw	frq_847
0514++ 91B4 FF 8B 6C    		db	255,139, 54 * 2
0515++ 91B7 A6 A2       		dw	frq_167
0516++ 91B9             patch_19hdr: 	
0517++ 91B9 11 FF       		db	011h,0ffh
0518++ 91BB             
0519++ 91BB             
0520++ 91BB             ;--- GM 20 = Reed Organ ---
0521++ 91BB             
0522++ 91BB             patch_20: 	
0523++ 91BB 01          		db	1	; transpose on
0524++ 91BC C8 91       		dw	patch_20hdr
0525++ 91BE 3C AC 30    		db	60,172, 24 * 2
0526++ 91C1 76 AB       		dw	frq_557
0527++ 91C3 FF AD 78    		db	255,173, 60 * 2
0528++ 91C6 5E AB       		dw	frq_556
0529++ 91C8             patch_20hdr: 	
0530++ 91C8 38 E0 01 FF 		db	038h,0e0h,1,0ffh
0531++ 91CC             
0532++ 91CC             ;--- GM 21 = Accordion ---
0533++ 91CC             
0534++ 91CC             patch_21A: 	
0535++ 91CC 01          		db	1	; transpose on
0536++ 91CD D9 91       		dw	patch_21Ahdr
0537++ 91CF 35 06 18    		db	53,6, 12 * 2
0538++ 91D2 9E AD       		dw	frq_727
0539++ 91D4 FF 07 52    		db	255,7, 41 * 2
0540++ 91D7 96 B2       		dw	frq_1018
0541++ 91D9             patch_21Ahdr: 	
0542++ 91D9 22 E0 00 FF 		db	022h,0e0h,0,0ffh
0543++ 91DD             
0544++ 91DD             patch_21B: 	
0545++ 91DD 01          		db	1	; transpose on
0546++ 91DE E5 91       		dw	patch_21Bhdr
0547++ 91E0 FF 70 18    		db	255,112, 12 * 2
0548++ 91E3 1E AF       		dw	frq_833
0549++ 91E5             patch_21Bhdr: 	
0550++ 91E5 23 FF       		db	023h,0ffh
0551++ 91E7             
0552++ 91E7             ;--- GM 22 = Harmonica ---
0553++ 91E7             
0554++ 91E7             patch_22: 	
0555++ 91E7 01          		db	1	; transpose on
0556++ 91E8 EF 91       		dw	patch_22hdr
0557++ 91EA FF 70 18    		db	255,112, 12 * 2
0558++ 91ED 96 AF       		dw	frq_847
0559++ 91EF             patch_22hdr: 	
0560++ 91EF 30 E0 02 FF 		db	030h,0e0h,2,0ffh
0561++ 91F3             
0562++ 91F3             ;--- GM 23 = Tango Accordion ---
0563++ 91F3             
0564++ 91F3             patch_23A: 	
0565++ 91F3 01          		db	1	; transpose on
0566++ 91F4 00 92       		dw	patch_23Ahdr
0567++ 91F6 3C AC 30    		db	60,172, 24 * 2
0568++ 91F9 A6 AB       		dw	frq_559
0569++ 91FB FF AD 78    		db	255,173, 60 * 2
0570++ 91FE 8E AB       		dw	frq_558
0571++ 9200             patch_23Ahdr: 	
0572++ 9200 38 FF       		db	038h,0ffh
0573++ 9202             
0574++ 9202             patch_23B: 	
0575++ 9202 01          		db	1
0576++ 9203 0A 92       		dw	patch_23Bhdr
0577++ 9205 FF 41 60    		db	255,65, 48 * 2
0578++ 9208 7E A9       		dw	frq_445
0579++ 920A             patch_23Bhdr: 	
0580++ 920A             		db	03ah,098h,075h,0B0h,000h,0ffh
0580++ 920A 3A9875B000FF
0581++ 9210             
0582++ 9210             ;--- GM 24 = Nylon Ac. Gtr ---
0583++ 9210             
0584++ 9210             patch_24: 	
0585++ 9210 01          		db	1	; transpose on
0586++ 9211 2C 92       		dw	patch_24hdr
0587++ 9213 18 B3 48    		db	24,179, 36 * 2
0588++ 9216 DE A9       		dw	frq_459
0589++ 9218 1F B7 60    		db	31,183, 48 * 2
0590++ 921B 46 AB       		dw	frq_555
0591++ 921D 25 B5 6E    		db	37,181, 55 * 2
0592++ 9220 06 A0       		dw	frq_21
0593++ 9222 2C B4 62    		db	44,180, 49 * 2
0594++ 9225 DE A9       		dw	frq_459
0595++ 9227 FF B6 58    		db	255,182, 44 * 2
0596++ 922A 86 AD       		dw	frq_726
0597++ 922C             patch_24hdr: 	
0598++ 922C 28 C8 09 FF 		db	028h,0c8h,9,0ffh
0599++ 9230             
0600++ 9230             
0601++ 9230             ;--- GM 26 = Steel Ac. Gtr ---
0602++ 9230             
0603++ 9230             patch_25: 	
0604++ 9230 01          		db	1	; transpose on
0605++ 9231 47 92       		dw	patch_25hdr
0606++ 9233 1A 0C 48    		db	26,12,36 * 2	;was andere header
0607++ 9236 4E A9       		dw	frq_442
0608++ 9238 21 0D 64    		db	33,13,50 * 2	; "
0609++ 923B 96 A9       		dw	frq_448
0610++ 923D 30 0E 5A    		db	48,14,45 * 2	; "
0611++ 9240 A6 AE       		dw	frq_823
0612++ 9242 FF 0F 60    		db	255,15,48 * 2	; "
0613++ 9245 A6 AE       		dw	frq_823
0614++ 9247             patch_25hdr: 	
0615++ 9247             		db	028h,098h,0f6h,0b0h,034h,0c8h,9h,0ffh
0615++ 9247 2898F6B034C809FF
0616++ 924F             
0617++ 924F             
0618++ 924F             ;--- GM 26 = Elec Jazz Gtr ---
0619++ 924F             
0620++ 924F             patch_26: 	
0621++ 924F 01          		db	1	; transpose on
0622++ 9250 1F 90       		dw	patch_2Bhdr
0623++ 9252 1A 5A 48    		db	26,90, 36 * 2
0624++ 9255 8E A8       		dw	frq_373
0625++ 9257 28 5B 64    		db	40,91, 50 * 2
0626++ 925A 5E A2       		dw	frq_143
0627++ 925C FF 5C 68    		db	255,92, 52 * 2
0628++ 925F C6 A0       		dw	frq_70
0629++ 9261             
0630++ 9261             
0631++ 9261             ;--- GM 27 = Elec Clean Gtr ---
0632++ 9261             
0633++ 9261             patch_27: 	
0634++ 9261 01          		db	1	; transpose on
0635++ 9262 8C 92       		dw	patch_27hdr
0636++ 9264 15 61 48    		db	21,97, 36 * 2
0637++ 9267 86 AA       		dw	frq_519
0638++ 9269 1A 60 72    		db	26,96, 57 * 2
0639++ 926C 5E A2       		dw	frq_143
0640++ 926E 21 63 64    		db	33,99, 50 * 2
0641++ 9271 0E AD       		dw	frq_701
0642++ 9273 28 62 72    		db	40,98, 57 * 2
0643++ 9276 A6 9F       		dw	frq_9
0644++ 9278 2D 65 68    		db	45,101, 52 * 2
0645++ 927B 6E AA       		dw	frq_508
0646++ 927D 34 64 72    		db	52,100, 57 * 2
0647++ 9280 16 A2       		dw	frq_118
0648++ 9282 3D 66 68    		db	61,102, 52 * 2
0649++ 9285 9E AA       		dw	frq_531
0650++ 9287 FF 67 62    		db	255,103, 49 * 2
0651++ 928A A6 AE       		dw	frq_823
0652++ 928C             patch_27hdr: 	
0653++ 928C 29 FF       		db	029h,0ffh
0654++ 928E             
0655++ 928E             
0656++ 928E             ;--- GM 28 = Muted Gtr ---
0657++ 928E             
0658++ 928E             patch_28: 	
0659++ 928E 01          		db	1	; transpose on
0660++ 928F 1F 90       		dw	patch_2Bhdr
0661++ 9291 FF 68 18    		db	255,104, 12 * 2
0662++ 9294 96 AF       		dw	frq_847
0663++ 9296             
0664++ 9296             
0665++ 9296             ;--- GM 29 = Overdriven Gtr ---
0666++ 9296             
0667++ 9296             patch_29: 	
0668++ 9296 01          		db	1	; transpose on
0669++ 9297 8C 92       		dw	patch_27hdr
0670++ 9299 29 A5 48    		db	41,165, 36 * 2
0671++ 929C 86 A4       		dw	frq_228
0672++ 929E FF A6 82    		db	255,166, 65 * 2
0673++ 92A1 DE A9       		dw	frq_459
0674++ 92A3             
0675++ 92A3             ;--- GM 30 = Distortion Gtr ---
0676++ 92A3             
0677++ 92A3             patch_30: 	
0678++ 92A3 01          		db	1	; transpose on
0679++ 92A4 D3 92       		dw	patch_30hdr
0680++ 92A6 13 51 48    		db	19,81, 36 * 2
0681++ 92A9 1E A9       		dw	frq_434
0682++ 92AB 17 52 6E    		db	23,82, 55 * 2
0683++ 92AE 5E A2       		dw	frq_143
0684++ 92B0 1B 53 5E    		db	27,83, 47 * 2
0685++ 92B3 96 AF       		dw	frq_847
0686++ 92B5 1F 54 66    		db	31,84, 51 * 2
0687++ 92B8 1E A9       		dw	frq_434
0688++ 92BA 23 55 6E    		db	35,85, 55 * 2
0689++ 92BD 5E A2       		dw	frq_143
0690++ 92BF 27 56 5E    		db	39,86, 47 * 2
0691++ 92C2 96 AF       		dw	frq_847
0692++ 92C4 2B 57 66    		db	43,87, 51 * 2
0693++ 92C7 DE A9       		dw	frq_459
0694++ 92C9 2F 58 6E    		db	47,88, 55 * 2
0695++ 92CC 5E A2       		dw	frq_143
0696++ 92CE FF 59 5E    		db	255,89, 47 * 2
0697++ 92D1 FE AD       		dw	frq_775
0698++ 92D3             patch_30hdr: 	
0699++ 92D3 21 FF       		db	021h,0ffh
0700++ 92D5             
0701++ 92D5             ;--- GM 31 = Gtr Harmonics ---
0702++ 92D5             
0703++ 92D5             patch_31: 	
0704++ 92D5 01          		db	1	; transpose on
0705++ 92D6 1F 90       		dw	patch_2Bhdr
0706++ 92D8 2D 5E 30    		db	45,94, 24 * 2
0707++ 92DB 56 AA       		dw	frq_507
0708++ 92DD 32 5D 8A    		db	50,93, 69 * 2
0709++ 92E0 16 A2       		dw	frq_118
0710++ 92E2 FF 5F 7C    		db	255,95, 62 * 2
0711++ 92E5 86 AD       		dw	frq_726
0712++ 92E7             
0713++ 92E7             ;--- GM 32 = Acoustic Bass ---
0714++ 92E7             
0715++ 92E7             patch_32: 	
0716++ 92E7 01          		db	1	; transpose on
0717++ 92E8 F4 92       		dw	patch_32hdr
0718++ 92EA 19 04 60    		db	25,4, 48 * 2
0719++ 92ED EE A2       		dw	frq_188
0720++ 92EF FF 05 62    		db	255,5, 49 * 2
0721++ 92F2 C6 A0       		dw	frq_70
0722++ 92F4             patch_32hdr: 	
0723++ 92F4 18 FF       		db	018h,0ffh
0724++ 92F6             
0725++ 92F6             
0726++ 92F6             ;--- GM 33 = Elec. Bass (finger) ---
0727++ 92F6             
0728++ 92F6             patch_33: 	
0729++ 92F6 01          		db	1	; transpose on
0730++ 92F7 F4 92       		dw	patch_32hdr
0731++ 92F9 09 4A 60    		db	9,74,48 * 2
0732++ 92FC 66 AC       		dw	frq_645
0733++ 92FE 0E 4B 72    		db	14,75,57 * 2
0734++ 9301 6E A4       		dw	frq_221
0735++ 9303 13 4C 64    		db	19,76,50 * 2
0736++ 9306 66 AF       		dw	frq_843
0737++ 9308 FF 4D 6E    		db	255,77,55 * 2
0738++ 930B A6 A8       		dw	frq_378
0739++ 930D             
0740++ 930D             
0741++ 930D             ;--- GM 34 = Elec. Bass (pick) ---
0742++ 930D             
0743++ 930D             patch_34: 	
0744++ 930D 01          		db	1	; transpose on
0745++ 930E F4 92       		dw	patch_32hdr
0746++ 9310 0C 4F 60    		db	12,79,48 * 2
0747++ 9313 2E A2       		dw	frq_135
0748++ 9315 13 50 60    		db	19,80,48 * 2
0749++ 9318 56 AD       		dw	frq_715
0750++ 931A 18 6B 6E    		db	24,107,55 * 2
0751++ 931D FE A4       		dw	frq_264
0752++ 931F 30 69 60    		db	48,105,48 * 2
0753++ 9322 56 B0       		dw	frq_921
0754++ 9324 FF 6A 90    		db	255,106,72 * 2
0755++ 9327 1E A9       		dw	frq_434
0756++ 9329             
0757++ 9329             ;--- GM 35 = Fretless Bass ---
0758++ 9329             
0759++ 9329             patch_35: 	
0760++ 9329 01          		db	1	; transpose on
0761++ 932A 31 93       		dw	patch_35hdr
0762++ 932C FF 4E 30    		db	255,78,24 * 2
0763++ 932F 8E A8       		dw	frq_373
0764++ 9331             patch_35hdr: 	
0765++ 9331             		db	010h,098h,0f3h,0b0h,063h,0c8h,019h,0ffh
0765++ 9331 1098F3B063C819FF
0766++ 9339             
0767++ 9339             ;--- GM 36 = Slap Bass 1 ---
0768++ 9339             
0769++ 9339             patch_36: 	
0770++ 9339 01          		db	1	; transpose on
0771++ 933A 41 93       		dw	patch_36hdr
0772++ 933C FF A3 4E    		db	255,163,(36 + 3) * 2
0773++ 933F 4E AC       		dw	frq_641
0774++ 9341             patch_36hdr: 	
0775++ 9341 19 FF       		db	019h,0ffh
0776++ 9343             
0777++ 9343             ;--- GM 37 = Slap bass 2 ---
0778++ 9343             
0779++ 9343             patch_37: 	
0780++ 9343 01          		db	1	; transpose on
0781++ 9344 4B 93       		dw	patch_37hdr
0782++ 9346 FF A2 30    		db	255,162,24 * 2
0783++ 9349 8E A5       		dw	frq_288
0784++ 934B             patch_37hdr: 	
0785++ 934B 20 98 B0 FF 		db	020h,098h,0b0h,0ffh
0786++ 934F             
0787++ 934F             ;--- GM 38 = Synth Bass 1 ---
0788++ 934F             
0789++ 934F             patch_38: 	
0790++ 934F 01          		db	1	; transpose on
0791++ 9350 57 93       		dw	patch_38hdr
0792++ 9352 FF BE 48    		db	255,190,36 * 2
0793++ 9355 36 AF       		dw	frq_835
0794++ 9357             patch_38hdr: 	
0795++ 9357 39 FF       		db	039h,0ffh
0796++ 9359             
0797++ 9359             ;--- GM 39 = Synth Bass 2 ---
0798++ 9359             
0799++ 9359             patch_39: 	
0800++ 9359 01          		db	1	; transpose on
0801++ 935A 57 93       		dw	patch_38hdr
0802++ 935C FF 17 61    		db	255,17h,1 + 48 * 2	; tone 279
0803++ 935F F6 A3       		dw	frq_215
0804++ 9361             
0805++ 9361             ;--- GM 40 = Violin ---
0806++ 9361             
0807++ 9361             patch_40: 	
0808++ 9361 01          		db	1	; transpose on
0809++ 9362 96 93       		dw	patch_40hdr
0810++ 9364 23 05 31    		db	35,5h,1 + 24 * 2	; tone 261
0811++ 9367 8E A5       		dw	frq_288
0812++ 9369 28 02 77    		db	40,2h,1 + 59 * 2	; tone 258
0813++ 936C AE A0       		dw	frq_69
0814++ 936E 2A 06 69    		db	42,6h,1 + 52 * 2	; tone 262
0815++ 9371 06 AC       		dw	frq_627
0816++ 9373 2D 07 6D    		db	45,7h,1 + 54 * 2	; tone 263
0817++ 9376 5E AB       		dw	frq_556
0818++ 9378 30 08 73    		db	48,8h,1 + 57 * 2	; tone 264
0819++ 937B FE A4       		dw	frq_264
0820++ 937D 33 0A 61    		db	51,0ah,1 + 48 * 2	; tone 266
0821++ 9380 3E B0       		dw	frq_920
0822++ 9382 35 0B 67    		db	53,0bh,1 + 51 * 2	; tone 267
0823++ 9385 86 AD       		dw	frq_726
0824++ 9387 37 0C 6B    		db	55,0ch,1 + 53 * 2	; tone 268
0825++ 938A D6 AB       		dw	frq_579
0826++ 938C 3A 0D 6F    		db	58,0dh,1 + 55 * 2	; tone 269
0827++ 938F 66 A6       		dw	frq_338
0828++ 9391 FF 09 75    		db	255,09h,1 + 58	* 2	; tone 265
0829++ 9394 5E A2       		dw	frq_143
0830++ 9396             patch_40hdr: 	
0831++ 9396 3B FF       		db	03bh,0ffh
0832++ 9398             
0833++ 9398             
0834++ 9398             ;--- GM 41 = Viola ---
0835++ 9398             
0836++ 9398             patch_41: 	
0837++ 9398 01          		db	1	; transpose on
0838++ 9399 D7 93       		dw	patch_41hdr
0839++ 939B 1B 03 31    		db	27,03h,1 + 24 * 2	; tone 259
0840++ 939E 56 AD       		dw	frq_715
0841++ 93A0 1E 04 67    		db	30,04h,1 + 51 * 2	; tone 260
0842++ 93A3 9E AA       		dw	frq_531
0843++ 93A5 21 05 6D    		db	33,05h,1 + 54 * 2	; tone 261
0844++ 93A8 8E A5       		dw	frq_288
0845++ 93AA 26 02 73    		db	38,02h,1 + 57 * 2	; tone 258
0846++ 93AD AE A0       		dw	frq_69
0847++ 93AF 28 06 65    		db	40,06h,1 + 50 * 2	; tone 262
0848++ 93B2 06 AC       		dw	frq_627
0849++ 93B4 2B 07 69    		db	43,07h,1 + 52 * 2	; tone 263
0850++ 93B7 5E AB       		dw	frq_556
0851++ 93B9 2E 08 6F    		db	46,08h,1 + 55 * 2	; tone 264
0852++ 93BC FE A4       		dw	frq_264
0853++ 93BE 31 0A 5D    		db	49,0ah,1 + 46 * 2	; tone 266
0854++ 93C1 3E B0       		dw	frq_920
0855++ 93C3 33 0B 63    		db	51,0bh,1 + 49 * 2	; tone 267
0856++ 93C6 86 AD       		dw	frq_726
0857++ 93C8 36 0C 67    		db	54,0ch,1 + 51 * 2	; tone 268
0858++ 93CB D6 AB       		dw	frq_579
0859++ 93CD 38 0D 6D    		db	56,0dh,1 + 54 * 2	; tone 269
0860++ 93D0 66 A6       		dw	frq_338
0861++ 93D2 FF 09 71    		db	255,09h,1 + 56 * 2	; tone 265
0862++ 93D5 5E A2       		dw	frq_143
0863++ 93D7             patch_41hdr: 	
0864++ 93D7 3B 98 A3 FF 		db	03bh,098h,0a3h,0ffh
0865++ 93DB             
0866++ 93DB             
0867++ 93DB             ;--- GM 42 = Cello ---
0868++ 93DB             
0869++ 93DB             patch_42: 	
0870++ 93DB 01          		db	1	; transpose on
0871++ 93DC F7 93       		dw	patch_42hdr
0872++ 93DE 16 12 49    		db	22,12h,1 + 36 * 2	; tone 274
0873++ 93E1 66 A3       		dw	frq_203
0874++ 93E3 20 13 5D    		db	32,13h,1 + 46 * 2	; tone 275
0875++ 93E6 0E AD       		dw	frq_701
0876++ 93E8 27 15 59    		db	39,15h,1 + 44 * 2	; tone 277
0877++ 93EB 8E AE       		dw	frq_822
0878++ 93ED 2D 16 67    		db	45,16h,1 + 51 * 2	; tone 278
0879++ 93F0 9E AA       		dw	frq_531
0880++ 93F2 FF 14 73    		db	255,14h,1 + 57 * 2	; tone 276
0881++ 93F5 AE A0       		dw	frq_69
0882++ 93F7             patch_42hdr: 	
0883++ 93F7 33 C8 08 FF 		db	033h,0c8h,8,0ffh
0884++ 93FB             
0885++ 93FB             ;--- GM 43 = Contrabass ---
0886++ 93FB             
0887++ 93FB             patch_43: 	
0888++ 93FB 01          		db	1	; transpose on
0889++ 93FC 08 94       		dw	patch_43hdr
0890++ 93FE 12 10 61    		db	18,10h,1 + 48 * 2	; tone 272
0891++ 9401 D6 9F       		dw	frq_15
0892++ 9403 FF 11 6D    		db	255,11h,1 + 54 * 2	; tone 273
0893++ 9406 8E 9F       		dw	frq_8
0894++ 9408             patch_43hdr: 	
0895++ 9408 10 98 90 FF 		db	010h,098h,090h,0ffh
0896++ 940C             
0897++ 940C             ;--- GM 44 = Tremolo Strings ---
0898++ 940C             
0899++ 940C             patch_44: 	
0900++ 940C 01          		db	1	; transpose on
0901++ 940D 28 94       		dw	patch_44hdr
0902++ 940F 24 B0 30    		db	36,176,24 * 2
0903++ 9412 E6 A1       		dw	frq_98
0904++ 9414 2A 35 60    		db	42,53,48 * 2
0905++ 9417 76 AB       		dw	frq_557
0906++ 9419 30 33 6C    		db	48,51,54 * 2
0907++ 941C 4E A0       		dw	frq_26
0908++ 941E 3B 34 60    		db	59,52,48 * 2
0909++ 9421 7E AC       		dw	frq_650
0910++ 9423 FF AF 5E    		db	255,175,47 * 2
0911++ 9426 CE AA       		dw	frq_538
0912++ 9428             patch_44hdr: 	
0913++ 9428 38 E0 06 FF 		db	038h,0e0h,6,0ffh
0914++ 942C             
0915++ 942C             
0916++ 942C             ;--- GM 45 = Pizzicato Strings ---
0917++ 942C             
0918++ 942C             patch_45: 	
0919++ 942C 01          		db	1	; transpose on
0920++ 942D 1F 90       		dw	patch_2Bhdr
0921++ 942F 1B B8 48    		db	27,184,36 * 2
0922++ 9432 EE 9F       		dw	frq_20
0923++ 9434 24 B9 66    		db	36,185,51 * 2
0924++ 9437 0E A4       		dw	frq_216
0925++ 9439 2B BB 60    		db	43,187,48 * 2
0926++ 943C 36 AC       		dw	frq_639
0927++ 943E 31 BA 6E    		db	49,186,55 * 2
0928++ 9441 3E A1       		dw	frq_84
0929++ 9443 FF BC 62    		db	255,188,49 * 2
0930++ 9446 C6 A9       		dw	frq_455
0931++ 9448             
0932++ 9448             ;--- GM 46 = Harp ---
0933++ 9448             
0934++ 9448             patch_46: 	
0935++ 9448 01          		db	1	; transpose on
0936++ 9449 55 94       		dw	patch_46hdr
0937++ 944B 2F 7E 18    		db	47,126,12 * 2
0938++ 944E B6 A7       		dw	frq_360
0939++ 9450 FF 7F 5E    		db	255,127,47 * 2
0940++ 9453 1E A9       		dw	frq_434
0941++ 9455             patch_46hdr: 	
0942++ 9455 29 C8 07 FF 		db	029h,0c8h,7,0ffh
0943++ 9459             
0944++ 9459             
0945++ 9459             ;--- GM 47 = Timpani ---
0946++ 9459             
0947++ 9459             patch_47: 	
0948++ 9459 01          		db	1	; transpose on
0949++ 945A 1F 90       		dw	patch_2Bhdr
0950++ 945C FF 00 49    		db	255,0,1 + 36 * 2	; tone 256
0951++ 945F 26 A4       		dw	frq_217
0952++ 9461             
0953++ 9461             
0954++ 9461             ;--- GM 48 = Strings ---
0955++ 9461             
0956++ 9461             patch_48: 	
0957++ 9461 01          		db	1	; transpose on
0958++ 9462 A7 8F       		dw	patch_0hdr
0959++ 9464 24 3C 31    		db	36,03ch,1 + 24 * 2	; tone 316
0960++ 9467 B6 A1       		dw	frq_96
0961++ 9469 2A 3E 61    		db	42,03eh,1 + 48 * 2	; tone 318
0962++ 946C 76 AB       		dw	frq_557
0963++ 946E 30 3D 6D    		db	48,03dh,1 + 54 * 2	; tone 317
0964++ 9471 36 A0       		dw	frq_24
0965++ 9473 3B 3F 61    		db	59,03fh,1 + 48 * 2	; tone 319
0966++ 9476 96 AC       		dw	frq_653
0967++ 9478 FF 40 5F    		db	255,040h,1 + 47 * 2	; tone 320
0968++ 947B FE AA       		dw	frq_548
0969++ 947D             
0970++ 947D             ;--- GM 49 = Slow Strings ---
0971++ 947D             
0972++ 947D             patch_49: 	
0973++ 947D 01          		db	1	; transpose on
0974++ 947E 99 94       		dw	patch_49hdr
0975++ 9480 24 B0 30    		db	36,176, 24 * 2
0976++ 9483 E6 A1       		dw	frq_98
0977++ 9485 2A 35 60    		db	42,53, 48 * 2
0978++ 9488 76 AB       		dw	frq_557
0979++ 948A 30 33 6C    		db	48,51, 54 * 2
0980++ 948D 66 A0       		dw	frq_27
0981++ 948F 3B 34 60    		db	59,52, 48 * 2
0982++ 9492 7E AC       		dw	frq_650
0983++ 9494 FF AF 5E    		db	255,175, 47 * 2
0984++ 9497 CE AA       		dw	frq_538
0985++ 9499             patch_49hdr: 	
0986++ 9499 19 FF       		db	019h,0ffh
0987++ 949B             
0988++ 949B             
0989++ 949B             ;--- GM 50 = Synth Strings 1 ---
0990++ 949B             
0991++ 949B             patch_50A: 	
0992++ 949B 01          		db	1	; transpose on
0993++ 949C A3 94       		dw	patch_50Ahdr
0994++ 949E FF 02 30    		db	255,2, 24 * 2
0995++ 94A1 E6 B0       		dw	frq_935
0996++ 94A3             patch_50Ahdr: 	
0997++ 94A3             		db	020h,098h,093h,0b0h,022h,0c8h,06h,0ffh
0997++ 94A3 209893B022C806FF
0998++ 94AB             
0999++ 94AB             patch_50B: 	
1000++ 94AB 01          		db	1	; transpose on
1001++ 94AC B3 94       		dw	patch_50Bhdr
1002++ 94AE FF AE 18    		db	255,174, 12 * 2
1003++ 94B1 86 A1       		dw	frq_91
1004++ 94B3             patch_50Bhdr: 	
1005++ 94B3             		db	020h,098h,070h,0c8h,006h,0ffh
1005++ 94B3 209870C806FF
1006++ 94B9             
1007++ 94B9             
1008++ 94B9             ;--- GM 51 = Synth Strings 2 ---
1009++ 94B9             
1010++ 94B9             patch_51A: 	
1011++ 94B9 01          		db	1	; transpose on
1012++ 94BA C1 94       		dw	patch_51Ahdr
1013++ 94BC FF 02 18    		db	255,2, 12 * 2
1014++ 94BF E6 B0       		dw	frq_935
1015++ 94C1             patch_51Ahdr: 	
1016++ 94C1             		db	019h,098h,070h,0b0h,000h,0c8h,06h,0ffh
1016++ 94C1 199870B000C806FF
1017++ 94C9             
1018++ 94C9             patch_51B: 	
1019++ 94C9 01          		db	1	; transpose on
1020++ 94CA C1 94       		dw	patch_51Ahdr
1021++ 94CC FF 02 18    		db	255,2, 12 * 2
1022++ 94CF 9E B0       		dw	frq_927
1023++ 94D1             
1024++ 94D1             
1025++ 94D1             ;--- GM 52 = Choir Aahs ---
1026++ 94D1             
1027++ 94D1             patch_52: 	
1028++ 94D1 01          		db	1	; transpose on
1029++ 94D2 E8 94       		dw	patch_52hdr
1030++ 94D4 23 18 30    		db	35,24, 24 * 2
1031++ 94D7 7E A3       		dw	frq_204
1032++ 94D9 29 19 5E    		db	41,25, 47 * 2
1033++ 94DC 5E AE       		dw	frq_815
1034++ 94DE 30 1A 6A    		db	48,26, 53 * 2
1035++ 94E1 96 A3       		dw	frq_206
1036++ 94E3 FF 1B 60    		db	255,27, 48 * 2
1037++ 94E6 6E A7       		dw	frq_356
1038++ 94E8             patch_52hdr: 	
1039++ 94E8 1A FF       		db	01ah,0ffh
1040++ 94EA             
1041++ 94EA             ;--- GM 53 = Voice Oohs ---
1042++ 94EA             
1043++ 94EA             patch_53: 	
1044++ 94EA 01          		db	1	; transpose on
1045++ 94EB F2 94       		dw	patch_53hdr
1046++ 94ED FF 29 18    		db	255,41, 12 * 2
1047++ 94F0 16 A5       		dw	frq_273
1048++ 94F2             patch_53hdr: 	
1049++ 94F2             		db	020h,098h,0f7h,0b0h,020h,0c8h,8,0ffh
1049++ 94F2 2098F7B020C808FF
1050++ 94FA             
1051++ 94FA             ;--- GM 54 = Synth Voice ---
1052++ 94FA             
1053++ 94FA             patch_54: 	
1054++ 94FA 01          		db	1	; transpose on
1055++ 94FB 02 95       		dw	patch_54hdr
1056++ 94FD FF 2A 18    		db	255,42, 12 * 2
1057++ 9500 AE A3       		dw	frq_208
1058++ 9502             patch_54hdr: 	
1059++ 9502             		db	019h,098h,085h,0b0h,021h,0c8h,7,0ffh
1059++ 9502 199885B021C807FF
1060++ 950A             
1061++ 950A             ;--- GM 55 = Orchestra Hit ---
1062++ 950A             
1063++ 950A             patch_55: 	
1064++ 950A 01          		db	1	; transpose on
1065++ 950B 12 95       		dw	patch_55hdr
1066++ 950D FF 49 18    		db	255,73, 12 * 2
1067++ 9510 36 AF       		dw	frq_835
1068++ 9512             patch_55hdr: 	
1069++ 9512 30 FF       		db	030h,0ffh
1070++ 9514             
1071++ 9514             ;--- GM 56 = Trumpet ---
1072++ 9514             
1073++ 9514             patch_56: 	
1074++ 9514 01          		db	1	; transpose on
1075++ 9515 35 95       		dw	patch_56hdr
1076++ 9517 25 F6 30    		db	37,246, 24 * 2
1077++ 951A 96 A0       		dw	frq_46
1078++ 951C 2C F8 62    		db	44,248, 49 * 2
1079++ 951F F6 A9       		dw	frq_460
1080++ 9521 31 F7 70    		db	49,247, 56 * 2
1081++ 9524 1E A0       		dw	frq_22
1082++ 9526 37 FA 62    		db	55,250, 49 * 2
1083++ 9529 36 A9       		dw	frq_436
1084++ 952B 3E F9 6E    		db	62,249, 55 * 2
1085++ 952E 96 A0       		dw	frq_46
1086++ 9530 FF FB 64    		db	255,251, 50 * 2
1087++ 9533 36 A9       		dw	frq_436
1088++ 9535             patch_56hdr: 	
1089++ 9535 32 FF       		db	032h,0ffh
1090++ 9537             
1091++ 9537             ;--- GM 57 = Trombone ---
1092++ 9537             
1093++ 9537             patch_57: 	
1094++ 9537 01          		db	1	; transpose on
1095++ 9538 49 95       		dw	patch_57hdr
1096++ 953A 23 F0 30    		db	35,240, 24 * 2
1097++ 953D 86 A4       		dw	frq_228
1098++ 953F 28 F1 5E    		db	40,241, 47 * 2
1099++ 9542 E6 AD       		dw	frq_750
1100++ 9544 FF F2 68    		db	255,242, 52 * 2
1101++ 9547 FE A4       		dw	frq_264
1102++ 9549             patch_57hdr: 	
1103++ 9549 21 FF       		db	021h,0ffh
1104++ 954B             
1105++ 954B             ;--- GM 58 = Tuba ---
1106++ 954B             
1107++ 954B             patch_58: 	
1108++ 954B 01          		db	1	; transpose on
1109++ 954C 49 95       		dw	patch_57hdr
1110++ 954E 16 85 48    		db	22,133, 36 * 2
1111++ 9551 16 AB       		dw	frq_550
1112++ 9553 FF 86 5C    		db	255,134, 46 * 2
1113++ 9556 DE AF       		dw	frq_908
1114++ 9558             
1115++ 9558             ;--- GM 59 = Muted Trumpet ---
1116++ 9558             
1117++ 9558             patch_59: 	
1118++ 9558 01          		db	1	; transpose on
1119++ 9559 65 95       		dw	patch_59hdr
1120++ 955B 2E B1 18    		db	46,177, 12 * 2
1121++ 955E 1E AC       		dw	frq_630
1122++ 9560 FF B2 5C    		db	255,178, 46 * 2
1123++ 9563 1E AC       		dw	frq_630
1124++ 9565             patch_59hdr: 	
1125++ 9565 28 E0 01 FF 		db	28h,0e0h,1,0ffh
1126++ 9569             
1127++ 9569             ;--- GM 60 = French Horn ---
1128++ 9569             
1129++ 9569             patch_60: 	
1130++ 9569 01          		db	1	; transpose on
1131++ 956A 76 95       		dw	patch_60hdr
1132++ 956C 32 7C 18    		db	50,124, 12 * 2
1133++ 956F A6 A5       		dw	frq_290
1134++ 9571 FF 7D 64    		db	255,125, 50 * 2
1135++ 9574 DE AC       		dw	frq_679
1136++ 9576             patch_60hdr: 	
1137++ 9576 1A FF       		db	01ah,0ffh
1138++ 9578             
1139++ 9578             ;--- GM 61 = Brass Section ---
1140++ 9578             
1141++ 9578             patch_61: 	
1142++ 9578 01          		db	1	; transpose on
1143++ 9579 1F 90       		dw	patch_2Bhdr
1144++ 957B 2B FC 18    		db	43,252, 12 * 2
1145++ 957E 76 AE       		dw	frq_820
1146++ 9580 FF FD 56    		db	255,253, 43 * 2
1147++ 9583 06 AF       		dw	frq_832
1148++ 9585             
1149++ 9585             ;--- GM 62 = Synth Brass 1 ---
1150++ 9585             
1151++ 9585             patch_62A: 	
1152++ 9585 01          		db	1	; transpose on
1153++ 9586 C4 95       		dw	patch_62Ahdr
1154++ 9588 10 D3 60    		db	16,211, 48 * 2
1155++ 958B 0E B0       		dw	frq_916
1156++ 958D 16 DA 80    		db	22,218, 64 * 2
1157++ 9590 3E A7       		dw	frq_354
1158++ 9592 1C D4 74    		db	28,212, 58 * 2
1159++ 9595 0E B0       		dw	frq_916
1160++ 9597 22 DB 80    		db	34,219, 64 * 2
1161++ 959A DE A6       		dw	frq_345
1162++ 959C 28 D5 74    		db	40,213, 58 * 2
1163++ 959F E6 B0       		dw	frq_935
1164++ 95A1 2E DC 80    		db	46,220, 64 * 2
1165++ 95A4 0E A7       		dw	frq_350
1166++ 95A6 34 D6 74    		db	52,214, 58 * 2
1167++ 95A9 6E B0       		dw	frq_925
1168++ 95AB 3A DD 80    		db	58,221, 64 * 2
1169++ 95AE E6 A7       		dw	frq_363
1170++ 95B0 40 D7 74    		db	64,215, 58 * 2
1171++ 95B3 36 B2       		dw	frq_969
1172++ 95B5 46 DE 80    		db	70,222, 64 * 2
1173++ 95B8 66 A6       		dw	frq_338
1174++ 95BA 4D D8 74    		db	77,216, 58 * 2
1175++ 95BD 6E B0       		dw	frq_925
1176++ 95BF FF D9 6A    		db	255,217, 53 * 2
1177++ 95C2 6E B0       		dw	frq_925
1178++ 95C4             patch_62Ahdr: 	
1179++ 95C4 18 FF       		db	018h,0ffh
1180++ 95C6             
1181++ 95C6             
1182++ 95C6             patch_62B: 	
1183++ 95C6 01          		db	1	; transpose on
1184++ 95C7 05 96       		dw	patch_62Bhdr
1185++ 95C9 10 18 61    		db	16,18h, 1 + 48 * 2	; tone 280
1186++ 95CC B6 B0       		dw	frq_929
1187++ 95CE 16 19 81    		db	22,19h, 1 + 64 * 2	; tone 281
1188++ 95D1 B6 A7       		dw	frq_360
1189++ 95D3 1C 1A 75    		db	28,1ah, 1 + 58 * 2	; tone 282
1190++ 95D6 9E B0       		dw	frq_927
1191++ 95D8 22 1B 81    		db	34,1bh, 1 + 64 * 2	; tone 283
1192++ 95DB B6 A7       		dw	frq_360
1193++ 95DD 28 1C 75    		db	40,1ch, 1 + 58 * 2	; tone 284
1194++ 95E0 2E B1       		dw	frq_939
1195++ 95E2 2E 1D 81    		db	46,1dh, 1 + 64 * 2	; tone 285
1196++ 95E5 2E A8       		dw	frq_366
1197++ 95E7 34 1E 75    		db	52,1eh, 1 + 58 * 2	; tone 286
1198++ 95EA BE B1       		dw	frq_951
1199++ 95EC 3A 1F 81    		db	58,1fh, 1 + 64 * 2	; tone 287
1200++ 95EF 2E A8       		dw	frq_366
1201++ 95F1 40 20 75    		db	64,20h, 1 + 58 * 2	; tone 288
1202++ 95F4 66 B2       		dw	frq_977
1203++ 95F6 46 21 81    		db	70,21h, 1 + 64 * 2	; tone 289
1204++ 95F9 AE A6       		dw	frq_342
1205++ 95FB 4D 22 75    		db	77,22h, 1 + 58 * 2	; tone 290
1206++ 95FE 9E B0       		dw	frq_927
1207++ 9600 FF 23 6B    		db	255,23h, 1 + 53 * 2	; tone 291
1208++ 9603 9E B0       		dw	frq_927
1209++ 9605             patch_62Bhdr: 	
1210++ 9605             		db	018h,098h,0a5h,0b0h,011h,0ffh
1210++ 9605 1898A5B011FF
1211++ 960B             
1212++ 960B             
1213++ 960B             ;--- GM 63 = Synth Brass 2 ---
1214++ 960B             ; B zachter dan A, vals??
1215++ 960B             
1216++ 960B             patch_63A: 	
1217++ 960B 01          		db	1	; transpose on
1218++ 960C 4A 96       		dw	patch_63Ahdr
1219++ 960E 10 18 61    		db	16,18h, 1 + 48 * 2	; tone 280
1220++ 9611 CE B0       		dw	frq_931
1221++ 9613 16 19 81    		db	22,19h, 1 + 64 * 2	; tone 281
1222++ 9616 CE A7       		dw	frq_361
1223++ 9618 1C 1A 75    		db	28,1ah, 1 + 58 * 2	; tone 282
1224++ 961B B6 B0       		dw	frq_929
1225++ 961D 22 1B 81    		db	34,1bh, 1 + 64 * 2	; tone 283
1226++ 9620 CE A7       		dw	frq_361
1227++ 9622 28 1C 75    		db	40,1ch, 1 + 58 * 2	; tone 284
1228++ 9625 46 B1       		dw	frq_941
1229++ 9627 2E 1D 81    		db	46,1dh, 1 + 64 * 2	; tone 285
1230++ 962A 46 A8       		dw	frq_367
1231++ 962C 34 1E 75    		db	52,1eh, 1 + 58 * 2	; tone 286
1232++ 962F EE B1       		dw	frq_953
1233++ 9631 3A 1F 81    		db	58,1fh, 1 + 64 * 2	; tone 287
1234++ 9634 46 A8       		dw	frq_367
1235++ 9636 40 20 75    		db	64,20h, 1 + 58 * 2	; tone 288
1236++ 9639 7E B2       		dw	frq_978
1237++ 963B 46 21 81    		db	70,21h, 1 + 64 * 2	; tone 289
1238++ 963E C6 A6       		dw	frq_343
1239++ 9640 4D 22 75    		db	77,22h, 1 + 58 * 2	; tone 290
1240++ 9643 B6 B0       		dw	frq_929
1241++ 9645 FF 23 6B    		db	255,23h, 1 + 53 * 2	; tone 291
1242++ 9648 B6 B0       		dw	frq_929
1243++ 964A             patch_63Ahdr: 	
1244++ 964A 26 FF       		db	026h,0ffh
1245++ 964C             
1246++ 964C             
1247++ 964C             patch_63B: 	
1248++ 964C 01          		db	1	; transpose on
1249++ 964D 54 96       		dw	patch_63Bhdr
1250++ 964F FF 24 19    		db	255,24h, 1 + 12 * 2	; tone 292
1251++ 9652 76 AB       		dw	frq_557
1252++ 9654             patch_63Bhdr: 	
1253++ 9654 22 FF       		db	022h,0ffh
1254++ 9656             
1255++ 9656             ;--- GM 64 = Soprano Sax ---
1256++ 9656             
1257++ 9656             patch_64: 	
1258++ 9656 01          		db	1	; transpose on
1259++ 9657 D3 92       		dw	patch_30hdr
1260++ 9659 28 E3 18    		db	40,227, 12 * 2
1261++ 965C 0E AD       		dw	frq_701
1262++ 965E 2E E4 68    		db	46,228, 52 * 2
1263++ 9661 0E A4       		dw	frq_216
1264++ 9663 34 E5 5C    		db	52,229, 46 * 2
1265++ 9666 C6 AC       		dw	frq_677
1266++ 9668 3A E6 68    		db	58,230, 52 * 2
1267++ 966B B6 A4       		dw	frq_242
1268++ 966D 41 E7 5C    		db	65,231, 46 * 2
1269++ 9670 86 AD       		dw	frq_726
1270++ 9672 FF E8 82    		db	255,232, 65 * 2
1271++ 9675 9E A1       		dw	frq_94
1272++ 9677             
1273++ 9677             ;--- GM 65 = Alto Sax ---
1274++ 9677             
1275++ 9677             patch_65: 	
1276++ 9677 01          		db	1	; transpose on
1277++ 9678 BB 96       		dw	patch_65hdr
1278++ 967A 1B 92 48    		db	27,146, 36 * 2
1279++ 967D 66 A0       		dw	frq_27
1280++ 967F 1E 96 66    		db	30,150, 51 * 2
1281++ 9682 CE AD       		dw	frq_737
1282++ 9684 23 99 6C    		db	35,153, 54 * 2
1283++ 9687 EE A8       		dw	frq_385
1284++ 9689 24 8F 76    		db	36,143, 59 * 2
1285++ 968C B6 A4       		dw	frq_242
1286++ 968E 27 93 78    		db	39,147, 60 * 2
1287++ 9691 96 A0       		dw	frq_46
1288++ 9693 2A 97 66    		db	42,151, 51 * 2
1289++ 9696 FE AD       		dw	frq_775
1290++ 9698 2D 9A 6C    		db	45,154, 54 * 2
1291++ 969B F6 A9       		dw	frq_460
1292++ 969D 30 90 72    		db	48,144, 57 * 2
1293++ 96A0 0E A4       		dw	frq_216
1294++ 96A2 33 94 78    		db	51,148, 60 * 2
1295++ 96A5 1E A0       		dw	frq_22
1296++ 96A7 35 98 66    		db	53,152, 51 * 2
1297++ 96AA 9E AD       		dw	frq_727
1298++ 96AC 39 9B 6A    		db	57,155, 53 * 2
1299++ 96AF 3E AA       		dw	frq_480
1300++ 96B1 3C 91 72    		db	60,145, 57 * 2
1301++ 96B4 A6 A5       		dw	frq_290
1302++ 96B6 FF 95 78    		db	255,149, 60 * 2
1303++ 96B9 9E A1       		dw	frq_94
1304++ 96BB             patch_65hdr: 	
1305++ 96BB 19 C8 0B FF 		db	019h,0c8h,000bh,0ffh
1306++ 96BF             
1307++ 96BF             ;--- GM 66 = Tenor Sax ---
1308++ 96BF             
1309++ 96BF             patch_66: 	
1310++ 96BF 01          		db	1	; transpose on
1311++ 96C0 41 93       		dw	patch_36hdr
1312++ 96C2 19 E9 48    		db	25,233, 36 * 2
1313++ 96C5 F6 A0       		dw	frq_75
1314++ 96C7 1D EA 62    		db	29,234, 49 * 2
1315++ 96CA 56 AD       		dw	frq_715
1316++ 96CC 23 EB 6A    		db	35,235, 53 * 2
1317++ 96CF 86 A4       		dw	frq_228
1318++ 96D1 2A ED 5E    		db	42,237, 47 * 2
1319++ 96D4 96 AC       		dw	frq_653
1320++ 96D6 30 EC 6C    		db	48,236, 54 * 2
1321++ 96D9 C6 A0       		dw	frq_70
1322++ 96DB 3A EE 60    		db	58,238, 48 * 2
1323++ 96DE 9E AA       		dw	frq_531
1324++ 96E0 FF EF 5C    		db	255,239, 46 * 2
1325++ 96E3 3E B0       		dw	frq_920
1326++ 96E5             
1327++ 96E5             
1328++ 96E5             ;--- GM 67 = Baritone Sax ---
1329++ 96E5             
1330++ 96E5             patch_67: 	
1331++ 96E5 01          		db	1	; transpose on
1332++ 96E6 41 93       		dw	patch_36hdr
1333++ 96E8 16 DF 48    		db	22,223, 36 * 2
1334++ 96EB D6 A5       		dw	frq_299
1335++ 96ED 1D E1 5C    		db	29,225, 46 * 2
1336++ 96F0 E6 AA       		dw	frq_545
1337++ 96F2 22 E2 6A    		db	34,226, 53 * 2
1338++ 96F5 D6 A5       		dw	frq_299
1339++ 96F7 FF E0 5C    		db	255,224, 46 * 2
1340++ 96FA C6 AF       		dw	frq_874
1341++ 96FC             
1342++ 96FC             ;--- GM 68 = Oboe ---
1343++ 96FC             
1344++ 96FC             patch_68: 	
1345++ 96FC 01          		db	1	; transpose on
1346++ 96FD 1D 97       		dw	patch_68hdr
1347++ 96FF 25 42 18    		db	37,66, 12 * 2
1348++ 9702 3E B0       		dw	frq_920
1349++ 9704 2C 44 62    		db	44,68, 49 * 2
1350++ 9707 66 A6       		dw	frq_338
1351++ 9709 32 43 58    		db	50,67, 44 * 2
1352++ 970C 3E B0       		dw	frq_920
1353++ 970E 38 46 64    		db	56,70, 50 * 2
1354++ 9711 4E A6       		dw	frq_335
1355++ 9713 3E 45 58    		db	62,69, 44 * 2
1356++ 9716 3E B0       		dw	frq_920
1357++ 9718 FF 47 64    		db	255,71, 50 * 2
1358++ 971B 4E A6       		dw	frq_335
1359++ 971D             patch_68hdr: 	
1360++ 971D 39 FF       		db	039h,0ffh
1361++ 971F             
1362++ 971F             ;--- GM 69 = English Horn ---
1363++ 971F             
1364++ 971F             patch_69: 	
1365++ 971F 01          		db	1	; transpose on
1366++ 9720 31 97       		dw	patch_69hdr
1367++ 9722 21 3C 30    		db	33,60, 24 * 2
1368++ 9725 CE A4       		dw	frq_254
1369++ 9727 27 3B 5A    		db	39,59, 45 * 2
1370++ 972A E6 AD       		dw	frq_750
1371++ 972C FF 3D 66    		db	255,61, 51 * 2
1372++ 972F B6 A4       		dw	frq_242
1373++ 9731             patch_69hdr: 	
1374++ 9731 31 FF       		db	031h,0ffh
1375++ 9733             
1376++ 9733             ;--- GM 70 = Bassoon ---
1377++ 9733             
1378++ 9733             patch_70: 	
1379++ 9733 01          		db	1	; transpose on
1380++ 9734 31 97       		dw	patch_69hdr
1381++ 9736 0B 38 60    		db	11,56, 48 * 2
1382++ 9739 DE A0       		dw	frq_73
1383++ 973B 17 3A 5E    		db	23,58, 47 * 2
1384++ 973E B6 AA       		dw	frq_532
1385++ 9740 FF 39 76    		db	255,57, 59 * 2
1386++ 9743 F6 A0       		dw	frq_75
1387++ 9745             
1388++ 9745             ;--- GM 71 = Clarinet ---
1389++ 9745             
1390++ 9745             patch_71: 	
1391++ 9745 01          		db	1	; transpose on
1392++ 9746 5C 97       		dw	patch_71hdr
1393++ 9748 24 9E 30    		db	36,158, 24 * 2
1394++ 974B 2E AE       		dw	frq_810
1395++ 974D 2A A0 78    		db	42,160, 60 * 2
1396++ 9750 8E A5       		dw	frq_288
1397++ 9752 33 9F 6C    		db	51,159, 54 * 2
1398++ 9755 86 AD       		dw	frq_726
1399++ 9757 FF A1 66    		db	255,161, 51 * 2
1400++ 975A 3E B0       		dw	frq_920
1401++ 975C             patch_71hdr: 	
1402++ 975C 29 FF       		db	029h,0ffh
1403++ 975E             
1404++ 975E             ;--- GM 72 = Piccolo ---
1405++ 975E             
1406++ 975E             patch_72: 	
1407++ 975E 01          		db	1	; transpose on
1408++ 975F 7A 97       		dw	patch_72hdr
1409++ 9761 29 71 30    		db	41,113, 24 * 2
1410++ 9764 9E A1       		dw	frq_94
1411++ 9766 36 72 6A    		db	54,114, 53 * 2
1412++ 9769 16 A2       		dw	frq_118
1413++ 976B 3C 73 6C    		db	60,115, 54 * 2
1414++ 976E 9E A1       		dw	frq_94
1415++ 9770 48 74 78    		db	72,116, 60 * 2
1416++ 9773 8E A5       		dw	frq_288
1417++ 9775 FF 75 78    		db	255,117, 60 * 2
1418++ 9778 3E B0       		dw	frq_920
1419++ 977A             patch_72hdr: 	
1420++ 977A 38 E0 02 FF 		db	038h,0e0h,2,0ffh
1421++ 977E             
1422++ 977E             ;--- GM 73 = Flute ---
1423++ 977E             
1424++ 977E             patch_73: 	
1425++ 977E 01          		db	1	; transpose on
1426++ 977F 7A 97       		dw	patch_72hdr
1427++ 9781 29 71 30    		db	41,113, 24 * 2
1428++ 9784 9E A1       		dw	frq_94
1429++ 9786 36 72 6A    		db	54,114, 53 * 2
1430++ 9789 16 A2       		dw	frq_118
1431++ 978B FF 73 6C    		db	255,115, 54 * 2
1432++ 978E 9E A1       		dw	frq_94
1433++ 9790             
1434++ 9790             ;--- GM 74 = Recorder ---
1435++ 9790             
1436++ 9790             patch_74: 	
1437++ 9790 01          		db	1	; transpose on
1438++ 9791 98 97       		dw	patch_74hdr
1439++ 9793 FF BD 30    		db	255,189, 24 * 2
1440++ 9796 5E A2       		dw	frq_143
1441++ 9798             patch_74hdr: 	
1442++ 9798 30 E0 01 FF 		db	030h,0e0h,1,0ffh
1443++ 979C             
1444++ 979C             ;--- GM 75 = Pan Flute ---
1445++ 979C             
1446++ 979C             patch_75: 	
1447++ 979C 01          		db	1	; transpose on
1448++ 979D A4 97       		dw	patch_75hdr
1449++ 979F FF 77 00    		db	255,119, 0 * 2
1450++ 97A2 0E AA       		dw	frq_461
1451++ 97A4             patch_75hdr: 	
1452++ 97A4 30 E0 03 FF 		db	030h,0e0h,3,0ffh
1453++ 97A8             
1454++ 97A8             ;--- GM 76 = Blown Bottle ---
1455++ 97A8             
1456++ 97A8             patch_76A: 	
1457++ 97A8 01          		db	1	; transpose on
1458++ 97A9 B0 97       		dw	patch_76Ahdr
1459++ 97AB FF 77 00    		db	255,119, 0 * 2
1460++ 97AE 0E AA       		dw	frq_461
1461++ 97B0             patch_76Ahdr: 	
1462++ 97B0 38 E0 01 FF 		db	038h,0e0h,1,0ffh
1463++ 97B4             
1464++ 97B4             patch_76B: 	
1465++ 97B4 01          		db	1	; transpose on
1466++ 97B5 BC 97       		dw	patch_76Bhdr
1467++ 97B7 FF 25 31    		db	255,25h, 31h ;1 + (12 + 2) * 2	; tone 293
1468++ 97BA 06 A0       		dw	frq_21
1469++ 97BC             patch_76Bhdr: 	
1470++ 97BC 00 FF       		db	0h,0ffh
1471++ 97BE             
1472++ 97BE             ;--- GM 77 = Shakuhachi ---
1473++ 97BE             
1474++ 97BE             patch_77A: 		
1475++ 97BE 01          		db	1	; transpose on
1476++ 97BF A4 97       		dw	patch_75hdr
1477++ 97C1 FF AB 18    		db	255,171, 12 * 2
1478++ 97C4 36 B2       		dw	frq_969
1479++ 97C6             
1480++ 97C6             patch_77B: 	
1481++ 97C6 01          		db	1	; transpose on
1482++ 97C7 CE 97       		dw	patch_77Bhdr
1483++ 97C9 FF 76 18    		db	255,118, 12 * 2
1484++ 97CC DE A6       		dw	frq_345
1485++ 97CE             patch_77Bhdr: 	
1486++ 97CE 28 E0 02 FF 		db	028h,0e0h,2,0ffh
1487++ 97D2             
1488++ 97D2             ;--- GM 78 = Whistle ---
1489++ 97D2             
1490++ 97D2             patch_78: 	
1491++ 97D2 01          		db	1	; transpose on
1492++ 97D3 DA 97       		dw	patch_78hdr
1493++ 97D5 FF AA 00    		db	255,170, 0 * 2
1494++ 97D8 9E A1       		dw	frq_94
1495++ 97DA             patch_78hdr: 	
1496++ 97DA 2C 98 70 FF 		db	02ch,098h,070h,0ffh
1497++ 97DE             
1498++ 97DE             ;--- GM 79 = Ocarina ---
1499++ 97DE             
1500++ 97DE             patch_79: 	
1501++ 97DE 01          		db	1	; transpose on
1502++ 97DF E6 97       		dw	patch_79hdr
1503++ 97E1 FF AA 00    		db	255,170, 0 * 2
1504++ 97E4 9E A1       		dw	frq_94
1505++ 97E6             patch_79hdr: 	
1506++ 97E6 29 E0 01 FF 		db	029h,0e0h,1,0ffh
1507++ 97EA             
1508++ 97EA             ;--- GM 80 = Lead 1 (square) ---
1509++ 97EA             
1510++ 97EA             patch_80A: 	
1511++ 97EA 01          		db	1	; transpose on
1512++ 97EB 0B 98       		dw	patch_80Ahdr
1513++ 97ED 13 CC 78    		db	19,204, 60 * 2
1514++ 97F0 96 A6       		dw	frq_341
1515++ 97F2 1F CD 6E    		db	31,205, 55 * 2
1516++ 97F5 C6 A6       		dw	frq_343
1517++ 97F7 2B CA 6E    		db	43,202, 55 * 2
1518++ 97FA C6 A6       		dw	frq_343
1519++ 97FC 37 CF 6E    		db	55,207, 55 * 2
1520++ 97FF C6 A6       		dw	frq_343
1521++ 9801 43 CE 6E    		db	67,206, 55 * 2
1522++ 9804 C6 A6       		dw	frq_343
1523++ 9806 FF CB 6E    		db	255,203, 55 * 2
1524++ 9809 C6 A6       		dw	frq_343
1525++ 980B             patch_80Ahdr: 	
1526++ 980B 38 98 C6 FF 		db	038h,098h,0c6h,0ffh
1527++ 980F             
1528++ 980F             
1529++ 980F             patch_80B: 	
1530++ 980F 01          		db	1	; transpose on
1531++ 9810 30 98       		dw	patch_80Bhdr
1532++ 9812 13 CC 78    		db	19,204, 60 * 2
1533++ 9815 4E A6       		dw	frq_335
1534++ 9817 1F CD 6E    		db	31,205, 55 * 2
1535++ 981A 66 A6       		dw	frq_338
1536++ 981C 2B CA 6E    		db	43,202, 55 * 2
1537++ 981F 66 A6       		dw	frq_338
1538++ 9821 37 CF 6E    		db	55,207, 55 * 2
1539++ 9824 66 A6       		dw	frq_338
1540++ 9826 43 CE 6E    		db	67,206, 55 * 2
1541++ 9829 66 A6       		dw	frq_338
1542++ 982B FF CB 6E    		db	255,203, 55 * 2
1543++ 982E 66 A6       		dw	frq_338
1544++ 9830             patch_80Bhdr: 	
1545++ 9830 08 98 C6 FF 		db	008h,098h,0c6h,0ffh
1546++ 9834             
1547++ 9834             
1548++ 9834             ;--- GM 81 = Lead 2 (sawtooth) ---
1549++ 9834             
1550++ 9834             patch_81A: 	
1551++ 9834 01          		db	1	; transpose on
1552++ 9835 73 98       		dw	patch_81Ahdr
1553++ 9837 10 18 61    		db	16,18h, 1 + 48 * 2	; tone 280
1554++ 983A 9E B0       		dw	frq_927
1555++ 983C 16 19 81    		db	22,19h, 1 + 64 * 2	; tone 281
1556++ 983F 9E A7       		dw	frq_358
1557++ 9841 1C 1A 75    		db	28,1ah, 1 + 58 * 2	; tone 282
1558++ 9844 6E B0       		dw	frq_925
1559++ 9846 22 1B 81    		db	34,1bh, 1 + 64 * 2	; tone 283
1560++ 9849 9E A7       		dw	frq_358
1561++ 984B 28 1C 75    		db	40,1ch, 1 + 58 * 2	; tone 284
1562++ 984E FE B0       		dw	frq_936
1563++ 9850 2E 1D 81    		db	46,1dh, 1 + 64 * 2	; tone 285
1564++ 9853 FE A7       		dw	frq_364
1565++ 9855 34 1E 75    		db	52,1eh, 1 + 58 * 2	; tone 286
1566++ 9858 8E B1       		dw	frq_949
1567++ 985A 3A 1F 81    		db	58,1fh, 1 + 64 * 2	; tone 287
1568++ 985D FE A7       		dw	frq_364
1569++ 985F 40 20 75    		db	64,20h, 1 + 58 * 2	; tone 288
1570++ 9862 4E B2       		dw	frq_974
1571++ 9864 46 21 81    		db	70,21h, 1 + 64 * 2	; tone 289
1572++ 9867 7E A6       		dw	frq_340
1573++ 9869 4F 22 75    		db	79,22h, 1 + 58 * 2	; tone 290
1574++ 986C 6E B0       		dw	frq_925
1575++ 986E FF 23 6F    		db	255,23h, 1 + 55 * 2	; tone 291
1576++ 9871 6E B0       		dw	frq_925
1577++ 9873             patch_81Ahdr: 	
1578++ 9873             		db	030h,098h,0f2h,0b0h,022h,0c8h,00ah,0ffh
1578++ 9873 3098F2B022C80AFF
1579++ 987B             
1580++ 987B             patch_81B: 	
1581++ 987B 01          		db	1	; transpose on
1582++ 987C 73 98       		dw	patch_81Ahdr
1583++ 987E 10 18 61    		db	16,18h, 1 + 48 * 2	; tone 280
1584++ 9881 26 B0       		dw	frq_918
1585++ 9883 16 19 81    		db	22,19h, 1 + 64 * 2	; tone 281
1586++ 9886 26 A7       		dw	frq_352
1587++ 9888 1C 1A 75    		db	28,1ah, 1 + 58 * 2	; tone 282
1588++ 988B 0E B0       		dw	frq_916
1589++ 988D 22 1B 81    		db	34,1bh, 1 + 64 * 2	; tone 283
1590++ 9890 26 A7       		dw	frq_352
1591++ 9892 28 1C 75    		db	40,1ch, 1 + 58 * 2	; tone 284
1592++ 9895 9E B0       		dw	frq_927
1593++ 9897 2E 1D 81    		db	46,1dh, 1 + 64 * 2	; tone 285
1594++ 989A 9E A7       		dw	frq_358
1595++ 989C 34 1E 75    		db	52,1eh, 1 + 58 * 2	; tone 286
1596++ 989F 46 B1       		dw	frq_941
1597++ 98A1 3A 1F 81    		db	58,1fh, 1 + 64 * 2	; tone 287
1598++ 98A4 9E A7       		dw	frq_358
1599++ 98A6 40 20 75    		db	64,20h, 1 + 58 * 2	; tone 288
1600++ 98A9 1E B2       		dw	frq_966
1601++ 98AB 46 21 81    		db	70,21h, 1 + 64 * 2	; tone 289
1602++ 98AE 36 A6       		dw	frq_333
1603++ 98B0 4F 22 75    		db	79,22h, 1 + 58 * 2	; tone 290
1604++ 98B3 0E B0       		dw	frq_916
1605++ 98B5 FF 23 6F    		db	255,23h, 1 + 55 * 2	; tone 291
1606++ 98B8 0E B0       		dw	frq_916
1607++ 98BA             
1608++ 98BA             ;--- GM 82 = Lead 3 (calliope) ---
1609++ 98BA             
1610++ 98BA             patch_82A: 	
1611++ 98BA 01          		db	1	; transpose on
1612++ 98BB C2 98       		dw	patch_82Ahdr
1613++ 98BD FF AA 00    		db	255,170, 0 * 2
1614++ 98C0 9E A1       		dw	frq_94
1615++ 98C2             patch_82Ahdr: 	
1616++ 98C2 28 E0 02 FF 		db	028h,0e0h,2,0ffh
1617++ 98C6             
1618++ 98C6             patch_82B: 	
1619++ 98C6 01          		db	1	; transpose on
1620++ 98C7 CE 98       		dw	patch_82Bhdr
1621++ 98C9 FF 76 18    		db	255,118, 12 * 2
1622++ 98CC DE A6       		dw	frq_345
1623++ 98CE             patch_82Bhdr: 	
1624++ 98CE             		db	028h,098h,0b0h,0e0h,2,0ffh
1624++ 98CE 2898B0E002FF
1625++ 98D4             
1626++ 98D4             ;--- GM 83 = Lead 4 (chiff) ---
1627++ 98D4             
1628++ 98D4             patch_83A: 	
1629++ 98D4 01          		db	1	; transpose on
1630++ 98D5 DC 98       		dw	patch_83Ahdr
1631++ 98D7 FF 3A 19    		db	255,3ah, 1 + 12 * 2	; tone 314
1632++ 98DA 06 A6       		dw	frq_314
1633++ 98DC             patch_83Ahdr: 	
1634++ 98DC 2A E0 01 FF 		db	02ah,0e0h,1,0ffh
1635++ 98E0             
1636++ 98E0             patch_83B: 	
1637++ 98E0 01          		db	1	; transpose on
1638++ 98E1 1F 90       		dw	patch_2Bhdr
1639++ 98E3 FF FE 18    		db	255,254, 12 * 2
1640++ 98E6 EE A5       		dw	frq_311
1641++ 98E8             
1642++ 98E8             
1643++ 98E8             ;--- GM 84 = Lead 5 (charang) ---
1644++ 98E8             
1645++ 98E8             patch_84A: 	
1646++ 98E8 01          		db	1	; transpose on
1647++ 98E9 F5 98       		dw	patch_84Ahdr
1648++ 98EB 29 A5 48    		db	41,165, 36 * 2
1649++ 98EE 9E A4       		dw	frq_231
1650++ 98F0 FF A6 82    		db	255,166, 65 * 2
1651++ 98F3 26 AA       		dw	frq_462
1652++ 98F5             patch_84Ahdr: 	
1653++ 98F5 33 FF       		db	033h,0ffh
1654++ 98F7             
1655++ 98F7             patch_84B: 	
1656++ 98F7 01          		db	1	; transpose on
1657++ 98F8 36 99       		dw	patch_84Bhdr
1658++ 98FA 10 18 61    		db	16,18h, 1 + 48 * 2	; tone 280
1659++ 98FD 26 B0       		dw	frq_918
1660++ 98FF 16 19 81    		db	22,19h, 1 + 64 * 2	; tone 281
1661++ 9902 26 A7       		dw	frq_352
1662++ 9904 1C 1A 75    		db	28,1ah, 1 + 58 * 2	; tone 282
1663++ 9907 0E B0       		dw	frq_916
1664++ 9909 22 1B 81    		db	34,1bh, 1 + 64 * 2	; tone 283
1665++ 990C 26 A7       		dw	frq_352
1666++ 990E 28 1C 75    		db	40,1ch, 1 + 58 * 2	; tone 284
1667++ 9911 9E B0       		dw	frq_927
1668++ 9913 2E 1D 81    		db	46,1dh, 1 + 64 * 2	; tone 285
1669++ 9916 9E A7       		dw	frq_358
1670++ 9918 34 1E 75    		db	52,1eh, 1 + 58 * 2	; tone 286
1671++ 991B 46 B1       		dw	frq_941
1672++ 991D 3A 1F 81    		db	58,1fh, 1 + 64 * 2	; tone 287
1673++ 9920 9E A7       		dw	frq_358
1674++ 9922 40 20 75    		db	64,20h, 1 + 58 * 2	; tone 288
1675++ 9925 1E B2       		dw	frq_966
1676++ 9927 46 21 81    		db	70,21h, 1 + 64 * 2	; tone 289
1677++ 992A 36 A6       		dw	frq_333
1678++ 992C 4F 22 75    		db	79,22h, 1 + 58 * 2	; tone 290
1679++ 992F 0E B0       		dw	frq_916
1680++ 9931 FF 23 6F    		db	255,23h, 1 + 55 * 2	; tone 291
1681++ 9934 0E B0       		dw	frq_916
1682++ 9936             patch_84Bhdr: 	
1683++ 9936             		db	02ah,098h,0f2h,0b0h,022h,0c8h,00eh,0ffh
1683++ 9936 2A98F2B022C80EFF
1684++ 993E             
1685++ 993E             
1686++ 993E             ;--- GM 85 = Lead 6 (voice) ---
1687++ 993E             
1688++ 993E             patch_85A: 	
1689++ 993E 01          		db	1	; transpose on
1690++ 993F 46 99       		dw	patch_85Ahdr
1691++ 9941 FF AA 00    		db	255,170, 0 * 2
1692++ 9944 E6 A1       		dw	frq_98
1693++ 9946             patch_85Ahdr: 	
1694++ 9946 2E FF       		db	02eh,0ffh
1695++ 9948             
1696++ 9948             patch_85B: 	
1697++ 9948 01          		db	1	; transpose on
1698++ 9949 50 99       		dw	patch_85Bhdr
1699++ 994B FF 2A 18    		db	255,42, 12 * 2
1700++ 994E 7E A3       		dw	frq_204
1701++ 9950             patch_85Bhdr: 	
1702++ 9950             		db	029h,098h,0f0h,0c8h,00ah,0ffh
1702++ 9950 2998F0C80AFF
1703++ 9956             
1704++ 9956             
1705++ 9956             ;--- GM 86 = Lead 7 (fifths) ---
1706++ 9956             
1707++ 9956             patch_86A: 	
1708++ 9956 01          		db	1	; transpose on
1709++ 9957 95 99       		dw	patch_86Ahdr
1710++ 9959 10 18 61    		db	16,18h, 1 + 48 * 2	; tone 280
1711++ 995C 26 B0       		dw	frq_918
1712++ 995E 16 19 81    		db	22,19h, 1 + 64 * 2	; tone 281
1713++ 9961 26 A7       		dw	frq_352
1714++ 9963 1C 1A 75    		db	28,1ah, 1 + 58 * 2	; tone 282
1715++ 9966 0E B0       		dw	frq_916
1716++ 9968 22 1B 81    		db	34,1bh, 1 + 64 * 2	; tone 283
1717++ 996B 26 A7       		dw	frq_352
1718++ 996D 28 1C 75    		db	40,1ch, 1 + 58 * 2	; tone 284
1719++ 9970 9E B0       		dw	frq_927
1720++ 9972 2E 1D 81    		db	46,1dh, 1 + 64 * 2	; tone 285
1721++ 9975 9E A7       		dw	frq_358
1722++ 9977 34 1E 75    		db	52,1eh, 1 + 58 * 2	; tone 286
1723++ 997A 46 B1       		dw	frq_941
1724++ 997C 3A 1F 81    		db	58,1fh, 1 + 64 * 2	; tone 287
1725++ 997F 9E A7       		dw	frq_358
1726++ 9981 40 20 75    		db	64,20h, 1 + 58 * 2	; tone 288
1727++ 9984 1E B2       		dw	frq_966
1728++ 9986 46 21 81    		db	70,21h, 1 + 64 * 2	; tone 289
1729++ 9989 36 A6       		dw	frq_333
1730++ 998B 4F 22 75    		db	79,22h, 1 + 58 * 2	; tone 290
1731++ 998E 0E B0       		dw	frq_916
1732++ 9990 FF 23 6F    		db	255,23h, 1 + 55 * 2	; tone 291
1733++ 9993 0E B0       		dw	frq_916
1734++ 9995             patch_86Ahdr: 	
1735++ 9995 32 98 F5 FF 		db	032h,098h,0f5h,0ffh
1736++ 9999             
1737++ 9999             patch_86B: 	
1738++ 9999 01          		db	1	; transpose on
1739++ 999A A1 99       		dw	patch_86Bhdr
1740++ 999C FF 02 18    		db	255,2, 12 * 2
1741++ 999F B6 B0       		dw	frq_929
1742++ 99A1             patch_86Bhdr: 	
1743++ 99A1             		db	031h,098h,0b3h,0b0h,022h,0c8h,00bh,0ffh
1743++ 99A1 3198B3B022C80BFF
1744++ 99A9             
1745++ 99A9             ;--- GM 87 = Lead 8 (bass + lead) ---
1746++ 99A9             
1747++ 99A9             patch_87A: 	
1748++ 99A9 01          		db	1	; transpose on
1749++ 99AA 8C 92       		dw	patch_27hdr
1750++ 99AC FF 17 61    		db	255,17h, 1 + 48 * 2	; tone 279
1751++ 99AF 3E A4       		dw	frq_219
1752++ 99B1             
1753++ 99B1             
1754++ 99B1             ;--- GM 88 = Pad 1 (new age) ---
1755++ 99B1             ; B zachter dan A
1756++ 99B1             patch_88A: 	
1757++ 99B1 01          		db	1	; transpose on
1758++ 99B2 B9 99       		dw	patch_88Ahdr
1759++ 99B4 FF 02 18    		db	255,2, 12 * 2
1760++ 99B7 9E B0       		dw	frq_927
1761++ 99B9             patch_88Ahdr: 	
1762++ 99B9 24 FF       		db	024h,0ffh
1763++ 99BB             
1764++ 99BB             patch_88B: 	
1765++ 99BB 01          		db	1	; transpose on
1766++ 99BC C3 99       		dw	patch_88Bhdr
1767++ 99BE FF F3 18    		db	255,243, 12 * 2
1768++ 99C1 6E AD       		dw	frq_721
1769++ 99C3             patch_88Bhdr: 	
1770++ 99C3             		db	023h,098h,0a2h,0b0h,014h,0c8h,6,0e0h,1,0ffh
1770++ 99C3 2398A2B014C806E001FF
1771++ 99CD             
1772++ 99CD             ;--- GM 89 = Pad 2 (warm) ---
1773++ 99CD             ; B zachter dan A
1774++ 99CD             patch_89A: 	
1775++ 99CD 01          		db	1	; transpose on
1776++ 99CE D5 99       		dw	patch_89Ahdr
1777++ 99D0 FF 4E 30    		db	255,78, 24 * 2
1778++ 99D3 BE A8       		dw	frq_379
1779++ 99D5             patch_89Ahdr: 	
1780++ 99D5 2A E0 02 FF 		db	02ah,0e0h,2,0ffh
1781++ 99D9             
1782++ 99D9             patch_89B: 	
1783++ 99D9 01          		db	1	; transpose on
1784++ 99DA 54 96       		dw	patch_63Bhdr
1785++ 99DC FF 29 18    		db	255,41, 12 * 2
1786++ 99DF E6 A4       		dw	frq_261
1787++ 99E1             
1788++ 99E1             
1789++ 99E1             ;--- GM 90 = Pad 3 (polysynth) ---
1790++ 99E1             
1791++ 99E1             patch_90A: 	
1792++ 99E1 01          		db	1	; transpose on
1793++ 99E2 20 9A       		dw	patch_90Ahdr
1794++ 99E4 10 18 61    		db	16,18h, 1 + 48 * 2	; tone 280
1795++ 99E7 B6 B0       		dw	frq_929
1796++ 99E9 16 19 81    		db	22,19h, 1 + 64 * 2	; tone 281
1797++ 99EC B6 A7       		dw	frq_360
1798++ 99EE 1C 1A 75    		db	28,1ah, 1 + 58 * 2	; tone 282
1799++ 99F1 9E B0       		dw	frq_927
1800++ 99F3 22 1B 81    		db	34,1bh, 1 + 64 * 2	; tone 283
1801++ 99F6 B6 A7       		dw	frq_360
1802++ 99F8 28 1C 75    		db	40,1ch, 1 + 58 * 2	; tone 284
1803++ 99FB 2E B1       		dw	frq_939
1804++ 99FD 2E 1D 81    		db	46,1dh, 1 + 64 * 2	; tone 285
1805++ 9A00 2E A8       		dw	frq_366
1806++ 9A02 34 1E 75    		db	52,1eh, 1 + 58 * 2	; tone 286
1807++ 9A05 BE B1       		dw	frq_951
1808++ 9A07 3A 1F 81    		db	58,1fh, 1 + 64 * 2	; tone 287
1809++ 9A0A 2E A8       		dw	frq_366
1810++ 9A0C 40 20 75    		db	64,20h, 1 + 58 * 2	; tone 288
1811++ 9A0F 66 B2       		dw	frq_977
1812++ 9A11 46 21 81    		db	70,21h, 1 + 64 * 2	; tone 289
1813++ 9A14 96 A6       		dw	frq_341
1814++ 9A16 4F 22 75    		db	79,22h, 1 + 58 * 2	; tone 290
1815++ 9A19 9E B0       		dw	frq_927
1816++ 9A1B FF 23 6F    		db	255,23h, 1 + 55 * 2	; tone 291
1817++ 9A1E 9E B0       		dw	frq_927
1818++ 9A20             patch_90Ahdr: 	
1819++ 9A20             		db	023h,098h,0f2h,0b0h,022h,0c8h,007h,0e0h,1,0ffh
1819++ 9A20 2398F2B022C807E001FF
1820++ 9A2A             
1821++ 9A2A             patch_90B: 	
1822++ 9A2A 01          		db	1	; transpose on
1823++ 9A2B 32 9A       		dw	patch_90Bhdr
1824++ 9A2D FF 24 19    		db	255,24h, 1 + 12 * 2	; tone 292
1825++ 9A30 16 AB       		dw	frq_550
1826++ 9A32             patch_90Bhdr: 	
1827++ 9A32 22 98 E5 FF 		db	022h,098h,0e5h,0ffh
1828++ 9A36             
1829++ 9A36             ;--- GM 91 = Pad 4 (choir) ---
1830++ 9A36             
1831++ 9A36             patch_91A: 	
1832++ 9A36 01          		db	1	; transpose on
1833++ 9A37 4D 9A       		dw	patch_91Ahdr
1834++ 9A39 23 18 30    		db	35,24, 24 * 2
1835++ 9A3C 7E A3       		dw	frq_204
1836++ 9A3E 29 19 5E    		db	41,25, 47 * 2
1837++ 9A41 5E AE       		dw	frq_815
1838++ 9A43 30 1A 6A    		db	48,26, 53 * 2
1839++ 9A46 96 A3       		dw	frq_206
1840++ 9A48 FF 1B 60    		db	255,27, 48 * 2
1841++ 9A4B 6E A7       		dw	frq_356
1842++ 9A4D             patch_91Ahdr: 	
1843++ 9A4D 25 C8 06 FF 		db	025h,0c8h,006h,0ffh
1844++ 9A51             
1845++ 9A51             patch_91B: 	
1846++ 9A51 01          		db	1	; transpose on
1847++ 9A52 59 9A       		dw	patch_91Bhdr
1848++ 9A54 FF 2A 18    		db	255,42, 12 * 2
1849++ 9A57 AE A3       		dw	frq_208
1850++ 9A59             patch_91Bhdr: 	
1851++ 9A59             		db	024h,098h,065h,0b0h,021h,0ffh
1851++ 9A59 249865B021FF
1852++ 9A5F             
1853++ 9A5F             ;--- GM 92 = Pad 5 (bowed) ---
1854++ 9A5F             
1855++ 9A5F             patch_92A: 	
1856++ 9A5F 01          		db	1	; transpose on
1857++ 9A60 67 9A       		dw	patch_92Ahdr
1858++ 9A62 FF 02 31    		db	255,2, 1 + 24 * 2	; tone 257
1859++ 9A65 56 A1       		dw	frq_88
1860++ 9A67             patch_92Ahdr: 	
1861++ 9A67             		db	019h,098h,044h,0e0h,2,0ffh
1861++ 9A67 199844E002FF
1862++ 9A6D             
1863++ 9A6D             patch_92B: 	
1864++ 9A6D 01          		db	1	; transpose on
1865++ 9A6E 75 9A       		dw	patch_92Bhdr
1866++ 9A70 FF AA 00    		db	255,170, 0 * 2
1867++ 9A73 6E A1       		dw	frq_89
1868++ 9A75             patch_92Bhdr: 	
1869++ 9A75             		db	019h,098h,040h,0c8h,6,0ffh
1869++ 9A75 199840C806FF
1870++ 9A7B             
1871++ 9A7B             ;--- GM 93 = Pad 6 (metallic) ---
1872++ 9A7B             
1873++ 9A7B             patch_93A: 	
1874++ 9A7B 01          		db	1	; transpose on
1875++ 9A7C 92 9A       		dw	patch_93Ahdr
1876++ 9A7E 1A 0C 48    		db	26,12, 36 * 2
1877++ 9A81 7E A9       		dw	frq_445
1878++ 9A83 21 0D 64    		db	33,13, 50 * 2
1879++ 9A86 AE A9       		dw	frq_450
1880++ 9A88 30 0E 5A    		db	48,14, 45 * 2
1881++ 9A8B D6 AE       		dw	frq_828
1882++ 9A8D FF 0F 60    		db	255,15, 48 * 2
1883++ 9A90 D6 AE       		dw	frq_828
1884++ 9A92             patch_93Ahdr: 	
1885++ 9A92             		db	00ah,0b0h,003h,0c8h,6,0ffh
1885++ 9A92 0AB003C806FF
1886++ 9A98             
1887++ 9A98             patch_93B: 	
1888++ 9A98 01          		db	1	; transpose on
1889++ 9A99 A0 9A       		dw	patch_93Bhdr
1890++ 9A9B FF 3F 18    		db	255,63, 12 * 2
1891++ 9A9E F6 AC       		dw	frq_698
1892++ 9AA0             patch_93Bhdr: 	
1893++ 9AA0 31 98 85 FF 		db	031h,098h,085h,0ffh
1894++ 9AA4             
1895++ 9AA4             ;--- GM 94 = Pad 7 (halo) ---
1896++ 9AA4             patch_94A: 	
1897++ 9AA4 01          		db	1	; transpose on
1898++ 9AA5 E8 94       		dw	patch_52hdr
1899++ 9AA7 FF 24 19    		db	255,24h, 1 + 12 * 2	; 292
1900++ 9AAA BE AB       		dw	frq_560
1901++ 9AAC             
1902++ 9AAC             patch_94B: 	
1903++ 9AAC 01          		db	1	; transpose on
1904++ 9AAD 97 90       		dw	patch_5Ahdr
1905++ 9AAF FF 2A 18    		db	255,42, 12 * 2
1906++ 9AB2 4E A3       		dw	frq_202
1907++ 9AB4             
1908++ 9AB4             
1909++ 9AB4             ;--- GM 95 = Pad 8 (sweep) ---
1910++ 9AB4             
1911++ 9AB4             patch_95A: 	
1912++ 9AB4 01          		db	1	; transpose on
1913++ 9AB5 F3 9A       		dw	patch_95Ahdr
1914++ 9AB7 10 D3 60    		db	16,211, 48 * 2
1915++ 9ABA 3E B0       		dw	frq_920
1916++ 9ABC 16 DA 80    		db	22,218, 64 * 2
1917++ 9ABF 6E A7       		dw	frq_356
1918++ 9AC1 1C D4 74    		db	28,212, 58 * 2
1919++ 9AC4 3E B0       		dw	frq_920
1920++ 9AC6 22 DB 80    		db	34,219, 64 * 2
1921++ 9AC9 F6 A6       		dw	frq_348
1922++ 9ACB 28 D5 74    		db	40,213, 58 * 2
1923++ 9ACE 16 B1       		dw	frq_937
1924++ 9AD0 2E DC 80    		db	46,220, 64 * 2
1925++ 9AD3 26 A7       		dw	frq_352
1926++ 9AD5 34 D6 74    		db	52,214, 58 * 2
1927++ 9AD8 86 B0       		dw	frq_926
1928++ 9ADA 3A DD 80    		db	58,221, 64 * 2
1929++ 9ADD 16 A8       		dw	frq_365
1930++ 9ADF 40 D7 74    		db	64,215, 58 * 2
1931++ 9AE2 4E B2       		dw	frq_974	; 975
1932++ 9AE4 46 DE 80    		db	70,222, 64 * 2
1933++ 9AE7 96 A6       		dw	frq_341
1934++ 9AE9 4C D8 74    		db	76,216, 58 * 2
1935++ 9AEC 86 B0       		dw	frq_926
1936++ 9AEE FF D9 68    		db	255,217, 52 * 2
1937++ 9AF1 86 B0       		dw	frq_926
1938++ 9AF3             patch_95Ahdr: 	
1939++ 9AF3             		db	019h,098h,015h,0c8h,6,0ffh
1939++ 9AF3 199815C806FF
1940++ 9AF9             
1941++ 9AF9             patch_95B: 	
1942++ 9AF9 01          		db	1	; transpose on
1943++ 9AFA 38 9B       		dw	patch_95Bhdr
1944++ 9AFC 10 D3 60    		db	16,211, 48 * 2
1945++ 9AFF F6 AF       		dw	frq_909
1946++ 9B01 16 DA 80    		db	22,218, 64 * 2
1947++ 9B04 0E A7       		dw	frq_350
1948++ 9B06 1C D4 74    		db	28,212, 58 * 2
1949++ 9B09 F6 AF       		dw	frq_909
1950++ 9B0B 22 DB 80    		db	34,219, 64 * 2
1951++ 9B0E 7E A6       		dw	frq_340
1952++ 9B10 28 D5 74    		db	40,213, 58 * 2
1953++ 9B13 9E B0       		dw	frq_927
1954++ 9B15 2E DC 80    		db	46,220, 64 * 2
1955++ 9B18 DE A6       		dw	frq_345
1956++ 9B1A 34 D6 74    		db	52,214, 58 * 2
1957++ 9B1D 0E B0       		dw	frq_916
1958++ 9B1F 3A DD 80    		db	58,221, 64 * 2
1959++ 9B22 86 A7       		dw	frq_357
1960++ 9B24 40 D7 74    		db	64,215, 58 * 2
1961++ 9B27 06 B2       		dw	frq_964
1962++ 9B29 46 DE 80    		db	70,222, 64 * 2
1963++ 9B2C 36 A6       		dw	frq_333
1964++ 9B2E 4C D8 74    		db	76,216, 58 * 2
1965++ 9B31 86 B0       		dw	frq_926
1966++ 9B33 FF D9 68    		db	255,217, 52 * 2
1967++ 9B36 0E B0       		dw	frq_916
1968++ 9B38             
1969++ 9B38             patch_95Bhdr: 	
1970++ 9B38             		db	018h,098h,015h,0c8h,6,0ffh
1970++ 9B38 189815C806FF
1971++ 9B3E             
1972++ 9B3E             ;--- GM 96 = Rain ---
1973++ 9B3E             
1974++ 9B3E             patch_96: 	
1975++ 9B3E 00          		db	0	; transpose off
1976++ 9B3F 64 91       		dw	patch_15Bhdr
1977++ 9B41 FF 43 63    		db	255,43h, 1 + (48 + 1) * 2	; tone 323
1978++ 9B44 96 A9       		dw	frq_448
1979++ 9B46             
1980++ 9B46             
1981++ 9B46             ;--- GM 97 = Soundtrack ---
1982++ 9B46             
1983++ 9B46             patch_97A: 	
1984++ 9B46 01          		db	1	; transpose on
1985++ 9B47 4E 9B       		dw	patch_97Ahdr
1986++ 9B49 FF 02 30    		db	255,2, 24 * 2
1987++ 9B4C 9E B0       		dw	frq_927
1988++ 9B4E             patch_97Ahdr: 	
1989++ 9B4E 2A 98 60 FF 		db	02ah,098h,060h,0ffh
1990++ 9B52             
1991++ 9B52             patch_97B: 	
1992++ 9B52 01          		db	1	; transpose on
1993++ 9B53 5A 9B       		dw	patch_97Bhdr
1994++ 9B55 FF F3 00    		db	255,243, 0 * 2
1995++ 9B58 26 AD       		dw	frq_704
1996++ 9B5A             patch_97Bhdr: 	
1997++ 9B5A             		db	02dh,098h,052h,0b0h,014h,0c8h,006h,0e0h,2,0ffh
1997++ 9B5A 2D9852B014C806E002FF
1998++ 9B64             
1999++ 9B64             ;--- GM 98 = Crystal ---
2000++ 9B64             
2001++ 9B64             patch_98A: 	
2002++ 9B64 01          		db	1	; transpose on
2003++ 9B65 6C 9B       		dw	patch_98Ahdr
2004++ 9B67 FF F3 00    		db	255,243, 0 * 2
2005++ 9B6A 5E A2       		dw	frq_143
2006++ 9B6C             patch_98Ahdr: 	
2007++ 9B6C 33 FF       		db	033h,0ffh
2008++ 9B6E             
2009++ 9B6E             patch_98B: 	
2010++ 9B6E 01          		db	1	; transpose on
2011++ 9B6F 80 9B       		dw	patch_98Bhdr
2012++ 9B71 15 6D 48    		db	21,109, 36 * 2
2013++ 9B74 BE AE       		dw	frq_824
2014++ 9B76 1F 6E 5A    		db	31,110, 45 * 2
2015++ 9B79 EE AE       		dw	frq_831
2016++ 9B7B FF 6F 56    		db	255,111, 43 * 2
2017++ 9B7E 66 AF       		dw	frq_843
2018++ 9B80             patch_98Bhdr: 	
2019++ 9B80             		db	03bh,098h,085h,0c8h,6,0ffh
2019++ 9B80 3B9885C806FF
2020++ 9B86             
2021++ 9B86             ;--- GM 99 = Atmosphere ---
2022++ 9B86             
2023++ 9B86             patch_99A: 	
2024++ 9B86 01          		db	1	; transpose on
2025++ 9B87 8E 9B       		dw	patch_99Ahdr
2026++ 9B89 FF 02 30    		db	255,2, 24 * 2
2027++ 9B8C 9E B0       		dw	frq_927
2028++ 9B8E             patch_99Ahdr: 	
2029++ 9B8E             		db	032h,098h,073h,0b0h,022h,0c8h,6,0e0h,1,0ffh
2029++ 9B8E 329873B022C806E001FF
2030++ 9B98             
2031++ 9B98             patch_99B: 	
2032++ 9B98 01          		db	1	; transpose on
2033++ 9B99 B4 9B       		dw	patch_99Bhdr
2034++ 9B9B 18 B3 48    		db	24,179, 36 * 2
2035++ 9B9E DE A9       		dw	frq_459
2036++ 9BA0 1F B7 60    		db	31,183, 48 * 2
2037++ 9BA3 46 AB       		dw	frq_555
2038++ 9BA5 25 B5 6E    		db	37,181, 55 * 2
2039++ 9BA8 06 A0       		dw	frq_21
2040++ 9BAA 2C B4 62    		db	44,180, 49 * 2
2041++ 9BAD DE A9       		dw	frq_459
2042++ 9BAF FF B6 58    		db	255,182, 44 * 2
2043++ 9BB2 86 AD       		dw	frq_726
2044++ 9BB4             patch_99Bhdr: 	
2045++ 9BB4             		db	032h,0c8h,7,0e0h,2,0ffh
2045++ 9BB4 32C807E002FF
2046++ 9BBA             
2047++ 9BBA             ;--- GM 100 = Brightness ---
2048++ 9BBA             
2049++ 9BBA             patch_100A: 	
2050++ 9BBA 01          		db	1	; transpose on
2051++ 9BBB 64 91       		dw	patch_15Bhdr
2052++ 9BBD FF 37 31    		db	255,37h, 1 + 24 * 2	; tone 311
2053++ 9BC0 2E A8       		dw	frq_366
2054++ 9BC2             
2055++ 9BC2             patch_100B: 	
2056++ 9BC2 01          		db	1	; transpose on
2057++ 9BC3 CA 9B       		dw	patch_100Bhdr
2058++ 9BC5 FF 2A 18    		db	255,42, 12 * 2
2059++ 9BC8 AE A3       		dw	frq_208
2060++ 9BCA             patch_100Bhdr: 	
2061++ 9BCA 29 C8 06 FF 		db	029h,0c8h,6,0ffh
2062++ 9BCE             
2063++ 9BCE             ;--- GM 102 = Echoes ---
2064++ 9BCE             
2065++ 9BCE             patch_102A: 	
2066++ 9BCE 01          		db	1	; transpose on
2067++ 9BCF D6 9B       		dw	patch_102Ahdr
2068++ 9BD1 FF 24 31    		db	255,24h, 1 + 24 * 2	; tone 292
2069++ 9BD4 2E AB       		dw	frq_552
2070++ 9BD6             patch_102Ahdr: 	
2071++ 9BD6             		db	02bh,098h,0f5h,0b0h,021h,0c8h,6,0ffh
2071++ 9BD6 2B98F5B021C806FF
2072++ 9BDE             
2073++ 9BDE             patch_102B: 	
2074++ 9BDE 01          		db	1	; transpose on
2075++ 9BDF E6 9B       		dw	patch_102Bhdr
2076++ 9BE1 FF 2A 18    		db	255,42, 12 * 2
2077++ 9BE4 C6 A3       		dw	frq_211
2078++ 9BE6             patch_102Bhdr: 	
2079++ 9BE6             		db	02bh,098h,085h,0b0h,023h,0c8h,7,0ffh
2079++ 9BE6 2B9885B023C807FF
2080++ 9BEE             
2081++ 9BEE             ;--- GM 103 = FX 8 (sci-fi) ---
2082++ 9BEE             
2083++ 9BEE             patch_103A: 	
2084++ 9BEE 01          		db	1	; transpose on
2085++ 9BEF 05 9C       		dw	patch_103Ahdr
2086++ 9BF1 1A 0C 48    		db	26,12, 36 * 2
2087++ 9BF4 66 A9       		dw	frq_443
2088++ 9BF6 21 0D 64    		db	33,13, 50 * 2
2089++ 9BF9 96 A9       		dw	frq_448
2090++ 9BFB 30 0E 5A    		db	48,14, 45 * 2
2091++ 9BFE BE AE       		dw	frq_824
2092++ 9C00 FF 0F 60    		db	255,15, 48 * 2
2093++ 9C03 BE AE       		dw	frq_824
2094++ 9C05             patch_103Ahdr: 	
2095++ 9C05             		db	02bh,098h,090h,0c8h,6,0e0h,3,0ffh
2095++ 9C05 2B9890C806E003FF
2096++ 9C0D             
2097++ 9C0D             patch_103B: 	
2098++ 9C0D 01          		db	1	; transpose on
2099++ 9C0E 54 96       		dw	patch_63Bhdr
2100++ 9C10 FF 02 18    		db	255,2, 12 * 2
2101++ 9C13 6E B0       		dw	frq_925
2102++ 9C15             
2103++ 9C15             
2104++ 9C15             ;--- GM 104 = Sitar ---
2105++ 9C15             
2106++ 9C15             patch_104: 	
2107++ 9C15 01          		db	1	; transpose on
2108++ 9C16 1D 9C       		dw	patch_104hdr
2109++ 9C18 FF 0F 19    		db	255,0fh, 1 + 12 * 2	; tone 271
2110++ 9C1B 96 AF       		dw	frq_847
2111++ 9C1D             patch_104hdr: 	
2112++ 9C1D             		db	032h,098h,0f4h,0b0h,015h,0c8h,016h,0e0h,1,0ffh
2112++ 9C1D 3298F4B015C816E001FF
2113++ 9C27             
2114++ 9C27             ;--- GM 105 = Banjo ---
2115++ 9C27             
2116++ 9C27             patch_105: 	
2117++ 9C27 01          		db	1	; transpose on
2118++ 9C28 00 92       		dw	patch_23Ahdr
2119++ 9C2A 1D 13 30    		db	29,19, 24 * 2
2120++ 9C2D 4E AC       		dw	frq_641
2121++ 9C2F 21 14 6A    		db	33,20, 53 * 2
2122++ 9C32 66 A3       		dw	frq_203
2123++ 9C34 25 12 5A    		db	37,18, 45 * 2
2124++ 9C37 76 B1       		dw	frq_944
2125++ 9C39 2D 15 62    		db	45,21, 49 * 2
2126++ 9C3C 8E A5       		dw	frq_288
2127++ 9C3E 35 17 5A    		db	53,23, 45 * 2
2128++ 9C41 C6 AC       		dw	frq_677
2129++ 9C43 FF 16 6A    		db	255,22, 53 * 2
2130++ 9C46 7E A0       		dw	frq_45
2131++ 9C48             
2132++ 9C48             ;--- GM 106 = Shamisen ---
2133++ 9C48             
2134++ 9C48             patch_106: 	
2135++ 9C48 01          		db	1	; transpose on
2136++ 9C49 1F 90       		dw	patch_2Bhdr
2137++ 9C4B FF 0E 19    		db	255,0eh, 1 + 12 * 2	; tone 270
2138++ 9C4E CE A1       		dw	frq_97
2139++ 9C50             
2140++ 9C50             ;--- GM 107 = Koto ---
2141++ 9C50             
2142++ 9C50             patch_107: 	
2143++ 9C50 01          		db	1	; transpose on
2144++ 9C51 A7 8F       		dw	patch_0hdr
2145++ 9C53 FF A9 18    		db	255,169, 12 * 2
2146++ 9C56 5E AB       		dw	frq_556
2147++ 9C58             
2148++ 9C58             
2149++ 9C58             ;--- GM 108 = Kalimba ---
2150++ 9C58             
2151++ 9C58             patch_108: 	
2152++ 9C58 01          		db	1	; transpose on
2153++ 9C59 00 92       		dw	patch_23Ahdr
2154++ 9C5B FF 37 19    		db	255,37h, 1 + 12 * 2	; tone 311
2155++ 9C5E 2E A8       		dw	frq_366
2156++ 9C60             
2157++ 9C60             
2158++ 9C60             ;--- GM 109 = Bagpipes ---
2159++ 9C60             
2160++ 9C60             patch_109A: 	
2161++ 9C60 01          		db	1	; transpose on
2162++ 9C61 6D 9C       		dw	patch_109Ahdr
2163++ 9C63 22 A4 60    		db	34,164, 48 * 2
2164++ 9C66 76 9F       		dw	frq_1
2165++ 9C68 FF A8 5C    		db	255,168, 46 * 2
2166++ 9C6B 4E A6       		dw	frq_335
2167++ 9C6D             patch_109Ahdr: 	
2168++ 9C6D 1C FF       		db	01ch,0ffh
2169++ 9C6F             
2170++ 9C6F             
2171++ 9C6F             patch_109B: 	
2172++ 9C6F 01          		db	1	; transpose on
2173++ 9C70 7C 9C       		dw	patch_109Bhdr
2174++ 9C72 22 A7 60    		db	34,167, 48 * 2
2175++ 9C75 5E 9F       		dw	frq_0
2176++ 9C77 FF A8 5C    		db	255,168, 46 * 2
2177++ 9C7A 4E A6       		dw	frq_335
2178++ 9C7C             patch_109Bhdr: 	
2179++ 9C7C 19 FF       		db	019h,0ffh
2180++ 9C7E             
2181++ 9C7E             ;--- GM 110 = Fiddle ---
2182++ 9C7E             
2183++ 9C7E             patch_110: 	
2184++ 9C7E 01          		db	1	; transpose on
2185++ 9C7F 31 97       		dw	patch_69hdr
2186++ 9C81 23 05 31    		db	35,05h, 1 + 24 * 2	; tone 261
2187++ 9C84 8E A5       		dw	frq_288
2188++ 9C86 28 02 77    		db	40,02h, 1 + 59 * 2	; tone 258
2189++ 9C89 AE A0       		dw	frq_69
2190++ 9C8B 2A 06 69    		db	42,06h, 1 + 52 * 2	; tone 262
2191++ 9C8E 1E AC       		dw	frq_630
2192++ 9C90 2D 07 6D    		db	45,07h, 1 + 54 * 2	; tone 263
2193++ 9C93 5E AB       		dw	frq_556
2194++ 9C95 30 08 73    		db	48,08h, 1 + 57 * 2	; tone 264
2195++ 9C98 FE A4       		dw	frq_264
2196++ 9C9A 33 0A 61    		db	51,0ah, 1 + 48 * 2	; tone 266
2197++ 9C9D 3E B0       		dw	frq_920
2198++ 9C9F 35 0B 67    		db	53,0bh, 1 + 51 * 2	; tone 267
2199++ 9CA2 86 AD       		dw	frq_726
2200++ 9CA4 37 0C 6B    		db	55,0ch, 1 + 53 * 2	; tone 268
2201++ 9CA7 D6 AB       		dw	frq_579
2202++ 9CA9 3A 0D 6F    		db	58,0dh, 1 + 55 * 2	; tone 269
2203++ 9CAC 66 A6       		dw	frq_338
2204++ 9CAE FF 09 75    		db	255,09h, 1 + 58 * 2	; tone 265
2205++ 9CB1 5E A2       		dw	frq_143
2206++ 9CB3             
2207++ 9CB3             ;--- GM 111 = Shanai ---
2208++ 9CB3             
2209++ 9CB3             patch_111: 	
2210++ 9CB3 01          		db	1	; transpose on
2211++ 9CB4 BB 9C       		dw	patch_111hdr
2212++ 9CB6 FF 41 48    		db	255,65, 36 * 2
2213++ 9CB9 96 A9       		dw	frq_448
2214++ 9CBB             patch_111hdr: 	
2215++ 9CBB 31 C8 09 FF 		db	031h,0c8h,9,0ffh
2216++ 9CBF             
2217++ 9CBF             ;--- GM 112 = Tinkle Bell ---
2218++ 9CBF             
2219++ 9CBF             patch_112A: 	
2220++ 9CBF 01          		db	1	; transpose on
2221++ 9CC0 C7 9C       		dw	patch_112Ahdr
2222++ 9CC2 FF F3 00    		db	255,243, 0 * 2
2223++ 9CC5 6E AD       		dw	frq_721
2224++ 9CC7             patch_112Ahdr: 	
2225++ 9CC7 3B 98 D6 FF 		db	03bh,098h,0d6h,0ffh
2226++ 9CCB             
2227++ 9CCB             patch_112B: 	
2228++ 9CCB 01          		db	1	; transpose on
2229++ 9CCC 7D 91       		dw	patch_17hdr
2230++ 9CCE FF 37 49    		db	255,37h, 1 + 36 * 2	; 311
2231++ 9CD1 DE A3       		dw	frq_214
2232++ 9CD3             
2233++ 9CD3             ;--- GM 113 = Agogo ---
2234++ 9CD3             
2235++ 9CD3             patch_113: 	
2236++ 9CD3 00          		db	0	; transpose off
2237++ 9CD4 00 92       		dw	patch_23Ahdr
2238++ 9CD6 FF 0B 18    		db	255,11, 12 * 2
2239++ 9CD9 26 A4       		dw	frq_217
2240++ 9CDB             
2241++ 9CDB             
2242++ 9CDB             ;--- GM 114 = Steel Drums ---
2243++ 9CDB             
2244++ 9CDB             patch_114A: 	
2245++ 9CDB 00          		db	0	; transpose off
2246++ 9CDC E3 9C       		dw	patch_114Ahdr
2247++ 9CDE FF FE 18    		db	255,254, 12 * 2
2248++ 9CE1 1E A6       		dw	frq_317
2249++ 9CE3             patch_114Ahdr: 	
2250++ 9CE3 38 E0 01 FF 		db	038h,0e0h,1,0ffh
2251++ 9CE7             
2252++ 9CE7             patch_114B: 	
2253++ 9CE7 00          		db	0	; transpose off
2254++ 9CE8 EF 9C       		dw	patch_114Bhdr
2255++ 9CEA FF 01 49    		db	255,1, 1 + 36 * 2	; tone 257
2256++ 9CED 36 A3       		dw	frq_195
2257++ 9CEF             patch_114Bhdr: 	
2258++ 9CEF             		db	038h,098h,0b0h,0b0h,005h,0e0h,1,0ffh
2258++ 9CEF 3898B0B005E001FF
2259++ 9CF7             
2260++ 9CF7             ;--- GM 115 = Woodblock ---
2261++ 9CF7             
2262++ 9CF7             patch_115: 	
2263++ 9CF7 00          		db	0	; transpose off
2264++ 9CF8 FF 9C       		dw	patch_115hdr
2265++ 9CFA FF 2C 30    		db	255,44, 24 * 2
2266++ 9CFD 56 A7       		dw	frq_355
2267++ 9CFF             patch_115hdr: 	
2268++ 9CFF 00 FF       		db	0,0ffh
2269++ 9D01             
2270++ 9D01             ;--- GM 116 = Taiko Drum ---
2271++ 9D01             
2272++ 9D01             patch_116: 	
2273++ 9D01 00          		db	0	; transpose off
2274++ 9D02 00 92       		dw	patch_23Ahdr
2275++ 9D04 FF 3E 18    		db	255,62, 12 * 2
2276++ 9D07 26 A4       		dw	frq_217
2277++ 9D09             
2278++ 9D09             ;--- GM 117 = Melodic Tom ---
2279++ 9D09             
2280++ 9D09             patch_117: 	
2281++ 9D09 00          		db	0	; transpose off
2282++ 9D0A 11 9D       		dw	patch_117hdr
2283++ 9D0C FF C7 48    		db	255,199, 36 * 2
2284++ 9D0F EE AB       		dw	frq_616
2285++ 9D11             patch_117hdr: 	
2286++ 9D11 38 C8 01 FF 		db	038h,0c8h,1,0ffh
2287++ 9D15             
2288++ 9D15             ;--- GM 118 = Synth Drum ---
2289++ 9D15             
2290++ 9D15             patch_118: 	
2291++ 9D15 00          		db	0	; transpose off
2292++ 9D16 00 92       		dw	patch_23Ahdr
2293++ 9D18 FF 26 30    		db	255,38, 24 * 2
2294++ 9D1B 66 A0       		dw	frq_27
2295++ 9D1D             
2296++ 9D1D             ;--- GM 119 = Reverse Cymbal ---
2297++ 9D1D             
2298++ 9D1D             patch_119: 	
2299++ 9D1D 00          		db	0	; transpose off
2300++ 9D1E 25 9D       		dw	patch_119hdr
2301++ 9D20 FF 31 48    		db	255,49, 36 * 2
2302++ 9D23 5E A2       		dw	frq_143
2303++ 9D25             patch_119hdr: 	
2304++ 9D25 38 C8 09 FF 		db	038h,0c8h,9,0ffh
2305++ 9D29             
2306++ 9D29             ;--- GM 120 = Gtr Fret Noise ---
2307++ 9D29             
2308++ 9D29             patch_120: 	
2309++ 9D29 00          		db	0	; transpose off
2310++ 9D2A 00 92       		dw	patch_23Ahdr
2311++ 9D2C FF 38 31    		db	255,38h, 1 + 24 * 2	; tone 312
2312++ 9D2F 3E A7       		dw	frq_354
2313++ 9D31             
2314++ 9D31             ;--- GM 121 = Breath Noise ---
2315++ 9D31             
2316++ 9D31             patch_121: 	
2317++ 9D31 00          		db	0	; transpose off
2318++ 9D32 00 92       		dw	patch_23Ahdr
2319++ 9D34 FF 25 31    		db	255,25h, 1 + 24 * 2	; tone 293
2320++ 9D37 B6 AD       		dw	frq_733
2321++ 9D39             
2322++ 9D39             ;--- GM 122 = Sea Shore ---
2323++ 9D39             
2324++ 9D39             patch_122A: 	
2325++ 9D39 00          		db	0	; transpose off
2326++ 9D3A 41 9D       		dw	patch_122Ahdr
2327++ 9D3C FF 08 48    		db	255,8, 36 * 2
2328++ 9D3F FE A4       		dw	frq_264
2329++ 9D41             patch_122Ahdr: 	
2330++ 9D41 00 C8 04 FF 		db	0,0c8h,4,0ffh
2331++ 9D45             
2332++ 9D45             patch_122B: 	
2333++ 9D45 00          		db	0	; transpose off
2334++ 9D46 4D 9D       		dw	patch_122Bhdr
2335++ 9D48 FF 37 60    		db	255,55, 48 * 2
2336++ 9D4B 66 A3       		dw	frq_203
2337++ 9D4D             patch_122Bhdr: 	
2338++ 9D4D             		db	0,098h,020h,0b0h,4,0c8h,5,0e0h,0,0ffh
2338++ 9D4D 009820B004C805E000FF
2339++ 9D57             
2340++ 9D57             
2341++ 9D57             ;--- GM 124 = Telephone / Bird ---
2342++ 9D57             
2343++ 9D57             patch_124: 	
2344++ 9D57 00          		db	0	; transpose off
2345++ 9D58 FF 9C       		dw	patch_115hdr
2346++ 9D5A 30 03 48    		db	48, 3, 36 * 2
2347++ 9D5D 66 A0       		dw	frq_27
2348++ 9D5F FF 09 48    		db	255, 9, 36 * 2
2349++ 9D62 66 A3       		dw	frq_203
2350++ 9D64             
2351++ 9D64             
2352++ 9D64             ;--- GM 125 = Helicopter ---
2353++ 9D64             
2354++ 9D64             patch_125A: 	
2355++ 9D64 00          		db	0	; transpose off
2356++ 9D65 6C 9D       		dw	patch_125Ahdr
2357++ 9D67 FF 01 30    		db	255, 1, 24 * 2
2358++ 9D6A BE AB       		dw	frq_560
2359++ 9D6C             patch_125Ahdr: 	
2360++ 9D6C 08 C8 07 FF 		db	8,0c8h,7,0ffh
2361++ 9D70             
2362++ 9D70 00          patch_125B: 	db	0	; transpose off
2363++ 9D71 78 9D       		dw	patch_125Bhdr
2364++ 9D73 FF 37 48    		db	255, 55, 36 * 2
2365++ 9D76 26 AA       		dw	frq_462
2366++ 9D78             patch_125Bhdr: 	
2367++ 9D78             		db	0,0c8h,7,0e0h,0,0ffh
2367++ 9D78 00C807E000FF
2368++ 9D7E             
2369++ 9D7E             
2370++ 9D7E             ;--- GM 126 = Applause ---
2371++ 9D7E             
2372++ 9D7E             patch_126A: 	
2373++ 9D7E 00          		db	0	; transpose off
2374++ 9D7F 86 9D       		dw	patch_126Ahdr
2375++ 9D81 FF 36 30    		db	255, 54, 24 * 2
2376++ 9D84 0E A4       		dw	frq_216
2377++ 9D86             patch_126Ahdr: 	
2378++ 9D86 0F 98 70 FF 		db	0fh,098h,070h,0ffh
2379++ 9D8A             
2380++ 9D8A             patch_126B: 	
2381++ 9D8A 00          		db	0	; transpose off
2382++ 9D8B 92 9D       		dw	patch_126Bhdr
2383++ 9D8D FF 36 30    		db	255, 54, 24 * 2
2384++ 9D90 26 AA       		dw	frq_462
2385++ 9D92             patch_126Bhdr: 	
2386++ 9D92 07 98 70 FF 		db	07h,098h,070h,0ffh
2387++ 9D96             
2388++ 9D96             ;--- GM 127 = Gunshot / Snare ---
2389++ 9D96             
2390++ 9D96             patch_127: 	
2391++ 9D96 00          		db	0	; transpose off
2392++ 9D97 A3 9D       		dw	patch_127hdr
2393++ 9D99 30 39 31    		db	48,39h, 1 + 24 * 2	; tone 313
2394++ 9D9C 66 A3       		dw	frq_203
2395++ 9D9E             ;        	db      255, 59, 1 + 24 * 2
2396++ 9D9E FF 78 30    		db	255, 120, 0 + 24 * 2
2397++ 9DA1 66 A3       		dw	frq_203
2398++ 9DA3             patch_127hdr: 	
2399++ 9DA3 38 C8 03 FF 		db	038h,0c8h,3,0ffh
2400++ 9DA7             
2401++ 9DA7             ;--- Drum patch 1 ---
2402++ 9DA7             
2403++ 9DA7             drum_1: 	
2404++ 9DA7 00          		db	0	; transpose off
2405++ 9DA8 B4 9D       		dw	drum_1hdr
2406++ 9DAA 30 11 30    		db	48,17, 24 * 2	; tone 17
2407++ 9DAD FE A4       		dw	frq_264
2408++ 9DAF FF BF 48    		db	255,191, 36 * 2	; tone 191
2409++ 9DB2 FE A4       		dw	frq_264
2410++ 9DB4             drum_1hdr: 	
2411++ 9DB4             		db	0,098h,0f4h,0b0h,0feh,0c8h,6,0ffh
2411++ 9DB4 0098F4B0FEC806FF
2412++ 9DBC             
2413++ 9DBC             ;--- Drum patch 2 ---
2414++ 9DBC             
2415++ 9DBC             drum_2: 	
2416++ 9DBC 00          		db	0	; transpose off
2417++ 9DBD C9 9D       		dw	drum_2hdr
2418++ 9DBF 30 D1 30    		db	48,209, 24 * 2	; tone 209
2419++ 9DC2 DE AF       		dw	frq_908
2420++ 9DC4 FF C5 30    		db	255,197, 24 * 2	; tone 197
2421++ 9DC7 DE AF       		dw	frq_908
2422++ 9DC9             drum_2hdr: 	
2423++ 9DC9             		db	0,098h,0f5h,0b0h,0f2h,0c8h,6,0ffh
2423++ 9DC9 0098F5B0F2C806FF
2424++ 9DD1             
2425++ 9DD1             
2426++ 9DD1             ;--- Drum patch 3 ---
2427++ 9DD1             
2428++ 9DD1             drum_3: 		
2429++ 9DD1 00          		db	0	; transpose off
2430++ 9DD2 D9 9D       		dw	drum_3hdr
2431++ 9DD4 FF 0A 30    		db	255,10, 24 * 2	; tone 10
2432++ 9DD7 AE AC       		dw	frq_654
2433++ 9DD9             drum_3hdr: 	
2434++ 9DD9             		db	0,098h,0f4h,0b0h,0f2h,0c8h,6,0ffh
2434++ 9DD9 0098F4B0F2C806FF
2435++ 9DE1             
2436++ 9DE1             ;--- Drum patch 4 ---
2437++ 9DE1             
2438++ 9DE1             drum_4: 		
2439++ 9DE1 00          		db	0	; transpose off
2440++ 9DE2 D9 9D       		dw	drum_3hdr
2441++ 9DE4 FF 1C 30    		db	255,28, 24 * 2	; tone 28
2442++ 9DE7 D6 A2       		dw	frq_187
2443++ 9DE9             
2444++ 9DE9             ;--- Drum patch 5 ---
2445++ 9DE9             
2446++ 9DE9             drum_5: 	
2447++ 9DE9 00          		db	0	; transpose off
2448++ 9DEA D9 9D       		dw	drum_3hdr
2449++ 9DEC FF 1F 30    		db	255,31, 24 * 2	; tone 31
2450++ 9DEF DE AF       		dw	frq_908
2451++ 9DF1             
2452++ 9DF1             ;--- Drum patch 6 ---
2453++ 9DF1             
2454++ 9DF1             drum_6: 		
2455++ 9DF1 00          		db	0	; transpose off
2456++ 9DF2 D9 9D       		dw	drum_3hdr
2457++ 9DF4 FF 9C 30    		db	255,156, 24 * 2	; tone 156
2458++ 9DF7 66 A0       		dw	frq_27
2459++ 9DF9             
2460++ 9DF9             ;--- Drum patch 7 ---
2461++ 9DF9             
2462++ 9DF9             drum_7: 	
2463++ 9DF9 00          		db	0	; transpose off
2464++ 9DFA D9 9D       		dw	drum_3hdr
2465++ 9DFC FF 31 30    		db	255,49, 24 * 2	; tone 49
2466++ 9DFF 36 A0       		dw	frq_24
2467++ 9E01             
2468++ 9E01             ;--- Drum patch 8 ---
2469++ 9E01             
2470++ 9E01             drum_8: 	
2471++ 9E01 00          		db	0	; transpose off
2472++ 9E02 09 9E       		dw	drum_8hdr
2473++ 9E04 FF 9D 30    		db	255,157, 24 * 2	; tone 157
2474++ 9E07 CE AD       		dw	frq_737
2475++ 9E09             drum_8hdr: 	
2476++ 9E09             		db	0,0b0h,027h,0c8h,6,0ffh
2476++ 9E09 00B027C806FF
2477++ 9E0F             
2478++ 9E0F             gmdrm_hdr1: 	
2479++ 9E0F             		db	0,098h,0f4h,0b0h,0f2h,0c8h,6,0ffh
2479++ 9E0F 0098F4B0F2C806FF
2480++ 9E17             gmdrm_hdr2: 	
2481++ 9E17             		db	0,098h,0f5h,0b0h,0f2h,0c8h,6,0ffh
2481++ 9E17 0098F5B0F2C806FF
2482++ 9E1F             gmdrm_hdr3: 	
2483++ 9E1F             		db	0,098h,0f2h,0b0h,0f2h,0c8h,6,0ffh
2483++ 9E1F 0098F2B0F2C806FF
2484++ 9E27             gmdrm_hdr4: 	
2485++ 9E27             		db	0,098h,0f1h,0b0h,0f2h,0c8h,6,0ffh
2485++ 9E27 0098F1B0F2C806FF
2486++ 9E2F             gmdrm_hdr5: 	
2487++ 9E2F             		db	0,098h,0f4h,0b0h,027h,0c8h,6,0ffh
2487++ 9E2F 0098F4B027C806FF
2488++ 9E37             gmdrm_hdr6: 	
2489++ 9E37             		db	0,098h,0f4h,0b0h,0f2h,0c8h,7,0ffh
2489++ 9E37 0098F4B0F2C807FF
2490++ 9E3F             gmdrm_hdr7: 	
2491++ 9E3F             		db	0,098h,0f6h,0b0h,0ffh,0c8h,6,0ffh
2491++ 9E3F 0098F6B0FFC806FF
2492++ 9E47             gmdrm_hdr8: 	
2493++ 9E47             		db	0,098h,0f4h,0b0h,0f2h,0c8h,6,0ffh
2493++ 9E47 0098F4B0F2C806FF
2494++ 9E4F             gmdrm_hdr9: 	
2495++ 9E4F             		db	0,098h,0f4h,0b0h,0f2h,0c8h,4,0ffh
2495++ 9E4F 0098F4B0F2C804FF
2496++ 9E57             
2497++ 9E57             ;--- Midi Drum patch ---
2498++ 9E57             
2499++ 9E57             drum_midi: 	
2500++ 9E57 00          		db	0	; transpose off
2501++ 9E58 0F 9E       		dw	gmdrm_hdr1
2502++ 9E5A 24 10 1A    		db	36,16, (48 - 35) * 2	; tone 16
2503++ 9E5D EE A5       		dw	frq_311
2504++ 9E5F             
2505++ 9E5F             MBPlayer_gmdrm_c4: 
2506++ 9E5F             gmdrm_c4: 	
2507++ 9E5F 11          		db	17
2508++ 9E60 18 F2       		db	018h,0f2h
2509++ 9E62 0F 9E       		dw	gmdrm_hdr1
2510++ 9E64             gmdrm_cp4: 	
2511++ 9E64 D2          		db	210
2512++ 9E65 F6 00       		db	0f6h,0
2513++ 9E67 0F 9E       		dw	gmdrm_hdr1
2514++ 9E69             gmdrm_d4: 	
2515++ 9E69 D1          		db	209
2516++ 9E6A F4 F6       		db	0f4h,0f6h
2517++ 9E6C 17 9E       		dw	gmdrm_hdr2
2518++ 9E6E             gmdrm_dp4: 	
2519++ 9E6E 0A          		db	10
2520++ 9E6F 2A F5       		db	02ah,0f5h
2521++ 9E71 0F 9E       		dw	gmdrm_hdr1
2522++ 9E73             gmdrm_e4: 	
2523++ 9E73 D1          		db	209
2524++ 9E74 38 03       		db	038h,003h
2525++ 9E76 1F 9E       		dw	gmdrm_hdr3
2526++ 9E78             gmdrm_f4: 	
2527++ 9E78 C8          		db	200
2528++ 9E79 60 00       		db	060h,0
2529++ 9E7B 0F 9E       		dw	gmdrm_hdr1
2530++ 9E7D             gmdrm_fp4: 	
2531++ 9E7D 79          		db	121
2532++ 9E7E 5C 01       		db	05ch,1
2533++ 9E80 0F 9E       		dw	gmdrm_hdr1
2534++ 9E82             gmdrm_g4: 	
2535++ 9E82 C8          		db	200
2536++ 9E83 A8 02       		db	0a8h,2
2537++ 9E85 0F 9E       		dw	gmdrm_hdr1
2538++ 9E87             gmdrm_gp4: 	
2539++ 9E87 7B          		db	123
2540++ 9E88 34 05       		db	034h,5
2541++ 9E8A 0F 9E       		dw	gmdrm_hdr1
2542++ 9E8C             gmdrm_a4: 	
2543++ 9E8C C8          		db	200
2544++ 9E8D 46 04       		db	046h,4
2545++ 9E8F 0F 9E       		dw	gmdrm_hdr1
2546++ 9E91             gmdrm_ap4: 	
2547++ 9E91 7A          		db	122
2548++ 9E92 34 05       		db	034h,5
2549++ 9E94 27 9E       		dw	gmdrm_hdr4
2550++ 9E96 C7          gmdrm_b4: 	db	199
2551++ 9E97 0A 03       		db	00ah,3
2552++ 9E99 0F 9E       		dw	gmdrm_hdr1
2553++ 9E9B             
2554++ 9E9B             gmdrm_c5: 	
2555++ 9E9B C7          		db	199
2556++ 9E9C F4 04       		db	0f4h,4
2557++ 9E9E 0F 9E       		dw	gmdrm_hdr1
2558++ 9EA0             gmdrm_cp5: 	
2559++ 9EA0 31          		db	49
2560++ 9EA1 32 00       		db	032h,0
2561++ 9EA3 0F 9E       		dw	gmdrm_hdr1
2562++ 9EA5             gmdrm_d5: 	
2563++ 9EA5 C7          		db	199
2564++ 9EA6 90 10       		db	090h,010h
2565++ 9EA8 0F 9E       		dw	gmdrm_hdr1
2566++ 9EAA             gmdrm_dp5: 	
2567++ 9EAA 2E          		db	46
2568++ 9EAB CE 01       		db	0ceh,1
2569++ 9EAD 0F 9E       		dw	gmdrm_hdr1
2570++ 9EAF             gmdrm_e5: 	
2571++ 9EAF 7A          		db	122
2572++ 9EB0 56 E1       		db	056h,0e1h
2573++ 9EB2 0F 9E       		dw	gmdrm_hdr1
2574++ 9EB4             gmdrm_f5: 	
2575++ 9EB4 21          		db	33
2576++ 9EB5 3C 01       		db	03ch,1
2577++ 9EB7 0F 9E       		dw	gmdrm_hdr1
2578++ 9EB9             gmdrm_fp5: 	
2579++ 9EB9 25          		db	37
2580++ 9EBA BA 00       		db	0bah,0
2581++ 9EBC 1F 9E       		dw	gmdrm_hdr3
2582++ 9EBE             gmdrm_g5: 	
2583++ 9EBE 31          		db	49
2584++ 9EBF CA 05       		db	0cah,5
2585++ 9EC1 17 9E       		dw	gmdrm_hdr2
2586++ 9EC3 1D          gmdrm_gp5: 	db	29
2587++ 9EC4 FE F6       		db	0feh,0f6h
2588++ 9EC6 0F 9E       		dw	gmdrm_hdr1
2589++ 9EC8             gmdrm_a5: 	
2590++ 9EC8 31          		db	49
2591++ 9EC9 70 03       		db	070h,3
2592++ 9ECB 0F 9E       		dw	gmdrm_hdr1
2593++ 9ECD 9D          gmdrm_ap5: 	db	157
2594++ 9ECE CA F5       		db	0cah,0f5h
2595++ 9ED0 2F 9E       		dw	gmdrm_hdr5
2596++ 9ED2             gmdrm_b5: 	
2597++ 9ED2 2E          		db	46
2598++ 9ED3 74 05       		db	074h,5
2599++ 9ED5 37 9E       		dw	gmdrm_hdr6
2600++ 9ED7             
2601++ 9ED7             gmdrm_c6: 	
2602++ 9ED7 1C          		db	28
2603++ 9ED8 76 01       		db	076h,1
2604++ 9EDA 0F 9E       		dw	gmdrm_hdr1
2605++ 9EDC             gmdrm_cp6: 	
2606++ 9EDC 1C          		db	28
2607++ 9EDD 32 00       		db	032h,0
2608++ 9EDF 0F 9E       		dw	gmdrm_hdr1
2609++ 9EE1             gmdrm_d6: 	
2610++ 9EE1 1E          		db	30
2611++ 9EE2 DA F4       		db	0dah,0f4h
2612++ 9EE4 0F 9E       		dw	gmdrm_hdr1
2613++ 9EE6             gmdrm_dp6: 	
2614++ 9EE6 1F          		db	31
2615++ 9EE7 FE F6       		db	0feh,0f6h
2616++ 9EE9 0F 9E       		dw	gmdrm_hdr1
2617++ 9EEB             gmdrm_e6: 	
2618++ 9EEB 1F          		db	31
2619++ 9EEC FC F2       		db	0fch,0f2h
2620++ 9EEE 0F 9E       		dw	gmdrm_hdr1
2621++ 9EF0             gmdrm_f6: 	
2622++ 9EF0 9C          		db	156
2623++ 9EF1 3E 00       		db	03eh,0
2624++ 9EF3 0F 9E       		dw	gmdrm_hdr1
2625++ 9EF5             gmdrm_fp6: 	
2626++ 9EF5 9C          		db	156
2627++ 9EF6 D0 F4       		db	0d0h,0f4h
2628++ 9EF8 0F 9E       		dw	gmdrm_hdr1
2629++ 9EFA             gmdrm_g6: 	
2630++ 9EFA 0B          		db	11
2631++ 9EFB 16 00       		db	016h,0
2632++ 9EFD 0F 9E       		dw	gmdrm_hdr1
2633++ 9EFF             gmdrm_gp6: 	
2634++ 9EFF 0B          		db	11
2635++ 9F00 3C F4       		db	03ch,0f4h
2636++ 9F02 0F 9E       		dw	gmdrm_hdr1
2637++ 9F04             gmdrm_a6: 	
2638++ 9F04 2F          		db	47
2639++ 9F05 50 03       		db	050h,3
2640++ 9F07 0F 9E       		dw	gmdrm_hdr1
2641++ 9F09             gmdrm_ap6: 	
2642++ 9F09 30          		db	48
2643++ 9F0A 4A 00       		db	04ah,0
2644++ 9F0C 0F 9E       		dw	gmdrm_hdr1
2645++ 9F0E             gmdrm_b6: 	
2646++ 9F0E 2D          		db	45
2647++ 9F0F 38 F3       		db	038h,0f3h
2648++ 9F11 0F 9E       		dw	gmdrm_hdr1
2649++ 9F13             
2650++ 9F13             gmdrm_c7: 	
2651++ 9F13 44          		db	044h
2652++ 9F14 53 F2       		db	053h,0f2h
2653++ 9F16 3F 9E       		dw	gmdrm_hdr7
2654++ 9F18             gmdrm_cp7: 	
2655++ 9F18 24          		db	36
2656++ 9F19 74 05       		db	074h,5
2657++ 9F1B 47 9E       		dw	gmdrm_hdr8
2658++ 9F1D             gmdrm_d7: 	
2659++ 9F1D 24          		db	36
2660++ 9F1E 48 F6       		db	048h,0f6h
2661++ 9F20 0F 9E       		dw	gmdrm_hdr1
2662++ 9F22             gmdrm_dp7: 	
2663++ 9F22 20          		db	32
2664++ 9F23 50 F5       		db	050h,0f5h
2665++ 9F25 0F 9E       		dw	gmdrm_hdr1
2666++ 9F27             gmdrm_e7: 	
2667++ 9F27 2C          		db	44
2668++ 9F28 28 F2       		db	028h,0f2h
2669++ 9F2A 0F 9E       		dw	gmdrm_hdr1
2670++ 9F2C             gmdrm_f7: 	
2671++ 9F2C 2C          		db	44
2672++ 9F2D 5C E7       		db	05ch,0e7h
2673++ 9F2F 0F 9E       		dw	gmdrm_hdr1
2674++ 9F31             gmdrm_fp7: 	
2675++ 9F31 22          		db	34
2676++ 9F32 22 10       		db	022h,010h
2677++ 9F34 0F 9E       		dw	gmdrm_hdr1
2678++ 9F36             gmdrm_g7: 	
2679++ 9F36 23          		db	35
2680++ 9F37 C0 F6       		db	0c0h,0f6h
2681++ 9F39 0F 9E       		dw	gmdrm_hdr1
2682++ 9F3B             gmdrm_gp7: 	
2683++ 9F3B 32          		db	50
2684++ 9F3C 50 00       		db	050h,0
2685++ 9F3E 0F 9E       		dw	gmdrm_hdr1
2686++ 9F40             gmdrm_a7: 	
2687++ 9F40 32          		db	50
2688++ 9F41 54 00       		db	054h,0
2689++ 9F43 4F 9E       		dw	gmdrm_hdr9
2690++ 9F45             gmdrm_ap7: 	
2691++ 9F45 BF          		db	191
2692++ 9F46 18 F2       		db	018h,0f2h
2693++ 9F48 0F 9E       		dw	gmdrm_hdr1
2694++ 9F4A             gmdrm_b7: 	
2695++ 9F4A C5          		db	197
2696++ 9F4B 18 F7       		db	018h,0f7h
2697++ 9F4D 0F 9E       		dw	gmdrm_hdr1
2698++ 9F4F             gmdrm_c8: 	
2699++ 9F4F C5          		db	197
2700++ 9F50 38 03       		db	038h,003h
2701++ 9F52 0F 9E       		dw	gmdrm_hdr1
2702++ 9F54             gmdrm_cp8: 	
2703++ 9F54 D0          		db	208
2704++ 9F55 18 F2       		db	018h,0f2h
2705++ 9F57 0F 9E       		dw	gmdrm_hdr1
2706++ 9F59             gmdrm_d8: 	
2707++ 9F59 78          		db	120
2708++ 9F5A 18 F2       		db	018h,0f2h
2709++ 9F5C 0F 9E       		dw	gmdrm_hdr1
2710++ 9F5E             
1592+  9F5E             		.include "freq_table_4.inc"
0001++ 9F5E             ;-------------------------------------------------------------------
0002++ 9F5E             ; îïèñàíèå:  Òàáëèöà ÷àñòîò
0003++ 9F5E             ;---------------------------------------------------------------------
0004++ 9F5E             frq_0: 		
0005++ 9F5E             		dw	0,61,125,194,266,343,424,510,601,698,801,909
0005++ 9F5E 00003D007D00C2000A015701A801FE015902BA0221038D03
0006++ 9F76             frq_1: 		
0007++ 9F76             		dw	1,62,127,195,268,345,426,512,604,700,803,912
0007++ 9F76 01003E007F00C3000C015901AA0100025C02BC0223039003
0008++ 9F8E             frq_8: 		
0009++ 9F8E             		dw	8,69,134,203,276,353,435,522,614,711,814,924
0009++ 9F8E 080045008600CB0014016101B3010A026602C7022E039C03
0010++ 9FA6             frq_9: 		
0011++ 9FA6             		dw	9,70,135,204,277,355,437,524,616,713,816,926
0011++ 9FA6 090046008700CC0015016301B5010C026802C90230039E03
0012++ 9FBE             frq_10: 		
0013++ 9FBE             		dw	10,71,136,205,278,356,438,525,617,714,818,927
0013++ 9FBE 0A0047008800CD0016016401B6010D026902CA0232039F03
0014++ 9FD6             frq_15: 		
0015++ 9FD6             		dw	15,77,143,212,286,364,446,533,626,724,828,938
0015++ 9FD6 0F004D008F00D4001E016C01BE0115027202D4023C03AA03
0016++ 9FEE             frq_20: 		
0017++ 9FEE             		dw	20,82,148,217,291,369,452,540,633,731,836,946
0017++ 9FEE 140052009400D90023017101C4011C027902DB024403B203
0018++ A006             frq_21: 		
0019++ A006             		dw	21,83,148,218,292,370,453,542,635,733,838,949
0019++ A006 150053009400DA0024017201C5011E027B02DD024603B503
0020++ A01E             frq_22: 		
0021++ A01E             		dw	22,84,150,219,293,372,455,542,636,734,839,950
0021++ A01E 160054009600DB0025017401C7011E027C02DE024703B603
0022++ A036             frq_24: 		
0023++ A036             		dw	24,86,152,222,296,375,457,545,639,737,842,953
0023++ A036 180056009800DE0028017701C90121027F02E1024A03B903
0024++ A04E             frq_26: 		
0025++ A04E             		dw	26,88,154,224,299,377,461,549,642,741,846,958
0025++ A04E 1A0058009A00E0002B017901CD0125028202E5024E03BE03
0026++ A066             frq_27: 		
0027++ A066             		dw	27,89,155,225,300,378,462,550,644,743,848,959
0027++ A066 1B0059009B00E1002C017A01CE0126028402E7025003BF03
0028++ A07E             frq_45: 		
0029++ A07E             		dw	45,109,176,248,324,403,488,578,673,774,881,995
0029++ A07E 2D006D00B000F80044019301E8014202A10206037103E303
0030++ A096             frq_46: 		
0031++ A096             		dw	46,110,177,248,324,404,489,579,674,775,882,996
0031++ A096 2E006E00B100F80044019401E9014302A20207037203E403
0032++ A0AE             frq_69: 		
0033++ A0AE             		dw	69,134,203,276,353,435,522,614,711,815,924,8+2048
0033++ A0AE 45008600CB0014016101B3010A026602C7022F039C030808
0034++ A0C6             frq_70: 		
0035++ A0C6             		dw	70,135,204,277,354,436,523,615,712,815,925,8+2048
0035++ A0C6 46008700CC0015016201B4010B026702C8022F039D030808
0036++ A0DE             frq_73: 		
0037++ A0DE             		dw	73,139,208,281,359,441,528,620,718,822,932,12+2048
0037++ A0DE 49008B00D00019016701B90110026C02CE023603A4030C08
0038++ A0F6             frq_75: 		
0039++ A0F6             		dw	75,141,210,283,361,444,531,623,721,825,935,14+2048
0039++ A0F6 4B008D00D2001B016901BC0113026F02D1023903A7030E08
0040++ A10E             frq_79: 		
0041++ A10E             		dw	79,145,214,288,366,449,536,629,727,831,942,17+2048
0041++ A10E 4F009100D60020016E01C10118027502D7023F03AE031108
0042++ A126             frq_82: 		
0043++ A126             		dw	82,147,217,291,369,452,540,633,731,835,946,20+2048
0043++ A126 52009300D90023017101C4011C027902DB024303B2031408
0044++ A13E             frq_84: 		
0045++ A13E             		dw	84,150,219,293,372,455,543,636,734,839,950,22+2048
0045++ A13E 54009600DB0025017401C7011F027C02DE024703B6031608
0046++ A156             frq_88: 		
0047++ A156             		dw	88,154,224,298,377,460,548,642,741,846,957,25+2048
0047++ A156 58009A00E0002A017901CC0124028202E5024E03BD031908
0048++ A16E             frq_89: 		
0049++ A16E             		dw	89,155,225,299,378,461,550,643,742,847,959,26+2048
0049++ A16E 59009B00E1002B017A01CD0126028302E6024F03BF031A08
0050++ A186             frq_91: 		
0051++ A186             		dw	91,157,228,302,381,465,553,647,746,851,963,29+2048
0051++ A186 5B009D00E4002E017D01D10129028702EA025303C3031D08
0052++ A19E             frq_94: 		
0053++ A19E             		dw	94,161,231,306,385,469,557,651,751,857,968,31+2048
0053++ A19E 5E00A100E70032018101D5012D028B02EF025903C8031F08
0054++ A1B6             frq_96: 		
0055++ A1B6             		dw	96,162,233,308,387,471,560,654,753,859,971,33+2048
0055++ A1B6 6000A200E90034018301D70130028E02F1025B03CB032108
0056++ A1CE             frq_97: 		
0057++ A1CE             		dw	97,164,235,309,389,473,562,656,756,862,974,34+2048
0057++ A1CE 6100A400EB0035018501D90132029002F4025E03CE032208
0058++ A1E6             frq_98: 		
0059++ A1E6             		dw	98,165,236,311,390,474,563,657,757,863,976,35+2048
0059++ A1E6 6200A500EC0037018601DA0133029102F5025F03D0032308
0060++ A1FE             frq_113: 	
0061++ A1FE             		dw	113,180,252,328,408,493,583,679,780,887,1001,49+2048
0061++ A1FE 7100B400FC0048019801ED014702A7020C037703E9033108
0062++ A216             frq_118: 	
0063++ A216             		dw	118,186,257,334,415,501,591,687,789,897,1011,54+2048
0063++ A216 7600BA0001014E019F01F5014F02AF0215038103F3033608
0064++ A22E             frq_135: 	
0065++ A22E             		dw	135,204,277,355,437,524,616,713,816,926,9+2048,70+2048
0065++ A22E 8700CC0015016301B5010C026802C90230039E0309084608
0066++ A246             frq_141: 	
0067++ A246             		dw	141,210,283,361,443,530,623,721,825,935,13+2048,75+2048
0067++ A246 8D00D2001B016901BB0112026F02D1023903A7030D084B08
0068++ A25E             frq_143: 	
0069++ A25E             		dw	143,212,286,363,446,533,626,724,828,938,15+2048,77+2048
0069++ A25E 8F00D4001E016B01BE0115027202D4023C03AA030F084D08
0070++ A276             frq_155: 	
0071++ A276             		dw	155,225,299,376,461,549,643,742,847,959,26+2048,89+2048
0071++ A276 9B00E1002B017801CD0125028302E6024F03BF031A085908
0072++ A28E             frq_156: 	
0073++ A28E             		dw	156,226,300,379,462,551,644,744,849,960,27+2048,89+2048
0073++ A28E 9C00E2002C017B01CE0127028402E8025103C0031B085908
0074++ A2A6             frq_167: 	
0075++ A2A6             		dw	167,237,312,392,476,565,660,760,866,978,37+2048,100+2048
0075++ A2A6 A700ED0038018801DC0135029402F8026203D20325086408
0076++ A2BE             frq_184: 	
0077++ A2BE             		dw	184,256,332,413,499,589,685,787,894,1008,53+2048,117+2048
0077++ A2BE B80000014C019D01F3014D02AD0213037E03F00335087508
0078++ A2D6             frq_187: 	
0079++ A2D6             		dw	187,259,336,417,502,593,689,791,899,1013,55+2048,119+2048
0079++ A2D6 BB0003015001A101F6015102B10217038303F50337087708
0080++ A2EE             frq_188: 	
0081++ A2EE             		dw	188,260,336,417,503,593,690,792,899,1014,56+2048,120+2048
0081++ A2EE BC0004015001A101F7015102B20218038303F60338087808
0082++ A306             frq_191: 	
0083++ A306             		dw	191,263,340,421,507,598,694,796,905,1019,58+2048,123+2048
0083++ A306 BF0007015401A501FB015602B6021C038903FB033A087B08
0084++ A31E             frq_192: 	
0085++ A31E             		dw	192,264,341,422,508,599,696,798,906,1021,59+2048,124+2048
0085++ A31E C00008015501A601FC015702B8021E038A03FD033B087C08
0086++ A336             frq_195: 	
0087++ A336             		dw	195,267,344,425,512,603,700,802,911,1+2048,62+2048,126+2048
0087++ A336 C3000B015801A90100025B02BC0222038F0301083E087E08
0088++ A34E             frq_202: 	
0089++ A34E             		dw	202,275,352,434,521,613,710,813,922,7+2048,68+2048,133+2048
0089++ A34E CA0013016001B20109026502C6022D039A03070844088508
0090++ A366             frq_203: 	
0091++ A366             		dw	203,276,353,435,522,614,711,815,924,8+2048,69+2048,134+2048
0091++ A366 CB0014016101B3010A026602C7022F039C03080845088608
0092++ A37E             frq_204: 	
0093++ A37E             		dw	204,277,354,436,523,615,712,815,925,8+2048,70+2048,135+2048
0093++ A37E CC0015016201B4010B026702C8022F039D03080846088708
0094++ A396             frq_206: 	
0095++ A396             		dw	206,279,356,438,525,618,715,819,928,10+2048,72+2048,137+2048
0095++ A396 CE0017016401B6010D026A02CB023303A0030A0848088908
0096++ A3AE             frq_208: 	
0097++ A3AE             		dw	208,281,359,441,528,621,718,822,932,12+2048,74+2048,139+2048
0097++ A3AE D00019016701B90110026D02CE023603A4030C084A088B08
0098++ A3C6             frq_211: 	
0099++ A3C6             		dw	211,284,362,445,532,624,722,826,936,14+2048,76+2048,142+2048
0099++ A3C6 D3001C016A01BD0114027002D2023A03A8030E084C088E08
0100++ A3DE             frq_214: 	
0101++ A3DE             		dw	214,288,366,449,536,629,727,831,942,17+2048,79+2048,145+2048
0101++ A3DE D60020016E01C10118027502D7023F03AE0311084F089108
0102++ A3F6             frq_215: 	
0103++ A3F6             		dw	215,289,367,450,538,630,729,833,943,18+2048,80+2048,146+2048
0103++ A3F6 D70021016F01C2011A027602D9024103AF03120850089208
0104++ A40E             frq_216: 	
0105++ A40E             		dw	216,289,368,450,538,631,729,834,944,19+2048,80+2048,146+2048
0105++ A40E D80021017001C2011A027702D9024203B003130850089208
0106++ A426             frq_217: 	
0107++ A426             		dw	217,291,369,452,540,633,731,835,946,20+2048,82+2048,147+2048
0107++ A426 D90023017101C4011C027902DB024303B203140852089308
0108++ A43E             frq_219: 	
0109++ A43E             		dw	219,293,372,455,543,636,734,839,950,22+2048,84+2048,150+2048
0109++ A43E DB0025017401C7011F027C02DE024703B603160854089608
0110++ A456             frq_220: 	
0111++ A456             		dw	220,294,373,456,544,637,736,841,951,22+2048,85+2048,151+2048
0111++ A456 DC0026017501C80120027D02E0024903B703160855089708
0112++ A46E             frq_221: 	
0113++ A46E             		dw	221,296,374,457,545,639,737,842,953,23+2048,86+2048,152+2048
0113++ A46E DD0028017601C90121027F02E1024A03B903170856089808
0114++ A486             frq_228: 	
0115++ A486             		dw	228,302,381,465,553,647,747,852,963,29+2048,91+2048,158+2048
0115++ A486 E4002E017D01D10129028702EB025403C3031D085B089E08
0116++ A49E             frq_231: 	
0117++ A49E             		dw	231,305,384,468,557,651,750,856,967,31+2048,94+2048,160+2048
0117++ A49E E70031018001D4012D028B02EE025803C7031F085E08A008
0118++ A4B6             frq_242: 	
0119++ A4B6             		dw	242,317,397,481,571,666,766,873,985,40+2048,104+2048,171+2048
0119++ A4B6 F2003D018D01E1013B029A02FE026903D90328086808AB08
0120++ A4CE             frq_254: 	
0121++ A4CE             		dw	254,330,410,495,586,681,783,890,1004,50+2048,114+2048,182+2048
0121++ A4CE FE004A019A01EF014A02A9020F037A03EC0332087208B608
0122++ A4E6             frq_261: 	
0123++ A4E6             		dw	261,337,418,504,595,691,793,901,1016,56+2048,121+2048,189+2048
0123++ A4E6 05015101A201F8015302B30219038503F80338087908BD08
0124++ A4FE             frq_264: 	
0125++ A4FE             		dw	264,341,422,508,599,695,797,906,1020,59+2048,123+2048,192+2048
0125++ A4FE 08015501A601FC015702B7021D038A03FC033B087B08C008
0126++ A516             frq_273: 	
0127++ A516             		dw	273,350,432,519,610,708,810,920,6+2048,67+2048,132+2048,200+2048
0127++ A516 11015E01B00107026202C4022A039803060843088408C808
0128++ A52E             frq_274: 	
0129++ A52E             		dw	274,351,433,519,611,708,811,920,6+2048,67+2048,132+2048,201+2048
0129++ A52E 12015F01B10107026302C4022B039803060843088408C908
0130++ A546             frq_282: 	
0131++ A546             		dw	282,360,442,529,621,719,823,933,13+2048,74+2048,139+2048,209+2048
0131++ A546 1A016801BA0111026D02CF023703A5030D084A088B08D108
0132++ A55E             frq_286: 	
0133++ A55E             		dw	286,363,446,533,626,724,828,938,15+2048,77+2048,143+2048,212+2048
0133++ A55E 1E016B01BE0115027202D4023C03AA030F084D088F08D408
0134++ A576             frq_287: 	
0135++ A576             		dw	287,365,447,535,627,726,830,940,16+2048,78+2048,144+2048,213+2048
0135++ A576 1F016D01BF0117027302D6023E03AC0310084E089008D508
0136++ A58E             frq_288: 	
0137++ A58E             		dw	288,366,449,536,629,727,831,942,17+2048,79+2048,145+2048,214+2048
0137++ A58E 20016E01C10118027502D7023F03AE0311084F089108D608
0138++ A5A6             frq_290: 	
0139++ A5A6             		dw	290,368,451,539,632,730,835,945,19+2048,81+2048,147+2048,216+2048
0139++ A5A6 22017001C3011B027802DA024303B103130851089308D808
0140++ A5BE             frq_291: 	
0141++ A5BE             		dw	291,370,453,540,633,731,836,946,20+2048,82+2048,148+2048,217+2048
0141++ A5BE 23017201C5011C027902DB024403B203140852089408D908
0142++ A5D6             frq_299: 	
0143++ A5D6             		dw	299,378,461,550,643,742,848,959,26+2048,89+2048,155+2048,225+2048
0143++ A5D6 2B017A01CD0126028302E6025003BF031A0859089B08E108
0144++ A5EE             frq_311: 	
0145++ A5EE             		dw	311,391,475,564,658,758,864,977,36+2048,99+2048,166+2048,236+2048
0145++ A5EE 37018701DB0134029202F6026003D10324086308A608EC08
0146++ A606             frq_314: 	
0147++ A606             		dw	314,394,478,567,662,762,868,981,38+2048,101+2048,168+2048,239+2048
0147++ A606 3A018A01DE0137029602FA026403D50326086508A808EF08
0148++ A61E             frq_317: 	
0149++ A61E             		dw	317,397,481,571,666,766,873,986,41+2048,104+2048,171+2048,242+2048
0149++ A61E 3D018D01E1013B029A02FE026903DA0329086808AB08F208
0150++ A636             frq_333: 	
0151++ A636             		dw	333,414,500,590,686,788,896,1010,53+2048,117+2048,185+2048,257+2048
0151++ A636 4D019E01F4014E02AE0214038003F20335087508B9080109
0152++ A64E             frq_335: 	
0153++ A64E             		dw	335,416,502,593,689,791,899,1013,55+2048,119+2048,187+2048,259+2048
0153++ A64E 4F01A001F6015102B10217038303F50337087708BB080309
0154++ A666             frq_338: 	
0155++ A666             		dw	338,419,505,596,692,794,902,1016,56+2048,121+2048,189+2048,261+2048
0155++ A666 5201A301F9015402B4021A038603F80338087908BD080509
0156++ A67E             frq_340: 	
0157++ A67E             		dw	340,421,507,598,694,796,905,1019,58+2048,123+2048,191+2048,263+2048
0157++ A67E 5401A501FB015602B6021C038903FB033A087B08BF080709
0158++ A696             frq_341: 	
0159++ A696             		dw	341,422,508,599,696,798,906,1021,59+2048,124+2048,192+2048,264+2048
0159++ A696 5501A601FC015702B8021E038A03FD033B087C08C0080809
0160++ A6AE             frq_342: 	
0161++ A6AE             		dw	342,423,509,600,697,799,907,1022,60+2048,125+2048,193+2048,265+2048
0161++ A6AE 5601A701FD015802B9021F038B03FE033C087D08C1080909
0162++ A6C6             frq_343: 	
0163++ A6C6             		dw	343,425,511,602,699,801,910,0+2048,61+2048,126+2048,195+2048,267+2048
0163++ A6C6 5701A901FF015A02BB0221038E0300083D087E08C3080B09
0164++ A6DE             frq_345: 	
0165++ A6DE             		dw	345,427,513,604,701,804,913,2+2048,63+2048,127+2048,196+2048,268+2048
0165++ A6DE 5901AB0101025C02BD022403910302083F087F08C4080C09
0166++ A6F6             frq_348: 	
0167++ A6F6             		dw	348,429,516,607,704,806,915,3+2048,64+2048,129+2048,198+2048,271+2048
0167++ A6F6 5C01AD0104025F02C00226039303030840088108C6080F09
0168++ A70E             frq_350: 	
0169++ A70E             		dw	350,430,518,609,705,808,917,4+2048,65+2048,130+2048,199+2048,272+2048
0169++ A70E 5E01AE0106026102C10228039503040841088208C7081009
0170++ A726             frq_352: 	
0171++ A726             		dw	352,434,521,613,710,813,922,7+2048,68+2048,133+2048,202+2048,275+2048
0171++ A726 6001B20109026502C6022D039A03070844088508CA081309
0172++ A73E             frq_354: 	
0173++ A73E             		dw	354,436,523,615,712,815,925,8+2048,70+2048,135+2048,204+2048,277+2048
0173++ A73E 6201B4010B026702C8022F039D03080846088708CC081509
0174++ A756             frq_355: 	
0175++ A756             		dw	355,437,524,616,713,816,926,9+2048,70+2048,135+2048,204+2048,277+2048
0175++ A756 6301B5010C026802C90230039E03090846088708CC081509
0176++ A76E             frq_356: 	
0177++ A76E             		dw	356,438,525,617,714,818,927,10+2048,71+2048,136+2048,205+2048,278+2048
0177++ A76E 6401B6010D026902CA0232039F030A0847088808CD081609
0178++ A786             frq_357: 	
0179++ A786             		dw	357,439,526,618,716,820,929,11+2048,72+2048,137+2048,206+2048,279+2048
0179++ A786 6501B7010E026A02CC023403A1030B0848088908CE081709
0180++ A79E             frq_358: 	
0181++ A79E             		dw	358,441,528,620,718,821,931,12+2048,73+2048,138+2048,207+2048,281+2048
0181++ A79E 6601B90110026C02CE023503A3030C0849088A08CF081909
0182++ A7B6             frq_360: 	
0183++ A7B6             		dw	360,443,530,622,720,824,934,13+2048,75+2048,140+2048,209+2048,283+2048
0183++ A7B6 6801BB0112026E02D0023803A6030D084B088C08D1081B09
0184++ A7CE             frq_361: 	
0185++ A7CE             		dw	361,443,531,623,722,825,935,14+2048,76+2048,141+2048,211+2048,284+2048
0185++ A7CE 6901BB0113026F02D2023903A7030E084C088D08D3081C09
0186++ A7E6             frq_363: 	
0187++ A7E6             		dw	363,445,533,625,723,827,937,15+2048,77+2048,142+2048,211+2048,285+2048
0187++ A7E6 6B01BD0115027102D3023B03A9030F084D088E08D3081D09
0188++ A7FE             frq_364: 	
0189++ A7FE             		dw	364,447,534,627,725,829,939,16+2048,78+2048,144+2048,213+2048,286+2048
0189++ A7FE 6C01BF0116027302D5023D03AB0310084E089008D5081E09
0190++ A816             frq_365: 	
0191++ A816             		dw	365,447,535,627,726,830,940,16+2048,78+2048,144+2048,213+2048,287+2048
0191++ A816 6D01BF0117027302D6023E03AC0310084E089008D5081F09
0192++ A82E             frq_366: 	
0193++ A82E             		dw	366,449,536,629,727,831,942,17+2048,79+2048,145+2048,214+2048,288+2048
0193++ A82E 6E01C10118027502D7023F03AE0311084F089108D6082009
0194++ A846             frq_367: 	
0195++ A846             		dw	367,450,537,630,729,833,943,18+2048,80+2048,146+2048,216+2048,289+2048
0195++ A846 6F01C20119027602D9024103AF03120850089208D8082109
0196++ A85E             frq_369: 	
0197++ A85E             		dw	369,452,540,633,731,835,946,20+2048,82+2048,147+2048,217+2048,291+2048
0197++ A85E 7101C4011C027902DB024303B203140852089308D9082309
0198++ A876             frq_370: 	
0199++ A876             		dw	370,453,541,634,732,837,947,20+2048,82+2048,148+2048,218+2048,292+2048
0199++ A876 7201C5011D027A02DC024503B303140852089408DA082409
0200++ A88E             frq_373: 	
0201++ A88E             		dw	373,457,545,638,737,841,952,23+2048,85+2048,151+2048,221+2048,295+2048
0201++ A88E 7501C90121027E02E1024903B803170855089708DD082709
0202++ A8A6             frq_378: 	
0203++ A8A6             		dw	378,462,550,644,743,848,959,27+2048,89+2048,155+2048,225+2048,300+2048
0203++ A8A6 7A01CE0126028402E7025003BF031B0859089B08E1082C09
0204++ A8BE             frq_379: 	
0205++ A8BE             		dw	378,463,551,645,744,849,960,27+2048,90+2048,156+2048,226+2048,300+2048
0205++ A8BE 7A01CF0127028502E8025103C0031B085A089C08E2082C09
0206++ A8D6             frq_381: 	
0207++ A8D6             		dw	381,465,553,647,747,852,963,29+2048,91+2048,158+2048,228+2048,302+2048
0207++ A8D6 7D01D10129028702EB025403C3031D085B089E08E4082E09
0208++ A8EE             frq_385: 	
0209++ A8EE             		dw	385,469,558,652,752,857,969,32+2048,95+2048,161+2048,232+2048,306+2048
0209++ A8EE 8101D5012E028C02F0025903C90320085F08A108E8083209
0210++ A906             frq_433: 	
0211++ A906             		dw	433,520,612,709,812,921,7+2048,68+2048,133+2048,202+2048,274+2048,352+2048
0211++ A906 B10108026402C5022C039903070844088508CA0812096009
0212++ A91E             frq_434: 	
0213++ A91E             		dw	434,521,613,710,813,922,7+2048,68+2048,133+2048,202+2048,275+2048,352+2048
0213++ A91E B20109026502C6022D039A03070844088508CA0813096009
0214++ A936             frq_436: 	
0215++ A936             		dw	436,523,615,712,815,925,8+2048,70+2048,135+2048,204+2048,277+2048,354+2048
0215++ A936 B4010B026702C8022F039D03080846088708CC0815096209
0216++ A94E             frq_442: 	
0217++ A94E             		dw	442,529,621,719,823,933,12+2048,74+2048,139+2048,209+2048,282+2048,360+2048
0217++ A94E BA0111026D02CF023703A5030C084A088B08D1081A096809
0218++ A966             frq_443: 	
0219++ A966             		dw	443,530,622,720,824,934,13+2048,75+2048,140+2048,209+2048,283+2048,360+2048
0219++ A966 BB0112026E02D0023803A6030D084B088C08D1081B096809
0220++ A97E             frq_445: 	
0221++ A97E             		dw	445,532,624,723,826,936,14+2048,76+2048,142+2048,211+2048,284+2048,362+2048
0221++ A97E BD0114027002D3023A03A8030E084C088E08D3081C096A09
0222++ A996             frq_448: 	
0223++ A996             		dw	448,535,628,726,830,941,17+2048,79+2048,144+2048,214+2048,287+2048,365+2048
0223++ A996 C00117027402D6023E03AD0311084F089008D6081F096D09
0224++ A9AE             frq_450: 	
0225++ A9AE             		dw	450,538,631,730,834,944,19+2048,81+2048,146+2048,216+2048,290+2048,368+2048
0225++ A9AE C2011A027702DA024203B003130851089208D80822097009
0226++ A9C6             frq_455: 	
0227++ A9C6             		dw	455,543,637,735,840,951,22+2048,84+2048,150+2048,220+2048,294+2048,372+2048
0227++ A9C6 C7011F027D02DF024803B703160854089608DC0826097409
0228++ A9DE             frq_459: 	
0229++ A9DE             		dw	459,547,640,739,844,955,24+2048,87+2048,153+2048,223+2048,297+2048,375+2048
0229++ A9DE CB0123028002E3024C03BB03180857089908DF0829097709
0230++ A9F6             frq_460: 	
0231++ A9F6             		dw	460,548,641,740,845,957,25+2048,88+2048,154+2048,224+2048,298+2048,376+2048
0231++ A9F6 CC0124028102E4024D03BD03190858089A08E0082A097809
0232++ AA0E             frq_461: 	
0233++ AA0E             		dw	461,549,642,741,846,958,26+2048,88+2048,154+2048,224+2048,299+2048,377+2048
0233++ AA0E CD0125028202E5024E03BE031A0858089A08E0082B097909
0234++ AA26             frq_462: 	
0235++ AA26             		dw	462,550,644,743,848,959,27+2048,89+2048,155+2048,225+2048,300+2048,378+2048
0235++ AA26 CE0126028402E7025003BF031B0859089B08E1082C097A09
0236++ AA3E             frq_480: 	
0237++ AA3E             		dw	480,569,664,764,870,983,39+2048,102+2048,169+2048,240+2048,316+2048,395+2048
0237++ AA3E E00139029802FC026603D70327086608A908F0083C098B09
0238++ AA56             frq_507: 	
0239++ AA56             		dw	507,598,694,796,905,1019,58+2048,123+2048,191+2048,263+2048,340+2048,421+2048
0239++ AA56 FB015602B6021C038903FB033A087B08BF0807095409A509
0240++ AA6E             frq_508: 	
0241++ AA6E             		dw	508,599,695,797,905,1019,58+2048,123+2048,191+2048,264+2048,341+2048,422+2048
0241++ AA6E FC015702B7021D038903FB033A087B08BF0808095509A609
0242++ AA86             frq_519: 	
0243++ AA86             		dw	519,611,708,811,920,6+2048,67+2048,132+2048,201+2048,274+2048,351+2048,433+2048
0243++ AA86 07026302C4022B039803060843088408C90812095F09B109
0244++ AA9E             frq_531: 	
0245++ AA9E             		dw	531,623,721,825,935,14+2048,76+2048,141+2048,210+2048,284+2048,362+2048,444+2048
0245++ AA9E 13026F02D1023903A7030E084C088D08D2081C096A09BC09
0246++ AAB6             frq_532: 	
0247++ AAB6             		dw	532,624,722,826,936,14+2048,76+2048,141+2048,211+2048,284+2048,362+2048,445+2048
0247++ AAB6 14027002D2023A03A8030E084C088D08D3081C096A09BD09
0248++ AACE             frq_538: 	
0249++ AACE             		dw	538,631,730,834,944,19+2048,81+2048,146+2048,216+2048,290+2048,368+2048,451+2048
0249++ AACE 1A027702DA024203B003130851089208D80822097009C309
0250++ AAE6             frq_545: 	
0251++ AAE6             		dw	545,639,737,842,953,23+2048,86+2048,152+2048,221+2048,296+2048,374+2048,457+2048
0251++ AAE6 21027F02E1024A03B903170856089808DD0828097609C909
0252++ AAFE             frq_548: 	
0253++ AAFE             		dw	548,642,741,846,957,25+2048,88+2048,154+2048,224+2048,298+2048,377+2048,460+2048
0253++ AAFE 24028202E5024E03BD03190858089A08E0082A097909CC09
0254++ AB16             frq_550: 	
0255++ AB16             		dw	550,643,742,848,959,26+2048,89+2048,155+2048,225+2048,299+2048,378+2048,461+2048
0255++ AB16 26028302E6025003BF031A0859089B08E1082B097A09CD09
0256++ AB2E             frq_552: 	
0257++ AB2E             		dw	552,645,745,850,961,28+2048,90+2048,156+2048,227+2048,301+2048,380+2048,463+2048
0257++ AB2E 28028502E9025203C1031C085A089C08E3082D097C09CF09
0258++ AB46             frq_555: 	
0259++ AB46             		dw	555,648,748,853,965,30+2048,92+2048,159+2048,229+2048,304+2048,383+2048,467+2048
0259++ AB46 2B028802EC025503C5031E085C089F08E50830097F09D309
0260++ AB5E             frq_556: 	
0261++ AB5E             		dw	556,650,749,855,967,30+2048,93+2048,160+2048,231+2048,305+2048,384+2048,467+2048
0261++ AB5E 2C028A02ED025703C7031E085D08A008E70831098009D309
0262++ AB76             frq_557: 	
0263++ AB76             		dw	557,651,750,856,967,31+2048,94+2048,160+2048,231+2048,305+2048,384+2048,468+2048
0263++ AB76 2D028B02EE025803C7031F085E08A008E70831098009D409
0264++ AB8E             frq_558: 	
0265++ AB8E             		dw	558,652,752,857,969,32+2048,95+2048,161+2048,232+2048,306+2048,385+2048,469+2048
0265++ AB8E 2E028C02F0025903C90320085F08A108E80832098109D509
0266++ ABA6             frq_559: 	
0267++ ABA6             		dw	559,653,753,858,970,32+2048,95+2048,162+2048,232+2048,307+2048,386+2048,470+2048
0267++ ABA6 2F028D02F1025A03CA0320085F08A208E80833098209D609
0268++ ABBE             frq_560: 	
0269++ ABBE             		dw	560,654,753,859,971,33+2048,96+2048,162+2048,233+2048,308+2048,387+2048,471+2048
0269++ ABBE 30028E02F1025B03CB0321086008A208E90834098309D709
0270++ ABD6             frq_579: 	
0271++ ABD6             		dw	579,674,775,882,996,46+2048,110+2048,177+2048,248+2048,324+2048,404+2048,489+2048
0271++ ABD6 4302A20207037203E4032E086E08B108F80844099409E909
0272++ ABEE             frq_616: 	
0273++ ABEE             		dw	616,713,816,926,9+2048,70+2048,135+2048,204+2048,277+2048,355+2048,437+2048,524+2048
0273++ ABEE 6802C90230039E03090846088708CC0815096309B5090C0A
0274++ AC06             frq_627: 	
0275++ AC06             		dw	627,725,829,939,16+2048,78+2048,143+2048,213+2048,286+2048,364+2048,447+2048,534+2048
0275++ AC06 7302D5023D03AB0310084E088F08D5081E096C09BF09160A
0276++ AC1E             frq_630: 	
0277++ AC1E             		dw	630,729,833,943,18+2048,80+2048,146+2048,215+2048,289+2048,367+2048,450+2048,538+2048
0277++ AC1E 7602D9024103AF03120850089208D70821096F09C2091A0A
0278++ AC36             frq_639: 	
0279++ AC36             		dw	639,738,843,954,24+2048,86+2048,152+2048,222+2048,296+2048,375+2048,458+2048,546+2048
0279++ AC36 7F02E2024B03BA03180856089808DE0828097709CA09220A
0280++ AC4E             frq_641: 	
0281++ AC4E             		dw	641,740,845,957,25+2048,88+2048,154+2048,224+2048,298+2048,376+2048,460+2048,548+2048
0281++ AC4E 8102E4024D03BD03190858089A08E0082A097809CC09240A
0282++ AC66             frq_645: 	
0283++ AC66             		dw	645,744,849,960,27+2048,90+2048,156+2048,226+2048,300+2048,380+2048,463+2048,552+2048
0283++ AC66 8502E8025103C0031B085A089C08E2082C097C09CF09280A
0284++ AC7E             frq_650: 	
0285++ AC7E             		dw	650,749,855,967,30+2048,93+2048,160+2048,230+2048,305+2048,384+2048,467+2048,556+2048
0285++ AC7E 8A02ED025703C7031E085D08A008E60831098009D3092C0A
0286++ AC96             frq_653: 	
0287++ AC96             		dw	653,753,858,970,32+2048,95+2048,162+2048,232+2048,307+2048,386+2048,470+2048,559+2048
0287++ AC96 8D02F1025A03CA0320085F08A208E80833098209D6092F0A
0288++ ACAE             frq_654: 	
0289++ ACAE             		dw	654,754,859,971,33+2048,96+2048,163+2048,233+2048,308+2048,387+2048,471+2048,560+2048
0289++ ACAE 8E02F2025B03CB0321086008A308E90834098309D709300A
0290++ ACC6             frq_677: 	
0291++ ACC6             		dw	677,778,886,999,48+2048,112+2048,179+2048,251+2048,326+2048,407+2048,492+2048,582+2048
0291++ ACC6 A5020A037603E70330087008B308FB0846099709EC09460A
0292++ ACDE             frq_679: 	
0293++ ACDE             		dw	679,781,888,1002,49+2048,113+2048,180+2048,252+2048,328+2048,408+2048,494+2048,584+2048
0293++ ACDE A7020D037803EA0331087108B408FC0848099809EE09480A
0294++ ACF6             frq_698: 	
0295++ ACF6             		dw	698,801,909,0+2048,61+2048,125+2048,194+2048,266+2048,343+2048,424+2048,510+2048,601+2048
0295++ ACF6 BA0221038D0300083D087D08C2080A095709A809FE09590A
0296++ AD0E             frq_701: 	
0297++ AD0E             		dw	701,805,913,2+2048,63+2048,127+2048,196+2048,268+2048,345+2048,427+2048,513+2048,604+2048
0297++ AD0E BD022503910302083F087F08C4080C095909AB09010A5C0A
0298++ AD26             frq_704: 	
0299++ AD26             		dw	704,807,916,4+2048,65+2048,130+2048,198+2048,271+2048,348+2048,429+2048,516+2048,607+2048
0299++ AD26 C00227039403040841088208C6080F095C09AD09040A5F0A
0300++ AD3E             frq_708: 	
0301++ AD3E             		dw	708,810,920,6+2048,67+2048,132+2048,200+2048,273+2048,350+2048,432+2048,519+2048,610+2048
0301++ AD3E C4022A039803060843088408C80811095E09B009070A620A
0302++ AD56             frq_715: 	
0303++ AD56             		dw	715,819,928,10+2048,72+2048,137+2048,206+2048,279+2048,356+2048,438+2048,525+2048,618+2048
0303++ AD56 CB023303A0030A0848088908CE0817096409B6090D0A6A0A
0304++ AD6E             frq_721: 	
0305++ AD6E             		dw	721,825,935,13+2048,75+2048,141+2048,210+2048,283+2048,361+2048,443+2048,530+2048,623+2048
0305++ AD6E D1023903A7030D084B088D08D2081B096909BB09120A6F0A
0306++ AD86             frq_726: 	
0307++ AD86             		dw	726,830,941,17+2048,79+2048,144+2048,214+2048,287+2048,365+2048,448+2048,535+2048,628+2048
0307++ AD86 D6023E03AD0311084F089008D6081F096D09C009170A740A
0308++ AD9E             frq_727: 	
0309++ AD9E             		dw	727,831,942,18+2048,80+2048,145+2048,215+2048,288+2048,367+2048,449+2048,536+2048,629+2048
0309++ AD9E D7023F03AE03120850089108D70820096F09C109180A750A
0310++ ADB6             frq_733: 	
0311++ ADB6             		dw	733,838,949,21+2048,83+2048,149+2048,219+2048,293+2048,371+2048,454+2048,542+2048,635+2048
0311++ ADB6 DD024603B503150853089508DB0825097309C6091E0A7B0A
0312++ ADCE             frq_737: 	
0313++ ADCE             		dw	737,842,953,23+2048,86+2048,152+2048,221+2048,296+2048,374+2048,457+2048,545+2048,639+2048
0313++ ADCE E1024A03B903170856089808DD0828097609C909210A7F0A
0314++ ADE6             frq_750: 	
0315++ ADE6             		dw	750,855,967,31+2048,93+2048,160+2048,230+2048,305+2048,384+2048,467+2048,556+2048,650+2048
0315++ ADE6 EE025703C7031F085D08A008E60831098009D3092C0A8A0A
0316++ ADFE             frq_775: 	
0317++ ADFE             		dw	775,882,996,46+2048,110+2048,177+2048,248+2048,324+2048,404+2048,489+2048,579+2048,674+2048
0317++ ADFE 07037203E4032E086E08B108F80844099409E909430AA20A
0318++ AE16             frq_809: 	
0319++ AE16             		dw	809,918,5+2048,66+2048,131+2048,199+2048,272+2048,349+2048,431+2048,517+2048,609+2048,706+2048
0319++ AE16 29039603050842088308C70810095D09AF09050A610AC20A
0320++ AE2E             frq_810: 	
0321++ AE2E             		dw	810,919,5+2048,66+2048,131+2048,200+2048,273+2048,350+2048,431+2048,518+2048,610+2048,707+2048
0321++ AE2E 2A039703050842088308C80811095E09AF09060A620AC30A
0322++ AE46             frq_811: 	
0323++ AE46             		dw	811,920,6+2048,67+2048,132+2048,201+2048,274+2048,351+2048,433+2048,519+2048,611+2048,708+2048
0323++ AE46 2B039803060843088408C90812095F09B109070A630AC40A
0324++ AE5E             frq_815: 	
0325++ AE5E             		dw	815,925,8+2048,70+2048,135+2048,204+2048,277+2048,354+2048,436+2048,523+2048,615+2048,712+2048
0325++ AE5E 2F039D03080846088708CC0815096209B4090B0A670AC80A
0326++ AE76             frq_820: 	
0327++ AE76             		dw	820,929,11+2048,72+2048,137+2048,206+2048,280+2048,357+2048,439+2048,526+2048,618+2048,716+2048
0327++ AE76 3403A1030B0848088908CE0818096509B7090E0A6A0ACC0A
0328++ AE8E             frq_822: 	
0329++ AE8E             		dw	822,932,12+2048,73+2048,139+2048,208+2048,281+2048,359+2048,441+2048,528+2048,620+2048,718+2048
0329++ AE8E 3603A4030C0849088B08D00819096709B909100A6C0ACE0A
0330++ AEA6             frq_823: 	
0331++ AEA6             		dw	823,933,13+2048,74+2048,139+2048,209+2048,282+2048,360+2048,442+2048,529+2048,621+2048,719+2048
0331++ AEA6 3703A5030D084A088B08D1081A096809BA09110A6D0ACF0A
0332++ AEBE             frq_824: 	
0333++ AEBE             		dw	824,934,13+2048,75+2048,140+2048,209+2048,283+2048,360+2048,443+2048,530+2048,622+2048,720+2048
0333++ AEBE 3803A6030D084B088C08D1081B096809BB09120A6E0AD00A
0334++ AED6             frq_828: 	
0335++ AED6             		dw	828,938,15+2048,77+2048,143+2048,212+2048,286+2048,363+2048,446+2048,533+2048,626+2048,724+2048
0335++ AED6 3C03AA030F084D088F08D4081E096B09BE09150A720AD40A
0336++ AEEE             frq_831: 	
0337++ AEEE             		dw	831,942,17+2048,79+2048,145+2048,214+2048,288+2048,366+2048,449+2048,536+2048,629+2048,727+2048
0337++ AEEE 3F03AE0311084F089108D60820096E09C109180A750AD70A
0338++ AF06             frq_832: 	
0339++ AF06             		dw	832,942,18+2048,80+2048,145+2048,215+2048,288+2048,367+2048,449+2048,537+2048,630+2048,728+2048
0339++ AF06 4003AE03120850089108D70820096F09C109190A760AD80A
0340++ AF1E             frq_833: 	
0341++ AF1E             		dw	833,943,18+2048,80+2048,146+2048,215+2048,289+2048,367+2048,450+2048,538+2048,630+2048,729+2048
0341++ AF1E 4103AF03120850089208D70821096F09C2091A0A760AD90A
0342++ AF36             frq_835: 	
0343++ AF36             		dw	835,946,20+2048,82+2048,147+2048,217+2048,291+2048,369+2048,452+2048,540+2048,633+2048,731+2048
0343++ AF36 4303B203140852089308D90823097109C4091C0A790ADB0A
0344++ AF4E             frq_842: 	
0345++ AF4E             		dw	842,953,23+2048,86+2048,152+2048,222+2048,296+2048,374+2048,457+2048,545+2048,639+2048,737+2048
0345++ AF4E 4A03B903170856089808DE0828097609C909210A7F0AE10A
0346++ AF66             frq_843: 	
0347++ AF66             		dw	843,954,24+2048,86+2048,152+2048,222+2048,296+2048,375+2048,458+2048,546+2048,639+2048,738+2048
0347++ AF66 4B03BA03180856089808DE0828097709CA09220A7F0AE20A
0348++ AF7E             frq_844: 	
0349++ AF7E             		dw	844,955,24+2048,87+2048,153+2048,223+2048,297+2048,375+2048,459+2048,547+2048,640+2048,739+2048
0349++ AF7E 4C03BB03180857089908DF0829097709CB09230A800AE30A
0350++ AF96             frq_847: 	
0351++ AF96             		dw	847,959,26+2048,89+2048,155+2048,225+2048,299+2048,378+2048,461+2048,550+2048,643+2048,742+2048
0351++ AF96 4F03BF031A0859089B08E1082B097A09CD09260A830AE60A
0352++ AFAE             frq_852: 	
0353++ AFAE             		dw	852,964,29+2048,92+2048,158+2048,228+2048,303+2048,382+2048,465+2048,554+2048,648+2048,747+2048
0353++ AFAE 5403C4031D085C089E08E4082F097E09D1092A0A880AEB0A
0354++ AFC6             frq_874: 	
0355++ AFC6             		dw	874,986,41+2048,104+2048,171+2048,243+2048,318+2048,398+2048,482+2048,572+2048,667+2048,767+2048
0355++ AFC6 6A03DA0329086808AB08F3083E098E09E2093C0A9B0AFF0A
0356++ AFDE             frq_908: 	
0357++ AFDE             		dw	908,1023,60+2048,125+2048,193+2048,265+2048,342+2048,423+2048,509+2048,601+2048,697+2048,800+2048
0357++ AFDE 8C03FF033C087D08C10809095609A709FD09590AB90A200B
0358++ AFF6             frq_909: 	
0359++ AFF6             		dw	909,0+2048,61+1025,125+2048,194+2048,266+2048,343+2048,424+2048,510+2048,601+2048,698+2048,801+2048
0359++ AFF6 8D0300083E047D08C2080A095709A809FE09590ABA0A210B
0360++ B00E             frq_916: 	
0361++ B00E             		dw	916,4+2048,65+2048,130+2048,198+2048,271+2048,347+2048,429+2048,515+2048,607+2048,704+2048,807+2048
0361++ B00E 9403040841088208C6080F095B09AD09030A5F0AC00A270B
0362++ B026             frq_918: 	
0363++ B026             		dw	918,5+2048,66+2048,131+2048,199+2048,272+2048,349+2048,431+2048,517+2048,609+2048,706+2048,809+2048
0363++ B026 9603050842088308C70810095D09AF09050A610AC20A290B
0364++ B03E             frq_920: 	
0365++ B03E             		dw	920,6+2048,67+2048,132+2048,201+2048,274+2048,351+2048,433+2048,519+2048,611+2048,708+2048,811+2048
0365++ B03E 9803060843088408C90812095F09B109070A630AC40A2B0B
0366++ B056             frq_921: 	
0367++ B056             		dw	921,7+2048,68+2048,133+2048,202+2048,274+2048,352+2048,433+2048,520+2048,612+2048,709+2048,812+2048
0367++ B056 9903070844088508CA0812096009B109080A640AC50A2C0B
0368++ B06E             frq_925: 	
0369++ B06E             		dw	925,8+2048,70+2048,135+2048,204+2048,277+2048,354+2048,436+2048,523+2048,615+2048,712+2048,815+2048
0369++ B06E 9D03080846088708CC0815096209B4090B0A670AC80A2F0B
0370++ B086             frq_926: 	
0371++ B086             		dw	926,9+2048,70+2048,135+2048,204+2048,277+2048,355+2048,437+2048,523+2048,615+2048,713+2048,816+2048
0371++ B086 9E03090846088708CC0815096309B5090B0A670AC90A300B
0372++ B09E             frq_927: 	
0373++ B09E             		dw	927,10+2048,71+2048,136+2048,205+2048,278+2048,356+2048,438+2048,525+2048,617+2048,715+2048,818+2048
0373++ B09E 9F030A0847088808CD0816096409B6090D0A690ACB0A320B
0374++ B0B6             frq_929: 	
0375++ B0B6             		dw	929,11+2048,72+2048,137+2048,206+2048,280+2048,357+2048,439+2048,526+2048,618+2048,716+2048,820+2048
0375++ B0B6 A1030B0848088908CE0818096509B7090E0A6A0ACC0A340B
0376++ B0CE             frq_931: 	
0377++ B0CE             		dw	931,12+2048,73+2048,138+2048,208+2048,281+2048,358+2048,441+2048,528+2048,620+2048,718+2048,821+2048
0377++ B0CE A3030C0849088A08D00819096609B909100A6C0ACE0A350B
0378++ B0E6             frq_935: 	
0379++ B0E6             		dw	935,13+2048,75+2048,141+2048,210+2048,283+2048,361+2048,443+2048,530+2048,623+2048,721+2048,825+2048
0379++ B0E6 A7030D084B088D08D2081B096909BB09120A6F0AD10A390B
0380++ B0FE             frq_936: 	
0381++ B0FE             		dw	936,14+2048,76+2048,142+2048,211+2048,284+2048,362+2048,444+2048,532+2048,624+2048,722+2048,826+2048
0381++ B0FE A8030E084C088E08D3081C096A09BC09140A700AD20A3A0B
0382++ B116             frq_937: 	
0383++ B116             		dw	937,15+2048,77+2048,142+2048,211+2048,285+2048,363+2048,445+2048,533+2048,625+2048,723+2048,827+2048
0383++ B116 A9030F084D088E08D3081D096B09BD09150A710AD30A3B0B
0384++ B12E             frq_939: 	
0385++ B12E             		dw	939,16+2048,78+2048,143+2048,213+2048,286+2048,364+2048,447+2048,534+2048,627+2048,725+2048,829+2048
0385++ B12E AB0310084E088F08D5081E096C09BF09160A730AD50A3D0B
0386++ B146             frq_941: 	
0387++ B146             		dw	941,17+2048,79+2048,144+2048,214+2048,287+2048,365+2048,448+2048,535+2048,628+2048,726+2048,830+2048
0387++ B146 AD0311084F089008D6081F096D09C009170A740AD60A3E0B
0388++ B15E             frq_942: 	
0389++ B15E             		dw	942,18+2048,80+2048,145+2048,215+2048,288+2048,367+2048,449+2048,537+2048,630+2048,728+2048,832+2048
0389++ B15E AE03120850089108D70820096F09C109190A760AD80A400B
0390++ B176             frq_944: 	
0391++ B176             		dw	944,19+2048,80+2048,146+2048,216+2048,289+2048,368+2048,450+2048,538+2048,631+2048,729+2048,834+2048
0391++ B176 B003130850089208D80821097009C2091A0A770AD90A420B
0392++ B18E             frq_949: 	
0393++ B18E             		dw	949,21+2048,83+2048,149+2048,218+2048,292+2048,371+2048,454+2048,542+2048,635+2048,733+2048,838+2048
0393++ B18E B503150853089508DA0824097309C6091E0A7B0ADD0A460B
0394++ B1A6             frq_950: 	
0395++ B1A6             		dw	950,22+2048,84+2048,150+2048,219+2048,293+2048,372+2048,455+2048,543+2048,636+2048,734+2048,839+2048
0395++ B1A6 B603160854089608DB0825097409C7091F0A7C0ADE0A470B
0396++ B1BE             frq_951: 	
0397++ B1BE             		dw	951,22+2048,85+2048,151+2048,220+2048,294+2048,372+2048,456+2048,543+2048,637+2048,736+2048,841+2048
0397++ B1BE B703160855089708DC0826097409C8091F0A7D0AE00A490B
0398++ B1D6             frq_952: 	
0399++ B1D6             		dw	952,23+2048,85+2048,151+2048,221+2048,295+2048,373+2048,456+2048,544+2048,638+2048,736+2048,841+2048
0399++ B1D6 B803170855089708DD0827097509C809200A7E0AE00A490B
0400++ B1EE             frq_953: 	
0401++ B1EE             		dw	953,23+2048,86+2048,152+2048,221+2048,296+2048,374+2048,457+2048,545+2048,639+2048,737+2048,842+2048
0401++ B1EE B903170856089808DD0828097609C909210A7F0AE10A4A0B
0402++ B206             frq_964: 	
0403++ B206             		dw	964,29+2048,92+2048,158+2048,228+2048,303+2048,382+2048,466+2048,554+2048,648+2048,747+2048,852+2048
0403++ B206 C4031D085C089E08E4082F097E09D2092A0A880AEB0A540B
0404++ B21E             frq_966: 	
0405++ B21E             		dw	966,30+2048,93+2048,159+2048,229+2048,304+2048,383+2048,467+2048,555+2048,649+2048,749+2048,854+2048
0405++ B21E C6031E085D089F08E50830097F09D3092B0A890AED0A560B
0406++ B236             frq_969: 	
0407++ B236             		dw	969,32+2048,95+2048,161+2048,232+2048,306+2048,385+2048,469+2048,558+2048,652+2048,752+2048,857+2048
0407++ B236 C90320085F08A108E80832098109D5092E0A8C0AF00A590B
0408++ B24E             frq_974: 	
0409++ B24E             		dw	974,34+2048,97+2048,164+2048,235+2048,310+2048,389+2048,473+2048,562+2048,656+2048,756+2048,862+2048
0409++ B24E CE0322086108A408EB0836098509D909320A900AF40A5E0B
0410++ B266             frq_977: 	
0411++ B266             		dw	977,36+2048,99+2048,166+2048,237+2048,312+2048,391+2048,475+2048,564+2048,659+2048,759+2048,865+2048
0411++ B266 D10324086308A608ED0838098709DB09340A930AF70A610B
0412++ B27E             frq_978: 	
0413++ B27E             		dw	978,37+2048,100+2048,167+2048,238+2048,313+2048,392+2048,476+2048,565+2048,660+2048,760+2048,866+2048
0413++ B27E D20325086408A708EE0839098809DC09350A940AF80A620B
0414++ B296             frq_1018: 	
0415++ B296             		dw	1018,58+2048,122+2048,190+2048,263+2048,339+2048,420+2048,506+2048,597+2048,693+2048,796+2048,904+2048
0415++ B296 FA033A087A08BE0807095309A409FA09550AB50A1C0B880B
0416++ B2AE             
0417++ B2AE             
1593+  B2AE             
0590   B2AE             
0591   B2AE             MoonSound_end: 
0592   B2AE             		.savebin "moonsound.bin",MoonSound_Start, MoonSound_end - MoonSound_Start
0593   B2AE             
0594   B2AE             
0595   B2AE             		.end
0596   B2AE             
0597   B2AE             
