0001   0000             ;--------------------------------------------------------------------
0002   0000             ; Ž¯¨á ­¨¥: à®£à ¬¬  ¯à®¨£àë¢ ­¨ï à §­ëå §¢ãª®¢ëå ¬®¤ã«¥© Amstrad CPC
0003   0000             ; ¯®¤¤¥à¦ª  ¢ ¦¥«¥§¥: ZXM-MoonSound
0004   0000             ; €¢â®à ¯®àâ : ’ à á®¢ Œ..(Mick),2014
0005   0000             ;--------------------------------------------------------------------
0006   0000             		DEVICE ZXSPECTRUM128
0007   0000             
0008   0000             		.org 	6200h
0009   6200             
0010   6200             ;-------------------------------------------------------------------
0011   6200             ; ®¯¨á ­¨¥: ’®çª  ¢å®¤  ¢ ¯à®£à ¬¬ã ¯®á«¥ ¯¥à¥¤ ç¨ ã¯à ¢«¥­¨ï ¨§ Ž‘
0012   6200             ;---------------------------------------------------------------------
0013   6200             MoonSound_Start: 		
0014   6200 AF          		xor	a               		;¡®à¤¥à ¢ ç¥à­ë© æ¢¥â
0015   6201 D3 FE       		out	(0feh),a	
0016   6203 32 EC 65    		ld	(MoonSound_count_music),a	;áç¥âç¨ª ­®¬¥à  ¬ã§ëª¨
0017   6206 32 EB 65    		ld	(MoonSound_number_music),a
0018   6209 32 EA 65                    ld	(MoonSound_flg_next),a
0019   620C             
0020   620C 21 00 40    		ld	hl,4000h
0021   620F 11 01 40    		ld	de,4001h
0022   6212 01 00 1B    		ld	bc,1b00h
0023   6215 71          		ld	(hl),c
0024   6216 ED B0       		ldir
0025   6218             		
0026   6218 21 00 40    		ld	hl,4000h			;£àã§¨¬ íªà ­
0027   621B ED 5B F4 5C 		ld	de,(5CF4h)
0028   621F 01 05 1B    		ld	bc,1B05h
0029   6222 CD 13 3D    		call	3d13h
0030   6225 CD C8 68    		call	Str_init_load
0031   6228 FB          		ei
0032   6229             
0033   6229             MoonSound_loading: 
0034   6229 76          		halt
0035   622A 06 00       		ld	b,0
0036   622C             MoonSound_wait: 
0037   622C 10 FE       		djnz	MoonSound_wait			
0038   622E CD 44 69    		call	Str_draw_symbol
0039   6231 CD D5 68    		call	Str_play
0040   6234 38 05       		jr	c,MoonSound_load
0041   6236 CD 14 69    		call	Str_update_symbol
0042   6239 18 EE       		jr	MoonSound_loading	
0043   623B             
0044   623B             MoonSound_load: 
0045   623B F3          		di                                      ;­  ¢áïª¨© ¯®¦ à­ë© § ¯à¥â¨¬ ¯à¥àë¢ ­¨ï
0046   623C 3E 11       		ld	a,11h 
0047   623E 01 FD 7F    		ld	bc,7ffdh
0048   6241 ED 79       		out	(c),a
0049   6243 21 00 C0    		ld	hl,0C000h			;£àã§¨¬ ¬ã§ëª «ì­ë© ¯ ª 0.
0050   6246 ED 5B F4 5C 		ld	de,(5CF4h)
0051   624A 01 05 3C    		ld	bc,3C05h
0052   624D CD 13 3D    		call	3d13h
0053   6250             
0054   6250 3E 13       		ld	a,13h 
0055   6252 01 FD 7F    		ld	bc,7ffdh
0056   6255 ED 79       		out	(c),a
0057   6257 21 00 C0    		ld	hl,0C000h			;£àã§¨¬ ¬ã§ëª «ì­ë© ¯ ª 1.
0058   625A ED 5B F4 5C 		ld	de,(5CF4h)
0059   625E 01 05 38    		ld	bc,3805h
0060   6261 CD 13 3D    		call	3d13h
0061   6264             
0062   6264 3E 14       		ld	a,14h 
0063   6266 01 FD 7F    		ld	bc,7ffdh
0064   6269 ED 79       		out	(c),a
0065   626B 21 00 C0    		ld	hl,0C000h			;£àã§¨¬ ¬ã§ëª «ì­ë© ¯ ª 2.
0066   626E ED 5B F4 5C 		ld	de,(5CF4h)
0067   6272 01 05 38    		ld	bc,3805h
0068   6275 CD 13 3D    		call	3d13h
0069   6278             		
0070   6278 3E 16       		ld	a,16h 
0071   627A 01 FD 7F    		ld	bc,7ffdh
0072   627D ED 79       		out	(c),a
0073   627F 21 00 C0    		ld	hl,0C000h			;£àã§¨¬ ¬ã§ëª «ì­ë© ¯ ª 3
0074   6282 ED 5B F4 5C 		ld	de,(5CF4h)
0075   6286 01 05 3F    		ld	bc,3F05h
0076   6289 CD 13 3D    		call	3d13h
0077   628C             
0078   628C 3E 17       		ld	a,17h 
0079   628E 01 FD 7F    		ld	bc,7ffdh
0080   6291 ED 79       		out	(c),a
0081   6293 21 00 C0    		ld	hl,0C000h			;£àã§¨¬ ¬ã§ëª «ì­ë© ¯ ª 4
0082   6296 ED 5B F4 5C 		ld	de,(5CF4h)
0083   629A 01 05 31    		ld	bc,3105h
0084   629D CD 13 3D    		call	3d13h
0085   62A0             
0086   62A0 3E 10       		ld	a,10h 
0087   62A2 01 FD 7F    		ld	bc,7ffdh
0088   62A5 ED 79       		out	(c),a
0089   62A7             
0090   62A7 CD FB 64    		call	MoonSound_init_opl4
0091   62AA CD 89 64    		call	MoonSound_mwkload
0092   62AD             
0093   62AD 31 FF 5F    		ld	sp,5fffh
0094   62B0 CD C1 68    		call	Str_init			;¨­¨æ¨ «¨§ æ¨ï ¡¥£ãé¥© áâà®ª¨
0095   62B3 CD 02 68    		call	Analyzer_init			
0096   62B6 CD 51 64    		call	MoonSound_view_number
0097   62B9 CD EA 63    		call	MoonSound_time_init
0098   62BC             
0099   62BC 21 00 60    		ld	hl,6000h                       	
0100   62BF 11 01 60    		ld	de,6001h
0101   62C2 01 00 01    		ld	bc,0100h
0102   62C5 36 61       		ld	(hl),61h
0103   62C7 ED B0       		ldir
0104   62C9 3E C3       		ld	a,0c3h                          
0105   62CB 32 61 61    		ld	(6161h),a
0106   62CE 21 FD 66    		ld	hl,Interrupt_handle
0107   62D1 22 62 61    		ld	(6162h),hl
0108   62D4             
0109   62D4 3E 60       		ld	a,60h                          
0110   62D6 ED 47       		ld	i,a
0111   62D8 ED 5E       		im	2
0112   62DA             
0113   62DA AF          		xor	a
0114   62DB C3 1D 63    		jp	MoonSound_next_music
0115   62DE             
0116   62DE             ;		ei
0117   62DE             
0118   62DE             MoonSound_key: 		
0119   62DE AF          		xor	a
0120   62DF 32 EE 65                    ld	(MoonSound_key_press),a
0121   62E2             MoonSound_loop: 		
0122   62E2 76          		halt
0123   62E3             
0124   62E3 3A EA 65                    ld	a,(MoonSound_flg_next)
0125   62E6 A7          		and	a
0126   62E7 20 27       		jr	nz,MoonSound_select_next 	
0127   62E9             
0128   62E9 3E 7F       		ld	a,7fh				;®¦¨¤ ¥¬ ¯à®¡¥« - ¯¥à¥å®¤ ª á«¥¤ãîé¥© ª®¬¯®§¨æ¨¨
0129   62EB DB FE       		in	a,(0feh)
0130   62ED 1F          		rra	
0131   62EE 38 EE       		jr	c,MoonSound_key
0132   62F0             
0133   62F0 3E FE       		ld	a,0FEh
0134   62F2 DB FE       		in	a,(0FEh)
0135   62F4 1F          		rra	    
0136   62F5 D2 DF 63    		jp	nc,MoonSound_exit
0137   62F8             
0138   62F8 3A EE 65    		ld	a,(MoonSound_key_press)
0139   62FB A7          		and	a
0140   62FC 20 E4       		jr	nz,MoonSound_loop
0141   62FE             
0142   62FE 3C          		inc	a
0143   62FF 32 EE 65                    ld	(MoonSound_key_press),a
0144   6302             
0145   6302 3E 08       		ld	a,8
0146   6304 CD AB 7A    		call	MBPlayer_fade			;§ âãå ­¨¥ ¬¥«®¤¨¨
0147   6307             		
0148   6307             MoonSound_fade_wait: 	
0149   6307 3A 07 82    		ld	a,(MBPlayer_play_busy)		;¦¤¥¬ ¯®ª  ®áâ ­®¢¨âáï ¯à®¨£àë¢ â¥«ì
0150   630A B7          		or	a
0151   630B 20 FA       		jr	nz,MoonSound_fade_wait
0152   630D CD A8 7A    		call	MBPlayer_stop
0153   6310             
0154   6310             
0155   6310             MoonSound_select_next: 
0156   6310 AF          		xor	a
0157   6311 32 EA 65                    ld	(MoonSound_flg_next),a
0158   6314             
0159   6314 3A EC 65    		ld	a,(MoonSound_count_music)
0160   6317 3C          		inc	a
0161   6318 FE 0C       		cp	12
0162   631A 38 01       		jr	c,MoonSound_next_music
0163   631C AF          		xor	a
0164   631D             
0165   631D             MoonSound_next_music: 
0166   631D F3          		di	
0167   631E 32 EC 65    		ld	(MoonSound_count_music),a
0168   6321 6F          		ld	l,a
0169   6322 5F          		ld	e,a
0170   6323 26 00       		ld	h,0
0171   6325 54          		ld	d,h
0172   6326 29          		add	hl,hl
0173   6327 29          		add	hl,hl
0174   6328 19          		add	hl,de
0175   6329 11 A3 63    		ld	de,MoonSound_tabl_music
0176   632C 19          		add	hl,de
0177   632D 7E          		ld	a,(hl)				;­®¬¥à áâà ­¨æë ¯ ¬ïâ¨
0178   632E 32 ED 65    		ld	(MoonSound_page_memory),a
0179   6331 23          		inc	hl
0180   6332 5E          		ld	e,(hl)				; ¤à¥á âà¥ª                           
0181   6333 23          		inc	hl
0182   6334 56          		ld	d,(hl)
0183   6335 23          		inc	hl
0184   6336 7E          		ld	a,(hl)                          ;ç¨á«® ­¥¯®«­ëå ¡ ©â
0185   6337 23          		inc	hl
0186   6338 46          		ld	b,(hl)				;ç¨á«® á¥ªâ®à®¢
0187   6339 A7          		and	a
0188   633A 28 01       		jr	z,MoonSound_copy_block
0189   633C 04          		inc	b	
0190   633D             
0191   633D             MoonSound_copy_block: 
0192   633D 21 00 C8    		ld	hl,0C800h
0193   6340 22 F2 65    		ld	(MoonSound_copy_addr),hl
0194   6343 EB          		ex	hl,de
0195   6344             
0196   6344             MoonSound_copy_loop: 
0197   6344 C5          		push	bc
0198   6345 3A ED 65    		ld	a,(MoonSound_page_memory)	;§ £àã§¨¬ ­®¬¥à áâà ­¨æë ¯ ¬ïâ¨
0199   6348 01 FD 7F    		ld	bc,7ffdh
0200   634B ED 79       		out	(c),a
0201   634D             
0202   634D 11 F4 65    		ld	de,MoonSound_copy_buffer
0203   6350 01 00 01    		ld	bc,100h
0204   6353 ED B0       		ldir
0205   6355 E5          		push	hl
0206   6356 3E 10       		ld	a,10h
0207   6358 01 FD 7F    		ld	bc,7ffdh
0208   635B ED 79       		out	(c),a
0209   635D 2A F2 65    		ld	hl,(MoonSound_copy_addr)
0210   6360 11 F4 65    		ld	de,MoonSound_copy_buffer
0211   6363 EB          		ex	hl,de
0212   6364 01 00 01    		ld	bc,100h
0213   6367 ED B0       		ldir
0214   6369 EB          		ex	hl,de
0215   636A 22 F2 65    		ld	(MoonSound_copy_addr),hl
0216   636D E1          		pop	hl
0217   636E C1          		pop	bc
0218   636F 10 D3       		djnz	MoonSound_copy_loop
0219   6371             
0220   6371 CD 0C 65    		call	MoonSound_mwmload
0221   6374             
0222   6374 21 00 C0    		ld	hl,0C000h
0223   6377 22 0C 82    		ld	(MBPlayer_songdata_addres),hl
0224   637A CD A2 7A    		call	MBPlayer_init
0225   637D             
0226   637D 3A EB 65    		ld	a,(MoonSound_number_music)
0227   6380 3C          		inc	a
0228   6381 4F          		ld	c,a
0229   6382 E6 0F       		and	0Fh
0230   6384 FE 0A       		cp	10
0231   6386 38 04       		jr	c,MoonSound_number_correct
0232   6388 3E 06       		ld	a,6
0233   638A 81          		add	c
0234   638B 4F          		ld	c,a
0235   638C             
0236   638C             MoonSound_number_correct: 
0237   638C 79          		ld	a,c
0238   638D 32 EB 65    		ld	(MoonSound_number_music),a
0239   6390 FE 13       		cp	13h
0240   6392 38 02       		jr	c,MoonSound_number_valid
0241   6394 3E 01       		ld	a,1
0242   6396             
0243   6396             MoonSound_number_valid: 
0244   6396 32 EB 65    		ld	(MoonSound_number_music),a
0245   6399 CD 51 64    		call	MoonSound_view_number
0246   639C CD EA 63    		call	MoonSound_time_init
0247   639F             
0248   639F FB          		ei
0249   63A0 C3 E2 62    		jp      MoonSound_loop
0250   63A3             
0251   63A3             MoonSound_tabl_music: 
0252   63A3 11          		db	11h   				; 1 ¬ã§ëª «ì­®¥ ¯à®¨§¢¥¤¥­¨¥
0253   63A4 00 C0       		dw	0C000h
0254   63A6 00 18       		dw	1800h
0255   63A8 11          		db	11h   				; 2 ¬ã§ëª «ì­®¥ ¯à®¨§¢¥¤¥­¨¥
0256   63A9 00 D8       		dw	0D800h
0257   63AB 00 24       		dw	2400h
0258   63AD             
0259   63AD 13          		db	13h   				; 3 ¬ã§ëª «ì­®¥ ¯à®¨§¢¥¤¥­¨¥
0260   63AE 00 C0       		dw	0C000h
0261   63B0 80 21       		dw	2180h
0262   63B2 13          		db	13h   				; 4 ¬ã§ëª «ì­®¥ ¯à®¨§¢¥¤¥­¨¥
0263   63B3 80 E1       		dw	0E180h
0264   63B5 80 0A       		dw	0A80h
0265   63B7 13          		db	13h   				; 5 ¬ã§ëª «ì­®¥ ¯à®¨§¢¥¤¥­¨¥
0266   63B8 00 EC       		dw	0EC00h
0267   63BA 00 0C       		dw	0C00h
0268   63BC             
0269   63BC 14          		db	14h   				; 6 ¬ã§ëª «ì­®¥ ¯à®¨§¢¥¤¥­¨¥
0270   63BD 00 C0       		dw	0C000h
0271   63BF 80 23       		dw	2380h
0272   63C1 14          		db	14h   				; 7 ¬ã§ëª «ì­®¥ ¯à®¨§¢¥¤¥­¨¥
0273   63C2 80 E3       		dw	0E380h
0274   63C4 80 14       		dw	1480h
0275   63C6             
0276   63C6 16          		db	16h   				; 8 ¬ã§ëª «ì­®¥ ¯à®¨§¢¥¤¥­¨¥
0277   63C7 00 C0       		dw	0C000h
0278   63C9 80 09       		dw	0980h
0279   63CB 16          		db	16h   				; 9 ¬ã§ëª «ì­®¥ ¯à®¨§¢¥¤¥­¨¥
0280   63CC 80 C9       		dw	0C980h
0281   63CE 00 21       		dw	2100h
0282   63D0 16          		db	16h   				; 10 ¬ã§ëª «ì­®¥ ¯à®¨§¢¥¤¥­¨¥
0283   63D1 80 EA       		dw	0EA80h
0284   63D3 00 14       		dw	1400h
0285   63D5             
0286   63D5 17          		db	17h   				; 11 ¬ã§ëª «ì­®¥ ¯à®¨§¢¥¤¥­¨¥
0287   63D6 00 C0       		dw	0C000h
0288   63D8 00 2B       		dw	2B00h
0289   63DA 17          		db	17h   				; 12 ¬ã§ëª «ì­®¥ ¯à®¨§¢¥¤¥­¨¥
0290   63DB 00 EB       		dw	0EB00h
0291   63DD 00 06       		dw	0600h
0292   63DF             
0293   63DF             MoonSound_exit: 		
0294   63DF F3          		di	
0295   63E0 CD A8 7A    		call	MBPlayer_stop
0296   63E3 21 00 00    		ld	hl,0	
0297   63E6 E5          		push	hl
0298   63E7 C3 2F 3D          		jp  	3d2fh				;¢ëå®¤ ¢ TR-DOS
0299   63EA             
0300   63EA             
0301   63EA             MoonSound_time_init: 
0302   63EA AF          		xor	a
0303   63EB 32 EF 65                    ld	(MoonSound_time_int),a
0304   63EE 32 F0 65    		ld	(MoonSound_time_count),a		
0305   63F1 32 F1 65    		ld	(MoonSound_time_minute),a
0306   63F4 18 38       		jr	MoonSound_time_draw
0307   63F6             
0308   63F6             MoonSound_time_view: 
0309   63F6 3A EF 65                    ld	a,(MoonSound_time_int)
0310   63F9 3C          		inc	a
0311   63FA 32 EF 65                    ld	(MoonSound_time_int),a
0312   63FD FE 32       		cp	50
0313   63FF D8          		ret	c
0314   6400 AF          		xor	a
0315   6401 32 EF 65                    ld	(MoonSound_time_int),a
0316   6404 3A F0 65                    ld	a,(MoonSound_time_count)
0317   6407 3C          		inc	a
0318   6408 4F          		ld	c,a
0319   6409 E6 0F       		and	0Fh
0320   640B FE 0A       		cp	10
0321   640D 38 04       		jr	c,MoonSound_time_next
0322   640F 3E 06       		ld	a,6
0323   6411 81          		add	c
0324   6412 4F          		ld	c,a
0325   6413             MoonSound_time_next: 
0326   6413 79          		ld	a,c
0327   6414 32 F0 65    		ld	(MoonSound_time_count),a		
0328   6417 FE 60       		cp	60h
0329   6419 38 13       		jr	c,MoonSound_time_draw
0330   641B AF          		xor	a
0331   641C 32 F0 65    		ld	(MoonSound_time_count),a		
0332   641F 3A F1 65    		ld	a,(MoonSound_time_minute)
0333   6422 3C          		inc	a
0334   6423 32 F1 65    		ld	(MoonSound_time_minute),a
0335   6426 FE 0A       		cp	10
0336   6428 38 04       		jr	c,MoonSound_time_draw
0337   642A AF          		xor	a
0338   642B 32 F1 65    		ld	(MoonSound_time_minute),a
0339   642E             MoonSound_time_draw: 
0340   642E 3A F1 65    		ld	a,(MoonSound_time_minute)
0341   6431 E6 0F       		and	0Fh
0342   6433 21 FC 50    		ld	hl,50FCh
0343   6436 CD 64 64    		call 	MoonSound_view_symbol
0344   6439 3A F0 65    		ld	a,(MoonSound_time_count)
0345   643C 4F          		ld	c,a
0346   643D E6 F0       		and	0F0h
0347   643F 0F          		rrca
0348   6440 0F          		rrca
0349   6441 0F          		rrca
0350   6442 0F          		rrca
0351   6443 21 FE 50    		ld	hl,50FEh
0352   6446 CD 64 64    		call	MoonSound_view_symbol
0353   6449 79          		ld	a,c
0354   644A E6 0F       		and	0Fh
0355   644C 21 FF 50    		ld	hl,50FFh
0356   644F 18 13       		jr	MoonSound_view_symbol
0357   6451              
0358   6451             MoonSound_view_number: 
0359   6451 4F          		ld	c,a
0360   6452 E6 F0       		and	0F0h
0361   6454 0F          		rrca
0362   6455 0F          		rrca
0363   6456 0F          		rrca
0364   6457 0F          		rrca
0365   6458 21 E7 50    		ld	hl,50E7h
0366   645B CD 64 64    		call	MoonSound_view_symbol
0367   645E 79          		ld	a,c
0368   645F E6 0F       		and	0Fh
0369   6461 21 E8 50    		ld	hl,50E8h
0370   6464             MoonSound_view_symbol: 
0371   6464 E5          		push	hl
0372   6465 26 00       		ld	h,0
0373   6467 6F          		ld	l,a
0374   6468 29          		add	hl,hl
0375   6469 29          		add	hl,hl
0376   646A 29          		add	hl,hl
0377   646B 11 9A 65    		ld	de,MoonSound_table_symbol
0378   646E 19          	        add	hl,de	
0379   646F EB          		ex	de,hl
0380   6470 E1          		pop	hl
0381   6471 06 08       		ld	b,8
0382   6473             
0383   6473             MoonSound_view_loop: 
0384   6473 1A          		ld	a,(de)
0385   6474 77          		ld	(hl),a
0386   6475 13          		inc	de		
0387   6476 24          		inc	h
0388   6477 7C          		ld	a,h
0389   6478 E6 07       		and	7
0390   647A 20 0A       		jr	nz,MoonSound_next_line
0391   647C 7D          		ld	a,l
0392   647D C6 20       		add	a,20h
0393   647F 6F          		ld	l,a
0394   6480 38 04       		jr	c,MoonSound_next_line
0395   6482 7C          		ld	a,h
0396   6483 D6 08       		sub	8
0397   6485 67          		ld	h,a
0398   6486             MoonSound_next_line: 
0399   6486 10 EB       		djnz	MoonSound_view_loop
0400   6488 C9          		ret	
0401   6489             
0402   6489             
0403   6489             MoonSound_mwkload: 
0404   6489 11 11 02    		ld	de,0211h			;®âªàë¢ ¥¬ Ž‡“ ­  § ¯¨áì
0405   648C CD EC 64    		call	MoonSound_wave_out
0406   648F             	
0407   648F 11 20 03    		ld	de,0320h			;ãáâ ­ ¢«¨¢ ¥¬  ¤à¥á 200000h
0408   6492 CD EC 64    		call	MoonSound_wave_out
0409   6495 11 00 04    		ld	de,0400h                        ;áâ àè¨© ¡ ©â
0410   6498 CD EC 64    		call	MoonSound_wave_out		
0411   649B 14          		inc	d                               ;05 - ¬« ¤è¨© ¡ ©â  ¤à¥á 
0412   649C CD EC 64    		call	MoonSound_wave_out
0413   649F             
0414   649F 06 05       		ld	b,5				;ç¨á«® ¡«®ª®¢ ¯® 16ª¡
0415   64A1             MoonSound_loop_block: 
0416   64A1             
0417   64A1 C5          		push	bc
0418   64A2 21 00 C0    		ld	hl,0C000h			;£àã§¨¬ ¡«®ª á¥¬¯«®¢
0419   64A5 ED 5B F4 5C 		ld	de,(5CF4h)
0420   64A9 01 05 40    		ld	bc,4005h			
0421   64AC CD 13 3D    		call	3d13h
0422   64AF             
0423   64AF 21 00 C0    		ld	hl,0C000h
0424   64B2 01 00 40    		ld	bc,4000h
0425   64B5 16 06       		ld	d,06h                        	;06 -§ ¯¨è¥¬ ¤ ­­ë¥ ¤ ­­ë¥
0426   64B7             
0427   64B7             MoonSound_loop_write: 
0428   64B7 5E          		ld	e,(hl)
0429   64B8 CD EC 64    		call	MoonSound_wave_out		
0430   64BB CD F5 64    		call	MoonSound_busy			;¯à®¢¥à¨¬ £®â®¢­®áâì ¬¨ªà®áå¥¬ë
0431   64BE 23          		inc	hl
0432   64BF 0B          		dec	bc
0433   64C0 78          		ld	a,b
0434   64C1 B1          		or	c
0435   64C2 20 F3       		jr	nz, MoonSound_loop_write
0436   64C4 C1          		pop	bc
0437   64C5 10 DA       		djnz	MoonSound_loop_block
0438   64C7             
0439   64C7 21 00 C0    		ld	hl,0C000h			;£àã§¨¬ ¯®á«¥¤­¨© ¡«®ª á¥¬¯«®¢
0440   64CA ED 5B F4 5C 		ld	de,(5CF4h)
0441   64CE 01 05 31    		ld	bc,3105h			
0442   64D1 CD 13 3D    		call	3d13h
0443   64D4             
0444   64D4 21 00 C0    		ld	hl,0C000h
0445   64D7 01 30 30    		ld	bc,3030h
0446   64DA 16 06       		ld	d,06h                        	;06 -§ ¯¨è¥¬ ¤ ­­ë¥ ¤ ­­ë¥
0447   64DC             
0448   64DC             MoonSound_loop_write1: 
0449   64DC 5E          		ld	e,(hl)
0450   64DD CD EC 64    		call	MoonSound_wave_out		
0451   64E0 CD F5 64    		call	MoonSound_busy			;¯à®¢¥à¨¬ £®â®¢­®áâì ¬¨ªà®áå¥¬ë
0452   64E3 23          		inc	hl
0453   64E4 0B          		dec	bc
0454   64E5 78          		ld	a,b
0455   64E6 B1          		or	c
0456   64E7 20 F3       		jr	nz, MoonSound_loop_write1
0457   64E9             
0458   64E9 11 10 02    		ld	de, 0210h			;§ ªàë¢ ¥¬ ¤®áâã¯ ª Ž‡“ ª àâë
0459   64EC             ;-------------------------------------------------------------------
0460   64EC             ; ®¯¨á ­¨¥: ‡ ¯¨áì ¢ à¥£¨áâàë Wave
0461   64EC             ; ¯ à ¬¥âàë: D =  ¤à¥á à¥£¨áâà  
0462   64EC             ;	     E = ¤ ­­ë¥
0463   64EC             ; ¢®§¢à é ¥¬®¥  §­ ç¥­¨¥: ­¥â
0464   64EC             ;-------------------------------------------------------------------
0465   64EC             MoonSound_wave_out: 
0466   64EC 7A          		ld	a, d
0467   64ED D3 7E       		out	(MOON_WREG),a
0468   64EF             		
0469   64EF 00          		nop
0470   64F0 00          		nop	
0471   64F1             
0472   64F1 7B          		ld	a, e
0473   64F2 D3 7F       		out	(MOON_WDAT),a
0474   64F4 C9          		ret
0475   64F5             ;-------------------------------------------------------------------
0476   64F5             ; ®¯¨á ­¨¥: Ž¦¨¤ ­¨¥ £®â®¢­®áâ¨ ¬¨ªà®áå¥¬ë
0477   64F5             ; ¯ à ¬¥âàë: ­¥â
0478   64F5             ; ¢®§¢à é ¥¬®¥  §­ ç¥­¨¥: ­¥â
0479   64F5             ;-------------------------------------------------------------------
0480   64F5             MoonSound_busy: 
0481   64F5 DB C4       		in	a,(MOON_STAT)
0482   64F7 1F          		rra
0483   64F8 38 FB       		jr	c,MoonSound_busy		
0484   64FA C9          		ret
0485   64FB             ;-------------------------------------------------------------------
0486   64FB             ; ®¯¨á ­¨¥: ˆ­¨æ¨ «¨§ æ¨ï OPL4 à¥£¨áâà®¢
0487   64FB             ; ¯ à ¬¥âàë: ­¥â
0488   64FB             ; ¢®§¢à é ¥¬®¥  §­ ç¥­¨¥: ­¥â
0489   64FB             ;---------------------------------------------------------------------
0490   64FB             MoonSound_init_opl4: 
0491   64FB 3E 05       		ld	a, 5
0492   64FD D3 C6       		out	(0C6h),	a
0493   64FF C5          		push	bc
0494   6500 C1          		pop	bc
0495   6501 3E 03       		ld	a, 3
0496   6503 D3 C7       		out	(0C7h),	a
0497   6505 16 02       		ld	d, 2
0498   6507 1E 10       		ld	e, 10h
0499   6509 C3 EC 64    		jp	MoonSound_wave_out
0500   650C             
0501   650C             MoonSound_mwmload: 
0502   650C 21 00 C8    		ld	hl,0C800h
0503   650F 22 F8 66    		ld	(load_position),hl
0504   6512 21 00 C0    		ld	hl,0C000h
0505   6515 22 0C 82    		ld	(MBPlayer_songdata_addres),hl
0506   6518             
0507   6518             ;--- Load MWM file ---
0508   6518             
0509   6518             ; Note: The routine below is a bit complex because it supports
0510   6518             ; songs > 16K. However, if you know that your song will always be < 16K you
0511   6518             ; can simplify it a lot:
0512   6518             ; - read the header and trash it!
0513   6518             ; - read the rest of the file
0514   6518             ; - modify the play_nextpos routine so that 3 is added to the pattern address
0515   6518             
0516   6518             mbload: 
0517   6518             
0518   6518 21 0B 82    		ld	hl,MBPlayer_songdata_bank1	; select first song bank
0519   651B 22 F6 66    		ld	(load_bank),hl
0520   651E 7E          		ld	a,(hl)
0521   651F             
0522   651F 21 06 00    		ld	hl,6
0523   6522 ED 5B 0C 82 		ld	de,(MBPlayer_songdata_addres)
0524   6526 CD 76 65    		call	load_file			; read header
0525   6529             
0526   6529 21 16 01    		ld	hl,278
0527   652C ED 5B 0C 82 		ld	de,(MBPlayer_songdata_addres)		; read settings
0528   6530 CD 76 65    		call	load_file
0529   6533 1A          		ld	a,(de)
0530   6534 19          		add	hl,de
0531   6535 EB          		ex	de,hl
0532   6536 3C          		inc	a
0533   6537 6F          		ld	l,a
0534   6538 26 00       		ld	h,0
0535   653A CD 76 65    		call	load_file			; read positions
0536   653D CD 8A 65    		call	check_pats
0537   6540 19          		add	hl,de
0538   6541 EB          		ex	de,hl
0539   6542 87          		add	a,a
0540   6543 6F          		ld	l,a
0541   6544 26 00       		ld	h,0
0542   6546 CD 76 65    		call	load_file			; read pattern addresses
0543   6549 19          		add	hl,de
0544   654A 22 F4 66    		ld	(load_adres),hl
0545   654D             
0546   654D             mbload_lp: 
0547   654D 11 FA 66    		ld	de,load_buffer
0548   6550 21 03 00    		ld	hl,3
0549   6553 CD 76 65    		call	load_file
0550   6556 3A FC 66    		ld	a,(load_buffer + 2)
0551   6559 B7          		or	a
0552   655A C8          		ret	z
0553   655B ED 5B F4 66 		ld	de,(load_adres)
0554   655F 2A FA 66    		ld	hl,(load_buffer)
0555   6562 CD 76 65    		call	load_file
0556   6565             
0557   6565 11 00 C0    		ld	de,0C000h
0558   6568 ED 53 F4 66 		ld	(load_adres),de
0559   656C 2A F6 66    		ld	hl,(load_bank)
0560   656F 23          		inc	hl
0561   6570 7E          		ld	a,(hl)
0562   6571 22 F6 66    		ld	(load_bank),hl
0563   6574 18 D7       		jr	mbload_lp
0564   6576             
0565   6576             
0566   6576             
0567   6576             ;--- Load (part of) file ---
0568   6576             ; In: HL = number of bytes to read
0569   6576             ;     DE = transfer address
0570   6576             
0571   6576             load_file: 	
0572   6576 7D          		ld	a,l
0573   6577 B4          		or	h
0574   6578 C8          		ret	z
0575   6579             
0576   6579 E5          		push	hl
0577   657A D5          		push	de
0578   657B C5          		push	bc
0579   657C             
0580   657C E5          		push	hl
0581   657D C1          		pop	bc
0582   657E 2A F8 66    		ld	hl,(load_position)
0583   6581 ED B0       		ldir
0584   6583 22 F8 66    		ld	(load_position),hl
0585   6586 C1          		pop	bc
0586   6587 D1          		pop	de
0587   6588 E1          		pop	hl
0588   6589 C9          		ret
0589   658A             
0590   658A             ;--- search highest pattern ---
0591   658A             ; In: L = #positions, DE = pointer to patterns
0592   658A             ; Out: A = highest pattern
0593   658A             
0594   658A             check_pats: 	
0595   658A E5          		push	hl
0596   658B D5          		push	de
0597   658C 45          		ld	b,l
0598   658D EB          		ex	de,hl
0599   658E AF          		xor	a
0600   658F             check_patslp: 	
0601   658F BE          		cp	(hl)
0602   6590 30 01       		jr	nc,check_pats2
0603   6592 7E          		ld	a,(hl)
0604   6593 23          check_pats2: 	inc	hl
0605   6594 10 F9       		djnz	check_patslp
0606   6596 3C          		inc	a
0607   6597 D1          		pop	de
0608   6598 E1          		pop	hl
0609   6599 C9          		ret
0610   659A             
0611   659A             MoonSound_table_symbol: 
0612   659A               		db 	0,3Ch,66h,6Eh,76h,66h,3Ch,0
0612   659A 003C666E76663C00
0613   65A2               		db 	0,18h,38h,18h,18h,18h,7Eh,0
0613   65A2 0018381818187E00
0614   65AA               		db 	0,3Ch,66h,0Ch,18h,30h,7Eh,0
0614   65AA 003C660C18307E00
0615   65B2               		db 	0,7Eh,0Ch,18h,0Ch,66h,3Ch,0
0615   65B2 007E0C180C663C00
0616   65BA               		db 	0,0Ch,1Ch,3Ch,6Ch,7Eh,0Ch,0
0616   65BA 000C1C3C6C7E0C00
0617   65C2               		db 	0,7Eh,60h,7Ch,06h,66h,3Ch,0
0617   65C2 007E607C06663C00
0618   65CA               		db 	0,3Ch,60h,7Ch,66h,66h,3Ch,0
0618   65CA 003C607C66663C00
0619   65D2               		db 	0,7Eh,06h,0Ch,18h,30h,30h,0
0619   65D2 007E060C18303000
0620   65DA               		db 	0,3Ch,66h,3Ch,66h,66h,3Ch,0
0620   65DA 003C663C66663C00
0621   65E2             		db 	0,3Ch,66h,3Eh,06h,0Ch,38h,0
0621   65E2 003C663E060C3800
0622   65EA             
0623   65EA             MoonSound_flg_next: 
0624   65EA 00          		db	0
0625   65EB             MoonSound_number_music: 
0626   65EB 00          		db	0
0627   65EC             
0628   65EC             MoonSound_count_music: 
0629   65EC 00          		db	0
0630   65ED             
0631   65ED             MoonSound_page_memory: 
0632   65ED 00          		db	0		
0633   65EE             MoonSound_key_press: 
0634   65EE 00          		db	0
0635   65EF             
0636   65EF             MoonSound_time_int: 
0637   65EF 00          		db	0
0638   65F0             MoonSound_time_count: 
0639   65F0 00          		db	0		
0640   65F1             MoonSound_time_minute: 
0641   65F1 00          		db	0
0642   65F2             
0643   65F2             
0644   65F2             MoonSound_copy_addr: 
0645   65F2 00 00       		dw	0
0646   65F4             MoonSound_copy_buffer: 
0647   65F4 00          		ds	256
0648   66F4             
0649   66F4 00 00       load_adres: 	dw	0
0650   66F6 00 00       load_bank: 	dw	0
0651   66F8 00 00       load_position: 	dw	0
0652   66FA 00 00 00    load_buffer: 	db	0,0,0
0653   66FD             
0654   66FD             
0655   66FD             Interrupt_handle: 
0656   66FD E5          		push	hl
0657   66FE D5          		push	de
0658   66FF C5          		push	bc
0659   6700 F5          		push	af
0660   6701             
0661   6701 CD D5 68    		call	Str_play
0662   6704 CD 14 69    		call	Str_update_symbol
0663   6707 CD 1F 67    		call 	Analyzer_update
0664   670A CD F6 63    		call	MoonSound_time_view
0665   670D CD 0D 68    		call	Analyzer_draw_flash
0666   6710 CD 44 69    		call	Str_draw_symbol
0667   6713             ;		ld	a,(MoonSound_page_memory)	;§ £àã§¨¬ ­®¬¥à áâà ­¨æë ¯ ¬ïâ¨ â¥ªãé¥© ¬ã§ëª¨
0668   6713             ;		ld	bc,7ffdh
0669   6713             ;		out	(c),a
0670   6713 CD A5 7A    		call	MBPlayer_play
0671   6716             
0672   6716 CD 60 67    		call 	Analyzer_view
0673   6719             
0674   6719             ;		ld	a,10h
0675   6719             ;		ld	bc,7ffdh
0676   6719             ;		out	(c),a
0677   6719             
0678   6719             Interrupt_exit: 
0679   6719             
0680   6719 F1          		pop	af
0681   671A C1          		pop	bc
0682   671B D1          		pop	de
0683   671C E1          		pop	hl
0684   671D FB          		ei
0685   671E C9          		ret
0686   671F             
0687   671F             
0688   671F             		.include  analyzer.asm
0001+  671F             ;--------------------------------------------------------------------
0002+  671F             ; Ž¯¨á ­¨¥: Œ®¤ã«ì ®â®¡à ¦¥­¨ï  ­ «¨§ â®à 
0003+  671F             ; €¢â®à: ’ à á®¢ Œ..(Mick),2016
0004+  671F             ;--------------------------------------------------------------------
0005+  671F             
0006+  671F             ;-------------------------------------------------------------------
0007+  671F             ; ®¯¨á ­¨¥: Ž¡­®¢«¥­¨¥ ¯ à ¬¥âà®¢  ­ «¨§ â®à 
0008+  671F             ; ¯ à ¬¥âàë: ­¥â
0009+  671F             ; ¢®§¢à é ¥¬®¥  §­ ç¥­¨¥: ­¥â
0010+  671F             ;---------------------------------------------------------------------
0011+  671F             Analyzer_update: 
0012+  671F 3E 0C       		ld	a, 0Ch
0013+  6721 32 9C 68    		ld	(byte_0_CF9), a
0014+  6724 11 C1 8D    		ld	de, MBPlayer_volume_buffer_2
0015+  6727 21 9D 68    		ld	hl, Analyzer_vol_table_1
0016+  672A 3E 18       		ld	a, 24
0017+  672C             
0018+  672C             loc_0_5D8: 
0019+  672C 08          		ex	af, af'
0020+  672D E5          		push	hl
0021+  672E 1A          		ld	a, (de)
0022+  672F             
0023+  672F E6 0F       		and	0Fh
0024+  6731 4F          		ld	c,a
0025+  6732 1A          		ld	a,(de)
0026+  6733 E6 F0       		and	0F0h
0027+  6735 0F          		rrca	
0028+  6736 0F          		rrca	
0029+  6737 0F          		rrca
0030+  6738 0F          		rrca	
0031+  6739 B9          		cp	c
0032+  673A 30 01       		jr	nc,Analyzer_up_ch0
0033+  673C 79          		ld	a,c	
0034+  673D             
0035+  673D             Analyzer_up_ch0: 
0036+  673D E6 0F       		and	0Fh
0037+  673F 28 07       		jr	z, loc_0_5EA
0038+  6741 ED 44       		neg	
0039+  6743 C6 11       		add	a, 11h
0040+  6745 C3 4E 67    		jp	loc_0_5F0
0041+  6748             
0042+  6748             loc_0_5EA: 
0043+  6748 7E          		ld	a, (hl)
0044+  6749 FE 01       		cp	1
0045+  674B 38 02       		jr	c, loc_0_5FA
0046+  674D 3D          		dec	a
0047+  674E             loc_0_5F0: 
0048+  674E 77          		ld	(hl), a
0049+  674F             loc_0_5FA: 
0050+  674F 3E 04       		ld	a, 4
0051+  6751 21 9C 68    		ld	hl, byte_0_CF9
0052+  6754 86          		add	a, (hl)
0053+  6755 77          		ld	(hl), a
0054+  6756 E1          		pop	hl
0055+  6757 23          		inc	hl
0056+  6758 AF          		xor	a
0057+  6759 12          		ld	(de), a
0058+  675A 13          		inc	de
0059+  675B 08          		ex	af, af'
0060+  675C 3D          		dec	a
0061+  675D 20 CD       		jr	nz, loc_0_5D8
0062+  675F C9          		ret
0063+  6760             ;-------------------------------------------------------------------
0064+  6760             ; ®¯¨á ­¨¥: Žâ®¡à ¦¥­¨¥  ­ «¨§ â®à 
0065+  6760             ; ¯ à ¬¥âàë: ­¥â
0066+  6760             ; ¢®§¢à é ¥¬®¥  §­ ç¥­¨¥: ­¥â
0067+  6760             ;---------------------------------------------------------------------
0068+  6760             Analyzer_view: 
0069+  6760 0E 0F       		ld	c,15
0070+  6762 21 6A 50    		ld	hl,506Ah
0071+  6765 CD DF 67    		call	Analyzer_draw
0072+  6768             
0073+  6768 0E 0E       		ld	c,14
0074+  676A 21 6A 52    		ld	hl,526Ah
0075+  676D CD DF 67    		call	Analyzer_draw
0076+  6770             
0077+  6770 0E 0D       		ld	c,13
0078+  6772 21 6A 54    		ld	hl,546Ah
0079+  6775 CD DF 67    		call	Analyzer_draw
0080+  6778                                                                     
0081+  6778 0E 0C       		ld	c,12
0082+  677A 21 6A 56    		ld	hl,566Ah
0083+  677D CD DF 67    		call	Analyzer_draw
0084+  6780             
0085+  6780 0E 0B       		ld	c,11
0086+  6782 21 8A 50    		ld	hl,508Ah
0087+  6785 CD DF 67    		call	Analyzer_draw
0088+  6788                                                                    
0089+  6788 0E 0A       		ld	c,10
0090+  678A 21 8A 52    		ld	hl,528Ah
0091+  678D CD DF 67    		call	Analyzer_draw
0092+  6790             
0093+  6790 0E 09       		ld	c,9
0094+  6792 21 8A 54    		ld	hl,548Ah
0095+  6795 CD DF 67    		call	Analyzer_draw
0096+  6798             
0097+  6798 0E 08       		ld	c,8
0098+  679A 21 8A 56    		ld	hl,568Ah
0099+  679D CD DF 67    		call	Analyzer_draw
0100+  67A0             
0101+  67A0 0E 07       		ld	c,7
0102+  67A2 21 AA 50    		ld	hl,50AAh
0103+  67A5 CD DF 67    		call	Analyzer_draw
0104+  67A8             
0105+  67A8 0E 06       		ld	c,6
0106+  67AA 21 AA 52    		ld	hl,52AAh
0107+  67AD CD DF 67    		call	Analyzer_draw
0108+  67B0             
0109+  67B0 0E 05       		ld	c,5
0110+  67B2 21 AA 54    		ld	hl,54AAh
0111+  67B5 CD DF 67    		call	Analyzer_draw
0112+  67B8             
0113+  67B8 0E 04       		ld	c,4
0114+  67BA 21 AA 56    		ld	hl,56AAh
0115+  67BD CD DF 67    		call	Analyzer_draw
0116+  67C0             
0117+  67C0 0E 03       		ld	c,3
0118+  67C2 21 CA 50    		ld	hl,50CAh
0119+  67C5 CD DF 67    		call	Analyzer_draw
0120+  67C8             
0121+  67C8 0E 02       		ld	c,2
0122+  67CA 21 CA 52    		ld	hl,52CAh
0123+  67CD CD DF 67    		call	Analyzer_draw
0124+  67D0             
0125+  67D0 0E 01       		ld	c,1
0126+  67D2 21 CA 54    		ld	hl,54CAh
0127+  67D5 CD DF 67    		call	Analyzer_draw
0128+  67D8             
0129+  67D8 21 CA 56    		ld	hl,56CAh
0130+  67DB CD FA 67    		call	Analyzer_fill
0131+  67DE C9          		ret
0132+  67DF             ;-------------------------------------------------------------------
0133+  67DF             ; ®¯¨á ­¨¥: Žâà¨á®¢ª  «¥¢®£® ª ­ «   ­ «¨§ â®à 
0134+  67DF             ; ¯ à ¬¥âàë: HL -  ¤à¥á íªà ­ 
0135+  67DF             ;            C - ¯®§¨æ¨ï ¢ ¨­¤¨ª â®à¥
0136+  67DF             ; ¢®§¢à é ¥¬®¥  §­ ç¥­¨¥: ­¥â
0137+  67DF             ;---------------------------------------------------------------------
0138+  67DF             Analyzer_draw: 
0139+  67DF 06 0C       		ld	b,12
0140+  67E1 11 9D 68    		ld	de, Analyzer_vol_table_1
0141+  67E4             Analyzer_loop: 
0142+  67E4 36 00       		ld	(hl),0
0143+  67E6 1A          		ld	a,(de)
0144+  67E7 B9          		cp	c
0145+  67E8 38 02       		jr	c,Analyzer_skip_0
0146+  67EA 36 70       		ld	(hl),70h
0147+  67EC             Analyzer_skip_0: 
0148+  67EC 13          		inc	de
0149+  67ED             
0150+  67ED 1A          		ld	a,(de)
0151+  67EE B9          		cp	c
0152+  67EF 38 04       		jr	c,Analyzer_skip_1
0153+  67F1 3E 07       		ld	a,07h
0154+  67F3 B6          		or	(hl)
0155+  67F4 77          		ld	(hl),a
0156+  67F5             Analyzer_skip_1: 
0157+  67F5 2C          		inc	l
0158+  67F6 13          		inc	de
0159+  67F7 10 EB       		djnz	Analyzer_loop
0160+  67F9 C9          		ret	
0161+  67FA             ;-------------------------------------------------------------------
0162+  67FA             ; ®¯¨á ­¨¥: Žâà¨á®¢ª  «¥¢®£® ª ­ «   ­ «¨§ â®à 
0163+  67FA             ; ¯ à ¬¥âàë: HL -  ¤à¥á íªà ­ 
0164+  67FA             ; ¢®§¢à é ¥¬®¥  §­ ç¥­¨¥: ­¥â
0165+  67FA             ;---------------------------------------------------------------------
0166+  67FA             Analyzer_fill: 
0167+  67FA 06 0C       		ld	b,12
0168+  67FC             
0169+  67FC             Analyzer_fill_loop: 
0170+  67FC 36 77       		ld	(hl),77h
0171+  67FE 2C          		inc	l
0172+  67FF 10 FB       		djnz	Analyzer_fill_loop
0173+  6801 C9          		ret	
0174+  6802             ;-------------------------------------------------------------------
0175+  6802             ; ®¯¨á ­¨¥: Ž¡­®¢«¥­¨¥ ¯ à ¬¥âà®¢  ­ «¨§ â®à 
0176+  6802             ; ¯ à ¬¥âàë: ­¥â
0177+  6802             ; ¢®§¢à é ¥¬®¥  §­ ç¥­¨¥: ­¥â
0178+  6802             ;---------------------------------------------------------------------
0179+  6802             Analyzer_init: 
0180+  6802 06 18                     	ld	b, 24
0181+  6804 21 9D 68    		ld	hl,Analyzer_vol_table_1
0182+  6807             
0183+  6807             Analyzer_init_loop: 
0184+  6807 36 00                       ld	(hl),0
0185+  6809 23          		inc	hl
0186+  680A 10 FB       		djnz	Analyzer_init_loop
0187+  680C C9          		ret
0188+  680D             ;-------------------------------------------------------------------
0189+  680D             ; ®¯¨á ­¨¥: Žâà¨á®¢ª   âà¨¡ãâ®¢ ¨¥à®£«¨ä 
0190+  680D             ; ¯ à ¬¥âàë: ­¥â
0191+  680D             ; ¢®§¢à é ¥¬®¥  §­ ç¥­¨¥: ­¥â
0192+  680D             ;---------------------------------------------------------------------
0193+  680D             Analyzer_draw_flash: 
0194+  680D 3A 9F 68    		ld	a,(Analyzer_vol_table_1 + 2)
0195+  6810 5F          		ld	e,a
0196+  6811 3A A1 68    		ld	a,(Analyzer_vol_table_1 + 4)
0197+  6814 83          		add	e
0198+  6815 E6 0F       		and	0Fh
0199+  6817 21 8C 68    		ld	hl,Analyzer_table_1
0200+  681A 5F          		ld	e,a
0201+  681B 16 00       		ld	d,0
0202+  681D 19          		add	hl,de
0203+  681E 7E          		ld	a,(hl)
0204+  681F 21 61 5A    		ld	hl,5A61h
0205+  6822 77          		ld	(hl),a
0206+  6823 2C          		inc	l
0207+  6824 77          		ld	(hl),a
0208+  6825 2C          		inc	l
0209+  6826 77          		ld	(hl),a
0210+  6827 2C          		inc	l
0211+  6828 77          		ld	(hl),a
0212+  6829 2C          		inc	l
0213+  682A 77          		ld	(hl),a
0214+  682B 2E 81       		ld	l,81h
0215+  682D 77          		ld	(hl),a
0216+  682E 2C          		inc	l
0217+  682F 77          		ld	(hl),a
0218+  6830 2C          		inc	l
0219+  6831 77          		ld	(hl),a
0220+  6832 2C          		inc	l
0221+  6833 77          		ld	(hl),a
0222+  6834 2C          		inc	l
0223+  6835 77          		ld	(hl),a
0224+  6836 2E A1       		ld	l,0A1h
0225+  6838 77          		ld	(hl),a
0226+  6839 2C          		inc	l
0227+  683A 77          		ld	(hl),a
0228+  683B 2C          		inc	l
0229+  683C 77          		ld	(hl),a
0230+  683D 2C          		inc	l
0231+  683E 77          		ld	(hl),a
0232+  683F 2C          		inc	l
0233+  6840 77          		ld	(hl),a
0234+  6841 2E C1       		ld	l,0C1h
0235+  6843 77          		ld	(hl),a
0236+  6844 2C          		inc	l
0237+  6845 77          		ld	(hl),a
0238+  6846 2C          		inc	l
0239+  6847 77          		ld	(hl),a
0240+  6848 2C          		inc	l
0241+  6849 77          		ld	(hl),a
0242+  684A 2C          		inc	l
0243+  684B 77          		ld	(hl),a
0244+  684C             
0245+  684C 3A B2 68    		ld	a,(Analyzer_vol_table_1 + 21)
0246+  684F 5F          		ld	e,a
0247+  6850 3A B4 68    		ld	a,(Analyzer_vol_table_1 + 23)
0248+  6853 83          		add	e
0249+  6854 E6 0F       		and	0Fh
0250+  6856 21 8C 68    		ld	hl,Analyzer_table_1
0251+  6859 5F          		ld	e,a
0252+  685A 16 00       		ld	d,0
0253+  685C 19          		add	hl,de
0254+  685D 7E          		ld	a,(hl)
0255+  685E 21 7E 5A    		ld	hl,5A7Eh
0256+  6861 77          		ld	(hl),a
0257+  6862 2D          		dec	l
0258+  6863 77          		ld	(hl),a
0259+  6864 2D          		dec	l
0260+  6865 77          		ld	(hl),a
0261+  6866 2D          		dec	l
0262+  6867 77          		ld	(hl),a
0263+  6868 2D          		dec	l
0264+  6869 77          		ld	(hl),a
0265+  686A 2E 9E       		ld	l,9Eh
0266+  686C 77          		ld	(hl),a
0267+  686D 2D          		dec	l
0268+  686E 77          		ld	(hl),a
0269+  686F 2D          		dec	l
0270+  6870 77          		ld	(hl),a
0271+  6871 2D          		dec	l
0272+  6872 77          		ld	(hl),a
0273+  6873 2D          		dec	l
0274+  6874 77          		ld	(hl),a
0275+  6875 2E BE       		ld	l,0BEh
0276+  6877 77          		ld	(hl),a
0277+  6878 2D          		dec	l
0278+  6879 77          		ld	(hl),a
0279+  687A 2D          		dec	l
0280+  687B 77          		ld	(hl),a
0281+  687C 2D          		dec	l
0282+  687D 77          		ld	(hl),a
0283+  687E 2D          		dec	l
0284+  687F 77          		ld	(hl),a
0285+  6880 2E DE       		ld	l,0DEh
0286+  6882 77          		ld	(hl),a
0287+  6883 2D          		dec	l
0288+  6884 77          		ld	(hl),a
0289+  6885 2D          		dec	l
0290+  6886 77          		ld	(hl),a
0291+  6887 2D          		dec	l
0292+  6888 77          		ld	(hl),a
0293+  6889 2D          		dec	l
0294+  688A 77          		ld	(hl),a
0295+  688B C9          		ret
0296+  688C             ;-------------------------------------------------------------------
0297+  688C             ; ®¯¨á ­¨¥: ’ ¡«¨æ   âà¨¡ãâ®¢ 
0298+  688C             ;---------------------------------------------------------------------
0299+  688C             Analyzer_table_1: 
0300+  688C             		db	47h,47h,47h,46h,46h,46h,45h,45h,45h,44h,44h,44h,43h,43h,42h,42h	
0300+  688C 47474746464645454544444443434242
0301+  689C             ;-------------------------------------------------------------------
0302+  689C             ; ®¯¨á ­¨¥:  ¥à¥¬¥­­ë¥ ¯à ¢®£® ¨ «¥¢®£® ª ­ «®¢  ­ «¨§ â®à 
0303+  689C             ;---------------------------------------------------------------------
0304+  689C             byte_0_CF9: 
0305+  689C 00          		ds	1
0306+  689D             Analyzer_vol_table_1: 
0307+  689D 00          		ds	24
0308+  68B5             
0689   68B5             		.include  string.asm
0001+  68B5             ;--------------------------------------------------------------------
0002+  68B5             ; Îïèñàíèå: Áåãóùàÿ ñòðîêà
0003+  68B5             ; Àâòîð ïîðòà: Òàðàñîâ Ì.Í.(Mick),2016
0004+  68B5             ;--------------------------------------------------------------------
0005+  68B5             Str_reload: 
0006+  68B5 3A 8B 69    		ld	a,(Str_flg_end)
0007+  68B8 A7          		and	a
0008+  68B9 28 06       		jr 	z,Str_init
0009+  68BB AF          		xor	a
0010+  68BC 32 8B 69    		ld	(Str_flg_end),a
0011+  68BF 37          		scf
0012+  68C0 C9          		ret
0013+  68C1             Str_init: 
0014+  68C1 21 9C 69    		ld	hl,Str_addr_text
0015+  68C4 22 8D 69    		ld	(Str_addr_work),hl
0016+  68C7 C9          		ret
0017+  68C8             
0018+  68C8             Str_init_load: 
0019+  68C8 21 8F 69    		ld	hl,Str_addr_load
0020+  68CB 22 8D 69    		ld	(Str_addr_work),hl
0021+  68CE 3E 01       		ld	a,1
0022+  68D0 32 8B 69    		ld	(Str_flg_end),a
0023+  68D3 7E          		ld	a,(hl)
0024+  68D4 C9          		ret	
0025+  68D5             Str_play: 
0026+  68D5 3A 8C 69    		ld	a,(Str_count_bit)
0027+  68D8 B7          		or	a
0028+  68D9 CC DD 68    		call	z,Str_next_symol
0029+  68DC C9          		ret
0030+  68DD             
0031+  68DD             Str_next_symol: 
0032+  68DD 2A 8D 69    		ld	hl,(Str_addr_work)
0033+  68E0 7E          		ld	a,(hl)
0034+  68E1 A7          		and	a
0035+  68E2 28 D1       		jr	z,Str_reload
0036+  68E4 D8          		ret	c
0037+  68E5 23          		inc	hl
0038+  68E6 22 8D 69    		ld	(Str_addr_work),hl
0039+  68E9 D6 20       		sub	20h
0040+  68EB FE 60       		cp	60h
0041+  68ED 38 02       		jr	c, Str_load_data
0042+  68EF D6 60       		sub	60h
0043+  68F1             Str_load_data: 
0044+  68F1 6F          		ld	l, a
0045+  68F2 26 00       		ld	h, 0
0046+  68F4 11 A2 77    		ld	de,Str_addr_font
0047+  68F7 29          		add	hl,hl
0048+  68F8 29          		add	hl,hl
0049+  68F9 29          		add	hl,hl
0050+  68FA 19          		add	hl,de
0051+  68FB 11 83 69    		ld	de,Str_symbol_buf
0052+  68FE ED A0       		ldi	
0053+  6900 ED A0       		ldi	
0054+  6902 ED A0       		ldi	
0055+  6904 ED A0       		ldi	
0056+  6906 ED A0       		ldi	
0057+  6908 ED A0       		ldi	
0058+  690A ED A0       		ldi	
0059+  690C ED A0       		ldi	
0060+  690E 3E 08       		ld	a,8
0061+  6910 32 8C 69    		ld	(Str_count_bit),a
0062+  6913 C9          		ret	
0063+  6914             
0064+  6914             Str_update_symbol: 
0065+  6914 11 83 69    		ld	de, Str_symbol_buf
0066+  6917 06 08       		ld	b,8
0067+  6919 21 F5 50    		ld	hl, 50F5h
0068+  691C             loc_0_9BA8: 
0069+  691C 0E 00       		ld	c,0
0070+  691E 1A          		ld	a,(de)
0071+  691F 07          		rlca
0072+  6920 12          		ld	(de),a
0073+  6921 30 01       		jr	nc,loc_0_9C03
0074+  6923 0C          		inc	c		
0075+  6924             loc_0_9C03: 
0076+  6924 3E FE       		ld	a,0FEh
0077+  6926 A6          		and	(hl)
0078+  6927 B1          		or	c
0079+  6928 77          		ld	(hl),a
0080+  6929 24          		inc	h
0081+  692A 7C          		ld	a,h
0082+  692B E6 07       		and	7
0083+  692D 20 0A       		jr	nz,loc_0_9BC2
0084+  692F 7D          		ld	a,l
0085+  6930 C6 20       		add	a,20h
0086+  6932 6F          		ld	l,a
0087+  6933 38 04       		jr	c,loc_0_9BC2
0088+  6935 7C          		ld	a,h
0089+  6936 D6 08       		sub	8
0090+  6938 67          		ld	h,a
0091+  6939             loc_0_9BC2: 
0092+  6939 13          		inc	de
0093+  693A 10 E0       		djnz	loc_0_9BA8
0094+  693C 3A 8C 69    		ld	a,(Str_count_bit)
0095+  693F 3D          		dec	a
0096+  6940 32 8C 69    		ld	(Str_count_bit),a
0097+  6943 C9          		ret
0098+  6944             
0099+  6944             Str_draw_symbol: 
0100+  6944 21 F5 50    		ld	hl,50F5h
0101+  6947 06 08       		ld	b,8
0102+  6949             
0103+  6949             Str_draw_line: 
0104+  6949 E5          		push	hl
0105+  694A A7          		and	a
0106+  694B CB 16       		rl	(hl)
0107+  694D 2D          		dec	l
0108+  694E CB 16       		rl	(hl)
0109+  6950 2D          		dec	l
0110+  6951 CB 16       		rl	(hl)
0111+  6953 2D          		dec	l
0112+  6954 CB 16       		rl	(hl)
0113+  6956 2D          		dec	l
0114+  6957 CB 16       		rl	(hl)
0115+  6959 2D          		dec	l
0116+  695A CB 16       		rl	(hl)
0117+  695C 2D          		dec	l
0118+  695D CB 16       		rl	(hl)
0119+  695F 2D          		dec	l
0120+  6960 CB 16       		rl	(hl)
0121+  6962 2D          		dec	l
0122+  6963 CB 16       		rl	(hl)
0123+  6965 2D          		dec	l
0124+  6966 CB 16       		rl	(hl)
0125+  6968 2D          		dec	l
0126+  6969 CB 16       		rl	(hl)
0127+  696B 2D          		dec	l
0128+  696C CB 16       		rl	(hl)
0129+  696E E1          		pop	hl
0130+  696F 24          		inc	h
0131+  6970 7C          		ld	a,h
0132+  6971 E6 07       		and	7
0133+  6973 20 0B       		jr	nz,Str_next_line
0134+  6975 7D          		ld	a,l
0135+  6976 C6 20       		add	a,20h
0136+  6978 6F          		ld	l,a
0137+  6979 4F          		ld	c,a
0138+  697A 38 04       		jr	c,Str_next_line
0139+  697C 7C          		ld	a,h
0140+  697D D6 08       		sub	8
0141+  697F 67          		ld	h,a
0142+  6980             Str_next_line: 
0143+  6980 10 C7       		djnz	Str_draw_line
0144+  6982 C9          		ret	
0145+  6983             
0146+  6983             Str_symbol_buf: 
0147+  6983             		db 	0,0,0,0,0,0,0,0
0147+  6983 0000000000000000
0148+  698B             
0149+  698B             
0150+  698B             Str_flg_end: 
0151+  698B 00          		db 	0
0152+  698C             
0153+  698C             Str_count_bit: 
0154+  698C 00          		db 	0
0155+  698D             Str_addr_work: 
0156+  698D 00 00       		dw 	0
0157+  698F             
0158+  698F             Str_addr_load: 
0159+  698F             		db	'  *LOAD*    ',0
0159+  698F 20202A4C4F41442A2020202000
0160+  699C             Str_addr_text: 
0161+  699C             		db 	'                << SPACE TO CHANGE MUSIC >>       '
0161+  699C 202020202020202020202020202020203C3C20535041434520544F204348414E
0161+  69BC 4745204D55534943203E3E20202020202020
0162+  69CE             		db 	'                ÏÐÈÂÅÒ, ÏÐÈÂÅÒ! MICK ÑÍÎÂÀ ÏÐÈÂÅÒÑÒÂÓÅÒ ÂÀÑ!'
0162+  69CE 20202020202020202020202020202020CFD0C8C2C5D22C20CFD0C8C2C5D22120
0162+  69EE 4D49434B20D1CDCEC2C020CFD0C8C2C5D2D1D2C2D3C5D220C2C0D121
0163+  6A0A             		db	' ÏÐÅÄÑÒÀÂËßÞ ÍÀ ÂÀØ ÑÓÄ ÍÎÂÛÉ ÑÁÎÐÍÈÊ Ñ ÌÓÇÛÊÎÉ Â ÏÎÄÄÅÐÆÊÓ ÑÂÎÅÉ ÇÂÓÊÎÂÎÉ ÊÀÐÒÛ'
0163+  6A0A 20CFD0C5C4D1D2C0C2CBDFDE20CDC020C2C0D820D1D3C420CDCEC2DBC920D1C1
0163+  6A2A CED0CDC8CA20D120CCD3C7DBCACEC920C220CFCEC4C4C5D0C6CAD320D1C2CEC5
0163+  6A4A C920C7C2D3CACEC2CEC920CAC0D0D2DB
0164+  6A5A             		db	' ZXM-MOONSOUND. ÝÒÎÒ ÂÛÏÓÑÊ ÏÐÈÓÐÎ×ÅÍ Ê ÁÓÐÆÓÉÑÊÎÌÓ ÏÐÀÇÄÍÈÊÓ, ÈÌÅÍÓÅÌÛÌ ÊÀÊ HALLOWEN.'
0164+  6A5A 205A584D2D4D4F4F4E534F554E442E20DDD2CED220C2DBCFD3D1CA20CFD0C8D3
0164+  6A7A D0CED7C5CD20CA20C1D3D0C6D3C9D1CACECCD320CFD0C0C7C4CDC8CAD32C20C8
0164+  6A9A CCC5CDD3C5CCDBCC20CAC0CA2048414C4C4F57454E2E
0165+  6AB0             		db	' ÑÎÎÒÂÅÒÑÒÂÅÍÍÎ È ÒÅÌÀÒÈÊÀ ÑÁÎÐÍÈÊÀ ÑÎÎÒÂÅÒÑÒÂÓÞÙÀß - ËÓÍÀ, ÇËÎÁÍÛÅ ÒÛÊÂÛ È ÄÓØÅÐÀÇÄÈÐÀÞÙÀß ÌÓÇÛÊÀ.'
0165+  6AB0 20D1CECED2C2C5D2D1D2C2C5CDCDCE20C820D2C5CCC0D2C8CAC020D1C1CED0CD
0165+  6AD0 C8CAC020D1CECED2C2C5D2D1D2C2D3DED9C0DF202D20CBD3CDC02C20C7CBCEC1
0165+  6AF0 CDDBC520D2DBCAC2DB20C820C4D3D8C5D0C0C7C4C8D0C0DED9C0DF20CCD3C7DB
0165+  6B10 CAC02E
0166+  6B13             		db	' ÊÀÐÒÈÍÊÓ ÊÀÊ ÎÁÛ×ÍÎ ÍÀØÅË Â ÈÍÅÒÅ È ÈÇÂÐÀÒÈË  ÄÎ ÍÅÓÇÍÀÂÀÅÌÎÑÒÈ, ÍÅ ÍÓ À ×Å ÂÛ ÕÎÒÅËÈ'            
0166+  6B13 20CAC0D0D2C8CDCAD320CAC0CA20CEC1DBD7CDCE20CDC0D8C5CB20C220C8CDC5
0166+  6B33 D2C520C820C8C7C2D0C0D2C8CB2020C4CE20CDC5D3C7CDC0C2C0C5CCCED1D2C8
0166+  6B53 2C20CDC520CDD320C020D7C520C2DB20D5CED2C5CBC8
0167+  6B69             		db	' ÎÒ ÐÓÊÎÆÎÏÎÃÎ ÕÓÄÎÆÍÈÊÀ. ÔÎÍÒ ÂÇßË ÈÇ ÏÐÅÄÛÄÓÙÅÃÎ ÑÁÎÐÍÈÊÀ, ÈÁÎ ËÅÍÈÂÎ ×ÒÎ ÒÎ ÁÛËÎ ÈÑÊÀÒÜ ÄÐÓÃÎÉ.'
0167+  6B69 20CED220D0D3CACEC6CECFCEC3CE20D5D3C4CEC6CDC8CAC02E20D4CECDD220C2
0167+  6B89 C7DFCB20C8C720CFD0C5C4DBC4D3D9C5C3CE20D1C1CED0CDC8CAC02C20C8C1CE
0167+  6BA9 20CBC5CDC8C2CE20D7D2CE20D2CE20C1DBCBCE20C8D1CAC0D2DC20C4D0D3C3CE
0167+  6BC9 C92E
0168+  6BCB             		db	' ÇÀ ÌÓÇÛÊÀËÜÍÎÅ ÑÎÏÐÎÂÎÆÄÅÍÈÅ ÎÒÂÅ×ÀÅÒ ÌÓÇÛÊÀÍÒ NEAR DARK,  ÌÅËÎÄÈÈ ÂÇßÒÛ ÈÇ ÑÁÎÐÍÈÊÀ  ALTO Ñ'
0168+  6BCB 20C7C020CCD3C7DBCAC0CBDCCDCEC520D1CECFD0CEC2CEC6C4C5CDC8C520CED2
0168+  6BEB C2C5D7C0C5D220CCD3C7DBCAC0CDD2204E454152204441524B2C2020CCC5CBCE
0168+  6C0B C4C8C820C2C7DFD2DB20C8C720D1C1CED0CDC8CAC02020414C544F20D1
0169+  6C28             		db	' ÊÎÌÏÜÞÒÅÐÀ MSX 2. ÍÓ À Â ÎÑÒÀËÜÍÎÌ ÂÑÅ ÊËÀÑÑÈ×ÅÑÊÈ - ÀÍÀËÈÇÀÒÎÐÛ, ÌÅÐÖÀÞÙÈÅ ÒÛÊÂÛ.'
0169+  6C28 20CACECCCFDCDED2C5D0C0204D535820322E20CDD320C020C220CED1D2C0CBDC
0169+  6C48 CDCECC20C2D1C520CACBC0D1D1C8D7C5D1CAC8202D20C0CDC0CBC8C7C0D2CED0
0169+  6C68 DB2C20CCC5D0D6C0DED9C8C520D2DBCAC2DB2E
0170+  6C7B             		db	' Â ÌÈÐÅ ÑÏÅÊÒÐÓÌÀ ÏÎÊÀ ÍÀÁËÞÄÀÅÒÑß ÍÅÊÎÅ ÇÀÒÈØÜÅ. ÌÀÐÈß ÁÐÀÕÌÀÒÓËËÈÍÀ ×ÒÎ ÒÎ ÓÑÏÎÊÎÈËÀÑÜ È ÏÅÐÅÑÒÀËÀ'
0170+  6C7B 20C220CCC8D0C520D1CFC5CAD2D0D3CCC020CFCECAC020CDC0C1CBDEC4C0C5D2
0170+  6C9B D1DF20CDC5CACEC520C7C0D2C8D8DCC52E20CCC0D0C8DF20C1D0C0D5CCC0D2D3
0170+  6CBB CBCBC8CDC020D7D2CE20D2CE20D3D1CFCECACEC8CBC0D1DC20C820CFC5D0C5D1
0170+  6CDB D2C0CBC0
0171+  6CDF             		db	' ÂÅÑÒÈ ÁÅÑÊÎÍÅ×ÍÓÞ ÂÎÉÍÓ Ñ ÀÄÅÏÒÀÌÈ ÕÀÉÏÀ. ÇÀÒÎ Ê ÍÅÉ ÍÀÂÅÄÀËÑß ÍÎÌÅÐÍÎÉ ÂÈÒÅÊ, ÑÎÇÄÀÒÅËÜ ÂÓÍÄÅÐÂÀÔËÅÉ,'
0171+  6CDF 20C2C5D1D2C820C1C5D1CACECDC5D7CDD3DE20C2CEC9CDD320D120C0C4C5CFD2
0171+  6CFF C0CCC820D5C0C9CFC02E20C7C0D2CE20CA20CDC5C920CDC0C2C5C4C0CBD1DF20
0171+  6D1F CDCECCC5D0CDCEC920C2C8D2C5CA2C20D1CEC7C4C0D2C5CBDC20C2D3CDC4C5D0
0171+  6D3F C2C0D4CBC5C92C
0172+  6D46             		db 	' ÏÐÀÂÄÀ Â ÁÎËÜØÅÉ ÑÒÅÏÅÍÈ ÒÅÎÐÅÒÈ×ÅÑÊÈÕ. È ÑÎÁÑÒÂÅÍÍÎ Â ÑÂÎÅÌ ÐÅÏÅÐÒÓÀÐÅ ÂÑÅ ÄÅËÀÒÜ Ñ ÍÓËß - ÑÎÁÐÀËÑß ÊÎÐÎ×Å'
0172+  6D46 20CFD0C0C2C4C020C220C1CECBDCD8C5C920D1D2C5CFC5CDC820D2C5CED0C5D2
0172+  6D66 C8D7C5D1CAC8D52E20C820D1CEC1D1D2C2C5CDCDCE20C220D1C2CEC5CC20D0C5
0172+  6D86 CFC5D0D2D3C0D0C520C2D1C520C4C5CBC0D2DC20D120CDD3CBDF202D20D1CEC1
0172+  6DA6 D0C0CBD1DF20CACED0CED7C5
0173+  6DB2             		db	' Ñ ÍÓËß ÍÀÏÈÑÀÒÜ ÄÅÌÓ. ÀÀÀ, ÎÑÒÎÐÎÆÍÅÅ, Ñ ÍÓËß ÎÍÎ Ó ÍÅÃÎ È ÍÀ ÍÓËÅ ÎÑÒÀÅÒÑß. ÂÈÒÅÊ ÌÎÆÅÒ ÒÅÁß ÇÀÊÈÄÀÒÜ'
0173+  6DB2 20D120CDD3CBDF20CDC0CFC8D1C0D2DC20C4C5CCD32E20C0C0C02C20CED1D2CE
0173+  6DD2 D0CEC6CDC5C52C20D120CDD3CBDF20CECDCE20D320CDC5C3CE20C820CDC020CD
0173+  6DF2 D3CBC520CED1D2C0C5D2D1DF2E20C2C8D2C5CA20CCCEC6C5D220D2C5C1DF20C7
0173+  6E12 C0CAC8C4C0D2DC
0174+  6E19             		db	' ÑÀÌÎÑÒÈÐÀÞÙÈÌÈÑß ÏÎÑÒÀÌÈ, À ÍÅ ÄÅÌÀÌÈ. ÒÀÊ ×ÒÎ ÑËÅÄÈ ÇÀ ÍÈÌ ÂÍÈÌÀÒÅËÜÍÅÅ, À ËÓ×ØÅ ÓÌÅÐÒÂÈ ÆÈÂÎÒÈÍÊÓ'
0174+  6E19 20D1C0CCCED1D2C8D0C0DED9C8CCC8D1DF20CFCED1D2C0CCC82C20C020CDC520
0174+  6E39 C4C5CCC0CCC82E20D2C0CA20D7D2CE20D1CBC5C4C820C7C020CDC8CC20C2CDC8
0174+  6E59 CCC0D2C5CBDCCDC5C52C20C020CBD3D7D8C520D3CCC5D0D2C2C820C6C8C2CED2
0174+  6E79 C8CDCAD3
0175+  6E7D             		db	' ÏÎÊÀ ÍÅ ÏÎÇÄÍÎ, ÒÅÌ ÁÎËÅÅ ÎÍÎ ÑÀÌÛÉ ÐÀÇ Â HALLOWEEN ÏÎÉÄÅÒ.    '  
0175+  6E7D 20CFCECAC020CDC520CFCEC7C4CDCE2C20D2C5CC20C1CECBC5C520CECDCE20D1
0175+  6E9D C0CCDBC920D0C0C720C22048414C4C4F5745454E20CFCEC9C4C5D22E20202020
0176+  6EBD             
0177+  6EBD             		db	' ÈÒÀÊ, Â ÝÒÎÌ ÑÁÎÐÍÈÊÅ ÄÂÅÍÀÄÖÀÒÜ ÌÅËÎÄÈÉ, ÊÎÒÎÐÛÅ'
0177+  6EBD 20C8D2C0CA2C20C220DDD2CECC20D1C1CED0CDC8CAC520C4C2C5CDC0C4D6C0D2
0177+  6EDD DC20CCC5CBCEC4C8C92C20CACED2CED0DBC5
0178+  6EEF             		db	' ÏÅÐÅÊËÞ×ÀÞÒÑß ÏÓÒÅÌ ÍÀÆÀÒÈß ÊËÀÂÈØÈ "SPACE", ËÈÁÎ ÆÄÅÒÅ ÏÎÊÀ ÍÅ ÇÀÊÎÍ×ÈÒÑß ÌÅËÎÄÈß.'
0178+  6EEF 20CFC5D0C5CACBDED7C0DED2D1DF20CFD3D2C5CC20CDC0C6C0D2C8DF20CACBC0
0178+  6F0F C2C8D8C820225350414345222C20CBC8C1CE20C6C4C5D2C520CFCECAC020CDC5
0178+  6F2F 20C7C0CACECDD7C8D2D1DF20CCC5CBCEC4C8DF2E
0179+  6F43             		db	' ÑÏÈÑÎÊ ÌÅËÎÄÈÉ ÈÄÅÒ ÑËÅÄÎÌ: '
0179+  6F43 20D1CFC8D1CECA20CCC5CBCEC4C8C920C8C4C5D220D1CBC5C4CECC3A20
0180+  6F60             
0181+  6F60             		db	' AMAZED.MWM (AMAZED (THE OFFSPRING) - NEAR DARK 1997),'
0181+  6F60 20414D415A45442E4D574D2028414D415A45442028544845204F464653505249
0181+  6F80 4E4729202D204E454152204441524B2031393937292C
0182+  6F96             		db	' BONUS_1.MWM (ELEANOR (THE GATHERING) - ALTO BONUS #1 -  NEAR DARK 1996),'
0182+  6F96 20424F4E55535F312E4D574D2028454C45414E4F522028544845204741544845
0182+  6FB6 52494E4729202D20414C544F20424F4E5553202331202D20204E454152204441
0182+  6FD6 524B2031393936292C
0183+  6FDF             		db	' BONUS_2.MWM (THE MIRROR WATERS (THE GATHERING) - ALTO BONUS #2 -  NEAR DARK 1996),'
0183+  6FDF 20424F4E55535F322E4D574D2028544845204D4952524F522057415445525320
0183+  6FFF 2854484520474154484552494E4729202D20414C544F20424F4E555320233220
0183+  701F 2D20204E454152204441524B2031393936292C
0184+  7032             		db	' CLOSEFAR.MWM (CLOSE, BUT FAR AWAY - NEAR DARK 1997),'
0184+  7032 20434C4F53454641522E4D574D2028434C4F53452C2042555420464152204157
0184+  7052 4159202D204E454152204441524B2031393937292C
0185+  7067             		db	' DARKNESS.MWM (DARKNESS - NEAR DARK 1997),'
0185+  7067 204441524B4E4553532E4D574D20284441524B4E455353202D204E4541522044
0185+  7087 41524B2031393937292C
0186+  7091             		db	' DROWNED.MWM (DROWNED MAID (AMORPHIS) - NEAR DARK 1997),'
0186+  7091 2044524F574E45442E4D574D202844524F574E4544204D4149442028414D4F52
0186+  70B1 5048495329202D204E454152204441524B2031393937292C
0187+  70C9             		db	' EMPTYNES.MWM (COMPLETE EMPTYNESS - NEAR DARK 1997),'
0187+  70C9 20454D5054594E45532E4D574D2028434F4D504C45544520454D5054594E4553
0187+  70E9 53202D204E454152204441524B2031393937292C
0188+  70FD             		db	' FOLKNORT.MWM (FOLK OF THE NORTH (AMORPHIS) - NEAR DARK 1997),'
0188+  70FD 20464F4C4B4E4F52542E4D574D2028464F4C4B204F4620544845204E4F525448
0188+  711D 2028414D4F525048495329202D204E454152204441524B2031393937292C
0189+  713B             		db	' GONEAWAY.MWM (GONE AWAY (THE OFFSPRING) - NEAR DARK 1997),'
0189+  713B 20474F4E45415741592E4D574D2028474F4E4520415741592028544845204F46
0189+  715B 46535052494E4729202D204E454152204441524B2031393937292C
0190+  7176             		db	' MONSUNP2.MWM (PART OF MOON AND SUN PART II (AMORPHIS) - NEAR DARK 1997),'
0190+  7176 204D4F4E53554E50322E4D574D202850415254204F46204D4F4F4E20414E4420
0190+  7196 53554E20504152542049492028414D4F525048495329202D204E454152204441
0190+  71B6 524B2031393937292C
0191+  71BF             		db	' LOVE_JO.MWM (LOVE JO TO DEATH (TYPE OF NEGATIVE) - NEAR DARK 1997),'
0191+  71BF 204C4F56455F4A4F2E4D574D20284C4F5645204A4F20544F2044454154482028
0191+  71DF 54595045204F46204E4547415449564529202D204E454152204441524B203139
0191+  71FF 3937292C
0192+  7203             		db	' SELECTOR.MWM (GRAVEYARD (THE FUCK-ERROR) - - NEAR DARK 1997).'
0192+  7203 2053454C4543544F522E4D574D20284752415645594152442028544845204655
0192+  7223 434B2D4552524F5229202D202D204E454152204441524B2031393937292E
0193+  7241             
0194+  7241             		db	' ÊÐÎÌÅ ÒÎÃÎ ÅÑÒÜ ÅÙÅ ÎÄÍÀ ÊÍÎÏÊÀ "BREAK" - ÂÛÕÎÄ Â TR-DOS.'
0194+  7241 20CAD0CECCC520D2CEC3CE20C5D1D2DC20C5D9C520CEC4CDC020CACDCECFCAC0
0194+  7261 2022425245414B22202D20C2DBD5CEC420C22054522D444F532E
0195+  727B             		db 	' Î ÏÐÎÃÐÀÌÌÅ: ÎÑÍÎÂÍÛÅ ÌÀÒÅÐÈÀËÛ ÁÛËÈ ÏÎÇÀÈÌÑÒÂÎÂÀÍÛ Ñ ÏÐÎÃÐÀÌÌ ÊÎÌÏÜÞÒÅÐÀ "MSX" È ÂÅËÈÊÎÉ'
0195+  727B 20CE20CFD0CEC3D0C0CCCCC53A20CED1CDCEC2CDDBC520CCC0D2C5D0C8C0CBDB
0195+  729B 20C1DBCBC820CFCEC7C0C8CCD1D2C2CEC2C0CDDB20D120CFD0CEC3D0C0CCCC20
0195+  72BB CACECCCFDCDED2C5D0C020224D53582220C820C2C5CBC8CACEC9
0196+  72D5             		db	' ÌÓÑÎÐÊÈ ÏÎÄ ÍÀÇÂÀÍÈÅÌ ÈÍÒÅÐÍÅÒ.' 
0196+  72D5 20CCD3D1CED0CAC820CFCEC420CDC0C7C2C0CDC8C5CC20C8CDD2C5D0CDC5D22E
0197+  72F5             		db 	' ÂÑÅ ÝÒÎ ÑÎÁÈÐÀËÎÑÜ ÍÀ ÐÑ ÏÐÈ ÏÎÌÎÙÈ ÀÑÑÅÌÁËÅÐÀ  SJASMPLUS.'
0197+  72F5 20C2D1C520DDD2CE20D1CEC1C8D0C0CBCED1DC20CDC020D0D120CFD0C820CFCE
0197+  7315 CCCED9C820C0D1D1C5CCC1CBC5D0C02020534A41534D504C55532E
0198+  7330             		db	' ÍÀÏÎÌÍÞ, ÅÑËÈ Ó ÂÀÑ ÊÀÐÒÈÍÊÈ, ÊÎÒÎÐÛÅ ÕÎÒÈÒÅ ÎÏÓÁËÈÊÎÂÀÒÜ ÏÎÄ ÌÓÇÛÊÓ, ÒÎ ÌÈËÎÑÒÈ ÏÐÎÑÈÌ Â ÑËÅÄÓÞÙÈÉ ÂÛÏÓÑÊ.'
0198+  7330 20CDC0CFCECCCDDE2C20C5D1CBC820D320C2C0D120CAC0D0D2C8CDCAC82C20CA
0198+  7350 CED2CED0DBC520D5CED2C8D2C520CECFD3C1CBC8CACEC2C0D2DC20CFCEC420CC
0198+  7370 D3C7DBCAD32C20D2CE20CCC8CBCED1D2C820CFD0CED1C8CC20C220D1CBC5C4D3
0198+  7390 DED9C8C920C2DBCFD3D1CA2E
0199+  739C             		db	' ÊÎÐÎ×Å, ÆÄÅÌ ÍÎÂÛÕ ÒÂÎÐÅÍÈÉ ÎÒ ÕÓÄÎÆÍÈÊÎÂ ÏÐÎÔÅÑÑÈÎÍÀËÜÍÛÕ È ÍÅ Î×ÅÍÜ. ÇÀÑÈÌ ÏÐÎÑÈÌ ÎÒÊËÀÍßÒÑß, ÄÀËÅÅ ÈÄÅÒ'
0199+  739C 20CACED0CED7C52C20C6C4C5CC20CDCEC2DBD520D2C2CED0C5CDC8C920CED220
0199+  73BC D5D3C4CEC6CDC8CACEC220CFD0CED4C5D1D1C8CECDC0CBDCCDDBD520C820CDC5
0199+  73DC 20CED7C5CDDC2E20C7C0D1C8CC20CFD0CED1C8CC20CED2CACBC0CDDFD2D1DF2C
0199+  73FC 20C4C0CBC5C520C8C4C5D2
0200+  7407             		db	' ÒÐÀÄÈÖÈÎÍÍÀß ÐÓÁÐÈÊÀ.'
0200+  7407 20D2D0C0C4C8D6C8CECDCDC0DF20D0D3C1D0C8CAC02E
0201+  741D             
0202+  741D             		db	'             ÏÐÈÂÅÒÛ È ÑÏÀÑÈÁÛ!     '
0202+  741D 20202020202020202020202020CFD0C8C2C5D2DB20C820D1CFC0D1C8C1DB2120
0202+  743D 20202020
0203+  7441             		db	' ÀÀÀ, TÅÁÅ ÂÑÅ ÒÀÊÆÅ ÏÐÈÂÅÒ ÊÀÊ ÂÅËÈÊÎÌÓ ÁÎÕÓ ÄÅÌÎÑÖÅÍÛ :). ÏÐÈÁÅÉ ÍÎÌÅÐÍÎÃÎ ÂÈÒÜÊÀ ÏÎÊÀ ÍÅ ÏÎÇÄÍÎ.'
0203+  7441 20C0C0C02C2054C5C1C520C2D1C520D2C0CAC6C520CFD0C8C2C5D220CAC0CA20
0203+  7461 C2C5CBC8CACECCD320C1CED5D320C4C5CCCED1D6C5CDDB203A292E20CFD0C8C1
0203+  7481 C5C920CDCECCC5D0CDCEC3CE20C2C8D2DCCAC020CFCECAC020CDC520CFCEC7C4
0203+  74A1 CDCE2E
0204+  74A4             		db	' ÎÄÈÍ ÔÈÃ Ñ ÍÓËß ÎÍÎ È Â ÀÔÐÈÊÅ Ñ ÍÓËß. '
0204+  74A4 20CEC4C8CD20D4C8C320D120CDD3CBDF20CECDCE20C820C220C0D4D0C8CAC520
0204+  74C4 D120CDD3CBDF2E20
0205+  74CC             		db	' TS-LABS, ÑÏÀÑÈÁÎ ÇÀ ÒÎ, ×ÒÎ ÏÐÈÞÒÈË ÍÀ ÑÂÎÅÌ ÔÎÐÓÌÅ ÁÅÑÕÎÇÍÎÃÎ ÏËÞØÅÂÎÃÎ ÌÅÄÂÅÄß.'
0205+  74CC 2054532D4C4142532C20D1CFC0D1C8C1CE20C7C020D2CE2C20D7D2CE20CFD0C8
0205+  74EC DED2C8CB20CDC020D1C2CEC5CC20D4CED0D3CCC520C1C5D1D5CEC7CDCEC3CE20
0205+  750C CFCBDED8C5C2CEC3CE20CCC5C4C2C5C4DF2E
0206+  751E             		db	' NEAR DARK, ÑÏÀÑÈÁÎ ÇÀ ÌÓÇÛÊÓ, ÇÂÓ×ÀÙÅÉ Â ÑÁÎÐÍÈÊÅ, ÎÃÐÎÌÍÛÉ ÐÅÑÏÅÊÒ È ÓÂÀÆÓÕÀ.'
0206+  751E 204E454152204441524B2C20D1CFC0D1C8C1CE20C7C020CCD3C7DBCAD32C20C7
0206+  753E C2D3D7C0D9C5C920C220D1C1CED0CDC8CAC52C20CEC3D0CECCCDDBC920D0C5D1
0206+  755E CFC5CAD220C820D3C2C0C6D3D5C02E
0207+  756D             		db	' ÂÑÅÌ ÂËÀÄÅËÜÖÀÌ ÏÐÎÄÓÊÖÈÈ ÏÎÄ ÁÐÅÍÄÎÌ "ZXM" ÁÎËÜØÓÙÈÉ ÏÐÈÂÅÒ. ÂÀÑ ÌÍÎÃÎ, ÌÎÆÍÎ ÍÅ ÁÓÄÓ ÂÀÑ ÍÀÇÛÂÀÒÜ ÂÑÅÕ ÏÎÈÌÅÍÍÎ.'
0207+  756D 20C2D1C5CC20C2CBC0C4C5CBDCD6C0CC20CFD0CEC4D3CAD6C8C820CFCEC420C1
0207+  758D D0C5CDC4CECC20225A584D2220C1CECBDCD8D3D9C8C920CFD0C8C2C5D22E20C2
0207+  75AD C0D120CCCDCEC3CE2C20CCCEC6CDCE20CDC520C1D3C4D320C2C0D120CDC0C7DB
0207+  75CD C2C0D2DC20C2D1C5D520CFCEC8CCC5CDCDCE2E
0208+  75E0             		db	' ÏÐÈÂÅÒ ÒÀÊÆÅ ÂÑÅÌ ÑÏÅÊÒÐÓÌÈÑÒÀÌ, ÁÛÂØÈÌ, ÍÀÑÒÎßÙÈÌ È ÂÎÇÌÎÆÍÎ ÁÓÄÓÙÈÌ.'
0208+  75E0 20CFD0C8C2C5D220D2C0CAC6C520C2D1C5CC20D1CFC5CAD2D0D3CCC8D1D2C0CC
0208+  7600 2C20C1DBC2D8C8CC2C20CDC0D1D2CEDFD9C8CC20C820C2CEC7CCCEC6CDCE20C1
0208+  7620 D3C4D3D9C8CC2E
0209+  7627             		db	'       È ÏÎÑËÅÄÍÈÉ ÀÁÇÀÖ :) :)'
0209+  7627 20202020202020C820CFCED1CBC5C4CDC8C920C0C1C7C0D6203A29203A29
0210+  7645             		db	' ÂÑß ÈÍÔÀ ÏÎ ÌÎÈÌ ÏÐÎÅÊÒÀÌ ÍÀ ÑÀÉÒÅ WWW.MICKLAB.RU, '
0210+  7645 20C2D1DF20C8CDD4C020CFCE20CCCEC8CC20CFD0CEC5CAD2C0CC20CDC020D1C0
0210+  7665 C9D2C5205757572E4D49434B4C41422E52552C20
0211+  7679             		db	' ÑÂßÇÀÒÜÑß ÑÎ ÌÍÎÉ ÌÎÆÍÎ ×ÅÐÅÇ ÔÎÐÓÌ WWW.TS-LABS.INFO - ÍÈÊÍÅÉÌ MICK ÈËÈ ×ÅÐÅÇ ÌÛËÎ'
0211+  7679 20D1C2DFC7C0D2DCD1DF20D1CE20CCCDCEC920CCCEC6CDCE20D7C5D0C5C720D4
0211+  7699 CED0D3CC205757572E54532D4C4142532E494E464F202D20CDC8CACDC5C9CC20
0211+  76B9 4D49434B20C8CBC820D7C5D0C5C720CCDBCBCE
0212+  76CC             		db	' MICKLAB(ÃÀÂ-ÃÀÂ)MAIL.RU.' 
0212+  76CC 204D49434B4C414228C3C0C22DC3C0C2294D41494C2E52552E
0213+  76E5             		db	' ÏÎÐÀ ÏÐÎÙÀÒÜÑß. ÏÎÑÌÎÐÒÈÌ ÁÓÄÓÒ ËÈ ÅÙÅ ÏÐÎÃÐÀÌÌÊÈ ÎÒ ÌÅÍß :) ÏÎÊÀ! ÏÎÊÀ!      '
0213+  76E5 20CFCED0C020CFD0CED9C0D2DCD1DF2E20CFCED1CCCED0D2C8CC20C1D3C4D3D2
0213+  7705 20CBC820C5D9C520CFD0CEC3D0C0CCCCCAC820CED220CCC5CDDF203A2920CFCE
0213+  7725 CAC02120CFCECAC021202020202020
0214+  7734             		db	'            OKTOBER *2016*    GRAPHICS AND CODE BY MICK         '
0214+  7734 2020202020202020202020204F4B544F424552202A323031362A202020204752
0214+  7754 41504849435320414E4420434F4445204259204D49434B202020202020202020
0215+  7774             		db	'                                             ',0           		
0215+  7774 2020202020202020202020202020202020202020202020202020202020202020
0215+  7794 2020202020202020202020202000
0216+  77A2             Str_addr_font: 
0217+  77A2             		incbin "diz_w.fnt"
0218+  7AA2             
0219+  7AA2             ;		.end
0220+  7AA2             
0690   7AA2             		.include  mwm_player.asm
0001+  7AA2             ;--------------------------------------------------------------------
0002+  7AA2             ; Îïèñàíèå: Ïðîèãðûâàþùèé ìîäóëü ìóçûêàëüíûõ ôàéëîâ MWM c êîìïüþòåðà MSX
0003+  7AA2             ; Àâòîð ïîðòà: Òàðàñîâ Ì.Í.(Mick),2015
0004+  7AA2             ;--------------------------------------------------------------------
0005+  7AA2             MOON_BASE: 	equ	0C4h
0006+  7AA2             MOON_REG1: 	equ	MOON_BASE
0007+  7AA2             MOON_DAT1: 	equ	MOON_BASE+1
0008+  7AA2             MOON_REG2: 	equ	MOON_BASE+2
0009+  7AA2             MOON_DAT2: 	equ	MOON_BASE+3
0010+  7AA2             MOON_STAT: 	equ	MOON_BASE
0011+  7AA2             
0012+  7AA2             MOON_WREG: 	equ	7Eh
0013+  7AA2             MOON_WDAT: 	equ	MOON_WREG+1
0014+  7AA2             
0015+  7AA2             PTW_SIZE: 	equ	20	; size of Wave playtable line
0016+  7AA2             WAVCHNS: 	equ	24
0017+  7AA2             
0018+  7AA2             ;-------------------------------------------------------------------
0019+  7AA2             ; îïèñàíèå: Èíèöèàëèçàöèÿ ïðîèãðûâàòåëÿ
0020+  7AA2             ; ïàðàìåòðû: íåò
0021+  7AA2             ; âîçâðàùàåìîå  çíà÷åíèå: íåò
0022+  7AA2             ;---------------------------------------------------------------------
0023+  7AA2             MBPlayer_init: 
0024+  7AA2 C3 AE 7A    		jp	MBPlayer_start_music
0025+  7AA5             ;-------------------------------------------------------------------
0026+  7AA5             ; îïèñàíèå: Ïðîèãðûâàíèå íîòû
0027+  7AA5             ; ïàðàìåòðû: íåò
0028+  7AA5             ; âîçâðàùàåìîå  çíà÷åíèå: íåò
0029+  7AA5             ;---------------------------------------------------------------------
0030+  7AA5             MBPlayer_play: 
0031+  7AA5 C3 84 7B    		jp	MBPlayer_play_music
0032+  7AA8             ;-------------------------------------------------------------------
0033+  7AA8             ; îïèñàíèå: Îñòàíîâêà ïðîèãðûâàíèÿ
0034+  7AA8             ; ïàðàìåòðû: íåò
0035+  7AA8             ; âîçâðàùàåìîå  çíà÷åíèå: íåò
0036+  7AA8             ;---------------------------------------------------------------------
0037+  7AA8             MBPlayer_stop: 
0038+  7AA8 C3 5A 7B    		jp	MBPlayer_stop_music
0039+  7AAB             ;-------------------------------------------------------------------
0040+  7AAB             ; îïèñàíèå: Óñòàíîâêà òèøèíû â çâóêîâîé ÷èï
0041+  7AAB             ; ïàðàìåòðû: íåò
0042+  7AAB             ; âîçâðàùàåìîå  çíà÷åíèå: íåò
0043+  7AAB             ;---------------------------------------------------------------------
0044+  7AAB             MBPlayer_fade: 
0045+  7AAB C3 74 7B    		jp	MBPlayer_fade_music
0046+  7AAE             ;-------------------------------------------------------------------
0047+  7AAE             ; îïèñàíèå: Èíèöèàëèçàöèÿ ïðîèãðûâàòåëÿ
0048+  7AAE             ; ïàðàìåòðû: íåò
0049+  7AAE             ; âîçâðàùàåìîå  çíà÷åíèå: íåò
0050+  7AAE             ;---------------------------------------------------------------------
0051+  7AAE             MBPlayer_start_music: 
0052+  7AAE F3          		di	
0053+  7AAF 3A 07 82    		ld	a, (MBPlayer_play_busy)
0054+  7AB2 B7          		or	a
0055+  7AB3 C0          		ret	nz				; already playing?
0056+  7AB4             
0057+  7AB4 3E FF       		ld	a, 0FFh
0058+  7AB6 32 07 82    		ld	(MBPlayer_play_busy), a 	; set busy playing
0059+  7AB9             
0060+  7AB9 AF          		xor	a
0061+  7ABA 32 2B 82    		ld	(MBPlayer_play_intcnt), a
0062+  7ABD 3E 0F       		ld	a, 15
0063+  7ABF 32 09 82    		ld	(MBPlayer_play_step), a 	; set step and position
0064+  7AC2 3E FF       		ld	a, 0FFh
0065+  7AC4 32 08 82    		ld	(MBPlayer_play_pos), a
0066+  7AC7             
0067+  7AC7             ;		call	MBPlayer_getbank_FE
0068+  7AC7             ;		ld	(MBPlayer_save_curbank), a
0069+  7AC7             
0070+  7AC7             ;		ld	a, (MBPlayer_songdata_bank1)
0071+  7AC7             ;		call	MBPlayer_selbank_FE
0072+  7AC7             
0073+  7AC7 2A 0C 82    		ld	hl, (MBPlayer_songdata_addres)
0074+  7ACA 11 37 82    		ld	de, MBPlayer_xleng
0075+  7ACD 01 DC 00    		ld	bc, 220
0076+  7AD0 ED B0       		ldir	
0077+  7AD2 11 3A 00    		ld	de, 58
0078+  7AD5 19          		add	hl, de
0079+  7AD6 22 15 83    		ld	(MBPlayer_pos_address), hl
0080+  7AD9 3A 37 82    		ld	a, (MBPlayer_xleng)
0081+  7ADC 3C          		inc	a
0082+  7ADD 5F          		ld	e, a
0083+  7ADE 19          		add	hl, de
0084+  7ADF 22 13 83    		ld	(MBPlayer_pat_address), hl
0085+  7AE2             
0086+  7AE2             ;		ld	a, (MBPlayer_save_curbank)
0087+  7AE2             ;		call	MBPlayer_selbank_FE
0088+  7AE2             
0089+  7AE2 CD 04 7B    		call	MBPlayer_init_opl4 		;initialise OPL4
0090+  7AE5 CD 12 7B    		call	MBPlayer_init_voices
0091+  7AE8 3A 51 82    		ld	a, (MBPlayer_xtempo)
0092+  7AEB 32 28 82    		ld	(MBPlayer_play_speed), a
0093+  7AEE 3A 28 82    		ld	a, (MBPlayer_play_speed)
0094+  7AF1 D6 03       		sub	3
0095+  7AF3 32 2A 82    		ld	(MBPlayer_play_timercnt), a
0096+  7AF6 AF          		xor	a
0097+  7AF7 32 29 82    		ld	(MBPlayer_play_tspval), a
0098+  7AFA 32 2D 82    		ld	(MBPlayer_play_fading), a
0099+  7AFD 32 2E 82    		ld	(MBPlayer_play_fadecnt), a
0100+  7B00 32 30 82    		ld	(MBPlayer_play_fadetcnt), a
0101+  7B03             
0102+  7B03             loc_0_4378: 
0103+  7B03             ;		di	
0104+  7B03             ;		ld	hl, 0FD9Fh
0105+  7B03             ;		ld	de, locret_0_455C
0106+  7B03             ;		ld	bc, 5
0107+  7B03             ;		ldir	
0108+  7B03             ;		ld	a, 0C3h	; 'Ã'
0109+  7B03             ;		ld	(0FD9Fh), a
0110+  7B03             ;		ld	hl, MBPlayer_play_music
0111+  7B03             ;		ld	(0FDA0h), hl
0112+  7B03             ;		ei	
0113+  7B03 C9          		ret	
0114+  7B04             ;-------------------------------------------------------------------
0115+  7B04             ; îïèñàíèå: Èíèöèàëèçàöèÿ OPL4 ðåãèñòðîâ
0116+  7B04             ; ïàðàìåòðû: íåò
0117+  7B04             ; âîçâðàùàåìîå  çíà÷åíèå: íåò
0118+  7B04             ;---------------------------------------------------------------------
0119+  7B04             MBPlayer_init_opl4: 
0120+  7B04 3E 03       		ld	a, 3
0121+  7B06 0E 05       		ld	c, 5
0122+  7B08 CD E4 81    		call	sub_0_4A3F
0123+  7B0B 0E 02       		ld	c, 2
0124+  7B0D 3E 10       		ld	a, 10h
0125+  7B0F C3 F0 81    		jp	MBPlayer_out_wave
0126+  7B12             ;-------------------------------------------------------------------
0127+  7B12             ; îïèñàíèå: Èíèöèàëèçàöèÿ OPL4 êàíàëîâ
0128+  7B12             ; ïàðàìåòðû: íåò
0129+  7B12             ; âîçâðàùàåìîå  çíà÷åíèå: íåò
0130+  7B12             ;---------------------------------------------------------------------
0131+  7B12             MBPlayer_init_voices: 
0132+  7B12 06 18       		ld	b, WAVCHNS			; # wave channels
0133+  7B14 FD 21 19 83 		ld	iy, MBPlayer_play_table_wav
0134+  7B18 DD 21 9B 82 		ld	ix, MBPlayer_xbegwav
0135+  7B1C 11 14 00    		ld	de, PTW_SIZE
0136+  7B1F             loc_0_43AC: 
0137+  7B1F D5          		push	de
0138+  7B20 C5          		push	bc
0139+  7B21 DD 7E B8    		ld	a,(ix - 48h)			; xdetune!
0140+  7B24 87          		add	a, a
0141+  7B25 FD 77 05    		ld	(iy + 5), a			; detune!
0142+  7B28 DD 7E 00    		ld	a, (ix + 0)                     ; wave/patchnr
0143+  7B2B F5          		push	af
0144+  7B2C CD C3 7F    		call	MBPlayer_play_wwavevt2
0145+  7B2F F1          		pop	af
0146+  7B30 21 E2 82    		ld	hl, MBPlayer_xwavvols - 1
0147+  7B33 85          		add	a, l
0148+  7B34 30 01       		jr	nc, loc_0_43C4
0149+  7B36 24          		inc	h
0150+  7B37             
0151+  7B37             loc_0_43C4: 
0152+  7B37 6F          		ld	l, a
0153+  7B38 7E          		ld	a, (hl)
0154+  7B39 FD 77 0F    		ld	(iy + 0Fh), a
0155+  7B3C CD 02 80    		call	MBPlayer_play_wchgvol2
0156+  7B3F DD 7E 9E    		ld	a, (ix - 62h)
0157+  7B42 CD B2 80    		call	MBPlayer_play_wchgste2
0158+  7B45 DD 23       		inc	ix
0159+  7B47 C1          		pop	bc
0160+  7B48 D1          		pop	de
0161+  7B49 FD 19       		add	iy, de
0162+  7B4B 10 D2       		djnz	loc_0_43AC
0163+  7B4D C9          		ret	
0164+  7B4E             
0165+  7B4E             loc_0_43DB: 
0166+  7B4E 3A 07 82    		ld	a, (MBPlayer_play_busy)
0167+  7B51 B7          		or	a
0168+  7B52 C0          		ret	nz
0169+  7B53 3D          		dec	a
0170+  7B54 32 07 82    		ld	(MBPlayer_play_busy), a
0171+  7B57 C3 03 7B    		jp	loc_0_4378
0172+  7B5A             ;-------------------------------------------------------------------
0173+  7B5A             ; îïèñàíèå: Îñòàíîâêà ïðîèãðûâàíèÿ
0174+  7B5A             ; ïàðàìåòðû: íåò
0175+  7B5A             ; âîçâðàùàåìîå  çíà÷åíèå: íåò
0176+  7B5A             ;---------------------------------------------------------------------
0177+  7B5A             MBPlayer_stop_music: 
0178+  7B5A             ;		ld	a, (MBPlayer_play_busy)
0179+  7B5A             ;		or	a
0180+  7B5A             ;		ret	z
0181+  7B5A             
0182+  7B5A F3          		di	
0183+  7B5B AF          		xor	a
0184+  7B5C 32 07 82    		ld	(MBPlayer_play_busy), a
0185+  7B5F             
0186+  7B5F             ;		ld	hl, locret_0_455C
0187+  7B5F             ;		ld	de, 0FD9Fh
0188+  7B5F             ;		ld	bc, 5
0189+  7B5F             ;		ldir	
0190+  7B5F 06 18       		ld	b, WAVCHNS			; # wave channels
0191+  7B61 FD 21 19 83 		ld	iy, MBPlayer_play_table_wav
0192+  7B65 11 14 00    		ld	de, PTW_SIZE
0193+  7B68             
0194+  7B68             loc_0_4405: 
0195+  7B68 CD AD 7F    		call	MBPlayer_play_woffevt
0196+  7B6B CD 0B 81    		call	MBPlayer_play_wchgdmp
0197+  7B6E FD 19       		add	iy, de
0198+  7B70 10 F6       		djnz	loc_0_4405
0199+  7B72 FB          		ei	
0200+  7B73 C9          		ret	
0201+  7B74             ;-------------------------------------------------------------------
0202+  7B74             ; îïèñàíèå: Óñòàíîâêà çàòóõàíèÿ
0203+  7B74             ; ïàðàìåòðû: B - ñêîðîñòü çàòóõàíèÿ
0204+  7B74             ; âîçâðàùàåìîå  çíà÷åíèå: íåò
0205+  7B74             ;---------------------------------------------------------------------
0206+  7B74             MBPlayer_fade_music: 
0207+  7B74 47          		ld	b, a
0208+  7B75 3A 07 82    		ld	a, (MBPlayer_play_busy)		; already stopped?
0209+  7B78 B7          		or	a
0210+  7B79 C8          		ret	z
0211+  7B7A 3E FF       		ld	a, 255
0212+  7B7C 32 2D 82    		ld	(MBPlayer_play_fading), a 	; fading on
0213+  7B7F 78          		ld	a, b
0214+  7B80 32 2F 82    		ld	(MBPlayer_play_fadespd), a      ; set fade speed
0215+  7B83 C9          		ret	
0216+  7B84             ;-------------------------------------------------------------------
0217+  7B84             ; îïèñàíèå: Ïðîèãðûâàíèå ìóçûêè ïî ïðåðûâàíèÿì
0218+  7B84             ; ïàðàìåòðû: íåò
0219+  7B84             ; âîçâðàùàåìîå  çíà÷åíèå: íåò
0220+  7B84             ;---------------------------------------------------------------------
0221+  7B84             MBPlayer_play_music: 
0222+  7B84 F3          		di	
0223+  7B85             ;		ld	a, (MBPlayer_xhzequal)
0224+  7B85             ;		or	a
0225+  7B85             ;		jr	z, loc_0_443E
0226+  7B85             
0227+  7B85             ;		ld	a, (0FFE8h)
0228+  7B85             ;		and	2
0229+  7B85             ;		jr	nz, loc_0_443E
0230+  7B85             
0231+  7B85             ;		ld	hl, MBPlayer_play_intcnt
0232+  7B85             ;		ld	a, (hl)
0233+  7B85             ;		inc	a
0234+  7B85             ;		cp	6
0235+  7B85             ;		jr	c, loc_0_443D
0236+  7B85             ;		ld	(hl), 0
0237+  7B85             ;		jp	locret_0_455C
0238+  7B85             ;
0239+  7B85             ;loc_0_443D:
0240+  7B85             ;		ld	(hl), a
0241+  7B85             
0242+  7B85             loc_0_443E: 
0243+  7B85 CD 1F 81    		call	MBPlayer_play_pitch
0244+  7B88             
0245+  7B88 3A 2D 82    		ld	a, (MBPlayer_play_fading)
0246+  7B8B B7          		or	a
0247+  7B8C 28 0A       		jr	z, loc_0_4451
0248+  7B8E CD A5 81    		call	MBPlayer_play_fade
0249+  7B91 3A 2D 82    		ld	a, (MBPlayer_play_fading)
0250+  7B94 B7          		or	a
0251+  7B95 CA E8 7C    		jp	z, locret_0_455C
0252+  7B98             
0253+  7B98             loc_0_4451: 
0254+  7B98             ;		call	MBPlayer_getbank_FE
0255+  7B98             ;		ld	(MBPlayer_save_curbank), a
0256+  7B98             
0257+  7B98 3A 28 82    		ld	a, (MBPlayer_play_speed) 	; speed
0258+  7B9B 21 2A 82    		ld	hl, MBPlayer_play_timercnt
0259+  7B9E 34          		inc	(hl)
0260+  7B9F BE          		cp	(hl)
0261+  7BA0 C2 ED 7C    		jp	nz, MBPlayer_play_int_sec	; almost there?
0262+  7BA3 36 00       		ld	(hl), 0
0263+  7BA5             
0264+  7BA5 FD 21 59 84 		ld	iy, unk_0_4E30
0265+  7BA9 21 1F 82    		ld	hl, unk_0_4B98
0266+  7BAC 01 60 08    		ld	bc, 860h
0267+  7BAF 11 14 00    		ld	de, PTW_SIZE
0268+  7BB2             
0269+  7BB2             loc_0_4471: 
0270+  7BB2 7E          		ld	a, (hl)
0271+  7BB3 3D          		dec	a
0272+  7BB4 B9          		cp	c
0273+  7BB5 DC DB 7D    		call	c, MBPlayer_calc_wave
0274+  7BB8 FD 19       		add	iy, de
0275+  7BBA 23          		inc	hl
0276+  7BBB 10 F5       		djnz	loc_0_4471
0277+  7BBD             
0278+  7BBD             ;		ld	a, (MBPlayer_songdata_bank)
0279+  7BBD             ;		call	MBPlayer_selbank_FE
0280+  7BBD             
0281+  7BBD 21 0F 82    		ld	hl, MBPlayer_step_buffer        ;WAVE Event routines
0282+  7BC0 06 18       		ld	b, WAVCHNS			; # channels
0283+  7BC2 FD 21 19 83 		ld	iy, MBPlayer_play_table_wav
0284+  7BC6 11 14 00    		ld	de, PTW_SIZE
0285+  7BC9 0E 60       		ld	c, 96
0286+  7BCB             
0287+  7BCB             loc_0_4490: 
0288+  7BCB 7E          		ld	a, (hl)
0289+  7BCC 3D          		dec	a
0290+  7BCD B9          		cp	c
0291+  7BCE D2 0E 7C    		jp	nc, loc_0_44D3
0292+  7BD1 3E 67       		ld	a, 67h
0293+  7BD3 80          		add	a, b 				; calc. register
0294+  7BD4 D3 7E       		out	(MOON_WREG), a
0295+  7BD6 AF          		xor	a
0296+  7BD7             loc_0_449C: 
0297+  7BD7 C5          		push	bc
0298+  7BD8 C1          		pop	bc
0299+  7BD9 D3 7F       		out	(MOON_WDAT), a			; off
0300+  7BDB             
0301+  7BDB 3E 1F       		ld	a, 1Fh
0302+  7BDD 80          		add	a, b
0303+  7BDE             loc_0_44A3: 
0304+  7BDE C5          		push	bc
0305+  7BDF C1          		pop	bc
0306+  7BE0 D3 7E       		out	(MOON_WREG), a
0307+  7BE2 FD 7E 08    		ld	a, (iy + 8)
0308+  7BE5 FD 77 12    		ld	(iy + 12h), a
0309+  7BE8 FD B6 06    		or	(iy + 6)
0310+  7BEB             loc_0_44B0: 
0311+  7BEB C5          		push	bc
0312+  7BEC C1          		pop	bc
0313+  7BED D3 7F       		out	(MOON_WDAT), a			; freq + tone
0314+  7BEF             
0315+  7BEF 3E 07       		ld	a, 7
0316+  7BF1 80          		add	a, b
0317+  7BF2             loc_0_44B7: 
0318+  7BF2 C5          		push	bc
0319+  7BF3 C1          		pop	bc
0320+  7BF4 D3 7E       		out	(MOON_WREG), a
0321+  7BF6 FD 7E 07    		ld	a, (iy + 7)
0322+  7BF9             loc_0_44BE: 
0323+  7BF9 C5          		push	bc
0324+  7BFA C1          		pop	bc
0325+  7BFB D3 7F       		out	(MOON_WDAT), a 			; tone
0326+  7BFD             
0327+  7BFD 3E 37       		ld	a, 37h
0328+  7BFF 80          		add	a, b
0329+  7C00             loc_0_44C5: 
0330+  7C00 C5          		push	bc
0331+  7C01 C1          		pop	bc
0332+  7C02 D3 7E       		out	(MOON_WREG), a
0333+  7C04 FD 7E 09    		ld	a, (iy + 9)
0334+  7C07 FD 77 13    		ld	(iy + 13h), a
0335+  7C0A             loc_0_44CF: 
0336+  7C0A C5          		push	bc
0337+  7C0B C1          		pop	bc
0338+  7C0C D3 7F       		out	(MOON_WDAT), a
0339+  7C0E             loc_0_44D3: 
0340+  7C0E 23          		inc	hl
0341+  7C0F FD 19       		add	iy, de
0342+  7C11 10 B8       		djnz	loc_0_4490
0343+  7C13             
0344+  7C13 21 0F 82    		ld	hl, MBPlayer_step_buffer		; songdata-adres 
0345+  7C16 DD 21 A9 8D 		ld	ix, MBPlayer_volume_buffer_1
0346+  7C1A FD 21 19 83 		ld	iy, MBPlayer_play_table_wav
0347+  7C1E 06 18       		ld	b,WAVCHNS
0348+  7C20 11 14 00    		ld	de,PTW_SIZE
0349+  7C23             loc_0_44E4: 
0350+  7C23 DB C4       		in	a, (MOON_STAT)
0351+  7C25 E6 02       		and	2
0352+  7C27 20 FA       		jr	nz, loc_0_44E4
0353+  7C29             
0354+  7C29             MBPlayer_play_int_wlus: 
0355+  7C29 AF          		xor	a
0356+  7C2A DD 77 00    		ld	(ix + 0), a
0357+  7C2D DD 77 18    		ld	(ix + 18h), a
0358+  7C30             
0359+  7C30             
0360+  7C30 7E          		ld	a, (hl)
0361+  7C31 B7          		or	a
0362+  7C32 28 3A       		jr	z, MBPlayer_play_int_wend2		; empty
0363+  7C34             
0364+  7C34 08          		ex	af, af'
0365+  7C35 78          		ld	a, b
0366+  7C36 D9          		exx	
0367+  7C37 47          		ld	b, a
0368+  7C38 08          		ex	af, af'
0369+  7C39             
0370+  7C39 11 6D 7C    		ld	de, MBPlayer_play_int_wend
0371+  7C3C D5          		push	de
0372+  7C3D             
0373+  7C3D FE 61       		cp	97
0374+  7C3F DA 52 7F    		jp	c, MBPlayer_play_wonevt		; wave on
0375+  7C42 CA AD 7F    		jp	z, MBPlayer_play_woffevt	; wave off 
0376+  7C45 FE 92       		cp	146
0377+  7C47 DA C1 7F    		jp	c, MBPlayer_play_wwavevt	; wave 
0378+  7C4A FE B2       		cp	178
0379+  7C4C DA FD 7F    		jp	c, MBPlayer_play_wchgvol	; volume 
0380+  7C4F FE C1       		cp	193
0381+  7C51 DA B0 80    		jp	c, MBPlayer_play_wchgste	; stereo 
0382+  7C54 FE D4       		cp	212
0383+  7C56 DA 25 80    		jp	c, MBPlayer_play_wlnk		; link 
0384+  7C59 FE E7       		cp	231
0385+  7C5B DA D3 80    		jp	c, MBPlayer_play_wchgpit	; pitch bending 
0386+  7C5E FE EE       		cp	238
0387+  7C60 DA 03 81    		jp	c, MBPlayer_play_wchgdet	; detune 
0388+  7C63 FE F1       		cp	241
0389+  7C65 DA EB 80    		jp	c, MBPlayer_play_wchgmod	; modulation 
0390+  7C68 FE F3       		cp	243
0391+  7C6A DA 0B 81    		jp	c, MBPlayer_play_wchgdmp	; damp 
0392+  7C6D             
0393+  7C6D             MBPlayer_play_int_wend: 
0394+  7C6D D9          		exx	
0395+  7C6E             
0396+  7C6E             MBPlayer_play_int_wend2: 
0397+  7C6E             ;		ld	a, (byte_0_4C6F)
0398+  7C6E             ;		or	a
0399+  7C6E             ;		jr	z, loc_0_45A6
0400+  7C6E DD 7E 00    		ld	a, (ix + 0)
0401+  7C71 B7          		or	a
0402+  7C72 CA B8 7C    		jp	z, loc_0_45A6
0403+  7C75 E5          		push	hl
0404+  7C76 67          		ld	h, a
0405+  7C77 6F          		ld	l, a
0406+  7C78 FD 7E 0B    		ld	a, (iy + 0Bh)
0407+  7C7B E6 0F       		and	0Fh
0408+  7C7D 28 2B       		jr	z, loc_0_4598
0409+  7C7F FE 08       		cp	8
0410+  7C81 28 24       		jr	z, loc_0_4595
0411+  7C83 30 0A       		jr	nc, loc_0_457D
0412+  7C85 FE 07       		cp	7
0413+  7C87 28 19       		jr	z, loc_0_4590
0414+  7C89 87          		add	a, a
0415+  7C8A 84          		add	a, h
0416+  7C8B 67          		ld	h, a
0417+  7C8C C3 AA 7C    		jp	loc_0_4598
0418+  7C8F             
0419+  7C8F             loc_0_457D: 
0420+  7C8F FE 09       		cp	9
0421+  7C91 28 0A       		jr	z, loc_0_458B
0422+  7C93 ED 44       		neg	
0423+  7C95 C6 10       		add	a, 10h
0424+  7C97 87          		add	a, a
0425+  7C98 85          		add	a, l
0426+  7C99 6F          		ld	l, a
0427+  7C9A C3 AA 7C    		jp	loc_0_4598
0428+  7C9D             
0429+  7C9D             loc_0_458B: 
0430+  7C9D 2E 00       		ld	l, 0
0431+  7C9F C3 AA 7C    		jp	loc_0_4598
0432+  7CA2             
0433+  7CA2             loc_0_4590: 
0434+  7CA2 26 00       		ld	h, 0
0435+  7CA4 C3 AA 7C    		jp	loc_0_4598
0436+  7CA7             
0437+  7CA7             loc_0_4595: 
0438+  7CA7 21 00 00    		ld	hl, 0
0439+  7CAA             loc_0_4598: 
0440+  7CAA 7C          		ld	a, h
0441+  7CAB 17          		rla	
0442+  7CAC 17          		rla	
0443+  7CAD 17          		rla	
0444+  7CAE 17          		rla	
0445+  7CAF E6 F0       		and	0F0h
0446+  7CB1 B5          		or	l
0447+  7CB2 28 03       		jr	z, loc_0_45A5
0448+  7CB4 DD 77 18    		ld	(ix + 18h), a
0449+  7CB7             loc_0_45A5: 
0450+  7CB7 E1          		pop	hl
0451+  7CB8             
0452+  7CB8             loc_0_45A6: 
0453+  7CB8 FD 19       		add	iy, de
0454+  7CBA 23          		inc	hl
0455+  7CBB DD 23       		inc	ix
0456+  7CBD 05          		dec	b
0457+  7CBE C2 29 7C    		jp	nz, MBPlayer_play_int_wlus
0458+  7CC1             
0459+  7CC1 7E          		ld	a, (hl)
0460+  7CC2 B7          		or	a
0461+  7CC3 28 23       		jr	z, loc_0_4556
0462+  7CC5             
0463+  7CC5 FE 18       		cp	24			
0464+  7CC7 DA E1 7C    		jp	c, MBPlayer_play_chgtmp         ; change tempo
0465+  7CCA 28 0D       		jr	z, MBPlayer_play_endop  	; end of pattern
0466+  7CCC FE 4C       		cp	76
0467+  7CCE D2 E8 7C    		jp	nc, loc_0_4556
0468+  7CD1 D6 34       		sub	52				; set transpose
0469+  7CD3 32 29 82    		ld	(MBPlayer_play_tspval), a
0470+  7CD6 C3 E8 7C    		jp	loc_0_4556
0471+  7CD9             
0472+  7CD9             MBPlayer_play_endop: 
0473+  7CD9 3E 0F       		ld	a, 0Fh
0474+  7CDB 32 09 82    		ld	(MBPlayer_play_step), a
0475+  7CDE C3 E8 7C    		jp	loc_0_4556
0476+  7CE1             
0477+  7CE1             MBPlayer_play_chgtmp: 
0478+  7CE1 C6 E7       		add	a, 0E7h				; change tempo
0479+  7CE3 ED 44       		neg	
0480+  7CE5 32 28 82    		ld	(MBPlayer_play_speed), a
0481+  7CE8             loc_0_4556: 
0482+  7CE8             ;		ld	a,(MBPlayer_save_curbank)
0483+  7CE8             ;		call	MBPlayer_selbank_FE
0484+  7CE8             locret_0_455C: 
0485+  7CE8 C9          		ret	
0486+  7CE9 C9          		ret
0487+  7CEA C9          		ret
0488+  7CEB C9          		ret
0489+  7CEC C9          		ret
0490+  7CED             ;-------------------------------------------------------------------
0491+  7CED             ; îïèñàíèå: Interrupt routine BEFORE play-interrupt
0492+  7CED             ; ïàðàìåòðû: íåò
0493+  7CED             ; âîçâðàùàåìîå  çíà÷åíèå: íåò
0494+  7CED             ;---------------------------------------------------------------------
0495+  7CED             MBPlayer_play_int_sec: 
0496+  7CED 3D          		dec	a
0497+  7CEE BE          		cp	(hl)
0498+  7CEF CA A4 7D    		jp	z, loc_0_461F
0499+  7CF2 3D          		dec	a
0500+  7CF3 BE          		cp	(hl)
0501+  7CF4 C2 E8 7C    		jp	nz, loc_0_4556
0502+  7CF7             
0503+  7CF7 3A 09 82    		ld	a, (MBPlayer_play_step)
0504+  7CFA 3C          		inc	a
0505+  7CFB E6 0F       		and	0Fh
0506+  7CFD 32 09 82    		ld	(MBPlayer_play_step), a
0507+  7D00 2A 17 83    		ld	hl, (MBPlayer_songdata_ptr)
0508+  7D03 C2 5A 7D    		jp	nz, loc_0_45CF
0509+  7D06             
0510+  7D06             ;		ld	a, (MBPlayer_songdata_bank1)
0511+  7D06             ;		call	MBPlayer_selbank_FE 		; this bank contains pattern addresses
0512+  7D06             
0513+  7D06 3A 37 82    		ld	a, (MBPlayer_xleng)		; next position
0514+  7D09 3C          		inc	a
0515+  7D0A 47          		ld	b, a
0516+  7D0B 3A 08 82    		ld	a, (MBPlayer_play_pos)
0517+  7D0E 3C          		inc	a
0518+  7D0F B8          		cp	b
0519+  7D10 DA 24 7D    		jp	c, loc_0_4599
0520+  7D13             
0521+  7D13             
0522+  7D13             ;		ld	a, (MBPlayer_xloop)
0523+  7D13             ;		cp	255
0524+  7D13             ;		jp	nz, loc_0_4599
0525+  7D13             
0526+  7D13             ;                ld	a,(MoonSound_key_press)
0527+  7D13             ;		and	a
0528+  7D13             ;		jr	z,loc_0_4597 
0529+  7D13             
0530+  7D13 3E 01       		ld	a,1
0531+  7D15 32 EA 65                    ld	(MoonSound_flg_next),a
0532+  7D18             		
0533+  7D18 C3 5A 7B    		jp	MBPlayer_stop_music		; stop song, want loop OFF
0534+  7D1B             
0535+  7D1B             			
0536+  7D1B             loc_0_4597: 
0537+  7D1B CD 5A 7B    		call	MBPlayer_stop_music		; stop song, want loop OFF
0538+  7D1E             
0539+  7D1E CD EA 63    		call	MoonSound_time_init
0540+  7D21             
0541+  7D21 C3 AE 7A    		jp	MBPlayer_start_music		
0542+  7D24             
0543+  7D24             ;		xor	a
0544+  7D24             
0545+  7D24             loc_0_4599: 
0546+  7D24 32 08 82    		ld	(MBPlayer_play_pos), a
0547+  7D27 2A 15 83    		ld	hl, (MBPlayer_pos_address)
0548+  7D2A 85          		add	a, l
0549+  7D2B 30 01       		jr	nc, loc_0_45A3
0550+  7D2D 24          		inc	h
0551+  7D2E             loc_0_45A3: 
0552+  7D2E 6F          		ld	l, a
0553+  7D2F 7E          		ld	a, (hl)
0554+  7D30 32 2C 82    		ld	(MBPlayer_current_pat), a
0555+  7D33 87          		add	a, a
0556+  7D34 2A 13 83    		ld	hl, (MBPlayer_pat_address)
0557+  7D37 85          		add	a, l
0558+  7D38 30 01       		jr	nc, loc_0_45B0
0559+  7D3A 24          		inc	h
0560+  7D3B             
0561+  7D3B             loc_0_45B0: 
0562+  7D3B 6F          		ld	l, a
0563+  7D3C 5E          		ld	e, (hl)
0564+  7D3D 23          		inc	hl
0565+  7D3E 56          		ld	d, (hl)
0566+  7D3F EB          		ex	de, hl
0567+  7D40 7C          		ld	a, h
0568+  7D41 07          		rlca	
0569+  7D42 07          		rlca	
0570+  7D43 E6 03       		and	3
0571+  7D45 11 0B 82    		ld	de, MBPlayer_songdata_bank1
0572+  7D48 83          		add	a, e
0573+  7D49 30 01       		jr	nc, loc_0_45C1
0574+  7D4B 14          		inc	d
0575+  7D4C             loc_0_45C1: 
0576+  7D4C 5F          		ld	e, a
0577+  7D4D 1A          		ld	a, (de)
0578+  7D4E 32 0E 82    		ld	(MBPlayer_songdata_bank), a
0579+  7D51 7C          		ld	a, h
0580+  7D52 E6 3F       		and	3Fh
0581+  7D54 67          		ld	h, a
0582+  7D55 ED 5B 0C 82 		ld	de, (MBPlayer_songdata_addres)
0583+  7D59 19          		add	hl, de
0584+  7D5A             loc_0_45CF: 
0585+  7D5A             ;		ld	a, (MBPlayer_songdata_bank)
0586+  7D5A             ;		call	MBPlayer_selbank_FE
0587+  7D5A             
0588+  7D5A 11 0F 82    		ld	de, MBPlayer_step_buffer
0589+  7D5D             
0590+  7D5D 7E          		ld	a, (hl)
0591+  7D5E 23          		inc	hl
0592+  7D5F FE FF       		cp	0FFh				; 0FFh => completely empty
0593+  7D61 C2 75 7D    		jp	nz, loc_0_45F0
0594+  7D64 D9          		exx	
0595+  7D65 21 0F 82    		ld	hl, MBPlayer_step_buffer
0596+  7D68 11 10 82    		ld	de, MBPlayer_step_buffer + 1
0597+  7D6B 01 18 00    		ld	bc, 24
0598+  7D6E 70          		ld	(hl), b
0599+  7D6F ED B0       		ldir	
0600+  7D71 D9          		exx	
0601+  7D72 C3 94 7D    		jp	loc_0_460F
0602+  7D75             loc_0_45F0: 
0603+  7D75 12          		ld	(de), a				; 1st byte uncrunched
0604+  7D76 13          		inc	de
0605+  7D77 E5          		push	hl
0606+  7D78 23          		inc	hl
0607+  7D79 23          		inc	hl
0608+  7D7A 23          		inc	hl
0609+  7D7B D9          		exx	
0610+  7D7C E1          		pop	hl
0611+  7D7D 06 03       		ld	b, 3				; decrunch 3 * 8 bytes
0612+  7D7F             loc_0_45FA: 
0613+  7D7F 7E          		ld	a, (hl)
0614+  7D80 D9          		exx	
0615+  7D81 06 08       		ld	b, 8				; decrunch 8 bytes
0616+  7D83 4F          		ld	c, a
0617+  7D84             loc_0_45FF: 
0618+  7D84 AF          		xor	a
0619+  7D85 CB 01       		rlc	c
0620+  7D87 30 02       		jr	nc, loc_0_4606			; no carry? then empty event
0621+  7D89 7E          		ld	a, (hl)
0622+  7D8A 23          		inc	hl
0623+  7D8B             loc_0_4606: 
0624+  7D8B 12          		ld	(de), a
0625+  7D8C 13          		inc	de
0626+  7D8D 10 F5       		djnz	loc_0_45FF
0627+  7D8F D9          		exx	
0628+  7D90 23          		inc	hl
0629+  7D91 10 EC       		djnz	loc_0_45FA
0630+  7D93 D9          		exx	
0631+  7D94             loc_0_460F:                                          ;Calculate freq. & note nr of wave to play
0632+  7D94 22 17 83    		ld	(MBPlayer_songdata_ptr), hl
0633+  7D97             
0634+  7D97 FD 21 19 83 		ld	iy, MBPlayer_play_table_wav
0635+  7D9B 21 0F 82    		ld	hl, MBPlayer_step_buffer    ; third interrupt
0636+  7D9E 01 60 08    		ld	bc, 860h                    ;(256 * (WAVCHNS/2)) + 96	; Wave channels
0637+  7DA1 C3 CA 7D    		jp	loc_0_4645
0638+  7DA4             
0639+  7DA4             loc_0_461F: 
0640+  7DA4 06 18       		ld	b, WAVCHNS
0641+  7DA6 21 0F 82    		ld	hl, MBPlayer_step_buffer
0642+  7DA9 FD 21 19 83 		ld	iy, MBPlayer_play_table_wav
0643+  7DAD 11 14 00    		ld	de, PTW_SIZE
0644+  7DB0 0E 60       		ld	c, 96
0645+  7DB2             loc_0_462D: 
0646+  7DB2 7E          		ld	a, (hl)
0647+  7DB3 3D          		dec	a
0648+  7DB4 B9          		cp	c
0649+  7DB5 30 04       		jr	nc, loc_0_4636
0650+  7DB7 FD 36 02 00 		ld	(iy + 2), 0
0651+  7DBB             loc_0_4636: 
0652+  7DBB 23          		inc	hl
0653+  7DBC FD 19       		add	iy, de
0654+  7DBE 10 F2       		djnz	loc_0_462D
0655+  7DC0             
0656+  7DC0 FD 21 B9 83 		ld	iy, unk_0_4D90		;play_table_wav + (WAVCHNS/2) * PTW_SIZE
0657+  7DC4 21 17 82    		ld	hl, unk_0_4B90		;step_buffer + WAVCHNS / 2	; second interrupt
0658+  7DC7 01 60 08    		ld	bc, 860h                ;(256 * (WAVCHNS/2)) + 96	; Wave channels
0659+  7DCA             loc_0_4645: 
0660+  7DCA 11 14 00    		ld	de, PTW_SIZE
0661+  7DCD             loc_0_4648: 
0662+  7DCD 7E          		ld	a, (hl)
0663+  7DCE 3D          		dec	a
0664+  7DCF B9          		cp	c
0665+  7DD0 DC DB 7D    		call	c, MBPlayer_calc_wave
0666+  7DD3 FD 19       		add	iy, de
0667+  7DD5 23          		inc	hl
0668+  7DD6 10 F5       		djnz	loc_0_4648
0669+  7DD8 C3 E8 7C    		jp	loc_0_4556
0670+  7DDB             ;-------------------------------------------------------------------
0671+  7DDB             ; îïèñàíèå: calc wave stuff
0672+  7DDB             ; ïàðàìåòðû: íåò
0673+  7DDB             ; âîçâðàùàåìîå  çíà÷åíèå: íåò
0674+  7DDB             ;---------------------------------------------------------------------
0675+  7DDB             MBPlayer_calc_wave: 
0676+  7DDB D9          		exx	
0677+  7DDC 57          		ld	d, a
0678+  7DDD             
0679+  7DDD 21 D9 8D    		ld	hl, MBPlayer_patch_table	; dit stuk verandert A niet!
0680+  7DE0 06 00       		ld	b, 0
0681+  7DE2 FD 4E 0A    		ld	c, (iy + 0Ah)
0682+  7DE5 79          		ld	a, c
0683+  7DE6 FE AF       		cp	175
0684+  7DE8 CA A4 7E    		jp	z, MBPlayer_calc_drm		; gm drum patch
0685+  7DEB FE B0       		cp	176
0686+  7DED D2 DA 7E    		jp	nc, loc_0_4755			; own wave
0687+  7DF0             
0688+  7DF0             loc_0_466B: 
0689+  7DF0 7A          		ld	a, d
0690+  7DF1 09          		add	hl, bc
0691+  7DF2 09          		add	hl, bc
0692+  7DF3 5E          		ld	e, (hl)
0693+  7DF4 23          		inc	hl
0694+  7DF5 56          		ld	d, (hl)				; to patch
0695+  7DF6 EB          		ex	de, hl
0696+  7DF7 5E          		ld	e, (hl)
0697+  7DF8 23          		inc	hl
0698+  7DF9 4E          		ld	c, (hl)
0699+  7DFA 23          		inc	hl
0700+  7DFB 46          		ld	b, (hl)
0701+  7DFC 23          		inc	hl
0702+  7DFD FD 71 0D    		ld	(iy + 0Dh), c			; pointer to header bytes
0703+  7E00 FD 70 0E    		ld	(iy + 0Eh), b
0704+  7E03             
0705+  7E03 CB 43       		bit	0, e				; search right patch part
0706+  7E05 28 05       		jr	z, loc_0_4687			; transpose
0707+  7E07             
0708+  7E07 47          		ld	b, a
0709+  7E08 3A 29 82    		ld	a, (MBPlayer_play_tspval)
0710+  7E0B 80          		add	a, b
0711+  7E0C             loc_0_4687: 
0712+  7E0C 06 00       		ld	b, 0
0713+  7E0E 11 05 00    		ld	de, 5
0714+  7E11             loc_0_468C: 
0715+  7E11 BE          		cp	(hl)
0716+  7E12 38 3C       		jr	c, loc_0_46CB
0717+  7E14 46          		ld	b, (hl)
0718+  7E15 19          		add	hl, de
0719+  7E16 BE          		cp	(hl)
0720+  7E17 38 37       		jr	c, loc_0_46CB
0721+  7E19 46          		ld	b, (hl)
0722+  7E1A 19          		add	hl, de
0723+  7E1B BE          		cp	(hl)
0724+  7E1C 38 32       		jr	c, loc_0_46CB
0725+  7E1E 46          		ld	b, (hl)
0726+  7E1F 19          		add	hl, de
0727+  7E20 BE          		cp	(hl)
0728+  7E21 38 2D       		jr	c, loc_0_46CB
0729+  7E23 46          		ld	b, (hl)
0730+  7E24 19          		add	hl, de
0731+  7E25 BE          		cp	(hl)
0732+  7E26 38 28       		jr	c, loc_0_46CB
0733+  7E28 46          		ld	b, (hl)
0734+  7E29 19          		add	hl, de
0735+  7E2A BE          		cp	(hl)
0736+  7E2B 38 23       		jr	c, loc_0_46CB
0737+  7E2D 46          		ld	b, (hl)
0738+  7E2E 19          		add	hl, de
0739+  7E2F BE          		cp	(hl)
0740+  7E30 38 1E       		jr	c, loc_0_46CB
0741+  7E32 46          		ld	b, (hl)
0742+  7E33 19          		add	hl, de
0743+  7E34 BE          		cp	(hl)
0744+  7E35 38 19       		jr	c, loc_0_46CB
0745+  7E37 46          		ld	b, (hl)
0746+  7E38 19          		add	hl, de
0747+  7E39 BE          		cp	(hl)
0748+  7E3A 38 14       		jr	c, loc_0_46CB
0749+  7E3C 46          		ld	b, (hl)
0750+  7E3D 19          		add	hl, de
0751+  7E3E BE          		cp	(hl)
0752+  7E3F 38 0F       		jr	c, loc_0_46CB
0753+  7E41 46          		ld	b, (hl)
0754+  7E42 19          		add	hl, de
0755+  7E43 BE          		cp	(hl)
0756+  7E44 38 0A       		jr	c, loc_0_46CB
0757+  7E46 46          		ld	b, (hl)
0758+  7E47 19          		add	hl, de
0759+  7E48 BE          		cp	(hl)
0760+  7E49 38 05       		jr	c, loc_0_46CB
0761+  7E4B 46          		ld	b, (hl)
0762+  7E4C 19          		add	hl, de
0763+  7E4D C3 11 7E    		jp	loc_0_468C
0764+  7E50             loc_0_46CB: 
0765+  7E50 57          		ld	d, a                    ; save note...
0766+  7E51 23          		inc	hl
0767+  7E52 7E          		ld	a, (hl)			; low byte tone
0768+  7E53 FD 77 07    		ld	(iy + 7), a
0769+  7E56             
0770+  7E56 23          		inc	hl
0771+  7E57 7E          		ld	a, (hl)
0772+  7E58 E6 01       		and	1                       ; also resets carry!
0773+  7E5A FD 77 06    		ld	(iy + 6), a             ; high byte tone
0774+  7E5D             
0775+  7E5D 7E          		ld	a, (hl)                 ; tone-note
0776+  7E5E 1F          		rra				; note that carry was set 0 earlier!!	
0777+  7E5F 82          		add	a, d
0778+  7E60 90          		sub	b
0779+  7E61 FD 77 00    		ld	(iy + 0), a		; last note
0780+  7E64             
0781+  7E64 23          		inc	hl
0782+  7E65 5E          		ld	e, (hl)
0783+  7E66 23          		inc	hl
0784+  7E67 56          		ld	d, (hl)
0785+  7E68 FD 72 11    		ld	(iy + 11h), d		; pointer to freqtab
0786+  7E6B FD 73 10    		ld	(iy + 10h), e
0787+  7E6E             
0788+  7E6E 21 F9 84    		ld	hl, MBPlayer_tabdiv12
0789+  7E71 4F          		ld	c, a
0790+  7E72 06 00       		ld	b, 0
0791+  7E74 09          		add	hl, bc
0792+  7E75 09          		add	hl, bc
0793+  7E76 4E          		ld	c, (hl)
0794+  7E77 23          		inc	hl
0795+  7E78 7E          		ld	a, (hl)
0796+  7E79 EB          		ex	de, hl
0797+  7E7A             
0798+  7E7A 85          		add	a, l
0799+  7E7B 30 01       		jr	nc, loc_0_46F9
0800+  7E7D 24          		inc	h
0801+  7E7E             loc_0_46F9: 
0802+  7E7E 6F          		ld	l, a
0803+  7E7F 5E          		ld	e, (hl)
0804+  7E80 23          		inc	hl
0805+  7E81 56          		ld	d, (hl)
0806+  7E82             
0807+  7E82 CB 23       		sla	e   			; freq fine
0808+  7E84 7A          		ld	a, d
0809+  7E85 17          		rla	      			; freq rotated 1 left
0810+  7E86 81          		add	a, c                    ; octave
0811+  7E87             
0812+  7E87 57          		ld	d, a                    ; high byte freq
0813+  7E88 60          		ld	h, b
0814+  7E89             loc_0_4704: 
0815+  7E89 FD 6E 05    		ld	l, (iy + 5)
0816+  7E8C CB 7D       		bit	7, l
0817+  7E8E 28 0D       		jr	z, loc_0_4718
0818+  7E90 25          		dec	h
0819+  7E91 29          		add	hl, hl			; detune...
0820+  7E92             loc_0_470D: 
0821+  7E92 19          		add	hl, de
0822+  7E93 CB 9C       		res	3, h
0823+  7E95 FD 75 08    		ld	(iy + 8), l		; freq fine
0824+  7E98 FD 74 09    		ld	(iy + 9), h
0825+  7E9B D9          		exx				; Yes! Finally, finished...	
0826+  7E9C C9          		ret	
0827+  7E9D             loc_0_4718: 
0828+  7E9D EB          		ex	de, hl
0829+  7E9E 19          		add	hl, de 			; detune...
0830+  7E9F 16 08       		ld	d, 8
0831+  7EA1 C3 92 7E    		jp	loc_0_470D
0832+  7EA4             ;-------------------------------------------------------------------
0833+  7EA4             ; îïèñàíèå: Calc GM drums
0834+  7EA4             ; ïàðàìåòðû: íåò
0835+  7EA4             ; âîçâðàùàåìîå  çíà÷åíèå: íåò
0836+  7EA4             ;---------------------------------------------------------------------
0837+  7EA4             MBPlayer_calc_drm: 
0838+  7EA4 7A          		ld	a, d
0839+  7EA5 FE 24       		cp	36			
0840+  7EA7 DA F0 7D    		jp	c, loc_0_466B		; < 36 => first drum handled as patch
0841+  7EAA FE 57       		cp	57h
0842+  7EAC DA B1 7E    		jp	c, loc_0_472C
0843+  7EAF 3E 56       		ld	a, 56h
0844+  7EB1             loc_0_472C: 
0845+  7EB1 21 26 9E    		ld	hl, MBPlayer_gmdrm_c4
0846+  7EB4 D6 24       		sub	36
0847+  7EB6 47          		ld	b, a
0848+  7EB7 87          		add	a, a
0849+  7EB8 87          		add	a, a
0850+  7EB9 80          		add	a, b
0851+  7EBA 85          		add	a, l
0852+  7EBB 30 01       		jr	nc, loc_0_4739
0853+  7EBD 24          		inc	h
0854+  7EBE             
0855+  7EBE             loc_0_4739: 
0856+  7EBE 6F          		ld	l, a
0857+  7EBF 7E          		ld	a, (hl)
0858+  7EC0 FD 77 07    		ld	(iy + 7), a
0859+  7EC3 FD 36 06 00 		ld	(iy + 6), 0
0860+  7EC7 23          		inc	hl
0861+  7EC8 5E          		ld	e, (hl)
0862+  7EC9 23          		inc	hl
0863+  7ECA 56          		ld	d, (hl)
0864+  7ECB 23          		inc	hl
0865+  7ECC 7E          		ld	a, (hl)
0866+  7ECD FD 77 0D    		ld	(iy + 0Dh), a
0867+  7ED0 23          		inc	hl
0868+  7ED1 7E          		ld	a, (hl)
0869+  7ED2 FD 77 0E    		ld	(iy + 0Eh), a
0870+  7ED5 26 00       		ld	h, 0
0871+  7ED7 C3 89 7E    		jp	loc_0_4704
0872+  7EDA             
0873+  7EDA             loc_0_4755: 
0874+  7EDA D6 B0       		sub	176
0875+  7EDC 4F          		ld	c, a
0876+  7EDD 87          		add	a, a
0877+  7EDE 87          		add	a, a
0878+  7EDF 87          		add	a, a
0879+  7EE0 6F          		ld	l, a
0880+  7EE1 26 00       		ld	h, 0
0881+  7EE3 29          		add	hl, hl
0882+  7EE4 85          		add	a, l
0883+  7EE5 30 01       		jr	nc, loc_0_4763
0884+  7EE7 24          		inc	h
0885+  7EE8             loc_0_4763: 
0886+  7EE8 6F          		ld	l, a
0887+  7EE9 79          		ld	a, c
0888+  7EEA 85          		add	a, l
0889+  7EEB 30 01       		jr	nc, loc_0_4769
0890+  7EED 24          		inc	h
0891+  7EEE             loc_0_4769: 
0892+  7EEE 6F          		ld	l, a
0893+  7EEF 01 B9 88    		ld	bc, MBPlayer_waves
0894+  7EF2 09          		add	hl, bc                          ; pointer to patch
0895+  7EF3             
0896+  7EF3 5E          		ld	e, (hl)                         ; transpose
0897+  7EF4 23          		inc	hl
0898+  7EF5 7A          		ld	a, d
0899+  7EF6 CB 43       		bit	0, e 				; transpose
0900+  7EF8 28 04       		jr	z, loc_0_4779
0901+  7EFA 3A 29 82    		ld	a, (MBPlayer_play_tspval)
0902+  7EFD 82          		add	a, d
0903+  7EFE             loc_0_4779: 
0904+  7EFE 16 00       		ld	d, 0
0905+  7F00 01 03 00    		ld	bc, 3
0906+  7F03             loc_0_477E: 
0907+  7F03 BE          		cp	(hl)
0908+  7F04 38 05       		jr	c, loc_0_4786
0909+  7F06 56          		ld	d, (hl)
0910+  7F07 09          		add	hl, bc
0911+  7F08 C3 03 7F    		jp	loc_0_477E
0912+  7F0B             
0913+  7F0B             loc_0_4786: 
0914+  7F0B 47          		ld	b, a 				; save note...
0915+  7F0C 23          		inc	hl
0916+  7F0D 7E          		ld	a, (hl)				; low byte tone
0917+  7F0E 5F          		ld	e, a
0918+  7F0F C6 80       		add	a, 80h 				; tone 384 and above 
0919+  7F11 FD 77 07    		ld	(iy + 7), a
0920+  7F14 FD 36 06 01 		ld	(iy + 6), 1			; RAM wave is altijd > 256
0921+  7F18 23          		inc	hl
0922+  7F19             
0923+  7F19 7E          		ld	a, (hl)				; tone-note
0924+  7F1A 80          		add	a, b
0925+  7F1B 92          		sub	d
0926+  7F1C FD 77 00    		ld	(iy + 0), a			; last note
0927+  7F1F F5          		push	af
0928+  7F20             
0929+  7F20 FD 36 0D 00 		ld	(iy + 0Dh), 0			; no header
0930+  7F24 FD 36 0E 00 		ld	(iy + 0Eh), 0
0931+  7F28             
0932+  7F28 21 69 8D    		ld	hl, MBPlayer_tones_data
0933+  7F2B 16 00       		ld	d, 0
0934+  7F2D 19          		add	hl, de
0935+  7F2E 7E          		ld	a, (hl)
0936+  7F2F E6 06       		and	6
0937+  7F31 21 39 87    		ld	hl, MBPlayer_frqtab_amiga
0938+  7F34 28 0A       		jr	z, loc_0_47BB
0939+  7F36 21 79 86    		ld	hl, MBPlayer_frqtab_441khz
0940+  7F39 FE 02       		cp	2
0941+  7F3B 28 03       		jr	z, loc_0_47BB
0942+  7F3D 21 F9 87    		ld	hl, MBPlayer_frqtab_turbo
0943+  7F40             loc_0_47BB: 
0944+  7F40 F1          		pop	af
0945+  7F41 FD 75 10    		ld	(iy + 10h), l
0946+  7F44 FD 74 11    		ld	(iy + 11h), h
0947+  7F47             
0948+  7F47 5F          		ld	e, a			; D is still 0
0949+  7F48 19          		add	hl, de
0950+  7F49 19          		add	hl, de
0951+  7F4A 5E          		ld	e, (hl)
0952+  7F4B 23          		inc	hl
0953+  7F4C 56          		ld	d, (hl)
0954+  7F4D 26 00       		ld	h, 0
0955+  7F4F C3 89 7E    		jp	loc_0_4704
0956+  7F52             ;-------------------------------------------------------------------
0957+  7F52             ; îïèñàíèå: Play ON event
0958+  7F52             ; ïàðàìåòðû: íåò
0959+  7F52             ; âîçâðàùàåìîå  çíà÷åíèå: íåò
0960+  7F52             ;---------------------------------------------------------------------
0961+  7F52             MBPlayer_play_wonevt: 
0962+  7F52 F5          		push	af
0963+  7F53 FD 7E 0F    		ld	a, (iy++0Fh)
0964+  7F56 E6 1F       		and	1Fh
0965+  7F58 1F          		rra	
0966+  7F59 B7          		or	a
0967+  7F5A C2 5E 7F    		jp	nz, loc_0_4857
0968+  7F5D 3C          		inc	a
0969+  7F5E             
0970+  7F5E             loc_0_4857: 
0971+  7F5E DD 77 00    		ld	(ix++0), a
0972+  7F61 F1          		pop	af
0973+  7F62             
0974+  7F62 05          		dec	b
0975+  7F63 FD 6E 0D    		ld	l, (iy + 0Dh)
0976+  7F66 FD 66 0E    		ld	h, (iy + 0Eh)
0977+  7F69 7D          		ld	a, l
0978+  7F6A B4          		or	h 			
0979+  7F6B 28 1F       		jr	z, loc_0_47F7           
0980+  7F6D             
0981+  7F6D 3E 80       		ld	a, 80h
0982+  7F6F 80          		add	a, b
0983+  7F70 D3 7E       		out	(MOON_WREG), a
0984+  7F72 7E          		ld	a, (hl)
0985+  7F73             loc_0_47DE: 
0986+  7F73 C5          		push	bc
0987+  7F74 C1          		pop	bc
0988+  7F75 D3 7F       		out	(MOON_WDAT), a
0989+  7F77 23          		inc	hl
0990+  7F78             loc_0_47E3: 
0991+  7F78 7E          		ld	a, (hl)
0992+  7F79 FE FF       		cp	0FFh
0993+  7F7B 28 0F       		jr	z, loc_0_47F7
0994+  7F7D 80          		add	a, b
0995+  7F7E             loc_0_47E9: 
0996+  7F7E C5          		push	bc
0997+  7F7F C1          		pop	bc
0998+  7F80 D3 7E       		out	(MOON_WREG), a
0999+  7F82 23          		inc	hl
1000+  7F83 7E          		ld	a, (hl)
1001+  7F84             loc_0_47EF: 
1002+  7F84 C5          		push	bc
1003+  7F85 C1          		pop	bc
1004+  7F86 D3 7F       		out	(MOON_WDAT), a 		; header byte
1005+  7F88 23          		inc	hl
1006+  7F89 C3 78 7F    		jp	loc_0_47E3
1007+  7F8C             
1008+  7F8C             loc_0_47F7: 
1009+  7F8C 3E 50       		ld	a, 50h 			; set volume back to normal
1010+  7F8E 80          		add	a, b
1011+  7F8F             loc_0_47FA: 
1012+  7F8F C5          		push	bc
1013+  7F90 C1          		pop	bc
1014+  7F91 D3 7E       		out	(MOON_WREG), a
1015+  7F93 FD 7E 0F    		ld	a, (iy + 0Fh)
1016+  7F96 F6 01       		or	1			; level direct
1017+  7F98             loc_0_4803: 
1018+  7F98 C5          		push	bc
1019+  7F99 C1          		pop	bc
1020+  7F9A D3 7F       		out	(MOON_WDAT), a
1021+  7F9C             
1022+  7F9C 3E 68       		ld	a, 68h 			
1023+  7F9E 80          		add	a, b
1024+  7F9F             loc_0_480A: 
1025+  7F9F C5          		push	bc
1026+  7FA0 C1          		pop	bc
1027+  7FA1 D3 7E       		out	(MOON_WREG), a
1028+  7FA3 3E 80       		ld	a, 80h
1029+  7FA5 FD B6 0B    		or	(iy + 0Bh)             ; pan pot
1030+  7FA8             loc_0_4813: 
1031+  7FA8 C5          		push	bc
1032+  7FA9 C1          		pop	bc
1033+  7FAA D3 7F       		out	(MOON_WDAT), a		; key on
1034+  7FAC             
1035+  7FAC C9          		ret
1036+  7FAD             ;-------------------------------------------------------------------
1037+  7FAD             ; îïèñàíèå: Play OFF event
1038+  7FAD             ; ïàðàìåòðû: íåò
1039+  7FAD             ; âîçâðàùàåìîå  çíà÷åíèå: íåò
1040+  7FAD             ;---------------------------------------------------------------------
1041+  7FAD             MBPlayer_play_woffevt: 
1042+  7FAD 3E 67       		ld	a, 67h
1043+  7FAF 80          		add	a, b 			; calc. register
1044+  7FB0 D3 7E       		out	(MOON_WREG), a
1045+  7FB2             
1046+  7FB2 FD 36 02 00 		ld	(iy + 2), 0 		; pb/mod off
1047+  7FB6             loc_0_4821: 
1048+  7FB6 C5          		push	bc
1049+  7FB7 C1          		pop	bc
1050+  7FB8 DB 7F       		in	a, (MOON_WDAT)
1051+  7FBA E6 7F       		and	7Fh
1052+  7FBC             loc_0_4827: 
1053+  7FBC C5          		push	bc
1054+  7FBD C1          		pop	bc
1055+  7FBE D3 7F       		out	(MOON_WDAT), a
1056+  7FC0 C9          		ret	
1057+  7FC1             ;-------------------------------------------------------------------
1058+  7FC1             ; îïèñàíèå: Play Wave event
1059+  7FC1             ; ïàðàìåòðû: íåò
1060+  7FC1             ; âîçâðàùàåìîå  çíà÷åíèå: íåò
1061+  7FC1             ;---------------------------------------------------------------------
1062+  7FC1             MBPlayer_play_wwavevt: 
1063+  7FC1 D6 61       		sub	61h
1064+  7FC3             MBPlayer_play_wwavevt2: 
1065+  7FC3 FD 36 02 00 		ld	(iy + 2), 0 		; pb off
1066+  7FC7 4F          		ld	c, a
1067+  7FC8 21 B2 82    		ld	hl, MBPlayer_xwavnrs - 1
1068+  7FCB 85          		add	a, l
1069+  7FCC 30 01       		jr	nc, loc_0_483A
1070+  7FCE 24          		inc	h
1071+  7FCF             loc_0_483A: 
1072+  7FCF 6F          		ld	l, a
1073+  7FD0 7E          		ld	a, (hl)
1074+  7FD1 FD 77 0A    		ld	(iy + 0Ah), a
1075+  7FD4 79          		ld	a, c
1076+  7FD5 21 E2 82    		ld	hl, MBPlayer_xwavvols - 1
1077+  7FD8 85          		add	a, l
1078+  7FD9 30 01       		jr	nc, loc_0_4847
1079+  7FDB 24          		inc	h
1080+  7FDC             loc_0_4847: 
1081+  7FDC 6F          		ld	l, a
1082+  7FDD FD 7E 0F    		ld	a, (iy + 0Fh)
1083+  7FE0 E6 01       		and	1
1084+  7FE2 57          		ld	d, a
1085+  7FE3 3A 2D 82    		ld	a, (MBPlayer_play_fading)
1086+  7FE6 B7          		or	a
1087+  7FE7 20 08       		jr	nz, loc_0_485C
1088+  7FE9             
1089+  7FE9 7E          		ld	a, (hl)
1090+  7FEA 87          		add	a, a
1091+  7FEB 87          		add	a, a
1092+  7FEC B2          		or	d
1093+  7FED FD 77 0F    		ld	(iy + 0Fh), a
1094+  7FF0 C9          		ret	
1095+  7FF1             
1096+  7FF1             loc_0_485C: 
1097+  7FF1 7E          		ld	a, (hl)
1098+  7FF2 87          		add	a, a
1099+  7FF3 87          		add	a, a
1100+  7FF4 B2          		or	d
1101+  7FF5 FD BE 0F    		cp	(iy + 0Fh)
1102+  7FF8 D8          		ret	c
1103+  7FF9 FD 77 0F    		ld	(iy + 0Fh), a
1104+  7FFC C9          		ret	
1105+  7FFD             ;-------------------------------------------------------------------
1106+  7FFD             ; îïèñàíèå: Play volume event
1107+  7FFD             ; ïàðàìåòðû: íåò
1108+  7FFD             ; âîçâðàùàåìîå  çíà÷åíèå: íåò
1109+  7FFD             ;---------------------------------------------------------------------
1110+  7FFD             MBPlayer_play_wchgvol: 
1111+  7FFD D6 92       		sub	146
1112+  7FFF EE 1F       		xor	1Fh
1113+  8001 87          		add	a, a
1114+  8002             MBPlayer_play_wchgvol2: 
1115+  8002 87          		add	a, a			;OPL4 can handle 0-127
1116+  8003 87          		add	a, a
1117+  8004 4F          		ld	c, a
1118+  8005             
1119+  8005 3A 2D 82    		ld	a, (MBPlayer_play_fading)
1120+  8008 B7          		or	a
1121+  8009 28 07       		jr	z, loc_0_487D
1122+  800B 79          		ld	a, c
1123+  800C F6 01       		or	1
1124+  800E FD BE 0F    		cp	(iy + 0Fh)
1125+  8011 D8          		ret	c
1126+  8012             
1127+  8012             loc_0_487D: 
1128+  8012 3E 4F       		ld	a, 4Fh			
1129+  8014 80          		add	a, b
1130+  8015 D3 7E       		out	(MOON_WREG), a
1131+  8017 FD 7E 0F    		ld	a, (iy + 0Fh) 		; level direct
1132+  801A E6 01       		and	1
1133+  801C B1          		or	c
1134+  801D FD 77 0F    		ld	(iy + 0Fh), a
1135+  8020             
1136+  8020             loc_0_488B: 
1137+  8020 C5          		push	bc
1138+  8021 C1          		pop	bc
1139+  8022 D3 7F       		out	(MOON_WDAT), a
1140+  8024 C9          		ret	
1141+  8025             ;-------------------------------------------------------------------
1142+  8025             ; îïèñàíèå: Link note
1143+  8025             ; ïàðàìåòðû: íåò
1144+  8025             ; âîçâðàùàåìîå  çíà÷åíèå: íåò
1145+  8025             ;---------------------------------------------------------------------
1146+  8025             MBPlayer_play_wlnk: 
1147+  8025 F5          		push	af
1148+  8026 FD 7E 0F    		ld	a, (iy++0Fh)
1149+  8029 E6 1F       		and	1Fh
1150+  802B 1F          		rra	
1151+  802C B7          		or	a
1152+  802D C2 31 80    		jp	nz, loc_0_492A
1153+  8030 3C          		inc	a
1154+  8031             
1155+  8031             loc_0_492A: 
1156+  8031 DD 77 00    		ld	(ix++0), a
1157+  8034 F1          		pop	af
1158+  8035             
1159+  8035             
1160+  8035 FD 36 02 00 		ld	(iy + 2), 0
1161+  8039 C5          		push	bc
1162+  803A D6 CA       		sub	202
1163+  803C FD 86 00    		add	a, (iy + 0)
1164+  803F FD 77 00    		ld	(iy + 0), a
1165+  8042             
1166+  8042 FD CB 06 46 		bit	0, (iy + 6)
1167+  8046 28 06       		jr	z, loc_0_48A9
1168+  8048 FD CB 07 7E 		bit	7, (iy + 7)
1169+  804C 20 50       		jr	nz, loc_0_48F9
1170+  804E             loc_0_48A9: 
1171+  804E 21 F9 84    		ld	hl, MBPlayer_tabdiv12
1172+  8051 4F          		ld	c, a
1173+  8052 06 00       		ld	b, 0
1174+  8054 09          		add	hl, bc
1175+  8055 09          		add	hl, bc
1176+  8056 4E          		ld	c, (hl)
1177+  8057 23          		inc	hl
1178+  8058 7E          		ld	a, (hl)
1179+  8059 FD 6E 10    		ld	l, (iy + 10h)
1180+  805C FD 66 11    		ld	h, (iy + 11h)
1181+  805F 85          		add	a, l
1182+  8060 30 01       		jr	nc, loc_0_48BE
1183+  8062 24          		inc	h
1184+  8063             loc_0_48BE: 
1185+  8063 6F          		ld	l, a
1186+  8064 5E          		ld	e, (hl)
1187+  8065 23          		inc	hl
1188+  8066 56          		ld	d, (hl)
1189+  8067 EB          		ex	de, hl 			; HL = freq
1190+  8068             
1191+  8068 CB 25       		sla	l
1192+  806A 7C          		ld	a, h
1193+  806B 17          		rla	
1194+  806C 81          		add	a, c
1195+  806D 67          		ld	h, a
1196+  806E             loc_0_48C9: 
1197+  806E 16 00       		ld	d, 0
1198+  8070 FD 5E 05    		ld	e, (iy + 5)
1199+  8073 CB 7B       		bit	7, e
1200+  8075 28 01       		jr	z, loc_0_48D3
1201+  8077 15          		dec	d
1202+  8078             loc_0_48D3: 
1203+  8078 19          		add	hl, de			; detune...
1204+  8079 19          		add	hl, de
1205+  807A             
1206+  807A FD 75 12    		ld	(iy + 12h), l		; freq fine
1207+  807D FD 74 13    		ld	(iy + 13h), h
1208+  8080             
1209+  8080 C1          		pop	bc
1210+  8081 3E 1F       		ld	a, 1Fh
1211+  8083 80          		add	a, b
1212+  8084 D3 7E       		out	(MOON_WREG), a
1213+  8086 7D          		ld	a, l
1214+  8087 FD B6 06    		or	(iy + 6)
1215+  808A             loc_0_48E5: 
1216+  808A C5          		push	bc
1217+  808B C1          		pop	bc
1218+  808C D3 7F       		out	(MOON_WDAT), a		; freq + tone
1219+  808E             
1220+  808E 3E 37       		ld	a, 37h
1221+  8090 80          		add	a, b
1222+  8091             loc_0_48EC: 
1223+  8091 C5          		push	bc
1224+  8092 C1          		pop	bc
1225+  8093 D3 7E       		out	(MOON_WREG), a
1226+  8095 7C          		ld	a, h
1227+  8096 FD B6 0C    		or	(iy + 0Ch)
1228+  8099             loc_0_48F4: 
1229+  8099 C5          		push	bc
1230+  809A C1          		pop	bc
1231+  809B D3 7F       		out	(MOON_WDAT), a 		; freq
1232+  809D C9          		ret	
1233+  809E             
1234+  809E             loc_0_48F9: 
1235+  809E FD 6E 10    		ld	l, (iy + 10h)		; link own wave
1236+  80A1 FD 66 11    		ld	h, (iy + 11h)
1237+  80A4 5F          		ld	e, a
1238+  80A5 16 00       		ld	d, 0
1239+  80A7 19          		add	hl, de
1240+  80A8 19          		add	hl, de
1241+  80A9 5E          		ld	e, (hl)
1242+  80AA 23          		inc	hl
1243+  80AB 56          		ld	d, (hl)
1244+  80AC EB          		ex	de, hl			; freq
1245+  80AD C3 6E 80    		jp	loc_0_48C9
1246+  80B0             ;-------------------------------------------------------------------
1247+  80B0             ; îïèñàíèå: Play stereo event
1248+  80B0             ; ïàðàìåòðû: íåò
1249+  80B0             ; âîçâðàùàåìîå  çíà÷åíèå: íåò
1250+  80B0             ;---------------------------------------------------------------------
1251+  80B0             MBPlayer_play_wchgste: 
1252+  80B0 D6 B9       		sub	0B9h 		; 178 + 7
1253+  80B2             MBPlayer_play_wchgste2: 
1254+  80B2 E6 0F       		and	0Fh
1255+  80B4 57          		ld	d, a
1256+  80B5 FD 7E 0B    		ld	a, (iy + 0Bh)
1257+  80B8 E6 F0       		and	0F0h
1258+  80BA B2          		or	d
1259+  80BB FD 77 0B    		ld	(iy + 0Bh), a
1260+  80BE 3E 67       		ld	a, 67h
1261+  80C0 80          		add	a, b
1262+  80C1 D3 7E       		out	(MOON_WREG), a
1263+  80C3 FD 36 02 00 		ld	(iy + 2), 0
1264+  80C7             loc_0_4922: 
1265+  80C7 C5          		push	bc
1266+  80C8 C1          		pop	bc
1267+  80C9 DB 7F       		in	a, (MOON_WDAT)
1268+  80CB E6 F0       		and	0F0h
1269+  80CD B2          		or	d
1270+  80CE             loc_0_4929: 
1271+  80CE C5          		push	bc
1272+  80CF C1          		pop	bc
1273+  80D0 D3 7F       		out	(MOON_WDAT), a
1274+  80D2 C9          		ret	
1275+  80D3             ;-------------------------------------------------------------------
1276+  80D3             ; îïèñàíèå: Pitch bending
1277+  80D3             ; ïàðàìåòðû: íåò
1278+  80D3             ; âîçâðàùàåìîå  çíà÷åíèå: íåò
1279+  80D3             ;---------------------------------------------------------------------
1280+  80D3             MBPlayer_play_wchgpit: 
1281+  80D3 D6 DD       		sub	221
1282+  80D5 FD 36 02 01 		ld	(iy + 2), 1		; Pitch bending on
1283+  80D9 87          		add	a, a
1284+  80DA 87          		add	a, a
1285+  80DB FD 77 03    		ld	(iy + 3), a		; Set pitch bend speed
1286+  80DE 07          		rlca	
1287+  80DF 38 05       		jr	c, loc_0_4941
1288+  80E1 FD 36 04 00 		ld	(iy + 4), 0
1289+  80E5 C9          		ret	
1290+  80E6             loc_0_4941: 
1291+  80E6 FD 36 04 FF 		ld	(iy + 4), 0FFh
1292+  80EA C9          		ret	
1293+  80EB             ;-------------------------------------------------------------------
1294+  80EB             ; îïèñàíèå: Modulation event
1295+  80EB             ; ïàðàìåòðû: íåò
1296+  80EB             ; âîçâðàùàåìîå  çíà÷åíèå: íåò
1297+  80EB             ;---------------------------------------------------------------------
1298+  80EB             MBPlayer_play_wchgmod: 
1299+  80EB D6 EC       		sub	0ECh		;238 - 2
1300+  80ED FD 77 02    		ld	(iy + 2), a
1301+  80F0 87          		add	a, a
1302+  80F1 87          		add	a, a
1303+  80F2 87          		add	a, a
1304+  80F3 87          		add	a, a
1305+  80F4 21 4B 82    		ld	hl, MBPlayer_xmodtab - 2 * 16
1306+  80F7 85          		add	a, l
1307+  80F8 30 01       		jr	nc, loc_0_4956
1308+  80FA 24          		inc	h
1309+  80FB             loc_0_4956: 
1310+  80FB 6F          		ld	l, a
1311+  80FC FD 75 03    		ld	(iy + 3), l
1312+  80FF FD 74 04    		ld	(iy + 4), h
1313+  8102 C9          		ret	
1314+  8103             ;-------------------------------------------------------------------
1315+  8103             ; îïèñàíèå: Set detune
1316+  8103             ; ïàðàìåòðû: íåò
1317+  8103             ; âîçâðàùàåìîå  çíà÷åíèå: íåò
1318+  8103             ;---------------------------------------------------------------------
1319+  8103             MBPlayer_play_wchgdet: 
1320+  8103 D6 EA       		sub	234
1321+  8105 87          		add	a, a
1322+  8106 87          		add	a, a
1323+  8107 FD 77 05    		ld	(iy + 5), a
1324+  810A C9          		ret	
1325+  810B             ;-------------------------------------------------------------------
1326+  810B             ; îïèñàíèå: Damp
1327+  810B             ; ïàðàìåòðû: íåò
1328+  810B             ; âîçâðàùàåìîå  çíà÷åíèå: íåò
1329+  810B             ;---------------------------------------------------------------------
1330+  810B             MBPlayer_play_wchgdmp: 
1331+  810B 3E 67       		ld	a, 67h
1332+  810D 80          		add	a, b			; calc. register
1333+  810E D3 7E       		out	(MOON_WREG), a
1334+  8110 FD 36 02 00 		ld	(iy + 2), 0
1335+  8114             loc_0_496F: 
1336+  8114 C5          		push	bc
1337+  8115 C1          		pop	bc
1338+  8116 DB 7F       		in	a, (MOON_WDAT)
1339+  8118 F6 40       		or	40h			; pb/mod off
1340+  811A             loc_0_4975: 
1341+  811A C5          		push	bc
1342+  811B C1          		pop	bc
1343+  811C D3 7F       		out	(MOON_WDAT), a
1344+  811E C9          		ret	
1345+  811F             ;-------------------------------------------------------------------
1346+  811F             ; îïèñàíèå: pitch bending/modulation
1347+  811F             ; ïàðàìåòðû: íåò
1348+  811F             ; âîçâðàùàåìîå  çíà÷åíèå: íåò
1349+  811F             ;---------------------------------------------------------------------
1350+  811F             MBPlayer_play_pitch: 
1351+  811F FD 21 19 83 		ld	iy, MBPlayer_play_table_wav
1352+  8123 11 14 00    		ld	de,PTW_SIZE
1353+  8126 21 32 81    		ld	hl,MBPlayer_play_pitchwvl2
1354+  8129 06 18       		ld	b,WAVCHNS		; wave channels
1355+  812B             MBPlayer_play_pitchwlus: 
1356+  812B FD 7E 02    		ld	a, (iy + 2)
1357+  812E B7          		or	a
1358+  812F C2 37 81    		jp	nz, MBPlayer_play_pitch_wdo
1359+  8132             MBPlayer_play_pitchwvl2: 
1360+  8132 FD 19       		add	iy, de
1361+  8134 10 F5       		djnz	MBPlayer_play_pitchwlus
1362+  8136 C9          		ret	
1363+  8137             ;-------------------------------------------------------------------
1364+  8137             ; îïèñàíèå: pitch bending
1365+  8137             ; ïàðàìåòðû: íåò
1366+  8137             ; âîçâðàùàåìîå  çíà÷åíèå: íåò
1367+  8137             ;---------------------------------------------------------------------
1368+  8137             MBPlayer_play_pitch_wdo: 
1369+  8137 D9          		exx	
1370+  8138             
1371+  8138 4F          		ld	c, a
1372+  8139             
1373+  8139 FD 6E 03    		ld	l, (iy + 3)		; pitch bend speed
1374+  813C FD 66 04    		ld	h, (iy + 4)
1375+  813F 0D          		dec	c
1376+  8140 C2 7E 81    		jp	nz, MBPlayer_play_mod_wdo ; modulation
1377+  8143 EB          		ex	de, hl
1378+  8144             loc_0_499F: 
1379+  8144 FD 66 13    		ld	h, (iy + 13h)
1380+  8147 FD 6E 12    		ld	l, (iy + 12h)
1381+  814A 19          		add	hl, de			; sliding
1382+  814B CB 5C       		bit	3, h
1383+  814D 28 0D       		jr	z, loc_0_49B7
1384+  814F CB 7A       		bit	7, d
1385+  8151 20 07       		jr	nz, loc_0_49B5
1386+  8153 7C          		ld	a, h
1387+  8154 C6 08       		add	a, 8
1388+  8156 67          		ld	h, a
1389+  8157 C3 5C 81    		jp	loc_0_49B7
1390+  815A             loc_0_49B5: 
1391+  815A CB 9C       		res	3, h
1392+  815C             loc_0_49B7: 
1393+  815C FD 75 12    		ld	(iy + 12h), l		; freq fine
1394+  815F FD 74 13    		ld	(iy + 13h), h
1395+  8162 FD 7E 01    		ld	a, (iy + 1)
1396+  8165 4F          		ld	c, a
1397+  8166 D3 7E       		out	(MOON_WREG), a
1398+  8168 7D          		ld	a, l
1399+  8169 FD B6 06    		or	(iy + 6)
1400+  816C             loc_0_49C7: 
1401+  816C C5          		push	bc
1402+  816D C1          		pop	bc
1403+  816E D3 7F       		out	(MOON_WDAT), a		; freq + tone
1404+  8170             
1405+  8170 79          		ld	a, c
1406+  8171 C6 18       		add	a, 24
1407+  8173             loc_0_49CE: 
1408+  8173 C5          		push	bc
1409+  8174 C1          		pop	bc
1410+  8175 D3 7E       		out	(MOON_WREG), a
1411+  8177 7C          		ld	a, h
1412+  8178             loc_0_49D3: 
1413+  8178 C5          		push	bc
1414+  8179 C1          		pop	bc
1415+  817A D3 7F       		out	(MOON_WDAT), a 		; freq
1416+  817C D9          		exx	
1417+  817D E9          		jp	(hl)
1418+  817E             ;-------------------------------------------------------------------
1419+  817E             ; îïèñàíèå: Ìîäóëÿöèÿ
1420+  817E             ; ïàðàìåòðû: íåò
1421+  817E             ; âîçâðàùàåìîå  çíà÷åíèå: íåò
1422+  817E             ;---------------------------------------------------------------------
1423+  817E             MBPlayer_play_mod_wdo: 
1424+  817E 16 00       		ld	d, 0
1425+  8180 5E          		ld	e, (hl)
1426+  8181 CB 23       		sla	e
1427+  8183 CB 23       		sla	e
1428+  8185 30 01       		jr	nc, loc_0_49E3
1429+  8187 15          		dec	d
1430+  8188             loc_0_49E3: 
1431+  8188 23          		inc	hl
1432+  8189 7E          		ld	a, (hl)
1433+  818A FE 0A       		cp	10
1434+  818C C2 9C 81    		jp	nz, loc_0_49F7
1435+  818F 79          		ld	a, c
1436+  8190             
1437+  8190 21 5B 82    		ld	hl, MBPlayer_xmodtab - 16
1438+  8193 87          		add	a, a
1439+  8194 87          		add	a, a
1440+  8195 87          		add	a, a
1441+  8196 87          		add	a, a
1442+  8197 85          		add	a, l
1443+  8198 30 01       		jr	nc, loc_0_49F6
1444+  819A 24          		inc	h
1445+  819B             loc_0_49F6: 
1446+  819B 6F          		ld	l, a
1447+  819C             loc_0_49F7: 
1448+  819C FD 75 03    		ld	(iy + 3), l
1449+  819F FD 74 04    		ld	(iy + 4), h
1450+  81A2 C3 44 81    		jp	loc_0_499F
1451+  81A5             ;-------------------------------------------------------------------
1452+  81A5             ; îïèñàíèå: Çàòóõàíèå ìåëîäèè
1453+  81A5             ; ïàðàìåòðû: íåò
1454+  81A5             ; âîçâðàùàåìîå  çíà÷åíèå: íåò
1455+  81A5             ;---------------------------------------------------------------------
1456+  81A5             MBPlayer_play_fade: 	
1457+  81A5 3A 2F 82    		ld	a,(MBPlayer_play_fadespd)	; speed
1458+  81A8 21 2E 82    		ld	hl,MBPlayer_play_fadecnt
1459+  81AB 34          		inc	(hl)
1460+  81AC BE          		cp	(hl)
1461+  81AD C0          		ret	nz
1462+  81AE 36 00       		ld	(hl), 0
1463+  81B0             
1464+  81B0 06 18       		ld	b,WAVCHNS
1465+  81B2 FD 21 19 83 		ld	iy,MBPlayer_play_table_wav
1466+  81B6 11 14 00    		ld	de,PTW_SIZE
1467+  81B9             loc_0_4A14: 
1468+  81B9 FD 7E 0F    		ld	a, (iy + 0Fh)		
1469+  81BC C6 08       		add	a, 8                    ; -4, but bit 0 is not for volume
1470+  81BE 30 02       		jr	nc, loc_0_4A1D
1471+  81C0 3E FF       		ld	a, 255
1472+  81C2             loc_0_4A1D: 
1473+  81C2 FD 77 0F    		ld	(iy + 0Fh), a
1474+  81C5 3E 4F       		ld	a, 4Fh
1475+  81C7 80          		add	a, b
1476+  81C8 D3 7E       		out	(MOON_WREG), a
1477+  81CA FD 7E 0F    		ld	a, (iy + 0Fh)		; level direct
1478+  81CD             loc_0_4A28: 
1479+  81CD C5          		push	bc
1480+  81CE C1          		pop	bc
1481+  81CF D3 7F       		out	(MOON_WDAT), a
1482+  81D1 FD 19       		add	iy, de
1483+  81D3 10 E4       		djnz	loc_0_4A14
1484+  81D5             
1485+  81D5 21 30 82    		ld	hl, MBPlayer_play_fadetcnt 	; total counter
1486+  81D8 34          		inc	(hl)
1487+  81D9 7E          		ld	a, (hl)
1488+  81DA FE 21       		cp	33			; will always be faded out in 33 steps
1489+  81DC C0          		ret	nz
1490+  81DD AF          		xor	a
1491+  81DE 32 2D 82    		ld	(MBPlayer_play_fading), a
1492+  81E1 C3 5A 7B    		jp	MBPlayer_stop_music
1493+  81E4             
1494+  81E4             sub_0_4A3F: 
1495+  81E4 08          		ex	af, af'
1496+  81E5 79          		ld	a, c
1497+  81E6             loc_0_4A41: 
1498+  81E6 C5          		push	bc
1499+  81E7 C1          		pop	bc
1500+  81E8 D3 C6       		out	(MOON_REG2),a
1501+  81EA 08          		ex	af, af'
1502+  81EB             loc_0_4A46: 
1503+  81EB C5          		push	bc
1504+  81EC C1          		pop	bc
1505+  81ED D3 C7       		out	(MOON_DAT2),a
1506+  81EF C9          		ret	
1507+  81F0             ;-------------------------------------------------------------------
1508+  81F0             ; îïèñàíèå: Âûâîä äàííûõ â ðåãèñòðû Wave ÷àñòè
1509+  81F0             ; ïàðàìåòðû: C - íîìåð ðåãèñòðà
1510+  81F0             ;	     A - âûâîäèìûé áàéò
1511+  81F0             ; âîçâðàùàåìîå  çíà÷åíèå: íåò
1512+  81F0             ;---------------------------------------------------------------------
1513+  81F0             MBPlayer_out_wave: 	
1514+  81F0 08          		ex	af, af'
1515+  81F1 79          		ld	a, c
1516+  81F2             loc_0_4A4D: 
1517+  81F2 C5          		push	bc
1518+  81F3 C1          		pop	bc
1519+  81F4 D3 7E       		out	(MOON_WREG), a
1520+  81F6 08          		ex	af, af'
1521+  81F7             loc_0_4A52: 
1522+  81F7 C5          		push	bc
1523+  81F8 C1          		pop	bc
1524+  81F9 D3 7F       		out	(MOON_WDAT), a
1525+  81FB C9          		ret	
1526+  81FC             ;-------------------------------------------------------------------
1527+  81FC             ; îïèñàíèå: ×òåíèå äàííûõ èç ðåãèñòðà Wave ÷àñòè
1528+  81FC             ; ïàðàìåòðû: C - íîìåð ðåãèñòðà
1529+  81FC             ; âîçâðàùàåìîå  çíà÷åíèå: A - áàéò äàííûõ
1530+  81FC             ;---------------------------------------------------------------------
1531+  81FC             MBPlayer_in_wave: 	
1532+  81FC C5          		push	bc
1533+  81FD C1          		pop	bc
1534+  81FE 79          		ld	a, c
1535+  81FF D3 7E       		out	(MOON_WREG), a
1536+  8201 00          		nop	
1537+  8202             loc_0_4A5D: 
1538+  8202 C5          		push	bc
1539+  8203 C1          		pop	bc
1540+  8204 DB 7F       		in	a, (MOON_WDAT)
1541+  8206 C9          		ret	
1542+  8207             
1543+  8207             MBPlayer_play_busy: 
1544+  8207 00          		db	0
1545+  8208             MBPlayer_play_pos: 	
1546+  8208 00          		db 	0
1547+  8209             MBPlayer_play_step: 	
1548+  8209 00          		db 	0
1549+  820A             MBPlayer_save_curbank: 	
1550+  820A 00          		db	0
1551+  820B             MBPlayer_songdata_bank1: 	
1552+  820B 00          		db 	0
1553+  820C             MBPlayer_songdata_addres: 	
1554+  820C 00 00       		dw 	0
1555+  820E             MBPlayer_songdata_bank: 	
1556+  820E 00          		db 	0
1557+  820F             
1558+  820F             MBPlayer_step_buffer: 	
1559+  820F 00          		db    	0
1560+  8210 00          		db    	0
1561+  8211 00          		db    	0 ;  
1562+  8212 00          		db    	0 ;  
1563+  8213 00          		db    	0 ;  
1564+  8214 00          		db    	0 ;  
1565+  8215 00          		db    	0 ;  
1566+  8216 00          		db    	0 ;  
1567+  8217             unk_0_4B90: 	
1568+  8217 00          		db    	0
1569+  8218 00          		db    	0 ;  
1570+  8219 00          		db    	0 ;  
1571+  821A 00          		db    	0 ;  
1572+  821B 00          		db    	0 ;  
1573+  821C 00          		db    	0 ;  
1574+  821D 00          		db    	0 ;  
1575+  821E 00          		db    	0 ;  
1576+  821F             unk_0_4B98: 	
1577+  821F 00          		db    	0
1578+  8220 00          		db    	0 ;  
1579+  8221 00          		db    	0 ;  
1580+  8222 00          		db    	0 ;  
1581+  8223 00          		db    	0 ;  
1582+  8224 00          		db    	0 ;  
1583+  8225 00          		db    	0 ;  
1584+  8226 00          		db    	0 ;  
1585+  8227 00          		db    	0 ;  
1586+  8228             MBPlayer_play_speed: 	
1587+  8228 00          		db 	0
1588+  8229             MBPlayer_play_tspval: 	
1589+  8229 00          		db 	0
1590+  822A             MBPlayer_play_timercnt: 	
1591+  822A 00          		db 	0
1592+  822B             MBPlayer_play_intcnt: 
1593+  822B 00          		db 	0
1594+  822C             MBPlayer_current_pat: 	
1595+  822C 00          		db 	0
1596+  822D             MBPlayer_play_fading: 	
1597+  822D 00          		db 	0
1598+  822E             MBPlayer_play_fadecnt: 	
1599+  822E 00          		db 	0
1600+  822F             MBPlayer_play_fadespd: 	
1601+  822F 00          		db 	0
1602+  8230             MBPlayer_play_fadetcnt: 	
1603+  8230 00          		db 	0
1604+  8231             MBPlayer_sample_address: 	
1605+  8231 00          		db    	0
1606+  8232 00          		db    	0 ;  
1607+  8233 00          		db    	0 ;  
1608+  8234 00          		db    	0 ;  
1609+  8235             MBPlayer_samplesize: 	
1610+  8235 00 00       		dw 	0
1611+  8237             ;-------------------------------------------------------------------
1612+  8237             ; îïèñàíèå: Èíôîðìàöèÿ î òðåêå = 220 áàéò
1613+  8237             ; ïàðàìåòðû: íåò
1614+  8237             ; âîçâðàùàåìîå  çíà÷åíèå: íåò
1615+  8237             ;---------------------------------------------------------------------
1616+  8237             MBPlayer_xleng: 	
1617+  8237 00          		ds	1		; Song length
1618+  8238             MBPlayer_xloop: 		
1619+  8238 00          		ds	1		; Loop position
1620+  8239             MBPlayer_xwvstpr: 	
1621+  8239 00          		ds	24		; Stereo settings Wave
1622+  8251             MBPlayer_xtempo: 		
1623+  8251 00          		ds	1		; Tempo
1624+  8252             MBPlayer_xhzequal: 	
1625+  8252 00          		ds	1		; Base frequency
1626+  8253             MBPlayer_xdetune: 		
1627+  8253 00          		ds	24		; Detune settings
1628+  826B             MBPlayer_xmodtab: 		
1629+  826B 00          		ds	3*16		; Modulation tables
1630+  829B             MBPlayer_xbegwav: 		
1631+  829B 00          		ds	24		; Start waves
1632+  82B3             MBPlayer_xwavnrs: 	
1633+  82B3 00          		ds	48		; Wave numbers
1634+  82E3             MBPlayer_xwavvols: 	                	
1635+  82E3 00          		ds	48		; Wave volumes
1636+  8313             
1637+  8313             
1638+  8313             MBPlayer_pat_address: 	
1639+  8313 00 00       		dw 	0
1640+  8315             MBPlayer_pos_address: 	
1641+  8315 00 00       		dw 	0
1642+  8317             MBPlayer_songdata_ptr: 	
1643+  8317 00 00       		dw 	0
1644+  8319             
1645+  8319             ;--- smart table: --
1646+  8319             
1647+  8319             ;    - last note played                 01: + 0
1648+  8319             ;    - frequency register               01: + 1
1649+  8319             ;    - pitch bending on/off             01: + 2
1650+  8319             ;    - pitch bend speed                 02: + 3
1651+  8319             ;    - detune value                     01: + 5
1652+  8319             ;    - tone nr for next interrupt       02: + 6
1653+  8319             ;    - freq for next interrupt          02: + 8
1654+  8319             ;    - current patch                    01  + 10
1655+  8319             ;    - current stereo setting           01  + 11
1656+  8319             ;    - pseudo reverb                    01  + 12
1657+  8319             ;    - Pointer to header bytes          02  + 13
1658+  8319             ;    - Volume                           01  + 15
1659+  8319             ;    - Pointer to used freq table       01  + 16
1660+  8319             ;    - Current pitch freq.              02  + 18
1661+  8319             ;                               --
1662+  8319             ;    Total:                             20
1663+  8319             
1664+  8319             MBPlayer_play_table_wav: 
1665+  8319             		db	0,037h,0,0,0,0,0,0,0,0,0,0,0,0,0,0,0,0,0,0	; ch1
1665+  8319 0037000000000000000000000000000000000000
1666+  832D             		db	0,036h,0,0,0,0,0,0,0,0,0,0,0,0,0,0,0,0,0,0	; ch2
1666+  832D 0036000000000000000000000000000000000000
1667+  8341             		db	0,035h,0,0,0,0,0,0,0,0,0,0,0,0,0,0,0,0,0,0	; ch3
1667+  8341 0035000000000000000000000000000000000000
1668+  8355             		db	0,034h,0,0,0,0,0,0,0,0,0,0,0,0,0,0,0,0,0,0	; ch4
1668+  8355 0034000000000000000000000000000000000000
1669+  8369             		db	0,033h,0,0,0,0,0,0,0,0,0,0,0,0,0,0,0,0,0,0	; ch5
1669+  8369 0033000000000000000000000000000000000000
1670+  837D             		db	0,032h,0,0,0,0,0,0,0,0,0,0,0,0,0,0,0,0,0,0	; ch6
1670+  837D 0032000000000000000000000000000000000000
1671+  8391             		db	0,031h,0,0,0,0,0,0,0,0,0,0,0,0,0,0,0,0,0,0	; ch7
1671+  8391 0031000000000000000000000000000000000000
1672+  83A5             		db	0,030h,0,0,0,0,0,0,0,0,0,0,0,0,0,0,0,0,0,0	; ch8
1672+  83A5 0030000000000000000000000000000000000000
1673+  83B9             unk_0_4D90: 	
1674+  83B9             		db	0,02fh,0,0,0,0,0,0,0,0,0,0,0,0,0,0,0,0,0,0	; ch9
1674+  83B9 002F000000000000000000000000000000000000
1675+  83CD             		db	0,02eh,0,0,0,0,0,0,0,0,0,0,0,0,0,0,0,0,0,0	; ch10
1675+  83CD 002E000000000000000000000000000000000000
1676+  83E1             		db	0,02dh,0,0,0,0,0,0,0,0,0,0,0,0,0,0,0,0,0,0	; ch11
1676+  83E1 002D000000000000000000000000000000000000
1677+  83F5             		db	0,02ch,0,0,0,0,0,0,0,0,0,0,0,0,0,0,0,0,0,0	; ch12
1677+  83F5 002C000000000000000000000000000000000000
1678+  8409             		db	0,02bh,0,0,0,0,0,0,0,0,0,0,0,0,0,0,0,0,0,0	; ch13
1678+  8409 002B000000000000000000000000000000000000
1679+  841D             		db	0,02ah,0,0,0,0,0,0,0,0,0,0,0,0,0,0,0,0,0,0	; ch14
1679+  841D 002A000000000000000000000000000000000000
1680+  8431             		db	0,029h,0,0,0,0,0,0,0,0,0,0,0,0,0,0,0,0,0,0	; ch15
1680+  8431 0029000000000000000000000000000000000000
1681+  8445             		db	0,028h,0,0,0,0,0,0,0,0,0,0,0,0,0,0,0,0,0,0	; ch16
1681+  8445 0028000000000000000000000000000000000000
1682+  8459             unk_0_4E30: 	
1683+  8459             		db	0,027h,0,0,0,0,0,0,0,0,0,0,0,0,0,0,0,0,0,0	; ch17
1683+  8459 0027000000000000000000000000000000000000
1684+  846D             		db	0,026h,0,0,0,0,0,0,0,0,0,0,0,0,0,0,0,0,0,0	; ch18
1684+  846D 0026000000000000000000000000000000000000
1685+  8481             		db	0,025h,0,0,0,0,0,0,0,0,0,0,0,0,0,0,0,0,0,0	; ch19
1685+  8481 0025000000000000000000000000000000000000
1686+  8495             		db	0,024h,0,0,0,0,0,0,0,0,0,0,0,0,0,0,0,0,0,0	; ch20
1686+  8495 0024000000000000000000000000000000000000
1687+  84A9             		db	0,023h,0,0,0,0,0,0,0,0,0,0,0,0,0,0,0,0,0,0	; ch21
1687+  84A9 0023000000000000000000000000000000000000
1688+  84BD             		db	0,022h,0,0,0,0,0,0,0,0,0,0,0,0,0,0,0,0,0,0	; ch22
1688+  84BD 0022000000000000000000000000000000000000
1689+  84D1             		db	0,021h,0,0,0,0,0,0,0,0,0,0,0,0,0,0,0,0,0,0	; ch23
1689+  84D1 0021000000000000000000000000000000000000
1690+  84E5             		db	0,020h,0,0,0,0,0,0,0,0,0,0,0,0,0,0,0,0,0,0	; ch24
1690+  84E5 0020000000000000000000000000000000000000
1691+  84F9             
1692+  84F9             		.include	"freq_table_0.inc"
0001++ 84F9             ;-------------------------------------------------------------------
0002++ 84F9             ; îïèñàíèå:  Òàáëèöà äåëèòåëåé
0003++ 84F9             ;---------------------------------------------------------------------
0004++ 84F9             MBPlayer_tabdiv12: 
0005++ 84F9             		db	-5*16,0,-5*16,2*1,-5*16,2*2,-5*16,2*3,-5*16,2*4,-5*16,2*5
0005++ 84F9 B000B002B004B006B008B00A
0006++ 8505             		db	-5*16,2*6,-5*16,2*7,-5*16,2*8,-5*16,2*9,-5*16,2*10,-5*16,2*11
0006++ 8505 B00CB00EB010B012B014B016
0007++ 8511             		db	-4*16,0,-4*16,2*1,-4*16,2*2,-4*16,2*3,-4*16,2*4,-4*16,2*5
0007++ 8511 C000C002C004C006C008C00A
0008++ 851D             		db	-4*16,2*6,-4*16,2*7,-4*16,2*8,-4*16,2*9,-4*16,2*10,-4*16,2*11
0008++ 851D C00CC00EC010C012C014C016
0009++ 8529             		db	-3*16,0,-3*16,2*1,-3*16,2*2,-3*16,2*3,-3*16,2*4,-3*16,2*5
0009++ 8529 D000D002D004D006D008D00A
0010++ 8535             		db	-3*16,2*6,-3*16,2*7,-3*16,2*8,-3*16,2*9,-3*16,2*10,-3*16,2*11
0010++ 8535 D00CD00ED010D012D014D016
0011++ 8541             		db	-2*16,0,-2*16,2*1,-2*16,2*2,-2*16,2*3,-2*16,2*4,-2*16,2*5
0011++ 8541 E000E002E004E006E008E00A
0012++ 854D             		db	-2*16,2*6,-2*16,2*7,-2*16,2*8,-2*16,2*9,-2*16,2*10,-2*16,2*11
0012++ 854D E00CE00EE010E012E014E016
0013++ 8559             		db	-1*16,0,-1*16,2*1,-1*16,2*2,-1*16,2*3,-1*16,2*4,-1*16,2*5
0013++ 8559 F000F002F004F006F008F00A
0014++ 8565             		db	-1*16,2*6,-1*16,2*7,-1*16,2*8,-1*16,2*9,-1*16,2*10,-1*16,2*11
0014++ 8565 F00CF00EF010F012F014F016
0015++ 8571             		db	0*16,0,0*16,2*1,0*16,2*2,0*16,2*3,0*16,2*4,0*16,2*5
0015++ 8571 00000002000400060008000A
0016++ 857D             		db	0*16,2*6,0*16,2*7,0*16,2*8,0*16,2*9,0*16,2*10,0*16,2*11
0016++ 857D 000C000E0010001200140016
0017++ 8589             		db	1*16,0,1*16,2*1,1*16,2*2,1*16,2*3,1*16,2*4,1*16,2*5
0017++ 8589 10001002100410061008100A
0018++ 8595             		db	1*16,2*6,1*16,2*7,1*16,2*8,1*16,2*9,1*16,2*10,1*16,2*11
0018++ 8595 100C100E1010101210141016
0019++ 85A1             		db	2*16,0,2*16,2*1,2*16,2*2,2*16,2*3,2*16,2*4,2*16,2*5
0019++ 85A1 20002002200420062008200A
0020++ 85AD             		db	2*16,2*6,2*16,2*7,2*16,2*8,2*16,2*9,2*16,2*10,2*16,2*11
0020++ 85AD 200C200E2010201220142016
0021++ 85B9             		db	3*16,0,3*16,2*1,3*16,2*2,3*16,2*3,3*16,2*4,3*16,2*5
0021++ 85B9 30003002300430063008300A
0022++ 85C5             		db	3*16,2*6,3*16,2*7,3*16,2*8,3*16,2*9,3*16,2*10,3*16,2*11
0022++ 85C5 300C300E3010301230143016
0023++ 85D1             		db	4*16,0,4*16,2*1,4*16,2*2,4*16,2*3,4*16,2*4,4*16,2*5
0023++ 85D1 40004002400440064008400A
0024++ 85DD             		db	4*16,2*6,4*16,2*7,4*16,2*8,4*16,2*9,4*16,2*10,4*16,2*11
0024++ 85DD 400C400E4010401240144016
0025++ 85E9             		db	5*16,0,5*16,2*1,5*16,2*2,5*16,2*3,5*16,2*4,5*16,2*5
0025++ 85E9 50005002500450065008500A
0026++ 85F5             		db	5*16,2*6,5*16,2*7,5*16,2*8,5*16,2*9,5*16,2*10,5*16,2*11
0026++ 85F5 500C500E5010501250145016
0027++ 8601             		db	6*16,0,6*16,2*1,6*16,2*2,6*16,2*3,6*16,2*4,6*16,2*5
0027++ 8601 60006002600460066008600A
0028++ 860D             		db	6*16,2*6,6*16,2*7,6*16,2*8,6*16,2*9,6*16,2*10,6*16,2*11
0028++ 860D 600C600E6010601260146016
0029++ 8619             		db	7*16,0,7*16,2*1,7*16,2*2,7*16,2*3,7*16,2*4,7*16,2*5
0029++ 8619 70007002700470067008700A
0030++ 8625             		db	7*16,2*6,7*16,2*7,7*16,2*8,7*16,2*9,7*16,2*10,7*16,2*11
0030++ 8625 700C700E7010701270147016
0031++ 8631             		db	8*16,0,8*16,2*1,8*16,2*2,8*16,2*3,8*16,2*4,8*16,2*5
0031++ 8631 80008002800480068008800A
0032++ 863D             		db	8*16,2*6,8*16,2*7,8*16,2*8,8*16,2*9,8*16,2*10,8*16,2*11
0032++ 863D 800C800E8010801280148016
0033++ 8649             		db	9*16,0,9*16,2*1,9*16,2*2,9*16,2*3,9*16,2*4,9*16,2*5
0033++ 8649 90009002900490069008900A
0034++ 8655             		db	9*16,2*6,9*16,2*7,9*16,2*8,9*16,2*9,9*16,2*10,9*16,2*11
0034++ 8655 900C900E9010901290149016
0035++ 8661             		db	10*16,0,10*16,2*1,10*16,2*2,10*16,2*3,10*16,2*4,10*16,2*5
0035++ 8661 A000A002A004A006A008A00A
0036++ 866D             		db	10*16,2*6,10*16,2*7,10*16,2*8,10*16,2*9,10*16,2*10,10*16,2*11
0036++ 866D A00CA00EA010A012A014A016
0037++ 8679             
0038++ 8679             
1693+  8679             		.include	"freq_table_1.inc"
0001++ 8679             ;-------------------------------------------------------------------
0002++ 8679             ; îïèñàíèå:  Òàáëèöà ÷àñòîò äëÿ 44.1 kHz
0003++ 8679             ;---------------------------------------------------------------------
0004++ 8679             MBPlayer_frqtab_441khz: 	
0005++ 8679 00 C0       		dw	(-4 * 2048 + 0) * 2
0006++ 867B 7A C0       		dw	(-4 * 2048 + 61) * 2
0007++ 867D FA C0       		dw	(-4 * 2048 + 125) * 2
0008++ 867F 84 C1       		dw	(-4 * 2048 + 194) * 2
0009++ 8681 14 C2       		dw	(-4 * 2048 + 266) * 2
0010++ 8683 AE C2       		dw	(-4 * 2048 + 343) * 2
0011++ 8685 50 C3       		dw	(-4 * 2048 + 424) * 2
0012++ 8687 FC C3       		dw	(-4 * 2048 + 510) * 2
0013++ 8689 B2 C4       		dw	(-4 * 2048 + 601) * 2
0014++ 868B 74 C5       		dw	(-4 * 2048 + 698) * 2
0015++ 868D 42 C6       		dw	(-4 * 2048 + 801) * 2
0016++ 868F 1A C7       		dw	(-4 * 2048 + 909) * 2
0017++ 8691 00 D0       		dw	(-3 * 2048 + 0) * 2
0018++ 8693 7A D0       		dw	(-3 * 2048 + 61) * 2
0019++ 8695 FA D0       		dw	(-3 * 2048 + 125) * 2
0020++ 8697 84 D1       		dw	(-3 * 2048 + 194) * 2
0021++ 8699 14 D2       		dw	(-3 * 2048 + 266) * 2
0022++ 869B AE D2       		dw	(-3 * 2048 + 343) * 2
0023++ 869D 50 D3       		dw	(-3 * 2048 + 424) * 2
0024++ 869F FC D3       		dw	(-3 * 2048 + 510) * 2
0025++ 86A1 B2 D4       		dw	(-3 * 2048 + 601) * 2
0026++ 86A3 74 D5       		dw	(-3 * 2048 + 698) * 2
0027++ 86A5 42 D6       		dw	(-3 * 2048 + 801) * 2
0028++ 86A7 1A D7       		dw	(-3 * 2048 + 909) * 2
0029++ 86A9 00 E0       		dw	(-2 * 2048 + 0) * 2
0030++ 86AB 7A E0       		dw	(-2 * 2048 + 61) * 2
0031++ 86AD FA E0       		dw	(-2 * 2048 + 125) * 2
0032++ 86AF 84 E1       		dw	(-2 * 2048 + 194) * 2
0033++ 86B1 14 E2       		dw	(-2 * 2048 + 266) * 2
0034++ 86B3 AE E2       		dw	(-2 * 2048 + 343) * 2
0035++ 86B5 50 E3       		dw	(-2 * 2048 + 424) * 2
0036++ 86B7 FC E3       		dw	(-2 * 2048 + 510) * 2
0037++ 86B9 B2 E4       		dw	(-2 * 2048 + 601) * 2
0038++ 86BB 74 E5       		dw	(-2 * 2048 + 698) * 2
0039++ 86BD 42 E6       		dw	(-2 * 2048 + 801) * 2
0040++ 86BF 1A E7       		dw	(-2 * 2048 + 909) * 2
0041++ 86C1 00 F0       		dw	(-1 * 2048 + 0) * 2
0042++ 86C3 7A F0       		dw	(-1 * 2048 + 61) * 2
0043++ 86C5 FA F0       		dw	(-1 * 2048 + 125) * 2
0044++ 86C7 84 F1       		dw	(-1 * 2048 + 194) * 2
0045++ 86C9 14 F2       		dw	(-1 * 2048 + 266) * 2
0046++ 86CB AE F2       		dw	(-1 * 2048 + 343) * 2
0047++ 86CD 50 F3       		dw	(-1 * 2048 + 424) * 2
0048++ 86CF FC F3       		dw	(-1 * 2048 + 510) * 2
0049++ 86D1 B2 F4       		dw	(-1 * 2048 + 601) * 2
0050++ 86D3 74 F5       		dw	(-1 * 2048 + 698) * 2
0051++ 86D5 42 F6       		dw	(-1 * 2048 + 801) * 2
0052++ 86D7 1A F7       		dw	(-1 * 2048 + 909) * 2
0053++ 86D9 00 00       		dw	(-0 * 2048 + 0) * 2
0054++ 86DB 7A 00       		dw	(-0 * 2048 + 61) * 2
0055++ 86DD FA 00       		dw	(-0 * 2048 + 125) * 2
0056++ 86DF 84 01       		dw	(-0 * 2048 + 194) * 2
0057++ 86E1 14 02       		dw	(-0 * 2048 + 266) * 2
0058++ 86E3 AE 02       		dw	(-0 * 2048 + 343) * 2
0059++ 86E5 50 03       		dw	(-0 * 2048 + 424) * 2
0060++ 86E7 FC 03       		dw	(-0 * 2048 + 510) * 2
0061++ 86E9 B2 04       		dw	(-0 * 2048 + 601) * 2
0062++ 86EB 74 05       		dw	(-0 * 2048 + 698) * 2
0063++ 86ED 42 06       		dw	(-0 * 2048 + 801) * 2
0064++ 86EF 1A 07       		dw	(-0 * 2048 + 909) * 2
0065++ 86F1 00 10       		dw	(+1 * 2048 + 0) * 2
0066++ 86F3 7A 10       		dw	(+1 * 2048 + 61) * 2
0067++ 86F5 FA 10       		dw	(+1 * 2048 + 125) * 2
0068++ 86F7 84 11       		dw	(+1 * 2048 + 194) * 2
0069++ 86F9 14 12       		dw	(+1 * 2048 + 266) * 2
0070++ 86FB AE 12       		dw	(+1 * 2048 + 343) * 2
0071++ 86FD 50 13       		dw	(+1 * 2048 + 424) * 2
0072++ 86FF FC 13       		dw	(+1 * 2048 + 510) * 2
0073++ 8701 B2 14       		dw	(+1 * 2048 + 601) * 2
0074++ 8703 74 15       		dw	(+1 * 2048 + 698) * 2
0075++ 8705 42 16       		dw	(+1 * 2048 + 801) * 2
0076++ 8707 1A 17       		dw	(+1 * 2048 + 909) * 2
0077++ 8709 00 20       		dw	(+2 * 2048 + 0) * 2
0078++ 870B 7A 20       		dw	(+2 * 2048 + 61) * 2
0079++ 870D FA 20       		dw	(+2 * 2048 + 125) * 2
0080++ 870F 84 21       		dw	(+2 * 2048 + 194) * 2
0081++ 8711 14 22       		dw	(+2 * 2048 + 266) * 2
0082++ 8713 AE 22       		dw	(+2 * 2048 + 343) * 2
0083++ 8715 50 23       		dw	(+2 * 2048 + 424) * 2
0084++ 8717 FC 23       		dw	(+2 * 2048 + 510) * 2
0085++ 8719 B2 24       		dw	(+2 * 2048 + 601) * 2
0086++ 871B 74 25       		dw	(+2 * 2048 + 698) * 2
0087++ 871D 42 26       		dw	(+2 * 2048 + 801) * 2
0088++ 871F 1A 27       		dw	(+2 * 2048 + 909) * 2
0089++ 8721 00 30       		dw	(+3 * 2048 + 0) * 2
0090++ 8723 7A 30       		dw	(+3 * 2048 + 61) * 2
0091++ 8725 FA 30       		dw	(+3 * 2048 + 125) * 2
0092++ 8727 84 31       		dw	(+3 * 2048 + 194) * 2
0093++ 8729 14 32       		dw	(+3 * 2048 + 266) * 2
0094++ 872B AE 32       		dw	(+3 * 2048 + 343) * 2
0095++ 872D 50 33       		dw	(+3 * 2048 + 424) * 2
0096++ 872F FC 33       		dw	(+3 * 2048 + 510) * 2
0097++ 8731 B2 34       		dw	(+3 * 2048 + 601) * 2
0098++ 8733 74 35       		dw	(+3 * 2048 + 698) * 2
0099++ 8735 42 36       		dw	(+3 * 2048 + 801) * 2
0100++ 8737 1A 37       		dw	(+3 * 2048 + 909) * 2
0101++ 8739             
1694+  8739             		.include	"freq_table_2.inc"
0001++ 8739             ;-------------------------------------------------------------------
0002++ 8739             ; îïèñàíèå:  Òàáëèöà ÷àñòîò äëÿ Amiga
0003++ 8739             ;---------------------------------------------------------------------
0004++ 8739             MBPlayer_frqtab_amiga: 	
0005++ 8739 22 B4       		dw	(-5 * 2048 + 529) * 2
0006++ 873B DA B4       		dw	(-5 * 2048 + 621) * 2
0007++ 873D A2 B5       		dw	(-5 * 2048 + 721) * 2
0008++ 873F 6E B6       		dw	(-5 * 2048 + 823) * 2
0009++ 8741 52 B7       		dw	(-5 * 2048 + 937) * 2
0010++ 8743 1C C0       		dw	(-4 * 2048 + 14) * 2
0011++ 8745 98 C0       		dw	(-4 * 2048 + 76) * 2
0012++ 8747 1C C1       		dw	(-4 * 2048 + 142) * 2
0013++ 8749 A6 C1       		dw	(-4 * 2048 + 211) * 2
0014++ 874B 38 C2       		dw	(-4 * 2048 + 284) * 2
0015++ 874D D2 C2       		dw	(-4 * 2048 + 361) * 2
0016++ 874F 7E C3       		dw	(-4 * 2048 + 447) * 2
0017++ 8751             
0018++ 8751 22 C4       		dw	(-4 * 2048 + 529) * 2
0019++ 8753 DA C4       		dw	(-4 * 2048 + 621) * 2
0020++ 8755 A2 C5       		dw	(-4 * 2048 + 721) * 2
0021++ 8757 6E C6       		dw	(-4 * 2048 + 823) * 2
0022++ 8759 52 C7       		dw	(-4 * 2048 + 937) * 2
0023++ 875B 1C D0       		dw	(-3 * 2048 + 14) * 2
0024++ 875D 98 D0       		dw	(-3 * 2048 + 76) * 2
0025++ 875F 1C D1       		dw	(-3 * 2048 + 142) * 2
0026++ 8761 A6 D1       		dw	(-3 * 2048 + 211) * 2
0027++ 8763 38 D2       		dw	(-3 * 2048 + 284) * 2
0028++ 8765 D2 D2       		dw	(-3 * 2048 + 361) * 2
0029++ 8767 7E D3       		dw	(-3 * 2048 + 447) * 2
0030++ 8769             
0031++ 8769 22 D4       		dw	(-3 * 2048 + 529) * 2
0032++ 876B DA D4       		dw	(-3 * 2048 + 621) * 2
0033++ 876D A2 D5       		dw	(-3 * 2048 + 721) * 2
0034++ 876F 6E D6       		dw	(-3 * 2048 + 823) * 2
0035++ 8771 52 D7       		dw	(-3 * 2048 + 937) * 2
0036++ 8773 1C E0       		dw	(-2 * 2048 + 14) * 2
0037++ 8775 98 E0       		dw	(-2 * 2048 + 76) * 2
0038++ 8777 1C E1       		dw	(-2 * 2048 + 142) * 2
0039++ 8779 A6 E1       		dw	(-2 * 2048 + 211) * 2
0040++ 877B 38 E2       		dw	(-2 * 2048 + 284) * 2
0041++ 877D D2 E2       		dw	(-2 * 2048 + 361) * 2
0042++ 877F 7E E3       		dw	(-2 * 2048 + 447) * 2
0043++ 8781             
0044++ 8781 22 E4       		dw	(-2 * 2048 + 529) * 2
0045++ 8783 DA E4       		dw	(-2 * 2048 + 621) * 2
0046++ 8785 A2 E5       		dw	(-2 * 2048 + 721) * 2
0047++ 8787 6E E6       		dw	(-2 * 2048 + 823) * 2
0048++ 8789 52 E7       		dw	(-2 * 2048 + 937) * 2
0049++ 878B 1C F0       		dw	(-1 * 2048 + 14) * 2
0050++ 878D 98 F0       		dw	(-1 * 2048 + 76) * 2
0051++ 878F 1C F1       		dw	(-1 * 2048 + 142) * 2
0052++ 8791 A6 F1       		dw	(-1 * 2048 + 211) * 2
0053++ 8793 38 F2       		dw	(-1 * 2048 + 284) * 2
0054++ 8795 D2 F2       		dw	(-1 * 2048 + 361) * 2
0055++ 8797 7E F3       		dw	(-1 * 2048 + 447) * 2
0056++ 8799             
0057++ 8799 22 F4       		dw	(-1 * 2048 + 529) * 2
0058++ 879B DA F4       		dw	(-1 * 2048 + 621) * 2
0059++ 879D A2 F5       		dw	(-1 * 2048 + 721) * 2
0060++ 879F 6E F6       		dw	(-1 * 2048 + 823) * 2
0061++ 87A1 52 F7       		dw	(-1 * 2048 + 937) * 2
0062++ 87A3 1C 00       		dw	(-0 * 2048 + 14) * 2
0063++ 87A5 98 00       		dw	(-0 * 2048 + 76) * 2
0064++ 87A7 1C 01       		dw	(-0 * 2048 + 142) * 2
0065++ 87A9 A6 01       		dw	(-0 * 2048 + 211) * 2
0066++ 87AB 38 02       		dw	(-0 * 2048 + 284) * 2
0067++ 87AD D2 02       		dw	(-0 * 2048 + 361) * 2
0068++ 87AF 7E 03       		dw	(-0 * 2048 + 447) * 2
0069++ 87B1             
0070++ 87B1 22 04       		dw	(-0 * 2048 + 529) * 2
0071++ 87B3 DA 04       		dw	(-0 * 2048 + 621) * 2
0072++ 87B5 A2 05       		dw	(-0 * 2048 + 721) * 2
0073++ 87B7 6E 06       		dw	(-0 * 2048 + 823) * 2
0074++ 87B9 52 07       		dw	(-0 * 2048 + 937) * 2
0075++ 87BB 1C 10       		dw	(+1 * 2048 + 14) * 2
0076++ 87BD 98 10       		dw	(+1 * 2048 + 76) * 2
0077++ 87BF 1C 11       		dw	(+1 * 2048 + 142) * 2
0078++ 87C1 A6 11       		dw	(+1 * 2048 + 211) * 2
0079++ 87C3 38 12       		dw	(+1 * 2048 + 284) * 2
0080++ 87C5 D2 12       		dw	(+1 * 2048 + 361) * 2
0081++ 87C7 7E 13       		dw	(+1 * 2048 + 447) * 2
0082++ 87C9             
0083++ 87C9 22 14       		dw	(+1 * 2048 + 529) * 2
0084++ 87CB DA 14       		dw	(+1 * 2048 + 621) * 2
0085++ 87CD A2 15       		dw	(+1 * 2048 + 721) * 2
0086++ 87CF 6E 16       		dw	(+1 * 2048 + 823) * 2
0087++ 87D1 52 17       		dw	(+1 * 2048 + 937) * 2
0088++ 87D3 1C 20       		dw	(+2 * 2048 + 14) * 2
0089++ 87D5 98 20       		dw	(+2 * 2048 + 76) * 2
0090++ 87D7 1C 21       		dw	(+2 * 2048 + 142) * 2
0091++ 87D9 A6 21       		dw	(+2 * 2048 + 211) * 2
0092++ 87DB 38 22       		dw	(+2 * 2048 + 284) * 2
0093++ 87DD D2 22       		dw	(+2 * 2048 + 361) * 2
0094++ 87DF 7E 23       		dw	(+2 * 2048 + 447) * 2
0095++ 87E1             
0096++ 87E1 22 24       		dw	(+2 * 2048 + 529) * 2
0097++ 87E3 DA 24       		dw	(+2 * 2048 + 621) * 2
0098++ 87E5 A2 25       		dw	(+2 * 2048 + 721) * 2
0099++ 87E7 6E 26       		dw	(+2 * 2048 + 823) * 2
0100++ 87E9 52 27       		dw	(+2 * 2048 + 937) * 2
0101++ 87EB 1C 30       		dw	(+3 * 2048 + 14) * 2
0102++ 87ED 98 30       		dw	(+3 * 2048 + 76) * 2
0103++ 87EF 1C 31       		dw	(+3 * 2048 + 142) * 2
0104++ 87F1 A6 31       		dw	(+3 * 2048 + 211) * 2
0105++ 87F3 38 32       		dw	(+3 * 2048 + 284) * 2
0106++ 87F5 D2 32       		dw	(+3 * 2048 + 361) * 2
0107++ 87F7 7E 33       		dw	(+3 * 2048 + 447) * 2
0108++ 87F9             
1695+  87F9             		.include	"freq_table_3.inc"
0001++ 87F9             ;-------------------------------------------------------------------
0002++ 87F9             ; îïèñàíèå:  Òàáëèöà ÷àñòîò äëÿ Turbo-R
0003++ 87F9             ;---------------------------------------------------------------------
0004++ 87F9             MBPlayer_frqtab_turbo: 
0005++ 87F9 6E B3       		dw	(-5 * 2048 + 439) * 2
0006++ 87FB 1C B4       		dw	(-5 * 2048 + 526) * 2
0007++ 87FD D4 B4       		dw	(-5 * 2048 + 618) * 2
0008++ 87FF 98 B5       		dw	(-5 * 2048 + 716) * 2
0009++ 8801 66 B6       		dw	(-5 * 2048 + 819) * 2
0010++ 8803 42 B7       		dw	(-5 * 2048 + 929) * 2
0011++ 8805 14 C0       		dw	(-4 * 2048 + 10) * 2
0012++ 8807 90 C0       		dw	(-4 * 2048 + 72) * 2
0013++ 8809 12 C1       		dw	(-4 * 2048 + 137) * 2
0014++ 880B 9C C1       		dw	(-4 * 2048 + 206) * 2
0015++ 880D 2E C2       		dw	(-4 * 2048 + 279) * 2
0016++ 880F CA C2       		dw	(-4 * 2048 + 357) * 2
0017++ 8811             
0018++ 8811 6E C3       		dw	(-4 * 2048 + 439) * 2
0019++ 8813 1C C4       		dw	(-4 * 2048 + 526) * 2
0020++ 8815 D4 C4       		dw	(-4 * 2048 + 618) * 2
0021++ 8817 98 C5       		dw	(-4 * 2048 + 716) * 2
0022++ 8819 66 C6       		dw	(-4 * 2048 + 819) * 2
0023++ 881B 42 C7       		dw	(-4 * 2048 + 929) * 2
0024++ 881D 14 D0       		dw	(-3 * 2048 + 10) * 2
0025++ 881F 90 D0       		dw	(-3 * 2048 + 72) * 2
0026++ 8821 12 D1       		dw	(-3 * 2048 + 137) * 2
0027++ 8823 9C D1       		dw	(-3 * 2048 + 206) * 2
0028++ 8825 2E D2       		dw	(-3 * 2048 + 279) * 2
0029++ 8827 CA D2       		dw	(-3 * 2048 + 357) * 2
0030++ 8829             
0031++ 8829 6E D3       		dw	(-3 * 2048 + 439) * 2
0032++ 882B 1C D4       		dw	(-3 * 2048 + 526) * 2
0033++ 882D D4 D4       		dw	(-3 * 2048 + 618) * 2
0034++ 882F 98 D5       		dw	(-3 * 2048 + 716) * 2
0035++ 8831 66 D6       		dw	(-3 * 2048 + 819) * 2
0036++ 8833 42 D7       		dw	(-3 * 2048 + 929) * 2
0037++ 8835 14 E0       		dw	(-2 * 2048 + 10) * 2
0038++ 8837 90 E0       		dw	(-2 * 2048 + 72) * 2
0039++ 8839 12 E1       		dw	(-2 * 2048 + 137) * 2
0040++ 883B 9C E1       		dw	(-2 * 2048 + 206) * 2
0041++ 883D 2E E2       		dw	(-2 * 2048 + 279) * 2
0042++ 883F CA E2       		dw	(-2 * 2048 + 357) * 2
0043++ 8841             
0044++ 8841 6E E3       		dw	(-2 * 2048 + 439) * 2
0045++ 8843 1C E4       		dw	(-2 * 2048 + 526) * 2
0046++ 8845 D4 E4       		dw	(-2 * 2048 + 618) * 2
0047++ 8847 98 E5       		dw	(-2 * 2048 + 716) * 2
0048++ 8849 66 E6       		dw	(-2 * 2048 + 819) * 2
0049++ 884B 42 E7       		dw	(-2 * 2048 + 929) * 2
0050++ 884D 14 F0       		dw	(-1 * 2048 + 10) * 2
0051++ 884F 90 F0       		dw	(-1 * 2048 + 72) * 2
0052++ 8851 12 F1       		dw	(-1 * 2048 + 137) * 2
0053++ 8853 9C F1       		dw	(-1 * 2048 + 206) * 2
0054++ 8855 2E F2       		dw	(-1 * 2048 + 279) * 2
0055++ 8857 CA F2       		dw	(-1 * 2048 + 357) * 2
0056++ 8859             
0057++ 8859 6E F3       		dw	(-1 * 2048 + 439) * 2
0058++ 885B 1C F4       		dw	(-1 * 2048 + 526) * 2
0059++ 885D D4 F4       		dw	(-1 * 2048 + 618) * 2
0060++ 885F 98 F5       		dw	(-1 * 2048 + 716) * 2
0061++ 8861 66 F6       		dw	(-1 * 2048 + 819) * 2
0062++ 8863 42 F7       		dw	(-1 * 2048 + 929) * 2
0063++ 8865 14 00       		dw	(-0 * 2048 + 10) * 2
0064++ 8867 90 00       		dw	(-0 * 2048 + 72) * 2
0065++ 8869 12 01       		dw	(-0 * 2048 + 137) * 2
0066++ 886B 9C 01       		dw	(-0 * 2048 + 206) * 2
0067++ 886D 2E 02       		dw	(-0 * 2048 + 279) * 2
0068++ 886F CA 02       		dw	(-0 * 2048 + 357) * 2
0069++ 8871             
0070++ 8871 6E 03       		dw	(-0 * 2048 + 439) * 2
0071++ 8873 1C 04       		dw	(-0 * 2048 + 526) * 2
0072++ 8875 D4 04       		dw	(-0 * 2048 + 618) * 2
0073++ 8877 98 05       		dw	(-0 * 2048 + 716) * 2
0074++ 8879 66 06       		dw	(-0 * 2048 + 819) * 2
0075++ 887B 42 07       		dw	(-0 * 2048 + 929) * 2
0076++ 887D 14 10       		dw	(+1 * 2048 + 10) * 2
0077++ 887F 90 10       		dw	(+1 * 2048 + 72) * 2
0078++ 8881 12 11       		dw	(+1 * 2048 + 137) * 2
0079++ 8883 9C 11       		dw	(+1 * 2048 + 206) * 2
0080++ 8885 2E 12       		dw	(+1 * 2048 + 279) * 2
0081++ 8887 CA 12       		dw	(+1 * 2048 + 357) * 2
0082++ 8889             
0083++ 8889 6E 13       		dw	(+1 * 2048 + 439) * 2
0084++ 888B 1C 14       		dw	(+1 * 2048 + 526) * 2
0085++ 888D D4 14       		dw	(+1 * 2048 + 618) * 2
0086++ 888F 98 15       		dw	(+1 * 2048 + 716) * 2
0087++ 8891 66 16       		dw	(+1 * 2048 + 819) * 2
0088++ 8893 42 17       		dw	(+1 * 2048 + 929) * 2
0089++ 8895 14 20       		dw	(+2 * 2048 + 10) * 2
0090++ 8897 90 20       		dw	(+2 * 2048 + 72) * 2
0091++ 8899 12 21       		dw	(+2 * 2048 + 137) * 2
0092++ 889B 9C 21       		dw	(+2 * 2048 + 206) * 2
0093++ 889D 2E 22       		dw	(+2 * 2048 + 279) * 2
0094++ 889F CA 22       		dw	(+2 * 2048 + 357) * 2
0095++ 88A1             
0096++ 88A1 6E 23       		dw	236Eh
0097++ 88A3 1C 24       		dw  	241Ch ;  
0098++ 88A5 D4 24       		dw 	24D4h
0099++ 88A7 98 25       		dw  	2598h
0100++ 88A9 66 26       		dw  	2666h
0101++ 88AB 42 27       		dw  	2742h
0102++ 88AD 14 30       		dw  	3014h ;  
0103++ 88AF 90 30       		dw  	3090h
0104++ 88B1 12 31       		dw  	3112h
0105++ 88B3 9C 31       		dw  	319Ch
0106++ 88B5 2E 32       		dw  	322Eh ; .
0107++ 88B7 CA 32       		dw 	32CAh
0108++ 88B9             
0109++ 88B9             
1696+  88B9             
1697+  88B9             MBPlayer_waves: 
1698+  88B9                             .incbin		"tall_one_wave.bin"
1699+  8D69             MBPlayer_tones_data: 	
1700+  8D69                             .incbin		"tall_one_table.bin"
1701+  8DA9             
1702+  8DA9             MBPlayer_volume_buffer_1: 	
1703+  8DA9 00          		ds    24
1704+  8DC1             MBPlayer_volume_buffer_2: 	
1705+  8DC1 00          		ds    24
1706+  8DD9             
1707+  8DD9             		.include "patch_table.inc"
0001++ 8DD9             ;-------------------------------------------------------------------
0002++ 8DD9             ; îïèñàíèå:  Patch table
0003++ 8DD9             ;---------------------------------------------------------------------
0004++ 8DD9             MBPlayer_patch_table: 	
0005++ 8DD9 39 8F       		dw	patch_0
0006++ 8DDB 70 8F       		dw	patch_1
0007++ 8DDD A5 8F DE 8F 		dw	patch_2A, patch_2B
0008++ 8DE1 39 8F       		dw	patch_0
0009++ 8DE3 E8 8F       		dw	patch_3B
0010++ 8DE5 1D 90       		dw	patch_4
0011++ 8DE7 29 90 60 90 		dw	patch_5A, patch_5B
0012++ 8DEB 95 90       		dw	patch_6
0013++ 8DED B1 90       		dw	patch_7
0014++ 8DEF C2 90       		dw	patch_8
0015++ 8DF1 CE 90       		dw	patch_9
0016++ 8DF3 D6 90 E2 90 		dw	patch_10A, patch_10B
0017++ 8DF7 EE 90       		dw	patch_11
0018++ 8DF9 F6 90       		dw	patch_12
0019++ 8DFB 05 91       		dw	patch_13
0020++ 8DFD 0D 91       		dw	patch_14
0021++ 8DFF 19 91 23 91 		dw	patch_15A, patch_15B
0022++ 8E03 2D 91       		dw	patch_16
0023++ 8E05 37 91       		dw	patch_17
0024++ 8E07 46 91       		dw	patch_18
0025++ 8E09 64 91       		dw	patch_19
0026++ 8E0B 82 91       		dw	patch_20
0027++ 8E0D 93 91 A4 91 		dw	patch_21A, patch_21B
0028++ 8E11 AE 91       		dw	patch_22
0029++ 8E13 BA 91 C9 91 		dw	patch_23A, patch_23B
0030++ 8E17 D7 91       		dw	patch_24
0031++ 8E19 F7 91       		dw	patch_25
0032++ 8E1B 16 92       		dw	patch_26
0033++ 8E1D 28 92       		dw	patch_27
0034++ 8E1F 55 92       		dw	patch_28
0035++ 8E21 5D 92       		dw	patch_29
0036++ 8E23 6A 92       		dw	patch_30
0037++ 8E25 9C 92       		dw	patch_31
0038++ 8E27 AE 92       		dw	patch_32
0039++ 8E29 BD 92       		dw	patch_33
0040++ 8E2B D4 92       		dw	patch_34
0041++ 8E2D F0 92       		dw	patch_35
0042++ 8E2F 00 93       		dw	patch_36
0043++ 8E31 0A 93       		dw	patch_37
0044++ 8E33 16 93       		dw	patch_38
0045++ 8E35 20 93       		dw	patch_39
0046++ 8E37 28 93       		dw	patch_40
0047++ 8E39 5F 93       		dw	patch_41
0048++ 8E3B A2 93       		dw	patch_42
0049++ 8E3D C2 93       		dw	patch_43
0050++ 8E3F D3 93       		dw	patch_44
0051++ 8E41 F3 93       		dw	patch_45
0052++ 8E43 0F 94       		dw	patch_46
0053++ 8E45 20 94       		dw	patch_47
0054++ 8E47 28 94       		dw	patch_48
0055++ 8E49 44 94       		dw	patch_49
0056++ 8E4B 62 94 72 94 		dw	patch_50A, patch_50B
0057++ 8E4F 80 94 90 94 		dw	patch_51A, patch_51B
0058++ 8E53 98 94       		dw	patch_52
0059++ 8E55 B1 94       		dw	patch_53
0060++ 8E57 C1 94       		dw	patch_54
0061++ 8E59 D1 94       		dw	patch_55
0062++ 8E5B DB 94       		dw	patch_56
0063++ 8E5D FE 94       		dw	patch_57
0064++ 8E5F 12 95       		dw	patch_58
0065++ 8E61 1F 95       		dw	patch_59
0066++ 8E63 30 95       		dw	patch_60
0067++ 8E65 3F 95       		dw	patch_61
0068++ 8E67 4C 95 8D 95 		dw	patch_62A, patch_62B
0069++ 8E6B D2 95 13 96 		dw	patch_63A, patch_63B
0070++ 8E6F 1D 96       		dw	patch_64
0071++ 8E71 3E 96       		dw	patch_65
0072++ 8E73 86 96       		dw	patch_66
0073++ 8E75 AC 96       		dw	patch_67
0074++ 8E77 C3 96       		dw	patch_68
0075++ 8E79 E6 96       		dw	patch_69
0076++ 8E7B FA 96       		dw	patch_70
0077++ 8E7D 0C 97       		dw	patch_71
0078++ 8E7F 25 97       		dw	patch_72
0079++ 8E81 45 97       		dw	patch_73
0080++ 8E83 57 97       		dw	patch_74
0081++ 8E85 63 97       		dw	patch_75
0082++ 8E87 6F 97 7B 97 		dw	patch_76A,patch_76B
0083++ 8E8B 85 97 8D 97 		dw	patch_77A,patch_77B
0084++ 8E8F 99 97       		dw	patch_78
0085++ 8E91 B1 97 D6 97 		dw	patch_80A, patch_80B
0086++ 8E95 FB 97 42 98 		dw	patch_81A, patch_81B
0087++ 8E99 81 98 8D 98 		dw	patch_82A, patch_82B
0088++ 8E9D 9B 98 A7 98 		dw	patch_83A, patch_83B
0089++ 8EA1 AF 98 BE 98 		dw	patch_84A, patch_84B
0090++ 8EA5 05 99 0F 99 		dw	patch_85A, patch_85B
0091++ 8EA9 1D 99 60 99 		dw	patch_86A, patch_86B
0092++ 8EAD 70 99 BE 98 		dw	patch_87A, patch_84B
0093++ 8EB1 78 99 82 99 		dw	patch_88A, patch_88B
0094++ 8EB5 94 99 A0 99 		dw	patch_89A, patch_89B
0095++ 8EB9 A8 99 F1 99 		dw	patch_90A, patch_90B
0096++ 8EBD FD 99 18 9A 		dw	patch_91A, patch_91B
0097++ 8EC1 26 9A 34 9A 		dw	patch_92A, patch_92B
0098++ 8EC5 42 9A 5F 9A 		dw	patch_93A, patch_93B
0099++ 8EC9 6B 9A 73 9A 		dw	patch_94A, patch_94B
0100++ 8ECD 7B 9A C0 9A 		dw	patch_95A, patch_95B
0101++ 8ED1 A5 97       		dw	patch_79
0102++ 8ED3 05 9B       		dw	patch_96
0103++ 8ED5 0D 9B 19 9B 		dw	patch_97A, patch_97B
0104++ 8ED9 2B 9B 35 9B 		dw	patch_98A, patch_98B
0105++ 8EDD 4D 9B 5F 9B 		dw	patch_99A, patch_99B
0106++ 8EE1 81 9B 89 9B 		dw	patch_100A, patch_100B
0107++ 8EE5 95 9B A5 9B 		dw	patch_102A, patch_102B
0108++ 8EE9 B5 9B D4 9B 		dw	patch_103A, patch_103B
0109++ 8EED DC 9B       		dw	patch_104
0110++ 8EEF EE 9B       		dw	patch_105
0111++ 8EF1 0F 9C       		dw	patch_106
0112++ 8EF3 17 9C       		dw	patch_107
0113++ 8EF5 27 9C 36 9C 		dw	patch_109A,patch_109B
0114++ 8EF9 1F 9C       		dw	patch_108
0115++ 8EFB 45 9C       		dw	patch_110
0116++ 8EFD 7A 9C       		dw	patch_111
0117++ 8EFF 86 9C 92 9C 		dw	patch_112A,patch_112B
0118++ 8F03 9A 9C       		dw	patch_113
0119++ 8F05 A2 9C AE 9C 		dw	patch_114A,patch_114B
0120++ 8F09 BE 9C       		dw	patch_115
0121++ 8F0B C8 9C       		dw	patch_116
0122++ 8F0D D0 9C       		dw	patch_117
0123++ 8F0F DC 9C       		dw	patch_118
0124++ 8F11 E4 9C       		dw	patch_119
0125++ 8F13 F0 9C       		dw	patch_120
0126++ 8F15 F8 9C       		dw	patch_121
0127++ 8F17 00 9D 0C 9D 		dw	patch_122A,patch_122B
0128++ 8F1B 1E 9D       		dw	patch_124
0129++ 8F1D 2B 9D 37 9D 		dw	patch_125A,patch_125B
0130++ 8F21 45 9D 51 9D 		dw	patch_126A,patch_126B
0131++ 8F25 5D 9D       		dw	patch_127
0132++ 8F27 6E 9D       		dw	drum_1
0133++ 8F29 83 9D       		dw	drum_2
0134++ 8F2B 98 9D       		dw	drum_3
0135++ 8F2D A8 9D       		dw	drum_4
0136++ 8F2F B0 9D       		dw	drum_5
0137++ 8F31 B8 9D       		dw	drum_6
0138++ 8F33 C0 9D       		dw	drum_7
0139++ 8F35 C8 9D       		dw	drum_8
0140++ 8F37 1E 9E       		dw	drum_midi
0141++ 8F39                    	
0142++ 8F39             
0143++ 8F39             ;--- GM 0 = Ac. Piano ---
0144++ 8F39             
0145++ 8F39             patch_0: 	
0146++ 8F39 01          		db	1	; transpose on
0147++ 8F3A 6E 8F       		dw	patch_0hdr
0148++ 8F3C 10 2C 49    		db	16,02ch,1 + 36 * 2	; tone 300
0149++ 8F3F 15 AF       		dw	frq_842
0150++ 8F41 16 2D 69    		db	22,02dh,1 + 52 * 2	; tone 301
0151++ 8F44 AD A7       		dw	frq_363
0152++ 8F46 1C 2E 5D    		db	28,02eh,1 + 46 * 2	; tone 302
0153++ 8F49 F5 AD       		dw	frq_810
0154++ 8F4B 22 2F 69    		db	34,02fh,1 + 52 * 2	; tone 303
0155++ 8F4E 25 A8       		dw	frq_369
0156++ 8F50 28 30 5D    		db	40,030h,1 + 46 * 2	; tone 304
0157++ 8F53 4D AD       		dw	frq_726
0158++ 8F55 2E 31 69    		db	46,031h,1 + 52 * 2	; tone 305
0159++ 8F58 6D A5       		dw	frq_290
0160++ 8F5A 34 32 75    		db	52,032h,1 + 58 * 2	; tone 306
0161++ 8F5D CD 9F       		dw	frq_21
0162++ 8F5F 3B 33 69    		db	59,033h,1 + 52 * 2	; tone 307
0163++ 8F62 25 A5       		dw	frq_286
0164++ 8F64 41 34 5F    		db	65,034h,1 + 47 * 2	; tone 308
0165++ 8F67 0D B1       		dw	frq_941
0166++ 8F69 FF 35 83    		db	255,035h,1 + 65 * 2	; tone 309
0167++ 8F6C CD A2       		dw	frq_191
0168++ 8F6E                    	
0169++ 8F6E             patch_0hdr: 
0170++ 8F6E 20 FF       		db	020h,0ffh
0171++ 8F70             
0172++ 8F70             
0173++ 8F70             ;--- GM 1 = Bright Acoustic Piano ---
0174++ 8F70             
0175++ 8F70             patch_1: 
0176++ 8F70 01          		db	1	; transpose on
0177++ 8F71 6E 8F       		dw	patch_0hdr	
0178++ 8F73 16 2C 49    		db	22,02ch,1 + 36 * 2	; tone 300
0179++ 8F76 15 AF       		dw	frq_842
0180++ 8F78 1C 2D 75    		db	28,02dh,1 + 58 * 2	; tone 301
0181++ 8F7B AD A7       		dw	frq_363
0182++ 8F7D 22 2E 69    		db	34,02eh,1 + 52 * 2	; tone 302
0183++ 8F80 DD AD       		dw	frq_809
0184++ 8F82 28 2F 75    		db	40,02fh,1 + 58 * 2	; tone 303
0185++ 8F85 25 A8       		dw	frq_369
0186++ 8F87 2E 30 69    		db	46,030h,1 + 52 * 2	; tone 304
0187++ 8F8A 4D AD       		dw	frq_726
0188++ 8F8C 34 31 75    		db	52,031h,1 + 58 * 2	; tone 305
0189++ 8F8F 6D A5       		dw	frq_290
0190++ 8F91 3B 32 81    		db	59,032h,1 + 64 * 2	; tone 306
0191++ 8F94 CD 9F       		dw	frq_21
0192++ 8F96 41 33 77    		db	65,033h,1 + 59 * 2	; tone 307
0193++ 8F99 25 A5       		dw	frq_286
0194++ 8F9B 47 34 6B    		db	71,034h,1 + 53 * 2	; tone 308
0195++ 8F9E 0D B1       		dw	frq_941
0196++ 8FA0 FF 35 8F    		db	255,035h,1 + 71 * 2	; tone 309
0197++ 8FA3 CD A2       		dw	frq_191
0198++ 8FA5             
0199++ 8FA5             
0200++ 8FA5             ;--- GM 2 = Elec. Grand Piano ---
0201++ 8FA5             ; A = v104
0202++ 8FA5             ; B = v98
0203++ 8FA5             
0204++ 8FA5             patch_2A: 
0205++ 8FA5 01          		db	1	; transpose on
0206++ 8FA6 DA 8F       		dw	patch_2Ahdr
0207++ 8FA8 16 2C 49    		db	22,02ch,1 + 36 * 2	; tone 300
0208++ 8FAB 45 AF       		dw	frq_844
0209++ 8FAD 1C 2D 75    		db	28,02dh,1 + 58 * 2	; tone 301
0210++ 8FB0 C5 A7       		dw	frq_364
0211++ 8FB2 22 2E 69    		db	34,02eh,1 + 52 * 2	; tone 302
0212++ 8FB5 0D AE       		dw	frq_811
0213++ 8FB7 28 2F 75    		db	40,02fh,1 + 58 * 2	; tone 303
0214++ 8FBA 3D A8       		dw	frq_370
0215++ 8FBC 2E 30 69    		db	46,030h,1 + 52 * 2	; tone 304
0216++ 8FBF 65 AD       		dw	frq_727
0217++ 8FC1 34 31 75    		db	52,031h,1 + 58 * 2	; tone 305
0218++ 8FC4 85 A5       		dw	frq_291
0219++ 8FC6 3B 32 81    		db	59,032h,1 + 64 * 2	; tone 306
0220++ 8FC9 E5 9F       		dw	frq_22
0221++ 8FCB 41 33 77    		db	65,033h,1 + 59 * 2	; tone 307
0222++ 8FCE 3D A5       		dw	frq_287
0223++ 8FD0 47 34 6B    		db	71,034h,1 + 53 * 2	; tone 308
0224++ 8FD3 25 B1       		dw	frq_942
0225++ 8FD5 FF 35 8F    		db	255,035h,1 + 71 * 2	; tone 309
0226++ 8FD8 E5 A2       		dw	frq_192
0227++ 8FDA                    	
0228++ 8FDA             patch_2Ahdr: 
0229++ 8FDA 20 C8 07 FF 		db	020h,0c8h,007h,0ffh
0230++ 8FDE             
0231++ 8FDE             patch_2B: 	
0232++ 8FDE 01          		db	1	; transpose on
0233++ 8FDF E6 8F       		dw	patch_2Bhdr
0234++ 8FE1 FF 6C 48    		db	255,108,36 * 2
0235++ 8FE4 C5 A1       		dw	frq_113
0236++ 8FE6                    	
0237++ 8FE6             patch_2Bhdr: 	
0238++ 8FE6 28 FF       		db	028h,0ffh
0239++ 8FE8             
0240++ 8FE8             
0241++ 8FE8             ;--- GM 3 = Honky Tonk, met patch#0 ---
0242++ 8FE8             ; gelijk volume
0243++ 8FE8             
0244++ 8FE8             patch_3B: 	
0245++ 8FE8 01          		db	1	; transpose on
0246++ 8FE9 6E 8F       		dw	patch_0hdr	
0247++ 8FEB 10 2C 49    		db	16,02ch,1 + 36 * 2	; tone 300
0248++ 8FEE 75 AF       		dw	frq_852
0249++ 8FF0 16 2D 69    		db	22,02dh,1 + 52 * 2	; tone 301
0250++ 8FF3 1D A7       		dw	frq_355
0251++ 8FF5 1C 2E 5D    		db	28,02eh,1 + 46 * 2	; tone 302
0252++ 8FF8 3D AE       		dw	frq_820
0253++ 8FFA 22 2F 69    		db	34,02fh,1 + 52 * 2	; tone 303
0254++ 8FFD 7D A7       		dw	frq_360
0255++ 8FFF 28 30 5D    		db	40,030h,1 + 46 * 2	; tone 304
0256++ 9002 95 AD       		dw	frq_737
0257++ 9004 2E 31 69    		db	46,031h,1 + 52 * 2	; tone 305
0258++ 9007 0D A5       		dw	frq_282
0259++ 9009 34 32 75    		db	52,032h,1 + 58 * 2	; tone 306
0260++ 900C 2D A0       		dw	frq_27
0261++ 900E 3B 33 69    		db	59,033h,1 + 52 * 2	; tone 307
0262++ 9011 0D A5       		dw	frq_282
0263++ 9013 41 34 5F    		db	65,034h,1 + 47 * 2	; tone 308
0264++ 9016 9D B1       		dw	frq_952
0265++ 9018 FF 35 83    		db	255,035h,1 + 65 * 2	; tone 309
0266++ 901B 85 A2       		dw	frq_184
0267++ 901D                    	
0268++ 901D             ;--- GM 4 = Elec. Piano 1 (+ 2B?) ---
0269++ 901D             ; Eigenlijk samen met tone 11, maar slaat nergens op
0270++ 901D             
0271++ 901D             patch_4: 
0272++ 901D 01          		db	1	; transpose on
0273++ 901E 25 90       		dw	patch_4hdr
0274++ 9020 FF 6C 48    		db	255,108,36 * 2
0275++ 9023 C5 A1       		dw	frq_113
0276++ 9025                    	
0277++ 9025             patch_4hdr: 
0278++ 9025 22 C8 48 FF 		db	022h,0c8h,048h,0ffh
0279++ 9029                    	
0280++ 9029             
0281++ 9029             ;--- GM 5 = Elec. Piano 2 ---
0282++ 9029             ; volumes gelijk
0283++ 9029             
0284++ 9029             patch_5A: 	
0285++ 9029 01          		db	1	; transpose on
0286++ 902A 5E 90       		dw	patch_5Ahdr
0287++ 902C 10 2C 49    		db	16,02ch,1 + 36 * 2	; tone 300
0288++ 902F 45 AF       		dw	frq_844
0289++ 9031 16 2D 69    		db	22,02dh,1 + 52 * 2	; tone 301
0290++ 9034 C5 A7       		dw	frq_364
0291++ 9036 1C 2E 5D    		db	28,02eh,1 + 46 * 2	; tone 302
0292++ 9039 0D AE       		dw	frq_811
0293++ 903B 22 2F 69    		db	34,02fh,1 + 52 * 2	; tone 303
0294++ 903E 3D A8       		dw	frq_370
0295++ 9040 28 30 5D    		db	40,030h,1 + 46 * 2	; tone 304
0296++ 9043 65 AD       		dw	frq_727
0297++ 9045 2E 31 69    		db	46,031h,1 + 52 * 2	; tone 305
0298++ 9048 85 A5       		dw	frq_291
0299++ 904A 34 32 75    		db	52,032h,1 + 58 * 2	; tone 306
0300++ 904D E5 9F       		dw	frq_22
0301++ 904F 3B 33 69    		db	59,033h,1 + 52 * 2	; tone 307
0302++ 9052 3D A5       		dw	frq_287
0303++ 9054 41 34 5F    		db	65,034h,1 + 47 * 2	; tone 308
0304++ 9057 25 B1       		dw	frq_942
0305++ 9059 FF 35 83    		db	255,035h,1 + 65 * 2	; tone 309
0306++ 905C E5 A2       		dw	frq_192
0307++ 905E             
0308++ 905E             patch_5Ahdr: 	
0309++ 905E 1B FF       		db	01bh,0ffh
0310++ 9060             
0311++ 9060             patch_5B: 	
0312++ 9060 01          		db	1	; transpose on
0313++ 9061 5E 90       		dw	patch_5Ahdr
0314++ 9063 16 2C 49    		db	22,02ch,1 + 36 * 2	; tone 300
0315++ 9066 15 AF       		dw	frq_842
0316++ 9068 1C 2D 75    		db	28,02dh,1 + 58 * 2	; tone 301
0317++ 906B AD A7       		dw	frq_363
0318++ 906D 22 2E 69    		db	34,02eh,1 + 52 * 2	; tone 302
0319++ 9070 DD AD       		dw	frq_809
0320++ 9072 28 2F 75    		db	40,02fh,1 + 58 * 2	; tone 303
0321++ 9075 25 A8       		dw	frq_369
0322++ 9077 2E 30 69    		db	46,030h,1 + 52 * 2	; tone 304
0323++ 907A 4D AD       		dw	frq_726
0324++ 907C 34 31 75    		db	52,031h,1 + 58 * 2	; tone 305
0325++ 907F 6D A5       		dw	frq_290
0326++ 9081 3B 32 81    		db	59,032h,1 + 64 * 2	; tone 306
0327++ 9084 CD 9F       		dw	frq_21
0328++ 9086 41 33 77    		db	65,033h,1 + 59 * 2	; tone 307
0329++ 9089 25 A5       		dw	frq_286
0330++ 908B 47 34 6B    		db	71,034h,1 + 53 * 2	; tone 308
0331++ 908E 0D B1       		dw	frq_941
0332++ 9090 FF 35 8F    		db	255,035h,1 + 71 * 2	; tone 309
0333++ 9093 CD A2       		dw	frq_191
0334++ 9095             
0335++ 9095             
0336++ 9095             ;--- GM 6 = Harpsichord ---
0337++ 9095             
0338++ 9095             patch_6: 	
0339++ 9095 01          		db	1	; transpose on
0340++ 9096 6E 8F       		dw	patch_0hdr
0341++ 9098 22 80 30    		db	34,128,24 * 2
0342++ 909B 55 A5       		dw	frq_288
0343++ 909D 28 81 5C    		db	40,129,46 * 2
0344++ 90A0 5D AF       		dw	frq_847
0345++ 90A2 2E 82 68    		db	46,130,52 * 2
0346++ 90A5 55 A5       		dw	frq_288
0347++ 90A7 36 83 5C    		db	54,131,46 * 2
0348++ 90AA 6D AE       		dw	frq_823
0349++ 90AC FF 84 54    		db	255,132,42 * 2
0350++ 90AF 6D AE       		dw	frq_823
0351++ 90B1             
0352++ 90B1             
0353++ 90B1             ;--- GM 7 = Clavi ---
0354++ 90B1             
0355++ 90B1             patch_7: 	
0356++ 90B1 01          		db	1	; transpose on
0357++ 90B2 BE 90       		dw	patch_7hdr
0358++ 90B4 3A 27 30    		db	58,39,24 * 2
0359++ 90B7 2D A3       		dw	frq_203
0360++ 90B9 FF 28 8C    		db	255,40,70 * 2	; was andere header!
0361++ 90BC BD A3       		dw	frq_215
0362++ 90BE             patch_7hdr: 	
0363++ 90BE 28 C8 2B FF 		db	028h,0c8h,02bh,0ffh
0364++ 90C2             
0365++ 90C2             
0366++ 90C2             ;--- GM 8 = Celesta ---
0367++ 90C2             
0368++ 90C2             patch_8: 	
0369++ 90C2 01          		db	1	; transpose on
0370++ 90C3 CA 90       		dw	patch_8hdr
0371++ 90C5 FF 2B 18    		db	255,43,12 * 2
0372++ 90C8 65 A1       		dw	frq_94
0373++ 90CA             patch_8hdr: 	
0374++ 90CA 20 E0 03 FF 		db	020h,0e0h,3,0ffh
0375++ 90CE             
0376++ 90CE             
0377++ 90CE             ;--- GM 9 = Glockenspiel ---
0378++ 90CE             
0379++ 90CE             patch_9: 	
0380++ 90CE 01          		db	1	; transpose on
0381++ 90CF E6 8F       		dw	patch_2Bhdr
0382++ 90D1 FF F3 00    		db	255,243,0 * 2
0383++ 90D4 0D A2       		dw	frq_141
0384++ 90D6             
0385++ 90D6             ;--- GM 10 = Music Box ---
0386++ 90D6             
0387++ 90D6             patch_10A: 	
0388++ 90D6 01          		db	1	; transpose on
0389++ 90D7 DE 90       		dw	patch_10Ahdr
0390++ 90D9 FF F3 18    		db	255,243,12 * 2
0391++ 90DC 25 A2       		dw	frq_143
0392++ 90DE             patch_10Ahdr: 	
0393++ 90DE 20 98 A6 FF 		db	020h,098h,0a6h,0ffh
0394++ 90E2             
0395++ 90E2             patch_10B: 	
0396++ 90E2 01          		db	1	; transpose on
0397++ 90E3 EA 90       		dw	patch_10Bhdr
0398++ 90E5 FF 01 31    		db	255,1,1 + 24 * 2	; tone 257
0399++ 90E8 D5 A0       		dw	frq_79
0400++ 90EA             patch_10Bhdr: 	
0401++ 90EA 20 98 D4 FF 		db	020h,098h,0d4h,0ffh
0402++ 90EE             
0403++ 90EE             
0404++ 90EE             ;--- GM 11 = Vibraphone ---
0405++ 90EE             
0406++ 90EE             patch_11: 	
0407++ 90EE 01          		db	1	; transpose on
0408++ 90EF E6 8F       		dw	patch_2Bhdr
0409++ 90F1 FF 01 31    		db	255,1,1 + 24 * 2	; tone 257
0410++ 90F4 ED A0       		dw	frq_82
0411++ 90F6             
0412++ 90F6             ;--- GM 12 = Marimba ---
0413++ 90F6             
0414++ 90F6             patch_12: 	
0415++ 90F6 01          		db	1	; transpose on
0416++ 90F7 03 91       		dw	patch_12hdr
0417++ 90F9 28 F4 30    		db	40,244, 24 * 2
0418++ 90FC ED A0       		dw	frq_82
0419++ 90FE FF F5 68    		db	255,245, 52 * 2	; was andere header!
0420++ 9101 75 A0       		dw	frq_69
0421++ 9103             patch_12hdr: 	
0422++ 9103 38 FF       		db	038h,0ffh
0423++ 9105             
0424++ 9105             ;--- GM 13 = Xylophone ---
0425++ 9105             
0426++ 9105             patch_13: 	
0427++ 9105 01          		db	1	; transpose on
0428++ 9106 03 91       		dw	patch_12hdr
0429++ 9108 FF 36 01    		db	255,36h, 1 + 0 * 2	; tone 310
0430++ 910B 65 A1       		dw	frq_94
0431++ 910D             
0432++ 910D             
0433++ 910D             ;--- GM 14 = Tubular Bells ---
0434++ 910D             
0435++ 910D             patch_14: 	
0436++ 910D 01          		db	1	; transpose on
0437++ 910E 15 91       		dw	patch_14hdr
0438++ 9110 FF FF 18    		db	255,255, 12 * 2
0439++ 9113 7D AA       		dw	frq_532
0440++ 9115             patch_14hdr: 	
0441++ 9115 21 E0 01 FF 		db	021h,0e0h,1,0ffh
0442++ 9119             
0443++ 9119             ;--- GM 15 = Dulcimer ---
0444++ 9119             
0445++ 9119             patch_15A: 	
0446++ 9119 01          		db	1	; transpose on
0447++ 911A 21 91       		dw	patch_15Ahdr
0448++ 911C FF 3F 18    		db	255,63, 12 * 2
0449++ 911F 05 AD       		dw	frq_708
0450++ 9121             patch_15Ahdr: 	
0451++ 9121 29 FF       		db	029h,0ffh
0452++ 9123             
0453++ 9123             patch_15B: 	
0454++ 9123 01          		db	1
0455++ 9124 2B 91       		dw	patch_15Bhdr
0456++ 9126 FF 40 18    		db	255,64, 12 * 2
0457++ 9129 05 AD       		dw	frq_708
0458++ 912B             patch_15Bhdr: 	
0459++ 912B 2A FF       		db	02ah,0ffh
0460++ 912D             
0461++ 912D             ;--- GM 16 = Drawbar organ ---
0462++ 912D             
0463++ 912D             patch_16: 	
0464++ 912D 01          		db	1	; transpose on
0465++ 912E 35 91       		dw	patch_16hdr
0466++ 9130 FF 8E 18    		db	255,142,12 * 2
0467++ 9133 FD AE       		dw	frq_835
0468++ 9135             patch_16hdr: 	
0469++ 9135 3A FF       		db	03ah,0ffh
0470++ 9137             
0471++ 9137             ;--- GM 17 = Percussive organ ---
0472++ 9137             
0473++ 9137             patch_17: 	
0474++ 9137 01          		db	1	; transpose on
0475++ 9138 44 91       		dw	patch_17hdr
0476++ 913A 24 8C 30    		db	36,140, 24 * 2
0477++ 913D 6D B1       		dw	frq_950
0478++ 913F FF 8D 48    		db	255,141, 36 * 2
0479++ 9142 3D B1       		dw	frq_944
0480++ 9144             patch_17hdr: 	
0481++ 9144 3B FF       		db	03bh,0ffh
0482++ 9146             
0483++ 9146             ;--- GM 18 = Rock Organ ---
0484++ 9146             
0485++ 9146             patch_18: 	
0486++ 9146 01          		db	1	; transpose on
0487++ 9147 62 91       		dw	patch_18hdr
0488++ 9149 19 28 49    		db	25,28h, 1 + 36 * 2	; tone 296
0489++ 914C 05 A4       		dw	frq_219
0490++ 914E 25 29 63    		db	37,29h, 1 + 49 * 2	; tone 297
0491++ 9151 1D A4       		dw	frq_220
0492++ 9153 31 2A 63    		db	49,2ah, 1 + 49 * 2	; tone 298
0493++ 9156 ED A3       		dw	frq_217
0494++ 9158 3D 2B 63    		db	61,2bh, 1 + 49 * 2	; tone 299
0495++ 915B A5 A3       		dw	frq_214
0496++ 915D FF 27 63    		db	255,27h, 1 + 49 * 2	; tone 295
0497++ 9160 BD A3       		dw	frq_215
0498++ 9162             patch_18hdr: 	
0499++ 9162 39 FF       		db	039h,0ffh
0500++ 9164             
0501++ 9164             ;--- GM 19 = Church organ ---
0502++ 9164             
0503++ 9164             patch_19: 	
0504++ 9164 01          		db	1	; transpose on
0505++ 9165 80 91       		dw	patch_19hdr
0506++ 9167 12 87 48    		db	18,135, 36 * 2
0507++ 916A FD AE       		dw	frq_835
0508++ 916C 19 88 6C    		db	25,136, 54 * 2
0509++ 916F 3D A2       		dw	frq_155
0510++ 9171 21 89 62    		db	33,137, 49 * 2
0511++ 9174 A5 A9       		dw	frq_459
0512++ 9176 2A 8A 5A    		db	42,138, 45 * 2
0513++ 9179 5D AF       		dw	frq_847
0514++ 917B FF 8B 6C    		db	255,139, 54 * 2
0515++ 917E 6D A2       		dw	frq_167
0516++ 9180             patch_19hdr: 	
0517++ 9180 11 FF       		db	011h,0ffh
0518++ 9182             
0519++ 9182             
0520++ 9182             ;--- GM 20 = Reed Organ ---
0521++ 9182             
0522++ 9182             patch_20: 	
0523++ 9182 01          		db	1	; transpose on
0524++ 9183 8F 91       		dw	patch_20hdr
0525++ 9185 3C AC 30    		db	60,172, 24 * 2
0526++ 9188 3D AB       		dw	frq_557
0527++ 918A FF AD 78    		db	255,173, 60 * 2
0528++ 918D 25 AB       		dw	frq_556
0529++ 918F             patch_20hdr: 	
0530++ 918F 38 E0 01 FF 		db	038h,0e0h,1,0ffh
0531++ 9193             
0532++ 9193             ;--- GM 21 = Accordion ---
0533++ 9193             
0534++ 9193             patch_21A: 	
0535++ 9193 01          		db	1	; transpose on
0536++ 9194 A0 91       		dw	patch_21Ahdr
0537++ 9196 35 06 18    		db	53,6, 12 * 2
0538++ 9199 65 AD       		dw	frq_727
0539++ 919B FF 07 52    		db	255,7, 41 * 2
0540++ 919E 5D B2       		dw	frq_1018
0541++ 91A0             patch_21Ahdr: 	
0542++ 91A0 22 E0 00 FF 		db	022h,0e0h,0,0ffh
0543++ 91A4             
0544++ 91A4             patch_21B: 	
0545++ 91A4 01          		db	1	; transpose on
0546++ 91A5 AC 91       		dw	patch_21Bhdr
0547++ 91A7 FF 70 18    		db	255,112, 12 * 2
0548++ 91AA E5 AE       		dw	frq_833
0549++ 91AC             patch_21Bhdr: 	
0550++ 91AC 23 FF       		db	023h,0ffh
0551++ 91AE             
0552++ 91AE             ;--- GM 22 = Harmonica ---
0553++ 91AE             
0554++ 91AE             patch_22: 	
0555++ 91AE 01          		db	1	; transpose on
0556++ 91AF B6 91       		dw	patch_22hdr
0557++ 91B1 FF 70 18    		db	255,112, 12 * 2
0558++ 91B4 5D AF       		dw	frq_847
0559++ 91B6             patch_22hdr: 	
0560++ 91B6 30 E0 02 FF 		db	030h,0e0h,2,0ffh
0561++ 91BA             
0562++ 91BA             ;--- GM 23 = Tango Accordion ---
0563++ 91BA             
0564++ 91BA             patch_23A: 	
0565++ 91BA 01          		db	1	; transpose on
0566++ 91BB C7 91       		dw	patch_23Ahdr
0567++ 91BD 3C AC 30    		db	60,172, 24 * 2
0568++ 91C0 6D AB       		dw	frq_559
0569++ 91C2 FF AD 78    		db	255,173, 60 * 2
0570++ 91C5 55 AB       		dw	frq_558
0571++ 91C7             patch_23Ahdr: 	
0572++ 91C7 38 FF       		db	038h,0ffh
0573++ 91C9             
0574++ 91C9             patch_23B: 	
0575++ 91C9 01          		db	1
0576++ 91CA D1 91       		dw	patch_23Bhdr
0577++ 91CC FF 41 60    		db	255,65, 48 * 2
0578++ 91CF 45 A9       		dw	frq_445
0579++ 91D1             patch_23Bhdr: 	
0580++ 91D1             		db	03ah,098h,075h,0B0h,000h,0ffh
0580++ 91D1 3A9875B000FF
0581++ 91D7             
0582++ 91D7             ;--- GM 24 = Nylon Ac. Gtr ---
0583++ 91D7             
0584++ 91D7             patch_24: 	
0585++ 91D7 01          		db	1	; transpose on
0586++ 91D8 F3 91       		dw	patch_24hdr
0587++ 91DA 18 B3 48    		db	24,179, 36 * 2
0588++ 91DD A5 A9       		dw	frq_459
0589++ 91DF 1F B7 60    		db	31,183, 48 * 2
0590++ 91E2 0D AB       		dw	frq_555
0591++ 91E4 25 B5 6E    		db	37,181, 55 * 2
0592++ 91E7 CD 9F       		dw	frq_21
0593++ 91E9 2C B4 62    		db	44,180, 49 * 2
0594++ 91EC A5 A9       		dw	frq_459
0595++ 91EE FF B6 58    		db	255,182, 44 * 2
0596++ 91F1 4D AD       		dw	frq_726
0597++ 91F3             patch_24hdr: 	
0598++ 91F3 28 C8 09 FF 		db	028h,0c8h,9,0ffh
0599++ 91F7             
0600++ 91F7             
0601++ 91F7             ;--- GM 26 = Steel Ac. Gtr ---
0602++ 91F7             
0603++ 91F7             patch_25: 	
0604++ 91F7 01          		db	1	; transpose on
0605++ 91F8 0E 92       		dw	patch_25hdr
0606++ 91FA 1A 0C 48    		db	26,12,36 * 2	;was andere header
0607++ 91FD 15 A9       		dw	frq_442
0608++ 91FF 21 0D 64    		db	33,13,50 * 2	; "
0609++ 9202 5D A9       		dw	frq_448
0610++ 9204 30 0E 5A    		db	48,14,45 * 2	; "
0611++ 9207 6D AE       		dw	frq_823
0612++ 9209 FF 0F 60    		db	255,15,48 * 2	; "
0613++ 920C 6D AE       		dw	frq_823
0614++ 920E             patch_25hdr: 	
0615++ 920E             		db	028h,098h,0f6h,0b0h,034h,0c8h,9h,0ffh
0615++ 920E 2898F6B034C809FF
0616++ 9216             
0617++ 9216             
0618++ 9216             ;--- GM 26 = Elec Jazz Gtr ---
0619++ 9216             
0620++ 9216             patch_26: 	
0621++ 9216 01          		db	1	; transpose on
0622++ 9217 E6 8F       		dw	patch_2Bhdr
0623++ 9219 1A 5A 48    		db	26,90, 36 * 2
0624++ 921C 55 A8       		dw	frq_373
0625++ 921E 28 5B 64    		db	40,91, 50 * 2
0626++ 9221 25 A2       		dw	frq_143
0627++ 9223 FF 5C 68    		db	255,92, 52 * 2
0628++ 9226 8D A0       		dw	frq_70
0629++ 9228             
0630++ 9228             
0631++ 9228             ;--- GM 27 = Elec Clean Gtr ---
0632++ 9228             
0633++ 9228             patch_27: 	
0634++ 9228 01          		db	1	; transpose on
0635++ 9229 53 92       		dw	patch_27hdr
0636++ 922B 15 61 48    		db	21,97, 36 * 2
0637++ 922E 4D AA       		dw	frq_519
0638++ 9230 1A 60 72    		db	26,96, 57 * 2
0639++ 9233 25 A2       		dw	frq_143
0640++ 9235 21 63 64    		db	33,99, 50 * 2
0641++ 9238 D5 AC       		dw	frq_701
0642++ 923A 28 62 72    		db	40,98, 57 * 2
0643++ 923D 6D 9F       		dw	frq_9
0644++ 923F 2D 65 68    		db	45,101, 52 * 2
0645++ 9242 35 AA       		dw	frq_508
0646++ 9244 34 64 72    		db	52,100, 57 * 2
0647++ 9247 DD A1       		dw	frq_118
0648++ 9249 3D 66 68    		db	61,102, 52 * 2
0649++ 924C 65 AA       		dw	frq_531
0650++ 924E FF 67 62    		db	255,103, 49 * 2
0651++ 9251 6D AE       		dw	frq_823
0652++ 9253             patch_27hdr: 	
0653++ 9253 29 FF       		db	029h,0ffh
0654++ 9255             
0655++ 9255             
0656++ 9255             ;--- GM 28 = Muted Gtr ---
0657++ 9255             
0658++ 9255             patch_28: 	
0659++ 9255 01          		db	1	; transpose on
0660++ 9256 E6 8F       		dw	patch_2Bhdr
0661++ 9258 FF 68 18    		db	255,104, 12 * 2
0662++ 925B 5D AF       		dw	frq_847
0663++ 925D             
0664++ 925D             
0665++ 925D             ;--- GM 29 = Overdriven Gtr ---
0666++ 925D             
0667++ 925D             patch_29: 	
0668++ 925D 01          		db	1	; transpose on
0669++ 925E 53 92       		dw	patch_27hdr
0670++ 9260 29 A5 48    		db	41,165, 36 * 2
0671++ 9263 4D A4       		dw	frq_228
0672++ 9265 FF A6 82    		db	255,166, 65 * 2
0673++ 9268 A5 A9       		dw	frq_459
0674++ 926A             
0675++ 926A             ;--- GM 30 = Distortion Gtr ---
0676++ 926A             
0677++ 926A             patch_30: 	
0678++ 926A 01          		db	1	; transpose on
0679++ 926B 9A 92       		dw	patch_30hdr
0680++ 926D 13 51 48    		db	19,81, 36 * 2
0681++ 9270 E5 A8       		dw	frq_434
0682++ 9272 17 52 6E    		db	23,82, 55 * 2
0683++ 9275 25 A2       		dw	frq_143
0684++ 9277 1B 53 5E    		db	27,83, 47 * 2
0685++ 927A 5D AF       		dw	frq_847
0686++ 927C 1F 54 66    		db	31,84, 51 * 2
0687++ 927F E5 A8       		dw	frq_434
0688++ 9281 23 55 6E    		db	35,85, 55 * 2
0689++ 9284 25 A2       		dw	frq_143
0690++ 9286 27 56 5E    		db	39,86, 47 * 2
0691++ 9289 5D AF       		dw	frq_847
0692++ 928B 2B 57 66    		db	43,87, 51 * 2
0693++ 928E A5 A9       		dw	frq_459
0694++ 9290 2F 58 6E    		db	47,88, 55 * 2
0695++ 9293 25 A2       		dw	frq_143
0696++ 9295 FF 59 5E    		db	255,89, 47 * 2
0697++ 9298 C5 AD       		dw	frq_775
0698++ 929A             patch_30hdr: 	
0699++ 929A 21 FF       		db	021h,0ffh
0700++ 929C             
0701++ 929C             ;--- GM 31 = Gtr Harmonics ---
0702++ 929C             
0703++ 929C             patch_31: 	
0704++ 929C 01          		db	1	; transpose on
0705++ 929D E6 8F       		dw	patch_2Bhdr
0706++ 929F 2D 5E 30    		db	45,94, 24 * 2
0707++ 92A2 1D AA       		dw	frq_507
0708++ 92A4 32 5D 8A    		db	50,93, 69 * 2
0709++ 92A7 DD A1       		dw	frq_118
0710++ 92A9 FF 5F 7C    		db	255,95, 62 * 2
0711++ 92AC 4D AD       		dw	frq_726
0712++ 92AE             
0713++ 92AE             ;--- GM 32 = Acoustic Bass ---
0714++ 92AE             
0715++ 92AE             patch_32: 	
0716++ 92AE 01          		db	1	; transpose on
0717++ 92AF BB 92       		dw	patch_32hdr
0718++ 92B1 19 04 60    		db	25,4, 48 * 2
0719++ 92B4 B5 A2       		dw	frq_188
0720++ 92B6 FF 05 62    		db	255,5, 49 * 2
0721++ 92B9 8D A0       		dw	frq_70
0722++ 92BB             patch_32hdr: 	
0723++ 92BB 18 FF       		db	018h,0ffh
0724++ 92BD             
0725++ 92BD             
0726++ 92BD             ;--- GM 33 = Elec. Bass (finger) ---
0727++ 92BD             
0728++ 92BD             patch_33: 	
0729++ 92BD 01          		db	1	; transpose on
0730++ 92BE BB 92       		dw	patch_32hdr
0731++ 92C0 09 4A 60    		db	9,74,48 * 2
0732++ 92C3 2D AC       		dw	frq_645
0733++ 92C5 0E 4B 72    		db	14,75,57 * 2
0734++ 92C8 35 A4       		dw	frq_221
0735++ 92CA 13 4C 64    		db	19,76,50 * 2
0736++ 92CD 2D AF       		dw	frq_843
0737++ 92CF FF 4D 6E    		db	255,77,55 * 2
0738++ 92D2 6D A8       		dw	frq_378
0739++ 92D4             
0740++ 92D4             
0741++ 92D4             ;--- GM 34 = Elec. Bass (pick) ---
0742++ 92D4             
0743++ 92D4             patch_34: 	
0744++ 92D4 01          		db	1	; transpose on
0745++ 92D5 BB 92       		dw	patch_32hdr
0746++ 92D7 0C 4F 60    		db	12,79,48 * 2
0747++ 92DA F5 A1       		dw	frq_135
0748++ 92DC 13 50 60    		db	19,80,48 * 2
0749++ 92DF 1D AD       		dw	frq_715
0750++ 92E1 18 6B 6E    		db	24,107,55 * 2
0751++ 92E4 C5 A4       		dw	frq_264
0752++ 92E6 30 69 60    		db	48,105,48 * 2
0753++ 92E9 1D B0       		dw	frq_921
0754++ 92EB FF 6A 90    		db	255,106,72 * 2
0755++ 92EE E5 A8       		dw	frq_434
0756++ 92F0             
0757++ 92F0             ;--- GM 35 = Fretless Bass ---
0758++ 92F0             
0759++ 92F0             patch_35: 	
0760++ 92F0 01          		db	1	; transpose on
0761++ 92F1 F8 92       		dw	patch_35hdr
0762++ 92F3 FF 4E 30    		db	255,78,24 * 2
0763++ 92F6 55 A8       		dw	frq_373
0764++ 92F8             patch_35hdr: 	
0765++ 92F8             		db	010h,098h,0f3h,0b0h,063h,0c8h,019h,0ffh
0765++ 92F8 1098F3B063C819FF
0766++ 9300             
0767++ 9300             ;--- GM 36 = Slap Bass 1 ---
0768++ 9300             
0769++ 9300             patch_36: 	
0770++ 9300 01          		db	1	; transpose on
0771++ 9301 08 93       		dw	patch_36hdr
0772++ 9303 FF A3 4E    		db	255,163,(36 + 3) * 2
0773++ 9306 15 AC       		dw	frq_641
0774++ 9308             patch_36hdr: 	
0775++ 9308 19 FF       		db	019h,0ffh
0776++ 930A             
0777++ 930A             ;--- GM 37 = Slap bass 2 ---
0778++ 930A             
0779++ 930A             patch_37: 	
0780++ 930A 01          		db	1	; transpose on
0781++ 930B 12 93       		dw	patch_37hdr
0782++ 930D FF A2 30    		db	255,162,24 * 2
0783++ 9310 55 A5       		dw	frq_288
0784++ 9312             patch_37hdr: 	
0785++ 9312 20 98 B0 FF 		db	020h,098h,0b0h,0ffh
0786++ 9316             
0787++ 9316             ;--- GM 38 = Synth Bass 1 ---
0788++ 9316             
0789++ 9316             patch_38: 	
0790++ 9316 01          		db	1	; transpose on
0791++ 9317 1E 93       		dw	patch_38hdr
0792++ 9319 FF BE 48    		db	255,190,36 * 2
0793++ 931C FD AE       		dw	frq_835
0794++ 931E             patch_38hdr: 	
0795++ 931E 39 FF       		db	039h,0ffh
0796++ 9320             
0797++ 9320             ;--- GM 39 = Synth Bass 2 ---
0798++ 9320             
0799++ 9320             patch_39: 	
0800++ 9320 01          		db	1	; transpose on
0801++ 9321 1E 93       		dw	patch_38hdr
0802++ 9323 FF 17 61    		db	255,17h,1 + 48 * 2	; tone 279
0803++ 9326 BD A3       		dw	frq_215
0804++ 9328             
0805++ 9328             ;--- GM 40 = Violin ---
0806++ 9328             
0807++ 9328             patch_40: 	
0808++ 9328 01          		db	1	; transpose on
0809++ 9329 5D 93       		dw	patch_40hdr
0810++ 932B 23 05 31    		db	35,5h,1 + 24 * 2	; tone 261
0811++ 932E 55 A5       		dw	frq_288
0812++ 9330 28 02 77    		db	40,2h,1 + 59 * 2	; tone 258
0813++ 9333 75 A0       		dw	frq_69
0814++ 9335 2A 06 69    		db	42,6h,1 + 52 * 2	; tone 262
0815++ 9338 CD AB       		dw	frq_627
0816++ 933A 2D 07 6D    		db	45,7h,1 + 54 * 2	; tone 263
0817++ 933D 25 AB       		dw	frq_556
0818++ 933F 30 08 73    		db	48,8h,1 + 57 * 2	; tone 264
0819++ 9342 C5 A4       		dw	frq_264
0820++ 9344 33 0A 61    		db	51,0ah,1 + 48 * 2	; tone 266
0821++ 9347 05 B0       		dw	frq_920
0822++ 9349 35 0B 67    		db	53,0bh,1 + 51 * 2	; tone 267
0823++ 934C 4D AD       		dw	frq_726
0824++ 934E 37 0C 6B    		db	55,0ch,1 + 53 * 2	; tone 268
0825++ 9351 9D AB       		dw	frq_579
0826++ 9353 3A 0D 6F    		db	58,0dh,1 + 55 * 2	; tone 269
0827++ 9356 2D A6       		dw	frq_338
0828++ 9358 FF 09 75    		db	255,09h,1 + 58	* 2	; tone 265
0829++ 935B 25 A2       		dw	frq_143
0830++ 935D             patch_40hdr: 	
0831++ 935D 3B FF       		db	03bh,0ffh
0832++ 935F             
0833++ 935F             
0834++ 935F             ;--- GM 41 = Viola ---
0835++ 935F             
0836++ 935F             patch_41: 	
0837++ 935F 01          		db	1	; transpose on
0838++ 9360 9E 93       		dw	patch_41hdr
0839++ 9362 1B 03 31    		db	27,03h,1 + 24 * 2	; tone 259
0840++ 9365 1D AD       		dw	frq_715
0841++ 9367 1E 04 67    		db	30,04h,1 + 51 * 2	; tone 260
0842++ 936A 65 AA       		dw	frq_531
0843++ 936C 21 05 6D    		db	33,05h,1 + 54 * 2	; tone 261
0844++ 936F 55 A5       		dw	frq_288
0845++ 9371 26 02 73    		db	38,02h,1 + 57 * 2	; tone 258
0846++ 9374 75 A0       		dw	frq_69
0847++ 9376 28 06 65    		db	40,06h,1 + 50 * 2	; tone 262
0848++ 9379 CD AB       		dw	frq_627
0849++ 937B 2B 07 69    		db	43,07h,1 + 52 * 2	; tone 263
0850++ 937E 25 AB       		dw	frq_556
0851++ 9380 2E 08 6F    		db	46,08h,1 + 55 * 2	; tone 264
0852++ 9383 C5 A4       		dw	frq_264
0853++ 9385 31 0A 5D    		db	49,0ah,1 + 46 * 2	; tone 266
0854++ 9388 05 B0       		dw	frq_920
0855++ 938A 33 0B 63    		db	51,0bh,1 + 49 * 2	; tone 267
0856++ 938D 4D AD       		dw	frq_726
0857++ 938F 36 0C 67    		db	54,0ch,1 + 51 * 2	; tone 268
0858++ 9392 9D AB       		dw	frq_579
0859++ 9394 38 0D 6D    		db	56,0dh,1 + 54 * 2	; tone 269
0860++ 9397 2D A6       		dw	frq_338
0861++ 9399 FF 09 71    		db	255,09h,1 + 56 * 2	; tone 265
0862++ 939C 25 A2       		dw	frq_143
0863++ 939E             patch_41hdr: 	
0864++ 939E 3B 98 A3 FF 		db	03bh,098h,0a3h,0ffh
0865++ 93A2             
0866++ 93A2             
0867++ 93A2             ;--- GM 42 = Cello ---
0868++ 93A2             
0869++ 93A2             patch_42: 	
0870++ 93A2 01          		db	1	; transpose on
0871++ 93A3 BE 93       		dw	patch_42hdr
0872++ 93A5 16 12 49    		db	22,12h,1 + 36 * 2	; tone 274
0873++ 93A8 2D A3       		dw	frq_203
0874++ 93AA 20 13 5D    		db	32,13h,1 + 46 * 2	; tone 275
0875++ 93AD D5 AC       		dw	frq_701
0876++ 93AF 27 15 59    		db	39,15h,1 + 44 * 2	; tone 277
0877++ 93B2 55 AE       		dw	frq_822
0878++ 93B4 2D 16 67    		db	45,16h,1 + 51 * 2	; tone 278
0879++ 93B7 65 AA       		dw	frq_531
0880++ 93B9 FF 14 73    		db	255,14h,1 + 57 * 2	; tone 276
0881++ 93BC 75 A0       		dw	frq_69
0882++ 93BE             patch_42hdr: 	
0883++ 93BE 33 C8 08 FF 		db	033h,0c8h,8,0ffh
0884++ 93C2             
0885++ 93C2             ;--- GM 43 = Contrabass ---
0886++ 93C2             
0887++ 93C2             patch_43: 	
0888++ 93C2 01          		db	1	; transpose on
0889++ 93C3 CF 93       		dw	patch_43hdr
0890++ 93C5 12 10 61    		db	18,10h,1 + 48 * 2	; tone 272
0891++ 93C8 9D 9F       		dw	frq_15
0892++ 93CA FF 11 6D    		db	255,11h,1 + 54 * 2	; tone 273
0893++ 93CD 55 9F       		dw	frq_8
0894++ 93CF             patch_43hdr: 	
0895++ 93CF 10 98 90 FF 		db	010h,098h,090h,0ffh
0896++ 93D3             
0897++ 93D3             ;--- GM 44 = Tremolo Strings ---
0898++ 93D3             
0899++ 93D3             patch_44: 	
0900++ 93D3 01          		db	1	; transpose on
0901++ 93D4 EF 93       		dw	patch_44hdr
0902++ 93D6 24 B0 30    		db	36,176,24 * 2
0903++ 93D9 AD A1       		dw	frq_98
0904++ 93DB 2A 35 60    		db	42,53,48 * 2
0905++ 93DE 3D AB       		dw	frq_557
0906++ 93E0 30 33 6C    		db	48,51,54 * 2
0907++ 93E3 15 A0       		dw	frq_26
0908++ 93E5 3B 34 60    		db	59,52,48 * 2
0909++ 93E8 45 AC       		dw	frq_650
0910++ 93EA FF AF 5E    		db	255,175,47 * 2
0911++ 93ED 95 AA       		dw	frq_538
0912++ 93EF             patch_44hdr: 	
0913++ 93EF 38 E0 06 FF 		db	038h,0e0h,6,0ffh
0914++ 93F3             
0915++ 93F3             
0916++ 93F3             ;--- GM 45 = Pizzicato Strings ---
0917++ 93F3             
0918++ 93F3             patch_45: 	
0919++ 93F3 01          		db	1	; transpose on
0920++ 93F4 E6 8F       		dw	patch_2Bhdr
0921++ 93F6 1B B8 48    		db	27,184,36 * 2
0922++ 93F9 B5 9F       		dw	frq_20
0923++ 93FB 24 B9 66    		db	36,185,51 * 2
0924++ 93FE D5 A3       		dw	frq_216
0925++ 9400 2B BB 60    		db	43,187,48 * 2
0926++ 9403 FD AB       		dw	frq_639
0927++ 9405 31 BA 6E    		db	49,186,55 * 2
0928++ 9408 05 A1       		dw	frq_84
0929++ 940A FF BC 62    		db	255,188,49 * 2
0930++ 940D 8D A9       		dw	frq_455
0931++ 940F             
0932++ 940F             ;--- GM 46 = Harp ---
0933++ 940F             
0934++ 940F             patch_46: 	
0935++ 940F 01          		db	1	; transpose on
0936++ 9410 1C 94       		dw	patch_46hdr
0937++ 9412 2F 7E 18    		db	47,126,12 * 2
0938++ 9415 7D A7       		dw	frq_360
0939++ 9417 FF 7F 5E    		db	255,127,47 * 2
0940++ 941A E5 A8       		dw	frq_434
0941++ 941C             patch_46hdr: 	
0942++ 941C 29 C8 07 FF 		db	029h,0c8h,7,0ffh
0943++ 9420             
0944++ 9420             
0945++ 9420             ;--- GM 47 = Timpani ---
0946++ 9420             
0947++ 9420             patch_47: 	
0948++ 9420 01          		db	1	; transpose on
0949++ 9421 E6 8F       		dw	patch_2Bhdr
0950++ 9423 FF 00 49    		db	255,0,1 + 36 * 2	; tone 256
0951++ 9426 ED A3       		dw	frq_217
0952++ 9428             
0953++ 9428             
0954++ 9428             ;--- GM 48 = Strings ---
0955++ 9428             
0956++ 9428             patch_48: 	
0957++ 9428 01          		db	1	; transpose on
0958++ 9429 6E 8F       		dw	patch_0hdr
0959++ 942B 24 3C 31    		db	36,03ch,1 + 24 * 2	; tone 316
0960++ 942E 7D A1       		dw	frq_96
0961++ 9430 2A 3E 61    		db	42,03eh,1 + 48 * 2	; tone 318
0962++ 9433 3D AB       		dw	frq_557
0963++ 9435 30 3D 6D    		db	48,03dh,1 + 54 * 2	; tone 317
0964++ 9438 FD 9F       		dw	frq_24
0965++ 943A 3B 3F 61    		db	59,03fh,1 + 48 * 2	; tone 319
0966++ 943D 5D AC       		dw	frq_653
0967++ 943F FF 40 5F    		db	255,040h,1 + 47 * 2	; tone 320
0968++ 9442 C5 AA       		dw	frq_548
0969++ 9444             
0970++ 9444             ;--- GM 49 = Slow Strings ---
0971++ 9444             
0972++ 9444             patch_49: 	
0973++ 9444 01          		db	1	; transpose on
0974++ 9445 60 94       		dw	patch_49hdr
0975++ 9447 24 B0 30    		db	36,176, 24 * 2
0976++ 944A AD A1       		dw	frq_98
0977++ 944C 2A 35 60    		db	42,53, 48 * 2
0978++ 944F 3D AB       		dw	frq_557
0979++ 9451 30 33 6C    		db	48,51, 54 * 2
0980++ 9454 2D A0       		dw	frq_27
0981++ 9456 3B 34 60    		db	59,52, 48 * 2
0982++ 9459 45 AC       		dw	frq_650
0983++ 945B FF AF 5E    		db	255,175, 47 * 2
0984++ 945E 95 AA       		dw	frq_538
0985++ 9460             patch_49hdr: 	
0986++ 9460 19 FF       		db	019h,0ffh
0987++ 9462             
0988++ 9462             
0989++ 9462             ;--- GM 50 = Synth Strings 1 ---
0990++ 9462             
0991++ 9462             patch_50A: 	
0992++ 9462 01          		db	1	; transpose on
0993++ 9463 6A 94       		dw	patch_50Ahdr
0994++ 9465 FF 02 30    		db	255,2, 24 * 2
0995++ 9468 AD B0       		dw	frq_935
0996++ 946A             patch_50Ahdr: 	
0997++ 946A             		db	020h,098h,093h,0b0h,022h,0c8h,06h,0ffh
0997++ 946A 209893B022C806FF
0998++ 9472             
0999++ 9472             patch_50B: 	
1000++ 9472 01          		db	1	; transpose on
1001++ 9473 7A 94       		dw	patch_50Bhdr
1002++ 9475 FF AE 18    		db	255,174, 12 * 2
1003++ 9478 4D A1       		dw	frq_91
1004++ 947A             patch_50Bhdr: 	
1005++ 947A             		db	020h,098h,070h,0c8h,006h,0ffh
1005++ 947A 209870C806FF
1006++ 9480             
1007++ 9480             
1008++ 9480             ;--- GM 51 = Synth Strings 2 ---
1009++ 9480             
1010++ 9480             patch_51A: 	
1011++ 9480 01          		db	1	; transpose on
1012++ 9481 88 94       		dw	patch_51Ahdr
1013++ 9483 FF 02 18    		db	255,2, 12 * 2
1014++ 9486 AD B0       		dw	frq_935
1015++ 9488             patch_51Ahdr: 	
1016++ 9488             		db	019h,098h,070h,0b0h,000h,0c8h,06h,0ffh
1016++ 9488 199870B000C806FF
1017++ 9490             
1018++ 9490             patch_51B: 	
1019++ 9490 01          		db	1	; transpose on
1020++ 9491 88 94       		dw	patch_51Ahdr
1021++ 9493 FF 02 18    		db	255,2, 12 * 2
1022++ 9496 65 B0       		dw	frq_927
1023++ 9498             
1024++ 9498             
1025++ 9498             ;--- GM 52 = Choir Aahs ---
1026++ 9498             
1027++ 9498             patch_52: 	
1028++ 9498 01          		db	1	; transpose on
1029++ 9499 AF 94       		dw	patch_52hdr
1030++ 949B 23 18 30    		db	35,24, 24 * 2
1031++ 949E 45 A3       		dw	frq_204
1032++ 94A0 29 19 5E    		db	41,25, 47 * 2
1033++ 94A3 25 AE       		dw	frq_815
1034++ 94A5 30 1A 6A    		db	48,26, 53 * 2
1035++ 94A8 5D A3       		dw	frq_206
1036++ 94AA FF 1B 60    		db	255,27, 48 * 2
1037++ 94AD 35 A7       		dw	frq_356
1038++ 94AF             patch_52hdr: 	
1039++ 94AF 1A FF       		db	01ah,0ffh
1040++ 94B1             
1041++ 94B1             ;--- GM 53 = Voice Oohs ---
1042++ 94B1             
1043++ 94B1             patch_53: 	
1044++ 94B1 01          		db	1	; transpose on
1045++ 94B2 B9 94       		dw	patch_53hdr
1046++ 94B4 FF 29 18    		db	255,41, 12 * 2
1047++ 94B7 DD A4       		dw	frq_273
1048++ 94B9             patch_53hdr: 	
1049++ 94B9             		db	020h,098h,0f7h,0b0h,020h,0c8h,8,0ffh
1049++ 94B9 2098F7B020C808FF
1050++ 94C1             
1051++ 94C1             ;--- GM 54 = Synth Voice ---
1052++ 94C1             
1053++ 94C1             patch_54: 	
1054++ 94C1 01          		db	1	; transpose on
1055++ 94C2 C9 94       		dw	patch_54hdr
1056++ 94C4 FF 2A 18    		db	255,42, 12 * 2
1057++ 94C7 75 A3       		dw	frq_208
1058++ 94C9             patch_54hdr: 	
1059++ 94C9             		db	019h,098h,085h,0b0h,021h,0c8h,7,0ffh
1059++ 94C9 199885B021C807FF
1060++ 94D1             
1061++ 94D1             ;--- GM 55 = Orchestra Hit ---
1062++ 94D1             
1063++ 94D1             patch_55: 	
1064++ 94D1 01          		db	1	; transpose on
1065++ 94D2 D9 94       		dw	patch_55hdr
1066++ 94D4 FF 49 18    		db	255,73, 12 * 2
1067++ 94D7 FD AE       		dw	frq_835
1068++ 94D9             patch_55hdr: 	
1069++ 94D9 30 FF       		db	030h,0ffh
1070++ 94DB             
1071++ 94DB             ;--- GM 56 = Trumpet ---
1072++ 94DB             
1073++ 94DB             patch_56: 	
1074++ 94DB 01          		db	1	; transpose on
1075++ 94DC FC 94       		dw	patch_56hdr
1076++ 94DE 25 F6 30    		db	37,246, 24 * 2
1077++ 94E1 5D A0       		dw	frq_46
1078++ 94E3 2C F8 62    		db	44,248, 49 * 2
1079++ 94E6 BD A9       		dw	frq_460
1080++ 94E8 31 F7 70    		db	49,247, 56 * 2
1081++ 94EB E5 9F       		dw	frq_22
1082++ 94ED 37 FA 62    		db	55,250, 49 * 2
1083++ 94F0 FD A8       		dw	frq_436
1084++ 94F2 3E F9 6E    		db	62,249, 55 * 2
1085++ 94F5 5D A0       		dw	frq_46
1086++ 94F7 FF FB 64    		db	255,251, 50 * 2
1087++ 94FA FD A8       		dw	frq_436
1088++ 94FC             patch_56hdr: 	
1089++ 94FC 32 FF       		db	032h,0ffh
1090++ 94FE             
1091++ 94FE             ;--- GM 57 = Trombone ---
1092++ 94FE             
1093++ 94FE             patch_57: 	
1094++ 94FE 01          		db	1	; transpose on
1095++ 94FF 10 95       		dw	patch_57hdr
1096++ 9501 23 F0 30    		db	35,240, 24 * 2
1097++ 9504 4D A4       		dw	frq_228
1098++ 9506 28 F1 5E    		db	40,241, 47 * 2
1099++ 9509 AD AD       		dw	frq_750
1100++ 950B FF F2 68    		db	255,242, 52 * 2
1101++ 950E C5 A4       		dw	frq_264
1102++ 9510             patch_57hdr: 	
1103++ 9510 21 FF       		db	021h,0ffh
1104++ 9512             
1105++ 9512             ;--- GM 58 = Tuba ---
1106++ 9512             
1107++ 9512             patch_58: 	
1108++ 9512 01          		db	1	; transpose on
1109++ 9513 10 95       		dw	patch_57hdr
1110++ 9515 16 85 48    		db	22,133, 36 * 2
1111++ 9518 DD AA       		dw	frq_550
1112++ 951A FF 86 5C    		db	255,134, 46 * 2
1113++ 951D A5 AF       		dw	frq_908
1114++ 951F             
1115++ 951F             ;--- GM 59 = Muted Trumpet ---
1116++ 951F             
1117++ 951F             patch_59: 	
1118++ 951F 01          		db	1	; transpose on
1119++ 9520 2C 95       		dw	patch_59hdr
1120++ 9522 2E B1 18    		db	46,177, 12 * 2
1121++ 9525 E5 AB       		dw	frq_630
1122++ 9527 FF B2 5C    		db	255,178, 46 * 2
1123++ 952A E5 AB       		dw	frq_630
1124++ 952C             patch_59hdr: 	
1125++ 952C 28 E0 01 FF 		db	28h,0e0h,1,0ffh
1126++ 9530             
1127++ 9530             ;--- GM 60 = French Horn ---
1128++ 9530             
1129++ 9530             patch_60: 	
1130++ 9530 01          		db	1	; transpose on
1131++ 9531 3D 95       		dw	patch_60hdr
1132++ 9533 32 7C 18    		db	50,124, 12 * 2
1133++ 9536 6D A5       		dw	frq_290
1134++ 9538 FF 7D 64    		db	255,125, 50 * 2
1135++ 953B A5 AC       		dw	frq_679
1136++ 953D             patch_60hdr: 	
1137++ 953D 1A FF       		db	01ah,0ffh
1138++ 953F             
1139++ 953F             ;--- GM 61 = Brass Section ---
1140++ 953F             
1141++ 953F             patch_61: 	
1142++ 953F 01          		db	1	; transpose on
1143++ 9540 E6 8F       		dw	patch_2Bhdr
1144++ 9542 2B FC 18    		db	43,252, 12 * 2
1145++ 9545 3D AE       		dw	frq_820
1146++ 9547 FF FD 56    		db	255,253, 43 * 2
1147++ 954A CD AE       		dw	frq_832
1148++ 954C             
1149++ 954C             ;--- GM 62 = Synth Brass 1 ---
1150++ 954C             
1151++ 954C             patch_62A: 	
1152++ 954C 01          		db	1	; transpose on
1153++ 954D 8B 95       		dw	patch_62Ahdr
1154++ 954F 10 D3 60    		db	16,211, 48 * 2
1155++ 9552 D5 AF       		dw	frq_916
1156++ 9554 16 DA 80    		db	22,218, 64 * 2
1157++ 9557 05 A7       		dw	frq_354
1158++ 9559 1C D4 74    		db	28,212, 58 * 2
1159++ 955C D5 AF       		dw	frq_916
1160++ 955E 22 DB 80    		db	34,219, 64 * 2
1161++ 9561 A5 A6       		dw	frq_345
1162++ 9563 28 D5 74    		db	40,213, 58 * 2
1163++ 9566 AD B0       		dw	frq_935
1164++ 9568 2E DC 80    		db	46,220, 64 * 2
1165++ 956B D5 A6       		dw	frq_350
1166++ 956D 34 D6 74    		db	52,214, 58 * 2
1167++ 9570 35 B0       		dw	frq_925
1168++ 9572 3A DD 80    		db	58,221, 64 * 2
1169++ 9575 AD A7       		dw	frq_363
1170++ 9577 40 D7 74    		db	64,215, 58 * 2
1171++ 957A FD B1       		dw	frq_969
1172++ 957C 46 DE 80    		db	70,222, 64 * 2
1173++ 957F 2D A6       		dw	frq_338
1174++ 9581 4D D8 74    		db	77,216, 58 * 2
1175++ 9584 35 B0       		dw	frq_925
1176++ 9586 FF D9 6A    		db	255,217, 53 * 2
1177++ 9589 35 B0       		dw	frq_925
1178++ 958B             patch_62Ahdr: 	
1179++ 958B 18 FF       		db	018h,0ffh
1180++ 958D             
1181++ 958D             
1182++ 958D             patch_62B: 	
1183++ 958D 01          		db	1	; transpose on
1184++ 958E CC 95       		dw	patch_62Bhdr
1185++ 9590 10 18 61    		db	16,18h, 1 + 48 * 2	; tone 280
1186++ 9593 7D B0       		dw	frq_929
1187++ 9595 16 19 81    		db	22,19h, 1 + 64 * 2	; tone 281
1188++ 9598 7D A7       		dw	frq_360
1189++ 959A 1C 1A 75    		db	28,1ah, 1 + 58 * 2	; tone 282
1190++ 959D 65 B0       		dw	frq_927
1191++ 959F 22 1B 81    		db	34,1bh, 1 + 64 * 2	; tone 283
1192++ 95A2 7D A7       		dw	frq_360
1193++ 95A4 28 1C 75    		db	40,1ch, 1 + 58 * 2	; tone 284
1194++ 95A7 F5 B0       		dw	frq_939
1195++ 95A9 2E 1D 81    		db	46,1dh, 1 + 64 * 2	; tone 285
1196++ 95AC F5 A7       		dw	frq_366
1197++ 95AE 34 1E 75    		db	52,1eh, 1 + 58 * 2	; tone 286
1198++ 95B1 85 B1       		dw	frq_951
1199++ 95B3 3A 1F 81    		db	58,1fh, 1 + 64 * 2	; tone 287
1200++ 95B6 F5 A7       		dw	frq_366
1201++ 95B8 40 20 75    		db	64,20h, 1 + 58 * 2	; tone 288
1202++ 95BB 2D B2       		dw	frq_977
1203++ 95BD 46 21 81    		db	70,21h, 1 + 64 * 2	; tone 289
1204++ 95C0 75 A6       		dw	frq_342
1205++ 95C2 4D 22 75    		db	77,22h, 1 + 58 * 2	; tone 290
1206++ 95C5 65 B0       		dw	frq_927
1207++ 95C7 FF 23 6B    		db	255,23h, 1 + 53 * 2	; tone 291
1208++ 95CA 65 B0       		dw	frq_927
1209++ 95CC             patch_62Bhdr: 	
1210++ 95CC             		db	018h,098h,0a5h,0b0h,011h,0ffh
1210++ 95CC 1898A5B011FF
1211++ 95D2             
1212++ 95D2             
1213++ 95D2             ;--- GM 63 = Synth Brass 2 ---
1214++ 95D2             ; B zachter dan A, vals??
1215++ 95D2             
1216++ 95D2             patch_63A: 	
1217++ 95D2 01          		db	1	; transpose on
1218++ 95D3 11 96       		dw	patch_63Ahdr
1219++ 95D5 10 18 61    		db	16,18h, 1 + 48 * 2	; tone 280
1220++ 95D8 95 B0       		dw	frq_931
1221++ 95DA 16 19 81    		db	22,19h, 1 + 64 * 2	; tone 281
1222++ 95DD 95 A7       		dw	frq_361
1223++ 95DF 1C 1A 75    		db	28,1ah, 1 + 58 * 2	; tone 282
1224++ 95E2 7D B0       		dw	frq_929
1225++ 95E4 22 1B 81    		db	34,1bh, 1 + 64 * 2	; tone 283
1226++ 95E7 95 A7       		dw	frq_361
1227++ 95E9 28 1C 75    		db	40,1ch, 1 + 58 * 2	; tone 284
1228++ 95EC 0D B1       		dw	frq_941
1229++ 95EE 2E 1D 81    		db	46,1dh, 1 + 64 * 2	; tone 285
1230++ 95F1 0D A8       		dw	frq_367
1231++ 95F3 34 1E 75    		db	52,1eh, 1 + 58 * 2	; tone 286
1232++ 95F6 B5 B1       		dw	frq_953
1233++ 95F8 3A 1F 81    		db	58,1fh, 1 + 64 * 2	; tone 287
1234++ 95FB 0D A8       		dw	frq_367
1235++ 95FD 40 20 75    		db	64,20h, 1 + 58 * 2	; tone 288
1236++ 9600 45 B2       		dw	frq_978
1237++ 9602 46 21 81    		db	70,21h, 1 + 64 * 2	; tone 289
1238++ 9605 8D A6       		dw	frq_343
1239++ 9607 4D 22 75    		db	77,22h, 1 + 58 * 2	; tone 290
1240++ 960A 7D B0       		dw	frq_929
1241++ 960C FF 23 6B    		db	255,23h, 1 + 53 * 2	; tone 291
1242++ 960F 7D B0       		dw	frq_929
1243++ 9611             patch_63Ahdr: 	
1244++ 9611 26 FF       		db	026h,0ffh
1245++ 9613             
1246++ 9613             
1247++ 9613             patch_63B: 	
1248++ 9613 01          		db	1	; transpose on
1249++ 9614 1B 96       		dw	patch_63Bhdr
1250++ 9616 FF 24 19    		db	255,24h, 1 + 12 * 2	; tone 292
1251++ 9619 3D AB       		dw	frq_557
1252++ 961B             patch_63Bhdr: 	
1253++ 961B 22 FF       		db	022h,0ffh
1254++ 961D             
1255++ 961D             ;--- GM 64 = Soprano Sax ---
1256++ 961D             
1257++ 961D             patch_64: 	
1258++ 961D 01          		db	1	; transpose on
1259++ 961E 9A 92       		dw	patch_30hdr
1260++ 9620 28 E3 18    		db	40,227, 12 * 2
1261++ 9623 D5 AC       		dw	frq_701
1262++ 9625 2E E4 68    		db	46,228, 52 * 2
1263++ 9628 D5 A3       		dw	frq_216
1264++ 962A 34 E5 5C    		db	52,229, 46 * 2
1265++ 962D 8D AC       		dw	frq_677
1266++ 962F 3A E6 68    		db	58,230, 52 * 2
1267++ 9632 7D A4       		dw	frq_242
1268++ 9634 41 E7 5C    		db	65,231, 46 * 2
1269++ 9637 4D AD       		dw	frq_726
1270++ 9639 FF E8 82    		db	255,232, 65 * 2
1271++ 963C 65 A1       		dw	frq_94
1272++ 963E             
1273++ 963E             ;--- GM 65 = Alto Sax ---
1274++ 963E             
1275++ 963E             patch_65: 	
1276++ 963E 01          		db	1	; transpose on
1277++ 963F 82 96       		dw	patch_65hdr
1278++ 9641 1B 92 48    		db	27,146, 36 * 2
1279++ 9644 2D A0       		dw	frq_27
1280++ 9646 1E 96 66    		db	30,150, 51 * 2
1281++ 9649 95 AD       		dw	frq_737
1282++ 964B 23 99 6C    		db	35,153, 54 * 2
1283++ 964E B5 A8       		dw	frq_385
1284++ 9650 24 8F 76    		db	36,143, 59 * 2
1285++ 9653 7D A4       		dw	frq_242
1286++ 9655 27 93 78    		db	39,147, 60 * 2
1287++ 9658 5D A0       		dw	frq_46
1288++ 965A 2A 97 66    		db	42,151, 51 * 2
1289++ 965D C5 AD       		dw	frq_775
1290++ 965F 2D 9A 6C    		db	45,154, 54 * 2
1291++ 9662 BD A9       		dw	frq_460
1292++ 9664 30 90 72    		db	48,144, 57 * 2
1293++ 9667 D5 A3       		dw	frq_216
1294++ 9669 33 94 78    		db	51,148, 60 * 2
1295++ 966C E5 9F       		dw	frq_22
1296++ 966E 35 98 66    		db	53,152, 51 * 2
1297++ 9671 65 AD       		dw	frq_727
1298++ 9673 39 9B 6A    		db	57,155, 53 * 2
1299++ 9676 05 AA       		dw	frq_480
1300++ 9678 3C 91 72    		db	60,145, 57 * 2
1301++ 967B 6D A5       		dw	frq_290
1302++ 967D FF 95 78    		db	255,149, 60 * 2
1303++ 9680 65 A1       		dw	frq_94
1304++ 9682             patch_65hdr: 	
1305++ 9682 19 C8 0B FF 		db	019h,0c8h,000bh,0ffh
1306++ 9686             
1307++ 9686             ;--- GM 66 = Tenor Sax ---
1308++ 9686             
1309++ 9686             patch_66: 	
1310++ 9686 01          		db	1	; transpose on
1311++ 9687 08 93       		dw	patch_36hdr
1312++ 9689 19 E9 48    		db	25,233, 36 * 2
1313++ 968C BD A0       		dw	frq_75
1314++ 968E 1D EA 62    		db	29,234, 49 * 2
1315++ 9691 1D AD       		dw	frq_715
1316++ 9693 23 EB 6A    		db	35,235, 53 * 2
1317++ 9696 4D A4       		dw	frq_228
1318++ 9698 2A ED 5E    		db	42,237, 47 * 2
1319++ 969B 5D AC       		dw	frq_653
1320++ 969D 30 EC 6C    		db	48,236, 54 * 2
1321++ 96A0 8D A0       		dw	frq_70
1322++ 96A2 3A EE 60    		db	58,238, 48 * 2
1323++ 96A5 65 AA       		dw	frq_531
1324++ 96A7 FF EF 5C    		db	255,239, 46 * 2
1325++ 96AA 05 B0       		dw	frq_920
1326++ 96AC             
1327++ 96AC             
1328++ 96AC             ;--- GM 67 = Baritone Sax ---
1329++ 96AC             
1330++ 96AC             patch_67: 	
1331++ 96AC 01          		db	1	; transpose on
1332++ 96AD 08 93       		dw	patch_36hdr
1333++ 96AF 16 DF 48    		db	22,223, 36 * 2
1334++ 96B2 9D A5       		dw	frq_299
1335++ 96B4 1D E1 5C    		db	29,225, 46 * 2
1336++ 96B7 AD AA       		dw	frq_545
1337++ 96B9 22 E2 6A    		db	34,226, 53 * 2
1338++ 96BC 9D A5       		dw	frq_299
1339++ 96BE FF E0 5C    		db	255,224, 46 * 2
1340++ 96C1 8D AF       		dw	frq_874
1341++ 96C3             
1342++ 96C3             ;--- GM 68 = Oboe ---
1343++ 96C3             
1344++ 96C3             patch_68: 	
1345++ 96C3 01          		db	1	; transpose on
1346++ 96C4 E4 96       		dw	patch_68hdr
1347++ 96C6 25 42 18    		db	37,66, 12 * 2
1348++ 96C9 05 B0       		dw	frq_920
1349++ 96CB 2C 44 62    		db	44,68, 49 * 2
1350++ 96CE 2D A6       		dw	frq_338
1351++ 96D0 32 43 58    		db	50,67, 44 * 2
1352++ 96D3 05 B0       		dw	frq_920
1353++ 96D5 38 46 64    		db	56,70, 50 * 2
1354++ 96D8 15 A6       		dw	frq_335
1355++ 96DA 3E 45 58    		db	62,69, 44 * 2
1356++ 96DD 05 B0       		dw	frq_920
1357++ 96DF FF 47 64    		db	255,71, 50 * 2
1358++ 96E2 15 A6       		dw	frq_335
1359++ 96E4             patch_68hdr: 	
1360++ 96E4 39 FF       		db	039h,0ffh
1361++ 96E6             
1362++ 96E6             ;--- GM 69 = English Horn ---
1363++ 96E6             
1364++ 96E6             patch_69: 	
1365++ 96E6 01          		db	1	; transpose on
1366++ 96E7 F8 96       		dw	patch_69hdr
1367++ 96E9 21 3C 30    		db	33,60, 24 * 2
1368++ 96EC 95 A4       		dw	frq_254
1369++ 96EE 27 3B 5A    		db	39,59, 45 * 2
1370++ 96F1 AD AD       		dw	frq_750
1371++ 96F3 FF 3D 66    		db	255,61, 51 * 2
1372++ 96F6 7D A4       		dw	frq_242
1373++ 96F8             patch_69hdr: 	
1374++ 96F8 31 FF       		db	031h,0ffh
1375++ 96FA             
1376++ 96FA             ;--- GM 70 = Bassoon ---
1377++ 96FA             
1378++ 96FA             patch_70: 	
1379++ 96FA 01          		db	1	; transpose on
1380++ 96FB F8 96       		dw	patch_69hdr
1381++ 96FD 0B 38 60    		db	11,56, 48 * 2
1382++ 9700 A5 A0       		dw	frq_73
1383++ 9702 17 3A 5E    		db	23,58, 47 * 2
1384++ 9705 7D AA       		dw	frq_532
1385++ 9707 FF 39 76    		db	255,57, 59 * 2
1386++ 970A BD A0       		dw	frq_75
1387++ 970C             
1388++ 970C             ;--- GM 71 = Clarinet ---
1389++ 970C             
1390++ 970C             patch_71: 	
1391++ 970C 01          		db	1	; transpose on
1392++ 970D 23 97       		dw	patch_71hdr
1393++ 970F 24 9E 30    		db	36,158, 24 * 2
1394++ 9712 F5 AD       		dw	frq_810
1395++ 9714 2A A0 78    		db	42,160, 60 * 2
1396++ 9717 55 A5       		dw	frq_288
1397++ 9719 33 9F 6C    		db	51,159, 54 * 2
1398++ 971C 4D AD       		dw	frq_726
1399++ 971E FF A1 66    		db	255,161, 51 * 2
1400++ 9721 05 B0       		dw	frq_920
1401++ 9723             patch_71hdr: 	
1402++ 9723 29 FF       		db	029h,0ffh
1403++ 9725             
1404++ 9725             ;--- GM 72 = Piccolo ---
1405++ 9725             
1406++ 9725             patch_72: 	
1407++ 9725 01          		db	1	; transpose on
1408++ 9726 41 97       		dw	patch_72hdr
1409++ 9728 29 71 30    		db	41,113, 24 * 2
1410++ 972B 65 A1       		dw	frq_94
1411++ 972D 36 72 6A    		db	54,114, 53 * 2
1412++ 9730 DD A1       		dw	frq_118
1413++ 9732 3C 73 6C    		db	60,115, 54 * 2
1414++ 9735 65 A1       		dw	frq_94
1415++ 9737 48 74 78    		db	72,116, 60 * 2
1416++ 973A 55 A5       		dw	frq_288
1417++ 973C FF 75 78    		db	255,117, 60 * 2
1418++ 973F 05 B0       		dw	frq_920
1419++ 9741             patch_72hdr: 	
1420++ 9741 38 E0 02 FF 		db	038h,0e0h,2,0ffh
1421++ 9745             
1422++ 9745             ;--- GM 73 = Flute ---
1423++ 9745             
1424++ 9745             patch_73: 	
1425++ 9745 01          		db	1	; transpose on
1426++ 9746 41 97       		dw	patch_72hdr
1427++ 9748 29 71 30    		db	41,113, 24 * 2
1428++ 974B 65 A1       		dw	frq_94
1429++ 974D 36 72 6A    		db	54,114, 53 * 2
1430++ 9750 DD A1       		dw	frq_118
1431++ 9752 FF 73 6C    		db	255,115, 54 * 2
1432++ 9755 65 A1       		dw	frq_94
1433++ 9757             
1434++ 9757             ;--- GM 74 = Recorder ---
1435++ 9757             
1436++ 9757             patch_74: 	
1437++ 9757 01          		db	1	; transpose on
1438++ 9758 5F 97       		dw	patch_74hdr
1439++ 975A FF BD 30    		db	255,189, 24 * 2
1440++ 975D 25 A2       		dw	frq_143
1441++ 975F             patch_74hdr: 	
1442++ 975F 30 E0 01 FF 		db	030h,0e0h,1,0ffh
1443++ 9763             
1444++ 9763             ;--- GM 75 = Pan Flute ---
1445++ 9763             
1446++ 9763             patch_75: 	
1447++ 9763 01          		db	1	; transpose on
1448++ 9764 6B 97       		dw	patch_75hdr
1449++ 9766 FF 77 00    		db	255,119, 0 * 2
1450++ 9769 D5 A9       		dw	frq_461
1451++ 976B             patch_75hdr: 	
1452++ 976B 30 E0 03 FF 		db	030h,0e0h,3,0ffh
1453++ 976F             
1454++ 976F             ;--- GM 76 = Blown Bottle ---
1455++ 976F             
1456++ 976F             patch_76A: 	
1457++ 976F 01          		db	1	; transpose on
1458++ 9770 77 97       		dw	patch_76Ahdr
1459++ 9772 FF 77 00    		db	255,119, 0 * 2
1460++ 9775 D5 A9       		dw	frq_461
1461++ 9777             patch_76Ahdr: 	
1462++ 9777 38 E0 01 FF 		db	038h,0e0h,1,0ffh
1463++ 977B             
1464++ 977B             patch_76B: 	
1465++ 977B 01          		db	1	; transpose on
1466++ 977C 83 97       		dw	patch_76Bhdr
1467++ 977E FF 25 31    		db	255,25h, 31h ;1 + (12 + 2) * 2	; tone 293
1468++ 9781 CD 9F       		dw	frq_21
1469++ 9783             patch_76Bhdr: 	
1470++ 9783 00 FF       		db	0h,0ffh
1471++ 9785             
1472++ 9785             ;--- GM 77 = Shakuhachi ---
1473++ 9785             
1474++ 9785             patch_77A: 		
1475++ 9785 01          		db	1	; transpose on
1476++ 9786 6B 97       		dw	patch_75hdr
1477++ 9788 FF AB 18    		db	255,171, 12 * 2
1478++ 978B FD B1       		dw	frq_969
1479++ 978D             
1480++ 978D             patch_77B: 	
1481++ 978D 01          		db	1	; transpose on
1482++ 978E 95 97       		dw	patch_77Bhdr
1483++ 9790 FF 76 18    		db	255,118, 12 * 2
1484++ 9793 A5 A6       		dw	frq_345
1485++ 9795             patch_77Bhdr: 	
1486++ 9795 28 E0 02 FF 		db	028h,0e0h,2,0ffh
1487++ 9799             
1488++ 9799             ;--- GM 78 = Whistle ---
1489++ 9799             
1490++ 9799             patch_78: 	
1491++ 9799 01          		db	1	; transpose on
1492++ 979A A1 97       		dw	patch_78hdr
1493++ 979C FF AA 00    		db	255,170, 0 * 2
1494++ 979F 65 A1       		dw	frq_94
1495++ 97A1             patch_78hdr: 	
1496++ 97A1 2C 98 70 FF 		db	02ch,098h,070h,0ffh
1497++ 97A5             
1498++ 97A5             ;--- GM 79 = Ocarina ---
1499++ 97A5             
1500++ 97A5             patch_79: 	
1501++ 97A5 01          		db	1	; transpose on
1502++ 97A6 AD 97       		dw	patch_79hdr
1503++ 97A8 FF AA 00    		db	255,170, 0 * 2
1504++ 97AB 65 A1       		dw	frq_94
1505++ 97AD             patch_79hdr: 	
1506++ 97AD 29 E0 01 FF 		db	029h,0e0h,1,0ffh
1507++ 97B1             
1508++ 97B1             ;--- GM 80 = Lead 1 (square) ---
1509++ 97B1             
1510++ 97B1             patch_80A: 	
1511++ 97B1 01          		db	1	; transpose on
1512++ 97B2 D2 97       		dw	patch_80Ahdr
1513++ 97B4 13 CC 78    		db	19,204, 60 * 2
1514++ 97B7 5D A6       		dw	frq_341
1515++ 97B9 1F CD 6E    		db	31,205, 55 * 2
1516++ 97BC 8D A6       		dw	frq_343
1517++ 97BE 2B CA 6E    		db	43,202, 55 * 2
1518++ 97C1 8D A6       		dw	frq_343
1519++ 97C3 37 CF 6E    		db	55,207, 55 * 2
1520++ 97C6 8D A6       		dw	frq_343
1521++ 97C8 43 CE 6E    		db	67,206, 55 * 2
1522++ 97CB 8D A6       		dw	frq_343
1523++ 97CD FF CB 6E    		db	255,203, 55 * 2
1524++ 97D0 8D A6       		dw	frq_343
1525++ 97D2             patch_80Ahdr: 	
1526++ 97D2 38 98 C6 FF 		db	038h,098h,0c6h,0ffh
1527++ 97D6             
1528++ 97D6             
1529++ 97D6             patch_80B: 	
1530++ 97D6 01          		db	1	; transpose on
1531++ 97D7 F7 97       		dw	patch_80Bhdr
1532++ 97D9 13 CC 78    		db	19,204, 60 * 2
1533++ 97DC 15 A6       		dw	frq_335
1534++ 97DE 1F CD 6E    		db	31,205, 55 * 2
1535++ 97E1 2D A6       		dw	frq_338
1536++ 97E3 2B CA 6E    		db	43,202, 55 * 2
1537++ 97E6 2D A6       		dw	frq_338
1538++ 97E8 37 CF 6E    		db	55,207, 55 * 2
1539++ 97EB 2D A6       		dw	frq_338
1540++ 97ED 43 CE 6E    		db	67,206, 55 * 2
1541++ 97F0 2D A6       		dw	frq_338
1542++ 97F2 FF CB 6E    		db	255,203, 55 * 2
1543++ 97F5 2D A6       		dw	frq_338
1544++ 97F7             patch_80Bhdr: 	
1545++ 97F7 08 98 C6 FF 		db	008h,098h,0c6h,0ffh
1546++ 97FB             
1547++ 97FB             
1548++ 97FB             ;--- GM 81 = Lead 2 (sawtooth) ---
1549++ 97FB             
1550++ 97FB             patch_81A: 	
1551++ 97FB 01          		db	1	; transpose on
1552++ 97FC 3A 98       		dw	patch_81Ahdr
1553++ 97FE 10 18 61    		db	16,18h, 1 + 48 * 2	; tone 280
1554++ 9801 65 B0       		dw	frq_927
1555++ 9803 16 19 81    		db	22,19h, 1 + 64 * 2	; tone 281
1556++ 9806 65 A7       		dw	frq_358
1557++ 9808 1C 1A 75    		db	28,1ah, 1 + 58 * 2	; tone 282
1558++ 980B 35 B0       		dw	frq_925
1559++ 980D 22 1B 81    		db	34,1bh, 1 + 64 * 2	; tone 283
1560++ 9810 65 A7       		dw	frq_358
1561++ 9812 28 1C 75    		db	40,1ch, 1 + 58 * 2	; tone 284
1562++ 9815 C5 B0       		dw	frq_936
1563++ 9817 2E 1D 81    		db	46,1dh, 1 + 64 * 2	; tone 285
1564++ 981A C5 A7       		dw	frq_364
1565++ 981C 34 1E 75    		db	52,1eh, 1 + 58 * 2	; tone 286
1566++ 981F 55 B1       		dw	frq_949
1567++ 9821 3A 1F 81    		db	58,1fh, 1 + 64 * 2	; tone 287
1568++ 9824 C5 A7       		dw	frq_364
1569++ 9826 40 20 75    		db	64,20h, 1 + 58 * 2	; tone 288
1570++ 9829 15 B2       		dw	frq_974
1571++ 982B 46 21 81    		db	70,21h, 1 + 64 * 2	; tone 289
1572++ 982E 45 A6       		dw	frq_340
1573++ 9830 4F 22 75    		db	79,22h, 1 + 58 * 2	; tone 290
1574++ 9833 35 B0       		dw	frq_925
1575++ 9835 FF 23 6F    		db	255,23h, 1 + 55 * 2	; tone 291
1576++ 9838 35 B0       		dw	frq_925
1577++ 983A             patch_81Ahdr: 	
1578++ 983A             		db	030h,098h,0f2h,0b0h,022h,0c8h,00ah,0ffh
1578++ 983A 3098F2B022C80AFF
1579++ 9842             
1580++ 9842             patch_81B: 	
1581++ 9842 01          		db	1	; transpose on
1582++ 9843 3A 98       		dw	patch_81Ahdr
1583++ 9845 10 18 61    		db	16,18h, 1 + 48 * 2	; tone 280
1584++ 9848 ED AF       		dw	frq_918
1585++ 984A 16 19 81    		db	22,19h, 1 + 64 * 2	; tone 281
1586++ 984D ED A6       		dw	frq_352
1587++ 984F 1C 1A 75    		db	28,1ah, 1 + 58 * 2	; tone 282
1588++ 9852 D5 AF       		dw	frq_916
1589++ 9854 22 1B 81    		db	34,1bh, 1 + 64 * 2	; tone 283
1590++ 9857 ED A6       		dw	frq_352
1591++ 9859 28 1C 75    		db	40,1ch, 1 + 58 * 2	; tone 284
1592++ 985C 65 B0       		dw	frq_927
1593++ 985E 2E 1D 81    		db	46,1dh, 1 + 64 * 2	; tone 285
1594++ 9861 65 A7       		dw	frq_358
1595++ 9863 34 1E 75    		db	52,1eh, 1 + 58 * 2	; tone 286
1596++ 9866 0D B1       		dw	frq_941
1597++ 9868 3A 1F 81    		db	58,1fh, 1 + 64 * 2	; tone 287
1598++ 986B 65 A7       		dw	frq_358
1599++ 986D 40 20 75    		db	64,20h, 1 + 58 * 2	; tone 288
1600++ 9870 E5 B1       		dw	frq_966
1601++ 9872 46 21 81    		db	70,21h, 1 + 64 * 2	; tone 289
1602++ 9875 FD A5       		dw	frq_333
1603++ 9877 4F 22 75    		db	79,22h, 1 + 58 * 2	; tone 290
1604++ 987A D5 AF       		dw	frq_916
1605++ 987C FF 23 6F    		db	255,23h, 1 + 55 * 2	; tone 291
1606++ 987F D5 AF       		dw	frq_916
1607++ 9881             
1608++ 9881             ;--- GM 82 = Lead 3 (calliope) ---
1609++ 9881             
1610++ 9881             patch_82A: 	
1611++ 9881 01          		db	1	; transpose on
1612++ 9882 89 98       		dw	patch_82Ahdr
1613++ 9884 FF AA 00    		db	255,170, 0 * 2
1614++ 9887 65 A1       		dw	frq_94
1615++ 9889             patch_82Ahdr: 	
1616++ 9889 28 E0 02 FF 		db	028h,0e0h,2,0ffh
1617++ 988D             
1618++ 988D             patch_82B: 	
1619++ 988D 01          		db	1	; transpose on
1620++ 988E 95 98       		dw	patch_82Bhdr
1621++ 9890 FF 76 18    		db	255,118, 12 * 2
1622++ 9893 A5 A6       		dw	frq_345
1623++ 9895             patch_82Bhdr: 	
1624++ 9895             		db	028h,098h,0b0h,0e0h,2,0ffh
1624++ 9895 2898B0E002FF
1625++ 989B             
1626++ 989B             ;--- GM 83 = Lead 4 (chiff) ---
1627++ 989B             
1628++ 989B             patch_83A: 	
1629++ 989B 01          		db	1	; transpose on
1630++ 989C A3 98       		dw	patch_83Ahdr
1631++ 989E FF 3A 19    		db	255,3ah, 1 + 12 * 2	; tone 314
1632++ 98A1 CD A5       		dw	frq_314
1633++ 98A3             patch_83Ahdr: 	
1634++ 98A3 2A E0 01 FF 		db	02ah,0e0h,1,0ffh
1635++ 98A7             
1636++ 98A7             patch_83B: 	
1637++ 98A7 01          		db	1	; transpose on
1638++ 98A8 E6 8F       		dw	patch_2Bhdr
1639++ 98AA FF FE 18    		db	255,254, 12 * 2
1640++ 98AD B5 A5       		dw	frq_311
1641++ 98AF             
1642++ 98AF             
1643++ 98AF             ;--- GM 84 = Lead 5 (charang) ---
1644++ 98AF             
1645++ 98AF             patch_84A: 	
1646++ 98AF 01          		db	1	; transpose on
1647++ 98B0 BC 98       		dw	patch_84Ahdr
1648++ 98B2 29 A5 48    		db	41,165, 36 * 2
1649++ 98B5 65 A4       		dw	frq_231
1650++ 98B7 FF A6 82    		db	255,166, 65 * 2
1651++ 98BA ED A9       		dw	frq_462
1652++ 98BC             patch_84Ahdr: 	
1653++ 98BC 33 FF       		db	033h,0ffh
1654++ 98BE             
1655++ 98BE             patch_84B: 	
1656++ 98BE 01          		db	1	; transpose on
1657++ 98BF FD 98       		dw	patch_84Bhdr
1658++ 98C1 10 18 61    		db	16,18h, 1 + 48 * 2	; tone 280
1659++ 98C4 ED AF       		dw	frq_918
1660++ 98C6 16 19 81    		db	22,19h, 1 + 64 * 2	; tone 281
1661++ 98C9 ED A6       		dw	frq_352
1662++ 98CB 1C 1A 75    		db	28,1ah, 1 + 58 * 2	; tone 282
1663++ 98CE D5 AF       		dw	frq_916
1664++ 98D0 22 1B 81    		db	34,1bh, 1 + 64 * 2	; tone 283
1665++ 98D3 ED A6       		dw	frq_352
1666++ 98D5 28 1C 75    		db	40,1ch, 1 + 58 * 2	; tone 284
1667++ 98D8 65 B0       		dw	frq_927
1668++ 98DA 2E 1D 81    		db	46,1dh, 1 + 64 * 2	; tone 285
1669++ 98DD 65 A7       		dw	frq_358
1670++ 98DF 34 1E 75    		db	52,1eh, 1 + 58 * 2	; tone 286
1671++ 98E2 0D B1       		dw	frq_941
1672++ 98E4 3A 1F 81    		db	58,1fh, 1 + 64 * 2	; tone 287
1673++ 98E7 65 A7       		dw	frq_358
1674++ 98E9 40 20 75    		db	64,20h, 1 + 58 * 2	; tone 288
1675++ 98EC E5 B1       		dw	frq_966
1676++ 98EE 46 21 81    		db	70,21h, 1 + 64 * 2	; tone 289
1677++ 98F1 FD A5       		dw	frq_333
1678++ 98F3 4F 22 75    		db	79,22h, 1 + 58 * 2	; tone 290
1679++ 98F6 D5 AF       		dw	frq_916
1680++ 98F8 FF 23 6F    		db	255,23h, 1 + 55 * 2	; tone 291
1681++ 98FB D5 AF       		dw	frq_916
1682++ 98FD             patch_84Bhdr: 	
1683++ 98FD             		db	02ah,098h,0f2h,0b0h,022h,0c8h,00eh,0ffh
1683++ 98FD 2A98F2B022C80EFF
1684++ 9905             
1685++ 9905             
1686++ 9905             ;--- GM 85 = Lead 6 (voice) ---
1687++ 9905             
1688++ 9905             patch_85A: 	
1689++ 9905 01          		db	1	; transpose on
1690++ 9906 0D 99       		dw	patch_85Ahdr
1691++ 9908 FF AA 00    		db	255,170, 0 * 2
1692++ 990B AD A1       		dw	frq_98
1693++ 990D             patch_85Ahdr: 	
1694++ 990D 2E FF       		db	02eh,0ffh
1695++ 990F             
1696++ 990F             patch_85B: 	
1697++ 990F 01          		db	1	; transpose on
1698++ 9910 17 99       		dw	patch_85Bhdr
1699++ 9912 FF 2A 18    		db	255,42, 12 * 2
1700++ 9915 45 A3       		dw	frq_204
1701++ 9917             patch_85Bhdr: 	
1702++ 9917             		db	029h,098h,0f0h,0c8h,00ah,0ffh
1702++ 9917 2998F0C80AFF
1703++ 991D             
1704++ 991D             
1705++ 991D             ;--- GM 86 = Lead 7 (fifths) ---
1706++ 991D             
1707++ 991D             patch_86A: 	
1708++ 991D 01          		db	1	; transpose on
1709++ 991E 5C 99       		dw	patch_86Ahdr
1710++ 9920 10 18 61    		db	16,18h, 1 + 48 * 2	; tone 280
1711++ 9923 ED AF       		dw	frq_918
1712++ 9925 16 19 81    		db	22,19h, 1 + 64 * 2	; tone 281
1713++ 9928 ED A6       		dw	frq_352
1714++ 992A 1C 1A 75    		db	28,1ah, 1 + 58 * 2	; tone 282
1715++ 992D D5 AF       		dw	frq_916
1716++ 992F 22 1B 81    		db	34,1bh, 1 + 64 * 2	; tone 283
1717++ 9932 ED A6       		dw	frq_352
1718++ 9934 28 1C 75    		db	40,1ch, 1 + 58 * 2	; tone 284
1719++ 9937 65 B0       		dw	frq_927
1720++ 9939 2E 1D 81    		db	46,1dh, 1 + 64 * 2	; tone 285
1721++ 993C 65 A7       		dw	frq_358
1722++ 993E 34 1E 75    		db	52,1eh, 1 + 58 * 2	; tone 286
1723++ 9941 0D B1       		dw	frq_941
1724++ 9943 3A 1F 81    		db	58,1fh, 1 + 64 * 2	; tone 287
1725++ 9946 65 A7       		dw	frq_358
1726++ 9948 40 20 75    		db	64,20h, 1 + 58 * 2	; tone 288
1727++ 994B E5 B1       		dw	frq_966
1728++ 994D 46 21 81    		db	70,21h, 1 + 64 * 2	; tone 289
1729++ 9950 FD A5       		dw	frq_333
1730++ 9952 4F 22 75    		db	79,22h, 1 + 58 * 2	; tone 290
1731++ 9955 D5 AF       		dw	frq_916
1732++ 9957 FF 23 6F    		db	255,23h, 1 + 55 * 2	; tone 291
1733++ 995A D5 AF       		dw	frq_916
1734++ 995C             patch_86Ahdr: 	
1735++ 995C 32 98 F5 FF 		db	032h,098h,0f5h,0ffh
1736++ 9960             
1737++ 9960             patch_86B: 	
1738++ 9960 01          		db	1	; transpose on
1739++ 9961 68 99       		dw	patch_86Bhdr
1740++ 9963 FF 02 18    		db	255,2, 12 * 2
1741++ 9966 7D B0       		dw	frq_929
1742++ 9968             patch_86Bhdr: 	
1743++ 9968             		db	031h,098h,0b3h,0b0h,022h,0c8h,00bh,0ffh
1743++ 9968 3198B3B022C80BFF
1744++ 9970             
1745++ 9970             ;--- GM 87 = Lead 8 (bass + lead) ---
1746++ 9970             
1747++ 9970             patch_87A: 	
1748++ 9970 01          		db	1	; transpose on
1749++ 9971 53 92       		dw	patch_27hdr
1750++ 9973 FF 17 61    		db	255,17h, 1 + 48 * 2	; tone 279
1751++ 9976 05 A4       		dw	frq_219
1752++ 9978             
1753++ 9978             
1754++ 9978             ;--- GM 88 = Pad 1 (new age) ---
1755++ 9978             ; B zachter dan A
1756++ 9978             patch_88A: 	
1757++ 9978 01          		db	1	; transpose on
1758++ 9979 80 99       		dw	patch_88Ahdr
1759++ 997B FF 02 18    		db	255,2, 12 * 2
1760++ 997E 65 B0       		dw	frq_927
1761++ 9980             patch_88Ahdr: 	
1762++ 9980 24 FF       		db	024h,0ffh
1763++ 9982             
1764++ 9982             patch_88B: 	
1765++ 9982 01          		db	1	; transpose on
1766++ 9983 8A 99       		dw	patch_88Bhdr
1767++ 9985 FF F3 18    		db	255,243, 12 * 2
1768++ 9988 35 AD       		dw	frq_721
1769++ 998A             patch_88Bhdr: 	
1770++ 998A             		db	023h,098h,0a2h,0b0h,014h,0c8h,6,0e0h,1,0ffh
1770++ 998A 2398A2B014C806E001FF
1771++ 9994             
1772++ 9994             ;--- GM 89 = Pad 2 (warm) ---
1773++ 9994             ; B zachter dan A
1774++ 9994             patch_89A: 	
1775++ 9994 01          		db	1	; transpose on
1776++ 9995 9C 99       		dw	patch_89Ahdr
1777++ 9997 FF 4E 30    		db	255,78, 24 * 2
1778++ 999A 85 A8       		dw	frq_379
1779++ 999C             patch_89Ahdr: 	
1780++ 999C 2A E0 02 FF 		db	02ah,0e0h,2,0ffh
1781++ 99A0             
1782++ 99A0             patch_89B: 	
1783++ 99A0 01          		db	1	; transpose on
1784++ 99A1 1B 96       		dw	patch_63Bhdr
1785++ 99A3 FF 29 18    		db	255,41, 12 * 2
1786++ 99A6 AD A4       		dw	frq_261
1787++ 99A8             
1788++ 99A8             
1789++ 99A8             ;--- GM 90 = Pad 3 (polysynth) ---
1790++ 99A8             
1791++ 99A8             patch_90A: 	
1792++ 99A8 01          		db	1	; transpose on
1793++ 99A9 E7 99       		dw	patch_90Ahdr
1794++ 99AB 10 18 61    		db	16,18h, 1 + 48 * 2	; tone 280
1795++ 99AE 7D B0       		dw	frq_929
1796++ 99B0 16 19 81    		db	22,19h, 1 + 64 * 2	; tone 281
1797++ 99B3 7D A7       		dw	frq_360
1798++ 99B5 1C 1A 75    		db	28,1ah, 1 + 58 * 2	; tone 282
1799++ 99B8 65 B0       		dw	frq_927
1800++ 99BA 22 1B 81    		db	34,1bh, 1 + 64 * 2	; tone 283
1801++ 99BD 7D A7       		dw	frq_360
1802++ 99BF 28 1C 75    		db	40,1ch, 1 + 58 * 2	; tone 284
1803++ 99C2 F5 B0       		dw	frq_939
1804++ 99C4 2E 1D 81    		db	46,1dh, 1 + 64 * 2	; tone 285
1805++ 99C7 F5 A7       		dw	frq_366
1806++ 99C9 34 1E 75    		db	52,1eh, 1 + 58 * 2	; tone 286
1807++ 99CC 85 B1       		dw	frq_951
1808++ 99CE 3A 1F 81    		db	58,1fh, 1 + 64 * 2	; tone 287
1809++ 99D1 F5 A7       		dw	frq_366
1810++ 99D3 40 20 75    		db	64,20h, 1 + 58 * 2	; tone 288
1811++ 99D6 2D B2       		dw	frq_977
1812++ 99D8 46 21 81    		db	70,21h, 1 + 64 * 2	; tone 289
1813++ 99DB 5D A6       		dw	frq_341
1814++ 99DD 4F 22 75    		db	79,22h, 1 + 58 * 2	; tone 290
1815++ 99E0 65 B0       		dw	frq_927
1816++ 99E2 FF 23 6F    		db	255,23h, 1 + 55 * 2	; tone 291
1817++ 99E5 65 B0       		dw	frq_927
1818++ 99E7             patch_90Ahdr: 	
1819++ 99E7             		db	023h,098h,0f2h,0b0h,022h,0c8h,007h,0e0h,1,0ffh
1819++ 99E7 2398F2B022C807E001FF
1820++ 99F1             
1821++ 99F1             patch_90B: 	
1822++ 99F1 01          		db	1	; transpose on
1823++ 99F2 F9 99       		dw	patch_90Bhdr
1824++ 99F4 FF 24 19    		db	255,24h, 1 + 12 * 2	; tone 292
1825++ 99F7 DD AA       		dw	frq_550
1826++ 99F9             patch_90Bhdr: 	
1827++ 99F9 22 98 E5 FF 		db	022h,098h,0e5h,0ffh
1828++ 99FD             
1829++ 99FD             ;--- GM 91 = Pad 4 (choir) ---
1830++ 99FD             
1831++ 99FD             patch_91A: 	
1832++ 99FD 01          		db	1	; transpose on
1833++ 99FE 14 9A       		dw	patch_91Ahdr
1834++ 9A00 23 18 30    		db	35,24, 24 * 2
1835++ 9A03 45 A3       		dw	frq_204
1836++ 9A05 29 19 5E    		db	41,25, 47 * 2
1837++ 9A08 25 AE       		dw	frq_815
1838++ 9A0A 30 1A 6A    		db	48,26, 53 * 2
1839++ 9A0D 5D A3       		dw	frq_206
1840++ 9A0F FF 1B 60    		db	255,27, 48 * 2
1841++ 9A12 35 A7       		dw	frq_356
1842++ 9A14             patch_91Ahdr: 	
1843++ 9A14 25 C8 06 FF 		db	025h,0c8h,006h,0ffh
1844++ 9A18             
1845++ 9A18             patch_91B: 	
1846++ 9A18 01          		db	1	; transpose on
1847++ 9A19 20 9A       		dw	patch_91Bhdr
1848++ 9A1B FF 2A 18    		db	255,42, 12 * 2
1849++ 9A1E 75 A3       		dw	frq_208
1850++ 9A20             patch_91Bhdr: 	
1851++ 9A20             		db	024h,098h,065h,0b0h,021h,0ffh
1851++ 9A20 249865B021FF
1852++ 9A26             
1853++ 9A26             ;--- GM 92 = Pad 5 (bowed) ---
1854++ 9A26             
1855++ 9A26             patch_92A: 	
1856++ 9A26 01          		db	1	; transpose on
1857++ 9A27 2E 9A       		dw	patch_92Ahdr
1858++ 9A29 FF 02 31    		db	255,2, 1 + 24 * 2	; tone 257
1859++ 9A2C 1D A1       		dw	frq_88
1860++ 9A2E             patch_92Ahdr: 	
1861++ 9A2E             		db	019h,098h,044h,0e0h,2,0ffh
1861++ 9A2E 199844E002FF
1862++ 9A34             
1863++ 9A34             patch_92B: 	
1864++ 9A34 01          		db	1	; transpose on
1865++ 9A35 3C 9A       		dw	patch_92Bhdr
1866++ 9A37 FF AA 00    		db	255,170, 0 * 2
1867++ 9A3A 35 A1       		dw	frq_89
1868++ 9A3C             patch_92Bhdr: 	
1869++ 9A3C             		db	019h,098h,040h,0c8h,6,0ffh
1869++ 9A3C 199840C806FF
1870++ 9A42             
1871++ 9A42             ;--- GM 93 = Pad 6 (metallic) ---
1872++ 9A42             
1873++ 9A42             patch_93A: 	
1874++ 9A42 01          		db	1	; transpose on
1875++ 9A43 59 9A       		dw	patch_93Ahdr
1876++ 9A45 1A 0C 48    		db	26,12, 36 * 2
1877++ 9A48 45 A9       		dw	frq_445
1878++ 9A4A 21 0D 64    		db	33,13, 50 * 2
1879++ 9A4D 75 A9       		dw	frq_450
1880++ 9A4F 30 0E 5A    		db	48,14, 45 * 2
1881++ 9A52 9D AE       		dw	frq_828
1882++ 9A54 FF 0F 60    		db	255,15, 48 * 2
1883++ 9A57 9D AE       		dw	frq_828
1884++ 9A59             patch_93Ahdr: 	
1885++ 9A59             		db	00ah,0b0h,003h,0c8h,6,0ffh
1885++ 9A59 0AB003C806FF
1886++ 9A5F             
1887++ 9A5F             patch_93B: 	
1888++ 9A5F 01          		db	1	; transpose on
1889++ 9A60 67 9A       		dw	patch_93Bhdr
1890++ 9A62 FF 3F 18    		db	255,63, 12 * 2
1891++ 9A65 BD AC       		dw	frq_698
1892++ 9A67             patch_93Bhdr: 	
1893++ 9A67 31 98 85 FF 		db	031h,098h,085h,0ffh
1894++ 9A6B             
1895++ 9A6B             ;--- GM 94 = Pad 7 (halo) ---
1896++ 9A6B             patch_94A: 	
1897++ 9A6B 01          		db	1	; transpose on
1898++ 9A6C AF 94       		dw	patch_52hdr
1899++ 9A6E FF 24 19    		db	255,24h, 1 + 12 * 2	; 292
1900++ 9A71 85 AB       		dw	frq_560
1901++ 9A73             
1902++ 9A73             patch_94B: 	
1903++ 9A73 01          		db	1	; transpose on
1904++ 9A74 5E 90       		dw	patch_5Ahdr
1905++ 9A76 FF 2A 18    		db	255,42, 12 * 2
1906++ 9A79 15 A3       		dw	frq_202
1907++ 9A7B             
1908++ 9A7B             
1909++ 9A7B             ;--- GM 95 = Pad 8 (sweep) ---
1910++ 9A7B             
1911++ 9A7B             patch_95A: 	
1912++ 9A7B 01          		db	1	; transpose on
1913++ 9A7C BA 9A       		dw	patch_95Ahdr
1914++ 9A7E 10 D3 60    		db	16,211, 48 * 2
1915++ 9A81 05 B0       		dw	frq_920
1916++ 9A83 16 DA 80    		db	22,218, 64 * 2
1917++ 9A86 35 A7       		dw	frq_356
1918++ 9A88 1C D4 74    		db	28,212, 58 * 2
1919++ 9A8B 05 B0       		dw	frq_920
1920++ 9A8D 22 DB 80    		db	34,219, 64 * 2
1921++ 9A90 BD A6       		dw	frq_348
1922++ 9A92 28 D5 74    		db	40,213, 58 * 2
1923++ 9A95 DD B0       		dw	frq_937
1924++ 9A97 2E DC 80    		db	46,220, 64 * 2
1925++ 9A9A ED A6       		dw	frq_352
1926++ 9A9C 34 D6 74    		db	52,214, 58 * 2
1927++ 9A9F 4D B0       		dw	frq_926
1928++ 9AA1 3A DD 80    		db	58,221, 64 * 2
1929++ 9AA4 DD A7       		dw	frq_365
1930++ 9AA6 40 D7 74    		db	64,215, 58 * 2
1931++ 9AA9 15 B2       		dw	frq_974	; 975
1932++ 9AAB 46 DE 80    		db	70,222, 64 * 2
1933++ 9AAE 5D A6       		dw	frq_341
1934++ 9AB0 4C D8 74    		db	76,216, 58 * 2
1935++ 9AB3 4D B0       		dw	frq_926
1936++ 9AB5 FF D9 68    		db	255,217, 52 * 2
1937++ 9AB8 4D B0       		dw	frq_926
1938++ 9ABA             patch_95Ahdr: 	
1939++ 9ABA             		db	019h,098h,015h,0c8h,6,0ffh
1939++ 9ABA 199815C806FF
1940++ 9AC0             
1941++ 9AC0             patch_95B: 	
1942++ 9AC0 01          		db	1	; transpose on
1943++ 9AC1 FF 9A       		dw	patch_95Bhdr
1944++ 9AC3 10 D3 60    		db	16,211, 48 * 2
1945++ 9AC6 BD AF       		dw	frq_909
1946++ 9AC8 16 DA 80    		db	22,218, 64 * 2
1947++ 9ACB D5 A6       		dw	frq_350
1948++ 9ACD 1C D4 74    		db	28,212, 58 * 2
1949++ 9AD0 BD AF       		dw	frq_909
1950++ 9AD2 22 DB 80    		db	34,219, 64 * 2
1951++ 9AD5 45 A6       		dw	frq_340
1952++ 9AD7 28 D5 74    		db	40,213, 58 * 2
1953++ 9ADA 65 B0       		dw	frq_927
1954++ 9ADC 2E DC 80    		db	46,220, 64 * 2
1955++ 9ADF A5 A6       		dw	frq_345
1956++ 9AE1 34 D6 74    		db	52,214, 58 * 2
1957++ 9AE4 D5 AF       		dw	frq_916
1958++ 9AE6 3A DD 80    		db	58,221, 64 * 2
1959++ 9AE9 4D A7       		dw	frq_357
1960++ 9AEB 40 D7 74    		db	64,215, 58 * 2
1961++ 9AEE CD B1       		dw	frq_964
1962++ 9AF0 46 DE 80    		db	70,222, 64 * 2
1963++ 9AF3 FD A5       		dw	frq_333
1964++ 9AF5 4C D8 74    		db	76,216, 58 * 2
1965++ 9AF8 4D B0       		dw	frq_926
1966++ 9AFA FF D9 68    		db	255,217, 52 * 2
1967++ 9AFD D5 AF       		dw	frq_916
1968++ 9AFF             
1969++ 9AFF             patch_95Bhdr: 	
1970++ 9AFF             		db	018h,098h,015h,0c8h,6,0ffh
1970++ 9AFF 189815C806FF
1971++ 9B05             
1972++ 9B05             ;--- GM 96 = Rain ---
1973++ 9B05             
1974++ 9B05             patch_96: 	
1975++ 9B05 00          		db	0	; transpose off
1976++ 9B06 2B 91       		dw	patch_15Bhdr
1977++ 9B08 FF 43 63    		db	255,43h, 1 + (48 + 1) * 2	; tone 323
1978++ 9B0B 5D A9       		dw	frq_448
1979++ 9B0D             
1980++ 9B0D             
1981++ 9B0D             ;--- GM 97 = Soundtrack ---
1982++ 9B0D             
1983++ 9B0D             patch_97A: 	
1984++ 9B0D 01          		db	1	; transpose on
1985++ 9B0E 15 9B       		dw	patch_97Ahdr
1986++ 9B10 FF 02 30    		db	255,2, 24 * 2
1987++ 9B13 65 B0       		dw	frq_927
1988++ 9B15             patch_97Ahdr: 	
1989++ 9B15 2A 98 60 FF 		db	02ah,098h,060h,0ffh
1990++ 9B19             
1991++ 9B19             patch_97B: 	
1992++ 9B19 01          		db	1	; transpose on
1993++ 9B1A 21 9B       		dw	patch_97Bhdr
1994++ 9B1C FF F3 00    		db	255,243, 0 * 2
1995++ 9B1F ED AC       		dw	frq_704
1996++ 9B21             patch_97Bhdr: 	
1997++ 9B21             		db	02dh,098h,052h,0b0h,014h,0c8h,006h,0e0h,2,0ffh
1997++ 9B21 2D9852B014C806E002FF
1998++ 9B2B             
1999++ 9B2B             ;--- GM 98 = Crystal ---
2000++ 9B2B             
2001++ 9B2B             patch_98A: 	
2002++ 9B2B 01          		db	1	; transpose on
2003++ 9B2C 33 9B       		dw	patch_98Ahdr
2004++ 9B2E FF F3 00    		db	255,243, 0 * 2
2005++ 9B31 25 A2       		dw	frq_143
2006++ 9B33             patch_98Ahdr: 	
2007++ 9B33 33 FF       		db	033h,0ffh
2008++ 9B35             
2009++ 9B35             patch_98B: 	
2010++ 9B35 01          		db	1	; transpose on
2011++ 9B36 47 9B       		dw	patch_98Bhdr
2012++ 9B38 15 6D 48    		db	21,109, 36 * 2
2013++ 9B3B 85 AE       		dw	frq_824
2014++ 9B3D 1F 6E 5A    		db	31,110, 45 * 2
2015++ 9B40 B5 AE       		dw	frq_831
2016++ 9B42 FF 6F 56    		db	255,111, 43 * 2
2017++ 9B45 2D AF       		dw	frq_843
2018++ 9B47             patch_98Bhdr: 	
2019++ 9B47             		db	03bh,098h,085h,0c8h,6,0ffh
2019++ 9B47 3B9885C806FF
2020++ 9B4D             
2021++ 9B4D             ;--- GM 99 = Atmosphere ---
2022++ 9B4D             
2023++ 9B4D             patch_99A: 	
2024++ 9B4D 01          		db	1	; transpose on
2025++ 9B4E 55 9B       		dw	patch_99Ahdr
2026++ 9B50 FF 02 30    		db	255,2, 24 * 2
2027++ 9B53 65 B0       		dw	frq_927
2028++ 9B55             patch_99Ahdr: 	
2029++ 9B55             		db	032h,098h,073h,0b0h,022h,0c8h,6,0e0h,1,0ffh
2029++ 9B55 329873B022C806E001FF
2030++ 9B5F             
2031++ 9B5F             patch_99B: 	
2032++ 9B5F 01          		db	1	; transpose on
2033++ 9B60 7B 9B       		dw	patch_99Bhdr
2034++ 9B62 18 B3 48    		db	24,179, 36 * 2
2035++ 9B65 A5 A9       		dw	frq_459
2036++ 9B67 1F B7 60    		db	31,183, 48 * 2
2037++ 9B6A 0D AB       		dw	frq_555
2038++ 9B6C 25 B5 6E    		db	37,181, 55 * 2
2039++ 9B6F CD 9F       		dw	frq_21
2040++ 9B71 2C B4 62    		db	44,180, 49 * 2
2041++ 9B74 A5 A9       		dw	frq_459
2042++ 9B76 FF B6 58    		db	255,182, 44 * 2
2043++ 9B79 4D AD       		dw	frq_726
2044++ 9B7B             patch_99Bhdr: 	
2045++ 9B7B             		db	032h,0c8h,7,0e0h,2,0ffh
2045++ 9B7B 32C807E002FF
2046++ 9B81             
2047++ 9B81             ;--- GM 100 = Brightness ---
2048++ 9B81             
2049++ 9B81             patch_100A: 	
2050++ 9B81 01          		db	1	; transpose on
2051++ 9B82 2B 91       		dw	patch_15Bhdr
2052++ 9B84 FF 37 31    		db	255,37h, 1 + 24 * 2	; tone 311
2053++ 9B87 F5 A7       		dw	frq_366
2054++ 9B89             
2055++ 9B89             patch_100B: 	
2056++ 9B89 01          		db	1	; transpose on
2057++ 9B8A 91 9B       		dw	patch_100Bhdr
2058++ 9B8C FF 2A 18    		db	255,42, 12 * 2
2059++ 9B8F 75 A3       		dw	frq_208
2060++ 9B91             patch_100Bhdr: 	
2061++ 9B91 29 C8 06 FF 		db	029h,0c8h,6,0ffh
2062++ 9B95             
2063++ 9B95             ;--- GM 102 = Echoes ---
2064++ 9B95             
2065++ 9B95             patch_102A: 	
2066++ 9B95 01          		db	1	; transpose on
2067++ 9B96 9D 9B       		dw	patch_102Ahdr
2068++ 9B98 FF 24 31    		db	255,24h, 1 + 24 * 2	; tone 292
2069++ 9B9B F5 AA       		dw	frq_552
2070++ 9B9D             patch_102Ahdr: 	
2071++ 9B9D             		db	02bh,098h,0f5h,0b0h,021h,0c8h,6,0ffh
2071++ 9B9D 2B98F5B021C806FF
2072++ 9BA5             
2073++ 9BA5             patch_102B: 	
2074++ 9BA5 01          		db	1	; transpose on
2075++ 9BA6 AD 9B       		dw	patch_102Bhdr
2076++ 9BA8 FF 2A 18    		db	255,42, 12 * 2
2077++ 9BAB 8D A3       		dw	frq_211
2078++ 9BAD             patch_102Bhdr: 	
2079++ 9BAD             		db	02bh,098h,085h,0b0h,023h,0c8h,7,0ffh
2079++ 9BAD 2B9885B023C807FF
2080++ 9BB5             
2081++ 9BB5             ;--- GM 103 = FX 8 (sci-fi) ---
2082++ 9BB5             
2083++ 9BB5             patch_103A: 	
2084++ 9BB5 01          		db	1	; transpose on
2085++ 9BB6 CC 9B       		dw	patch_103Ahdr
2086++ 9BB8 1A 0C 48    		db	26,12, 36 * 2
2087++ 9BBB 2D A9       		dw	frq_443
2088++ 9BBD 21 0D 64    		db	33,13, 50 * 2
2089++ 9BC0 5D A9       		dw	frq_448
2090++ 9BC2 30 0E 5A    		db	48,14, 45 * 2
2091++ 9BC5 85 AE       		dw	frq_824
2092++ 9BC7 FF 0F 60    		db	255,15, 48 * 2
2093++ 9BCA 85 AE       		dw	frq_824
2094++ 9BCC             patch_103Ahdr: 	
2095++ 9BCC             		db	02bh,098h,090h,0c8h,6,0e0h,3,0ffh
2095++ 9BCC 2B9890C806E003FF
2096++ 9BD4             
2097++ 9BD4             patch_103B: 	
2098++ 9BD4 01          		db	1	; transpose on
2099++ 9BD5 1B 96       		dw	patch_63Bhdr
2100++ 9BD7 FF 02 18    		db	255,2, 12 * 2
2101++ 9BDA 35 B0       		dw	frq_925
2102++ 9BDC             
2103++ 9BDC             
2104++ 9BDC             ;--- GM 104 = Sitar ---
2105++ 9BDC             
2106++ 9BDC             patch_104: 	
2107++ 9BDC 01          		db	1	; transpose on
2108++ 9BDD E4 9B       		dw	patch_104hdr
2109++ 9BDF FF 0F 19    		db	255,0fh, 1 + 12 * 2	; tone 271
2110++ 9BE2 5D AF       		dw	frq_847
2111++ 9BE4             patch_104hdr: 	
2112++ 9BE4             		db	032h,098h,0f4h,0b0h,015h,0c8h,016h,0e0h,1,0ffh
2112++ 9BE4 3298F4B015C816E001FF
2113++ 9BEE             
2114++ 9BEE             ;--- GM 105 = Banjo ---
2115++ 9BEE             
2116++ 9BEE             patch_105: 	
2117++ 9BEE 01          		db	1	; transpose on
2118++ 9BEF C7 91       		dw	patch_23Ahdr
2119++ 9BF1 1D 13 30    		db	29,19, 24 * 2
2120++ 9BF4 15 AC       		dw	frq_641
2121++ 9BF6 21 14 6A    		db	33,20, 53 * 2
2122++ 9BF9 2D A3       		dw	frq_203
2123++ 9BFB 25 12 5A    		db	37,18, 45 * 2
2124++ 9BFE 3D B1       		dw	frq_944
2125++ 9C00 2D 15 62    		db	45,21, 49 * 2
2126++ 9C03 55 A5       		dw	frq_288
2127++ 9C05 35 17 5A    		db	53,23, 45 * 2
2128++ 9C08 8D AC       		dw	frq_677
2129++ 9C0A FF 16 6A    		db	255,22, 53 * 2
2130++ 9C0D 45 A0       		dw	frq_45
2131++ 9C0F             
2132++ 9C0F             ;--- GM 106 = Shamisen ---
2133++ 9C0F             
2134++ 9C0F             patch_106: 	
2135++ 9C0F 01          		db	1	; transpose on
2136++ 9C10 E6 8F       		dw	patch_2Bhdr
2137++ 9C12 FF 0E 19    		db	255,0eh, 1 + 12 * 2	; tone 270
2138++ 9C15 95 A1       		dw	frq_97
2139++ 9C17             
2140++ 9C17             ;--- GM 107 = Koto ---
2141++ 9C17             
2142++ 9C17             patch_107: 	
2143++ 9C17 01          		db	1	; transpose on
2144++ 9C18 6E 8F       		dw	patch_0hdr
2145++ 9C1A FF A9 18    		db	255,169, 12 * 2
2146++ 9C1D 25 AB       		dw	frq_556
2147++ 9C1F             
2148++ 9C1F             
2149++ 9C1F             ;--- GM 108 = Kalimba ---
2150++ 9C1F             
2151++ 9C1F             patch_108: 	
2152++ 9C1F 01          		db	1	; transpose on
2153++ 9C20 C7 91       		dw	patch_23Ahdr
2154++ 9C22 FF 37 19    		db	255,37h, 1 + 12 * 2	; tone 311
2155++ 9C25 F5 A7       		dw	frq_366
2156++ 9C27             
2157++ 9C27             
2158++ 9C27             ;--- GM 109 = Bagpipes ---
2159++ 9C27             
2160++ 9C27             patch_109A: 	
2161++ 9C27 01          		db	1	; transpose on
2162++ 9C28 34 9C       		dw	patch_109Ahdr
2163++ 9C2A 22 A4 60    		db	34,164, 48 * 2
2164++ 9C2D 3D 9F       		dw	frq_1
2165++ 9C2F FF A8 5C    		db	255,168, 46 * 2
2166++ 9C32 15 A6       		dw	frq_335
2167++ 9C34             patch_109Ahdr: 	
2168++ 9C34 1C FF       		db	01ch,0ffh
2169++ 9C36             
2170++ 9C36             
2171++ 9C36             patch_109B: 	
2172++ 9C36 01          		db	1	; transpose on
2173++ 9C37 43 9C       		dw	patch_109Bhdr
2174++ 9C39 22 A7 60    		db	34,167, 48 * 2
2175++ 9C3C 25 9F       		dw	frq_0
2176++ 9C3E FF A8 5C    		db	255,168, 46 * 2
2177++ 9C41 15 A6       		dw	frq_335
2178++ 9C43             patch_109Bhdr: 	
2179++ 9C43 19 FF       		db	019h,0ffh
2180++ 9C45             
2181++ 9C45             ;--- GM 110 = Fiddle ---
2182++ 9C45             
2183++ 9C45             patch_110: 	
2184++ 9C45 01          		db	1	; transpose on
2185++ 9C46 F8 96       		dw	patch_69hdr
2186++ 9C48 23 05 31    		db	35,05h, 1 + 24 * 2	; tone 261
2187++ 9C4B 55 A5       		dw	frq_288
2188++ 9C4D 28 02 77    		db	40,02h, 1 + 59 * 2	; tone 258
2189++ 9C50 75 A0       		dw	frq_69
2190++ 9C52 2A 06 69    		db	42,06h, 1 + 52 * 2	; tone 262
2191++ 9C55 E5 AB       		dw	frq_630
2192++ 9C57 2D 07 6D    		db	45,07h, 1 + 54 * 2	; tone 263
2193++ 9C5A 25 AB       		dw	frq_556
2194++ 9C5C 30 08 73    		db	48,08h, 1 + 57 * 2	; tone 264
2195++ 9C5F C5 A4       		dw	frq_264
2196++ 9C61 33 0A 61    		db	51,0ah, 1 + 48 * 2	; tone 266
2197++ 9C64 05 B0       		dw	frq_920
2198++ 9C66 35 0B 67    		db	53,0bh, 1 + 51 * 2	; tone 267
2199++ 9C69 4D AD       		dw	frq_726
2200++ 9C6B 37 0C 6B    		db	55,0ch, 1 + 53 * 2	; tone 268
2201++ 9C6E 9D AB       		dw	frq_579
2202++ 9C70 3A 0D 6F    		db	58,0dh, 1 + 55 * 2	; tone 269
2203++ 9C73 2D A6       		dw	frq_338
2204++ 9C75 FF 09 75    		db	255,09h, 1 + 58 * 2	; tone 265
2205++ 9C78 25 A2       		dw	frq_143
2206++ 9C7A             
2207++ 9C7A             ;--- GM 111 = Shanai ---
2208++ 9C7A             
2209++ 9C7A             patch_111: 	
2210++ 9C7A 01          		db	1	; transpose on
2211++ 9C7B 82 9C       		dw	patch_111hdr
2212++ 9C7D FF 41 48    		db	255,65, 36 * 2
2213++ 9C80 5D A9       		dw	frq_448
2214++ 9C82             patch_111hdr: 	
2215++ 9C82 31 C8 09 FF 		db	031h,0c8h,9,0ffh
2216++ 9C86             
2217++ 9C86             ;--- GM 112 = Tinkle Bell ---
2218++ 9C86             
2219++ 9C86             patch_112A: 	
2220++ 9C86 01          		db	1	; transpose on
2221++ 9C87 8E 9C       		dw	patch_112Ahdr
2222++ 9C89 FF F3 00    		db	255,243, 0 * 2
2223++ 9C8C 35 AD       		dw	frq_721
2224++ 9C8E             patch_112Ahdr: 	
2225++ 9C8E 3B 98 D6 FF 		db	03bh,098h,0d6h,0ffh
2226++ 9C92             
2227++ 9C92             patch_112B: 	
2228++ 9C92 01          		db	1	; transpose on
2229++ 9C93 44 91       		dw	patch_17hdr
2230++ 9C95 FF 37 49    		db	255,37h, 1 + 36 * 2	; 311
2231++ 9C98 A5 A3       		dw	frq_214
2232++ 9C9A             
2233++ 9C9A             ;--- GM 113 = Agogo ---
2234++ 9C9A             
2235++ 9C9A             patch_113: 	
2236++ 9C9A 00          		db	0	; transpose off
2237++ 9C9B C7 91       		dw	patch_23Ahdr
2238++ 9C9D FF 0B 18    		db	255,11, 12 * 2
2239++ 9CA0 ED A3       		dw	frq_217
2240++ 9CA2             
2241++ 9CA2             
2242++ 9CA2             ;--- GM 114 = Steel Drums ---
2243++ 9CA2             
2244++ 9CA2             patch_114A: 	
2245++ 9CA2 00          		db	0	; transpose off
2246++ 9CA3 AA 9C       		dw	patch_114Ahdr
2247++ 9CA5 FF FE 18    		db	255,254, 12 * 2
2248++ 9CA8 E5 A5       		dw	frq_317
2249++ 9CAA             patch_114Ahdr: 	
2250++ 9CAA 38 E0 01 FF 		db	038h,0e0h,1,0ffh
2251++ 9CAE             
2252++ 9CAE             patch_114B: 	
2253++ 9CAE 00          		db	0	; transpose off
2254++ 9CAF B6 9C       		dw	patch_114Bhdr
2255++ 9CB1 FF 01 49    		db	255,1, 1 + 36 * 2	; tone 257
2256++ 9CB4 FD A2       		dw	frq_195
2257++ 9CB6             patch_114Bhdr: 	
2258++ 9CB6             		db	038h,098h,0b0h,0b0h,005h,0e0h,1,0ffh
2258++ 9CB6 3898B0B005E001FF
2259++ 9CBE             
2260++ 9CBE             ;--- GM 115 = Woodblock ---
2261++ 9CBE             
2262++ 9CBE             patch_115: 	
2263++ 9CBE 00          		db	0	; transpose off
2264++ 9CBF C6 9C       		dw	patch_115hdr
2265++ 9CC1 FF 2C 30    		db	255,44, 24 * 2
2266++ 9CC4 1D A7       		dw	frq_355
2267++ 9CC6             patch_115hdr: 	
2268++ 9CC6 00 FF       		db	0,0ffh
2269++ 9CC8             
2270++ 9CC8             ;--- GM 116 = Taiko Drum ---
2271++ 9CC8             
2272++ 9CC8             patch_116: 	
2273++ 9CC8 00          		db	0	; transpose off
2274++ 9CC9 C7 91       		dw	patch_23Ahdr
2275++ 9CCB FF 3E 18    		db	255,62, 12 * 2
2276++ 9CCE ED A3       		dw	frq_217
2277++ 9CD0             
2278++ 9CD0             ;--- GM 117 = Melodic Tom ---
2279++ 9CD0             
2280++ 9CD0             patch_117: 	
2281++ 9CD0 00          		db	0	; transpose off
2282++ 9CD1 D8 9C       		dw	patch_117hdr
2283++ 9CD3 FF C7 48    		db	255,199, 36 * 2
2284++ 9CD6 B5 AB       		dw	frq_616
2285++ 9CD8             patch_117hdr: 	
2286++ 9CD8 38 C8 01 FF 		db	038h,0c8h,1,0ffh
2287++ 9CDC             
2288++ 9CDC             ;--- GM 118 = Synth Drum ---
2289++ 9CDC             
2290++ 9CDC             patch_118: 	
2291++ 9CDC 00          		db	0	; transpose off
2292++ 9CDD C7 91       		dw	patch_23Ahdr
2293++ 9CDF FF 26 30    		db	255,38, 24 * 2
2294++ 9CE2 2D A0       		dw	frq_27
2295++ 9CE4             
2296++ 9CE4             ;--- GM 119 = Reverse Cymbal ---
2297++ 9CE4             
2298++ 9CE4             patch_119: 	
2299++ 9CE4 00          		db	0	; transpose off
2300++ 9CE5 EC 9C       		dw	patch_119hdr
2301++ 9CE7 FF 31 48    		db	255,49, 36 * 2
2302++ 9CEA 25 A2       		dw	frq_143
2303++ 9CEC             patch_119hdr: 	
2304++ 9CEC 38 C8 09 FF 		db	038h,0c8h,9,0ffh
2305++ 9CF0             
2306++ 9CF0             ;--- GM 120 = Gtr Fret Noise ---
2307++ 9CF0             
2308++ 9CF0             patch_120: 	
2309++ 9CF0 00          		db	0	; transpose off
2310++ 9CF1 C7 91       		dw	patch_23Ahdr
2311++ 9CF3 FF 38 31    		db	255,38h, 1 + 24 * 2	; tone 312
2312++ 9CF6 05 A7       		dw	frq_354
2313++ 9CF8             
2314++ 9CF8             ;--- GM 121 = Breath Noise ---
2315++ 9CF8             
2316++ 9CF8             patch_121: 	
2317++ 9CF8 00          		db	0	; transpose off
2318++ 9CF9 C7 91       		dw	patch_23Ahdr
2319++ 9CFB FF 25 31    		db	255,25h, 1 + 24 * 2	; tone 293
2320++ 9CFE 7D AD       		dw	frq_733
2321++ 9D00             
2322++ 9D00             ;--- GM 122 = Sea Shore ---
2323++ 9D00             
2324++ 9D00             patch_122A: 	
2325++ 9D00 00          		db	0	; transpose off
2326++ 9D01 08 9D       		dw	patch_122Ahdr
2327++ 9D03 FF 08 48    		db	255,8, 36 * 2
2328++ 9D06 C5 A4       		dw	frq_264
2329++ 9D08             patch_122Ahdr: 	
2330++ 9D08 00 C8 04 FF 		db	0,0c8h,4,0ffh
2331++ 9D0C             
2332++ 9D0C             patch_122B: 	
2333++ 9D0C 00          		db	0	; transpose off
2334++ 9D0D 14 9D       		dw	patch_122Bhdr
2335++ 9D0F FF 37 60    		db	255,55, 48 * 2
2336++ 9D12 2D A3       		dw	frq_203
2337++ 9D14             patch_122Bhdr: 	
2338++ 9D14             		db	0,098h,020h,0b0h,4,0c8h,5,0e0h,0,0ffh
2338++ 9D14 009820B004C805E000FF
2339++ 9D1E             
2340++ 9D1E             
2341++ 9D1E             ;--- GM 124 = Telephone / Bird ---
2342++ 9D1E             
2343++ 9D1E             patch_124: 	
2344++ 9D1E 00          		db	0	; transpose off
2345++ 9D1F C6 9C       		dw	patch_115hdr
2346++ 9D21 30 03 48    		db	48, 3, 36 * 2
2347++ 9D24 2D A0       		dw	frq_27
2348++ 9D26 FF 09 48    		db	255, 9, 36 * 2
2349++ 9D29 2D A3       		dw	frq_203
2350++ 9D2B             
2351++ 9D2B             
2352++ 9D2B             ;--- GM 125 = Helicopter ---
2353++ 9D2B             
2354++ 9D2B             patch_125A: 	
2355++ 9D2B 00          		db	0	; transpose off
2356++ 9D2C 33 9D       		dw	patch_125Ahdr
2357++ 9D2E FF 01 30    		db	255, 1, 24 * 2
2358++ 9D31 85 AB       		dw	frq_560
2359++ 9D33             patch_125Ahdr: 	
2360++ 9D33 08 C8 07 FF 		db	8,0c8h,7,0ffh
2361++ 9D37             
2362++ 9D37 00          patch_125B: 	db	0	; transpose off
2363++ 9D38 3F 9D       		dw	patch_125Bhdr
2364++ 9D3A FF 37 48    		db	255, 55, 36 * 2
2365++ 9D3D ED A9       		dw	frq_462
2366++ 9D3F             patch_125Bhdr: 	
2367++ 9D3F             		db	0,0c8h,7,0e0h,0,0ffh
2367++ 9D3F 00C807E000FF
2368++ 9D45             
2369++ 9D45             
2370++ 9D45             ;--- GM 126 = Applause ---
2371++ 9D45             
2372++ 9D45             patch_126A: 	
2373++ 9D45 00          		db	0	; transpose off
2374++ 9D46 4D 9D       		dw	patch_126Ahdr
2375++ 9D48 FF 36 30    		db	255, 54, 24 * 2
2376++ 9D4B D5 A3       		dw	frq_216
2377++ 9D4D             patch_126Ahdr: 	
2378++ 9D4D 0F 98 70 FF 		db	0fh,098h,070h,0ffh
2379++ 9D51             
2380++ 9D51             patch_126B: 	
2381++ 9D51 00          		db	0	; transpose off
2382++ 9D52 59 9D       		dw	patch_126Bhdr
2383++ 9D54 FF 36 30    		db	255, 54, 24 * 2
2384++ 9D57 ED A9       		dw	frq_462
2385++ 9D59             patch_126Bhdr: 	
2386++ 9D59 07 98 70 FF 		db	07h,098h,070h,0ffh
2387++ 9D5D             
2388++ 9D5D             ;--- GM 127 = Gunshot / Snare ---
2389++ 9D5D             
2390++ 9D5D             patch_127: 	
2391++ 9D5D 00          		db	0	; transpose off
2392++ 9D5E 6A 9D       		dw	patch_127hdr
2393++ 9D60 30 39 31    		db	48,39h, 1 + 24 * 2	; tone 313
2394++ 9D63 2D A3       		dw	frq_203
2395++ 9D65             ;        	db      255, 59, 1 + 24 * 2
2396++ 9D65 FF 78 30    		db	255, 120, 0 + 24 * 2
2397++ 9D68 2D A3       		dw	frq_203
2398++ 9D6A             patch_127hdr: 	
2399++ 9D6A 38 C8 03 FF 		db	038h,0c8h,3,0ffh
2400++ 9D6E             
2401++ 9D6E             ;--- Drum patch 1 ---
2402++ 9D6E             
2403++ 9D6E             drum_1: 	
2404++ 9D6E 00          		db	0	; transpose off
2405++ 9D6F 7B 9D       		dw	drum_1hdr
2406++ 9D71 30 11 30    		db	48,17, 24 * 2	; tone 17
2407++ 9D74 C5 A4       		dw	frq_264
2408++ 9D76 FF BF 48    		db	255,191, 36 * 2	; tone 191
2409++ 9D79 C5 A4       		dw	frq_264
2410++ 9D7B             drum_1hdr: 	
2411++ 9D7B             		db	0,098h,0f4h,0b0h,0feh,0c8h,6,0ffh
2411++ 9D7B 0098F4B0FEC806FF
2412++ 9D83             
2413++ 9D83             ;--- Drum patch 2 ---
2414++ 9D83             
2415++ 9D83             drum_2: 	
2416++ 9D83 00          		db	0	; transpose off
2417++ 9D84 90 9D       		dw	drum_2hdr
2418++ 9D86 30 D1 30    		db	48,209, 24 * 2	; tone 209
2419++ 9D89 A5 AF       		dw	frq_908
2420++ 9D8B FF C5 30    		db	255,197, 24 * 2	; tone 197
2421++ 9D8E A5 AF       		dw	frq_908
2422++ 9D90             drum_2hdr: 	
2423++ 9D90             		db	0,098h,0f5h,0b0h,0f2h,0c8h,6,0ffh
2423++ 9D90 0098F5B0F2C806FF
2424++ 9D98             
2425++ 9D98             
2426++ 9D98             ;--- Drum patch 3 ---
2427++ 9D98             
2428++ 9D98             drum_3: 		
2429++ 9D98 00          		db	0	; transpose off
2430++ 9D99 A0 9D       		dw	drum_3hdr
2431++ 9D9B FF 0A 30    		db	255,10, 24 * 2	; tone 10
2432++ 9D9E 75 AC       		dw	frq_654
2433++ 9DA0             drum_3hdr: 	
2434++ 9DA0             		db	0,098h,0f4h,0b0h,0f2h,0c8h,6,0ffh
2434++ 9DA0 0098F4B0F2C806FF
2435++ 9DA8             
2436++ 9DA8             ;--- Drum patch 4 ---
2437++ 9DA8             
2438++ 9DA8             drum_4: 		
2439++ 9DA8 00          		db	0	; transpose off
2440++ 9DA9 A0 9D       		dw	drum_3hdr
2441++ 9DAB FF 1C 30    		db	255,28, 24 * 2	; tone 28
2442++ 9DAE 9D A2       		dw	frq_187
2443++ 9DB0             
2444++ 9DB0             ;--- Drum patch 5 ---
2445++ 9DB0             
2446++ 9DB0             drum_5: 	
2447++ 9DB0 00          		db	0	; transpose off
2448++ 9DB1 A0 9D       		dw	drum_3hdr
2449++ 9DB3 FF 1F 30    		db	255,31, 24 * 2	; tone 31
2450++ 9DB6 A5 AF       		dw	frq_908
2451++ 9DB8             
2452++ 9DB8             ;--- Drum patch 6 ---
2453++ 9DB8             
2454++ 9DB8             drum_6: 		
2455++ 9DB8 00          		db	0	; transpose off
2456++ 9DB9 A0 9D       		dw	drum_3hdr
2457++ 9DBB FF 9C 30    		db	255,156, 24 * 2	; tone 156
2458++ 9DBE 2D A0       		dw	frq_27
2459++ 9DC0             
2460++ 9DC0             ;--- Drum patch 7 ---
2461++ 9DC0             
2462++ 9DC0             drum_7: 	
2463++ 9DC0 00          		db	0	; transpose off
2464++ 9DC1 A0 9D       		dw	drum_3hdr
2465++ 9DC3 FF 31 30    		db	255,49, 24 * 2	; tone 49
2466++ 9DC6 FD 9F       		dw	frq_24
2467++ 9DC8             
2468++ 9DC8             ;--- Drum patch 8 ---
2469++ 9DC8             
2470++ 9DC8             drum_8: 	
2471++ 9DC8 00          		db	0	; transpose off
2472++ 9DC9 D0 9D       		dw	drum_8hdr
2473++ 9DCB FF 9D 30    		db	255,157, 24 * 2	; tone 157
2474++ 9DCE 95 AD       		dw	frq_737
2475++ 9DD0             drum_8hdr: 	
2476++ 9DD0             		db	0,0b0h,027h,0c8h,6,0ffh
2476++ 9DD0 00B027C806FF
2477++ 9DD6             
2478++ 9DD6             gmdrm_hdr1: 	
2479++ 9DD6             		db	0,098h,0f4h,0b0h,0f2h,0c8h,6,0ffh
2479++ 9DD6 0098F4B0F2C806FF
2480++ 9DDE             gmdrm_hdr2: 	
2481++ 9DDE             		db	0,098h,0f5h,0b0h,0f2h,0c8h,6,0ffh
2481++ 9DDE 0098F5B0F2C806FF
2482++ 9DE6             gmdrm_hdr3: 	
2483++ 9DE6             		db	0,098h,0f2h,0b0h,0f2h,0c8h,6,0ffh
2483++ 9DE6 0098F2B0F2C806FF
2484++ 9DEE             gmdrm_hdr4: 	
2485++ 9DEE             		db	0,098h,0f1h,0b0h,0f2h,0c8h,6,0ffh
2485++ 9DEE 0098F1B0F2C806FF
2486++ 9DF6             gmdrm_hdr5: 	
2487++ 9DF6             		db	0,098h,0f4h,0b0h,027h,0c8h,6,0ffh
2487++ 9DF6 0098F4B027C806FF
2488++ 9DFE             gmdrm_hdr6: 	
2489++ 9DFE             		db	0,098h,0f4h,0b0h,0f2h,0c8h,7,0ffh
2489++ 9DFE 0098F4B0F2C807FF
2490++ 9E06             gmdrm_hdr7: 	
2491++ 9E06             		db	0,098h,0f6h,0b0h,0ffh,0c8h,6,0ffh
2491++ 9E06 0098F6B0FFC806FF
2492++ 9E0E             gmdrm_hdr8: 	
2493++ 9E0E             		db	0,098h,0f4h,0b0h,0f2h,0c8h,6,0ffh
2493++ 9E0E 0098F4B0F2C806FF
2494++ 9E16             gmdrm_hdr9: 	
2495++ 9E16             		db	0,098h,0f4h,0b0h,0f2h,0c8h,4,0ffh
2495++ 9E16 0098F4B0F2C804FF
2496++ 9E1E             
2497++ 9E1E             ;--- Midi Drum patch ---
2498++ 9E1E             
2499++ 9E1E             drum_midi: 	
2500++ 9E1E 00          		db	0	; transpose off
2501++ 9E1F D6 9D       		dw	gmdrm_hdr1
2502++ 9E21 24 10 1A    		db	36,16, (48 - 35) * 2	; tone 16
2503++ 9E24 B5 A5       		dw	frq_311
2504++ 9E26             
2505++ 9E26             MBPlayer_gmdrm_c4: 
2506++ 9E26             gmdrm_c4: 	
2507++ 9E26 11          		db	17
2508++ 9E27 18 F2       		db	018h,0f2h
2509++ 9E29 D6 9D       		dw	gmdrm_hdr1
2510++ 9E2B             gmdrm_cp4: 	
2511++ 9E2B D2          		db	210
2512++ 9E2C F6 00       		db	0f6h,0
2513++ 9E2E D6 9D       		dw	gmdrm_hdr1
2514++ 9E30             gmdrm_d4: 	
2515++ 9E30 D1          		db	209
2516++ 9E31 F4 F6       		db	0f4h,0f6h
2517++ 9E33 DE 9D       		dw	gmdrm_hdr2
2518++ 9E35             gmdrm_dp4: 	
2519++ 9E35 0A          		db	10
2520++ 9E36 2A F5       		db	02ah,0f5h
2521++ 9E38 D6 9D       		dw	gmdrm_hdr1
2522++ 9E3A             gmdrm_e4: 	
2523++ 9E3A D1          		db	209
2524++ 9E3B 38 03       		db	038h,003h
2525++ 9E3D E6 9D       		dw	gmdrm_hdr3
2526++ 9E3F             gmdrm_f4: 	
2527++ 9E3F C8          		db	200
2528++ 9E40 60 00       		db	060h,0
2529++ 9E42 D6 9D       		dw	gmdrm_hdr1
2530++ 9E44             gmdrm_fp4: 	
2531++ 9E44 79          		db	121
2532++ 9E45 5C 01       		db	05ch,1
2533++ 9E47 D6 9D       		dw	gmdrm_hdr1
2534++ 9E49             gmdrm_g4: 	
2535++ 9E49 C8          		db	200
2536++ 9E4A A8 02       		db	0a8h,2
2537++ 9E4C D6 9D       		dw	gmdrm_hdr1
2538++ 9E4E             gmdrm_gp4: 	
2539++ 9E4E 7B          		db	123
2540++ 9E4F 34 05       		db	034h,5
2541++ 9E51 D6 9D       		dw	gmdrm_hdr1
2542++ 9E53             gmdrm_a4: 	
2543++ 9E53 C8          		db	200
2544++ 9E54 46 04       		db	046h,4
2545++ 9E56 D6 9D       		dw	gmdrm_hdr1
2546++ 9E58             gmdrm_ap4: 	
2547++ 9E58 7A          		db	122
2548++ 9E59 34 05       		db	034h,5
2549++ 9E5B EE 9D       		dw	gmdrm_hdr4
2550++ 9E5D C7          gmdrm_b4: 	db	199
2551++ 9E5E 0A 03       		db	00ah,3
2552++ 9E60 D6 9D       		dw	gmdrm_hdr1
2553++ 9E62             
2554++ 9E62             gmdrm_c5: 	
2555++ 9E62 C7          		db	199
2556++ 9E63 F4 04       		db	0f4h,4
2557++ 9E65 D6 9D       		dw	gmdrm_hdr1
2558++ 9E67             gmdrm_cp5: 	
2559++ 9E67 31          		db	49
2560++ 9E68 32 00       		db	032h,0
2561++ 9E6A D6 9D       		dw	gmdrm_hdr1
2562++ 9E6C             gmdrm_d5: 	
2563++ 9E6C C7          		db	199
2564++ 9E6D 90 10       		db	090h,010h
2565++ 9E6F D6 9D       		dw	gmdrm_hdr1
2566++ 9E71             gmdrm_dp5: 	
2567++ 9E71 2E          		db	46
2568++ 9E72 CE 01       		db	0ceh,1
2569++ 9E74 D6 9D       		dw	gmdrm_hdr1
2570++ 9E76             gmdrm_e5: 	
2571++ 9E76 7A          		db	122
2572++ 9E77 56 E1       		db	056h,0e1h
2573++ 9E79 D6 9D       		dw	gmdrm_hdr1
2574++ 9E7B             gmdrm_f5: 	
2575++ 9E7B 21          		db	33
2576++ 9E7C 3C 01       		db	03ch,1
2577++ 9E7E D6 9D       		dw	gmdrm_hdr1
2578++ 9E80             gmdrm_fp5: 	
2579++ 9E80 25          		db	37
2580++ 9E81 BA 00       		db	0bah,0
2581++ 9E83 E6 9D       		dw	gmdrm_hdr3
2582++ 9E85             gmdrm_g5: 	
2583++ 9E85 31          		db	49
2584++ 9E86 CA 05       		db	0cah,5
2585++ 9E88 DE 9D       		dw	gmdrm_hdr2
2586++ 9E8A 1D          gmdrm_gp5: 	db	29
2587++ 9E8B FE F6       		db	0feh,0f6h
2588++ 9E8D D6 9D       		dw	gmdrm_hdr1
2589++ 9E8F             gmdrm_a5: 	
2590++ 9E8F 31          		db	49
2591++ 9E90 70 03       		db	070h,3
2592++ 9E92 D6 9D       		dw	gmdrm_hdr1
2593++ 9E94 9D          gmdrm_ap5: 	db	157
2594++ 9E95 CA F5       		db	0cah,0f5h
2595++ 9E97 F6 9D       		dw	gmdrm_hdr5
2596++ 9E99             gmdrm_b5: 	
2597++ 9E99 2E          		db	46
2598++ 9E9A 74 05       		db	074h,5
2599++ 9E9C FE 9D       		dw	gmdrm_hdr6
2600++ 9E9E             
2601++ 9E9E             gmdrm_c6: 	
2602++ 9E9E 1C          		db	28
2603++ 9E9F 76 01       		db	076h,1
2604++ 9EA1 D6 9D       		dw	gmdrm_hdr1
2605++ 9EA3             gmdrm_cp6: 	
2606++ 9EA3 1C          		db	28
2607++ 9EA4 32 00       		db	032h,0
2608++ 9EA6 D6 9D       		dw	gmdrm_hdr1
2609++ 9EA8             gmdrm_d6: 	
2610++ 9EA8 1E          		db	30
2611++ 9EA9 DA F4       		db	0dah,0f4h
2612++ 9EAB D6 9D       		dw	gmdrm_hdr1
2613++ 9EAD             gmdrm_dp6: 	
2614++ 9EAD 1F          		db	31
2615++ 9EAE FE F6       		db	0feh,0f6h
2616++ 9EB0 D6 9D       		dw	gmdrm_hdr1
2617++ 9EB2             gmdrm_e6: 	
2618++ 9EB2 1F          		db	31
2619++ 9EB3 FC F2       		db	0fch,0f2h
2620++ 9EB5 D6 9D       		dw	gmdrm_hdr1
2621++ 9EB7             gmdrm_f6: 	
2622++ 9EB7 9C          		db	156
2623++ 9EB8 3E 00       		db	03eh,0
2624++ 9EBA D6 9D       		dw	gmdrm_hdr1
2625++ 9EBC             gmdrm_fp6: 	
2626++ 9EBC 9C          		db	156
2627++ 9EBD D0 F4       		db	0d0h,0f4h
2628++ 9EBF D6 9D       		dw	gmdrm_hdr1
2629++ 9EC1             gmdrm_g6: 	
2630++ 9EC1 0B          		db	11
2631++ 9EC2 16 00       		db	016h,0
2632++ 9EC4 D6 9D       		dw	gmdrm_hdr1
2633++ 9EC6             gmdrm_gp6: 	
2634++ 9EC6 0B          		db	11
2635++ 9EC7 3C F4       		db	03ch,0f4h
2636++ 9EC9 D6 9D       		dw	gmdrm_hdr1
2637++ 9ECB             gmdrm_a6: 	
2638++ 9ECB 2F          		db	47
2639++ 9ECC 50 03       		db	050h,3
2640++ 9ECE D6 9D       		dw	gmdrm_hdr1
2641++ 9ED0             gmdrm_ap6: 	
2642++ 9ED0 30          		db	48
2643++ 9ED1 4A 00       		db	04ah,0
2644++ 9ED3 D6 9D       		dw	gmdrm_hdr1
2645++ 9ED5             gmdrm_b6: 	
2646++ 9ED5 2D          		db	45
2647++ 9ED6 38 F3       		db	038h,0f3h
2648++ 9ED8 D6 9D       		dw	gmdrm_hdr1
2649++ 9EDA             
2650++ 9EDA             gmdrm_c7: 	
2651++ 9EDA 44          		db	044h
2652++ 9EDB 53 F2       		db	053h,0f2h
2653++ 9EDD 06 9E       		dw	gmdrm_hdr7
2654++ 9EDF             gmdrm_cp7: 	
2655++ 9EDF 24          		db	36
2656++ 9EE0 74 05       		db	074h,5
2657++ 9EE2 0E 9E       		dw	gmdrm_hdr8
2658++ 9EE4             gmdrm_d7: 	
2659++ 9EE4 24          		db	36
2660++ 9EE5 48 F6       		db	048h,0f6h
2661++ 9EE7 D6 9D       		dw	gmdrm_hdr1
2662++ 9EE9             gmdrm_dp7: 	
2663++ 9EE9 20          		db	32
2664++ 9EEA 50 F5       		db	050h,0f5h
2665++ 9EEC D6 9D       		dw	gmdrm_hdr1
2666++ 9EEE             gmdrm_e7: 	
2667++ 9EEE 2C          		db	44
2668++ 9EEF 28 F2       		db	028h,0f2h
2669++ 9EF1 D6 9D       		dw	gmdrm_hdr1
2670++ 9EF3             gmdrm_f7: 	
2671++ 9EF3 2C          		db	44
2672++ 9EF4 5C E7       		db	05ch,0e7h
2673++ 9EF6 D6 9D       		dw	gmdrm_hdr1
2674++ 9EF8             gmdrm_fp7: 	
2675++ 9EF8 22          		db	34
2676++ 9EF9 22 10       		db	022h,010h
2677++ 9EFB D6 9D       		dw	gmdrm_hdr1
2678++ 9EFD             gmdrm_g7: 	
2679++ 9EFD 23          		db	35
2680++ 9EFE C0 F6       		db	0c0h,0f6h
2681++ 9F00 D6 9D       		dw	gmdrm_hdr1
2682++ 9F02             gmdrm_gp7: 	
2683++ 9F02 32          		db	50
2684++ 9F03 50 00       		db	050h,0
2685++ 9F05 D6 9D       		dw	gmdrm_hdr1
2686++ 9F07             gmdrm_a7: 	
2687++ 9F07 32          		db	50
2688++ 9F08 54 00       		db	054h,0
2689++ 9F0A 16 9E       		dw	gmdrm_hdr9
2690++ 9F0C             gmdrm_ap7: 	
2691++ 9F0C BF          		db	191
2692++ 9F0D 18 F2       		db	018h,0f2h
2693++ 9F0F D6 9D       		dw	gmdrm_hdr1
2694++ 9F11             gmdrm_b7: 	
2695++ 9F11 C5          		db	197
2696++ 9F12 18 F7       		db	018h,0f7h
2697++ 9F14 D6 9D       		dw	gmdrm_hdr1
2698++ 9F16             gmdrm_c8: 	
2699++ 9F16 C5          		db	197
2700++ 9F17 38 03       		db	038h,003h
2701++ 9F19 D6 9D       		dw	gmdrm_hdr1
2702++ 9F1B             gmdrm_cp8: 	
2703++ 9F1B D0          		db	208
2704++ 9F1C 18 F2       		db	018h,0f2h
2705++ 9F1E D6 9D       		dw	gmdrm_hdr1
2706++ 9F20             gmdrm_d8: 	
2707++ 9F20 78          		db	120
2708++ 9F21 18 F2       		db	018h,0f2h
2709++ 9F23 D6 9D       		dw	gmdrm_hdr1
2710++ 9F25             
1708+  9F25             		.include "freq_table_4.inc"
0001++ 9F25             ;-------------------------------------------------------------------
0002++ 9F25             ; îïèñàíèå:  Òàáëèöà ÷àñòîò
0003++ 9F25             ;---------------------------------------------------------------------
0004++ 9F25             frq_0: 		
0005++ 9F25             		dw	0,61,125,194,266,343,424,510,601,698,801,909
0005++ 9F25 00003D007D00C2000A015701A801FE015902BA0221038D03
0006++ 9F3D             frq_1: 		
0007++ 9F3D             		dw	1,62,127,195,268,345,426,512,604,700,803,912
0007++ 9F3D 01003E007F00C3000C015901AA0100025C02BC0223039003
0008++ 9F55             frq_8: 		
0009++ 9F55             		dw	8,69,134,203,276,353,435,522,614,711,814,924
0009++ 9F55 080045008600CB0014016101B3010A026602C7022E039C03
0010++ 9F6D             frq_9: 		
0011++ 9F6D             		dw	9,70,135,204,277,355,437,524,616,713,816,926
0011++ 9F6D 090046008700CC0015016301B5010C026802C90230039E03
0012++ 9F85             frq_10: 		
0013++ 9F85             		dw	10,71,136,205,278,356,438,525,617,714,818,927
0013++ 9F85 0A0047008800CD0016016401B6010D026902CA0232039F03
0014++ 9F9D             frq_15: 		
0015++ 9F9D             		dw	15,77,143,212,286,364,446,533,626,724,828,938
0015++ 9F9D 0F004D008F00D4001E016C01BE0115027202D4023C03AA03
0016++ 9FB5             frq_20: 		
0017++ 9FB5             		dw	20,82,148,217,291,369,452,540,633,731,836,946
0017++ 9FB5 140052009400D90023017101C4011C027902DB024403B203
0018++ 9FCD             frq_21: 		
0019++ 9FCD             		dw	21,83,148,218,292,370,453,542,635,733,838,949
0019++ 9FCD 150053009400DA0024017201C5011E027B02DD024603B503
0020++ 9FE5             frq_22: 		
0021++ 9FE5             		dw	22,84,150,219,293,372,455,542,636,734,839,950
0021++ 9FE5 160054009600DB0025017401C7011E027C02DE024703B603
0022++ 9FFD             frq_24: 		
0023++ 9FFD             		dw	24,86,152,222,296,375,457,545,639,737,842,953
0023++ 9FFD 180056009800DE0028017701C90121027F02E1024A03B903
0024++ A015             frq_26: 		
0025++ A015             		dw	26,88,154,224,299,377,461,549,642,741,846,958
0025++ A015 1A0058009A00E0002B017901CD0125028202E5024E03BE03
0026++ A02D             frq_27: 		
0027++ A02D             		dw	27,89,155,225,300,378,462,550,644,743,848,959
0027++ A02D 1B0059009B00E1002C017A01CE0126028402E7025003BF03
0028++ A045             frq_45: 		
0029++ A045             		dw	45,109,176,248,324,403,488,578,673,774,881,995
0029++ A045 2D006D00B000F80044019301E8014202A10206037103E303
0030++ A05D             frq_46: 		
0031++ A05D             		dw	46,110,177,248,324,404,489,579,674,775,882,996
0031++ A05D 2E006E00B100F80044019401E9014302A20207037203E403
0032++ A075             frq_69: 		
0033++ A075             		dw	69,134,203,276,353,435,522,614,711,815,924,8+2048
0033++ A075 45008600CB0014016101B3010A026602C7022F039C030808
0034++ A08D             frq_70: 		
0035++ A08D             		dw	70,135,204,277,354,436,523,615,712,815,925,8+2048
0035++ A08D 46008700CC0015016201B4010B026702C8022F039D030808
0036++ A0A5             frq_73: 		
0037++ A0A5             		dw	73,139,208,281,359,441,528,620,718,822,932,12+2048
0037++ A0A5 49008B00D00019016701B90110026C02CE023603A4030C08
0038++ A0BD             frq_75: 		
0039++ A0BD             		dw	75,141,210,283,361,444,531,623,721,825,935,14+2048
0039++ A0BD 4B008D00D2001B016901BC0113026F02D1023903A7030E08
0040++ A0D5             frq_79: 		
0041++ A0D5             		dw	79,145,214,288,366,449,536,629,727,831,942,17+2048
0041++ A0D5 4F009100D60020016E01C10118027502D7023F03AE031108
0042++ A0ED             frq_82: 		
0043++ A0ED             		dw	82,147,217,291,369,452,540,633,731,835,946,20+2048
0043++ A0ED 52009300D90023017101C4011C027902DB024303B2031408
0044++ A105             frq_84: 		
0045++ A105             		dw	84,150,219,293,372,455,543,636,734,839,950,22+2048
0045++ A105 54009600DB0025017401C7011F027C02DE024703B6031608
0046++ A11D             frq_88: 		
0047++ A11D             		dw	88,154,224,298,377,460,548,642,741,846,957,25+2048
0047++ A11D 58009A00E0002A017901CC0124028202E5024E03BD031908
0048++ A135             frq_89: 		
0049++ A135             		dw	89,155,225,299,378,461,550,643,742,847,959,26+2048
0049++ A135 59009B00E1002B017A01CD0126028302E6024F03BF031A08
0050++ A14D             frq_91: 		
0051++ A14D             		dw	91,157,228,302,381,465,553,647,746,851,963,29+2048
0051++ A14D 5B009D00E4002E017D01D10129028702EA025303C3031D08
0052++ A165             frq_94: 		
0053++ A165             		dw	94,161,231,306,385,469,557,651,751,857,968,31+2048
0053++ A165 5E00A100E70032018101D5012D028B02EF025903C8031F08
0054++ A17D             frq_96: 		
0055++ A17D             		dw	96,162,233,308,387,471,560,654,753,859,971,33+2048
0055++ A17D 6000A200E90034018301D70130028E02F1025B03CB032108
0056++ A195             frq_97: 		
0057++ A195             		dw	97,164,235,309,389,473,562,656,756,862,974,34+2048
0057++ A195 6100A400EB0035018501D90132029002F4025E03CE032208
0058++ A1AD             frq_98: 		
0059++ A1AD             		dw	98,165,236,311,390,474,563,657,757,863,976,35+2048
0059++ A1AD 6200A500EC0037018601DA0133029102F5025F03D0032308
0060++ A1C5             frq_113: 	
0061++ A1C5             		dw	113,180,252,328,408,493,583,679,780,887,1001,49+2048
0061++ A1C5 7100B400FC0048019801ED014702A7020C037703E9033108
0062++ A1DD             frq_118: 	
0063++ A1DD             		dw	118,186,257,334,415,501,591,687,789,897,1011,54+2048
0063++ A1DD 7600BA0001014E019F01F5014F02AF0215038103F3033608
0064++ A1F5             frq_135: 	
0065++ A1F5             		dw	135,204,277,355,437,524,616,713,816,926,9+2048,70+2048
0065++ A1F5 8700CC0015016301B5010C026802C90230039E0309084608
0066++ A20D             frq_141: 	
0067++ A20D             		dw	141,210,283,361,443,530,623,721,825,935,13+2048,75+2048
0067++ A20D 8D00D2001B016901BB0112026F02D1023903A7030D084B08
0068++ A225             frq_143: 	
0069++ A225             		dw	143,212,286,363,446,533,626,724,828,938,15+2048,77+2048
0069++ A225 8F00D4001E016B01BE0115027202D4023C03AA030F084D08
0070++ A23D             frq_155: 	
0071++ A23D             		dw	155,225,299,376,461,549,643,742,847,959,26+2048,89+2048
0071++ A23D 9B00E1002B017801CD0125028302E6024F03BF031A085908
0072++ A255             frq_156: 	
0073++ A255             		dw	156,226,300,379,462,551,644,744,849,960,27+2048,89+2048
0073++ A255 9C00E2002C017B01CE0127028402E8025103C0031B085908
0074++ A26D             frq_167: 	
0075++ A26D             		dw	167,237,312,392,476,565,660,760,866,978,37+2048,100+2048
0075++ A26D A700ED0038018801DC0135029402F8026203D20325086408
0076++ A285             frq_184: 	
0077++ A285             		dw	184,256,332,413,499,589,685,787,894,1008,53+2048,117+2048
0077++ A285 B80000014C019D01F3014D02AD0213037E03F00335087508
0078++ A29D             frq_187: 	
0079++ A29D             		dw	187,259,336,417,502,593,689,791,899,1013,55+2048,119+2048
0079++ A29D BB0003015001A101F6015102B10217038303F50337087708
0080++ A2B5             frq_188: 	
0081++ A2B5             		dw	188,260,336,417,503,593,690,792,899,1014,56+2048,120+2048
0081++ A2B5 BC0004015001A101F7015102B20218038303F60338087808
0082++ A2CD             frq_191: 	
0083++ A2CD             		dw	191,263,340,421,507,598,694,796,905,1019,58+2048,123+2048
0083++ A2CD BF0007015401A501FB015602B6021C038903FB033A087B08
0084++ A2E5             frq_192: 	
0085++ A2E5             		dw	192,264,341,422,508,599,696,798,906,1021,59+2048,124+2048
0085++ A2E5 C00008015501A601FC015702B8021E038A03FD033B087C08
0086++ A2FD             frq_195: 	
0087++ A2FD             		dw	195,267,344,425,512,603,700,802,911,1+2048,62+2048,126+2048
0087++ A2FD C3000B015801A90100025B02BC0222038F0301083E087E08
0088++ A315             frq_202: 	
0089++ A315             		dw	202,275,352,434,521,613,710,813,922,7+2048,68+2048,133+2048
0089++ A315 CA0013016001B20109026502C6022D039A03070844088508
0090++ A32D             frq_203: 	
0091++ A32D             		dw	203,276,353,435,522,614,711,815,924,8+2048,69+2048,134+2048
0091++ A32D CB0014016101B3010A026602C7022F039C03080845088608
0092++ A345             frq_204: 	
0093++ A345             		dw	204,277,354,436,523,615,712,815,925,8+2048,70+2048,135+2048
0093++ A345 CC0015016201B4010B026702C8022F039D03080846088708
0094++ A35D             frq_206: 	
0095++ A35D             		dw	206,279,356,438,525,618,715,819,928,10+2048,72+2048,137+2048
0095++ A35D CE0017016401B6010D026A02CB023303A0030A0848088908
0096++ A375             frq_208: 	
0097++ A375             		dw	208,281,359,441,528,621,718,822,932,12+2048,74+2048,139+2048
0097++ A375 D00019016701B90110026D02CE023603A4030C084A088B08
0098++ A38D             frq_211: 	
0099++ A38D             		dw	211,284,362,445,532,624,722,826,936,14+2048,76+2048,142+2048
0099++ A38D D3001C016A01BD0114027002D2023A03A8030E084C088E08
0100++ A3A5             frq_214: 	
0101++ A3A5             		dw	214,288,366,449,536,629,727,831,942,17+2048,79+2048,145+2048
0101++ A3A5 D60020016E01C10118027502D7023F03AE0311084F089108
0102++ A3BD             frq_215: 	
0103++ A3BD             		dw	215,289,367,450,538,630,729,833,943,18+2048,80+2048,146+2048
0103++ A3BD D70021016F01C2011A027602D9024103AF03120850089208
0104++ A3D5             frq_216: 	
0105++ A3D5             		dw	216,289,368,450,538,631,729,834,944,19+2048,80+2048,146+2048
0105++ A3D5 D80021017001C2011A027702D9024203B003130850089208
0106++ A3ED             frq_217: 	
0107++ A3ED             		dw	217,291,369,452,540,633,731,835,946,20+2048,82+2048,147+2048
0107++ A3ED D90023017101C4011C027902DB024303B203140852089308
0108++ A405             frq_219: 	
0109++ A405             		dw	219,293,372,455,543,636,734,839,950,22+2048,84+2048,150+2048
0109++ A405 DB0025017401C7011F027C02DE024703B603160854089608
0110++ A41D             frq_220: 	
0111++ A41D             		dw	220,294,373,456,544,637,736,841,951,22+2048,85+2048,151+2048
0111++ A41D DC0026017501C80120027D02E0024903B703160855089708
0112++ A435             frq_221: 	
0113++ A435             		dw	221,296,374,457,545,639,737,842,953,23+2048,86+2048,152+2048
0113++ A435 DD0028017601C90121027F02E1024A03B903170856089808
0114++ A44D             frq_228: 	
0115++ A44D             		dw	228,302,381,465,553,647,747,852,963,29+2048,91+2048,158+2048
0115++ A44D E4002E017D01D10129028702EB025403C3031D085B089E08
0116++ A465             frq_231: 	
0117++ A465             		dw	231,305,384,468,557,651,750,856,967,31+2048,94+2048,160+2048
0117++ A465 E70031018001D4012D028B02EE025803C7031F085E08A008
0118++ A47D             frq_242: 	
0119++ A47D             		dw	242,317,397,481,571,666,766,873,985,40+2048,104+2048,171+2048
0119++ A47D F2003D018D01E1013B029A02FE026903D90328086808AB08
0120++ A495             frq_254: 	
0121++ A495             		dw	254,330,410,495,586,681,783,890,1004,50+2048,114+2048,182+2048
0121++ A495 FE004A019A01EF014A02A9020F037A03EC0332087208B608
0122++ A4AD             frq_261: 	
0123++ A4AD             		dw	261,337,418,504,595,691,793,901,1016,56+2048,121+2048,189+2048
0123++ A4AD 05015101A201F8015302B30219038503F80338087908BD08
0124++ A4C5             frq_264: 	
0125++ A4C5             		dw	264,341,422,508,599,695,797,906,1020,59+2048,123+2048,192+2048
0125++ A4C5 08015501A601FC015702B7021D038A03FC033B087B08C008
0126++ A4DD             frq_273: 	
0127++ A4DD             		dw	273,350,432,519,610,708,810,920,6+2048,67+2048,132+2048,200+2048
0127++ A4DD 11015E01B00107026202C4022A039803060843088408C808
0128++ A4F5             frq_274: 	
0129++ A4F5             		dw	274,351,433,519,611,708,811,920,6+2048,67+2048,132+2048,201+2048
0129++ A4F5 12015F01B10107026302C4022B039803060843088408C908
0130++ A50D             frq_282: 	
0131++ A50D             		dw	282,360,442,529,621,719,823,933,13+2048,74+2048,139+2048,209+2048
0131++ A50D 1A016801BA0111026D02CF023703A5030D084A088B08D108
0132++ A525             frq_286: 	
0133++ A525             		dw	286,363,446,533,626,724,828,938,15+2048,77+2048,143+2048,212+2048
0133++ A525 1E016B01BE0115027202D4023C03AA030F084D088F08D408
0134++ A53D             frq_287: 	
0135++ A53D             		dw	287,365,447,535,627,726,830,940,16+2048,78+2048,144+2048,213+2048
0135++ A53D 1F016D01BF0117027302D6023E03AC0310084E089008D508
0136++ A555             frq_288: 	
0137++ A555             		dw	288,366,449,536,629,727,831,942,17+2048,79+2048,145+2048,214+2048
0137++ A555 20016E01C10118027502D7023F03AE0311084F089108D608
0138++ A56D             frq_290: 	
0139++ A56D             		dw	290,368,451,539,632,730,835,945,19+2048,81+2048,147+2048,216+2048
0139++ A56D 22017001C3011B027802DA024303B103130851089308D808
0140++ A585             frq_291: 	
0141++ A585             		dw	291,370,453,540,633,731,836,946,20+2048,82+2048,148+2048,217+2048
0141++ A585 23017201C5011C027902DB024403B203140852089408D908
0142++ A59D             frq_299: 	
0143++ A59D             		dw	299,378,461,550,643,742,848,959,26+2048,89+2048,155+2048,225+2048
0143++ A59D 2B017A01CD0126028302E6025003BF031A0859089B08E108
0144++ A5B5             frq_311: 	
0145++ A5B5             		dw	311,391,475,564,658,758,864,977,36+2048,99+2048,166+2048,236+2048
0145++ A5B5 37018701DB0134029202F6026003D10324086308A608EC08
0146++ A5CD             frq_314: 	
0147++ A5CD             		dw	314,394,478,567,662,762,868,981,38+2048,101+2048,168+2048,239+2048
0147++ A5CD 3A018A01DE0137029602FA026403D50326086508A808EF08
0148++ A5E5             frq_317: 	
0149++ A5E5             		dw	317,397,481,571,666,766,873,986,41+2048,104+2048,171+2048,242+2048
0149++ A5E5 3D018D01E1013B029A02FE026903DA0329086808AB08F208
0150++ A5FD             frq_333: 	
0151++ A5FD             		dw	333,414,500,590,686,788,896,1010,53+2048,117+2048,185+2048,257+2048
0151++ A5FD 4D019E01F4014E02AE0214038003F20335087508B9080109
0152++ A615             frq_335: 	
0153++ A615             		dw	335,416,502,593,689,791,899,1013,55+2048,119+2048,187+2048,259+2048
0153++ A615 4F01A001F6015102B10217038303F50337087708BB080309
0154++ A62D             frq_338: 	
0155++ A62D             		dw	338,419,505,596,692,794,902,1016,56+2048,121+2048,189+2048,261+2048
0155++ A62D 5201A301F9015402B4021A038603F80338087908BD080509
0156++ A645             frq_340: 	
0157++ A645             		dw	340,421,507,598,694,796,905,1019,58+2048,123+2048,191+2048,263+2048
0157++ A645 5401A501FB015602B6021C038903FB033A087B08BF080709
0158++ A65D             frq_341: 	
0159++ A65D             		dw	341,422,508,599,696,798,906,1021,59+2048,124+2048,192+2048,264+2048
0159++ A65D 5501A601FC015702B8021E038A03FD033B087C08C0080809
0160++ A675             frq_342: 	
0161++ A675             		dw	342,423,509,600,697,799,907,1022,60+2048,125+2048,193+2048,265+2048
0161++ A675 5601A701FD015802B9021F038B03FE033C087D08C1080909
0162++ A68D             frq_343: 	
0163++ A68D             		dw	343,425,511,602,699,801,910,0+2048,61+2048,126+2048,195+2048,267+2048
0163++ A68D 5701A901FF015A02BB0221038E0300083D087E08C3080B09
0164++ A6A5             frq_345: 	
0165++ A6A5             		dw	345,427,513,604,701,804,913,2+2048,63+2048,127+2048,196+2048,268+2048
0165++ A6A5 5901AB0101025C02BD022403910302083F087F08C4080C09
0166++ A6BD             frq_348: 	
0167++ A6BD             		dw	348,429,516,607,704,806,915,3+2048,64+2048,129+2048,198+2048,271+2048
0167++ A6BD 5C01AD0104025F02C00226039303030840088108C6080F09
0168++ A6D5             frq_350: 	
0169++ A6D5             		dw	350,430,518,609,705,808,917,4+2048,65+2048,130+2048,199+2048,272+2048
0169++ A6D5 5E01AE0106026102C10228039503040841088208C7081009
0170++ A6ED             frq_352: 	
0171++ A6ED             		dw	352,434,521,613,710,813,922,7+2048,68+2048,133+2048,202+2048,275+2048
0171++ A6ED 6001B20109026502C6022D039A03070844088508CA081309
0172++ A705             frq_354: 	
0173++ A705             		dw	354,436,523,615,712,815,925,8+2048,70+2048,135+2048,204+2048,277+2048
0173++ A705 6201B4010B026702C8022F039D03080846088708CC081509
0174++ A71D             frq_355: 	
0175++ A71D             		dw	355,437,524,616,713,816,926,9+2048,70+2048,135+2048,204+2048,277+2048
0175++ A71D 6301B5010C026802C90230039E03090846088708CC081509
0176++ A735             frq_356: 	
0177++ A735             		dw	356,438,525,617,714,818,927,10+2048,71+2048,136+2048,205+2048,278+2048
0177++ A735 6401B6010D026902CA0232039F030A0847088808CD081609
0178++ A74D             frq_357: 	
0179++ A74D             		dw	357,439,526,618,716,820,929,11+2048,72+2048,137+2048,206+2048,279+2048
0179++ A74D 6501B7010E026A02CC023403A1030B0848088908CE081709
0180++ A765             frq_358: 	
0181++ A765             		dw	358,441,528,620,718,821,931,12+2048,73+2048,138+2048,207+2048,281+2048
0181++ A765 6601B90110026C02CE023503A3030C0849088A08CF081909
0182++ A77D             frq_360: 	
0183++ A77D             		dw	360,443,530,622,720,824,934,13+2048,75+2048,140+2048,209+2048,283+2048
0183++ A77D 6801BB0112026E02D0023803A6030D084B088C08D1081B09
0184++ A795             frq_361: 	
0185++ A795             		dw	361,443,531,623,722,825,935,14+2048,76+2048,141+2048,211+2048,284+2048
0185++ A795 6901BB0113026F02D2023903A7030E084C088D08D3081C09
0186++ A7AD             frq_363: 	
0187++ A7AD             		dw	363,445,533,625,723,827,937,15+2048,77+2048,142+2048,211+2048,285+2048
0187++ A7AD 6B01BD0115027102D3023B03A9030F084D088E08D3081D09
0188++ A7C5             frq_364: 	
0189++ A7C5             		dw	364,447,534,627,725,829,939,16+2048,78+2048,144+2048,213+2048,286+2048
0189++ A7C5 6C01BF0116027302D5023D03AB0310084E089008D5081E09
0190++ A7DD             frq_365: 	
0191++ A7DD             		dw	365,447,535,627,726,830,940,16+2048,78+2048,144+2048,213+2048,287+2048
0191++ A7DD 6D01BF0117027302D6023E03AC0310084E089008D5081F09
0192++ A7F5             frq_366: 	
0193++ A7F5             		dw	366,449,536,629,727,831,942,17+2048,79+2048,145+2048,214+2048,288+2048
0193++ A7F5 6E01C10118027502D7023F03AE0311084F089108D6082009
0194++ A80D             frq_367: 	
0195++ A80D             		dw	367,450,537,630,729,833,943,18+2048,80+2048,146+2048,216+2048,289+2048
0195++ A80D 6F01C20119027602D9024103AF03120850089208D8082109
0196++ A825             frq_369: 	
0197++ A825             		dw	369,452,540,633,731,835,946,20+2048,82+2048,147+2048,217+2048,291+2048
0197++ A825 7101C4011C027902DB024303B203140852089308D9082309
0198++ A83D             frq_370: 	
0199++ A83D             		dw	370,453,541,634,732,837,947,20+2048,82+2048,148+2048,218+2048,292+2048
0199++ A83D 7201C5011D027A02DC024503B303140852089408DA082409
0200++ A855             frq_373: 	
0201++ A855             		dw	373,457,545,638,737,841,952,23+2048,85+2048,151+2048,221+2048,295+2048
0201++ A855 7501C90121027E02E1024903B803170855089708DD082709
0202++ A86D             frq_378: 	
0203++ A86D             		dw	378,462,550,644,743,848,959,27+2048,89+2048,155+2048,225+2048,300+2048
0203++ A86D 7A01CE0126028402E7025003BF031B0859089B08E1082C09
0204++ A885             frq_379: 	
0205++ A885             		dw	378,463,551,645,744,849,960,27+2048,90+2048,156+2048,226+2048,300+2048
0205++ A885 7A01CF0127028502E8025103C0031B085A089C08E2082C09
0206++ A89D             frq_381: 	
0207++ A89D             		dw	381,465,553,647,747,852,963,29+2048,91+2048,158+2048,228+2048,302+2048
0207++ A89D 7D01D10129028702EB025403C3031D085B089E08E4082E09
0208++ A8B5             frq_385: 	
0209++ A8B5             		dw	385,469,558,652,752,857,969,32+2048,95+2048,161+2048,232+2048,306+2048
0209++ A8B5 8101D5012E028C02F0025903C90320085F08A108E8083209
0210++ A8CD             frq_433: 	
0211++ A8CD             		dw	433,520,612,709,812,921,7+2048,68+2048,133+2048,202+2048,274+2048,352+2048
0211++ A8CD B10108026402C5022C039903070844088508CA0812096009
0212++ A8E5             frq_434: 	
0213++ A8E5             		dw	434,521,613,710,813,922,7+2048,68+2048,133+2048,202+2048,275+2048,352+2048
0213++ A8E5 B20109026502C6022D039A03070844088508CA0813096009
0214++ A8FD             frq_436: 	
0215++ A8FD             		dw	436,523,615,712,815,925,8+2048,70+2048,135+2048,204+2048,277+2048,354+2048
0215++ A8FD B4010B026702C8022F039D03080846088708CC0815096209
0216++ A915             frq_442: 	
0217++ A915             		dw	442,529,621,719,823,933,12+2048,74+2048,139+2048,209+2048,282+2048,360+2048
0217++ A915 BA0111026D02CF023703A5030C084A088B08D1081A096809
0218++ A92D             frq_443: 	
0219++ A92D             		dw	443,530,622,720,824,934,13+2048,75+2048,140+2048,209+2048,283+2048,360+2048
0219++ A92D BB0112026E02D0023803A6030D084B088C08D1081B096809
0220++ A945             frq_445: 	
0221++ A945             		dw	445,532,624,723,826,936,14+2048,76+2048,142+2048,211+2048,284+2048,362+2048
0221++ A945 BD0114027002D3023A03A8030E084C088E08D3081C096A09
0222++ A95D             frq_448: 	
0223++ A95D             		dw	448,535,628,726,830,941,17+2048,79+2048,144+2048,214+2048,287+2048,365+2048
0223++ A95D C00117027402D6023E03AD0311084F089008D6081F096D09
0224++ A975             frq_450: 	
0225++ A975             		dw	450,538,631,730,834,944,19+2048,81+2048,146+2048,216+2048,290+2048,368+2048
0225++ A975 C2011A027702DA024203B003130851089208D80822097009
0226++ A98D             frq_455: 	
0227++ A98D             		dw	455,543,637,735,840,951,22+2048,84+2048,150+2048,220+2048,294+2048,372+2048
0227++ A98D C7011F027D02DF024803B703160854089608DC0826097409
0228++ A9A5             frq_459: 	
0229++ A9A5             		dw	459,547,640,739,844,955,24+2048,87+2048,153+2048,223+2048,297+2048,375+2048
0229++ A9A5 CB0123028002E3024C03BB03180857089908DF0829097709
0230++ A9BD             frq_460: 	
0231++ A9BD             		dw	460,548,641,740,845,957,25+2048,88+2048,154+2048,224+2048,298+2048,376+2048
0231++ A9BD CC0124028102E4024D03BD03190858089A08E0082A097809
0232++ A9D5             frq_461: 	
0233++ A9D5             		dw	461,549,642,741,846,958,26+2048,88+2048,154+2048,224+2048,299+2048,377+2048
0233++ A9D5 CD0125028202E5024E03BE031A0858089A08E0082B097909
0234++ A9ED             frq_462: 	
0235++ A9ED             		dw	462,550,644,743,848,959,27+2048,89+2048,155+2048,225+2048,300+2048,378+2048
0235++ A9ED CE0126028402E7025003BF031B0859089B08E1082C097A09
0236++ AA05             frq_480: 	
0237++ AA05             		dw	480,569,664,764,870,983,39+2048,102+2048,169+2048,240+2048,316+2048,395+2048
0237++ AA05 E00139029802FC026603D70327086608A908F0083C098B09
0238++ AA1D             frq_507: 	
0239++ AA1D             		dw	507,598,694,796,905,1019,58+2048,123+2048,191+2048,263+2048,340+2048,421+2048
0239++ AA1D FB015602B6021C038903FB033A087B08BF0807095409A509
0240++ AA35             frq_508: 	
0241++ AA35             		dw	508,599,695,797,905,1019,58+2048,123+2048,191+2048,264+2048,341+2048,422+2048
0241++ AA35 FC015702B7021D038903FB033A087B08BF0808095509A609
0242++ AA4D             frq_519: 	
0243++ AA4D             		dw	519,611,708,811,920,6+2048,67+2048,132+2048,201+2048,274+2048,351+2048,433+2048
0243++ AA4D 07026302C4022B039803060843088408C90812095F09B109
0244++ AA65             frq_531: 	
0245++ AA65             		dw	531,623,721,825,935,14+2048,76+2048,141+2048,210+2048,284+2048,362+2048,444+2048
0245++ AA65 13026F02D1023903A7030E084C088D08D2081C096A09BC09
0246++ AA7D             frq_532: 	
0247++ AA7D             		dw	532,624,722,826,936,14+2048,76+2048,141+2048,211+2048,284+2048,362+2048,445+2048
0247++ AA7D 14027002D2023A03A8030E084C088D08D3081C096A09BD09
0248++ AA95             frq_538: 	
0249++ AA95             		dw	538,631,730,834,944,19+2048,81+2048,146+2048,216+2048,290+2048,368+2048,451+2048
0249++ AA95 1A027702DA024203B003130851089208D80822097009C309
0250++ AAAD             frq_545: 	
0251++ AAAD             		dw	545,639,737,842,953,23+2048,86+2048,152+2048,221+2048,296+2048,374+2048,457+2048
0251++ AAAD 21027F02E1024A03B903170856089808DD0828097609C909
0252++ AAC5             frq_548: 	
0253++ AAC5             		dw	548,642,741,846,957,25+2048,88+2048,154+2048,224+2048,298+2048,377+2048,460+2048
0253++ AAC5 24028202E5024E03BD03190858089A08E0082A097909CC09
0254++ AADD             frq_550: 	
0255++ AADD             		dw	550,643,742,848,959,26+2048,89+2048,155+2048,225+2048,299+2048,378+2048,461+2048
0255++ AADD 26028302E6025003BF031A0859089B08E1082B097A09CD09
0256++ AAF5             frq_552: 	
0257++ AAF5             		dw	552,645,745,850,961,28+2048,90+2048,156+2048,227+2048,301+2048,380+2048,463+2048
0257++ AAF5 28028502E9025203C1031C085A089C08E3082D097C09CF09
0258++ AB0D             frq_555: 	
0259++ AB0D             		dw	555,648,748,853,965,30+2048,92+2048,159+2048,229+2048,304+2048,383+2048,467+2048
0259++ AB0D 2B028802EC025503C5031E085C089F08E50830097F09D309
0260++ AB25             frq_556: 	
0261++ AB25             		dw	556,650,749,855,967,30+2048,93+2048,160+2048,231+2048,305+2048,384+2048,467+2048
0261++ AB25 2C028A02ED025703C7031E085D08A008E70831098009D309
0262++ AB3D             frq_557: 	
0263++ AB3D             		dw	557,651,750,856,967,31+2048,94+2048,160+2048,231+2048,305+2048,384+2048,468+2048
0263++ AB3D 2D028B02EE025803C7031F085E08A008E70831098009D409
0264++ AB55             frq_558: 	
0265++ AB55             		dw	558,652,752,857,969,32+2048,95+2048,161+2048,232+2048,306+2048,385+2048,469+2048
0265++ AB55 2E028C02F0025903C90320085F08A108E80832098109D509
0266++ AB6D             frq_559: 	
0267++ AB6D             		dw	559,653,753,858,970,32+2048,95+2048,162+2048,232+2048,307+2048,386+2048,470+2048
0267++ AB6D 2F028D02F1025A03CA0320085F08A208E80833098209D609
0268++ AB85             frq_560: 	
0269++ AB85             		dw	560,654,753,859,971,33+2048,96+2048,162+2048,233+2048,308+2048,387+2048,471+2048
0269++ AB85 30028E02F1025B03CB0321086008A208E90834098309D709
0270++ AB9D             frq_579: 	
0271++ AB9D             		dw	579,674,775,882,996,46+2048,110+2048,177+2048,248+2048,324+2048,404+2048,489+2048
0271++ AB9D 4302A20207037203E4032E086E08B108F80844099409E909
0272++ ABB5             frq_616: 	
0273++ ABB5             		dw	616,713,816,926,9+2048,70+2048,135+2048,204+2048,277+2048,355+2048,437+2048,524+2048
0273++ ABB5 6802C90230039E03090846088708CC0815096309B5090C0A
0274++ ABCD             frq_627: 	
0275++ ABCD             		dw	627,725,829,939,16+2048,78+2048,143+2048,213+2048,286+2048,364+2048,447+2048,534+2048
0275++ ABCD 7302D5023D03AB0310084E088F08D5081E096C09BF09160A
0276++ ABE5             frq_630: 	
0277++ ABE5             		dw	630,729,833,943,18+2048,80+2048,146+2048,215+2048,289+2048,367+2048,450+2048,538+2048
0277++ ABE5 7602D9024103AF03120850089208D70821096F09C2091A0A
0278++ ABFD             frq_639: 	
0279++ ABFD             		dw	639,738,843,954,24+2048,86+2048,152+2048,222+2048,296+2048,375+2048,458+2048,546+2048
0279++ ABFD 7F02E2024B03BA03180856089808DE0828097709CA09220A
0280++ AC15             frq_641: 	
0281++ AC15             		dw	641,740,845,957,25+2048,88+2048,154+2048,224+2048,298+2048,376+2048,460+2048,548+2048
0281++ AC15 8102E4024D03BD03190858089A08E0082A097809CC09240A
0282++ AC2D             frq_645: 	
0283++ AC2D             		dw	645,744,849,960,27+2048,90+2048,156+2048,226+2048,300+2048,380+2048,463+2048,552+2048
0283++ AC2D 8502E8025103C0031B085A089C08E2082C097C09CF09280A
0284++ AC45             frq_650: 	
0285++ AC45             		dw	650,749,855,967,30+2048,93+2048,160+2048,230+2048,305+2048,384+2048,467+2048,556+2048
0285++ AC45 8A02ED025703C7031E085D08A008E60831098009D3092C0A
0286++ AC5D             frq_653: 	
0287++ AC5D             		dw	653,753,858,970,32+2048,95+2048,162+2048,232+2048,307+2048,386+2048,470+2048,559+2048
0287++ AC5D 8D02F1025A03CA0320085F08A208E80833098209D6092F0A
0288++ AC75             frq_654: 	
0289++ AC75             		dw	654,754,859,971,33+2048,96+2048,163+2048,233+2048,308+2048,387+2048,471+2048,560+2048
0289++ AC75 8E02F2025B03CB0321086008A308E90834098309D709300A
0290++ AC8D             frq_677: 	
0291++ AC8D             		dw	677,778,886,999,48+2048,112+2048,179+2048,251+2048,326+2048,407+2048,492+2048,582+2048
0291++ AC8D A5020A037603E70330087008B308FB0846099709EC09460A
0292++ ACA5             frq_679: 	
0293++ ACA5             		dw	679,781,888,1002,49+2048,113+2048,180+2048,252+2048,328+2048,408+2048,494+2048,584+2048
0293++ ACA5 A7020D037803EA0331087108B408FC0848099809EE09480A
0294++ ACBD             frq_698: 	
0295++ ACBD             		dw	698,801,909,0+2048,61+2048,125+2048,194+2048,266+2048,343+2048,424+2048,510+2048,601+2048
0295++ ACBD BA0221038D0300083D087D08C2080A095709A809FE09590A
0296++ ACD5             frq_701: 	
0297++ ACD5             		dw	701,805,913,2+2048,63+2048,127+2048,196+2048,268+2048,345+2048,427+2048,513+2048,604+2048
0297++ ACD5 BD022503910302083F087F08C4080C095909AB09010A5C0A
0298++ ACED             frq_704: 	
0299++ ACED             		dw	704,807,916,4+2048,65+2048,130+2048,198+2048,271+2048,348+2048,429+2048,516+2048,607+2048
0299++ ACED C00227039403040841088208C6080F095C09AD09040A5F0A
0300++ AD05             frq_708: 	
0301++ AD05             		dw	708,810,920,6+2048,67+2048,132+2048,200+2048,273+2048,350+2048,432+2048,519+2048,610+2048
0301++ AD05 C4022A039803060843088408C80811095E09B009070A620A
0302++ AD1D             frq_715: 	
0303++ AD1D             		dw	715,819,928,10+2048,72+2048,137+2048,206+2048,279+2048,356+2048,438+2048,525+2048,618+2048
0303++ AD1D CB023303A0030A0848088908CE0817096409B6090D0A6A0A
0304++ AD35             frq_721: 	
0305++ AD35             		dw	721,825,935,13+2048,75+2048,141+2048,210+2048,283+2048,361+2048,443+2048,530+2048,623+2048
0305++ AD35 D1023903A7030D084B088D08D2081B096909BB09120A6F0A
0306++ AD4D             frq_726: 	
0307++ AD4D             		dw	726,830,941,17+2048,79+2048,144+2048,214+2048,287+2048,365+2048,448+2048,535+2048,628+2048
0307++ AD4D D6023E03AD0311084F089008D6081F096D09C009170A740A
0308++ AD65             frq_727: 	
0309++ AD65             		dw	727,831,942,18+2048,80+2048,145+2048,215+2048,288+2048,367+2048,449+2048,536+2048,629+2048
0309++ AD65 D7023F03AE03120850089108D70820096F09C109180A750A
0310++ AD7D             frq_733: 	
0311++ AD7D             		dw	733,838,949,21+2048,83+2048,149+2048,219+2048,293+2048,371+2048,454+2048,542+2048,635+2048
0311++ AD7D DD024603B503150853089508DB0825097309C6091E0A7B0A
0312++ AD95             frq_737: 	
0313++ AD95             		dw	737,842,953,23+2048,86+2048,152+2048,221+2048,296+2048,374+2048,457+2048,545+2048,639+2048
0313++ AD95 E1024A03B903170856089808DD0828097609C909210A7F0A
0314++ ADAD             frq_750: 	
0315++ ADAD             		dw	750,855,967,31+2048,93+2048,160+2048,230+2048,305+2048,384+2048,467+2048,556+2048,650+2048
0315++ ADAD EE025703C7031F085D08A008E60831098009D3092C0A8A0A
0316++ ADC5             frq_775: 	
0317++ ADC5             		dw	775,882,996,46+2048,110+2048,177+2048,248+2048,324+2048,404+2048,489+2048,579+2048,674+2048
0317++ ADC5 07037203E4032E086E08B108F80844099409E909430AA20A
0318++ ADDD             frq_809: 	
0319++ ADDD             		dw	809,918,5+2048,66+2048,131+2048,199+2048,272+2048,349+2048,431+2048,517+2048,609+2048,706+2048
0319++ ADDD 29039603050842088308C70810095D09AF09050A610AC20A
0320++ ADF5             frq_810: 	
0321++ ADF5             		dw	810,919,5+2048,66+2048,131+2048,200+2048,273+2048,350+2048,431+2048,518+2048,610+2048,707+2048
0321++ ADF5 2A039703050842088308C80811095E09AF09060A620AC30A
0322++ AE0D             frq_811: 	
0323++ AE0D             		dw	811,920,6+2048,67+2048,132+2048,201+2048,274+2048,351+2048,433+2048,519+2048,611+2048,708+2048
0323++ AE0D 2B039803060843088408C90812095F09B109070A630AC40A
0324++ AE25             frq_815: 	
0325++ AE25             		dw	815,925,8+2048,70+2048,135+2048,204+2048,277+2048,354+2048,436+2048,523+2048,615+2048,712+2048
0325++ AE25 2F039D03080846088708CC0815096209B4090B0A670AC80A
0326++ AE3D             frq_820: 	
0327++ AE3D             		dw	820,929,11+2048,72+2048,137+2048,206+2048,280+2048,357+2048,439+2048,526+2048,618+2048,716+2048
0327++ AE3D 3403A1030B0848088908CE0818096509B7090E0A6A0ACC0A
0328++ AE55             frq_822: 	
0329++ AE55             		dw	822,932,12+2048,73+2048,139+2048,208+2048,281+2048,359+2048,441+2048,528+2048,620+2048,718+2048
0329++ AE55 3603A4030C0849088B08D00819096709B909100A6C0ACE0A
0330++ AE6D             frq_823: 	
0331++ AE6D             		dw	823,933,13+2048,74+2048,139+2048,209+2048,282+2048,360+2048,442+2048,529+2048,621+2048,719+2048
0331++ AE6D 3703A5030D084A088B08D1081A096809BA09110A6D0ACF0A
0332++ AE85             frq_824: 	
0333++ AE85             		dw	824,934,13+2048,75+2048,140+2048,209+2048,283+2048,360+2048,443+2048,530+2048,622+2048,720+2048
0333++ AE85 3803A6030D084B088C08D1081B096809BB09120A6E0AD00A
0334++ AE9D             frq_828: 	
0335++ AE9D             		dw	828,938,15+2048,77+2048,143+2048,212+2048,286+2048,363+2048,446+2048,533+2048,626+2048,724+2048
0335++ AE9D 3C03AA030F084D088F08D4081E096B09BE09150A720AD40A
0336++ AEB5             frq_831: 	
0337++ AEB5             		dw	831,942,17+2048,79+2048,145+2048,214+2048,288+2048,366+2048,449+2048,536+2048,629+2048,727+2048
0337++ AEB5 3F03AE0311084F089108D60820096E09C109180A750AD70A
0338++ AECD             frq_832: 	
0339++ AECD             		dw	832,942,18+2048,80+2048,145+2048,215+2048,288+2048,367+2048,449+2048,537+2048,630+2048,728+2048
0339++ AECD 4003AE03120850089108D70820096F09C109190A760AD80A
0340++ AEE5             frq_833: 	
0341++ AEE5             		dw	833,943,18+2048,80+2048,146+2048,215+2048,289+2048,367+2048,450+2048,538+2048,630+2048,729+2048
0341++ AEE5 4103AF03120850089208D70821096F09C2091A0A760AD90A
0342++ AEFD             frq_835: 	
0343++ AEFD             		dw	835,946,20+2048,82+2048,147+2048,217+2048,291+2048,369+2048,452+2048,540+2048,633+2048,731+2048
0343++ AEFD 4303B203140852089308D90823097109C4091C0A790ADB0A
0344++ AF15             frq_842: 	
0345++ AF15             		dw	842,953,23+2048,86+2048,152+2048,222+2048,296+2048,374+2048,457+2048,545+2048,639+2048,737+2048
0345++ AF15 4A03B903170856089808DE0828097609C909210A7F0AE10A
0346++ AF2D             frq_843: 	
0347++ AF2D             		dw	843,954,24+2048,86+2048,152+2048,222+2048,296+2048,375+2048,458+2048,546+2048,639+2048,738+2048
0347++ AF2D 4B03BA03180856089808DE0828097709CA09220A7F0AE20A
0348++ AF45             frq_844: 	
0349++ AF45             		dw	844,955,24+2048,87+2048,153+2048,223+2048,297+2048,375+2048,459+2048,547+2048,640+2048,739+2048
0349++ AF45 4C03BB03180857089908DF0829097709CB09230A800AE30A
0350++ AF5D             frq_847: 	
0351++ AF5D             		dw	847,959,26+2048,89+2048,155+2048,225+2048,299+2048,378+2048,461+2048,550+2048,643+2048,742+2048
0351++ AF5D 4F03BF031A0859089B08E1082B097A09CD09260A830AE60A
0352++ AF75             frq_852: 	
0353++ AF75             		dw	852,964,29+2048,92+2048,158+2048,228+2048,303+2048,382+2048,465+2048,554+2048,648+2048,747+2048
0353++ AF75 5403C4031D085C089E08E4082F097E09D1092A0A880AEB0A
0354++ AF8D             frq_874: 	
0355++ AF8D             		dw	874,986,41+2048,104+2048,171+2048,243+2048,318+2048,398+2048,482+2048,572+2048,667+2048,767+2048
0355++ AF8D 6A03DA0329086808AB08F3083E098E09E2093C0A9B0AFF0A
0356++ AFA5             frq_908: 	
0357++ AFA5             		dw	908,1023,60+2048,125+2048,193+2048,265+2048,342+2048,423+2048,509+2048,601+2048,697+2048,800+2048
0357++ AFA5 8C03FF033C087D08C10809095609A709FD09590AB90A200B
0358++ AFBD             frq_909: 	
0359++ AFBD             		dw	909,0+2048,61+1025,125+2048,194+2048,266+2048,343+2048,424+2048,510+2048,601+2048,698+2048,801+2048
0359++ AFBD 8D0300083E047D08C2080A095709A809FE09590ABA0A210B
0360++ AFD5             frq_916: 	
0361++ AFD5             		dw	916,4+2048,65+2048,130+2048,198+2048,271+2048,347+2048,429+2048,515+2048,607+2048,704+2048,807+2048
0361++ AFD5 9403040841088208C6080F095B09AD09030A5F0AC00A270B
0362++ AFED             frq_918: 	
0363++ AFED             		dw	918,5+2048,66+2048,131+2048,199+2048,272+2048,349+2048,431+2048,517+2048,609+2048,706+2048,809+2048
0363++ AFED 9603050842088308C70810095D09AF09050A610AC20A290B
0364++ B005             frq_920: 	
0365++ B005             		dw	920,6+2048,67+2048,132+2048,201+2048,274+2048,351+2048,433+2048,519+2048,611+2048,708+2048,811+2048
0365++ B005 9803060843088408C90812095F09B109070A630AC40A2B0B
0366++ B01D             frq_921: 	
0367++ B01D             		dw	921,7+2048,68+2048,133+2048,202+2048,274+2048,352+2048,433+2048,520+2048,612+2048,709+2048,812+2048
0367++ B01D 9903070844088508CA0812096009B109080A640AC50A2C0B
0368++ B035             frq_925: 	
0369++ B035             		dw	925,8+2048,70+2048,135+2048,204+2048,277+2048,354+2048,436+2048,523+2048,615+2048,712+2048,815+2048
0369++ B035 9D03080846088708CC0815096209B4090B0A670AC80A2F0B
0370++ B04D             frq_926: 	
0371++ B04D             		dw	926,9+2048,70+2048,135+2048,204+2048,277+2048,355+2048,437+2048,523+2048,615+2048,713+2048,816+2048
0371++ B04D 9E03090846088708CC0815096309B5090B0A670AC90A300B
0372++ B065             frq_927: 	
0373++ B065             		dw	927,10+2048,71+2048,136+2048,205+2048,278+2048,356+2048,438+2048,525+2048,617+2048,715+2048,818+2048
0373++ B065 9F030A0847088808CD0816096409B6090D0A690ACB0A320B
0374++ B07D             frq_929: 	
0375++ B07D             		dw	929,11+2048,72+2048,137+2048,206+2048,280+2048,357+2048,439+2048,526+2048,618+2048,716+2048,820+2048
0375++ B07D A1030B0848088908CE0818096509B7090E0A6A0ACC0A340B
0376++ B095             frq_931: 	
0377++ B095             		dw	931,12+2048,73+2048,138+2048,208+2048,281+2048,358+2048,441+2048,528+2048,620+2048,718+2048,821+2048
0377++ B095 A3030C0849088A08D00819096609B909100A6C0ACE0A350B
0378++ B0AD             frq_935: 	
0379++ B0AD             		dw	935,13+2048,75+2048,141+2048,210+2048,283+2048,361+2048,443+2048,530+2048,623+2048,721+2048,825+2048
0379++ B0AD A7030D084B088D08D2081B096909BB09120A6F0AD10A390B
0380++ B0C5             frq_936: 	
0381++ B0C5             		dw	936,14+2048,76+2048,142+2048,211+2048,284+2048,362+2048,444+2048,532+2048,624+2048,722+2048,826+2048
0381++ B0C5 A8030E084C088E08D3081C096A09BC09140A700AD20A3A0B
0382++ B0DD             frq_937: 	
0383++ B0DD             		dw	937,15+2048,77+2048,142+2048,211+2048,285+2048,363+2048,445+2048,533+2048,625+2048,723+2048,827+2048
0383++ B0DD A9030F084D088E08D3081D096B09BD09150A710AD30A3B0B
0384++ B0F5             frq_939: 	
0385++ B0F5             		dw	939,16+2048,78+2048,143+2048,213+2048,286+2048,364+2048,447+2048,534+2048,627+2048,725+2048,829+2048
0385++ B0F5 AB0310084E088F08D5081E096C09BF09160A730AD50A3D0B
0386++ B10D             frq_941: 	
0387++ B10D             		dw	941,17+2048,79+2048,144+2048,214+2048,287+2048,365+2048,448+2048,535+2048,628+2048,726+2048,830+2048
0387++ B10D AD0311084F089008D6081F096D09C009170A740AD60A3E0B
0388++ B125             frq_942: 	
0389++ B125             		dw	942,18+2048,80+2048,145+2048,215+2048,288+2048,367+2048,449+2048,537+2048,630+2048,728+2048,832+2048
0389++ B125 AE03120850089108D70820096F09C109190A760AD80A400B
0390++ B13D             frq_944: 	
0391++ B13D             		dw	944,19+2048,80+2048,146+2048,216+2048,289+2048,368+2048,450+2048,538+2048,631+2048,729+2048,834+2048
0391++ B13D B003130850089208D80821097009C2091A0A770AD90A420B
0392++ B155             frq_949: 	
0393++ B155             		dw	949,21+2048,83+2048,149+2048,218+2048,292+2048,371+2048,454+2048,542+2048,635+2048,733+2048,838+2048
0393++ B155 B503150853089508DA0824097309C6091E0A7B0ADD0A460B
0394++ B16D             frq_950: 	
0395++ B16D             		dw	950,22+2048,84+2048,150+2048,219+2048,293+2048,372+2048,455+2048,543+2048,636+2048,734+2048,839+2048
0395++ B16D B603160854089608DB0825097409C7091F0A7C0ADE0A470B
0396++ B185             frq_951: 	
0397++ B185             		dw	951,22+2048,85+2048,151+2048,220+2048,294+2048,372+2048,456+2048,543+2048,637+2048,736+2048,841+2048
0397++ B185 B703160855089708DC0826097409C8091F0A7D0AE00A490B
0398++ B19D             frq_952: 	
0399++ B19D             		dw	952,23+2048,85+2048,151+2048,221+2048,295+2048,373+2048,456+2048,544+2048,638+2048,736+2048,841+2048
0399++ B19D B803170855089708DD0827097509C809200A7E0AE00A490B
0400++ B1B5             frq_953: 	
0401++ B1B5             		dw	953,23+2048,86+2048,152+2048,221+2048,296+2048,374+2048,457+2048,545+2048,639+2048,737+2048,842+2048
0401++ B1B5 B903170856089808DD0828097609C909210A7F0AE10A4A0B
0402++ B1CD             frq_964: 	
0403++ B1CD             		dw	964,29+2048,92+2048,158+2048,228+2048,303+2048,382+2048,466+2048,554+2048,648+2048,747+2048,852+2048
0403++ B1CD C4031D085C089E08E4082F097E09D2092A0A880AEB0A540B
0404++ B1E5             frq_966: 	
0405++ B1E5             		dw	966,30+2048,93+2048,159+2048,229+2048,304+2048,383+2048,467+2048,555+2048,649+2048,749+2048,854+2048
0405++ B1E5 C6031E085D089F08E50830097F09D3092B0A890AED0A560B
0406++ B1FD             frq_969: 	
0407++ B1FD             		dw	969,32+2048,95+2048,161+2048,232+2048,306+2048,385+2048,469+2048,558+2048,652+2048,752+2048,857+2048
0407++ B1FD C90320085F08A108E80832098109D5092E0A8C0AF00A590B
0408++ B215             frq_974: 	
0409++ B215             		dw	974,34+2048,97+2048,164+2048,235+2048,310+2048,389+2048,473+2048,562+2048,656+2048,756+2048,862+2048
0409++ B215 CE0322086108A408EB0836098509D909320A900AF40A5E0B
0410++ B22D             frq_977: 	
0411++ B22D             		dw	977,36+2048,99+2048,166+2048,237+2048,312+2048,391+2048,475+2048,564+2048,659+2048,759+2048,865+2048
0411++ B22D D10324086308A608ED0838098709DB09340A930AF70A610B
0412++ B245             frq_978: 	
0413++ B245             		dw	978,37+2048,100+2048,167+2048,238+2048,313+2048,392+2048,476+2048,565+2048,660+2048,760+2048,866+2048
0413++ B245 D20325086408A708EE0839098809DC09350A940AF80A620B
0414++ B25D             frq_1018: 	
0415++ B25D             		dw	1018,58+2048,122+2048,190+2048,263+2048,339+2048,420+2048,506+2048,597+2048,693+2048,796+2048,904+2048
0415++ B25D FA033A087A08BE0807095309A409FA09550AB50A1C0B880B
0416++ B275             
0417++ B275             
1709+  B275             
0691   B275             
0692   B275             MoonSound_end: 
0693   B275             		.savebin "moonsound.bin",MoonSound_Start, MoonSound_end - MoonSound_Start
0694   B275             
0695   B275             
0696   B275             		.end
0697   B275             
0698   B275             
