0001   0000             ;--------------------------------------------------------------------
0002   0000             ; ЋЇЁб ­ЁҐ: Џа®Ја ¬¬  Їа®ЁЈалў ­Ёп а §­ле §ўгЄ®ўле ¬®¤г«Ґ© Amstrad CPC
0003   0000             ; Ї®¤¤Ґа¦Є  ў ¦Ґ«Ґ§Ґ: ZXM-MoonSound
0004   0000             ; Ђўв®а Ї®ав : ’ а б®ў Њ.Ќ.(Mick),2014
0005   0000             ;--------------------------------------------------------------------
0006   0000             		DEVICE ZXSPECTRUM128
0007   0000             
0008   0000             		.org 	6200h
0009   6200             
0010   6200             ;-------------------------------------------------------------------
0011   6200             ; ®ЇЁб ­ЁҐ: ’®зЄ  ўе®¤  ў Їа®Ја ¬¬г Ї®б«Ґ ЇҐаҐ¤ зЁ гЇа ў«Ґ­Ёп Ё§ Ћ‘
0012   6200             ;---------------------------------------------------------------------
0013   6200             MoonSound_Start: 		
0014   6200 AF          		xor	a               		;Ў®а¤Ґа ў зҐа­л© жўҐв
0015   6201 D3 FE       		out	(0feh),a	
0016   6203 32 4D 65    		ld	(MoonSound_count_music),a	;бзҐвзЁЄ ­®¬Ґа  ¬г§лЄЁ
0017   6206 32 4C 65    		ld	(MoonSound_number_music),a
0018   6209             
0019   6209 21 00 40    		ld	hl,4000h
0020   620C 11 01 40    		ld	de,4001h
0021   620F 01 00 1B    		ld	bc,1b00h
0022   6212 71          		ld	(hl),c
0023   6213 ED B0       		ldir
0024   6215             		
0025   6215 21 00 40    		ld	hl,4000h			;Јаг§Ё¬ нЄа ­
0026   6218 ED 5B F4 5C 		ld	de,(5CF4h)
0027   621C 01 05 1B    		ld	bc,1B05h
0028   621F CD 13 3D    		call	3d13h
0029   6222 CD 8A 66    		call	Str_init_load
0030   6225 FB          		ei
0031   6226             MoonSound_loading: 
0032   6226 76          		halt
0033   6227 06 00       		ld	b,0
0034   6229             MoonSound_wait: 
0035   6229 10 FE       		djnz	MoonSound_wait			
0036   622B CD 9C 66    		call	Str_play
0037   622E 38 02       		jr	c,MoonSound_load
0038   6230 30 F4       		jr	nc,MoonSound_loading	
0039   6232             MoonSound_load: 
0040   6232 F3          		di                                      ;­  ўбпЄЁ© Ї®¦ а­л© § ЇаҐвЁ¬ ЇаҐалў ­Ёп
0041   6233             
0042   6233             
0043   6233 3E 11       		ld	a,11h 
0044   6235 01 FD 7F    		ld	bc,7ffdh
0045   6238 ED 79       		out	(c),a
0046   623A 21 00 C0    		ld	hl,0C000h			;Јаг§Ё¬ ¬г§лЄ «м­л© Ї Є 0.
0047   623D ED 5B F4 5C 		ld	de,(5CF4h)
0048   6241 01 05 3F    		ld	bc,3F05h
0049   6244 CD 13 3D    		call	3d13h
0050   6247             
0051   6247 3E 13       		ld	a,13h 
0052   6249 01 FD 7F    		ld	bc,7ffdh
0053   624C ED 79       		out	(c),a
0054   624E 21 00 C0    		ld	hl,0C000h			;Јаг§Ё¬ ¬г§лЄ «м­л© Ї Є 1.
0055   6251 ED 5B F4 5C 		ld	de,(5CF4h)
0056   6255 01 05 3A    		ld	bc,3A05h
0057   6258 CD 13 3D    		call	3d13h
0058   625B             
0059   625B 3E 14       		ld	a,14h 
0060   625D 01 FD 7F    		ld	bc,7ffdh
0061   6260 ED 79       		out	(c),a
0062   6262 21 00 C0    		ld	hl,0C000h			;Јаг§Ё¬ ¬г§лЄ «м­л© Ї Є 2.
0063   6265 ED 5B F4 5C 		ld	de,(5CF4h)
0064   6269 01 05 37    		ld	bc,3705h
0065   626C CD 13 3D    		call	3d13h
0066   626F             		
0067   626F 3E 16       		ld	a,16h 
0068   6271 01 FD 7F    		ld	bc,7ffdh
0069   6274 ED 79       		out	(c),a
0070   6276 21 00 C0    		ld	hl,0C000h			;Јаг§Ё¬ ¬г§лЄ «м­л© Ї Є 3
0071   6279 ED 5B F4 5C 		ld	de,(5CF4h)
0072   627D 01 05 3C    		ld	bc,3C05h
0073   6280 CD 13 3D    		call	3d13h
0074   6283             
0075   6283 3E 17       		ld	a,17h 
0076   6285 01 FD 7F    		ld	bc,7ffdh
0077   6288 ED 79       		out	(c),a
0078   628A 21 00 C0    		ld	hl,0C000h			;Јаг§Ё¬ ¬г§лЄ «м­л© Ї Є 4
0079   628D ED 5B F4 5C 		ld	de,(5CF4h)
0080   6291 01 05 3C    		ld	bc,3C05h
0081   6294 CD 13 3D    		call	3d13h
0082   6297             
0083   6297 31 FF 5F    		ld	sp,5fffh
0084   629A 3E 10       		ld	a,10h 
0085   629C 01 FD 7F    		ld	bc,7ffdh
0086   629F ED 79       		out	(c),a
0087   62A1             
0088   62A1 CD 7D 66    		call	Str_init			;Ё­ЁжЁ «Ё§ жЁп ЎҐЈгйҐ© бва®ЄЁ
0089   62A4 CD 39 64    		call	MoonSound_view_number
0090   62A7 CD D2 63    		call	MoonSound_time_init
0091   62AA             
0092   62AA 21 00 60    		ld	hl,6000h                       	
0093   62AD 11 01 60    		ld	de,6001h
0094   62B0 01 00 01    		ld	bc,0100h
0095   62B3 36 61       		ld	(hl),61h
0096   62B5 ED B0       		ldir
0097   62B7 3E C3       		ld	a,0c3h                          
0098   62B9 32 61 61    		ld	(6161h),a
0099   62BC 21 5E 66    		ld	hl,Interrupt_handle
0100   62BF 22 62 61    		ld	(6162h),hl
0101   62C2             
0102   62C2 3E 60       		ld	a,60h                          
0103   62C4 ED 47       		ld	i,a
0104   62C6 ED 5E       		im	2
0105   62C8             
0106   62C8 AF          		xor	a
0107   62C9 C3 F6 62    		jp	MoonSound_next_music
0108   62CC             
0109   62CC             ;		ei
0110   62CC             
0111   62CC             MoonSound_key: 		
0112   62CC AF          		xor	a
0113   62CD 32 4F 65                    ld	(MoonSound_key_press),a
0114   62D0             MoonSound_loop: 		
0115   62D0 76          		halt
0116   62D1             
0117   62D1 3E 7F       		ld	a,7fh				;®¦Ё¤ Ґ¬ Їа®ЎҐ« - ЇҐаҐе®¤ Є б«Ґ¤гойҐ© Є®¬Ї®§ЁжЁЁ
0118   62D3 DB FE       		in	a,(0feh)
0119   62D5 1F          		rra	
0120   62D6 38 F4       		jr	c,MoonSound_key
0121   62D8             
0122   62D8 3E FE       		ld	a,0FEh
0123   62DA DB FE       		in	a,(0FEh)
0124   62DC 1F          		rra	    
0125   62DD D2 C7 63    		jp	nc,MoonSound_exit
0126   62E0             
0127   62E0 3A 4F 65    		ld	a,(MoonSound_key_press)
0128   62E3 A7          		and	a
0129   62E4 20 EA       		jr	nz,MoonSound_loop
0130   62E6             
0131   62E6 3C          		inc	a
0132   62E7 32 4F 65                    ld	(MoonSound_key_press),a
0133   62EA             
0134   62EA CD 22 81    		call	MBPlayer_stop
0135   62ED             
0136   62ED 3A 4D 65    		ld	a,(MoonSound_count_music)
0137   62F0 3C          		inc	a
0138   62F1 FE 0F       		cp	15
0139   62F3 38 01       		jr	c,MoonSound_next_music
0140   62F5 AF          		xor	a
0141   62F6             
0142   62F6             MoonSound_next_music: 
0143   62F6 F3          		di	
0144   62F7 32 4D 65    		ld	(MoonSound_count_music),a
0145   62FA 6F          		ld	l,a
0146   62FB 5F          		ld	e,a
0147   62FC 26 00       		ld	h,0
0148   62FE 54          		ld	d,h
0149   62FF 29          		add	hl,hl
0150   6300 29          		add	hl,hl
0151   6301 19          		add	hl,de
0152   6302 11 7C 63    		ld	de,MoonSound_tabl_music
0153   6305 19          		add	hl,de
0154   6306 7E          		ld	a,(hl)				;­®¬Ґа бва ­Ёжл Ї ¬пвЁ
0155   6307 32 4E 65    		ld	(MoonSound_page_memory),a
0156   630A 23          		inc	hl
0157   630B 5E          		ld	e,(hl)				; ¤аҐб ваҐЄ                           
0158   630C 23          		inc	hl
0159   630D 56          		ld	d,(hl)
0160   630E 23          		inc	hl
0161   630F 7E          		ld	a,(hl)                          ;зЁб«® ­ҐЇ®«­ле Ў ©в
0162   6310 23          		inc	hl
0163   6311 46          		ld	b,(hl)				;зЁб«® бҐЄв®а®ў
0164   6312 A7          		and	a
0165   6313 28 01       		jr	z,MoonSound_copy_block
0166   6315 04          		inc	b	
0167   6316             
0168   6316             MoonSound_copy_block: 
0169   6316 21 00 D0    		ld	hl,0D000h
0170   6319 22 53 65    		ld	(MoonSound_copy_addr),hl
0171   631C EB          		ex	hl,de
0172   631D             
0173   631D             MoonSound_copy_loop: 
0174   631D C5          		push	bc
0175   631E 3A 4E 65    		ld	a,(MoonSound_page_memory)	;§ Јаг§Ё¬ ­®¬Ґа бва ­Ёжл Ї ¬пвЁ
0176   6321 01 FD 7F    		ld	bc,7ffdh
0177   6324 ED 79       		out	(c),a
0178   6326             
0179   6326 11 55 65    		ld	de,MoonSound_copy_buffer
0180   6329 01 00 01    		ld	bc,100h
0181   632C ED B0       		ldir
0182   632E E5          		push	hl
0183   632F 3E 10       		ld	a,10h
0184   6331 01 FD 7F    		ld	bc,7ffdh
0185   6334 ED 79       		out	(c),a
0186   6336 2A 53 65    		ld	hl,(MoonSound_copy_addr)
0187   6339 11 55 65    		ld	de,MoonSound_copy_buffer
0188   633C EB          		ex	hl,de
0189   633D 01 00 01    		ld	bc,100h
0190   6340 ED B0       		ldir
0191   6342 EB          		ex	hl,de
0192   6343 22 53 65    		ld	(MoonSound_copy_addr),hl
0193   6346 E1          		pop	hl
0194   6347 C1          		pop	bc
0195   6348 10 D3       		djnz	MoonSound_copy_loop
0196   634A             
0197   634A CD 71 64    		call	MoonSound_mwmload
0198   634D             
0199   634D 21 00 C0    		ld	hl,0C000h
0200   6350 22 4F 8E    		ld	(MBPlayer_songdata_addres),hl
0201   6353 CD 1C 81    		call	MBPlayer_init
0202   6356             
0203   6356 3A 4C 65    		ld	a,(MoonSound_number_music)
0204   6359 3C          		inc	a
0205   635A 4F          		ld	c,a
0206   635B E6 0F       		and	0Fh
0207   635D FE 0A       		cp	10
0208   635F 38 04       		jr	c,MoonSound_number_correct
0209   6361 3E 06       		ld	a,6
0210   6363 81          		add	c
0211   6364 4F          		ld	c,a
0212   6365             
0213   6365             MoonSound_number_correct: 
0214   6365 79          		ld	a,c
0215   6366 32 4C 65    		ld	(MoonSound_number_music),a
0216   6369 FE 16       		cp	16h
0217   636B 38 02       		jr	c,MoonSound_number_valid
0218   636D 3E 01       		ld	a,1
0219   636F             
0220   636F             MoonSound_number_valid: 
0221   636F 32 4C 65    		ld	(MoonSound_number_music),a
0222   6372 CD 39 64    		call	MoonSound_view_number
0223   6375 CD D2 63    		call	MoonSound_time_init
0224   6378             
0225   6378 FB          		ei
0226   6379 C3 D0 62    		jp      MoonSound_loop
0227   637C             
0228   637C             MoonSound_tabl_music: 
0229   637C 11          		db	11h   				; 1 ¬г§лЄ «м­®Ґ Їа®Ё§ўҐ¤Ґ­ЁҐ
0230   637D 00 C0       		dw	0C000h
0231   637F C0 25       		dw	25C0h
0232   6381 11          		db	11h   				; 2 ¬г§лЄ «м­®Ґ Їа®Ё§ўҐ¤Ґ­ЁҐ
0233   6382 C0 E5       		dw	0E5C0h
0234   6384 70 05       		dw	0570h
0235   6386 11          		db	11h   				; 3 ¬г§лЄ «м­®Ґ Їа®Ё§ўҐ¤Ґ­ЁҐ
0236   6387 30 EB       		dw	0EB30h
0237   6389 20 04       		dw	0420h
0238   638B 11          		db	11h   				; 4 ¬г§лЄ «м­®Ґ Їа®Ё§ўҐ¤Ґ­ЁҐ
0239   638C 50 EF       		dw	0EF50h
0240   638E 60 04       		dw	0460h
0241   6390 11          		db	11h   				; 5 ¬г§лЄ «м­®Ґ Їа®Ё§ўҐ¤Ґ­ЁҐ
0242   6391 B0 F3       		dw	0F3B0h
0243   6393 F0 04       		dw	04F0h
0244   6395 11          		db	11h   				; 6 ¬г§лЄ «м­®Ґ Їа®Ё§ўҐ¤Ґ­ЁҐ
0245   6396 A0 F8       		dw	0F8A0h
0246   6398 60 06       		dw	0660h
0247   639A             
0248   639A 13          		db	13h   				; 7 ¬г§лЄ «м­®Ґ Їа®Ё§ўҐ¤Ґ­ЁҐ
0249   639B 00 C0       		dw	0C000h
0250   639D 00 1F       		dw	1F00h
0251   639F 13          		db	13h   				; 8 ¬г§лЄ «м­®Ґ Їа®Ё§ўҐ¤Ґ­ЁҐ
0252   63A0 00 DF       		dw	0DF00h
0253   63A2 00 1B       		dw	1B00h
0254   63A4             
0255   63A4 14          		db	14h   				; 9 ¬г§лЄ «м­®Ґ Їа®Ё§ўҐ¤Ґ­ЁҐ
0256   63A5 00 C0       		dw	0C000h
0257   63A7 90 19       		dw	1990h
0258   63A9 14          		db	14h   				; 10 ¬г§лЄ «м­®Ґ Їа®Ё§ўҐ¤Ґ­ЁҐ
0259   63AA 90 D9       		dw	0D990h
0260   63AC 20 18       		dw	1820h
0261   63AE 14          		db	14h   				; 11 ¬г§лЄ «м­®Ґ Їа®Ё§ўҐ¤Ґ­ЁҐ
0262   63AF B0 F1       		dw	0F1B0h
0263   63B1 20 05       		dw	0520h
0264   63B3             
0265   63B3 16          		db	16h   				; 12 ¬г§лЄ «м­®Ґ Їа®Ё§ўҐ¤Ґ­ЁҐ
0266   63B4 00 C0       		dw	0C000h
0267   63B6 40 2A       		dw	02A40h
0268   63B8 16          		db	16h   				; 13 ¬г§лЄ «м­®Ґ Їа®Ё§ўҐ¤Ґ­ЁҐ
0269   63B9 40 EA       		dw	0EA40h
0270   63BB 90 11       		dw	1190h
0271   63BD             
0272   63BD 17          		db	17h   				; 14 ¬г§лЄ «м­®Ґ Їа®Ё§ўҐ¤Ґ­ЁҐ
0273   63BE 00 C0       		dw	0C000h
0274   63C0 90 19       		dw	01990h
0275   63C2 17          		db	17h   				; 15 ¬г§лЄ «м­®Ґ Їа®Ё§ўҐ¤Ґ­ЁҐ
0276   63C3 90 D9       		dw	0D990h
0277   63C5 70 22       		dw	2270h
0278   63C7             
0279   63C7             
0280   63C7             MoonSound_exit: 		
0281   63C7 F3          		di	
0282   63C8 CD 22 81    		call	MBPlayer_stop
0283   63CB 21 00 00    		ld	hl,0	
0284   63CE E5          		push	hl
0285   63CF C3 2F 3D          		jp  	3d2fh				;ўле®¤ ў TR-DOS
0286   63D2             
0287   63D2             
0288   63D2             MoonSound_time_init: 
0289   63D2 AF          		xor	a
0290   63D3 32 50 65                    ld	(MoonSound_time_int),a
0291   63D6 32 51 65    		ld	(MoonSound_time_count),a		
0292   63D9 32 52 65    		ld	(MoonSound_time_minute),a
0293   63DC 18 38       		jr	MoonSound_time_draw
0294   63DE             
0295   63DE             MoonSound_time_view: 
0296   63DE 3A 50 65                    ld	a,(MoonSound_time_int)
0297   63E1 3C          		inc	a
0298   63E2 32 50 65                    ld	(MoonSound_time_int),a
0299   63E5 FE 32       		cp	50
0300   63E7 D8          		ret	c
0301   63E8 AF          		xor	a
0302   63E9 32 50 65                    ld	(MoonSound_time_int),a
0303   63EC 3A 51 65                    ld	a,(MoonSound_time_count)
0304   63EF 3C          		inc	a
0305   63F0 4F          		ld	c,a
0306   63F1 E6 0F       		and	0Fh
0307   63F3 FE 0A       		cp	10
0308   63F5 38 04       		jr	c,MoonSound_time_next
0309   63F7 3E 06       		ld	a,6
0310   63F9 81          		add	c
0311   63FA 4F          		ld	c,a
0312   63FB             MoonSound_time_next: 
0313   63FB 79          		ld	a,c
0314   63FC 32 51 65    		ld	(MoonSound_time_count),a		
0315   63FF FE 60       		cp	60h
0316   6401 38 13       		jr	c,MoonSound_time_draw
0317   6403 AF          		xor	a
0318   6404 32 51 65    		ld	(MoonSound_time_count),a		
0319   6407 3A 52 65    		ld	a,(MoonSound_time_minute)
0320   640A 3C          		inc	a
0321   640B 32 52 65    		ld	(MoonSound_time_minute),a
0322   640E FE 0A       		cp	10
0323   6410 38 04       		jr	c,MoonSound_time_draw
0324   6412 AF          		xor	a
0325   6413 32 52 65    		ld	(MoonSound_time_minute),a
0326   6416             MoonSound_time_draw: 
0327   6416 3A 52 65    		ld	a,(MoonSound_time_minute)
0328   6419 E6 0F       		and	0Fh
0329   641B 21 5B 40    		ld	hl,405Bh
0330   641E CD 4C 64    		call 	MoonSound_view_symbol
0331   6421 3A 51 65    		ld	a,(MoonSound_time_count)
0332   6424 4F          		ld	c,a
0333   6425 E6 F0       		and	0F0h
0334   6427 0F          		rrca
0335   6428 0F          		rrca
0336   6429 0F          		rrca
0337   642A 0F          		rrca
0338   642B 21 5D 40    		ld	hl,405Dh
0339   642E CD 4C 64    		call	MoonSound_view_symbol
0340   6431 79          		ld	a,c
0341   6432 E6 0F       		and	0Fh
0342   6434 21 5E 40    		ld	hl,405Eh
0343   6437 18 13       		jr	MoonSound_view_symbol
0344   6439              
0345   6439             MoonSound_view_number: 
0346   6439 4F          		ld	c,a
0347   643A E6 F0       		and	0F0h
0348   643C 0F          		rrca
0349   643D 0F          		rrca
0350   643E 0F          		rrca
0351   643F 0F          		rrca
0352   6440 21 29 48    		ld	hl,4829h
0353   6443 CD 4C 64    		call	MoonSound_view_symbol
0354   6446 79          		ld	a,c
0355   6447 E6 0F       		and	0Fh
0356   6449 21 2A 48    		ld	hl,482Ah
0357   644C             
0358   644C             MoonSound_view_symbol: 
0359   644C E5          		push	hl
0360   644D 26 00       		ld	h,0
0361   644F 6F          		ld	l,a
0362   6450 29          		add	hl,hl
0363   6451 29          		add	hl,hl
0364   6452 29          		add	hl,hl
0365   6453 11 FC 64    		ld	de,MoonSound_table_symbol
0366   6456 19          	        add	hl,de	
0367   6457 EB          		ex	de,hl
0368   6458 E1          		pop	hl
0369   6459 06 08       		ld	b,8
0370   645B             
0371   645B             MoonSound_view_loop: 
0372   645B 1A          		ld	a,(de)
0373   645C 77          		ld	(hl),a
0374   645D 13          		inc	de		
0375   645E 24          		inc	h
0376   645F 7C          		ld	a,h
0377   6460 E6 07       		and	7
0378   6462 20 0A       		jr	nz,MoonSound_next_line
0379   6464 7D          		ld	a,l
0380   6465 C6 20       		add	a,20h
0381   6467 6F          		ld	l,a
0382   6468 38 04       		jr	c,MoonSound_next_line
0383   646A 7C          		ld	a,h
0384   646B D6 08       		sub	8
0385   646D 67          		ld	h,a
0386   646E             MoonSound_next_line: 
0387   646E 10 EB       		djnz	MoonSound_view_loop
0388   6470 C9          		ret	
0389   6471             
0390   6471             MoonSound_mwmload: 
0391   6471 21 00 D0    		ld	hl,0D000h
0392   6474 22 59 66    		ld	(load_position),hl
0393   6477 21 00 C0    		ld	hl,0C000h
0394   647A 22 4F 8E    		ld	(MBPlayer_songdata_addres),hl
0395   647D             
0396   647D             ;--- Load MWM file ---
0397   647D             
0398   647D             ; Note: The routine below is a bit complex because it supports
0399   647D             ; songs > 16K. However, if you know that your song will always be < 16K you
0400   647D             ; can simplify it a lot:
0401   647D             ; - read the header and trash it!
0402   647D             ; - read the rest of the file
0403   647D             ; - modify the play_nextpos routine so that 3 is added to the pattern address
0404   647D             
0405   647D             mbload: 
0406   647D             
0407   647D 21 4E 8E    		ld	hl,MBPlayer_songdata_bank1	; select first song bank
0408   6480 22 57 66    		ld	(load_bank),hl
0409   6483 7E          		ld	a,(hl)
0410   6484             
0411   6484 21 06 00    		ld	hl,6
0412   6487 ED 5B 4F 8E 		ld	de,(MBPlayer_songdata_addres)
0413   648B CD DB 64    		call	load_file			; read header
0414   648E             
0415   648E 21 2C 03    		ld	hl,812
0416   6491 ED 5B 4F 8E 		ld	de,(MBPlayer_songdata_addres)		; read settings
0417   6495 CD DB 64    		call	load_file
0418   6498 1A          		ld	a,(de)
0419   6499 19          		add	hl,de
0420   649A EB          		ex	de,hl
0421   649B 3C          		inc	a
0422   649C 6F          		ld	l,a
0423   649D 26 00       		ld	h,0
0424   649F CD DB 64    		call	load_file			; read positions
0425   64A2 CD EC 64    		call	check_pats
0426   64A5 19          		add	hl,de
0427   64A6 EB          		ex	de,hl
0428   64A7 87          		add	a,a
0429   64A8 6F          		ld	l,a
0430   64A9 26 00       		ld	h,0
0431   64AB CD DB 64    		call	load_file			; read pattern addresses
0432   64AE 19          		add	hl,de
0433   64AF 22 55 66    		ld	(load_adres),hl
0434   64B2             
0435   64B2             mbload_lp: 
0436   64B2 11 5B 66    		ld	de,load_buffer
0437   64B5 21 03 00    		ld	hl,3
0438   64B8 CD DB 64    		call	load_file
0439   64BB 3A 5D 66    		ld	a,(load_buffer + 2)
0440   64BE B7          		or	a
0441   64BF C8          		ret	z
0442   64C0 ED 5B 55 66 		ld	de,(load_adres)
0443   64C4 2A 5B 66    		ld	hl,(load_buffer)
0444   64C7 CD DB 64    		call	load_file
0445   64CA             
0446   64CA 11 00 C0    		ld	de,0C000h
0447   64CD ED 53 55 66 		ld	(load_adres),de
0448   64D1 2A 57 66    		ld	hl,(load_bank)
0449   64D4 23          		inc	hl
0450   64D5 7E          		ld	a,(hl)
0451   64D6 22 57 66    		ld	(load_bank),hl
0452   64D9 18 D7       		jr	mbload_lp
0453   64DB             
0454   64DB             
0455   64DB             
0456   64DB             ;--- Load (part of) file ---
0457   64DB             ; In: HL = number of bytes to read
0458   64DB             ;     DE = transfer address
0459   64DB             
0460   64DB             load_file: 	
0461   64DB E5          		push	hl
0462   64DC D5          		push	de
0463   64DD C5          		push	bc
0464   64DE             
0465   64DE E5          		push	hl
0466   64DF C1          		pop	bc
0467   64E0 2A 59 66    		ld	hl,(load_position)
0468   64E3 ED B0       		ldir
0469   64E5 22 59 66    		ld	(load_position),hl
0470   64E8 C1          		pop	bc
0471   64E9 D1          		pop	de
0472   64EA E1          		pop	hl
0473   64EB C9          		ret
0474   64EC             
0475   64EC             ;--- search highest pattern ---
0476   64EC             ; In: L = #positions, DE = pointer to patterns
0477   64EC             ; Out: A = highest pattern
0478   64EC             
0479   64EC             check_pats: 	
0480   64EC E5          		push	hl
0481   64ED D5          		push	de
0482   64EE 45          		ld	b,l
0483   64EF EB          		ex	de,hl
0484   64F0 AF          		xor	a
0485   64F1             check_patslp: 	
0486   64F1 BE          		cp	(hl)
0487   64F2 30 01       		jr	nc,check_pats2
0488   64F4 7E          		ld	a,(hl)
0489   64F5 23          check_pats2: 	inc	hl
0490   64F6 10 F9       		djnz	check_patslp
0491   64F8 3C          		inc	a
0492   64F9 D1          		pop	de
0493   64FA E1          		pop	hl
0494   64FB C9          		ret
0495   64FC             
0496   64FC             MoonSound_table_symbol: 
0497   64FC               		db 	0,3Ch,66h,6Eh,76h,66h,3Ch,0
0497   64FC 003C666E76663C00
0498   6504               		db 	0,18h,38h,18h,18h,18h,7Eh,0
0498   6504 0018381818187E00
0499   650C               		db 	0,3Ch,66h,0Ch,18h,30h,7Eh,0
0499   650C 003C660C18307E00
0500   6514               		db 	0,7Eh,0Ch,18h,0Ch,66h,3Ch,0
0500   6514 007E0C180C663C00
0501   651C               		db 	0,0Ch,1Ch,3Ch,6Ch,7Eh,0Ch,0
0501   651C 000C1C3C6C7E0C00
0502   6524               		db 	0,7Eh,60h,7Ch,06h,66h,3Ch,0
0502   6524 007E607C06663C00
0503   652C               		db 	0,3Ch,60h,7Ch,66h,66h,3Ch,0
0503   652C 003C607C66663C00
0504   6534               		db 	0,7Eh,06h,0Ch,18h,30h,30h,0
0504   6534 007E060C18303000
0505   653C               		db 	0,3Ch,66h,3Ch,66h,66h,3Ch,0
0505   653C 003C663C66663C00
0506   6544             		db 	0,3Ch,66h,3Eh,06h,0Ch,38h,0
0506   6544 003C663E060C3800
0507   654C             
0508   654C             MoonSound_number_music: 
0509   654C 00          		db	0
0510   654D             
0511   654D             MoonSound_count_music: 
0512   654D 00          		db	0
0513   654E             
0514   654E             MoonSound_page_memory: 
0515   654E 00          		db	0		
0516   654F             MoonSound_key_press: 
0517   654F 00          		db	0
0518   6550             
0519   6550             MoonSound_time_int: 
0520   6550 00          		db	0
0521   6551             MoonSound_time_count: 
0522   6551 00          		db	0		
0523   6552             MoonSound_time_minute: 
0524   6552 00          		db	0
0525   6553             
0526   6553             MoonSound_copy_addr: 
0527   6553 00 00       		dw	0
0528   6555             MoonSound_copy_buffer: 
0529   6555 00          		ds	256
0530   6655             
0531   6655 00 00       load_adres: 	dw	0
0532   6657 00 00       load_bank: 	dw	0
0533   6659 00 00       load_position: 	dw	0
0534   665B 00 00 00    load_buffer: 	db	0,0,0
0535   665E             
0536   665E             
0537   665E             Interrupt_handle: 
0538   665E E5          		push	hl
0539   665F D5          		push	de
0540   6660 C5          		push	bc
0541   6661 F5          		push	af
0542   6662             
0543   6662 CD 9C 66    		call	Str_play
0544   6665 CD DE 63    		call	MoonSound_time_view
0545   6668             
0546   6668             ;		ld	a,(MoonSound_page_memory)	;§ Јаг§Ё¬ ­®¬Ґа бва ­Ёжл Ї ¬пвЁ вҐЄгйҐ© ¬г§лЄЁ
0547   6668             ;		ld	bc,7ffdh
0548   6668             ;		out	(c),a
0549   6668 CD 1F 81    		call	MBPlayer_play
0550   666B             
0551   666B             ;		ld	a,10h
0552   666B             ;		ld	bc,7ffdh
0553   666B             ;		out	(c),a
0554   666B             
0555   666B             Interrupt_exit: 
0556   666B             
0557   666B F1          		pop	af
0558   666C C1          		pop	bc
0559   666D D1          		pop	de
0560   666E E1          		pop	hl
0561   666F FB          		ei
0562   6670 C9          		ret
0563   6671             
0564   6671             
0565   6671             		.include  string.asm
0001+  6671             ;--------------------------------------------------------------------
0002+  6671             ; Описание: Бегущая строка
0003+  6671             ; Автор порта: основа выдрана из запилятора
0004+  6671             ;--------------------------------------------------------------------
0005+  6671             Str_reload: 
0006+  6671 3A 83 67    		ld	a,(Str_flg_end)
0007+  6674 A7          		and	a
0008+  6675 28 06       		jr 	z,Str_init
0009+  6677 AF          		xor	a
0010+  6678 32 83 67    		ld	(Str_flg_end),a
0011+  667B 37          		scf
0012+  667C C9          		ret
0013+  667D             
0014+  667D             Str_init: 
0015+  667D 3E 0F       		ld	a,0Fh
0016+  667F 32 84 67    		ld	(Str_count_bit),a
0017+  6682 21 95 69    		ld	hl,Str_addr_text
0018+  6685 22 85 67    		ld	(Str_addr_work),hl
0019+  6688 7E          		ld	a,(hl)
0020+  6689 C9          		ret
0021+  668A             
0022+  668A             
0023+  668A             Str_init_load: 
0024+  668A 3E 0F       		ld	a,0Fh
0025+  668C 32 84 67    		ld	(Str_count_bit),a
0026+  668F 21 87 69    		ld	hl,Str_addr_load
0027+  6692 22 85 67    		ld	(Str_addr_work),hl
0028+  6695 3E 01       		ld	a,1
0029+  6697 32 83 67    		ld	(Str_flg_end),a
0030+  669A 7E          		ld	a,(hl)
0031+  669B C9          		ret	
0032+  669C             
0033+  669C             Str_play: 
0034+  669C 3A 84 67    		ld	a,(Str_count_bit)
0035+  669F 3C          		inc	a
0036+  66A0 E6 0F       		and	0Fh
0037+  66A2 32 84 67    		ld	(Str_count_bit),a
0038+  66A5 B7          		or	a
0039+  66A6 20 10       		jr	nz, Str_move_string
0040+  66A8             
0041+  66A8             Str_next_symbol: 
0042+  66A8 2A 85 67    		ld	hl,(Str_addr_work)
0043+  66AB 7E          		ld	a,(hl)
0044+  66AC A7          		and	a
0045+  66AD CC 71 66    		call	z,Str_reload
0046+  66B0 D8          		ret	c
0047+  66B1 23          		inc	hl
0048+  66B2 22 85 67    		ld	(Str_addr_work),hl
0049+  66B5 CD 13 67    		call	Str_load_symbol
0050+  66B8             
0051+  66B8             Str_move_string: 
0052+  66B8 11 71 54    		ld	de, 5471h
0053+  66BB 21 88 67    		ld	hl, Str_buf_data +1 
0054+  66BE 06 10       		ld	b, 10h
0055+  66C0             
0056+  66C0             Str_move_line: 
0057+  66C0 37          		scf	
0058+  66C1 3F          		ccf	
0059+  66C2 CB 16       		rl	(hl)
0060+  66C4 2B          		dec	hl
0061+  66C5 CB 16       		rl	(hl)
0062+  66C7 23          		inc	hl
0063+  66C8 23          		inc	hl
0064+  66C9 23          		inc	hl
0065+  66CA EB          		ex	de, hl
0066+  66CB E5          		push	hl
0067+  66CC CB 16       		rl	(hl)
0068+  66CE 2B          		dec	hl
0069+  66CF CB 16       		rl	(hl)
0070+  66D1 2B          		dec	hl
0071+  66D2 CB 16       		rl	(hl)
0072+  66D4 2B          		dec	hl
0073+  66D5 CB 16       		rl	(hl)
0074+  66D7 2B          		dec	hl
0075+  66D8 CB 16       		rl	(hl)
0076+  66DA 2B          		dec	hl
0077+  66DB CB 16       		rl	(hl)
0078+  66DD 2B          		dec	hl
0079+  66DE CB 16       		rl	(hl)
0080+  66E0 2B          		dec	hl
0081+  66E1 CB 16       		rl	(hl)
0082+  66E3 2B          		dec	hl
0083+  66E4 CB 16       		rl	(hl)
0084+  66E6 2B          		dec	hl
0085+  66E7 CB 16       		rl	(hl)
0086+  66E9 2B          		dec	hl
0087+  66EA CB 16       		rl	(hl)
0088+  66EC 2B          		dec	hl
0089+  66ED CB 16       		rl	(hl)
0090+  66EF 2B          		dec	hl
0091+  66F0 CB 16       		rl	(hl)
0092+  66F2 2B          		dec	hl
0093+  66F3 CB 16       		rl	(hl)
0094+  66F5 2B          		dec	hl
0095+  66F6 CB 16       		rl	(hl)
0096+  66F8 2B          		dec	hl
0097+  66F9 CB 16       		rl	(hl)
0098+  66FB 2B          		dec	hl
0099+  66FC CB 16       		rl	(hl)
0100+  66FE             ;		dec	hl
0101+  66FE             ;		rl	(hl)
0102+  66FE             ;		dec	hl
0103+  66FE             ;		rl	(hl)
0104+  66FE             ;		dec	hl
0105+  66FE             ;		rl	(hl)
0106+  66FE             ;		dec	hl
0107+  66FE             ;		rl	(hl)
0108+  66FE             ;		dec	hl
0109+  66FE             ;		rl	(hl)
0110+  66FE             ;		dec	hl
0111+  66FE             ;		rl	(hl)
0112+  66FE             ;		dec	hl
0113+  66FE             ;		rl	(hl)
0114+  66FE             ;		dec	hl
0115+  66FE             ;		rl	(hl)
0116+  66FE             ;		dec	hl
0117+  66FE             ;		rl	(hl)
0118+  66FE             ;		dec	hl
0119+  66FE             ;		rl	(hl)
0120+  66FE             ;		dec	hl
0121+  66FE             ;		rl	(hl)
0122+  66FE             ;		dec	hl
0123+  66FE             ;		rl	(hl)
0124+  66FE             ;		dec	hl
0125+  66FE             ;		rl	(hl)
0126+  66FE             ;		dec	hl
0127+  66FE             ;		rl	(hl)
0128+  66FE             ;		dec	hl
0129+  66FE             ;		rl	(hl)
0130+  66FE             ;		dec	hl
0131+  66FE E1          		pop	hl
0132+  66FF 24          		inc	h
0133+  6700 7C          		ld	a, h
0134+  6701 E6 07       		and	7
0135+  6703 20 09       		jr	nz, Str_next_line
0136+  6705 7D          		ld	a, l
0137+  6706 D6 E0       		sub	0E0h ; 'а'
0138+  6708 6F          		ld	l, a
0139+  6709 9F          		sbc	a, a
0140+  670A E6 F8       		and	0F8h ; 'ш'
0141+  670C 84          		add	a, h
0142+  670D 67          		ld	h, a
0143+  670E             Str_next_line: 
0144+  670E EB          		ex	de, hl
0145+  670F 10 AF       		djnz	Str_move_line
0146+  6711 A7          		and	a
0147+  6712 C9          		ret
0148+  6713             
0149+  6713             Str_load_symbol: 
0150+  6713 D6 20       		sub	20h
0151+  6715 FE 60       		cp	60h
0152+  6717 38 02       		jr	c, Str_load_data
0153+  6719 D6 60       		sub	60h
0154+  671B             
0155+  671B             Str_load_data: 
0156+  671B 26 00       		ld	h, 0
0157+  671D 6F          		ld	l, a
0158+  671E 29          		add	hl, hl
0159+  671F 29          		add	hl, hl
0160+  6720 29          		add	hl, hl
0161+  6721 29          		add	hl, hl
0162+  6722 29          		add	hl, hl
0163+  6723 01 1C 75    		ld	bc, Str_addr_font
0164+  6726 09          		add	hl, bc
0165+  6727 ED 73 80 67 		ld	(Str_save_stack + 1),sp
0166+  672B F9          		ld	sp, hl
0167+  672C 21 87 67    		ld	hl, Str_buf_data
0168+  672F C1          		pop	bc
0169+  6730 71          		ld	(hl), c
0170+  6731 23          		inc	hl
0171+  6732 70          		ld	(hl), b
0172+  6733 23          		inc	hl
0173+  6734 C1          		pop	bc
0174+  6735 71          		ld	(hl), c
0175+  6736 23          		inc	hl
0176+  6737 70          		ld	(hl), b
0177+  6738 23          		inc	hl
0178+  6739 C1          		pop	bc
0179+  673A 71          		ld	(hl), c
0180+  673B 23          		inc	hl
0181+  673C 70          		ld	(hl), b
0182+  673D 23          		inc	hl
0183+  673E C1          		pop	bc
0184+  673F 71          		ld	(hl), c
0185+  6740 23          		inc	hl
0186+  6741 70          		ld	(hl), b
0187+  6742 23          		inc	hl
0188+  6743 C1          		pop	bc
0189+  6744 71          		ld	(hl), c
0190+  6745 23          		inc	hl
0191+  6746 70          		ld	(hl), b
0192+  6747 23          		inc	hl
0193+  6748 C1          		pop	bc
0194+  6749 71          		ld	(hl), c
0195+  674A 23          		inc	hl
0196+  674B 70          		ld	(hl), b
0197+  674C 23          		inc	hl
0198+  674D C1          		pop	bc
0199+  674E 71          		ld	(hl), c
0200+  674F 23          		inc	hl
0201+  6750 70          		ld	(hl), b
0202+  6751 23          		inc	hl
0203+  6752 C1          		pop	bc
0204+  6753 71          		ld	(hl), c
0205+  6754 23          		inc	hl
0206+  6755 70          		ld	(hl), b
0207+  6756 23          		inc	hl
0208+  6757 C1          		pop	bc
0209+  6758 71          		ld	(hl), c
0210+  6759 23          		inc	hl
0211+  675A 70          		ld	(hl), b
0212+  675B 23          		inc	hl
0213+  675C C1          		pop	bc
0214+  675D 71          		ld	(hl), c
0215+  675E 23          		inc	hl
0216+  675F 70          		ld	(hl), b
0217+  6760 23          		inc	hl
0218+  6761 C1          		pop	bc
0219+  6762 71          		ld	(hl), c
0220+  6763 23          		inc	hl
0221+  6764 70          		ld	(hl), b
0222+  6765 23          		inc	hl
0223+  6766 C1          		pop	bc
0224+  6767 71          		ld	(hl), c
0225+  6768 23          		inc	hl
0226+  6769 70          		ld	(hl), b
0227+  676A 23          		inc	hl
0228+  676B C1          		pop	bc
0229+  676C 71          		ld	(hl), c
0230+  676D 23          		inc	hl
0231+  676E 70          		ld	(hl), b
0232+  676F 23          		inc	hl
0233+  6770 C1          		pop	bc
0234+  6771 71          		ld	(hl), c
0235+  6772 23          		inc	hl
0236+  6773 70          		ld	(hl), b
0237+  6774 23          		inc	hl
0238+  6775 C1          		pop	bc
0239+  6776 71          		ld	(hl), c
0240+  6777 23          		inc	hl
0241+  6778 70          		ld	(hl), b
0242+  6779 23          		inc	hl
0243+  677A C1          		pop	bc
0244+  677B 71          		ld	(hl), c
0245+  677C 23          		inc	hl
0246+  677D 70          		ld	(hl), b
0247+  677E 23          		inc	hl
0248+  677F             Str_save_stack: 
0249+  677F 31 00 00    		ld	sp, 0
0250+  6782 C9          		ret	
0251+  6783             
0252+  6783             
0253+  6783             Str_flg_end: 
0254+  6783 00          		db 	0
0255+  6784             
0256+  6784             Str_count_bit: 
0257+  6784 00          		db 	0
0258+  6785             Str_addr_work: 
0259+  6785 00 00       		dw 	0
0260+  6787             
0261+  6787             Str_buf_data:    
0262+  6787 00          		ds	512
0263+  6987             
0264+  6987             Str_addr_load: 
0265+  6987             		db	'      *LOAD* ',0
0265+  6987 2020202020202A4C4F41442A2000
0266+  6995             
0267+  6995             Str_addr_text: 
0268+  6995             		db 	'                             << SPACE TO CHANGE MUSIC >>       '
0268+  6995 20202020202020202020202020202020202020202020202020202020203C3C20
0268+  69B5 535041434520544F204348414E4745204D55534943203E3E20202020202020
0269+  69D4             		db 	'                             ПРИВЕТ, MICK ПРЕДСТАВЛЯЕТ НОВЫЙ СБОРНИК  '
0269+  69D4 2020202020202020202020202020202020202020202020202020202020CFD0C8
0269+  69F4 C2C5D22C204D49434B20CFD0C5C4D1D2C0C2CBDFC5D220CDCEC2DBC920D1C1CE
0269+  6A14 D0CDC8CA2020
0270+  6A1A             		db	' МУЗЫКИ ДЛЯ ЗВУКОВОЙ КАРТЫ *ZXM-MOONSOUND*. В ЭТОМ СБОРНИКЕ, В ОТЛИЧИИ ОТ СБОРНИКОВ *MOONSOUND*'
0270+  6A1A 20CCD3C7DBCAC820C4CBDF20C7C2D3CACEC2CEC920CAC0D0D2DB202A5A584D2D
0270+  6A3A 4D4F4F4E534F554E442A2E20C220DDD2CECC20D1C1CED0CDC8CAC52C20C220CE
0270+  6A5A D2CBC8D7C8C820CED220D1C1CED0CDC8CACEC2202A4D4F4F4E534F554E442A
0271+  6A79             		db	' СОБРАНЫ МЕЛОДИИ ФОРМАТА MFM, КОТОРЫЙ ЯВЛЯЕТСЯ РАННЕЙ ВЕРСИЕЙ ФАЙЛОВ ФОРМАТА MWM.'
0271+  6A79 20D1CEC1D0C0CDDB20CCC5CBCEC4C8C820D4CED0CCC0D2C0204D464D2C20CACE
0271+  6A99 D2CED0DBC920DFC2CBDFC5D2D1DF20D0C0CDCDC5C920C2C5D0D1C8C5C920D4C0
0271+  6AB9 C9CBCEC220D4CED0CCC0D2C0204D574D2E
0272+  6ACA             		db	' ИХ НЕ ТАК МНОГО БЫЛО ВЫПУЩЕНО, НО КАЖДАЯ ИЗ НИХ ОЧЕНЬ ДАЖЕ НЕПЛОХА.'
0272+  6ACA 20C8D520CDC520D2C0CA20CCCDCEC3CE20C1DBCBCE20C2DBCFD3D9C5CDCE2C20
0272+  6AEA CDCE20CAC0C6C4C0DF20C8C720CDC8D520CED7C5CDDC20C4C0C6C520CDC5CFCB
0272+  6B0A CED5C02E
0273+  6B0E             		db	' КОРОЧЕ, НЕ ОТКЛАДЫВАЯ В ДОЛГИЙ ЯЩИК, НАБРАЛ МУЗОН И НАЦАРАПАЛ ВЕСЕЛУЮ КАРТИНКУ.'
0273+  6B0E 20CACED0CED7C52C20CDC520CED2CACBC0C4DBC2C0DF20C220C4CECBC3C8C920
0273+  6B2E DFD9C8CA2C20CDC0C1D0C0CB20CCD3C7CECD20C820CDC0D6C0D0C0CFC0CB20C2
0273+  6B4E C5D1C5CBD3DE20CAC0D0D2C8CDCAD32E
0274+  6B5E             		db	' СРАЗУ ГОВОРЮ, ГРИБЫ НЕ ЕЛ, ТРАВУ НЕ КУРИЛ :)'
0274+  6B5E 20D1D0C0C7D320C3CEC2CED0DE2C20C3D0C8C1DB20CDC520C5CB2C20D2D0C0C2
0274+  6B7E D320CDC520CAD3D0C8CB203A29
0275+  6B8B             		db	' ИТАК, В ЭТОМ СБОРНИКЕ ПЯТНАДЦАТЬ МЕЛОДИЙ С РАСШИРЕНИЕМ MFM, КОТОРЫЕ'
0275+  6B8B 20C8D2C0CA2C20C220DDD2CECC20D1C1CED0CDC8CAC520CFDFD2CDC0C4D6C0D2
0275+  6BAB DC20CCC5CBCEC4C8C920D120D0C0D1D8C8D0C5CDC8C5CC204D464D2C20CACED2
0275+  6BCB CED0DBC5
0276+  6BCF             		db	' ПЕРЕКЛЮЧАЮТСЯ ПУТЕМ НАЖАТИЯ КЛАВИШИ "SPACE", СПИСОК КОТОРЫХ ИДЕТ СЛЕДОМ: '
0276+  6BCF 20CFC5D0C5CACBDED7C0DED2D1DF20CFD3D2C5CC20CDC0C6C0D2C8DF20CACBC0
0276+  6BEF C2C8D8C820225350414345222C20D1CFC8D1CECA20CACED2CED0DBD520C8C4C5
0276+  6C0F D220D1CBC5C4CECC3A20
0277+  6C19             
0278+  6C19             		db	' ALONEBTL.MFM (ALONE BATTLE / YS-II / BART ROYMANS / ZODIAC 1995),'
0278+  6C19 20414C4F4E4542544C2E4D464D2028414C4F4E4520424154544C45202F205953
0278+  6C39 2D4949202F204241525420524F594D414E53202F205A4F444941432031393935
0278+  6C59 292C
0279+  6C5B             		db	' DJINGLE1.MFM (END OF SEARCH / RHUMBA VERSION / R. V/D MOOSDIJK),'
0279+  6C5B 20444A494E474C45312E4D464D2028454E44204F4620534541524348202F2052
0279+  6C7B 48554D42412056455253494F4E202F20522E20562F44204D4F4F5344494A4B29
0279+  6C9B 2C
0280+  6C9C             		db	' DJINGLE2.MFM (END OF SEARCH / SLOW-AGE VERSION / BART ROYMANS),'
0280+  6C9C 20444A494E474C45322E4D464D2028454E44204F4620534541524348202F2053
0280+  6CBC 4C4F572D4147452056455253494F4E202F204241525420524F594D414E53292C
0281+  6CDC             		db	' DJINGLE3.MFM (END OF SEARCH / NORMAL VERSION / R. V/D MOOSDIJK),'
0281+  6CDC 20444A494E474C45332E4D464D2028454E44204F4620534541524348202F204E
0281+  6CFC 4F524D414C2056455253494F4E202F20522E20562F44204D4F4F5344494A4B29
0281+  6D1C 2C
0282+  6D1D             		db	' DJINGLE4.MFM (END OF SEARCH / HAPPY VERSION / BART ROYMANS),'
0282+  6D1D 20444A494E474C45342E4D464D2028454E44204F4620534541524348202F2048
0282+  6D3D 415050592056455253494F4E202F204241525420524F594D414E53292C
0283+  6D5A             		db	' DJINGLE5.MFM (END OF SEARCH / BRUTAL VERSION / MOOSDIJK & ROYMANS),'
0283+  6D5A 20444A494E474C45352E4D464D2028454E44204F4620534541524348202F2042
0283+  6D7A 525554414C2056455253494F4E202F204D4F4F5344494A4B202620524F594D41
0283+  6D9A 4E53292C
0284+  6D9E             		db	' CRYOGENT.MFM (CRYOGENITY LIVE / R. V/D MOOSDIJK / ZODIAC 1995),'
0284+  6D9E 204352594F47454E542E4D464D20284352594F47454E495459204C495645202F
0284+  6DBE 20522E20562F44204D4F4F5344494A4B202F205A4F444941432031393935292C
0285+  6DDE             		db	' DERTIGAP.MFM (DERTIG APRIL 1995, EERSTE MET MOONSOUND A.MINNAARD),'
0285+  6DDE 2044455254494741502E4D464D202844455254494720415052494C2031393935
0285+  6DFE 2C20454552535445204D4554204D4F4F4E534F554E4420412E4D494E4E414152
0285+  6E1E 44292C
0286+  6E21             		db	' FEEDBACK.MFM (THE FEEDBACK THEME / TECNO-SOFT / R. V/D MOOSDIJK),'
0286+  6E21 20464545444241434B2E4D464D202854484520464545444241434B205448454D
0286+  6E41 45202F205445434E4F2D534F4654202F20522E20562F44204D4F4F5344494A4B
0286+  6E61 292C
0287+  6E63             		db	' FOUNTAIN.MFM (FOUNTAIN OF LOVE / YS-1 / R. V/D MOOSDIJK ZODIAC),'
0287+  6E63 20464F554E5441494E2E4D464D2028464F554E5441494E204F46204C4F564520
0287+  6E83 2F2059532D31202F20522E20562F44204D4F4F5344494A4B205A4F4449414329
0287+  6EA3 2C
0288+  6EA4             		db	' PATSTORY.MFM (A PATHETIC STORY / YS-II / BART ROYMANS / ZODIAC 1995),'
0288+  6EA4 2050415453544F52592E4D464D2028412050415448455449432053544F525920
0288+  6EC4 2F2059532D4949202F204241525420524F594D414E53202F205A4F4449414320
0288+  6EE4 31393935292C
0289+  6EEA             		db	' JDK2.MFM (JDK SONG II / YS-III / BART ROYMANS / ZODIAC 1995),'
0289+  6EEA 204A444B322E4D464D20284A444B20534F4E47204949202F2059532D49494920
0289+  6F0A 2F204241525420524F594D414E53202F205A4F444941432031393935292C
0290+  6F28             		db	' SALMON.MFM (THE PALACE OF SALMON / YS-II / R. V/D MOOSDIJK),'
0290+  6F28 2053414C4D4F4E2E4D464D20285448452050414C414345204F462053414C4D4F
0290+  6F48 4E202F2059532D4949202F20522E20562F44204D4F4F5344494A4B292C
0291+  6F65             		db	' MEMORY.MFM (IN THE MEMORY / YS-I / R. V/D MOOSDIJK ZODIAC),' 
0291+  6F65 204D454D4F52592E4D464D2028494E20544845204D454D4F5259202F2059532D
0291+  6F85 49202F20522E20562F44204D4F4F5344494A4B205A4F44494143292C
0292+  6FA1             		db	' PALACEOD.MFM (PALACE OF DESTRUCTION / YS I / NIHON FALCOM).'
0292+  6FA1 2050414C4143454F442E4D464D202850414C414345204F462044455354525543
0292+  6FC1 54494F4E202F2059532049202F204E49484F4E2046414C434F4D292E
0293+  6FDD             
0294+  6FDD             		db	' КРОМЕ ТОГО ЕСТЬ ЕЩЕ ОДНА КНОПКА "BREAK" - ВЫХОД В TR-DOS.'
0294+  6FDD 20CAD0CECCC520D2CEC3CE20C5D1D2DC20C5D9C520CEC4CDC020CACDCECFCAC0
0294+  6FFD 2022425245414B22202D20C2DBD5CEC420C22054522D444F532E
0295+  7017             		db 	' О ПРОГРАММЕ: ОСНОВНЫЕ МАТЕРИАЛЫ БЫЛИ ПОЗАИМСТВОВАНЫ С ПРОГРАММ КОМПЬЮТЕРА "MSX" И ВЕЛИКОЙ'
0295+  7017 20CE20CFD0CEC3D0C0CCCCC53A20CED1CDCEC2CDDBC520CCC0D2C5D0C8C0CBDB
0295+  7037 20C1DBCBC820CFCEC7C0C8CCD1D2C2CEC2C0CDDB20D120CFD0CEC3D0C0CCCC20
0295+  7057 CACECCCFDCDED2C5D0C020224D53582220C820C2C5CBC8CACEC9
0296+  7071             		db	' МУСОРКИ ПОД НАЗВАНИЕМ ИНТЕРНЕТ.' 
0296+  7071 20CCD3D1CED0CAC820CFCEC420CDC0C7C2C0CDC8C5CC20C8CDD2C5D0CDC5D22E
0297+  7091             		db 	' ВСЕ ЭТО СОБИРАЛОСЬ НА РС ПРИ ПОМОЩИ АССЕМБЛЕРА  SJASMPLUS.'
0297+  7091 20C2D1C520DDD2CE20D1CEC1C8D0C0CBCED1DC20CDC020D0D120CFD0C820CFCE
0297+  70B1 CCCED9C820C0D1D1C5CCC1CBC5D0C02020534A41534D504C55532E
0298+  70CC             		db	' НАПОМНЮ, ЕСЛИ У ВАС КАРТИНКА ГДЕ ЕСТЬ ТЕМА ЛУНЫ И ПЕЙЗАЙЖЕЙ, ТО МИЛОСТИ ПРОСИМ В СЛЕДУЮЩИЙ ВЫПУСК.'
0298+  70CC 20CDC0CFCECCCDDE2C20C5D1CBC820D320C2C0D120CAC0D0D2C8CDCAC020C3C4
0298+  70EC C520C5D1D2DC20D2C5CCC020CBD3CDDB20C820CFC5C9C7C0C9C6C5C92C20D2CE
0298+  710C 20CCC8CBCED1D2C820CFD0CED1C8CC20C220D1CBC5C4D3DED9C8C920C2DBCFD3
0298+  712C D1CA2E
0299+  712F             		db	' КОРОЧЕ, ЖДЕМ НОВЫХ ТВОРЕНИЙ ОТ ХУДОЖНИКОВ ПРОФЕССИОНАЛЬНЫХ И НЕ ОЧЕНЬ. ЗАСИМ ПРОСИМ ОТКЛАНЯТСЯ, ДАЛЕЕ ИДЕТ'
0299+  712F 20CACED0CED7C52C20C6C4C5CC20CDCEC2DBD520D2C2CED0C5CDC8C920CED220
0299+  714F D5D3C4CEC6CDC8CACEC220CFD0CED4C5D1D1C8CECDC0CBDCCDDBD520C820CDC5
0299+  716F 20CED7C5CDDC2E20C7C0D1C8CC20CFD0CED1C8CC20CED2CACBC0CDDFD2D1DF2C
0299+  718F 20C4C0CBC5C520C8C4C5D2
0300+  719A             		db	' ТРАДИЦИОННАЯ РУБРИКА.'
0300+  719A 20D2D0C0C4C8D6C8CECDCDC0DF20D0D3C1D0C8CAC02E
0301+  71B0             		db	'             ПРИВЕТЫ И СПАСИБЫ!     '
0301+  71B0 20202020202020202020202020CFD0C8C2C5D2DB20C820D1CFC0D1C8C1DB2120
0301+  71D0 20202020
0302+  71D4             		db	' ААА, ХОТЬ ТЫ И ПОКИНУЛ СПЕККИ, ВСЕ РАВНО ТЕБЕ ПРИВЕТ.'
0302+  71D4 20C0C0C02C20D5CED2DC20D2DB20C820CFCECAC8CDD3CB20D1CFC5CACAC82C20
0302+  71F4 C2D1C520D0C0C2CDCE20D2C5C1C520CFD0C8C2C5D22E
0303+  720A             		db	' TS-LABS, СПАСИБО ЗА ТО, ЧТО ПРИЮТИЛ НА СВОЕМ ФОРУМЕ БЕСХОЗНОГО ПЛЮШЕВОГО МЕДВЕДЯ.'
0303+  720A 2054532D4C4142532C20D1CFC0D1C8C1CE20C7C020D2CE2C20D7D2CE20CFD0C8
0303+  722A DED2C8CB20CDC020D1C2CEC5CC20D4CED0D3CCC520C1C5D1D5CEC7CDCEC3CE20
0303+  724A CFCBDED8C5C2CEC3CE20CCC5C4C2C5C4DF2E
0304+  725C             		db	' DJS3000, СПАСИБО ЗА КОНСУЛЬТАТИВНУЮ ПОМОЩЬ ПРИ СОЗДАНИИ ЭТОЙ ЗВУКОВОЙ КАРТЫ.'
0304+  725C 20444A53333030302C20D1CFC0D1C8C1CE20C7C020CACECDD1D3CBDCD2C0D2C8
0304+  727C C2CDD3DE20CFCECCCED9DC20CFD0C820D1CEC7C4C0CDC8C820DDD2CEC920C7C2
0304+  729C D3CACEC2CEC920CAC0D0D2DB2E
0305+  72A9             		db	' АВТОРАМ МУЗЫКИ, ЗВУЧАЩЕЙ В СБОРНИКЕ ОГРОМНЫЙ РЕСПЕКТ И УВАЖУХА.'
0305+  72A9 20C0C2D2CED0C0CC20CCD3C7DBCAC82C20C7C2D3D7C0D9C5C920C220D1C1CED0
0305+  72C9 CDC8CAC520CEC3D0CECCCDDBC920D0C5D1CFC5CAD220C820D3C2C0C6D3D5C02E
0306+  72E9             		db	' ВСЕМ ВЛАДЕЛЬЦАМ ПРОДУКЦИИ ПОД БРЕНДОМ "ZXM" БОЛЬШУЩИЙ ПРИВЕТ. ВАС МНОГО, МОЖНО НЕ БУДУ ВАС НАЗЫВАТЬ ВСЕХ ПОИМЕННО.'
0306+  72E9 20C2D1C5CC20C2CBC0C4C5CBDCD6C0CC20CFD0CEC4D3CAD6C8C820CFCEC420C1
0306+  7309 D0C5CDC4CECC20225A584D2220C1CECBDCD8D3D9C8C920CFD0C8C2C5D22E20C2
0306+  7329 C0D120CCCDCEC3CE2C20CCCEC6CDCE20CDC520C1D3C4D320C2C0D120CDC0C7DB
0306+  7349 C2C0D2DC20C2D1C5D520CFCEC8CCC5CDCDCE2E
0307+  735C             		db	' ПРИВЕТ ТАКЖЕ ВСЕМ СПЕКТРУМИСТАМ, БЫВШИМ, НАСТОЯЩИМ И ВОЗМОЖНО БУДУЩИМ.'
0307+  735C 20CFD0C8C2C5D220D2C0CAC6C520C2D1C5CC20D1CFC5CAD2D0D3CCC8D1D2C0CC
0307+  737C 2C20C1DBC2D8C8CC2C20CDC0D1D2CEDFD9C8CC20C820C2CEC7CCCEC6CDCE20C1
0307+  739C D3C4D3D9C8CC2E
0308+  73A3             		db	'       И ПОСЛЕДНИЙ АБЗАЦ :) :)'
0308+  73A3 20202020202020C820CFCED1CBC5C4CDC8C920C0C1C7C0D6203A29203A29
0309+  73C1             		db	' ВСЯ ИНФА ПО МОИМ ПРОЕКТАМ НА САЙТЕ WWW.MICKLAB.RU, '
0309+  73C1 20C2D1DF20C8CDD4C020CFCE20CCCEC8CC20CFD0CEC5CAD2C0CC20CDC020D1C0
0309+  73E1 C9D2C5205757572E4D49434B4C41422E52552C20
0310+  73F5             		db	' СВЯЗАТЬСЯ СО МНОЙ МОЖНО ЧЕРЕЗ ФОРУМ WWW.TS-LABS.INFO - НИКНЕЙМ MICK ИЛИ ЧЕРЕЗ МЫЛО'
0310+  73F5 20D1C2DFC7C0D2DCD1DF20D1CE20CCCDCEC920CCCEC6CDCE20D7C5D0C5C720D4
0310+  7415 CED0D3CC205757572E54532D4C4142532E494E464F202D20CDC8CACDC5C9CC20
0310+  7435 4D49434B20C8CBC820D7C5D0C5C720CCDBCBCE
0311+  7448             		db	' MICKLAB(ГАВ-ГАВ)MAIL.RU.' 
0311+  7448 204D49434B4C414228C3C0C22DC3C0C2294D41494C2E52552E
0312+  7461             		db	' ПОРА ПРОЩАТЬСЯ. ПОСМОРТИМ БУДУТ ЛИ ЕЩЕ ПРОГРАММКИ ОТ МЕНЯ :) ПОКА! ПОКА!      '
0312+  7461 20CFCED0C020CFD0CED9C0D2DCD1DF2E20CFCED1CCCED0D2C8CC20C1D3C4D3D2
0312+  7481 20CBC820C5D9C520CFD0CEC3D0C0CCCCCAC820CED220CCC5CDDF203A2920CFCE
0312+  74A1 CAC02120CFCECAC021202020202020
0313+  74B0             		db	'            MARCH *2016*    GRAPHICS AND CODE BY MICK         '
0313+  74B0 2020202020202020202020204D41524348202A323031362A2020202047524150
0313+  74D0 4849435320414E4420434F4445204259204D49434B202020202020202020
0314+  74EE             		db	'                                             ',0           		
0314+  74EE 2020202020202020202020202020202020202020202020202020202020202020
0314+  750E 2020202020202020202020202000
0315+  751C             Str_addr_font: 
0316+  751C             		incbin "aaa_2.fnt"
0317+  811C             Str_end_font: 
0318+  811C             
0566   811C             		.include  mfm_player.asm
0001+  811C             ;--------------------------------------------------------------------
0002+  811C             ; Описание: Проигрывающий модуль музыкальных файлов MFM c компьютера MSX
0003+  811C             ; Автор порта: Тарасов М.Н.(Mick),2015
0004+  811C             ;--------------------------------------------------------------------
0005+  811C             
0006+  811C             MOON_BASE: 	equ	0C4h
0007+  811C             MOON_REG1: 	equ	MOON_BASE
0008+  811C             MOON_DAT1: 	equ	MOON_BASE+1
0009+  811C             MOON_REG2: 	equ	MOON_BASE+2
0010+  811C             MOON_DAT2: 	equ	MOON_BASE+3
0011+  811C             MOON_STAT: 	equ	MOON_BASE
0012+  811C             
0013+  811C             MOON_WREG: 	equ	7Eh
0014+  811C             MOON_WDAT: 	equ	MOON_WREG+1
0015+  811C             
0016+  811C             PTW_SIZE: 		equ	13	; size of Wave playtable line
0017+  811C             ;-------------------------------------------------------------------
0018+  811C             ; описание: Инициализация проигрывателя
0019+  811C             ; параметры: нет
0020+  811C             ; возвращаемое  значение: нет
0021+  811C             ;---------------------------------------------------------------------
0022+  811C             MBPlayer_init: 
0023+  811C C3 25 81    		jp	MBPlayer_start_music
0024+  811F             ;-------------------------------------------------------------------
0025+  811F             ; описание: Проигрывание ноты
0026+  811F             ; параметры: нет
0027+  811F             ; возвращаемое  значение: нет
0028+  811F             ;---------------------------------------------------------------------
0029+  811F             MBPlayer_play: 
0030+  811F C3 A3 82    		jp	MBPlayer_play_music
0031+  8122             ;-------------------------------------------------------------------
0032+  8122             ; описание: Остановка проигрывания
0033+  8122             ; параметры: нет
0034+  8122             ; возвращаемое  значение: нет
0035+  8122             ;---------------------------------------------------------------------
0036+  8122             MBPlayer_stop: 
0037+  8122 C3 56 82    		jp	MBPlayer_stop_music
0038+  8125             ;-------------------------------------------------------------------
0039+  8125             ; описание: Инициализация проигрывателя
0040+  8125             ; параметры: нет
0041+  8125             ; возвращаемое  значение: нет
0042+  8125             ;---------------------------------------------------------------------
0043+  8125             MBPlayer_start_music: 
0044+  8125 F3          		di	
0045+  8126 3A 4A 8E    		ld	a, (MBPlayer_play_busy)
0046+  8129 B7          		or	a
0047+  812A C0          		ret	nz
0048+  812B             
0049+  812B 21 00 00    		ld	hl, 0
0050+  812E 22 52 8E    		ld	(MBPlayer_status), hl
0051+  8131 22 53 8E    		ld	(MBPlayer_status + 1), hl
0052+  8134 3E FF       		ld	a, 0FFh
0053+  8136 32 4A 8E    		ld	(MBPlayer_play_busy), a
0054+  8139 AF          		xor	a
0055+  813A 32 71 8E    		ld	(byte_0_4F4E), a
0056+  813D 3E 0F       		ld	a, 0Fh
0057+  813F 32 4C 8E    		ld	(MBPlayer_play_step), a
0058+  8142 3E FF       		ld	a, 0FFh
0059+  8144 32 4B 8E    		ld	(MBPlayer_play_pos), a
0060+  8147             
0061+  8147             ;		call	MBPlayer_getbank_FE
0062+  8147             ;		push	af
0063+  8147             
0064+  8147             ;		ld	a, (MBPlayer_songdata_bank1)
0065+  8147             ;		call	MBPlayer_selbank_FE
0066+  8147             
0067+  8147 2A 4F 8E    		ld	hl, (MBPlayer_songdata_addres)
0068+  814A 11 74 8E    		ld	de, MBPlayer_xleng
0069+  814D 01 CE 02    		ld	bc, 718				;2CEh
0070+  8150 ED B0       		ldir	
0071+  8152 11 5E 00    		ld	de, 94				;5Eh
0072+  8155 19          		add	hl, de
0073+  8156 22 44 91    		ld	(MBPlayer_pos_address), hl
0074+  8159 3A 74 8E    		ld	a, (MBPlayer_xleng)
0075+  815C 3C          		inc	a
0076+  815D 5F          		ld	e, a
0077+  815E 19          		add	hl, de
0078+  815F 22 42 91    		ld	(MBPlayer_pat_address), hl
0079+  8162             
0080+  8162             ;		pop	af
0081+  8162             ;		call	MBPlayer_selbank_FE
0082+  8162             
0083+  8162 CD 6E 81    		call	MBPlayer_init_opl4
0084+  8165             
0085+  8165 3A 6E 8E    		ld	a, (MBPlayer_play_speed)
0086+  8168 D6 02       		sub	2
0087+  816A 32 70 8E    		ld	(MBPlayer_play_timercnt), a
0088+  816D             
0089+  816D             loc_0_4201: 
0090+  816D             ;		di	
0091+  816D             ;		ld	hl, 0FD9Fh
0092+  816D             ;		ld	de, locret_0_44B2
0093+  816D             ;		ld	bc, 5
0094+  816D             ;		ldir	
0095+  816D             ;		ld	a, (0F342h)
0096+  816D             ;		ld	(unk_0_4221), a
0097+  816D             ;		ld	hl, MBPlayer_interrupt
0098+  816D             ;		ld	de, 0FD9Fh
0099+  816D             ;		ld	bc, 5
0100+  816D             ;		ldir	
0101+  816D             ;		ei	
0102+  816D C9          		ret	
0103+  816E             ;-------------------------------------------------------------------
0104+  816E             ; описание: Инициализация OPL4 регистров
0105+  816E             ; параметры: нет
0106+  816E             ; возвращаемое  значение: нет
0107+  816E             ;---------------------------------------------------------------------
0108+  816E             MBPlayer_init_opl4: 
0109+  816E 3E 03       		ld	a, 3
0110+  8170 0E 05       		ld	c, 5
0111+  8172 CD CE 8A    		call	MBPlayer_out_fm2
0112+  8175 3E 40       		ld	a, 40h
0113+  8177 0E 08       		ld	c, 8
0114+  8179 CD C6 8A    		call	MBPlayer_out_fm1
0115+  817C 3A B9 90    		ld	a, (MBPlayer_play_chvol_1)
0116+  817F 21 43 8E    		ld	hl, unk_0_4F43
0117+  8182 85          		add	a, l
0118+  8183 30 01       		jr	nc, loc_0_423D
0119+  8185 24          		inc	h
0120+  8186             
0121+  8186             loc_0_423D: 
0122+  8186 6F          		ld	l, a
0123+  8187 7E          		ld	a, (hl)
0124+  8188 0E 04       		ld	c, 4
0125+  818A CD CE 8A    		call	MBPlayer_out_fm2
0126+  818D 0E 02       		ld	c, 2
0127+  818F 3E 10       		ld	a, 10h
0128+  8191 CD D6 8A    		call	MBPlayer_out_wave
0129+  8194 3A B9 90    		ld	a, (MBPlayer_play_chvol_1)
0130+  8197 87          		add	a, a
0131+  8198 47          		ld	b, a
0132+  8199 3E 12       		ld	a, 12h
0133+  819B 90          		sub	b
0134+  819C 32 72 8E    		ld	(MBPlayer_play_chvol_2), a
0135+  819F CD AD 81    		call	sub_0_4264
0136+  81A2 3A 9E 90    		ld	a, (MBPlayer_xtempo)
0137+  81A5 32 6E 8E    		ld	(MBPlayer_play_speed), a
0138+  81A8 AF          		xor	a
0139+  81A9 32 6F 8E    		ld	(MBPlayer_play_tspval), a
0140+  81AC C9          		ret	
0141+  81AD             
0142+  81AD             
0143+  81AD             sub_0_4264: 
0144+  81AD DD 21 EA 90 		ld	ix, unk_0_5368
0145+  81B1 11 0D 00    		ld	de, PTW_SIZE
0146+  81B4 3A B9 90    		ld	a, (MBPlayer_play_chvol_1)
0147+  81B7 B7          		or	a
0148+  81B8 28 25       		jr	z, loc_0_4296
0149+  81BA FD 21 71 8D 		ld	iy, MBPlayer_play_table_wav_1
0150+  81BE 47          		ld	b, a
0151+  81BF             
0152+  81BF             loc_0_4276: 
0153+  81BF D9          		exx	
0154+  81C0 DD 7E B7    		ld	a, (ix - 49h)
0155+  81C3 FD 77 07    		ld	(iy + 7), a
0156+  81C6 DD 7E 00    		ld	a, (ix + 0)
0157+  81C9 21 CF 81    		ld	hl, loc_0_4286
0158+  81CC C3 01 86    		jp	loc_0_46FB
0159+  81CF             
0160+  81CF             
0161+  81CF             loc_0_4286: 
0162+  81CF DD 7E 9C    		ld	a, (ix - 64h)
0163+  81D2 21 D8 81    		ld	hl, loc_0_428F
0164+  81D5 C3 97 86    		jp	loc_0_4791
0165+  81D8             
0166+  81D8             
0167+  81D8             loc_0_428F: 
0168+  81D8 DD 23       		inc	ix
0169+  81DA D9          		exx	
0170+  81DB FD 19       		add	iy, de
0171+  81DD 10 E0       		djnz	loc_0_4276
0172+  81DF             
0173+  81DF             loc_0_4296: 
0174+  81DF FD 21 87 8C 		ld	iy, MBPlayer_play_table_wav_2
0175+  81E3 3A 72 8E    		ld	a, (MBPlayer_play_chvol_2)
0176+  81E6 47          		ld	b, a
0177+  81E7             
0178+  81E7             loc_0_429E: 
0179+  81E7 D9          		exx	
0180+  81E8 DD 7E B7    		ld	a, (ix - 49h)
0181+  81EB FD 77 07    		ld	(iy + 7), a
0182+  81EE DD 7E 00    		ld	a, (ix + 0)
0183+  81F1 21 F7 81    		ld	hl, loc_0_42AE
0184+  81F4 C3 9B 85    		jp	loc_0_4695
0185+  81F7             
0186+  81F7             loc_0_42AE: 
0187+  81F7 DD 7E 9C    		ld	a, (ix - 64h)
0188+  81FA 21 00 82    		ld	hl, loc_0_42B7
0189+  81FD C3 79 86    		jp	loc_0_4773
0190+  8200             
0191+  8200             
0192+  8200             loc_0_42B7: 
0193+  8200 DD 23       		inc	ix
0194+  8202 D9          		exx	
0195+  8203 FD 19       		add	iy, de
0196+  8205 10 E0       		djnz	loc_0_429E
0197+  8207 06 06       		ld	b, 6
0198+  8209 FD 21 BF 8D 		ld	iy, MBPlayer_play_table_wav_3
0199+  820D DD 21 FC 90 		ld	ix, unk_0_537A
0200+  8211 11 12 00    		ld	de, 12h
0201+  8214             
0202+  8214             loc_0_42CB: 
0203+  8214 D5          		push	de
0204+  8215 C5          		push	bc
0205+  8216 DD 7E B7    		ld	a, (ix - 49h)
0206+  8219 87          		add	a, a
0207+  821A FD 77 05    		ld	(iy + 5), a
0208+  821D DD 7E 00    		ld	a, (ix + 0)
0209+  8220 F5          		push	af
0210+  8221 CD 2C 88    		call	MBPlayer_play_wwavevt2
0211+  8224 F1          		pop	af
0212+  8225 21 21 91    		ld	hl, MBPlayer_xwavvols - 1
0213+  8228 85          		add	a, l
0214+  8229 30 01       		jr	nc, loc_0_42E3
0215+  822B 24          		inc	h
0216+  822C             
0217+  822C             loc_0_42E3: 
0218+  822C 6F          		ld	l, a
0219+  822D 7E          		ld	a, (hl)
0220+  822E FD 77 0F    		ld	(iy + 0Fh), a
0221+  8231 CD 59 88    		call	MBPlayer_play_wchgvol2
0222+  8234 DD 7E 9C    		ld	a, (ix - 64h)
0223+  8237 CD CA 88    		call	MBPlayer_play_wchgste2
0224+  823A DD 23       		inc	ix
0225+  823C C1          		pop	bc
0226+  823D D1          		pop	de
0227+  823E FD 19       		add	iy, de
0228+  8240 10 D2       		djnz	loc_0_42CB
0229+  8242             
0230+  8242 0E BD       		ld	c, 0BDh
0231+  8244 3A A0 90    		ld	a, (byte_0_531E)
0232+  8247 C3 C6 8A    		jp	MBPlayer_out_fm1
0233+  824A             ;-------------------------------------------------------------------
0234+  824A             ; описание: Возобновление проигрывания
0235+  824A             ; параметры: нет
0236+  824A             ; возвращаемое  значение: нет
0237+  824A             ;---------------------------------------------------------------------
0238+  824A             MBPlayer_continue_music: 
0239+  824A 3A 4A 8E    		ld	a, (MBPlayer_play_busy)
0240+  824D B7          		or	a
0241+  824E C0          		ret	nz
0242+  824F 3D          		dec	a
0243+  8250 32 4A 8E    		ld	(MBPlayer_play_busy), a
0244+  8253 C3 6D 81    		jp	loc_0_4201
0245+  8256             ;-------------------------------------------------------------------
0246+  8256             ; описание: Остановка проигрывания
0247+  8256             ; параметры: нет
0248+  8256             ; возвращаемое  значение: нет
0249+  8256             ;---------------------------------------------------------------------
0250+  8256             MBPlayer_stop_music: 
0251+  8256             
0252+  8256             ;		ld	a, (MBPlayer_play_busy)
0253+  8256             ;		or	a
0254+  8256             ;		ret	z
0255+  8256             
0256+  8256 F3          		di	
0257+  8257 AF          		xor	a
0258+  8258 32 4A 8E    		ld	(MBPlayer_play_busy), a
0259+  825B             ;		ld	hl, locret_0_44B2
0260+  825B             ;		ld	de, 0FD9Fh
0261+  825B             ;		ld	bc, 5
0262+  825B             ;		ldir	
0263+  825B             ;		ei	
0264+  825B             
0265+  825B 11 0D 00    		ld	de, PTW_SIZE
0266+  825E 3A B9 90    		ld	a, (MBPlayer_play_chvol_1)
0267+  8261 B7          		or	a
0268+  8262 28 0C       		jr	z, loc_0_433A
0269+  8264 47          		ld	b, a
0270+  8265 FD 21 71 8D 		ld	iy, MBPlayer_play_table_wav_1
0271+  8269             
0272+  8269             loc_0_4333: 
0273+  8269 CD 94 82    		call	sub_0_435E
0274+  826C FD 19       		add	iy, de
0275+  826E 10 F9       		djnz	loc_0_4333
0276+  8270             
0277+  8270             loc_0_433A: 
0278+  8270 3A 72 8E    		ld	a, (MBPlayer_play_chvol_2)
0279+  8273 47          		ld	b, a
0280+  8274 FD 21 87 8C 		ld	iy, MBPlayer_play_table_wav_2
0281+  8278             
0282+  8278             loc_0_4342: 
0283+  8278 CD 94 82    		call	sub_0_435E
0284+  827B FD 19       		add	iy, de
0285+  827D 10 F9       		djnz	loc_0_4342
0286+  827F 06 06       		ld	b, 6
0287+  8281 FD 21 BF 8D 		ld	iy, MBPlayer_play_table_wav_3
0288+  8285 11 12 00    		ld	de, 12h
0289+  8288             
0290+  8288             loc_0_4352: 
0291+  8288 CD 1A 88    		call	MBPlayer_play_woffevt
0292+  828B CD 1F 89    		call	MBPlayer_play_wchgdmp
0293+  828E FD 19       		add	iy, de
0294+  8290 10 F6       		djnz	loc_0_4352
0295+  8292 FB          		ei	
0296+  8293 C9          		ret	
0297+  8294             
0298+  8294             sub_0_435E: 
0299+  8294 C5          		push	bc
0300+  8295 FD 46 02    		ld	b, (iy + 2)
0301+  8298 AF          		xor	a
0302+  8299 CD B3 8A    		call	sub_0_4BB3
0303+  829C CB E0       		set	4, b
0304+  829E CD B3 8A    		call	sub_0_4BB3
0305+  82A1 C1          		pop	bc
0306+  82A2 C9          		ret	
0307+  82A3             ;-------------------------------------------------------------------
0308+  82A3             ; описание: Проигрывание музыки по прерываниям
0309+  82A3             ; параметры: нет
0310+  82A3             ; возвращаемое  значение: нет
0311+  82A3             ;---------------------------------------------------------------------
0312+  82A3             MBPlayer_play_music: 
0313+  82A3 F3          		di	
0314+  82A4             ;		ld	a, (MBPlayer_xhzequal)
0315+  82A4             ;		or	a
0316+  82A4             ;		jr	z, loc_0_438A
0317+  82A4             ;		ld	a, (0FFE8h)
0318+  82A4             ;		and	2
0319+  82A4             ;		jr	nz, loc_0_438A
0320+  82A4              ;
0321+  82A4             ;		ld	hl, byte_0_4F4E
0322+  82A4             ;		ld	a, (hl)
0323+  82A4             ;		inc	a
0324+  82A4             ;		cp	6
0325+  82A4             ;		jr	c, loc_0_4389
0326+  82A4             ;		ld	(hl), 0
0327+  82A4             ;		jp	locret_0_44B2
0328+  82A4              ;
0329+  82A4             ;loc_0_4389:
0330+  82A4             ;		ld	(hl), a
0331+  82A4             
0332+  82A4             loc_0_438A: 
0333+  82A4 CD 9A 89    		call	sub_0_4A9A
0334+  82A7             
0335+  82A7             ;		call	MBPlayer_getbank_FE
0336+  82A7             ;		push	af
0337+  82A7             
0338+  82A7 3A 6E 8E    		ld	a, (MBPlayer_play_speed)
0339+  82AA 21 70 8E    		ld	hl, MBPlayer_play_timercnt
0340+  82AD 34          		inc	(hl)
0341+  82AE BE          		cp	(hl)
0342+  82AF C2 C3 83    		jp	nz, MBPlayer_play_int_sec
0343+  82B2 36 00       		ld	(hl), 0
0344+  82B4             
0345+  82B4             ;		ld	a, (MBPlayer_songdata_bank)
0346+  82B4             ;		call	MBPlayer_selbank_FE
0347+  82B4             
0348+  82B4 CD 93 87    		call	MBPlayer_play_wtones
0349+  82B7             
0350+  82B7 21 54 8E    		ld	hl, MBPlayer_step_buffer
0351+  82BA 11 0D 00    		ld	de, PTW_SIZE			;размер данных
0352+  82BD 3A B9 90    		ld	a, (MBPlayer_play_chvol_1)
0353+  82C0 B7          		or	a
0354+  82C1 CA 08 83    		jp	z, loc_0_43F8
0355+  82C4 47          		ld	b, a				;число каналов
0356+  82C5 FD 21 71 8D 		ld	iy, MBPlayer_play_table_wav_1
0357+  82C9             
0358+  82C9             loc_0_43B9: 
0359+  82C9 7E          		ld	a, (hl)
0360+  82CA B7          		or	a
0361+  82CB CA 03 83    		jp	z, loc_0_43F3
0362+  82CE D9          		exx	
0363+  82CF             
0364+  82CF 21 02 83    		ld	hl, MBPlayer_play_int_wend_1
0365+  82D2 FE 61       		cp	97
0366+  82D4 DA 5A 85    		jp	c, MBPlayer_play_wonevt_1 	; wave on
0367+  82D7 CA 83 85    		jp	z, loc_0_467D
0368+  82DA FE 7A       		cp	122
0369+  82DC DA FF 85    		jp	c, loc_0_46F9
0370+  82DF FE BA       		cp	186
0371+  82E1 DA 72 86    		jp	c, loc_0_476C
0372+  82E4 FE BD       		cp	189
0373+  82E6 DA 91 86    		jp	c, loc_0_478B
0374+  82E9 FE D0       		cp	208
0375+  82EB DA BE 86    		jp	c, loc_0_47B8
0376+  82EE FE E3       		cp	227
0377+  82F0 DA FB 86    		jp	c, loc_0_47F5
0378+  82F3 FE F0       		cp	240
0379+  82F5 DA 4F 87    		jp	c, loc_0_4849
0380+  82F8 FE F7       		cp	247
0381+  82FA DA 50 87    		jp	c, loc_0_484A
0382+  82FD FE FA       		cp	250
0383+  82FF DA 57 87    		jp	c, loc_0_4851
0384+  8302             
0385+  8302             MBPlayer_play_int_wend_1: 
0386+  8302 D9          		exx	
0387+  8303             
0388+  8303             loc_0_43F3: 
0389+  8303 FD 19       		add	iy, de
0390+  8305 23          		inc	hl
0391+  8306 10 C1       		djnz	loc_0_43B9
0392+  8308             
0393+  8308             loc_0_43F8: 
0394+  8308 FD 21 87 8C 		ld	iy, MBPlayer_play_table_wav_2
0395+  830C 3A 72 8E    		ld	a, (MBPlayer_play_chvol_2)
0396+  830F 47          		ld	b, a
0397+  8310             
0398+  8310             loc_0_4400: 
0399+  8310 7E          		ld	a, (hl)
0400+  8311 B7          		or	a
0401+  8312 CA 4A 83    		jp	z, loc_0_443A
0402+  8315 D9          		exx	
0403+  8316 21 49 83    		ld	hl, MBPlayer_play_int_wend_2
0404+  8319 FE 61       		cp	97
0405+  831B DA 5A 85    		jp	c, MBPlayer_play_wonevt_1 	; wave on
0406+  831E CA 83 85    		jp	z, loc_0_467D
0407+  8321 FE 7A       		cp	122
0408+  8323 DA 99 85    		jp	c, loc_0_4693
0409+  8326 FE BA       		cp	186
0410+  8328 DA 5E 86    		jp	c, loc_0_4758
0411+  832B FE BD       		cp	189
0412+  832D DA 73 86    		jp	c, loc_0_476D
0413+  8330 FE D0       		cp	208
0414+  8332 DA BE 86    		jp	c, loc_0_47B8
0415+  8335 FE E3       		cp	227
0416+  8337 DA FB 86    		jp	c, loc_0_47F5
0417+  833A FE F0       		cp	240
0418+  833C DA 33 87    		jp	c, loc_0_482D
0419+  833F FE F7       		cp	247
0420+  8341 DA 50 87    		jp	c, loc_0_484A
0421+  8344 FE FA       		cp	250
0422+  8346 DA 57 87    		jp	c, loc_0_4851
0423+  8349             
0424+  8349             MBPlayer_play_int_wend_2: 
0425+  8349 D9          		exx	
0426+  834A             
0427+  834A             loc_0_443A: 
0428+  834A FD 19       		add	iy, de
0429+  834C 23          		inc	hl
0430+  834D 10 C1       		djnz	loc_0_4400
0431+  834F 3A B9 90    		ld	a, (MBPlayer_play_chvol_1)
0432+  8352 85          		add	a, l
0433+  8353 30 01       		jr	nc, loc_0_4446
0434+  8355 24          		inc	h
0435+  8356             
0436+  8356             loc_0_4446: 
0437+  8356 6F          		ld	l, a
0438+  8357             
0439+  8357             loc_0_4447: 
0440+  8357 DB C4       		in	a, (0C4h)
0441+  8359 CB 4F       		bit	1, a
0442+  835B 20 FA       		jr	nz, loc_0_4447
0443+  835D             
0444+  835D FD 21 BF 8D 		ld	iy, MBPlayer_play_table_wav_3
0445+  8361 06 06       		ld	b, 6
0446+  8363 11 12 00    		ld	de, 12h
0447+  8366             
0448+  8366             loc_0_4456: 
0449+  8366 7E          		ld	a, (hl)
0450+  8367 B7          		or	a
0451+  8368 28 3A       		jr	z, loc_0_4494
0452+  836A             
0453+  836A 08          		ex	af, af'
0454+  836B 78          		ld	a, b
0455+  836C D9          		exx	
0456+  836D 47          		ld	b, a
0457+  836E 08          		ex	af, af'
0458+  836F             
0459+  836F 11 A3 83    		ld	de, MBPlayer_play_int_wend_3
0460+  8372 D5          		push	de
0461+  8373 FE 61       		cp	97
0462+  8375 DA E0 87    		jp	c, MBPlayer_play_wonevt 	; wave on
0463+  8378 CA 1A 88    		jp	z, MBPlayer_play_woffevt        ; wave off
0464+  837B FE 92       		cp	146
0465+  837D DA 2A 88    		jp	c, MBPlayer_play_wwavevt        ; wave
0466+  8380 FE B2       		cp	178
0467+  8382 DA 54 88    		jp	c, MBPlayer_play_wchgvol        ; volume
0468+  8385 FE C1       		cp	193
0469+  8387 DA C8 88    		jp	c, MBPlayer_play_wchgste        ; stereo
0470+  838A FE D4       		cp	212
0471+  838C DA 71 88    		jp	c, MBPlayer_play_wlnk           ; link
0472+  838F FE E7       		cp	231
0473+  8391 DA E7 88    		jp	c, MBPlayer_play_wchgpit        ; pitch bending
0474+  8394 FE EE       		cp	238
0475+  8396 DA 17 89    		jp	c, MBPlayer_play_wchgdet        ; detune
0476+  8399 FE F1       		cp	241
0477+  839B DA FF 88    		jp	c, MBPlayer_play_wchgmod        ; modulation
0478+  839E FE F3       		cp	243
0479+  83A0 DA 1F 89    		jp	c, MBPlayer_play_wchgdmp        ; damp
0480+  83A3             
0481+  83A3             MBPlayer_play_int_wend_3: 
0482+  83A3 D9          		exx	
0483+  83A4             
0484+  83A4             loc_0_4494: 
0485+  83A4 FD 19       		add	iy, de
0486+  83A6 23          		inc	hl
0487+  83A7 10 BD       		djnz	loc_0_4456
0488+  83A9 7E          		ld	a, (hl)
0489+  83AA B7          		or	a
0490+  83AB 28 11       		jr	z, loc_0_44AE
0491+  83AD FE 18       		cp	18h
0492+  83AF DA 2F 89    		jp	c, loc_0_4A29
0493+  83B2 CA 39 89    		jp	z, loc_0_4A33
0494+  83B5 FE 1C       		cp	1Ch
0495+  83B7 38 05       		jr	c, loc_0_44AE
0496+  83B9 FE 4C       		cp	4Ch ; 'L'
0497+  83BB DA 41 89    		jp	c, MBPlayer_play_chgtrs
0498+  83BE             
0499+  83BE             loc_0_44AE: 
0500+  83BE             ;		pop	af
0501+  83BE             ;		call	MBPlayer_selbank_FE
0502+  83BE             
0503+  83BE             locret_0_44B2: 
0504+  83BE C9          		ret	
0505+  83BF C9          		ret	
0506+  83C0 C9          		ret	
0507+  83C1 C9          		ret	
0508+  83C2 C9          		ret	
0509+  83C3             ;-------------------------------------------------------------------
0510+  83C3             ; описание: Interrupt routine BEFORE play-interrupt
0511+  83C3             ; параметры: нет
0512+  83C3             ; возвращаемое  значение: нет
0513+  83C3             ;---------------------------------------------------------------------
0514+  83C3             MBPlayer_play_int_sec: 
0515+  83C3 3D          		dec	a
0516+  83C4 BE          		cp	(hl)
0517+  83C5 20 F7       		jr	nz, loc_0_44AE
0518+  83C7 3A 4C 8E    		ld	a, (MBPlayer_play_step)
0519+  83CA 3C          		inc	a
0520+  83CB E6 0F       		and	0Fh
0521+  83CD 32 4C 8E    		ld	(MBPlayer_play_step), a
0522+  83D0 2A 46 91    		ld	hl, (MBPlayer_songdata_ptr)
0523+  83D3 CC 49 89    		call	z, MBPlayer_play_nextpos
0524+  83D6             
0525+  83D6             ;		ld	a, (MBPlayer_songdata_bank)
0526+  83D6             ;		call	MBPlayer_selbank_FE
0527+  83D6             
0528+  83D6 11 54 8E    		ld	de, MBPlayer_step_buffer
0529+  83D9 7E          		ld	a, (hl)
0530+  83DA 23          		inc	hl
0531+  83DB FE FF       		cp	255
0532+  83DD C2 F1 83    		jp	nz, loc_0_44EB
0533+  83E0 D9          		exx	
0534+  83E1 21 54 8E    		ld	hl, MBPlayer_step_buffer
0535+  83E4 11 55 8E    		ld	de, MBPlayer_step_buffer + 1
0536+  83E7 01 18 00    		ld	bc, 24
0537+  83EA 70          		ld	(hl), b
0538+  83EB ED B0       		ldir	
0539+  83ED D9          		exx	
0540+  83EE C3 10 84    		jp	loc_0_450A
0541+  83F1             
0542+  83F1             
0543+  83F1             loc_0_44EB: 
0544+  83F1 12          		ld	(de), a
0545+  83F2 13          		inc	de
0546+  83F3 E5          		push	hl
0547+  83F4 23          		inc	hl
0548+  83F5 23          		inc	hl
0549+  83F6 23          		inc	hl
0550+  83F7 D9          		exx	
0551+  83F8 E1          		pop	hl
0552+  83F9 06 03       		ld	b, 3
0553+  83FB             
0554+  83FB             loc_0_44F5: 
0555+  83FB 7E          		ld	a, (hl)
0556+  83FC D9          		exx	
0557+  83FD 06 08       		ld	b, 8
0558+  83FF 4F          		ld	c, a
0559+  8400             
0560+  8400             loc_0_44FA: 
0561+  8400 AF          		xor	a
0562+  8401 CB 01       		rlc	c
0563+  8403 30 02       		jr	nc, loc_0_4501
0564+  8405 7E          		ld	a, (hl)
0565+  8406 23          		inc	hl
0566+  8407             
0567+  8407             loc_0_4501: 
0568+  8407 12          		ld	(de), a
0569+  8408 13          		inc	de
0570+  8409 10 F5       		djnz	loc_0_44FA
0571+  840B D9          		exx	
0572+  840C 23          		inc	hl
0573+  840D 10 EC       		djnz	loc_0_44F5
0574+  840F D9          		exx	
0575+  8410             
0576+  8410             loc_0_450A: 
0577+  8410 22 46 91    		ld	(MBPlayer_songdata_ptr), hl
0578+  8413 21 54 8E    		ld	hl, MBPlayer_step_buffer
0579+  8416 11 0D 00    		ld	de, PTW_SIZE
0580+  8419 3A B9 90    		ld	a, (MBPlayer_play_chvol_1)
0581+  841C B7          		or	a
0582+  841D CA 28 84    		jp	z, loc_0_4522
0583+  8420 FD 21 71 8D 		ld	iy, MBPlayer_play_table_wav_1
0584+  8424 47          		ld	b, a
0585+  8425 CD 36 84    		call	sub_0_4530
0586+  8428             
0587+  8428             loc_0_4522: 
0588+  8428 FD 21 87 8C 		ld	iy, MBPlayer_play_table_wav_2
0589+  842C 3A 72 8E    		ld	a, (MBPlayer_play_chvol_2)
0590+  842F 47          		ld	b, a
0591+  8430 CD 36 84    		call	sub_0_4530
0592+  8433 C3 6B 84    		jp	loc_0_4565
0593+  8436             
0594+  8436             sub_0_4530: 
0595+  8436 D9          		exx	
0596+  8437 3A 6F 8E    		ld	a, (MBPlayer_play_tspval)
0597+  843A 47          		ld	b, a
0598+  843B D9          		exx	
0599+  843C             
0600+  843C             loc_0_4536: 
0601+  843C 7E          		ld	a, (hl)
0602+  843D 3D          		dec	a
0603+  843E FE 60       		cp	60h ; '`'
0604+  8440 30 23       		jr	nc, loc_0_455F
0605+  8442 D9          		exx	
0606+  8443 FD 36 04 00 		ld	(iy + 4), 0
0607+  8447 80          		add	a, b
0608+  8448 FD 77 01    		ld	(iy + 1), a
0609+  844B 21 C8 8B    		ld	hl, unk_0_4CC8
0610+  844E 87          		add	a, a
0611+  844F 85          		add	a, l
0612+  8450 30 01       		jr	nc, loc_0_454D
0613+  8452 24          		inc	h
0614+  8453             
0615+  8453             loc_0_454D: 
0616+  8453 6F          		ld	l, a
0617+  8454 56          		ld	d, (hl)
0618+  8455 2B          		dec	hl
0619+  8456 5E          		ld	e, (hl)
0620+  8457 13          		inc	de
0621+  8458 FD 7E 07    		ld	a, (iy + 7)
0622+  845B 83          		add	a, e
0623+  845C 5F          		ld	e, a
0624+  845D 1B          		dec	de
0625+  845E FD 72 09    		ld	(iy + 9), d
0626+  8461 FD 73 0A    		ld	(iy + 0Ah), e
0627+  8464 D9          		exx	
0628+  8465             
0629+  8465             loc_0_455F: 
0630+  8465 FD 19       		add	iy, de
0631+  8467 23          		inc	hl
0632+  8468 10 D2       		djnz	loc_0_4536
0633+  846A C9          		ret	
0634+  846B             
0635+  846B             
0636+  846B             loc_0_4565: 
0637+  846B 3A B9 90    		ld	a, (MBPlayer_play_chvol_1)
0638+  846E 85          		add	a, l
0639+  846F 30 01       		jr	nc, loc_0_456C
0640+  8471 24          		inc	h
0641+  8472             
0642+  8472             loc_0_456C: 
0643+  8472 6F          		ld	l, a
0644+  8473 01 60 06    		ld	bc, 660h
0645+  8476 FD 21 BF 8D 		ld	iy, MBPlayer_play_table_wav_3
0646+  847A 11 12 00    		ld	de, 12h
0647+  847D             
0648+  847D             loc_0_4577: 
0649+  847D 7E          		ld	a, (hl)
0650+  847E 3D          		dec	a
0651+  847F B9          		cp	c
0652+  8480 DA 8B 84    		jp	c, loc_0_4585
0653+  8483             
0654+  8483             loc_0_457D: 
0655+  8483 FD 19       		add	iy, de
0656+  8485 23          		inc	hl
0657+  8486 10 F5       		djnz	loc_0_4577
0658+  8488 C3 BE 83    		jp	loc_0_44AE
0659+  848B             
0660+  848B             
0661+  848B             loc_0_4585: 
0662+  848B FD 36 02 00 		ld	(iy + 2), 0
0663+  848F D9          		exx	
0664+  8490 57          		ld	d, a
0665+  8491 21 18 A6    		ld	hl, MBPlayer_patch_table
0666+  8494 06 00       		ld	b, 0
0667+  8496 FD 4E 0A    		ld	c, (iy + 0Ah)
0668+  8499 79          		ld	a, c
0669+  849A FE AF       		cp	0AFh ; 'Ї'
0670+  849C CA 24 85    		jp	z, loc_0_461E
0671+  849F             
0672+  849F             loc_0_4599: 
0673+  849F 7A          		ld	a, d
0674+  84A0 09          		add	hl, bc
0675+  84A1 09          		add	hl, bc
0676+  84A2 5E          		ld	e, (hl)
0677+  84A3 23          		inc	hl
0678+  84A4 56          		ld	d, (hl)
0679+  84A5 EB          		ex	de, hl
0680+  84A6 5E          		ld	e, (hl)
0681+  84A7 23          		inc	hl
0682+  84A8 4E          		ld	c, (hl)
0683+  84A9 23          		inc	hl
0684+  84AA 46          		ld	b, (hl)
0685+  84AB 23          		inc	hl
0686+  84AC FD 71 0D    		ld	(iy + 0Dh), c
0687+  84AF FD 70 0E    		ld	(iy + 0Eh), b
0688+  84B2 CB 43       		bit	0, e
0689+  84B4 28 05       		jr	z, loc_0_45B5
0690+  84B6 47          		ld	b, a
0691+  84B7 3A 6F 8E    		ld	a, (MBPlayer_play_tspval)
0692+  84BA 80          		add	a, b
0693+  84BB             
0694+  84BB             loc_0_45B5: 
0695+  84BB 06 00       		ld	b, 0
0696+  84BD 11 05 00    		ld	de, 5
0697+  84C0             
0698+  84C0             loc_0_45BA: 
0699+  84C0 BE          		cp	(hl)
0700+  84C1 38 14       		jr	c, loc_0_45D1
0701+  84C3 46          		ld	b, (hl)
0702+  84C4 19          		add	hl, de
0703+  84C5 BE          		cp	(hl)
0704+  84C6 38 0F       		jr	c, loc_0_45D1
0705+  84C8 46          		ld	b, (hl)
0706+  84C9 19          		add	hl, de
0707+  84CA BE          		cp	(hl)
0708+  84CB 38 0A       		jr	c, loc_0_45D1
0709+  84CD 46          		ld	b, (hl)
0710+  84CE 19          		add	hl, de
0711+  84CF BE          		cp	(hl)
0712+  84D0 38 05       		jr	c, loc_0_45D1
0713+  84D2 46          		ld	b, (hl)
0714+  84D3 19          		add	hl, de
0715+  84D4 C3 C0 84    		jp	loc_0_45BA
0716+  84D7             
0717+  84D7             loc_0_45D1: 
0718+  84D7 57          		ld	d, a
0719+  84D8 23          		inc	hl
0720+  84D9 7E          		ld	a, (hl)
0721+  84DA FD 77 07    		ld	(iy + 7), a
0722+  84DD 23          		inc	hl
0723+  84DE 7E          		ld	a, (hl)
0724+  84DF E6 01       		and	1
0725+  84E1 FD 77 06    		ld	(iy + 6), a
0726+  84E4 7E          		ld	a, (hl)
0727+  84E5 1F          		rra	
0728+  84E6 82          		add	a, d
0729+  84E7 90          		sub	b
0730+  84E8 FD 77 00    		ld	(iy + 0), a
0731+  84EB 23          		inc	hl
0732+  84EC 5E          		ld	e, (hl)
0733+  84ED 23          		inc	hl
0734+  84EE 56          		ld	d, (hl)
0735+  84EF FD 72 11    		ld	(iy + 11h), d
0736+  84F2 FD 73 10    		ld	(iy + 10h), e
0737+  84F5 21 98 A4    		ld	hl, tabdiv12
0738+  84F8 4F          		ld	c, a
0739+  84F9 06 00       		ld	b, 0
0740+  84FB 09          		add	hl, bc
0741+  84FC 09          		add	hl, bc
0742+  84FD 4E          		ld	c, (hl)
0743+  84FE 23          		inc	hl
0744+  84FF 7E          		ld	a, (hl)
0745+  8500 EB          		ex	de, hl
0746+  8501 85          		add	a, l
0747+  8502 30 01       		jr	nc, loc_0_45FF
0748+  8504 24          		inc	h
0749+  8505             
0750+  8505             loc_0_45FF: 
0751+  8505 6F          		ld	l, a
0752+  8506 5E          		ld	e, (hl)
0753+  8507 23          		inc	hl
0754+  8508 56          		ld	d, (hl)
0755+  8509 CB 23       		sla	e
0756+  850B 7A          		ld	a, d
0757+  850C 17          		rla	
0758+  850D 81          		add	a, c
0759+  850E 57          		ld	d, a
0760+  850F 60          		ld	h, b
0761+  8510             
0762+  8510             loc_0_460A: 
0763+  8510 FD 6E 05    		ld	l, (iy + 5)
0764+  8513 CB 7D       		bit	7, l
0765+  8515 28 01       		jr	z, loc_0_4612
0766+  8517 25          		dec	h
0767+  8518             
0768+  8518             loc_0_4612: 
0769+  8518 29          		add	hl, hl
0770+  8519 19          		add	hl, de
0771+  851A FD 75 08    		ld	(iy + 8), l
0772+  851D FD 74 09    		ld	(iy + 9), h
0773+  8520 D9          		exx	
0774+  8521 C3 83 84    		jp	loc_0_457D
0775+  8524             
0776+  8524             loc_0_461E: 
0777+  8524 7A          		ld	a, d
0778+  8525 FE 24       		cp	24h ; '$'
0779+  8527 DA 9F 84    		jp	c, loc_0_4599
0780+  852A FE 53       		cp	53h ; 'S'
0781+  852C DA 31 85    		jp	c, loc_0_462B
0782+  852F 3E 52       		ld	a, 52h ; 'R'
0783+  8531             
0784+  8531             loc_0_462B: 
0785+  8531 21 51 B6    		ld	hl, gmdrm_c4
0786+  8534 D6 24       		sub	24h ; '$'
0787+  8536 47          		ld	b, a
0788+  8537 87          		add	a, a
0789+  8538 87          		add	a, a
0790+  8539 80          		add	a, b
0791+  853A 85          		add	a, l
0792+  853B 30 01       		jr	nc, loc_0_4638
0793+  853D 24          		inc	h
0794+  853E             loc_0_4638: 
0795+  853E 6F          		ld	l, a
0796+  853F 7E          		ld	a, (hl)
0797+  8540 FD 77 07    		ld	(iy + 7), a
0798+  8543 FD 36 06 00 		ld	(iy + 6), 0
0799+  8547 23          		inc	hl
0800+  8548 5E          		ld	e, (hl)
0801+  8549 23          		inc	hl
0802+  854A 56          		ld	d, (hl)
0803+  854B 23          		inc	hl
0804+  854C 7E          		ld	a, (hl)
0805+  854D FD 77 0D    		ld	(iy + 0Dh), a
0806+  8550 23          		inc	hl
0807+  8551 7E          		ld	a, (hl)
0808+  8552 FD 77 0E    		ld	(iy + 0Eh), a
0809+  8555 26 00       		ld	h, 0
0810+  8557 C3 10 85    		jp	loc_0_460A
0811+  855A             ;-------------------------------------------------------------------
0812+  855A             ; описание: Play ON event
0813+  855A             ; параметры: нет
0814+  855A             ; возвращаемое  значение: нет
0815+  855A             ;---------------------------------------------------------------------
0816+  855A             MBPlayer_play_wonevt_1: 
0817+  855A FD 4E 00    		ld	c, (iy + 0)
0818+  855D FD 5E 02    		ld	e, (iy + 2)
0819+  8560 43          		ld	b, e
0820+  8561 CB E3       		set	4, e
0821+  8563 ED 59       		out	(c), e
0822+  8565 0C          		inc	c
0823+  8566 FD 7E 09    		ld	a, (iy + 9)
0824+  8569 ED 79       		out	(c), a
0825+  856B 0D          		dec	c
0826+  856C ED 41       		out	(c), b
0827+  856E FD 56 0A    		ld	d, (iy + 0Ah)
0828+  8571 0C          		inc	c
0829+  8572 ED 51       		out	(c), d
0830+  8574 FD 72 0B    		ld	(iy + 0Bh), d
0831+  8577 0D          		dec	c
0832+  8578 ED 59       		out	(c), e
0833+  857A F6 20       		or	20h ; ' '
0834+  857C FD 77 0C    		ld	(iy + 0Ch), a
0835+  857F 0C          		inc	c
0836+  8580 ED 79       		out	(c), a
0837+  8582 E9          		jp	(hl)
0838+  8583             
0839+  8583             loc_0_467D: 
0840+  8583 FD 36 04 00 		ld	(iy + 4), 0
0841+  8587 FD 7E 02    		ld	a, (iy + 2)
0842+  858A F6 10       		or	10h
0843+  858C FD 4E 00    		ld	c, (iy + 0)
0844+  858F ED 79       		out	(c), a
0845+  8591 0C          		inc	c
0846+  8592 ED 78       		in	a, (c)
0847+  8594 E6 DF       		and	0DFh ; 'Я'
0848+  8596 ED 79       		out	(c), a
0849+  8598 E9          		jp	(hl)
0850+  8599             
0851+  8599             loc_0_4693: 
0852+  8599 D6 61       		sub	61h ; 'a'
0853+  859B             loc_0_4695: 
0854+  859B E5          		push	hl
0855+  859C FD 36 04 00 		ld	(iy + 4), 0
0856+  85A0 21 2A 8E    		ld	hl, unk_0_4F2A
0857+  85A3 85          		add	a, l
0858+  85A4 30 01       		jr	nc, loc_0_46A1
0859+  85A6 24          		inc	h
0860+  85A7             loc_0_46A1: 
0861+  85A7 6F          		ld	l, a
0862+  85A8 7E          		ld	a, (hl)
0863+  85A9 21 76 8E    		ld	hl, unk_0_50F4
0864+  85AC 85          		add	a, l
0865+  85AD 30 01       		jr	nc, loc_0_46AA
0866+  85AF 24          		inc	h
0867+  85B0             loc_0_46AA: 
0868+  85B0 6F          		ld	l, a
0869+  85B1 EB          		ex	de, hl
0870+  85B2 3A 72 8E    		ld	a, (MBPlayer_play_chvol_2)
0871+  85B5 D9          		exx	
0872+  85B6 90          		sub	b
0873+  85B7 D9          		exx	
0874+  85B8 87          		add	a, a
0875+  85B9 87          		add	a, a
0876+  85BA             
0877+  85BA 21 FB 8A    		ld	hl, unk_0_4BFB
0878+  85BD 85          		add	a, l
0879+  85BE 30 01       		jr	nc, loc_0_46BB
0880+  85C0 24          		inc	h
0881+  85C1             
0882+  85C1             loc_0_46BB: 
0883+  85C1 6F          		ld	l, a
0884+  85C2 EB          		ex	de, hl
0885+  85C3 1A          		ld	a, (de)
0886+  85C4 06 0C       		ld	b, 0Ch
0887+  85C6 FD 4E 00    		ld	c, (iy + 0)
0888+  85C9             
0889+  85C9             loc_0_46C3: 
0890+  85C9 ED 79       		out	(c), a
0891+  85CB C6 03       		add	a, 3
0892+  85CD 0C          		inc	c
0893+  85CE ED A3       		outi	
0894+  85D0 0D          		dec	c
0895+  85D1 ED 79       		out	(c), a
0896+  85D3 C6 1D       		add	a, 1Dh
0897+  85D5 0C          		inc	c
0898+  85D6 ED A3       		outi	
0899+  85D8 0D          		dec	c
0900+  85D9 10 EE       		djnz	loc_0_46C3
0901+  85DB 13          		inc	de
0902+  85DC EB          		ex	de, hl
0903+  85DD ED A3       		outi	
0904+  85DF 0C          		inc	c
0905+  85E0 EB          		ex	de, hl
0906+  85E1 ED A3       		outi	
0907+  85E3 0D          		dec	c
0908+  85E4 EB          		ex	de, hl
0909+  85E5 ED A3       		outi	
0910+  85E7 0C          		inc	c
0911+  85E8 EB          		ex	de, hl
0912+  85E9 ED A3       		outi	
0913+  85EB 0D          		dec	c
0914+  85EC 1A          		ld	a, (de)
0915+  85ED ED 79       		out	(c), a
0916+  85EF 0C          		inc	c
0917+  85F0 ED 78       		in	a, (c)
0918+  85F2 E6 30       		and	30h ; '0'
0919+  85F4 EE 30       		xor	30h ; '0'
0920+  85F6 20 02       		jr	nz, loc_0_46F4
0921+  85F8 EE 30       		xor	30h ; '0'
0922+  85FA             loc_0_46F4: 
0923+  85FA B6          		or	(hl)
0924+  85FB ED 79       		out	(c), a
0925+  85FD E1          		pop	hl
0926+  85FE E9          		jp	(hl)
0927+  85FF             
0928+  85FF             loc_0_46F9: 
0929+  85FF D6 61       		sub	61h ; 'a'
0930+  8601             
0931+  8601             loc_0_46FB: 
0932+  8601 E5          		push	hl
0933+  8602 FD 36 04 00 		ld	(iy + 4), 0
0934+  8606 21 29 8E    		ld	hl, unk_0_4F29
0935+  8609 87          		add	a, a
0936+  860A 85          		add	a, l
0937+  860B 30 01       		jr	nc, loc_0_4708
0938+  860D 24          		inc	h
0939+  860E             loc_0_4708: 
0940+  860E 6F          		ld	l, a
0941+  860F 7E          		ld	a, (hl)
0942+  8610 21 7E 8F    		ld	hl, unk_0_51FC
0943+  8613 85          		add	a, l
0944+  8614 30 01       		jr	nc, loc_0_4711
0945+  8616 24          		inc	h
0946+  8617             loc_0_4711: 
0947+  8617 6F          		ld	l, a
0948+  8618 EB          		ex	de, hl
0949+  8619 3A B9 90    		ld	a, (MBPlayer_play_chvol_1)
0950+  861C D9          		exx	
0951+  861D 90          		sub	b
0952+  861E D9          		exx	
0953+  861F 21 2B 8E    		ld	hl, unk_0_4F2B
0954+  8622 87          		add	a, a
0955+  8623 85          		add	a, l
0956+  8624 30 01       		jr	nc, loc_0_4721
0957+  8626 24          		inc	h
0958+  8627             
0959+  8627             loc_0_4721: 
0960+  8627 6F          		ld	l, a
0961+  8628 7E          		ld	a, (hl)
0962+  8629 21 43 8B    		ld	hl, unk_0_4C43
0963+  862C 85          		add	a, l
0964+  862D 30 01       		jr	nc, loc_0_472A
0965+  862F 24          		inc	h
0966+  8630             
0967+  8630             loc_0_472A: 
0968+  8630 6F          		ld	l, a
0969+  8631 FD 4E 00    		ld	c, (iy + 0)
0970+  8634 06 3C       		ld	b, 3Ch ; '<'
0971+  8636             loc_0_4730: 
0972+  8636 ED A3       		outi	
0973+  8638 EB          		ex	de, hl
0974+  8639 0C          		inc	c
0975+  863A ED A3       		outi	
0976+  863C EB          		ex	de, hl
0977+  863D 0D          		dec	c
0978+  863E 10 F6       		djnz	loc_0_4730
0979+  8640 ED A3       		outi	
0980+  8642 0C          		inc	c
0981+  8643 ED 78       		in	a, (c)
0982+  8645 E6 30       		and	30h ; '0'
0983+  8647 EE 30       		xor	30h ; '0'
0984+  8649 20 02       		jr	nz, loc_0_4747
0985+  864B EE 30       		xor	30h ; '0'
0986+  864D             
0987+  864D             loc_0_4747: 
0988+  864D 47          		ld	b, a
0989+  864E 1A          		ld	a, (de)
0990+  864F B0          		or	b
0991+  8650 ED 79       		out	(c), a
0992+  8652 0D          		dec	c
0993+  8653 7E          		ld	a, (hl)
0994+  8654 ED 79       		out	(c), a
0995+  8656 13          		inc	de
0996+  8657 1A          		ld	a, (de)
0997+  8658 B0          		or	b
0998+  8659 0C          		inc	c
0999+  865A ED 79       		out	(c), a
1000+  865C E1          		pop	hl
1001+  865D E9          		jp	(hl)
1002+  865E             
1003+  865E             loc_0_4758: 
1004+  865E D6 7A       		sub	7Ah ; 'z'
1005+  8660 57          		ld	d, a
1006+  8661 FD 4E 00    		ld	c, (iy + 0)
1007+  8664 FD 7E 03    		ld	a, (iy + 3)
1008+  8667 ED 79       		out	(c), a
1009+  8669 0C          		inc	c
1010+  866A ED 78       		in	a, (c)
1011+  866C E6 C0       		and	0C0h ; 'А'
1012+  866E 82          		add	a, d
1013+  866F ED 79       		out	(c), a
1014+  8671 E9          		jp	(hl)
1015+  8672             loc_0_476C: 
1016+  8672 E9          		jp	(hl)
1017+  8673             loc_0_476D: 
1018+  8673 FD 36 04 00 		ld	(iy + 4), 0
1019+  8677 D6 B9       		sub	0B9h ; '№'
1020+  8679             loc_0_4773: 
1021+  8679 87          		add	a, a
1022+  867A 87          		add	a, a
1023+  867B 87          		add	a, a
1024+  867C 87          		add	a, a
1025+  867D 57          		ld	d, a
1026+  867E FD 4E 00    		ld	c, (iy + 0)
1027+  8681 FD 7E 02    		ld	a, (iy + 2)
1028+  8684 C6 20       		add	a, 20h ; ' '
1029+  8686 ED 79       		out	(c), a
1030+  8688 0C          		inc	c
1031+  8689 ED 78       		in	a, (c)
1032+  868B E6 0F       		and	0Fh
1033+  868D 82          		add	a, d
1034+  868E ED 79       		out	(c), a
1035+  8690 E9          		jp	(hl)
1036+  8691             loc_0_478B: 
1037+  8691 FD 36 04 00 		ld	(iy + 4), 0
1038+  8695 D6 B9       		sub	0B9h ; '№'
1039+  8697             loc_0_4791: 
1040+  8697 87          		add	a, a
1041+  8698 87          		add	a, a
1042+  8699 87          		add	a, a
1043+  869A 87          		add	a, a
1044+  869B 57          		ld	d, a
1045+  869C FD 4E 00    		ld	c, (iy + 0)
1046+  869F FD 7E 02    		ld	a, (iy + 2)
1047+  86A2 C6 20       		add	a, 20h ; ' '
1048+  86A4 47          		ld	b, a
1049+  86A5 ED 79       		out	(c), a
1050+  86A7 0C          		inc	c
1051+  86A8 ED 78       		in	a, (c)
1052+  86AA E6 0F       		and	0Fh
1053+  86AC 82          		add	a, d
1054+  86AD ED 79       		out	(c), a
1055+  86AF 78          		ld	a, b
1056+  86B0 C6 03       		add	a, 3
1057+  86B2 0D          		dec	c
1058+  86B3 ED 79       		out	(c), a
1059+  86B5 0C          		inc	c
1060+  86B6 ED 78       		in	a, (c)
1061+  86B8 E6 0F       		and	0Fh
1062+  86BA 82          		add	a, d
1063+  86BB ED 79       		out	(c), a
1064+  86BD E9          		jp	(hl)
1065+  86BE             
1066+  86BE             loc_0_47B8: 
1067+  86BE E5          		push	hl
1068+  86BF D6 C6       		sub	0C6h ; 'Ж'
1069+  86C1 FD 86 01    		add	a, (iy + 1)
1070+  86C4 FD 77 01    		ld	(iy + 1), a
1071+  86C7 21 C8 8B    		ld	hl, unk_0_4CC8
1072+  86CA 87          		add	a, a
1073+  86CB 85          		add	a, l
1074+  86CC 30 01       		jr	nc, loc_0_47C9
1075+  86CE 24          		inc	h
1076+  86CF             
1077+  86CF             loc_0_47C9: 
1078+  86CF 6F          		ld	l, a
1079+  86D0 56          		ld	d, (hl)
1080+  86D1 2B          		dec	hl
1081+  86D2 5E          		ld	e, (hl)
1082+  86D3 13          		inc	de
1083+  86D4 FD 7E 07    		ld	a, (iy + 7)
1084+  86D7 83          		add	a, e
1085+  86D8 5F          		ld	e, a
1086+  86D9 1B          		dec	de
1087+  86DA FD 73 0B    		ld	(iy + 0Bh), e
1088+  86DD FD 4E 00    		ld	c, (iy + 0)
1089+  86E0 FD 46 02    		ld	b, (iy + 2)
1090+  86E3 ED 41       		out	(c), b
1091+  86E5 0C          		inc	c
1092+  86E6 FD 36 04 00 		ld	(iy + 4), 0
1093+  86EA ED 59       		out	(c), e
1094+  86EC 0D          		dec	c
1095+  86ED CB E0       		set	4, b
1096+  86EF ED 41       		out	(c), b
1097+  86F1 CB EA       		set	5, d
1098+  86F3 FD 72 0C    		ld	(iy + 0Ch), d
1099+  86F6 0C          		inc	c
1100+  86F7 ED 51       		out	(c), d
1101+  86F9 E1          		pop	hl
1102+  86FA E9          		jp	(hl)
1103+  86FB             
1104+  86FB             loc_0_47F5: 
1105+  86FB D6 D9       		sub	0D9h ; 'Щ'
1106+  86FD FD 36 04 01 		ld	(iy + 4), 1
1107+  8701 CB 27       		sla	a
1108+  8703 FD 77 05    		ld	(iy + 5), a
1109+  8706 DA 0E 87    		jp	c, loc_0_4808
1110+  8709 FD 36 06 00 		ld	(iy + 6), 0
1111+  870D E9          		jp	(hl)
1112+  870E             
1113+  870E             loc_0_4808: 
1114+  870E FD 36 06 FF 		ld	(iy + 6), 0FFh
1115+  8712 EB          		ex	de, hl
1116+  8713 FD 66 0C    		ld	h, (iy + 0Ch)
1117+  8716 CB 4C       		bit	1, h
1118+  8718 C2 31 87    		jp	nz, loc_0_482B
1119+  871B 7C          		ld	a, h
1120+  871C E6 FC       		and	0FCh ; 'ь'
1121+  871E D6 04       		sub	4
1122+  8720 FD 6E 0B    		ld	l, (iy + 0Bh)
1123+  8723 CB AC       		res	5, h
1124+  8725 29          		add	hl, hl
1125+  8726 FD 75 0B    		ld	(iy + 0Bh), l
1126+  8729 47          		ld	b, a
1127+  872A 7C          		ld	a, h
1128+  872B E6 03       		and	3
1129+  872D B0          		or	b
1130+  872E FD 77 0C    		ld	(iy + 0Ch), a
1131+  8731             loc_0_482B: 
1132+  8731 EB          		ex	de, hl
1133+  8732 E9          		jp	(hl)
1134+  8733             
1135+  8733             loc_0_482D: 
1136+  8733 D6 E9       		sub	0E9h ; 'й'
1137+  8735 47          		ld	b, a
1138+  8736 FD 4E 00    		ld	c, (iy + 0)
1139+  8739 FD 7E 03    		ld	a, (iy + 3)
1140+  873C D6 03       		sub	3
1141+  873E ED 79       		out	(c), a
1142+  8740 0C          		inc	c
1143+  8741 ED 78       		in	a, (c)
1144+  8743 5F          		ld	e, a
1145+  8744 E6 C0       		and	0C0h ; 'А'
1146+  8746 57          		ld	d, a
1147+  8747 7B          		ld	a, e
1148+  8748 E6 3F       		and	3Fh ; '?'
1149+  874A 80          		add	a, b
1150+  874B 82          		add	a, d
1151+  874C ED 79       		out	(c), a
1152+  874E E9          		jp	(hl)
1153+  874F             
1154+  874F             loc_0_4849: 
1155+  874F E9          		jp	(hl)
1156+  8750             
1157+  8750             loc_0_484A: 
1158+  8750 D6 F3       		sub	0F3h ; 'у'
1159+  8752 87          		add	a, a
1160+  8753 FD 77 07    		ld	(iy + 7), a
1161+  8756 E9          		jp	(hl)
1162+  8757             
1163+  8757             loc_0_4851: 
1164+  8757 D6 F5       		sub	0F5h ; 'х'
1165+  8759 FD 77 04    		ld	(iy + 4), a
1166+  875C D6 02       		sub	2
1167+  875E 87          		add	a, a
1168+  875F 87          		add	a, a
1169+  8760 87          		add	a, a
1170+  8761 87          		add	a, a
1171+  8762 EB          		ex	de, hl
1172+  8763 21 BA 90    		ld	hl, unk_0_5338
1173+  8766 85          		add	a, l
1174+  8767 30 01       		jr	nc, loc_0_4864
1175+  8769 24          		inc	h
1176+  876A             loc_0_4864: 
1177+  876A 6F          		ld	l, a
1178+  876B FD 75 05    		ld	(iy + 5), l
1179+  876E FD 74 06    		ld	(iy + 6), h
1180+  8771 FD 66 0C    		ld	h, (iy + 0Ch)
1181+  8774 CB 4C       		bit	1, h
1182+  8776 C2 91 87    		jp	nz, loc_0_488B
1183+  8779 7C          		ld	a, h
1184+  877A E6 FC       		and	0FCh ; 'ь'
1185+  877C D6 04       		sub	4
1186+  877E FD 6E 0B    		ld	l, (iy + 0Bh)
1187+  8781 CB AC       		res	5, h
1188+  8783 29          		add	hl, hl
1189+  8784 FD 75 0B    		ld	(iy + 0Bh), l
1190+  8787 08          		ex	af, af'
1191+  8788 7C          		ld	a, h
1192+  8789 E6 03       		and	3
1193+  878B 67          		ld	h, a
1194+  878C 08          		ex	af, af'
1195+  878D B4          		or	h
1196+  878E FD 77 0C    		ld	(iy + 0Ch), a
1197+  8791             loc_0_488B: 
1198+  8791 EB          		ex	de, hl
1199+  8792 E9          		jp	(hl)
1200+  8793             ;-------------------------------------------------------------------
1201+  8793             ; описание:  WAVE Event routines
1202+  8793             ; параметры: нет
1203+  8793             ; возвращаемое  значение: нет
1204+  8793             ;---------------------------------------------------------------------
1205+  8793             MBPlayer_play_wtones: 
1206+  8793             
1207+  8793 21 66 8E    		ld	hl, MBPlayer_step_buffer_1
1208+  8796 06 06       		ld	b, 6
1209+  8798 FD 21 BF 8D 		ld	iy, MBPlayer_play_table_wav_3
1210+  879C 11 12 00    		ld	de, 12h
1211+  879F             loc_0_4899: 
1212+  879F 7E          		ld	a, (hl)
1213+  87A0 3D          		dec	a
1214+  87A1 FE 60       		cp	60h ; '`'
1215+  87A3 D2 DA 87    		jp	nc, loc_0_48D4
1216+  87A6 3E 67       		ld	a, 67h ; 'g'
1217+  87A8 80          		add	a, b
1218+  87A9 D3 7E       		out	(MOON_WREG), a
1219+  87AB AF          		xor	a
1220+  87AC 00          		nop	
1221+  87AD D3 7F       		out	(MOON_WDAT), a
1222+  87AF 3E 4F       		ld	a, 4Fh ; 'O'
1223+  87B1 80          		add	a, b
1224+  87B2 D3 7E       		out	(MOON_WREG), a
1225+  87B4 4F          		ld	c, a
1226+  87B5 3E FF       		ld	a, 0FFh
1227+  87B7 D3 7F       		out	(MOON_WDAT), a
1228+  87B9 3E 1F       		ld	a, 1Fh
1229+  87BB 80          		add	a, b
1230+  87BC D3 7E       		out	(MOON_WREG), a
1231+  87BE FD 7E 08    		ld	a, (iy + 8)
1232+  87C1 FD B6 06    		or	(iy + 6)
1233+  87C4 D3 7F       		out	(MOON_WDAT), a
1234+  87C6 3E 07       		ld	a, 7
1235+  87C8 80          		add	a, b
1236+  87C9 D3 7E       		out	(MOON_WREG), a
1237+  87CB FD 7E 07    		ld	a, (iy + 7)
1238+  87CE D3 7F       		out	(MOON_WDAT), a
1239+  87D0 3E 37       		ld	a, 37h ; '7'
1240+  87D2 80          		add	a, b
1241+  87D3 D3 7E       		out	(MOON_WREG), a
1242+  87D5 FD 7E 09    		ld	a, (iy + 9)
1243+  87D8 D3 7F       		out	(MOON_WDAT), a
1244+  87DA             loc_0_48D4: 
1245+  87DA 23          		inc	hl
1246+  87DB FD 19       		add	iy, de
1247+  87DD 10 C0       		djnz	loc_0_4899
1248+  87DF C9          		ret	
1249+  87E0             ;-------------------------------------------------------------------
1250+  87E0             ; описание: Play ON event
1251+  87E0             ; параметры: нет
1252+  87E0             ; возвращаемое  значение: нет
1253+  87E0             ;---------------------------------------------------------------------
1254+  87E0             MBPlayer_play_wonevt: 
1255+  87E0 FD 6E 0D    		ld	l, (iy + 0Dh)
1256+  87E3 FD 66 0E    		ld	h, (iy + 0Eh)
1257+  87E6 05          		dec	b
1258+  87E7 78          		ld	a, b
1259+  87E8 3E 80       		ld	a, 80h ; 'Ђ'
1260+  87EA 80          		add	a, b
1261+  87EB D3 7E       		out	(MOON_WREG), a
1262+  87ED 7E          		ld	a, (hl)
1263+  87EE D3 7F       		out	(MOON_WDAT), a
1264+  87F0 23          		inc	hl
1265+  87F1             loc_0_48EB: 
1266+  87F1 7E          		ld	a, (hl)
1267+  87F2 FE FF       		cp	0FFh
1268+  87F4 28 0B       		jr	z, loc_0_48FB
1269+  87F6 80          		add	a, b
1270+  87F7 D3 7E       		out	(MOON_WREG), a
1271+  87F9 23          		inc	hl
1272+  87FA 7E          		ld	a, (hl)
1273+  87FB D3 7F       		out	(MOON_WDAT), a
1274+  87FD 23          		inc	hl
1275+  87FE C3 F1 87    		jp	loc_0_48EB
1276+  8801             
1277+  8801             loc_0_48FB: 
1278+  8801 3E 50       		ld	a, 50h
1279+  8803 80          		add	a, b
1280+  8804 D3 7E       		out	(MOON_WREG), a
1281+  8806 FD 7E 0F    		ld	a, (iy + 0Fh)
1282+  8809 F6 01       		or	1
1283+  880B D3 7F       		out	(MOON_WDAT), a
1284+  880D 3E 68       		ld	a, 68h
1285+  880F 80          		add	a, b
1286+  8810 D3 7E       		out	(MOON_WREG), a
1287+  8812 3E 80       		ld	a, 80h
1288+  8814 FD B6 0B    		or	(iy + 0Bh)
1289+  8817 D3 7F       		out	(MOON_WDAT), a
1290+  8819 C9          		ret	
1291+  881A             ;-------------------------------------------------------------------
1292+  881A             ; описание: Play OFF event
1293+  881A             ; параметры: нет
1294+  881A             ; возвращаемое  значение: нет
1295+  881A             ;---------------------------------------------------------------------
1296+  881A             MBPlayer_play_woffevt: 
1297+  881A 3E 67       		ld	a, 67h ; 'g'
1298+  881C 80          		add	a, b
1299+  881D D3 7E       		out	(MOON_WREG), a
1300+  881F FD 36 02 00 		ld	(iy + 2), 0
1301+  8823 DB 7F       		in	a, (MOON_WDAT)
1302+  8825 E6 7F       		and	7Fh ; ''
1303+  8827 D3 7F       		out	(MOON_WDAT), a
1304+  8829 C9          		ret	
1305+  882A             ;-------------------------------------------------------------------
1306+  882A             ; описание: Play Wave event
1307+  882A             ; параметры: нет
1308+  882A             ; возвращаемое  значение: нет
1309+  882A             ;---------------------------------------------------------------------
1310+  882A             MBPlayer_play_wwavevt: 
1311+  882A D6 61       		sub	61h 
1312+  882C             MBPlayer_play_wwavevt2: 
1313+  882C             
1314+  882C 4F          		ld	c, a
1315+  882D 21 01 91    		ld	hl, MBPlayer_xwavnrs - 1
1316+  8830 85          		add	a, l
1317+  8831 30 01       		jr	nc, loc_0_492E
1318+  8833 24          		inc	h
1319+  8834             loc_0_492E: 
1320+  8834 6F          		ld	l, a
1321+  8835 7E          		ld	a, (hl)
1322+  8836 FD 77 0A    		ld	(iy + 0Ah), a
1323+  8839 79          		ld	a, c
1324+  883A 21 21 91    		ld	hl, MBPlayer_xwavvols - 1
1325+  883D 85          		add	a, l
1326+  883E 30 01       		jr	nc, loc_0_493B
1327+  8840 24          		inc	h
1328+  8841             loc_0_493B: 
1329+  8841 6F          		ld	l, a
1330+  8842 FD 7E 0F    		ld	a, (iy + 0Fh)
1331+  8845 E6 01       		and	1
1332+  8847 57          		ld	d, a
1333+  8848 7E          		ld	a, (hl)
1334+  8849 87          		add	a, a
1335+  884A 87          		add	a, a
1336+  884B B2          		or	d
1337+  884C FD 77 0F    		ld	(iy + 0Fh), a
1338+  884F FD 36 02 00 		ld	(iy + 2), 0
1339+  8853 C9          		ret	
1340+  8854             ;-------------------------------------------------------------------
1341+  8854             ; описание: Play volume event
1342+  8854             ; параметры: нет
1343+  8854             ; возвращаемое  значение: нет
1344+  8854             ;---------------------------------------------------------------------
1345+  8854             MBPlayer_play_wchgvol: 
1346+  8854 D6 92       		sub	146
1347+  8856 EE 1F       		xor	1Fh
1348+  8858 87          		add	a, a
1349+  8859             
1350+  8859             MBPlayer_play_wchgvol2: 
1351+  8859 87          		add	a, a
1352+  885A 87          		add	a, a
1353+  885B 4F          		ld	c, a
1354+  885C 3E 4F       		ld	a, 4Fh ; 'O'
1355+  885E 80          		add	a, b
1356+  885F D3 7E       		out	(MOON_WREG), a
1357+  8861 FD 7E 0F    		ld	a, (iy + 0Fh)
1358+  8864 E6 01       		and	1
1359+  8866 B1          		or	c
1360+  8867 FD 77 0F    		ld	(iy + 0Fh), a
1361+  886A D3 7F       		out	(MOON_WDAT), a
1362+  886C FD 36 02 00 		ld	(iy + 2), 0
1363+  8870 C9          		ret	
1364+  8871             ;-------------------------------------------------------------------
1365+  8871             ; описание: Link note
1366+  8871             ; параметры: нет
1367+  8871             ; возвращаемое  значение: нет
1368+  8871             ;---------------------------------------------------------------------
1369+  8871             MBPlayer_play_wlnk: 
1370+  8871 FD 36 02 00 		ld	(iy + 2), 0
1371+  8875 C5          		push	bc
1372+  8876 D6 CA       		sub	202
1373+  8878 FD 86 00    		add	a, (iy + 0)
1374+  887B FD 77 00    		ld	(iy + 0), a
1375+  887E             
1376+  887E 21 98 A4    		ld	hl, tabdiv12
1377+  8881 4F          		ld	c, a
1378+  8882 06 00       		ld	b, 0
1379+  8884 09          		add	hl, bc
1380+  8885 09          		add	hl, bc
1381+  8886 4E          		ld	c, (hl)
1382+  8887 23          		inc	hl
1383+  8888 7E          		ld	a, (hl)
1384+  8889 FD 6E 10    		ld	l, (iy + 10h)
1385+  888C FD 66 11    		ld	h, (iy + 11h)
1386+  888F 85          		add	a, l
1387+  8890 30 01       		jr	nc, loc_0_498D
1388+  8892 24          		inc	h
1389+  8893             loc_0_498D: 
1390+  8893 6F          		ld	l, a
1391+  8894 5E          		ld	e, (hl)
1392+  8895 23          		inc	hl
1393+  8896 56          		ld	d, (hl)
1394+  8897 EB          		ex	de, hl
1395+  8898 CB 25       		sla	l
1396+  889A 7C          		ld	a, h
1397+  889B 17          		rla	
1398+  889C 81          		add	a, c
1399+  889D 67          		ld	h, a
1400+  889E 16 00       		ld	d, 0
1401+  88A0 FD 5E 05    		ld	e, (iy + 5)
1402+  88A3 CB 7B       		bit	7, e
1403+  88A5 28 01       		jr	z, loc_0_49A2
1404+  88A7 15          		dec	d
1405+  88A8             loc_0_49A2: 
1406+  88A8 19          		add	hl, de
1407+  88A9 19          		add	hl, de
1408+  88AA FD 75 08    		ld	(iy + 8), l
1409+  88AD FD 74 09    		ld	(iy + 9), h
1410+  88B0 C1          		pop	bc
1411+  88B1 3E 1F       		ld	a, 1Fh
1412+  88B3 80          		add	a, b
1413+  88B4 D3 7E       		out	(MOON_WREG), a
1414+  88B6 7D          		ld	a, l
1415+  88B7 FD B6 06    		or	(iy + 6)
1416+  88BA D3 7F       		out	(MOON_WDAT), a
1417+  88BC 3E 37       		ld	a, 37h ; '7'
1418+  88BE 80          		add	a, b
1419+  88BF D3 7E       		out	(MOON_WREG), a
1420+  88C1 7C          		ld	a, h
1421+  88C2 FD B6 0C    		or	(iy + 0Ch)
1422+  88C5 D3 7F       		out	(MOON_WDAT), a
1423+  88C7 C9          		ret	
1424+  88C8             ;-------------------------------------------------------------------
1425+  88C8             ; описание: Play stereo event
1426+  88C8             ; параметры: нет
1427+  88C8             ; возвращаемое  значение: нет
1428+  88C8             ;---------------------------------------------------------------------
1429+  88C8             MBPlayer_play_wchgste: 
1430+  88C8 D6 B9       		sub	0B9h
1431+  88CA             
1432+  88CA             MBPlayer_play_wchgste2: 
1433+  88CA E6 0F       		and	0Fh
1434+  88CC 57          		ld	d, a
1435+  88CD FD 7E 0B    		ld	a, (iy + 0Bh)
1436+  88D0 E6 F0       		and	0F0h ; 'р'
1437+  88D2 B2          		or	d
1438+  88D3 FD 77 0B    		ld	(iy + 0Bh), a
1439+  88D6             
1440+  88D6 3E 67       		ld	a, 67h ; 'g'
1441+  88D8 80          		add	a, b
1442+  88D9 D3 7E       		out	(MOON_WREG), a
1443+  88DB FD 36 02 00 		ld	(iy + 2), 0
1444+  88DF DB 7F       		in	a, (MOON_WDAT)
1445+  88E1 E6 F0       		and	0F0h ; 'р'
1446+  88E3 B2          		or	d
1447+  88E4 D3 7F       		out	(MOON_WDAT), a
1448+  88E6 C9          		ret	
1449+  88E7             ;-------------------------------------------------------------------
1450+  88E7             ; описание: Pitch bending
1451+  88E7             ; параметры: нет
1452+  88E7             ; возвращаемое  значение: нет
1453+  88E7             ;---------------------------------------------------------------------
1454+  88E7             MBPlayer_play_wchgpit: 
1455+  88E7 D6 DD       		sub	221	
1456+  88E9 FD 36 02 01 		ld	(iy + 2), 1  		; Pitch bending on
1457+  88ED 87          		add	a, a
1458+  88EE 87          		add	a, a
1459+  88EF FD 77 03    		ld	(iy + 3), a		; Set pitch bend speed
1460+  88F2 07          		rlca	
1461+  88F3 38 05       		jr	c, loc_0_49F4
1462+  88F5 FD 36 04 00 		ld	(iy + 4), 0
1463+  88F9 C9          		ret	
1464+  88FA             loc_0_49F4: 
1465+  88FA FD 36 04 FF 		ld	(iy + 4), 0FFh
1466+  88FE C9          		ret	
1467+  88FF             ;-------------------------------------------------------------------
1468+  88FF             ; описание: Modulation event
1469+  88FF             ; параметры: нет
1470+  88FF             ; возвращаемое  значение: нет
1471+  88FF             ;---------------------------------------------------------------------
1472+  88FF             MBPlayer_play_wchgmod: 
1473+  88FF D6 EC       		sub	0ECh ; 'м'
1474+  8901 FD 77 02    		ld	(iy + 2), a
1475+  8904 87          		add	a, a
1476+  8905 87          		add	a, a
1477+  8906 87          		add	a, a
1478+  8907 87          		add	a, a
1479+  8908 21 9A 90    		ld	hl, unk_0_5318
1480+  890B 85          		add	a, l
1481+  890C 30 01       		jr	nc, loc_0_4A09
1482+  890E 24          		inc	h
1483+  890F             loc_0_4A09: 
1484+  890F 6F          		ld	l, a
1485+  8910 FD 75 03    		ld	(iy + 3), l
1486+  8913 FD 74 04    		ld	(iy + 4), h
1487+  8916 C9          		ret	
1488+  8917             ;-------------------------------------------------------------------
1489+  8917             ; описание: Set detune
1490+  8917             ; параметры: нет
1491+  8917             ; возвращаемое  значение: нет
1492+  8917             ;---------------------------------------------------------------------
1493+  8917             MBPlayer_play_wchgdet: 
1494+  8917 D6 EA       		sub	234
1495+  8919 87          		add	a, a
1496+  891A 87          		add	a, a
1497+  891B FD 77 05    		ld	(iy + 5), a
1498+  891E C9          		ret	
1499+  891F             ;-------------------------------------------------------------------
1500+  891F             ; описание: Damp
1501+  891F             ; параметры: нет
1502+  891F             ; возвращаемое  значение: нет
1503+  891F             ;---------------------------------------------------------------------
1504+  891F             MBPlayer_play_wchgdmp: 
1505+  891F 3E 67       		ld	a, 67h ; 'g'
1506+  8921 80          		add	a, b
1507+  8922 D3 7E       		out	(MOON_WREG), a
1508+  8924 FD 36 02 00 		ld	(iy + 2), 0
1509+  8928 DB 7F       		in	a, (MOON_WDAT)
1510+  892A F6 40       		or	40h ; '@'
1511+  892C D3 7F       		out	(MOON_WDAT), a
1512+  892E C9          		ret	
1513+  892F             
1514+  892F             loc_0_4A29: 
1515+  892F 47          		ld	b, a
1516+  8930 3E 19       		ld	a, 19h
1517+  8932 90          		sub	b
1518+  8933 32 6E 8E    		ld	(MBPlayer_play_speed), a
1519+  8936 C3 BE 83    		jp	loc_0_44AE
1520+  8939             
1521+  8939             loc_0_4A33: 
1522+  8939 3E 0F       		ld	a, 0Fh
1523+  893B 32 4C 8E    		ld	(MBPlayer_play_step), a
1524+  893E C3 BE 83    		jp	loc_0_44AE
1525+  8941             ;-------------------------------------------------------------------
1526+  8941             ; описание:  set transpose 
1527+  8941             ; параметры: нет
1528+  8941             ; возвращаемое  значение: нет
1529+  8941             ;---------------------------------------------------------------------
1530+  8941             MBPlayer_play_chgtrs: 
1531+  8941 D6 34       		sub	52
1532+  8943 32 6F 8E    		ld	(MBPlayer_play_tspval), a
1533+  8946 C3 BE 83    		jp	loc_0_44AE
1534+  8949             ;-------------------------------------------------------------------
1535+  8949             ; описание: Переход к следующей позиции
1536+  8949             ; параметры: нет
1537+  8949             ; возвращаемое  значение: нет
1538+  8949             ;---------------------------------------------------------------------
1539+  8949             MBPlayer_play_nextpos: 
1540+  8949             ;		ld	a, (MBPlayer_songdata_bank1)
1541+  8949             ;		call	MBPlayer_selbank_FE
1542+  8949             
1543+  8949 3A 74 8E    		ld	a, (MBPlayer_xleng)
1544+  894C 3C          		inc	a
1545+  894D 47          		ld	b, a
1546+  894E 3A 4B 8E    		ld	a, (MBPlayer_play_pos)
1547+  8951 3C          		inc	a
1548+  8952 B8          		cp	b
1549+  8953 DA 5E 89    		jp	c, loc_0_4A5E
1550+  8956 3A 75 8E    		ld	a, (MBPlayer_xloop)
1551+  8959 FE FF       		cp	255
1552+  895B CC 95 89    		call	z, MBPlayer_play_nextstop
1553+  895E             
1554+  895E             loc_0_4A5E: 
1555+  895E 32 4B 8E    		ld	(MBPlayer_play_pos), a
1556+  8961 2A 44 91    		ld	hl, (MBPlayer_pos_address)
1557+  8964 85          		add	a, l
1558+  8965 30 01       		jr	nc, loc_0_4A68
1559+  8967 24          		inc	h
1560+  8968             
1561+  8968             loc_0_4A68: 
1562+  8968 6F          		ld	l, a
1563+  8969 7E          		ld	a, (hl)
1564+  896A 32 73 8E    		ld	(byte_0_4F50), a
1565+  896D 87          		add	a, a
1566+  896E 2A 42 91    		ld	hl, (MBPlayer_pat_address)
1567+  8971 85          		add	a, l
1568+  8972 30 01       		jr	nc, loc_0_4A75
1569+  8974 24          		inc	h
1570+  8975             loc_0_4A75: 
1571+  8975 6F          		ld	l, a
1572+  8976 5E          		ld	e, (hl)
1573+  8977 23          		inc	hl
1574+  8978 56          		ld	d, (hl)
1575+  8979 EB          		ex	de, hl
1576+  897A 7C          		ld	a, h
1577+  897B 07          		rlca	
1578+  897C 07          		rlca	
1579+  897D E6 03       		and	3
1580+  897F 11 4E 8E    		ld	de, MBPlayer_songdata_bank1
1581+  8982 83          		add	a, e
1582+  8983 30 01       		jr	nc, loc_0_4A86
1583+  8985 14          		inc	d
1584+  8986             loc_0_4A86: 
1585+  8986 5F          		ld	e, a
1586+  8987 1A          		ld	a, (de)
1587+  8988 32 51 8E    		ld	(MBPlayer_songdata_bank), a
1588+  898B 7C          		ld	a, h
1589+  898C E6 3F       		and	3Fh ; '?'
1590+  898E 67          		ld	h, a
1591+  898F ED 5B 4F 8E 		ld	de, (MBPlayer_songdata_addres)
1592+  8993 19          		add	hl, de
1593+  8994 C9          		ret	
1594+  8995             ;-------------------------------------------------------------------
1595+  8995             ; описание: Останов после 255 повторов
1596+  8995             ; параметры: нет
1597+  8995             ; возвращаемое  значение: нет
1598+  8995             ;---------------------------------------------------------------------
1599+  8995             MBPlayer_play_nextstop: 
1600+  8995 CD 56 82    		call	MBPlayer_stop_music
1601+  8998 AF          		xor	a
1602+  8999 C9          		ret	
1603+  899A             
1604+  899A             sub_0_4A9A: 
1605+  899A 11 0D 00    		ld	de, PTW_SIZE
1606+  899D 3A B9 90    		ld	a, (MBPlayer_play_chvol_1)
1607+  89A0 B7          		or	a
1608+  89A1 CA B7 89    		jp	z, loc_0_4AB7
1609+  89A4 47          		ld	b, a
1610+  89A5 FD 21 71 8D 		ld	iy, MBPlayer_play_table_wav_1
1611+  89A9 21 B3 89    		ld	hl, loc_0_4AB3
1612+  89AC             
1613+  89AC             loc_0_4AAC: 
1614+  89AC FD 7E 04    		ld	a, (iy + 4)
1615+  89AF B7          		or	a
1616+  89B0 C2 E5 89    		jp	nz, loc_0_4AE5
1617+  89B3             
1618+  89B3             loc_0_4AB3: 
1619+  89B3 FD 19       		add	iy, de
1620+  89B5 10 F5       		djnz	loc_0_4AAC
1621+  89B7             
1622+  89B7             loc_0_4AB7: 
1623+  89B7 FD 21 87 8C 		ld	iy, MBPlayer_play_table_wav_2
1624+  89BB 3A 72 8E    		ld	a, (MBPlayer_play_chvol_2)
1625+  89BE 47          		ld	b, a
1626+  89BF 21 C9 89    		ld	hl, loc_0_4AC9
1627+  89C2             
1628+  89C2             loc_0_4AC2: 
1629+  89C2 FD 7E 04    		ld	a, (iy + 4)
1630+  89C5 B7          		or	a
1631+  89C6 C2 E5 89    		jp	nz, loc_0_4AE5
1632+  89C9             
1633+  89C9             loc_0_4AC9: 
1634+  89C9 FD 19       		add	iy, de
1635+  89CB 10 F5       		djnz	loc_0_4AC2
1636+  89CD FD 21 BF 8D 		ld	iy, MBPlayer_play_table_wav_3
1637+  89D1 11 12 00    		ld	de, 12h
1638+  89D4 21 E0 89    		ld	hl, loc_0_4AE0
1639+  89D7 06 06       		ld	b, 6
1640+  89D9             
1641+  89D9             loc_0_4AD9: 
1642+  89D9 FD 7E 02    		ld	a, (iy + 2)
1643+  89DC B7          		or	a
1644+  89DD C2 4C 8A    		jp	nz, loc_0_4B4C
1645+  89E0             
1646+  89E0             loc_0_4AE0: 
1647+  89E0 FD 19       		add	iy, de
1648+  89E2 10 F5       		djnz	loc_0_4AD9
1649+  89E4 C9          		ret	
1650+  89E5             
1651+  89E5             loc_0_4AE5: 
1652+  89E5 D9          		exx	
1653+  89E6 FD 6E 05    		ld	l, (iy + 5)
1654+  89E9 FD 66 06    		ld	h, (iy + 6)
1655+  89EC 3D          		dec	a
1656+  89ED C2 25 8A    		jp	nz, loc_0_4B25
1657+  89F0             
1658+  89F0             loc_0_4AF0: 
1659+  89F0 FD 5E 0B    		ld	e, (iy + 0Bh)
1660+  89F3 FD 56 0C    		ld	d, (iy + 0Ch)
1661+  89F6 CB 7C       		bit	7, h
1662+  89F8 19          		add	hl, de
1663+  89F9 20 20       		jr	nz, loc_0_4B1B
1664+  89FB 7A          		ld	a, d
1665+  89FC E6 02       		and	2
1666+  89FE B4          		or	h
1667+  89FF 67          		ld	h, a
1668+  8A00             
1669+  8A00             loc_0_4B00: 
1670+  8A00 FD 4E 00    		ld	c, (iy + 0)
1671+  8A03 FD 56 02    		ld	d, (iy + 2)
1672+  8A06 ED 51       		out	(c), d
1673+  8A08 0C          		inc	c
1674+  8A09 FD 75 0B    		ld	(iy + 0Bh), l
1675+  8A0C ED 69       		out	(c), l
1676+  8A0E 0D          		dec	c
1677+  8A0F CB E2       		set	4, d
1678+  8A11 ED 51       		out	(c), d
1679+  8A13 FD 74 0C    		ld	(iy + 0Ch), h
1680+  8A16 0C          		inc	c
1681+  8A17 ED 61       		out	(c), h
1682+  8A19 D9          		exx	
1683+  8A1A E9          		jp	(hl)
1684+  8A1B             
1685+  8A1B             loc_0_4B1B: 
1686+  8A1B CB 4C       		bit	1, h
1687+  8A1D C2 00 8A    		jp	nz, loc_0_4B00
1688+  8A20 25          		dec	h
1689+  8A21 25          		dec	h
1690+  8A22 C3 00 8A    		jp	loc_0_4B00
1691+  8A25             
1692+  8A25             
1693+  8A25             loc_0_4B25: 
1694+  8A25 4F          		ld	c, a
1695+  8A26 16 00       		ld	d, 0
1696+  8A28 5E          		ld	e, (hl)
1697+  8A29 CB 23       		sla	e
1698+  8A2B 30 01       		jr	nc, loc_0_4B2E
1699+  8A2D 15          		dec	d
1700+  8A2E             
1701+  8A2E             loc_0_4B2E: 
1702+  8A2E 23          		inc	hl
1703+  8A2F 7E          		ld	a, (hl)
1704+  8A30 FE 0A       		cp	0Ah
1705+  8A32 C2 42 8A    		jp	nz, loc_0_4B42
1706+  8A35 79          		ld	a, c
1707+  8A36 21 AA 90    		ld	hl, unk_0_5328
1708+  8A39 87          		add	a, a
1709+  8A3A 87          		add	a, a
1710+  8A3B 87          		add	a, a
1711+  8A3C 87          		add	a, a
1712+  8A3D 85          		add	a, l
1713+  8A3E 30 01       		jr	nc, loc_0_4B41
1714+  8A40 24          		inc	h
1715+  8A41             
1716+  8A41             loc_0_4B41: 
1717+  8A41 6F          		ld	l, a
1718+  8A42             loc_0_4B42: 
1719+  8A42 FD 75 05    		ld	(iy + 5), l
1720+  8A45 FD 74 06    		ld	(iy + 6), h
1721+  8A48 EB          		ex	de, hl
1722+  8A49 C3 F0 89    		jp	loc_0_4AF0
1723+  8A4C             
1724+  8A4C             loc_0_4B4C: 
1725+  8A4C D9          		exx	
1726+  8A4D 4F          		ld	c, a
1727+  8A4E FD 6E 03    		ld	l, (iy + 3)
1728+  8A51 FD 66 04    		ld	h, (iy + 4)
1729+  8A54 0D          		dec	c
1730+  8A55 C2 8C 8A    		jp	nz, loc_0_4B8C
1731+  8A58 EB          		ex	de, hl
1732+  8A59             
1733+  8A59             loc_0_4B59: 
1734+  8A59 FD 66 09    		ld	h, (iy + 9)
1735+  8A5C FD 6E 08    		ld	l, (iy + 8)
1736+  8A5F 19          		add	hl, de
1737+  8A60 CB 5C       		bit	3, h
1738+  8A62 28 0C       		jr	z, loc_0_4B70
1739+  8A64 CB 7A       		bit	7, d
1740+  8A66 20 06       		jr	nz, loc_0_4B6E
1741+  8A68 7C          		ld	a, h
1742+  8A69 C6 08       		add	a, 8
1743+  8A6B 67          		ld	h, a
1744+  8A6C 18 02       		jr	loc_0_4B70
1745+  8A6E             
1746+  8A6E             loc_0_4B6E: 
1747+  8A6E CB 9C       		res	3, h
1748+  8A70             
1749+  8A70             loc_0_4B70: 
1750+  8A70 FD 75 08    		ld	(iy + 8), l
1751+  8A73 FD 74 09    		ld	(iy + 9), h
1752+  8A76 FD 7E 01    		ld	a, (iy + 1)
1753+  8A79 4F          		ld	c, a
1754+  8A7A D3 7E       		out	(MOON_WREG), a
1755+  8A7C 7D          		ld	a, l
1756+  8A7D FD B6 06    		or	(iy + 6)
1757+  8A80 D3 7F       		out	(MOON_WDAT), a
1758+  8A82 79          		ld	a, c
1759+  8A83 C6 18       		add	a, 18h
1760+  8A85 D3 7E       		out	(MOON_WREG), a
1761+  8A87 7C          		ld	a, h
1762+  8A88 D3 7F       		out	(MOON_WDAT), a
1763+  8A8A D9          		exx	
1764+  8A8B E9          		jp	(hl)
1765+  8A8C             
1766+  8A8C             loc_0_4B8C: 
1767+  8A8C 16 00       		ld	d, 0
1768+  8A8E 5E          		ld	e, (hl)
1769+  8A8F CB 23       		sla	e
1770+  8A91 CB 23       		sla	e
1771+  8A93 30 01       		jr	nc, loc_0_4B96
1772+  8A95 15          		dec	d
1773+  8A96             
1774+  8A96             loc_0_4B96: 
1775+  8A96 23          		inc	hl
1776+  8A97 7E          		ld	a, (hl)
1777+  8A98 FE 0A       		cp	0Ah
1778+  8A9A C2 AA 8A    		jp	nz, loc_0_4BAA
1779+  8A9D 79          		ld	a, c
1780+  8A9E 21 AA 90    		ld	hl, unk_0_5328
1781+  8AA1 87          		add	a, a
1782+  8AA2 87          		add	a, a
1783+  8AA3 87          		add	a, a
1784+  8AA4 87          		add	a, a
1785+  8AA5 85          		add	a, l
1786+  8AA6 30 01       		jr	nc, loc_0_4BA9
1787+  8AA8 24          		inc	h
1788+  8AA9             
1789+  8AA9             loc_0_4BA9: 
1790+  8AA9 6F          		ld	l, a
1791+  8AAA             
1792+  8AAA             loc_0_4BAA: 
1793+  8AAA FD 75 03    		ld	(iy + 3), l
1794+  8AAD FD 74 04    		ld	(iy + 4), h
1795+  8AB0 C3 59 8A    		jp	loc_0_4B59
1796+  8AB3             
1797+  8AB3             sub_0_4BB3: 
1798+  8AB3 08          		ex	af, af'
1799+  8AB4 FD 4E 00    		ld	c, (iy + 0)
1800+  8AB7 ED 41       		out	(c), b
1801+  8AB9 08          		ex	af, af'
1802+  8ABA D3 C5       		out	(0C5h),	a
1803+  8ABC C9          		ret	
1804+  8ABD             
1805+  8ABD FD 4E 00    		ld	c, (iy + 0)
1806+  8AC0 ED 41       		out	(c), b
1807+  8AC2 00          		nop	
1808+  8AC3 DB C5       		in	a, (0C5h)
1809+  8AC5 C9          		ret	
1810+  8AC6             
1811+  8AC6             ;-------------------------------------------------------------------
1812+  8AC6             ; описание: Вывод данных в регистры FM части
1813+  8AC6             ; параметры: C - номер регистра
1814+  8AC6             ;	     A - выводимый байт
1815+  8AC6             ; возвращаемое  значение: нет
1816+  8AC6             ;---------------------------------------------------------------------
1817+  8AC6             MBPlayer_out_fm1: 
1818+  8AC6 08          		ex	af, af'
1819+  8AC7 79          		ld	a, c
1820+  8AC8 D3 C4       		out	(0C4h),	a
1821+  8ACA 08          		ex	af, af'
1822+  8ACB D3 C5       		out	(0C5h),	a
1823+  8ACD C9          		ret	
1824+  8ACE             ;-------------------------------------------------------------------
1825+  8ACE             ; описание: Вывод данных в регистры FM части
1826+  8ACE             ; параметры: C - номер регистра
1827+  8ACE             ;	     A - выводимый байт
1828+  8ACE             ; возвращаемое  значение: нет
1829+  8ACE             ;---------------------------------------------------------------------
1830+  8ACE             MBPlayer_out_fm2: 
1831+  8ACE 08          		ex	af, af'
1832+  8ACF 79          		ld	a, c
1833+  8AD0 D3 C6       		out	(0C6h),	a
1834+  8AD2 08          		ex	af, af'
1835+  8AD3 D3 C5       		out	(0C5h),	a
1836+  8AD5 C9          		ret	
1837+  8AD6             ;-------------------------------------------------------------------
1838+  8AD6             ; описание: Вывод данных в регистры Wave части
1839+  8AD6             ; параметры: C - номер регистра
1840+  8AD6             ;	     A - выводимый байт
1841+  8AD6             ; возвращаемое  значение: нет
1842+  8AD6             ;---------------------------------------------------------------------
1843+  8AD6             MBPlayer_out_wave: 	
1844+  8AD6 08          		ex	af, af'
1845+  8AD7 79          		ld	a, c
1846+  8AD8 D3 7E       		out	(MOON_WREG), a
1847+  8ADA 08          		ex	af, af'
1848+  8ADB D3 7F       		out	(MOON_WDAT), a
1849+  8ADD C9          		ret	
1850+  8ADE             
1851+  8ADE 79          		ld	a, c
1852+  8ADF D3 7E       		out	(MOON_WREG), a
1853+  8AE1 00          		nop	
1854+  8AE2 DB 7F       		in	a, (MOON_WDAT)
1855+  8AE4 C9          		ret	
1856+  8AE5             
1857+  8AE5 C5          		db 0C5h ; Е
1858+  8AE6 F5          		db 0F5h ; х
1859+  8AE7 3A          		db  3Ah ; :
1860+  8AE8 2D          		db  2Dh ; -
1861+  8AE9 00          		db    0 ;  
1862+  8AEA FE          		db 0FEh ; ю
1863+  8AEB 03          		db    3 ;  
1864+  8AEC 38          		db  38h ; 8
1865+  8AED 0A          		db  0Ah ;  
1866+  8AEE DB          		db 0DBh ; Ы
1867+  8AEF E6          		db 0E6h ; ж
1868+  8AF0 47          		db  47h ; G
1869+  8AF1 DB          		db 0DBh ; Ы
1870+  8AF2 E6          		db 0E6h ; ж
1871+  8AF3 90          		db  90h ; ђ
1872+  8AF4 FE          		db 0FEh ; ю
1873+  8AF5 05          		db    5 ;  
1874+  8AF6 38          		db  38h ; 8
1875+  8AF7 F9          		db 0F9h ; щ
1876+  8AF8 F1          		db 0F1h ; с
1877+  8AF9 C1          		db 0C1h ; Б
1878+  8AFA C9          		db 0C9h ; Й
1879+  8AFB             
1880+  8AFB 32          unk_0_4BFB: 	db  32h
1881+  8AFC F2          		db 0F2h
1882+  8AFD F5          		db 0F5h
1883+  8AFE C8          		db 0C8h
1884+  8AFF 31          		db  31h
1885+  8B00 F1          		db 0F1h
1886+  8B01 F4          		db 0F4h
1887+  8B02 C7          		db 0C7h
1888+  8B03 30          		db  30h
1889+  8B04 F0          		db 0F0h
1890+  8B05 F3          		db 0F3h
1891+  8B06 C6          		db 0C6h
1892+  8B07 32          		db  32h
1893+  8B08 F2          		db 0F2h
1894+  8B09 F5          		db 0F5h
1895+  8B0A C8          		db 0C8h
1896+  8B0B 31          		db  31h
1897+  8B0C F1          		db 0F1h
1898+  8B0D F4          		db 0F4h
1899+  8B0E C7          		db 0C7h
1900+  8B0F 30          		db  30h
1901+  8B10 F0          		db 0F0h
1902+  8B11 F3          		db 0F3h
1903+  8B12 C6          		db 0C6h
1904+  8B13 2A          		db  2Ah
1905+  8B14 EA          		db 0EAh
1906+  8B15 ED          		db 0EDh
1907+  8B16 C5          		db 0C5h
1908+  8B17 22          		db  22h
1909+  8B18 E2          		db 0E2h
1910+  8B19 E5          		db 0E5h
1911+  8B1A C2          		db 0C2h
1912+  8B1B 29          		db  29h
1913+  8B1C E9          		db 0E9h
1914+  8B1D EC          		db 0ECh
1915+  8B1E C4          		db 0C4h
1916+  8B1F 21          		db  21h
1917+  8B20 E1          		db 0E1h
1918+  8B21 E4          		db 0E4h
1919+  8B22 C1          		db 0C1h
1920+  8B23 28          		db  28h
1921+  8B24 E8          		db 0E8h
1922+  8B25 EB          		db 0EBh
1923+  8B26 C3          		db 0C3h
1924+  8B27 20          		db  20h
1925+  8B28 E0          		db 0E0h
1926+  8B29 E3          		db 0E3h
1927+  8B2A C0          		db 0C0h
1928+  8B2B 2A          		db  2Ah
1929+  8B2C EA          		db 0EAh
1930+  8B2D ED          		db 0EDh
1931+  8B2E C5          		db 0C5h
1932+  8B2F 22          		db  22h
1933+  8B30 E2          		db 0E2h
1934+  8B31 E5          		db 0E5h
1935+  8B32 C2          		db 0C2h
1936+  8B33 29          		db  29h
1937+  8B34 E9          		db 0E9h
1938+  8B35 EC          		db 0ECh
1939+  8B36 C4          		db 0C4h
1940+  8B37 21          		db  21h
1941+  8B38 E1          		db 0E1h
1942+  8B39 E4          		db 0E4h
1943+  8B3A C1          		db 0C1h
1944+  8B3B 28          		db  28h
1945+  8B3C E8          		db 0E8h
1946+  8B3D EB          		db 0EBh
1947+  8B3E C3          		db 0C3h
1948+  8B3F 20          		db  20h
1949+  8B40 E0          		db 0E0h
1950+  8B41 E3          		db 0E3h
1951+  8B42 C0          		db 0C0h
1952+  8B43             
1953+  8B43             unk_0_4C43: 	
1954+  8B43 20          		db  20h 
1955+  8B44 23          		db  23h ; #
1956+  8B45 40          		db  40h ; @
1957+  8B46 43          		db  43h ; C
1958+  8B47 60          		db  60h ; `
1959+  8B48 63          		db  63h ; c
1960+  8B49 80          		db  80h ; Ђ
1961+  8B4A 83          		db  83h ; ѓ
1962+  8B4B E0          		db 0E0h ; а
1963+  8B4C E3          		db 0E3h ; г
1964+  8B4D 28          		db  28h ; (
1965+  8B4E 2B          		db  2Bh ; +
1966+  8B4F 48          		db  48h ; H
1967+  8B50 4B          		db  4Bh ; K
1968+  8B51 68          		db  68h ; h
1969+  8B52 6B          		db  6Bh ; k
1970+  8B53 88          		db  88h ; €
1971+  8B54 8B          		db  8Bh ; ‹
1972+  8B55 E8          		db 0E8h ; и
1973+  8B56 EB          		db 0EBh ; л
1974+  8B57 C0          		db 0C0h ; А
1975+  8B58 C3          		db 0C3h ; Г
1976+  8B59 21          		db  21h ; !
1977+  8B5A 24          		db  24h ; $
1978+  8B5B 41          		db  41h ; A
1979+  8B5C 44          		db  44h ; D
1980+  8B5D 61          		db  61h ; a
1981+  8B5E 64          		db  64h ; d
1982+  8B5F 81          		db  81h ; Ѓ
1983+  8B60 84          		db  84h ; „
1984+  8B61 E1          		db 0E1h ; б
1985+  8B62 E4          		db 0E4h ; д
1986+  8B63 29          		db  29h ; )
1987+  8B64 2C          		db  2Ch
1988+  8B65 49          		db  49h ; I
1989+  8B66 4C          		db  4Ch ; L
1990+  8B67 69          		db  69h ; i
1991+  8B68 6C          		db  6Ch ; l
1992+  8B69 89          		db  89h ; ‰
1993+  8B6A 8C          		db  8Ch ; Њ
1994+  8B6B E9          		db 0E9h ; й
1995+  8B6C EC          		db 0ECh ; м
1996+  8B6D C1          		db 0C1h ; Б
1997+  8B6E C4          		db 0C4h ; Д
1998+  8B6F 22          		db  22h ; "
1999+  8B70 25          		db  25h ; %
2000+  8B71 42          		db  42h ; B
2001+  8B72 45          		db  45h ; E
2002+  8B73 62          		db  62h ; b
2003+  8B74 65          		db  65h ; e
2004+  8B75 82          		db  82h ; ‚
2005+  8B76 85          		db  85h ; …
2006+  8B77 E2          		db 0E2h ; в
2007+  8B78 E5          		db 0E5h ; е
2008+  8B79 2A          		db  2Ah ; *
2009+  8B7A 2D          		db  2Dh ; -
2010+  8B7B 4A          		db  4Ah ; J
2011+  8B7C 4D          		db  4Dh ; M
2012+  8B7D 6A          		db  6Ah ; j
2013+  8B7E 6D          		db  6Dh ; m
2014+  8B7F 8A          		db  8Ah ; Љ
2015+  8B80 8D          		db  8Dh ; Ќ
2016+  8B81 EA          		db 0EAh ; к
2017+  8B82 ED          		db 0EDh ; н
2018+  8B83 C2          		db 0C2h ; В
2019+  8B84 C5          		db 0C5h ; Е
2020+  8B85 20          		db  20h ;  
2021+  8B86 23          		db  23h ; #
2022+  8B87 40          		db  40h ; @
2023+  8B88 43          		db  43h ; C
2024+  8B89 60          		db  60h ; `
2025+  8B8A 63          		db  63h ; c
2026+  8B8B 80          		db  80h ; Ђ
2027+  8B8C 83          		db  83h ; ѓ
2028+  8B8D E0          		db 0E0h ; а
2029+  8B8E E3          		db 0E3h ; г
2030+  8B8F 28          		db  28h ; (
2031+  8B90 2B          		db  2Bh ; +
2032+  8B91 48          		db  48h ; H
2033+  8B92 4B          		db  4Bh ; K
2034+  8B93 68          		db  68h ; h
2035+  8B94 6B          		db  6Bh ; k
2036+  8B95 88          		db  88h ; €
2037+  8B96 8B          		db  8Bh ; ‹
2038+  8B97 E8          		db 0E8h ; и
2039+  8B98 EB          		db 0EBh ; л
2040+  8B99 C0          		db 0C0h ; А
2041+  8B9A C3          		db 0C3h ; Г
2042+  8B9B 21          		db  21h ; !
2043+  8B9C 24          		db  24h ; $
2044+  8B9D 41          		db  41h ; A
2045+  8B9E 44          		db  44h ; D
2046+  8B9F 61          		db  61h ; a
2047+  8BA0 64          		db  64h ; d
2048+  8BA1 81          		db  81h ; Ѓ
2049+  8BA2 84          		db  84h ; „
2050+  8BA3 E1          		db 0E1h ; б
2051+  8BA4 E4          		db 0E4h ; д
2052+  8BA5 29          		db  29h ; )
2053+  8BA6 2C          		db  2Ch ; ,
2054+  8BA7 49          		db  49h ; I
2055+  8BA8 4C          		db  4Ch ; L
2056+  8BA9 69          		db  69h ; i
2057+  8BAA 6C          		db  6Ch ; l
2058+  8BAB 89          		db  89h ; ‰
2059+  8BAC 8C          		db  8Ch ; Њ
2060+  8BAD E9          		db 0E9h ; й
2061+  8BAE EC          		db 0ECh ; м
2062+  8BAF C1          		db 0C1h ; Б
2063+  8BB0 C4          		db 0C4h ; Д
2064+  8BB1 22          		db  22h ; "
2065+  8BB2 25          		db  25h ; %
2066+  8BB3 42          		db  42h ; B
2067+  8BB4 45          		db  45h ; E
2068+  8BB5 62          		db  62h ; b
2069+  8BB6 65          		db  65h ; e
2070+  8BB7 82          		db  82h ; ‚
2071+  8BB8 85          		db  85h ; …
2072+  8BB9 E2          		db 0E2h ; в
2073+  8BBA E5          		db 0E5h ; е
2074+  8BBB 2A          		db  2Ah ; *
2075+  8BBC 2D          		db  2Dh ; -
2076+  8BBD 4A          		db  4Ah ; J
2077+  8BBE 4D          		db  4Dh ; M
2078+  8BBF 6A          		db  6Ah ; j
2079+  8BC0 6D          		db  6Dh ; m
2080+  8BC1 8A          		db  8Ah ; Љ
2081+  8BC2 8D          		db  8Dh ; Ќ
2082+  8BC3 EA          		db 0EAh ; к
2083+  8BC4 ED          		db 0EDh ; н
2084+  8BC5 C2          		db 0C2h ; В
2085+  8BC6 C5          		db 0C5h ; Е
2086+  8BC7 59          		db  59h ; Y
2087+  8BC8             
2088+  8BC8 01          unk_0_4CC8: 	db    1
2089+  8BC9 6D          		db  6Dh ; m
2090+  8BCA 01          		db    1 ;  
2091+  8BCB 83          		db  83h ; ѓ
2092+  8BCC 01          		db    1 ;  
2093+  8BCD 9A          		db  9Ah ; љ
2094+  8BCE 01          		db    1 ;  
2095+  8BCF B2          		db 0B2h ; І
2096+  8BD0 01          		db    1 ;  
2097+  8BD1 CC          		db 0CCh ; М
2098+  8BD2 01          		db    1 ;  
2099+  8BD3 E8          		db 0E8h ; и
2100+  8BD4 01          		db    1 ;  
2101+  8BD5 05          		db    5 ;  
2102+  8BD6 02          		db    2 ;  
2103+  8BD7 23          		db  23h ; #
2104+  8BD8 02          		db    2 ;  
2105+  8BD9 44          		db  44h ; D
2106+  8BDA 02          		db    2 ;  
2107+  8BDB 67          		db  67h ; g
2108+  8BDC 02          		db    2 ;  
2109+  8BDD 8B          		db  8Bh ; ‹
2110+  8BDE 02          		db    2 ;  
2111+  8BDF 59          		db  59h ; Y
2112+  8BE0 05          		db    5 ;  
2113+  8BE1 6D          		db  6Dh ; m
2114+  8BE2 05          		db    5 ;  
2115+  8BE3 83          		db  83h ; ѓ
2116+  8BE4 05          		db    5 ;  
2117+  8BE5 9A          		db  9Ah ; љ
2118+  8BE6 05          		db    5 ;  
2119+  8BE7 B2          		db 0B2h ; І
2120+  8BE8 05          		db    5 ;  
2121+  8BE9 CC          		db 0CCh ; М
2122+  8BEA 05          		db    5 ;  
2123+  8BEB E8          		db 0E8h ; и
2124+  8BEC 05          		db    5 ;  
2125+  8BED 05          		db    5 ;  
2126+  8BEE 06          		db    6 ;  
2127+  8BEF 23          		db  23h ; #
2128+  8BF0 06          		db    6 ;  
2129+  8BF1 44          		db  44h ; D
2130+  8BF2 06          		db    6 ;  
2131+  8BF3 67          		db  67h ; g
2132+  8BF4 06          		db    6 ;  
2133+  8BF5 8B          		db  8Bh ; ‹
2134+  8BF6 06          		db    6 ;  
2135+  8BF7 59          		db  59h ; Y
2136+  8BF8 09          		db    9 ;  
2137+  8BF9 6D          		db  6Dh ; m
2138+  8BFA 09          		db    9 ;  
2139+  8BFB 83          		db  83h ; ѓ
2140+  8BFC 09          		db    9 ;  
2141+  8BFD 9A          		db  9Ah ; љ
2142+  8BFE 09          		db    9 ;  
2143+  8BFF B2          		db 0B2h ; І
2144+  8C00 09          		db    9 ;  
2145+  8C01 CC          		db 0CCh ; М
2146+  8C02 09          		db    9 ;  
2147+  8C03 E8          		db 0E8h ; и
2148+  8C04 09          		db    9 ;  
2149+  8C05 05          		db    5 ;  
2150+  8C06 0A          		db  0Ah ;  
2151+  8C07 23          		db  23h ; #
2152+  8C08 0A          		db  0Ah ;  
2153+  8C09 44          		db  44h ; D
2154+  8C0A 0A          		db  0Ah ;  
2155+  8C0B 67          		db  67h ; g
2156+  8C0C 0A          		db  0Ah ;  
2157+  8C0D 8B          		db  8Bh ; ‹
2158+  8C0E 0A          		db  0Ah ;  
2159+  8C0F 59          		db  59h ; Y
2160+  8C10 0D          		db  0Dh ;  
2161+  8C11 6D          		db  6Dh ; m
2162+  8C12 0D          		db  0Dh ;  
2163+  8C13 83          		db  83h ; ѓ
2164+  8C14 0D          		db  0Dh ;  
2165+  8C15 9A          		db  9Ah ; љ
2166+  8C16 0D          		db  0Dh ;  
2167+  8C17 B2          		db 0B2h ; І
2168+  8C18 0D          		db  0Dh ;  
2169+  8C19 CC          		db 0CCh ; М
2170+  8C1A 0D          		db  0Dh ;  
2171+  8C1B E8          		db 0E8h ; и
2172+  8C1C 0D          		db  0Dh ;  
2173+  8C1D 05          		db    5 ;  
2174+  8C1E 0E          		db  0Eh ;  
2175+  8C1F 23          		db  23h ; #
2176+  8C20 0E          		db  0Eh ;  
2177+  8C21 44          		db  44h ; D
2178+  8C22 0E          		db  0Eh ;  
2179+  8C23 67          		db  67h ; g
2180+  8C24 0E          		db  0Eh ;  
2181+  8C25 8B          		db  8Bh ; ‹
2182+  8C26 0E          		db  0Eh ;  
2183+  8C27 59          		db  59h ; Y
2184+  8C28 11          		db  11h ;  
2185+  8C29 6D          		db  6Dh ; m
2186+  8C2A 11          		db  11h ;  
2187+  8C2B 83          		db  83h ; ѓ
2188+  8C2C 11          		db  11h ;  
2189+  8C2D 9A          		db  9Ah ; љ
2190+  8C2E 11          		db  11h ;  
2191+  8C2F B2          		db 0B2h ; І
2192+  8C30 11          		db  11h ;  
2193+  8C31 CC          		db 0CCh ; М
2194+  8C32 11          		db  11h ;  
2195+  8C33 E8          		db 0E8h ; и
2196+  8C34 11          		db  11h ;  
2197+  8C35 05          		db    5 ;  
2198+  8C36 12          		db  12h ;  
2199+  8C37 23          		db  23h ; #
2200+  8C38 12          		db  12h ;  
2201+  8C39 44          		db  44h ; D
2202+  8C3A 12          		db  12h ;  
2203+  8C3B 67          		db  67h ; g
2204+  8C3C 12          		db  12h ;  
2205+  8C3D 8B          		db  8Bh ; ‹
2206+  8C3E 12          		db  12h ;  
2207+  8C3F 59          		db  59h ; Y
2208+  8C40 15          		db  15h ;  
2209+  8C41 6D          		db  6Dh ; m
2210+  8C42 15          		db  15h ;  
2211+  8C43 83          		db  83h ; ѓ
2212+  8C44 15          		db  15h ;  
2213+  8C45 9A          		db  9Ah ; љ
2214+  8C46 15          		db  15h ;  
2215+  8C47 B2          		db 0B2h ; І
2216+  8C48 15          		db  15h ;  
2217+  8C49 CC          		db 0CCh ; М
2218+  8C4A 15          		db  15h ;  
2219+  8C4B E8          		db 0E8h ; и
2220+  8C4C 15          		db  15h ;  
2221+  8C4D 05          		db    5 ;  
2222+  8C4E 16          		db  16h ;  
2223+  8C4F 23          		db  23h ; #
2224+  8C50 16          		db  16h ;  
2225+  8C51 44          		db  44h ; D
2226+  8C52 16          		db  16h ;  
2227+  8C53 67          		db  67h ; g
2228+  8C54 16          		db  16h ;  
2229+  8C55 8B          		db  8Bh ; ‹
2230+  8C56 16          		db  16h ;  
2231+  8C57 59          		db  59h ; Y
2232+  8C58 19          		db  19h ;  
2233+  8C59 6D          		db  6Dh ; m
2234+  8C5A 19          		db  19h ;  
2235+  8C5B 83          		db  83h ; ѓ
2236+  8C5C 19          		db  19h ;  
2237+  8C5D 9A          		db  9Ah ; љ
2238+  8C5E 19          		db  19h ;  
2239+  8C5F B2          		db 0B2h ; І
2240+  8C60 19          		db  19h ;  
2241+  8C61 CC          		db 0CCh ; М
2242+  8C62 19          		db  19h ;  
2243+  8C63 E8          		db 0E8h ; и
2244+  8C64 19          		db  19h ;  
2245+  8C65 05          		db    5 ;  
2246+  8C66 1A          		db  1Ah ;  
2247+  8C67 23          		db  23h ; #
2248+  8C68 1A          		db  1Ah ;  
2249+  8C69 44          		db  44h ; D
2250+  8C6A 1A          		db  1Ah ;  
2251+  8C6B 67          		db  67h ; g
2252+  8C6C 1A          		db  1Ah ;  
2253+  8C6D 8B          		db  8Bh ; ‹
2254+  8C6E 1A          		db  1Ah ;  
2255+  8C6F 59          		db  59h ; Y
2256+  8C70 1D          		db  1Dh ;  
2257+  8C71 6D          		db  6Dh ; m
2258+  8C72 1D          		db  1Dh ;  
2259+  8C73 83          		db  83h ; ѓ
2260+  8C74 1D          		db  1Dh ;  
2261+  8C75 9A          		db  9Ah ; љ
2262+  8C76 1D          		db  1Dh ;  
2263+  8C77 B2          		db 0B2h ; І
2264+  8C78 1D          		db  1Dh ;  
2265+  8C79 CC          		db 0CCh ; М
2266+  8C7A 1D          		db  1Dh ;  
2267+  8C7B E8          		db 0E8h ; и
2268+  8C7C 1D          		db  1Dh ;  
2269+  8C7D 05          		db    5 ;  
2270+  8C7E 1E          		db  1Eh ;  
2271+  8C7F 23          		db  23h ; #
2272+  8C80 1E          		db  1Eh ;  
2273+  8C81 44          		db  44h ; D
2274+  8C82 1E          		db  1Eh ;  
2275+  8C83 67          		db  67h ; g
2276+  8C84 1E          		db  1Eh ;  
2277+  8C85 8B          		db  8Bh ; ‹
2278+  8C86 1E          		db  1Eh ;  
2279+  8C87             
2280+  8C87             MBPlayer_play_table_wav_2: 	
2281+  8C87             		db 	0C6h,0,0A8h,55h,0,0,0,0,0,0,0,0,0
2281+  8C87 C600A855000000000000000000
2282+  8C94             		db 	0C6h,0,0A7h,54h,0,0,0,0,0,0,0,0,0
2282+  8C94 C600A754000000000000000000
2283+  8CA1             		db 	0C6h,0,0A6h,53h,0,0,0,0,0,0,0,0,0
2283+  8CA1 C600A653000000000000000000
2284+  8CAE             		db 	0C4h,0,0A8h,55h,0,0,0,0,0,0,0,0,0
2284+  8CAE C400A855000000000000000000
2285+  8CBB             		db 	0C4h,0,0A7h,54h,0,0,0,0,0,0,0,0,0
2285+  8CBB C400A754000000000000000000
2286+  8CC8             		db 	0C4h,0,0A6h,53h,0,0,0,0,0,0,0,0,0
2286+  8CC8 C400A653000000000000000000
2287+  8CD5             		db 	0C6h,0,0A5h,4Dh,0,0,0,0,0,0,0,0,0
2287+  8CD5 C600A54D000000000000000000
2288+  8CE2             		db 	0C6h,0,0A2h,45h,0,0,0,0,0,0,0,0,0
2288+  8CE2 C600A245000000000000000000
2289+  8CEF             		db 	0C6h,0,0A4h,4Ch,0,0,0,0,0,0,0,0,0
2289+  8CEF C600A44C000000000000000000
2290+  8CFC             		db 	0C6h,0,0A1h,44h,0,0,0,0,0,0,0,0,0
2290+  8CFC C600A144000000000000000000
2291+  8D09             		db 	0C6h,0,0A3h,4Bh,0,0,0,0,0,0,0,0,0
2291+  8D09 C600A34B000000000000000000
2292+  8D16             		db 	0C6h,0,0A0h,43h,0,0,0,0,0,0,0,0,0
2292+  8D16 C600A043000000000000000000
2293+  8D23             		db 	0C4h,0,0A5h,4Dh,0,0,0,0,0,0,0,0,0
2293+  8D23 C400A54D000000000000000000
2294+  8D30             		db 	0C4h,0,0A2h,45h,0,0,0,0,0,0,0,0,0
2294+  8D30 C400A245000000000000000000
2295+  8D3D             		db 	0C4h,0,0A4h,4Ch,0,0,0,0,0,0,0,0,0
2295+  8D3D C400A44C000000000000000000
2296+  8D4A             		db 	0C4h,0,0A1h,44h,0,0,0,0,0,0,0,0,0
2296+  8D4A C400A144000000000000000000
2297+  8D57             		db 	0C4h,0,0A3h,4Bh,0,0,0,0,0,0,0,0,0
2297+  8D57 C400A34B000000000000000000
2298+  8D64             		db 	0C4h,0,0A0h,43h,0,0,0,0,0,0,0,0,0
2298+  8D64 C400A043000000000000000000
2299+  8D71             
2300+  8D71             MBPlayer_play_table_wav_1: 	
2301+  8D71             		db 	0C4h,0,0A0h,43h,0,0,0,0,0,0,0,0,0
2301+  8D71 C400A043000000000000000000
2302+  8D7E             		db 	0C4h,0,0A1h,44h,0,0,0,0,0,0,0,0,0
2302+  8D7E C400A144000000000000000000
2303+  8D8B             		db 	0C4h,0,0A2h,45h,0,0,0,0,0,0,0,0,0
2303+  8D8B C400A245000000000000000000
2304+  8D98             		db 	0C6h,0,0A0h,43h,0,0,0,0,0,0,0,0,0
2304+  8D98 C600A043000000000000000000
2305+  8DA5             		db 	0C6h,0,0A1h,44h,0,0,0,0,0,0,0,0,0
2305+  8DA5 C600A144000000000000000000
2306+  8DB2             		db 	0C6h,0,0A2h,45h,0,0,0,0,0,0,0,0,0
2306+  8DB2 C600A245000000000000000000
2307+  8DBF             
2308+  8DBF             MBPlayer_play_table_wav_3: 	
2309+  8DBF             		db	0,25h,0,0,0,0,0,0,0,0,0,0,0,0,0,0,0,0	; ch19
2309+  8DBF 002500000000000000000000000000000000
2310+  8DD1             		db	0,24h,0,0,0,0,0,0,0,0,0,0,0,0,0,0,0,0	; ch20
2310+  8DD1 002400000000000000000000000000000000
2311+  8DE3             		db	0,23h,0,0,0,0,0,0,0,0,0,0,0,0,0,0,0,0	; ch21
2311+  8DE3 002300000000000000000000000000000000
2312+  8DF5             		db	0,22h,0,0,0,0,0,0,0,0,0,0,0,0,0,0,0,0	; ch22
2312+  8DF5 002200000000000000000000000000000000
2313+  8E07             		db	0,21h,0,0,0,0,0,0,0,0,0,0,0,0,0,0,0,0	; ch23
2313+  8E07 002100000000000000000000000000000000
2314+  8E19             		db	0,20h,0,0,0,0,0,0,0,0,0,0,0,0,0,0	; ch24
2314+  8E19 00200000000000000000000000000000
2315+  8E29             unk_0_4F29: 	
2316+  8E29 00          		db    0 
2317+  8E2A             unk_0_4F2A: 	
2318+  8E2A 00          		db    0 
2319+  8E2B             
2320+  8E2B 00          unk_0_4F2B: 	db    0 
2321+  8E2C             
2322+  8E2C 0B          		db  0Bh ;  
2323+  8E2D 16          		db  16h ;  
2324+  8E2E 21          		db  21h ; !
2325+  8E2F 2C          		db  2Ch ; ,
2326+  8E30 37          		db  37h ; 7
2327+  8E31 42          		db  42h ; B
2328+  8E32 4D          		db  4Dh ; M
2329+  8E33 58          		db  58h ; X
2330+  8E34 63          		db  63h ; c
2331+  8E35 6E          		db  6Eh ; n
2332+  8E36 79          		db  79h ; y
2333+  8E37 84          		db  84h ; „
2334+  8E38 8F          		db  8Fh ; Џ
2335+  8E39 9A          		db  9Ah ; љ
2336+  8E3A A5          		db 0A5h ; Ґ
2337+  8E3B B0          		db 0B0h ; °
2338+  8E3C BB          		db 0BBh ; »
2339+  8E3D C6          		db 0C6h ; Ж
2340+  8E3E D1          		db 0D1h ; С
2341+  8E3F DC          		db 0DCh ; Ь
2342+  8E40 E7          		db 0E7h ; з
2343+  8E41 F2          		db 0F2h ; т
2344+  8E42 FD          		db 0FDh ; э
2345+  8E43             unk_0_4F43: 	
2346+  8E43 00          		db    0
2347+  8E44 01          		db    1 ;  
2348+  8E45 03          		db    3 ;  
2349+  8E46 07          		db    7 ;  
2350+  8E47 0F          		db  0Fh ;  
2351+  8E48 1F          		db  1Fh  
2352+  8E49 3F          		db  3Fh
2353+  8E4A             
2354+  8E4A             MBPlayer_play_busy: 
2355+  8E4A 00          		db	0
2356+  8E4B             MBPlayer_play_pos: 	
2357+  8E4B 00          		db 	0
2358+  8E4C             MBPlayer_play_step: 	
2359+  8E4C 00          		db 	0
2360+  8E4D             MBPlayer_save_curbank: 	
2361+  8E4D 00          		db	0
2362+  8E4E             MBPlayer_songdata_bank1: 	
2363+  8E4E 00          		db 	0
2364+  8E4F             MBPlayer_songdata_addres: 	
2365+  8E4F 00 00       		dw 	0
2366+  8E51             MBPlayer_songdata_bank: 	
2367+  8E51 00          		db 	0
2368+  8E52             MBPlayer_status: 
2369+  8E52 00 00       		dw	0
2370+  8E54             MBPlayer_step_buffer: 	 
2371+  8E54             		db	0,0,0,0,0,0,0,0,0
2371+  8E54 000000000000000000
2372+  8E5D             		db	0,0,0,0,0,0,0,0,0
2372+  8E5D 000000000000000000
2373+  8E66             MBPlayer_step_buffer_1: 	 
2374+  8E66             		db	0,0,0,0,0,0
2374+  8E66 000000000000
2375+  8E6C             MBPlayer_load_buffer: 	 
2376+  8E6C 00 00       		dw	0	
2377+  8E6E             MBPlayer_play_speed: 	
2378+  8E6E 00          		db 	0
2379+  8E6F             MBPlayer_play_tspval: 	
2380+  8E6F 00          		db	0
2381+  8E70             MBPlayer_play_timercnt: 	
2382+  8E70 00          		db 	0
2383+  8E71             byte_0_4F4E: 	
2384+  8E71 00          		db 	0
2385+  8E72             MBPlayer_play_chvol_2: 	
2386+  8E72 00          		db 	0
2387+  8E73             byte_0_4F50: 	
2388+  8E73 00          		db 	0
2389+  8E74             ;-------------------------------------------------------------------
2390+  8E74             ; описание: Информация о треке = 718 байт
2391+  8E74             ; параметры: нет
2392+  8E74             ; возвращаемое  значение: нет
2393+  8E74             ;---------------------------------------------------------------------
2394+  8E74             MBPlayer_xleng: 	
2395+  8E74 00          		ds	1		; Song length
2396+  8E75             MBPlayer_xloop: 	
2397+  8E75 00          		ds	1		; Loop position
2398+  8E76             unk_0_50F4: 	
2399+  8E76 00          		db    	0 
2400+  8E77 00          		db    0 ;  
2401+  8E78 00          		db    0 ;  
2402+  8E79 00          		db    0 ;  
2403+  8E7A 00          		db    0 ;  
2404+  8E7B 00          		db    0 ;  
2405+  8E7C 00          		db    0 ;  
2406+  8E7D 00          		db    0 ;  
2407+  8E7E 00          		db    0 ;  
2408+  8E7F 00          		db    0 ;  
2409+  8E80 00          		db    0 ;  
2410+  8E81 00          		db    0 ;  
2411+  8E82 00          		db    0 ;  
2412+  8E83 00          		db    0 ;  
2413+  8E84 00          		db    0 ;  
2414+  8E85 00          		db    0 ;  
2415+  8E86 00          		db    0 ;  
2416+  8E87 00          		db    0 ;  
2417+  8E88 00          		db    0 ;  
2418+  8E89 00          		db    0 ;  
2419+  8E8A 00          		db    0 ;  
2420+  8E8B 00          		db    0 ;  
2421+  8E8C 00          		db    0 ;  
2422+  8E8D 00          		db    0 ;  
2423+  8E8E 00          		db    0 ;  
2424+  8E8F 00          		db    0 ;  
2425+  8E90 00          		db    0 ;  
2426+  8E91 00          		db    0 ;  
2427+  8E92 00          		db    0 ;  
2428+  8E93 00          		db    0 ;  
2429+  8E94 00          		db    0 ;  
2430+  8E95 00          		db    0 ;  
2431+  8E96 00          		db    0 ;  
2432+  8E97 00          		db    0 ;  
2433+  8E98 00          		db    0 ;  
2434+  8E99 00          		db    0 ;  
2435+  8E9A 00          		db    0 ;  
2436+  8E9B 00          		db    0 ;  
2437+  8E9C 00          		db    0 ;  
2438+  8E9D 00          		db    0 ;  
2439+  8E9E 00          		db    0 ;  
2440+  8E9F 00          		db    0 ;  
2441+  8EA0 00          		db    0 ;  
2442+  8EA1 00          		db    0 ;  
2443+  8EA2 00          		db    0 ;  
2444+  8EA3 00          		db    0 ;  
2445+  8EA4 00          		db    0 ;  
2446+  8EA5 00          		db    0 ;  
2447+  8EA6 00          		db    0 ;  
2448+  8EA7 00          		db    0 ;  
2449+  8EA8 00          		db    0 ;  
2450+  8EA9 00          		db    0 ;  
2451+  8EAA 00          		db    0 ;  
2452+  8EAB 00          		db    0 ;  
2453+  8EAC 00          		db    0 ;  
2454+  8EAD 00          		db    0 ;  
2455+  8EAE 00          		db    0 ;  
2456+  8EAF 00          		db    0 ;  
2457+  8EB0 00          		db    0 ;  
2458+  8EB1 00          		db    0 ;  
2459+  8EB2 00          		db    0 ;  
2460+  8EB3 00          		db    0 ;  
2461+  8EB4 00          		db    0 ;  
2462+  8EB5 00          		db    0 ;  
2463+  8EB6 00          		db    0 ;  
2464+  8EB7 00          		db    0 ;  
2465+  8EB8 00          		db    0 ;  
2466+  8EB9 00          		db    0 ;  
2467+  8EBA 00          		db    0 ;  
2468+  8EBB 00          		db    0 ;  
2469+  8EBC 00          		db    0 ;  
2470+  8EBD 00          		db    0 ;  
2471+  8EBE 00          		db    0 ;  
2472+  8EBF 00          		db    0 ;  
2473+  8EC0 00          		db    0 ;  
2474+  8EC1 00          		db    0 ;  
2475+  8EC2 00          		db    0 ;  
2476+  8EC3 00          		db    0 ;  
2477+  8EC4 00          		db    0 ;  
2478+  8EC5 00          		db    0 ;  
2479+  8EC6 00          		db    0 ;  
2480+  8EC7 00          		db    0 ;  
2481+  8EC8 00          		db    0 ;  
2482+  8EC9 00          		db    0 ;  
2483+  8ECA 00          		db    0 ;  
2484+  8ECB 00          		db    0 ;  
2485+  8ECC 00          		db    0 ;  
2486+  8ECD 00          		db    0 ;  
2487+  8ECE 00          		db    0 ;  
2488+  8ECF 00          		db    0 ;  
2489+  8ED0 00          		db    0 ;  
2490+  8ED1 00          		db    0 ;  
2491+  8ED2 00          		db    0 ;  
2492+  8ED3 00          		db    0 ;  
2493+  8ED4 00          		db    0 ;  
2494+  8ED5 00          		db    0 ;  
2495+  8ED6 00          		db    0 ;  
2496+  8ED7 00          		db    0 ;  
2497+  8ED8 00          		db    0 ;  
2498+  8ED9 00          		db    0 ;  
2499+  8EDA 00          		db    0 ;  
2500+  8EDB 00          		db    0 ;  
2501+  8EDC 00          		db    0 ;  
2502+  8EDD 00          		db    0 ;  
2503+  8EDE 00          		db    0 ;  
2504+  8EDF 00          		db    0 ;  
2505+  8EE0 00          		db    0 ;  
2506+  8EE1 00          		db    0 ;  
2507+  8EE2 00          		db    0 ;  
2508+  8EE3 00          		db    0 ;  
2509+  8EE4 00          		db    0 ;  
2510+  8EE5 00          		db    0 ;  
2511+  8EE6 00          		db    0 ;  
2512+  8EE7 00          		db    0 ;  
2513+  8EE8 00          		db    0 ;  
2514+  8EE9 00          		db    0 ;  
2515+  8EEA 00          		db    0 ;  
2516+  8EEB 00          		db    0 ;  
2517+  8EEC 00          		db    0 ;  
2518+  8EED 00          		db    0 ;  
2519+  8EEE 00          		db    0 ;  
2520+  8EEF 00          		db    0 ;  
2521+  8EF0 00          		db    0 ;  
2522+  8EF1 00          		db    0 ;  
2523+  8EF2 00          		db    0 ;  
2524+  8EF3 00          		db    0 ;  
2525+  8EF4 00          		db    0 ;  
2526+  8EF5 00          		db    0 ;  
2527+  8EF6 00          		db    0 ;  
2528+  8EF7 00          		db    0 ;  
2529+  8EF8 00          		db    0 ;  
2530+  8EF9 00          		db    0 ;  
2531+  8EFA 00          		db    0 ;  
2532+  8EFB 00          		db    0 ;  
2533+  8EFC 00          		db    0 ;  
2534+  8EFD 00          		db    0 ;  
2535+  8EFE 00          		db    0 ;  
2536+  8EFF 00          		db    0 ;  
2537+  8F00 00          		db    0 ;  
2538+  8F01 00          		db    0 ;  
2539+  8F02 00          		db    0 ;  
2540+  8F03 00          		db    0 ;  
2541+  8F04 00          		db    0 ;  
2542+  8F05 00          		db    0 ;  
2543+  8F06 00          		db    0 ;  
2544+  8F07 00          		db    0 ;  
2545+  8F08 00          		db    0 ;  
2546+  8F09 00          		db    0 ;  
2547+  8F0A 00          		db    0 ;  
2548+  8F0B 00          		db    0 ;  
2549+  8F0C 00          		db    0 ;  
2550+  8F0D 00          		db    0 ;  
2551+  8F0E 00          		db    0 ;  
2552+  8F0F 00          		db    0 ;  
2553+  8F10 00          		db    0 ;  
2554+  8F11 00          		db    0 ;  
2555+  8F12 00          		db    0 ;  
2556+  8F13 00          		db    0 ;  
2557+  8F14 00          		db    0 ;  
2558+  8F15 00          		db    0 ;  
2559+  8F16 00          		db    0 ;  
2560+  8F17 00          		db    0 ;  
2561+  8F18 00          		db    0 ;  
2562+  8F19 00          		db    0 ;  
2563+  8F1A 00          		db    0 ;  
2564+  8F1B 00          		db    0 ;  
2565+  8F1C 00          		db    0 ;  
2566+  8F1D 00          		db    0 ;  
2567+  8F1E 00          		db    0 ;  
2568+  8F1F 00          		db    0 ;  
2569+  8F20 00          		db    0 ;  
2570+  8F21 00          		db    0 ;  
2571+  8F22 00          		db    0 ;  
2572+  8F23 00          		db    0 ;  
2573+  8F24 00          		db    0 ;  
2574+  8F25 00          		db    0 ;  
2575+  8F26 00          		db    0 ;  
2576+  8F27 00          		db    0 ;  
2577+  8F28 00          		db    0 ;  
2578+  8F29 00          		db    0 ;  
2579+  8F2A 00          		db    0 ;  
2580+  8F2B 00          		db    0 ;  
2581+  8F2C 00          		db    0 ;  
2582+  8F2D 00          		db    0 ;  
2583+  8F2E 00          		db    0 ;  
2584+  8F2F 00          		db    0 ;  
2585+  8F30 00          		db    0 ;  
2586+  8F31 00          		db    0 ;  
2587+  8F32 00          		db    0 ;  
2588+  8F33 00          		db    0 ;  
2589+  8F34 00          		db    0 ;  
2590+  8F35 00          		db    0 ;  
2591+  8F36 00          		db    0 ;  
2592+  8F37 00          		db    0 ;  
2593+  8F38 00          		db    0 ;  
2594+  8F39 00          		db    0 ;  
2595+  8F3A 00          		db    0 ;  
2596+  8F3B 00          		db    0 ;  
2597+  8F3C 00          		db    0 ;  
2598+  8F3D 00          		db    0 ;  
2599+  8F3E 00          		db    0 ;  
2600+  8F3F 00          		db    0 ;  
2601+  8F40 00          		db    0 ;  
2602+  8F41 00          		db    0 ;  
2603+  8F42 00          		db    0 ;  
2604+  8F43 00          		db    0 ;  
2605+  8F44 00          		db    0 ;  
2606+  8F45 00          		db    0 ;  
2607+  8F46 00          		db    0 ;  
2608+  8F47 00          		db    0 ;  
2609+  8F48 00          		db    0 ;  
2610+  8F49 00          		db    0 ;  
2611+  8F4A 00          		db    0 ;  
2612+  8F4B 00          		db    0 ;  
2613+  8F4C 00          		db    0 ;  
2614+  8F4D 00          		db    0 ;  
2615+  8F4E 00          		db    0 ;  
2616+  8F4F 00          		db    0 ;  
2617+  8F50 00          		db    0 ;  
2618+  8F51 00          		db    0 ;  
2619+  8F52 00          		db    0 ;  
2620+  8F53 00          		db    0 ;  
2621+  8F54 00          		db    0 ;  
2622+  8F55 00          		db    0 ;  
2623+  8F56 00          		db    0 ;  
2624+  8F57 00          		db    0 ;  
2625+  8F58 00          		db    0 ;  
2626+  8F59 00          		db    0 ;  
2627+  8F5A 00          		db    0 ;  
2628+  8F5B 00          		db    0 ;  
2629+  8F5C 00          		db    0 ;  
2630+  8F5D 00          		db    0 ;  
2631+  8F5E 00          		db    0 ;  
2632+  8F5F 00          		db    0 ;  
2633+  8F60 00          		db    0 ;  
2634+  8F61 00          		db    0 ;  
2635+  8F62 00          		db    0 ;  
2636+  8F63 00          		db    0 ;  
2637+  8F64 00          		db    0 ;  
2638+  8F65 00          		db    0 ;  
2639+  8F66 00          		db    0 ;  
2640+  8F67 00          		db    0 ;  
2641+  8F68 00          		db    0 ;  
2642+  8F69 00          		db    0 ;  
2643+  8F6A 00          		db    0 ;  
2644+  8F6B 00          		db    0 ;  
2645+  8F6C 00          		db    0 ;  
2646+  8F6D 00          		db    0 ;  
2647+  8F6E 00          		db    0 ;  
2648+  8F6F 00          		db    0 ;  
2649+  8F70 00          		db    0 ;  
2650+  8F71 00          		db    0 ;  
2651+  8F72 00          		db    0 ;  
2652+  8F73 00          		db    0 ;  
2653+  8F74 00          		db    0 ;  
2654+  8F75 00          		db    0 ;  
2655+  8F76 00          		db    0 ;  
2656+  8F77 00          		db    0 ;  
2657+  8F78 00          		db    0 ;  
2658+  8F79 00          		db    0 ;  
2659+  8F7A 00          		db    0 ;  
2660+  8F7B 00          		db    0 ;  
2661+  8F7C 00          		db    0 ;  
2662+  8F7D 00          		db    0 ;  
2663+  8F7E 00          unk_0_51FC: 	db    0 ;		; DATA XREF: seg000:470Ao
2664+  8F7F 00          		db    0 ;  
2665+  8F80 00          		db    0 ;  
2666+  8F81 00          		db    0 ;  
2667+  8F82 00          		db    0 ;  
2668+  8F83 00          		db    0 ;  
2669+  8F84 00          		db    0 ;  
2670+  8F85 00          		db    0 ;  
2671+  8F86 00          		db    0 ;  
2672+  8F87 00          		db    0 ;  
2673+  8F88 00          		db    0 ;  
2674+  8F89 00          		db    0 ;  
2675+  8F8A 00          		db    0 ;  
2676+  8F8B 00          		db    0 ;  
2677+  8F8C 00          		db    0 ;  
2678+  8F8D 00          		db    0 ;  
2679+  8F8E 00          		db    0 ;  
2680+  8F8F 00          		db    0 ;  
2681+  8F90 00          		db    0 ;  
2682+  8F91 00          		db    0 ;  
2683+  8F92 00          		db    0 ;  
2684+  8F93 00          		db    0 ;  
2685+  8F94 00          		db    0 ;  
2686+  8F95 00          		db    0 ;  
2687+  8F96 00          		db    0 ;  
2688+  8F97 00          		db    0 ;  
2689+  8F98 00          		db    0 ;  
2690+  8F99 00          		db    0 ;  
2691+  8F9A 00          		db    0 ;  
2692+  8F9B 00          		db    0 ;  
2693+  8F9C 00          		db    0 ;  
2694+  8F9D 00          		db    0 ;  
2695+  8F9E 00          unk_0_521C: 	db    0 ;		; DATA XREF: sub_0_406Fo
2696+  8F9F 00          		db    0 ;  
2697+  8FA0 00          		db    0 ;  
2698+  8FA1 00          		db    0 ;  
2699+  8FA2 00          		db    0 ;  
2700+  8FA3 00          		db    0 ;  
2701+  8FA4 00          		db    0 ;  
2702+  8FA5 00          		db    0 ;  
2703+  8FA6 00          		db    0 ;  
2704+  8FA7 00          		db    0 ;  
2705+  8FA8 00          		db    0 ;  
2706+  8FA9 00          		db    0 ;  
2707+  8FAA 00          		db    0 ;  
2708+  8FAB 00          		db    0 ;  
2709+  8FAC 00          		db    0 ;  
2710+  8FAD 00          		db    0 ;  
2711+  8FAE 00          		db    0 ;  
2712+  8FAF 00          		db    0 ;  
2713+  8FB0 00          		db    0 ;  
2714+  8FB1 00          		db    0 ;  
2715+  8FB2 00          		db    0 ;  
2716+  8FB3 00          		db    0 ;  
2717+  8FB4 00          		db    0 ;  
2718+  8FB5 00          		db    0 ;  
2719+  8FB6 00          		db    0 ;  
2720+  8FB7 00          		db    0 ;  
2721+  8FB8 00          		db    0 ;  
2722+  8FB9 00          		db    0 ;  
2723+  8FBA 00          		db    0 ;  
2724+  8FBB 00          		db    0 ;  
2725+  8FBC 00          		db    0 ;  
2726+  8FBD 00          		db    0 ;  
2727+  8FBE 00          		db    0 ;  
2728+  8FBF 00          		db    0 ;  
2729+  8FC0 00          		db    0 ;  
2730+  8FC1 00          		db    0 ;  
2731+  8FC2 00          		db    0 ;  
2732+  8FC3 00          		db    0 ;  
2733+  8FC4 00          		db    0 ;  
2734+  8FC5 00          		db    0 ;  
2735+  8FC6 00          		db    0 ;  
2736+  8FC7 00          		db    0 ;  
2737+  8FC8 00          		db    0 ;  
2738+  8FC9 00          		db    0 ;  
2739+  8FCA 00          		db    0 ;  
2740+  8FCB 00          		db    0 ;  
2741+  8FCC 00          		db    0 ;  
2742+  8FCD 00          		db    0 ;  
2743+  8FCE 00          		db    0 ;  
2744+  8FCF 00          		db    0 ;  
2745+  8FD0 00          		db    0 ;  
2746+  8FD1 00          		db    0 ;  
2747+  8FD2 00          		db    0 ;  
2748+  8FD3 00          		db    0 ;  
2749+  8FD4 00          		db    0 ;  
2750+  8FD5 00          		db    0 ;  
2751+  8FD6 00          		db    0 ;  
2752+  8FD7 00          		db    0 ;  
2753+  8FD8 00          		db    0 ;  
2754+  8FD9 00          		db    0 ;  
2755+  8FDA 00          		db    0 ;  
2756+  8FDB 00          		db    0 ;  
2757+  8FDC 00          		db    0 ;  
2758+  8FDD 00          		db    0 ;  
2759+  8FDE 00          		db    0 ;  
2760+  8FDF 00          		db    0 ;  
2761+  8FE0 00          		db    0 ;  
2762+  8FE1 00          		db    0 ;  
2763+  8FE2 00          		db    0 ;  
2764+  8FE3 00          		db    0 ;  
2765+  8FE4 00          		db    0 ;  
2766+  8FE5 00          		db    0 ;  
2767+  8FE6 00          		db    0 ;  
2768+  8FE7 00          		db    0 ;  
2769+  8FE8 00          		db    0 ;  
2770+  8FE9 00          		db    0 ;  
2771+  8FEA 00          		db    0 ;  
2772+  8FEB 00          		db    0 ;  
2773+  8FEC 00          		db    0 ;  
2774+  8FED 00          		db    0 ;  
2775+  8FEE 00          		db    0 ;  
2776+  8FEF 00          		db    0 ;  
2777+  8FF0 00          		db    0 ;  
2778+  8FF1 00          		db    0 ;  
2779+  8FF2 00          		db    0 ;  
2780+  8FF3 00          		db    0 ;  
2781+  8FF4 00          		db    0 ;  
2782+  8FF5 00          		db    0 ;  
2783+  8FF6 00          		db    0 ;  
2784+  8FF7 00          		db    0 ;  
2785+  8FF8 00          		db    0 ;  
2786+  8FF9 00          		db    0 ;  
2787+  8FFA 00          		db    0 ;  
2788+  8FFB 00          		db    0 ;  
2789+  8FFC 00          		db    0 ;  
2790+  8FFD 00          		db    0 ;  
2791+  8FFE 00          		db    0 ;  
2792+  8FFF 00          		db    0 ;  
2793+  9000 00          		db    0 ;  
2794+  9001 00          		db    0 ;  
2795+  9002 00          		db    0 ;  
2796+  9003 00          		db    0 ;  
2797+  9004 00          		db    0 ;  
2798+  9005 00          		db    0 ;  
2799+  9006 00          		db    0 ;  
2800+  9007 00          		db    0 ;  
2801+  9008 00          		db    0 ;  
2802+  9009 00          		db    0 ;  
2803+  900A 00          		db    0 ;  
2804+  900B 00          		db    0 ;  
2805+  900C 00          		db    0 ;  
2806+  900D 00          		db    0 ;  
2807+  900E 00          		db    0 ;  
2808+  900F 00          		db    0 ;  
2809+  9010 00          		db    0 ;  
2810+  9011 00          		db    0 ;  
2811+  9012 00          		db    0 ;  
2812+  9013 00          		db    0 ;  
2813+  9014 00          		db    0 ;  
2814+  9015 00          		db    0 ;  
2815+  9016 00          		db    0 ;  
2816+  9017 00          		db    0 ;  
2817+  9018 00          		db    0 ;  
2818+  9019 00          		db    0 ;  
2819+  901A 00          		db    0 ;  
2820+  901B 00          		db    0 ;  
2821+  901C 00          		db    0 ;  
2822+  901D 00          		db    0 ;  
2823+  901E 00          		db    0 ;  
2824+  901F 00          		db    0 ;  
2825+  9020 00          		db    0 ;  
2826+  9021 00          		db    0 ;  
2827+  9022 00          		db    0 ;  
2828+  9023 00          		db    0 ;  
2829+  9024 00          		db    0 ;  
2830+  9025 00          		db    0 ;  
2831+  9026 00          		db    0 ;  
2832+  9027 00          		db    0 ;  
2833+  9028 00          		db    0 ;  
2834+  9029 00          		db    0 ;  
2835+  902A 00          		db    0 ;  
2836+  902B 00          		db    0 ;  
2837+  902C 00          		db    0 ;  
2838+  902D 00          		db    0 ;  
2839+  902E 00          		db    0 ;  
2840+  902F 00          		db    0 ;  
2841+  9030 00          		db    0 ;  
2842+  9031 00          		db    0 ;  
2843+  9032 00          		db    0 ;  
2844+  9033 00          		db    0 ;  
2845+  9034 00          		db    0 ;  
2846+  9035 00          		db    0 ;  
2847+  9036 00          		db    0 ;  
2848+  9037 00          		db    0 ;  
2849+  9038 00          		db    0 ;  
2850+  9039 00          		db    0 ;  
2851+  903A 00          		db    0 ;  
2852+  903B 00          		db    0 ;  
2853+  903C 00          		db    0 ;  
2854+  903D 00          		db    0 ;  
2855+  903E 00          		db    0 ;  
2856+  903F 00          		db    0 ;  
2857+  9040 00          		db    0 ;  
2858+  9041 00          		db    0 ;  
2859+  9042 00          		db    0 ;  
2860+  9043 00          		db    0 ;  
2861+  9044 00          		db    0 ;  
2862+  9045 00          		db    0 ;  
2863+  9046 00          		db    0 ;  
2864+  9047 00          		db    0 ;  
2865+  9048 00          		db    0 ;  
2866+  9049 00          		db    0 ;  
2867+  904A 00          		db    0 ;  
2868+  904B 00          		db    0 ;  
2869+  904C 00          		db    0 ;  
2870+  904D 00          		db    0 ;  
2871+  904E 00          		db    0 ;  
2872+  904F 00          		db    0 ;  
2873+  9050 00          		db    0 ;  
2874+  9051 00          		db    0 ;  
2875+  9052 00          		db    0 ;  
2876+  9053 00          		db    0 ;  
2877+  9054 00          		db    0 ;  
2878+  9055 00          		db    0 ;  
2879+  9056 00          		db    0 ;  
2880+  9057 00          		db    0 ;  
2881+  9058 00          		db    0 ;  
2882+  9059 00          		db    0 ;  
2883+  905A 00          		db    0 ;  
2884+  905B 00          		db    0 ;  
2885+  905C 00          		db    0 ;  
2886+  905D 00          		db    0 ;  
2887+  905E 00          		db    0 ;  
2888+  905F 00          		db    0 ;  
2889+  9060 00          		db    0 ;  
2890+  9061 00          		db    0 ;  
2891+  9062 00          		db    0 ;  
2892+  9063 00          		db    0 ;  
2893+  9064 00          		db    0 ;  
2894+  9065 00          		db    0 ;  
2895+  9066 00          		db    0 ;  
2896+  9067 00          		db    0 ;  
2897+  9068 00          		db    0 ;  
2898+  9069 00          		db    0 ;  
2899+  906A 00          		db    0 ;  
2900+  906B 00          		db    0 ;  
2901+  906C 00          		db    0 ;  
2902+  906D 00          		db    0 ;  
2903+  906E 00          		db    0 ;  
2904+  906F 00          		db    0 ;  
2905+  9070 00          		db    0 ;  
2906+  9071 00          		db    0 ;  
2907+  9072 00          		db    0 ;  
2908+  9073 00          		db    0 ;  
2909+  9074 00          		db    0 ;  
2910+  9075 00          		db    0 ;  
2911+  9076 00          		db    0 ;  
2912+  9077 00          		db    0 ;  
2913+  9078 00          		db    0 ;  
2914+  9079 00          		db    0 ;  
2915+  907A 00          		db    0 ;  
2916+  907B 00          		db    0 ;  
2917+  907C 00          		db    0 ;  
2918+  907D 00          		db    0 ;  
2919+  907E 00          		db    0 ;  
2920+  907F 00          		db    0 ;  
2921+  9080 00          		db    0 ;  
2922+  9081 00          		db    0 ;  
2923+  9082 00          		db    0 ;  
2924+  9083 00          		db    0 ;  
2925+  9084 00          		db    0 ;  
2926+  9085 00          		db    0 ;  
2927+  9086 00          		db    0 ;  
2928+  9087 00          		db    0 ;  
2929+  9088 00          		db    0 ;  
2930+  9089 00          		db    0 ;  
2931+  908A 00          		db    0 ;  
2932+  908B 00          		db    0 ;  
2933+  908C 00          		db    0 ;  
2934+  908D 00          		db    0 ;  
2935+  908E 00          		db    0 ;  
2936+  908F 00          		db    0 ;  
2937+  9090 00          		db    0 ;  
2938+  9091 00          		db    0 ;  
2939+  9092 00          		db    0 ;  
2940+  9093 00          		db    0 ;  
2941+  9094 00          		db    0 ;  
2942+  9095 00          		db    0 ;  
2943+  9096 00          		db    0 ;  
2944+  9097 00          		db    0 ;  
2945+  9098 00          		db    0 ;  
2946+  9099 00          		db    0 ;  
2947+  909A 00          unk_0_5318: 	db    0 ;		; DATA XREF: seg000:4A02o
2948+  909B 00          		db    0 ;  
2949+  909C 00          		db    0 ;  
2950+  909D 00          		db    0 ;  
2951+  909E             
2952+  909E             MBPlayer_xtempo: 	
2953+  909E 00          		ds	1		; Tempo
2954+  909F             MBPlayer_xhzequal: 	
2955+  909F 00          		ds	1		; Base frequency
2956+  90A0             
2957+  90A0 00          byte_0_531E: 	db 0
2958+  90A1 00          		db    0 ;  
2959+  90A2 00          		db    0 ;  
2960+  90A3 00          		db    0 ;  
2961+  90A4 00          		db    0 ;  
2962+  90A5 00          		db    0 ;  
2963+  90A6 00          		db    0 ;  
2964+  90A7 00          		db    0 ;  
2965+  90A8 00          		db    0 ;  
2966+  90A9 00          		db    0 ;  
2967+  90AA 00          unk_0_5328: 	db    0 ;		; DATA XREF: sub_0_4A9A+9Co
2968+  90AB             					; sub_0_4A9A+104o
2969+  90AB 00          		db    0 ;  
2970+  90AC 00          		db    0 ;  
2971+  90AD 00          		db    0 ;  
2972+  90AE 00          		db    0 ;  
2973+  90AF 00          		db    0 ;  
2974+  90B0 00          		db    0 ;  
2975+  90B1 00          		db    0 ;  
2976+  90B2 00          		db    0 ;  
2977+  90B3 00          		db    0 ;  
2978+  90B4 00          		db    0 ;  
2979+  90B5 00          		db    0 ;  
2980+  90B6 00          		db    0 ;  
2981+  90B7 00          		db    0 ;  
2982+  90B8 00          		db    0 ;  
2983+  90B9             MBPlayer_play_chvol_1: 	
2984+  90B9 00          		db 	0
2985+  90BA             
2986+  90BA 00          unk_0_5338: 	db    0
2987+  90BB 00          		db    0 ;  
2988+  90BC 00          		db    0 ;  
2989+  90BD 00          		db    0 ;  
2990+  90BE 00          		db    0 ;  
2991+  90BF 00          		db    0 ;  
2992+  90C0 00          		db    0 ;  
2993+  90C1 00          		db    0 ;  
2994+  90C2 00          		db    0 ;  
2995+  90C3 00          		db    0 ;  
2996+  90C4 00          		db    0 ;  
2997+  90C5 00          		db    0 ;  
2998+  90C6 00          		db    0 ;  
2999+  90C7 00          		db    0 ;  
3000+  90C8 00          		db    0 ;  
3001+  90C9 00          		db    0 ;  
3002+  90CA 00          		db    0 ;  
3003+  90CB 00          		db    0 ;  
3004+  90CC 00          		db    0 ;  
3005+  90CD 00          		db    0 ;  
3006+  90CE 00          		db    0 ;  
3007+  90CF 00          		db    0 ;  
3008+  90D0 00          		db    0 ;  
3009+  90D1 00          		db    0 ;  
3010+  90D2 00          		db    0 ;  
3011+  90D3 00          		db    0 ;  
3012+  90D4 00          		db    0 ;  
3013+  90D5 00          		db    0 ;  
3014+  90D6 00          		db    0 ;  
3015+  90D7 00          		db    0 ;  
3016+  90D8 00          		db    0 ;  
3017+  90D9 00          		db    0 ;  
3018+  90DA 00          		db    0 ;  
3019+  90DB 00          		db    0 ;  
3020+  90DC 00          		db    0 ;  
3021+  90DD 00          		db    0 ;  
3022+  90DE 00          		db    0 ;  
3023+  90DF 00          		db    0 ;  
3024+  90E0 00          		db    0 ;  
3025+  90E1 00          		db    0 ;  
3026+  90E2 00          		db    0 ;  
3027+  90E3 00          		db    0 ;  
3028+  90E4 00          		db    0 ;  
3029+  90E5 00          		db    0 ;  
3030+  90E6 00          		db    0 ;  
3031+  90E7 00          		db    0 ;  
3032+  90E8 00          		db    0 ;  
3033+  90E9 00          		db    0 ;  
3034+  90EA 00          unk_0_5368: 	db    0 
3035+  90EB 00          		db    0 ;  
3036+  90EC 00          		db    0 ;  
3037+  90ED 00          		db    0 ;  
3038+  90EE 00          		db    0 ;  
3039+  90EF 00          		db    0 ;  
3040+  90F0 00          		db    0 ;  
3041+  90F1 00          		db    0 ;  
3042+  90F2 00          		db    0 ;  
3043+  90F3 00          		db    0 ;  
3044+  90F4 00          		db    0 ;  
3045+  90F5 00          		db    0 ;  
3046+  90F6 00          		db    0 ;  
3047+  90F7 00          		db    0 ;  
3048+  90F8 00          		db    0 ;  
3049+  90F9 00          		db    0 ;  
3050+  90FA 00          		db    0 ;  
3051+  90FB 00          		db    0 ;  
3052+  90FC 00          unk_0_537A: 	db    0 
3053+  90FD 00          		db    0 ;  
3054+  90FE 00          		db    0 ;  
3055+  90FF 00          		db    0 ;  
3056+  9100 00          		db    0 ;  
3057+  9101 00          		db    0
3058+  9102             MBPlayer_xwavnrs: 
3059+  9102 00          		ds    	32			; Wave numbers
3060+  9122             MBPlayer_xwavvols: 
3061+  9122 00          		ds	32			; Wave volumes
3062+  9142             
3063+  9142             MBPlayer_pat_address: 	
3064+  9142 00 00       		dw	0
3065+  9144             MBPlayer_pos_address: 	
3066+  9144 00 00       		dw 	0
3067+  9146             MBPlayer_songdata_ptr: 	
3068+  9146 00 00       		dw 	0
3069+  9148             
3070+  9148             		.include "freq_table_1.inc"
0001++ 9148             ;-------------------------------------------------------------------
0002++ 9148             ; описание:  Таблица частот
0003++ 9148             ;---------------------------------------------------------------------
0004++ 9148             frq_0: 		
0005++ 9148             		dw	0,61,125,194,266,343,424,510,601,698,801,909
0005++ 9148 00003D007D00C2000A015701A801FE015902BA0221038D03
0006++ 9160             frq_1: 		
0007++ 9160             		dw	1,62,127,195,268,345,426,512,604,700,803,912
0007++ 9160 01003E007F00C3000C015901AA0100025C02BC0223039003
0008++ 9178             frq_8: 		
0009++ 9178             		dw	8,69,134,203,276,353,435,522,614,711,814,924
0009++ 9178 080045008600CB0014016101B3010A026602C7022E039C03
0010++ 9190             frq_9: 		
0011++ 9190             		dw	9,70,135,204,277,355,437,524,616,713,816,926
0011++ 9190 090046008700CC0015016301B5010C026802C90230039E03
0012++ 91A8             frq_10: 		
0013++ 91A8             		dw	10,71,136,205,278,356,438,525,617,714,818,927
0013++ 91A8 0A0047008800CD0016016401B6010D026902CA0232039F03
0014++ 91C0             frq_15: 		
0015++ 91C0             		dw	15,77,143,212,286,364,446,533,626,724,828,938
0015++ 91C0 0F004D008F00D4001E016C01BE0115027202D4023C03AA03
0016++ 91D8             frq_20: 		
0017++ 91D8             		dw	20,82,148,217,291,369,452,540,633,731,836,946
0017++ 91D8 140052009400D90023017101C4011C027902DB024403B203
0018++ 91F0             frq_21: 		
0019++ 91F0             		dw	21,83,148,218,292,370,453,542,635,733,838,949
0019++ 91F0 150053009400DA0024017201C5011E027B02DD024603B503
0020++ 9208             frq_22: 		
0021++ 9208             		dw	22,84,150,219,293,372,455,542,636,734,839,950
0021++ 9208 160054009600DB0025017401C7011E027C02DE024703B603
0022++ 9220             frq_24: 		
0023++ 9220             		dw	24,86,152,222,296,375,457,545,639,737,842,953
0023++ 9220 180056009800DE0028017701C90121027F02E1024A03B903
0024++ 9238             frq_26: 		
0025++ 9238             		dw	26,88,154,224,299,377,461,549,642,741,846,958
0025++ 9238 1A0058009A00E0002B017901CD0125028202E5024E03BE03
0026++ 9250             frq_27: 		
0027++ 9250             		dw	27,89,155,225,300,378,462,550,644,743,848,959
0027++ 9250 1B0059009B00E1002C017A01CE0126028402E7025003BF03
0028++ 9268             frq_45: 		
0029++ 9268             		dw	45,109,176,248,324,403,488,578,673,774,881,995
0029++ 9268 2D006D00B000F80044019301E8014202A10206037103E303
0030++ 9280             frq_46: 		
0031++ 9280             		dw	46,110,177,248,324,404,489,579,674,775,882,996
0031++ 9280 2E006E00B100F80044019401E9014302A20207037203E403
0032++ 9298             frq_69: 		
0033++ 9298             		dw	69,134,203,276,353,435,522,614,711,815,924,8+2048
0033++ 9298 45008600CB0014016101B3010A026602C7022F039C030808
0034++ 92B0             frq_70: 		
0035++ 92B0             		dw	70,135,204,277,354,436,523,615,712,815,925,8+2048
0035++ 92B0 46008700CC0015016201B4010B026702C8022F039D030808
0036++ 92C8             frq_73: 		
0037++ 92C8             		dw	73,139,208,281,359,441,528,620,718,822,932,12+2048
0037++ 92C8 49008B00D00019016701B90110026C02CE023603A4030C08
0038++ 92E0             frq_75: 		
0039++ 92E0             		dw	75,141,210,283,361,444,531,623,721,825,935,14+2048
0039++ 92E0 4B008D00D2001B016901BC0113026F02D1023903A7030E08
0040++ 92F8             frq_79: 		
0041++ 92F8             		dw	79,145,214,288,366,449,536,629,727,831,942,17+2048
0041++ 92F8 4F009100D60020016E01C10118027502D7023F03AE031108
0042++ 9310             frq_82: 		
0043++ 9310             		dw	82,147,217,291,369,452,540,633,731,835,946,20+2048
0043++ 9310 52009300D90023017101C4011C027902DB024303B2031408
0044++ 9328             frq_84: 		
0045++ 9328             		dw	84,150,219,293,372,455,543,636,734,839,950,22+2048
0045++ 9328 54009600DB0025017401C7011F027C02DE024703B6031608
0046++ 9340             frq_88: 		
0047++ 9340             		dw	88,154,224,298,377,460,548,642,741,846,957,25+2048
0047++ 9340 58009A00E0002A017901CC0124028202E5024E03BD031908
0048++ 9358             frq_89: 		
0049++ 9358             		dw	89,155,225,299,378,461,550,643,742,847,959,26+2048
0049++ 9358 59009B00E1002B017A01CD0126028302E6024F03BF031A08
0050++ 9370             frq_91: 		
0051++ 9370             		dw	91,157,228,302,381,465,553,647,746,851,963,29+2048
0051++ 9370 5B009D00E4002E017D01D10129028702EA025303C3031D08
0052++ 9388             frq_94: 		
0053++ 9388             		dw	94,161,231,306,385,469,557,651,751,857,968,31+2048
0053++ 9388 5E00A100E70032018101D5012D028B02EF025903C8031F08
0054++ 93A0             frq_96: 		
0055++ 93A0             		dw	96,162,233,308,387,471,560,654,753,859,971,33+2048
0055++ 93A0 6000A200E90034018301D70130028E02F1025B03CB032108
0056++ 93B8             frq_97: 		
0057++ 93B8             		dw	97,164,235,309,389,473,562,656,756,862,974,34+2048
0057++ 93B8 6100A400EB0035018501D90132029002F4025E03CE032208
0058++ 93D0             frq_98: 		
0059++ 93D0             		dw	98,165,236,311,390,474,563,657,757,863,976,35+2048
0059++ 93D0 6200A500EC0037018601DA0133029102F5025F03D0032308
0060++ 93E8             frq_113: 	
0061++ 93E8             		dw	113,180,252,328,408,493,583,679,780,887,1001,49+2048
0061++ 93E8 7100B400FC0048019801ED014702A7020C037703E9033108
0062++ 9400             frq_118: 	
0063++ 9400             		dw	118,186,257,334,415,501,591,687,789,897,1011,54+2048
0063++ 9400 7600BA0001014E019F01F5014F02AF0215038103F3033608
0064++ 9418             frq_135: 	
0065++ 9418             		dw	135,204,277,355,437,524,616,713,816,926,9+2048,70+2048
0065++ 9418 8700CC0015016301B5010C026802C90230039E0309084608
0066++ 9430             frq_141: 	
0067++ 9430             		dw	141,210,283,361,443,530,623,721,825,935,13+2048,75+2048
0067++ 9430 8D00D2001B016901BB0112026F02D1023903A7030D084B08
0068++ 9448             frq_143: 	
0069++ 9448             		dw	143,212,286,363,446,533,626,724,828,938,15+2048,77+2048
0069++ 9448 8F00D4001E016B01BE0115027202D4023C03AA030F084D08
0070++ 9460             frq_155: 	
0071++ 9460             		dw	155,225,299,376,461,549,643,742,847,959,26+2048,89+2048
0071++ 9460 9B00E1002B017801CD0125028302E6024F03BF031A085908
0072++ 9478             frq_156: 	
0073++ 9478             		dw	156,226,300,379,462,551,644,744,849,960,27+2048,89+2048
0073++ 9478 9C00E2002C017B01CE0127028402E8025103C0031B085908
0074++ 9490             frq_167: 	
0075++ 9490             		dw	167,237,312,392,476,565,660,760,866,978,37+2048,100+2048
0075++ 9490 A700ED0038018801DC0135029402F8026203D20325086408
0076++ 94A8             frq_184: 	
0077++ 94A8             		dw	184,256,332,413,499,589,685,787,894,1008,53+2048,117+2048
0077++ 94A8 B80000014C019D01F3014D02AD0213037E03F00335087508
0078++ 94C0             frq_187: 	
0079++ 94C0             		dw	187,259,336,417,502,593,689,791,899,1013,55+2048,119+2048
0079++ 94C0 BB0003015001A101F6015102B10217038303F50337087708
0080++ 94D8             frq_188: 	
0081++ 94D8             		dw	188,260,336,417,503,593,690,792,899,1014,56+2048,120+2048
0081++ 94D8 BC0004015001A101F7015102B20218038303F60338087808
0082++ 94F0             frq_191: 	
0083++ 94F0             		dw	191,263,340,421,507,598,694,796,905,1019,58+2048,123+2048
0083++ 94F0 BF0007015401A501FB015602B6021C038903FB033A087B08
0084++ 9508             frq_192: 	
0085++ 9508             		dw	192,264,341,422,508,599,696,798,906,1021,59+2048,124+2048
0085++ 9508 C00008015501A601FC015702B8021E038A03FD033B087C08
0086++ 9520             frq_195: 	
0087++ 9520             		dw	195,267,344,425,512,603,700,802,911,1+2048,62+2048,126+2048
0087++ 9520 C3000B015801A90100025B02BC0222038F0301083E087E08
0088++ 9538             frq_202: 	
0089++ 9538             		dw	202,275,352,434,521,613,710,813,922,7+2048,68+2048,133+2048
0089++ 9538 CA0013016001B20109026502C6022D039A03070844088508
0090++ 9550             frq_203: 	
0091++ 9550             		dw	203,276,353,435,522,614,711,815,924,8+2048,69+2048,134+2048
0091++ 9550 CB0014016101B3010A026602C7022F039C03080845088608
0092++ 9568             frq_204: 	
0093++ 9568             		dw	204,277,354,436,523,615,712,815,925,8+2048,70+2048,135+2048
0093++ 9568 CC0015016201B4010B026702C8022F039D03080846088708
0094++ 9580             frq_206: 	
0095++ 9580             		dw	206,279,356,438,525,618,715,819,928,10+2048,72+2048,137+2048
0095++ 9580 CE0017016401B6010D026A02CB023303A0030A0848088908
0096++ 9598             frq_208: 	
0097++ 9598             		dw	208,281,359,441,528,621,718,822,932,12+2048,74+2048,139+2048
0097++ 9598 D00019016701B90110026D02CE023603A4030C084A088B08
0098++ 95B0             frq_211: 	
0099++ 95B0             		dw	211,284,362,445,532,624,722,826,936,14+2048,76+2048,142+2048
0099++ 95B0 D3001C016A01BD0114027002D2023A03A8030E084C088E08
0100++ 95C8             frq_214: 	
0101++ 95C8             		dw	214,288,366,449,536,629,727,831,942,17+2048,79+2048,145+2048
0101++ 95C8 D60020016E01C10118027502D7023F03AE0311084F089108
0102++ 95E0             frq_215: 	
0103++ 95E0             		dw	215,289,367,450,538,630,729,833,943,18+2048,80+2048,146+2048
0103++ 95E0 D70021016F01C2011A027602D9024103AF03120850089208
0104++ 95F8             frq_216: 	
0105++ 95F8             		dw	216,289,368,450,538,631,729,834,944,19+2048,80+2048,146+2048
0105++ 95F8 D80021017001C2011A027702D9024203B003130850089208
0106++ 9610             frq_217: 	
0107++ 9610             		dw	217,291,369,452,540,633,731,835,946,20+2048,82+2048,147+2048
0107++ 9610 D90023017101C4011C027902DB024303B203140852089308
0108++ 9628             frq_219: 	
0109++ 9628             		dw	219,293,372,455,543,636,734,839,950,22+2048,84+2048,150+2048
0109++ 9628 DB0025017401C7011F027C02DE024703B603160854089608
0110++ 9640             frq_220: 	
0111++ 9640             		dw	220,294,373,456,544,637,736,841,951,22+2048,85+2048,151+2048
0111++ 9640 DC0026017501C80120027D02E0024903B703160855089708
0112++ 9658             frq_221: 	
0113++ 9658             		dw	221,296,374,457,545,639,737,842,953,23+2048,86+2048,152+2048
0113++ 9658 DD0028017601C90121027F02E1024A03B903170856089808
0114++ 9670             frq_228: 	
0115++ 9670             		dw	228,302,381,465,553,647,747,852,963,29+2048,91+2048,158+2048
0115++ 9670 E4002E017D01D10129028702EB025403C3031D085B089E08
0116++ 9688             frq_231: 	
0117++ 9688             		dw	231,305,384,468,557,651,750,856,967,31+2048,94+2048,160+2048
0117++ 9688 E70031018001D4012D028B02EE025803C7031F085E08A008
0118++ 96A0             frq_242: 	
0119++ 96A0             		dw	242,317,397,481,571,666,766,873,985,40+2048,104+2048,171+2048
0119++ 96A0 F2003D018D01E1013B029A02FE026903D90328086808AB08
0120++ 96B8             frq_254: 	
0121++ 96B8             		dw	254,330,410,495,586,681,783,890,1004,50+2048,114+2048,182+2048
0121++ 96B8 FE004A019A01EF014A02A9020F037A03EC0332087208B608
0122++ 96D0             frq_261: 	
0123++ 96D0             		dw	261,337,418,504,595,691,793,901,1016,56+2048,121+2048,189+2048
0123++ 96D0 05015101A201F8015302B30219038503F80338087908BD08
0124++ 96E8             frq_264: 	
0125++ 96E8             		dw	264,341,422,508,599,695,797,906,1020,59+2048,123+2048,192+2048
0125++ 96E8 08015501A601FC015702B7021D038A03FC033B087B08C008
0126++ 9700             frq_273: 	
0127++ 9700             		dw	273,350,432,519,610,708,810,920,6+2048,67+2048,132+2048,200+2048
0127++ 9700 11015E01B00107026202C4022A039803060843088408C808
0128++ 9718             frq_274: 	
0129++ 9718             		dw	274,351,433,519,611,708,811,920,6+2048,67+2048,132+2048,201+2048
0129++ 9718 12015F01B10107026302C4022B039803060843088408C908
0130++ 9730             frq_282: 	
0131++ 9730             		dw	282,360,442,529,621,719,823,933,13+2048,74+2048,139+2048,209+2048
0131++ 9730 1A016801BA0111026D02CF023703A5030D084A088B08D108
0132++ 9748             frq_286: 	
0133++ 9748             		dw	286,363,446,533,626,724,828,938,15+2048,77+2048,143+2048,212+2048
0133++ 9748 1E016B01BE0115027202D4023C03AA030F084D088F08D408
0134++ 9760             frq_287: 	
0135++ 9760             		dw	287,365,447,535,627,726,830,940,16+2048,78+2048,144+2048,213+2048
0135++ 9760 1F016D01BF0117027302D6023E03AC0310084E089008D508
0136++ 9778             frq_288: 	
0137++ 9778             		dw	288,366,449,536,629,727,831,942,17+2048,79+2048,145+2048,214+2048
0137++ 9778 20016E01C10118027502D7023F03AE0311084F089108D608
0138++ 9790             frq_290: 	
0139++ 9790             		dw	290,368,451,539,632,730,835,945,19+2048,81+2048,147+2048,216+2048
0139++ 9790 22017001C3011B027802DA024303B103130851089308D808
0140++ 97A8             frq_291: 	
0141++ 97A8             		dw	291,370,453,540,633,731,836,946,20+2048,82+2048,148+2048,217+2048
0141++ 97A8 23017201C5011C027902DB024403B203140852089408D908
0142++ 97C0             frq_299: 	
0143++ 97C0             		dw	299,378,461,550,643,742,848,959,26+2048,89+2048,155+2048,225+2048
0143++ 97C0 2B017A01CD0126028302E6025003BF031A0859089B08E108
0144++ 97D8             frq_311: 	
0145++ 97D8             		dw	311,391,475,564,658,758,864,977,36+2048,99+2048,166+2048,236+2048
0145++ 97D8 37018701DB0134029202F6026003D10324086308A608EC08
0146++ 97F0             frq_314: 	
0147++ 97F0             		dw	314,394,478,567,662,762,868,981,38+2048,101+2048,168+2048,239+2048
0147++ 97F0 3A018A01DE0137029602FA026403D50326086508A808EF08
0148++ 9808             frq_317: 	
0149++ 9808             		dw	317,397,481,571,666,766,873,986,41+2048,104+2048,171+2048,242+2048
0149++ 9808 3D018D01E1013B029A02FE026903DA0329086808AB08F208
0150++ 9820             frq_333: 	
0151++ 9820             		dw	333,414,500,590,686,788,896,1010,53+2048,117+2048,185+2048,257+2048
0151++ 9820 4D019E01F4014E02AE0214038003F20335087508B9080109
0152++ 9838             frq_335: 	
0153++ 9838             		dw	335,416,502,593,689,791,899,1013,55+2048,119+2048,187+2048,259+2048
0153++ 9838 4F01A001F6015102B10217038303F50337087708BB080309
0154++ 9850             frq_338: 	
0155++ 9850             		dw	338,419,505,596,692,794,902,1016,56+2048,121+2048,189+2048,261+2048
0155++ 9850 5201A301F9015402B4021A038603F80338087908BD080509
0156++ 9868             frq_340: 	
0157++ 9868             		dw	340,421,507,598,694,796,905,1019,58+2048,123+2048,191+2048,263+2048
0157++ 9868 5401A501FB015602B6021C038903FB033A087B08BF080709
0158++ 9880             frq_341: 	
0159++ 9880             		dw	341,422,508,599,696,798,906,1021,59+2048,124+2048,192+2048,264+2048
0159++ 9880 5501A601FC015702B8021E038A03FD033B087C08C0080809
0160++ 9898             frq_342: 	
0161++ 9898             		dw	342,423,509,600,697,799,907,1022,60+2048,125+2048,193+2048,265+2048
0161++ 9898 5601A701FD015802B9021F038B03FE033C087D08C1080909
0162++ 98B0             frq_343: 	
0163++ 98B0             		dw	343,425,511,602,699,801,910,0+2048,61+2048,126+2048,195+2048,267+2048
0163++ 98B0 5701A901FF015A02BB0221038E0300083D087E08C3080B09
0164++ 98C8             frq_345: 	
0165++ 98C8             		dw	345,427,513,604,701,804,913,2+2048,63+2048,127+2048,196+2048,268+2048
0165++ 98C8 5901AB0101025C02BD022403910302083F087F08C4080C09
0166++ 98E0             frq_348: 	
0167++ 98E0             		dw	348,429,516,607,704,806,915,3+2048,64+2048,129+2048,198+2048,271+2048
0167++ 98E0 5C01AD0104025F02C00226039303030840088108C6080F09
0168++ 98F8             frq_350: 	
0169++ 98F8             		dw	350,430,518,609,705,808,917,4+2048,65+2048,130+2048,199+2048,272+2048
0169++ 98F8 5E01AE0106026102C10228039503040841088208C7081009
0170++ 9910             frq_352: 	
0171++ 9910             		dw	352,434,521,613,710,813,922,7+2048,68+2048,133+2048,202+2048,275+2048
0171++ 9910 6001B20109026502C6022D039A03070844088508CA081309
0172++ 9928             frq_354: 	
0173++ 9928             		dw	354,436,523,615,712,815,925,8+2048,70+2048,135+2048,204+2048,277+2048
0173++ 9928 6201B4010B026702C8022F039D03080846088708CC081509
0174++ 9940             frq_355: 	
0175++ 9940             		dw	355,437,524,616,713,816,926,9+2048,70+2048,135+2048,204+2048,277+2048
0175++ 9940 6301B5010C026802C90230039E03090846088708CC081509
0176++ 9958             frq_356: 	
0177++ 9958             		dw	356,438,525,617,714,818,927,10+2048,71+2048,136+2048,205+2048,278+2048
0177++ 9958 6401B6010D026902CA0232039F030A0847088808CD081609
0178++ 9970             frq_357: 	
0179++ 9970             		dw	357,439,526,618,716,820,929,11+2048,72+2048,137+2048,206+2048,279+2048
0179++ 9970 6501B7010E026A02CC023403A1030B0848088908CE081709
0180++ 9988             frq_358: 	
0181++ 9988             		dw	358,441,528,620,718,821,931,12+2048,73+2048,138+2048,207+2048,281+2048
0181++ 9988 6601B90110026C02CE023503A3030C0849088A08CF081909
0182++ 99A0             frq_360: 	
0183++ 99A0             		dw	360,443,530,622,720,824,934,13+2048,75+2048,140+2048,209+2048,283+2048
0183++ 99A0 6801BB0112026E02D0023803A6030D084B088C08D1081B09
0184++ 99B8             frq_361: 	
0185++ 99B8             		dw	361,443,531,623,722,825,935,14+2048,76+2048,141+2048,211+2048,284+2048
0185++ 99B8 6901BB0113026F02D2023903A7030E084C088D08D3081C09
0186++ 99D0             frq_363: 	
0187++ 99D0             		dw	363,445,533,625,723,827,937,15+2048,77+2048,142+2048,211+2048,285+2048
0187++ 99D0 6B01BD0115027102D3023B03A9030F084D088E08D3081D09
0188++ 99E8             frq_364: 	
0189++ 99E8             		dw	364,447,534,627,725,829,939,16+2048,78+2048,144+2048,213+2048,286+2048
0189++ 99E8 6C01BF0116027302D5023D03AB0310084E089008D5081E09
0190++ 9A00             frq_365: 	
0191++ 9A00             		dw	365,447,535,627,726,830,940,16+2048,78+2048,144+2048,213+2048,287+2048
0191++ 9A00 6D01BF0117027302D6023E03AC0310084E089008D5081F09
0192++ 9A18             frq_366: 	
0193++ 9A18             		dw	366,449,536,629,727,831,942,17+2048,79+2048,145+2048,214+2048,288+2048
0193++ 9A18 6E01C10118027502D7023F03AE0311084F089108D6082009
0194++ 9A30             frq_367: 	
0195++ 9A30             		dw	367,450,537,630,729,833,943,18+2048,80+2048,146+2048,216+2048,289+2048
0195++ 9A30 6F01C20119027602D9024103AF03120850089208D8082109
0196++ 9A48             frq_369: 	
0197++ 9A48             		dw	369,452,540,633,731,835,946,20+2048,82+2048,147+2048,217+2048,291+2048
0197++ 9A48 7101C4011C027902DB024303B203140852089308D9082309
0198++ 9A60             frq_370: 	
0199++ 9A60             		dw	370,453,541,634,732,837,947,20+2048,82+2048,148+2048,218+2048,292+2048
0199++ 9A60 7201C5011D027A02DC024503B303140852089408DA082409
0200++ 9A78             frq_373: 	
0201++ 9A78             		dw	373,457,545,638,737,841,952,23+2048,85+2048,151+2048,221+2048,295+2048
0201++ 9A78 7501C90121027E02E1024903B803170855089708DD082709
0202++ 9A90             frq_378: 	
0203++ 9A90             		dw	378,462,550,644,743,848,959,27+2048,89+2048,155+2048,225+2048,300+2048
0203++ 9A90 7A01CE0126028402E7025003BF031B0859089B08E1082C09
0204++ 9AA8             frq_379: 	
0205++ 9AA8             		dw	378,463,551,645,744,849,960,27+2048,90+2048,156+2048,226+2048,300+2048
0205++ 9AA8 7A01CF0127028502E8025103C0031B085A089C08E2082C09
0206++ 9AC0             frq_381: 	
0207++ 9AC0             		dw	381,465,553,647,747,852,963,29+2048,91+2048,158+2048,228+2048,302+2048
0207++ 9AC0 7D01D10129028702EB025403C3031D085B089E08E4082E09
0208++ 9AD8             frq_385: 	
0209++ 9AD8             		dw	385,469,558,652,752,857,969,32+2048,95+2048,161+2048,232+2048,306+2048
0209++ 9AD8 8101D5012E028C02F0025903C90320085F08A108E8083209
0210++ 9AF0             frq_433: 	
0211++ 9AF0             		dw	433,520,612,709,812,921,7+2048,68+2048,133+2048,202+2048,274+2048,352+2048
0211++ 9AF0 B10108026402C5022C039903070844088508CA0812096009
0212++ 9B08             frq_434: 	
0213++ 9B08             		dw	434,521,613,710,813,922,7+2048,68+2048,133+2048,202+2048,275+2048,352+2048
0213++ 9B08 B20109026502C6022D039A03070844088508CA0813096009
0214++ 9B20             frq_436: 	
0215++ 9B20             		dw	436,523,615,712,815,925,8+2048,70+2048,135+2048,204+2048,277+2048,354+2048
0215++ 9B20 B4010B026702C8022F039D03080846088708CC0815096209
0216++ 9B38             frq_442: 	
0217++ 9B38             		dw	442,529,621,719,823,933,12+2048,74+2048,139+2048,209+2048,282+2048,360+2048
0217++ 9B38 BA0111026D02CF023703A5030C084A088B08D1081A096809
0218++ 9B50             frq_443: 	
0219++ 9B50             		dw	443,530,622,720,824,934,13+2048,75+2048,140+2048,209+2048,283+2048,360+2048
0219++ 9B50 BB0112026E02D0023803A6030D084B088C08D1081B096809
0220++ 9B68             frq_445: 	
0221++ 9B68             		dw	445,532,624,723,826,936,14+2048,76+2048,142+2048,211+2048,284+2048,362+2048
0221++ 9B68 BD0114027002D3023A03A8030E084C088E08D3081C096A09
0222++ 9B80             frq_448: 	
0223++ 9B80             		dw	448,535,628,726,830,941,17+2048,79+2048,144+2048,214+2048,287+2048,365+2048
0223++ 9B80 C00117027402D6023E03AD0311084F089008D6081F096D09
0224++ 9B98             frq_450: 	
0225++ 9B98             		dw	450,538,631,730,834,944,19+2048,81+2048,146+2048,216+2048,290+2048,368+2048
0225++ 9B98 C2011A027702DA024203B003130851089208D80822097009
0226++ 9BB0             frq_455: 	
0227++ 9BB0             		dw	455,543,637,735,840,951,22+2048,84+2048,150+2048,220+2048,294+2048,372+2048
0227++ 9BB0 C7011F027D02DF024803B703160854089608DC0826097409
0228++ 9BC8             frq_459: 	
0229++ 9BC8             		dw	459,547,640,739,844,955,24+2048,87+2048,153+2048,223+2048,297+2048,375+2048
0229++ 9BC8 CB0123028002E3024C03BB03180857089908DF0829097709
0230++ 9BE0             frq_460: 	
0231++ 9BE0             		dw	460,548,641,740,845,957,25+2048,88+2048,154+2048,224+2048,298+2048,376+2048
0231++ 9BE0 CC0124028102E4024D03BD03190858089A08E0082A097809
0232++ 9BF8             frq_461: 	
0233++ 9BF8             		dw	461,549,642,741,846,958,26+2048,88+2048,154+2048,224+2048,299+2048,377+2048
0233++ 9BF8 CD0125028202E5024E03BE031A0858089A08E0082B097909
0234++ 9C10             frq_462: 	
0235++ 9C10             		dw	462,550,644,743,848,959,27+2048,89+2048,155+2048,225+2048,300+2048,378+2048
0235++ 9C10 CE0126028402E7025003BF031B0859089B08E1082C097A09
0236++ 9C28             frq_480: 	
0237++ 9C28             		dw	480,569,664,764,870,983,39+2048,102+2048,169+2048,240+2048,316+2048,395+2048
0237++ 9C28 E00139029802FC026603D70327086608A908F0083C098B09
0238++ 9C40             frq_507: 	
0239++ 9C40             		dw	507,598,694,796,905,1019,58+2048,123+2048,191+2048,263+2048,340+2048,421+2048
0239++ 9C40 FB015602B6021C038903FB033A087B08BF0807095409A509
0240++ 9C58             frq_508: 	
0241++ 9C58             		dw	508,599,695,797,905,1019,58+2048,123+2048,191+2048,264+2048,341+2048,422+2048
0241++ 9C58 FC015702B7021D038903FB033A087B08BF0808095509A609
0242++ 9C70             frq_519: 	
0243++ 9C70             		dw	519,611,708,811,920,6+2048,67+2048,132+2048,201+2048,274+2048,351+2048,433+2048
0243++ 9C70 07026302C4022B039803060843088408C90812095F09B109
0244++ 9C88             frq_531: 	
0245++ 9C88             		dw	531,623,721,825,935,14+2048,76+2048,141+2048,210+2048,284+2048,362+2048,444+2048
0245++ 9C88 13026F02D1023903A7030E084C088D08D2081C096A09BC09
0246++ 9CA0             frq_532: 	
0247++ 9CA0             		dw	532,624,722,826,936,14+2048,76+2048,141+2048,211+2048,284+2048,362+2048,445+2048
0247++ 9CA0 14027002D2023A03A8030E084C088D08D3081C096A09BD09
0248++ 9CB8             frq_538: 	
0249++ 9CB8             		dw	538,631,730,834,944,19+2048,81+2048,146+2048,216+2048,290+2048,368+2048,451+2048
0249++ 9CB8 1A027702DA024203B003130851089208D80822097009C309
0250++ 9CD0             frq_545: 	
0251++ 9CD0             		dw	545,639,737,842,953,23+2048,86+2048,152+2048,221+2048,296+2048,374+2048,457+2048
0251++ 9CD0 21027F02E1024A03B903170856089808DD0828097609C909
0252++ 9CE8             frq_548: 	
0253++ 9CE8             		dw	548,642,741,846,957,25+2048,88+2048,154+2048,224+2048,298+2048,377+2048,460+2048
0253++ 9CE8 24028202E5024E03BD03190858089A08E0082A097909CC09
0254++ 9D00             frq_550: 	
0255++ 9D00             		dw	550,643,742,848,959,26+2048,89+2048,155+2048,225+2048,299+2048,378+2048,461+2048
0255++ 9D00 26028302E6025003BF031A0859089B08E1082B097A09CD09
0256++ 9D18             frq_552: 	
0257++ 9D18             		dw	552,645,745,850,961,28+2048,90+2048,156+2048,227+2048,301+2048,380+2048,463+2048
0257++ 9D18 28028502E9025203C1031C085A089C08E3082D097C09CF09
0258++ 9D30             frq_555: 	
0259++ 9D30             		dw	555,648,748,853,965,30+2048,92+2048,159+2048,229+2048,304+2048,383+2048,467+2048
0259++ 9D30 2B028802EC025503C5031E085C089F08E50830097F09D309
0260++ 9D48             frq_556: 	
0261++ 9D48             		dw	556,650,749,855,967,30+2048,93+2048,160+2048,231+2048,305+2048,384+2048,467+2048
0261++ 9D48 2C028A02ED025703C7031E085D08A008E70831098009D309
0262++ 9D60             frq_557: 	
0263++ 9D60             		dw	557,651,750,856,967,31+2048,94+2048,160+2048,231+2048,305+2048,384+2048,468+2048
0263++ 9D60 2D028B02EE025803C7031F085E08A008E70831098009D409
0264++ 9D78             frq_558: 	
0265++ 9D78             		dw	558,652,752,857,969,32+2048,95+2048,161+2048,232+2048,306+2048,385+2048,469+2048
0265++ 9D78 2E028C02F0025903C90320085F08A108E80832098109D509
0266++ 9D90             frq_559: 	
0267++ 9D90             		dw	559,653,753,858,970,32+2048,95+2048,162+2048,232+2048,307+2048,386+2048,470+2048
0267++ 9D90 2F028D02F1025A03CA0320085F08A208E80833098209D609
0268++ 9DA8             frq_560: 	
0269++ 9DA8             		dw	560,654,753,859,971,33+2048,96+2048,162+2048,233+2048,308+2048,387+2048,471+2048
0269++ 9DA8 30028E02F1025B03CB0321086008A208E90834098309D709
0270++ 9DC0             frq_579: 	
0271++ 9DC0             		dw	579,674,775,882,996,46+2048,110+2048,177+2048,248+2048,324+2048,404+2048,489+2048
0271++ 9DC0 4302A20207037203E4032E086E08B108F80844099409E909
0272++ 9DD8             frq_616: 	
0273++ 9DD8             		dw	616,713,816,926,9+2048,70+2048,135+2048,204+2048,277+2048,355+2048,437+2048,524+2048
0273++ 9DD8 6802C90230039E03090846088708CC0815096309B5090C0A
0274++ 9DF0             frq_627: 	
0275++ 9DF0             		dw	627,725,829,939,16+2048,78+2048,143+2048,213+2048,286+2048,364+2048,447+2048,534+2048
0275++ 9DF0 7302D5023D03AB0310084E088F08D5081E096C09BF09160A
0276++ 9E08             frq_630: 	
0277++ 9E08             		dw	630,729,833,943,18+2048,80+2048,146+2048,215+2048,289+2048,367+2048,450+2048,538+2048
0277++ 9E08 7602D9024103AF03120850089208D70821096F09C2091A0A
0278++ 9E20             frq_639: 	
0279++ 9E20             		dw	639,738,843,954,24+2048,86+2048,152+2048,222+2048,296+2048,375+2048,458+2048,546+2048
0279++ 9E20 7F02E2024B03BA03180856089808DE0828097709CA09220A
0280++ 9E38             frq_641: 	
0281++ 9E38             		dw	641,740,845,957,25+2048,88+2048,154+2048,224+2048,298+2048,376+2048,460+2048,548+2048
0281++ 9E38 8102E4024D03BD03190858089A08E0082A097809CC09240A
0282++ 9E50             frq_645: 	
0283++ 9E50             		dw	645,744,849,960,27+2048,90+2048,156+2048,226+2048,300+2048,380+2048,463+2048,552+2048
0283++ 9E50 8502E8025103C0031B085A089C08E2082C097C09CF09280A
0284++ 9E68             frq_650: 	
0285++ 9E68             		dw	650,749,855,967,30+2048,93+2048,160+2048,230+2048,305+2048,384+2048,467+2048,556+2048
0285++ 9E68 8A02ED025703C7031E085D08A008E60831098009D3092C0A
0286++ 9E80             frq_653: 	
0287++ 9E80             		dw	653,753,858,970,32+2048,95+2048,162+2048,232+2048,307+2048,386+2048,470+2048,559+2048
0287++ 9E80 8D02F1025A03CA0320085F08A208E80833098209D6092F0A
0288++ 9E98             frq_654: 	
0289++ 9E98             		dw	654,754,859,971,33+2048,96+2048,163+2048,233+2048,308+2048,387+2048,471+2048,560+2048
0289++ 9E98 8E02F2025B03CB0321086008A308E90834098309D709300A
0290++ 9EB0             frq_677: 	
0291++ 9EB0             		dw	677,778,886,999,48+2048,112+2048,179+2048,251+2048,326+2048,407+2048,492+2048,582+2048
0291++ 9EB0 A5020A037603E70330087008B308FB0846099709EC09460A
0292++ 9EC8             frq_679: 	
0293++ 9EC8             		dw	679,781,888,1002,49+2048,113+2048,180+2048,252+2048,328+2048,408+2048,494+2048,584+2048
0293++ 9EC8 A7020D037803EA0331087108B408FC0848099809EE09480A
0294++ 9EE0             frq_698: 	
0295++ 9EE0             		dw	698,801,909,0+2048,61+2048,125+2048,194+2048,266+2048,343+2048,424+2048,510+2048,601+2048
0295++ 9EE0 BA0221038D0300083D087D08C2080A095709A809FE09590A
0296++ 9EF8             frq_701: 	
0297++ 9EF8             		dw	701,805,913,2+2048,63+2048,127+2048,196+2048,268+2048,345+2048,427+2048,513+2048,604+2048
0297++ 9EF8 BD022503910302083F087F08C4080C095909AB09010A5C0A
0298++ 9F10             frq_704: 	
0299++ 9F10             		dw	704,807,916,4+2048,65+2048,130+2048,198+2048,271+2048,348+2048,429+2048,516+2048,607+2048
0299++ 9F10 C00227039403040841088208C6080F095C09AD09040A5F0A
0300++ 9F28             frq_708: 	
0301++ 9F28             		dw	708,810,920,6+2048,67+2048,132+2048,200+2048,273+2048,350+2048,432+2048,519+2048,610+2048
0301++ 9F28 C4022A039803060843088408C80811095E09B009070A620A
0302++ 9F40             frq_715: 	
0303++ 9F40             		dw	715,819,928,10+2048,72+2048,137+2048,206+2048,279+2048,356+2048,438+2048,525+2048,618+2048
0303++ 9F40 CB023303A0030A0848088908CE0817096409B6090D0A6A0A
0304++ 9F58             frq_721: 	
0305++ 9F58             		dw	721,825,935,13+2048,75+2048,141+2048,210+2048,283+2048,361+2048,443+2048,530+2048,623+2048
0305++ 9F58 D1023903A7030D084B088D08D2081B096909BB09120A6F0A
0306++ 9F70             frq_726: 	
0307++ 9F70             		dw	726,830,941,17+2048,79+2048,144+2048,214+2048,287+2048,365+2048,448+2048,535+2048,628+2048
0307++ 9F70 D6023E03AD0311084F089008D6081F096D09C009170A740A
0308++ 9F88             frq_727: 	
0309++ 9F88             		dw	727,831,942,18+2048,80+2048,145+2048,215+2048,288+2048,367+2048,449+2048,536+2048,629+2048
0309++ 9F88 D7023F03AE03120850089108D70820096F09C109180A750A
0310++ 9FA0             frq_733: 	
0311++ 9FA0             		dw	733,838,949,21+2048,83+2048,149+2048,219+2048,293+2048,371+2048,454+2048,542+2048,635+2048
0311++ 9FA0 DD024603B503150853089508DB0825097309C6091E0A7B0A
0312++ 9FB8             frq_737: 	
0313++ 9FB8             		dw	737,842,953,23+2048,86+2048,152+2048,221+2048,296+2048,374+2048,457+2048,545+2048,639+2048
0313++ 9FB8 E1024A03B903170856089808DD0828097609C909210A7F0A
0314++ 9FD0             frq_750: 	
0315++ 9FD0             		dw	750,855,967,31+2048,93+2048,160+2048,230+2048,305+2048,384+2048,467+2048,556+2048,650+2048
0315++ 9FD0 EE025703C7031F085D08A008E60831098009D3092C0A8A0A
0316++ 9FE8             frq_775: 	
0317++ 9FE8             		dw	775,882,996,46+2048,110+2048,177+2048,248+2048,324+2048,404+2048,489+2048,579+2048,674+2048
0317++ 9FE8 07037203E4032E086E08B108F80844099409E909430AA20A
0318++ A000             frq_809: 	
0319++ A000             		dw	809,918,5+2048,66+2048,131+2048,199+2048,272+2048,349+2048,431+2048,517+2048,609+2048,706+2048
0319++ A000 29039603050842088308C70810095D09AF09050A610AC20A
0320++ A018             frq_810: 	
0321++ A018             		dw	810,919,5+2048,66+2048,131+2048,200+2048,273+2048,350+2048,431+2048,518+2048,610+2048,707+2048
0321++ A018 2A039703050842088308C80811095E09AF09060A620AC30A
0322++ A030             frq_811: 	
0323++ A030             		dw	811,920,6+2048,67+2048,132+2048,201+2048,274+2048,351+2048,433+2048,519+2048,611+2048,708+2048
0323++ A030 2B039803060843088408C90812095F09B109070A630AC40A
0324++ A048             frq_815: 	
0325++ A048             		dw	815,925,8+2048,70+2048,135+2048,204+2048,277+2048,354+2048,436+2048,523+2048,615+2048,712+2048
0325++ A048 2F039D03080846088708CC0815096209B4090B0A670AC80A
0326++ A060             frq_820: 	
0327++ A060             		dw	820,929,11+2048,72+2048,137+2048,206+2048,280+2048,357+2048,439+2048,526+2048,618+2048,716+2048
0327++ A060 3403A1030B0848088908CE0818096509B7090E0A6A0ACC0A
0328++ A078             frq_822: 	
0329++ A078             		dw	822,932,12+2048,73+2048,139+2048,208+2048,281+2048,359+2048,441+2048,528+2048,620+2048,718+2048
0329++ A078 3603A4030C0849088B08D00819096709B909100A6C0ACE0A
0330++ A090             frq_823: 	
0331++ A090             		dw	823,933,13+2048,74+2048,139+2048,209+2048,282+2048,360+2048,442+2048,529+2048,621+2048,719+2048
0331++ A090 3703A5030D084A088B08D1081A096809BA09110A6D0ACF0A
0332++ A0A8             frq_824: 	
0333++ A0A8             		dw	824,934,13+2048,75+2048,140+2048,209+2048,283+2048,360+2048,443+2048,530+2048,622+2048,720+2048
0333++ A0A8 3803A6030D084B088C08D1081B096809BB09120A6E0AD00A
0334++ A0C0             frq_828: 	
0335++ A0C0             		dw	828,938,15+2048,77+2048,143+2048,212+2048,286+2048,363+2048,446+2048,533+2048,626+2048,724+2048
0335++ A0C0 3C03AA030F084D088F08D4081E096B09BE09150A720AD40A
0336++ A0D8             frq_831: 	
0337++ A0D8             		dw	831,942,17+2048,79+2048,145+2048,214+2048,288+2048,366+2048,449+2048,536+2048,629+2048,727+2048
0337++ A0D8 3F03AE0311084F089108D60820096E09C109180A750AD70A
0338++ A0F0             frq_832: 	
0339++ A0F0             		dw	832,942,18+2048,80+2048,145+2048,215+2048,288+2048,367+2048,449+2048,537+2048,630+2048,728+2048
0339++ A0F0 4003AE03120850089108D70820096F09C109190A760AD80A
0340++ A108             frq_833: 	
0341++ A108             		dw	833,943,18+2048,80+2048,146+2048,215+2048,289+2048,367+2048,450+2048,538+2048,630+2048,729+2048
0341++ A108 4103AF03120850089208D70821096F09C2091A0A760AD90A
0342++ A120             frq_835: 	
0343++ A120             		dw	835,946,20+2048,82+2048,147+2048,217+2048,291+2048,369+2048,452+2048,540+2048,633+2048,731+2048
0343++ A120 4303B203140852089308D90823097109C4091C0A790ADB0A
0344++ A138             frq_842: 	
0345++ A138             		dw	842,953,23+2048,86+2048,152+2048,222+2048,296+2048,374+2048,457+2048,545+2048,639+2048,737+2048
0345++ A138 4A03B903170856089808DE0828097609C909210A7F0AE10A
0346++ A150             frq_843: 	
0347++ A150             		dw	843,954,24+2048,86+2048,152+2048,222+2048,296+2048,375+2048,458+2048,546+2048,639+2048,738+2048
0347++ A150 4B03BA03180856089808DE0828097709CA09220A7F0AE20A
0348++ A168             frq_844: 	
0349++ A168             		dw	844,955,24+2048,87+2048,153+2048,223+2048,297+2048,375+2048,459+2048,547+2048,640+2048,739+2048
0349++ A168 4C03BB03180857089908DF0829097709CB09230A800AE30A
0350++ A180             frq_847: 	
0351++ A180             		dw	847,959,26+2048,89+2048,155+2048,225+2048,299+2048,378+2048,461+2048,550+2048,643+2048,742+2048
0351++ A180 4F03BF031A0859089B08E1082B097A09CD09260A830AE60A
0352++ A198             frq_852: 	
0353++ A198             		dw	852,964,29+2048,92+2048,158+2048,228+2048,303+2048,382+2048,465+2048,554+2048,648+2048,747+2048
0353++ A198 5403C4031D085C089E08E4082F097E09D1092A0A880AEB0A
0354++ A1B0             frq_874: 	
0355++ A1B0             		dw	874,986,41+2048,104+2048,171+2048,243+2048,318+2048,398+2048,482+2048,572+2048,667+2048,767+2048
0355++ A1B0 6A03DA0329086808AB08F3083E098E09E2093C0A9B0AFF0A
0356++ A1C8             frq_908: 	
0357++ A1C8             		dw	908,1023,60+2048,125+2048,193+2048,265+2048,342+2048,423+2048,509+2048,601+2048,697+2048,800+2048
0357++ A1C8 8C03FF033C087D08C10809095609A709FD09590AB90A200B
0358++ A1E0             frq_909: 	
0359++ A1E0             		dw	909,0+2048,61+1025,125+2048,194+2048,266+2048,343+2048,424+2048,510+2048,601+2048,698+2048,801+2048
0359++ A1E0 8D0300083E047D08C2080A095709A809FE09590ABA0A210B
0360++ A1F8             frq_916: 	
0361++ A1F8             		dw	916,4+2048,65+2048,130+2048,198+2048,271+2048,347+2048,429+2048,515+2048,607+2048,704+2048,807+2048
0361++ A1F8 9403040841088208C6080F095B09AD09030A5F0AC00A270B
0362++ A210             frq_918: 	
0363++ A210             		dw	918,5+2048,66+2048,131+2048,199+2048,272+2048,349+2048,431+2048,517+2048,609+2048,706+2048,809+2048
0363++ A210 9603050842088308C70810095D09AF09050A610AC20A290B
0364++ A228             frq_920: 	
0365++ A228             		dw	920,6+2048,67+2048,132+2048,201+2048,274+2048,351+2048,433+2048,519+2048,611+2048,708+2048,811+2048
0365++ A228 9803060843088408C90812095F09B109070A630AC40A2B0B
0366++ A240             frq_921: 	
0367++ A240             		dw	921,7+2048,68+2048,133+2048,202+2048,274+2048,352+2048,433+2048,520+2048,612+2048,709+2048,812+2048
0367++ A240 9903070844088508CA0812096009B109080A640AC50A2C0B
0368++ A258             frq_925: 	
0369++ A258             		dw	925,8+2048,70+2048,135+2048,204+2048,277+2048,354+2048,436+2048,523+2048,615+2048,712+2048,815+2048
0369++ A258 9D03080846088708CC0815096209B4090B0A670AC80A2F0B
0370++ A270             frq_926: 	
0371++ A270             		dw	926,9+2048,70+2048,135+2048,204+2048,277+2048,355+2048,437+2048,523+2048,615+2048,713+2048,816+2048
0371++ A270 9E03090846088708CC0815096309B5090B0A670AC90A300B
0372++ A288             frq_927: 	
0373++ A288             		dw	927,10+2048,71+2048,136+2048,205+2048,278+2048,356+2048,438+2048,525+2048,617+2048,715+2048,818+2048
0373++ A288 9F030A0847088808CD0816096409B6090D0A690ACB0A320B
0374++ A2A0             frq_929: 	
0375++ A2A0             		dw	929,11+2048,72+2048,137+2048,206+2048,280+2048,357+2048,439+2048,526+2048,618+2048,716+2048,820+2048
0375++ A2A0 A1030B0848088908CE0818096509B7090E0A6A0ACC0A340B
0376++ A2B8             frq_931: 	
0377++ A2B8             		dw	931,12+2048,73+2048,138+2048,208+2048,281+2048,358+2048,441+2048,528+2048,620+2048,718+2048,821+2048
0377++ A2B8 A3030C0849088A08D00819096609B909100A6C0ACE0A350B
0378++ A2D0             frq_935: 	
0379++ A2D0             		dw	935,13+2048,75+2048,141+2048,210+2048,283+2048,361+2048,443+2048,530+2048,623+2048,721+2048,825+2048
0379++ A2D0 A7030D084B088D08D2081B096909BB09120A6F0AD10A390B
0380++ A2E8             frq_936: 	
0381++ A2E8             		dw	936,14+2048,76+2048,142+2048,211+2048,284+2048,362+2048,444+2048,532+2048,624+2048,722+2048,826+2048
0381++ A2E8 A8030E084C088E08D3081C096A09BC09140A700AD20A3A0B
0382++ A300             frq_937: 	
0383++ A300             		dw	937,15+2048,77+2048,142+2048,211+2048,285+2048,363+2048,445+2048,533+2048,625+2048,723+2048,827+2048
0383++ A300 A9030F084D088E08D3081D096B09BD09150A710AD30A3B0B
0384++ A318             frq_939: 	
0385++ A318             		dw	939,16+2048,78+2048,143+2048,213+2048,286+2048,364+2048,447+2048,534+2048,627+2048,725+2048,829+2048
0385++ A318 AB0310084E088F08D5081E096C09BF09160A730AD50A3D0B
0386++ A330             frq_941: 	
0387++ A330             		dw	941,17+2048,79+2048,144+2048,214+2048,287+2048,265+2048,448+2048,535+2048,628+2048,726+2048,830+2048
0387++ A330 AD0311084F089008D6081F090909C009170A740AD60A3E0B
0388++ A348             frq_942: 	
0389++ A348             		dw	942,18+2048,80+2048,145+2048,215+2048,288+2048,367+2048,449+2048,537+2048,630+2048,728+2048,832+2048
0389++ A348 AE03120850089108D70820096F09C109190A760AD80A400B
0390++ A360             frq_944: 	
0391++ A360             		dw	944,19+2048,80+2048,146+2048,216+2048,289+2048,368+2048,450+2048,538+2048,631+2048,729+2048,834+2048
0391++ A360 B003130850089208D80821097009C2091A0A770AD90A420B
0392++ A378             frq_949: 	
0393++ A378             		dw	949,21+2048,83+2048,149+2048,218+2048,292+2048,371+2048,454+2048,542+2048,635+2048,733+2048,838+2048
0393++ A378 B503150853089508DA0824097309C6091E0A7B0ADD0A460B
0394++ A390             frq_950: 	
0395++ A390             		dw	950,22+2048,84+2048,150+2048,219+2048,293+2048,372+2048,455+2048,543+2048,636+2048,734+2048,839+2048
0395++ A390 B603160854089608DB0825097409C7091F0A7C0ADE0A470B
0396++ A3A8             frq_951: 	
0397++ A3A8             		dw	951,22+2048,85+2048,151+2048,220+2048,294+2048,372+2048,456+2048,543+2048,637+2048,736+2048,841+2048
0397++ A3A8 B703160855089708DC0826097409C8091F0A7D0AE00A490B
0398++ A3C0             frq_952: 	
0399++ A3C0             		dw	952,23+2048,85+2048,151+2048,221+2048,295+2048,373+2048,456+2048,544+2048,638+2048,736+2048,841+2048
0399++ A3C0 B803170855089708DD0827097509C809200A7E0AE00A490B
0400++ A3D8             frq_953: 	
0401++ A3D8             		dw	953,23+2048,86+2048,152+2048,221+2048,296+2048,374+2048,457+2048,545+2048,639+2048,737+2048,842+2048
0401++ A3D8 B903170856089808DD0828097609C909210A7F0AE10A4A0B
0402++ A3F0             frq_964: 	
0403++ A3F0             		dw	964,29+2048,92+2048,158+2048,228+2048,303+2048,382+2048,466+2048,554+2048,648+2048,747+2048,852+2048
0403++ A3F0 C4031D085C089E08E4082F097E09D2092A0A880AEB0A540B
0404++ A408             frq_966: 	
0405++ A408             		dw	966,30+2048,93+2048,159+2048,229+2048,304+2048,383+2048,467+2048,555+2048,649+2048,749+2048,854+2048
0405++ A408 C6031E085D089F08E50830097F09D3092B0A890AED0A560B
0406++ A420             frq_969: 	
0407++ A420             		dw	969,32+2048,95+2048,161+2048,232+2048,306+2048,385+2048,469+2048,558+2048,652+2048,752+2048,857+2048
0407++ A420 C90320085F08A108E80832098109D5092E0A8C0AF00A590B
0408++ A438             frq_974: 	
0409++ A438             		dw	974,34+2048,97+2048,164+2048,235+2048,310+2048,389+2048,473+2048,562+2048,656+2048,756+2048,862+2048
0409++ A438 CE0322086108A408EB0836098509D909320A900AF40A5E0B
0410++ A450             frq_977: 	
0411++ A450             		dw	977,36+2048,99+2048,166+2048,237+2048,312+2048,391+2048,475+2048,564+2048,659+2048,759+2048,865+2048
0411++ A450 D10324086308A608ED0838098709DB09340A930AF70A610B
0412++ A468             frq_978: 	
0413++ A468             		dw	978,37+2048,100+2048,167+2048,238+2048,313+2048,392+2048,476+2048,565+2048,660+2048,760+2048,866+2048
0413++ A468 D20325086408A708EE0839098809DC09350A940AF80A620B
0414++ A480             frq_1018: 	
0415++ A480             		dw	1018,58+2048,122+2048,190+2048,263+2048,339+2048,420+2048,506+2048,597+2048,693+2048,796+2048,904+2048
0415++ A480 FA033A087A08BE0807095309A409FA09550AB50A1C0B880B
0416++ A498             
0417++ A498             
3071+  A498                             .include "freq_table_0.inc"
0001++ A498             ;-------------------------------------------------------------------
0002++ A498             ; описание:  Таблица делителей
0003++ A498             ;---------------------------------------------------------------------
0004++ A498             tabdiv12: 
0005++ A498             		db	-5*16,0,-5*16,2*1,-5*16,2*2,-5*16,2*3,-5*16,2*4,-5*16,2*5
0005++ A498 B000B002B004B006B008B00A
0006++ A4A4             		db	-5*16,2*6,-5*16,2*7,-5*16,2*8,-5*16,2*9,-5*16,2*10,-5*16,2*11
0006++ A4A4 B00CB00EB010B012B014B016
0007++ A4B0             		db	-4*16,0,-4*16,2*1,-4*16,2*2,-4*16,2*3,-4*16,2*4,-4*16,2*5
0007++ A4B0 C000C002C004C006C008C00A
0008++ A4BC             		db	-4*16,2*6,-4*16,2*7,-4*16,2*8,-4*16,2*9,-4*16,2*10,-4*16,2*11
0008++ A4BC C00CC00EC010C012C014C016
0009++ A4C8             		db	-3*16,0,-3*16,2*1,-3*16,2*2,-3*16,2*3,-3*16,2*4,-3*16,2*5
0009++ A4C8 D000D002D004D006D008D00A
0010++ A4D4             		db	-3*16,2*6,-3*16,2*7,-3*16,2*8,-3*16,2*9,-3*16,2*10,-3*16,2*11
0010++ A4D4 D00CD00ED010D012D014D016
0011++ A4E0             		db	-2*16,0,-2*16,2*1,-2*16,2*2,-2*16,2*3,-2*16,2*4,-2*16,2*5
0011++ A4E0 E000E002E004E006E008E00A
0012++ A4EC             		db	-2*16,2*6,-2*16,2*7,-2*16,2*8,-2*16,2*9,-2*16,2*10,-2*16,2*11
0012++ A4EC E00CE00EE010E012E014E016
0013++ A4F8             		db	-1*16,0,-1*16,2*1,-1*16,2*2,-1*16,2*3,-1*16,2*4,-1*16,2*5
0013++ A4F8 F000F002F004F006F008F00A
0014++ A504             		db	-1*16,2*6,-1*16,2*7,-1*16,2*8,-1*16,2*9,-1*16,2*10,-1*16,2*11
0014++ A504 F00CF00EF010F012F014F016
0015++ A510             		db	0*16,0,0*16,2*1,0*16,2*2,0*16,2*3,0*16,2*4,0*16,2*5
0015++ A510 00000002000400060008000A
0016++ A51C             		db	0*16,2*6,0*16,2*7,0*16,2*8,0*16,2*9,0*16,2*10,0*16,2*11
0016++ A51C 000C000E0010001200140016
0017++ A528             		db	1*16,0,1*16,2*1,1*16,2*2,1*16,2*3,1*16,2*4,1*16,2*5
0017++ A528 10001002100410061008100A
0018++ A534             		db	1*16,2*6,1*16,2*7,1*16,2*8,1*16,2*9,1*16,2*10,1*16,2*11
0018++ A534 100C100E1010101210141016
0019++ A540             		db	2*16,0,2*16,2*1,2*16,2*2,2*16,2*3,2*16,2*4,2*16,2*5
0019++ A540 20002002200420062008200A
0020++ A54C             		db	2*16,2*6,2*16,2*7,2*16,2*8,2*16,2*9,2*16,2*10,2*16,2*11
0020++ A54C 200C200E2010201220142016
0021++ A558             		db	3*16,0,3*16,2*1,3*16,2*2,3*16,2*3,3*16,2*4,3*16,2*5
0021++ A558 30003002300430063008300A
0022++ A564             		db	3*16,2*6,3*16,2*7,3*16,2*8,3*16,2*9,3*16,2*10,3*16,2*11
0022++ A564 300C300E3010301230143016
0023++ A570             		db	4*16,0,4*16,2*1,4*16,2*2,4*16,2*3,4*16,2*4,4*16,2*5
0023++ A570 40004002400440064008400A
0024++ A57C             		db	4*16,2*6,4*16,2*7,4*16,2*8,4*16,2*9,4*16,2*10,4*16,2*11
0024++ A57C 400C400E4010401240144016
0025++ A588             		db	5*16,0,5*16,2*1,5*16,2*2,5*16,2*3,5*16,2*4,5*16,2*5
0025++ A588 50005002500450065008500A
0026++ A594             		db	5*16,2*6,5*16,2*7,5*16,2*8,5*16,2*9,5*16,2*10,5*16,2*11
0026++ A594 500C500E5010501250145016
0027++ A5A0             		db	6*16,0,6*16,2*1,6*16,2*2,6*16,2*3,6*16,2*4,6*16,2*5
0027++ A5A0 60006002600460066008600A
0028++ A5AC             		db	6*16,2*6,6*16,2*7,6*16,2*8,6*16,2*9,6*16,2*10,6*16,2*11
0028++ A5AC 600C600E6010601260146016
0029++ A5B8             		db	7*16,0,7*16,2*1,7*16,2*2,7*16,2*3,7*16,2*4,7*16,2*5
0029++ A5B8 70007002700470067008700A
0030++ A5C4             		db	7*16,2*6,7*16,2*7,7*16,2*8,7*16,2*9,7*16,2*10,7*16,2*11
0030++ A5C4 700C700E7010701270147016
0031++ A5D0             		db	8*16,0,8*16,2*1,8*16,2*2,8*16,2*3,8*16,2*4,8*16,2*5
0031++ A5D0 80008002800480068008800A
0032++ A5DC             		db	8*16,2*6,8*16,2*7,8*16,2*8,8*16,2*9,8*16,2*10,8*16,2*11
0032++ A5DC 800C800E8010801280148016
0033++ A5E8             		db	9*16,0,9*16,2*1,9*16,2*2,9*16,2*3,9*16,2*4,9*16,2*5
0033++ A5E8 90009002900490069008900A
0034++ A5F4             		db	9*16,2*6,9*16,2*7,9*16,2*8,9*16,2*9,9*16,2*10,9*16,2*11
0034++ A5F4 900C900E9010901290149016
0035++ A600             		db	10*16,0,10*16,2*1,10*16,2*2,10*16,2*3,10*16,2*4,10*16,2*5
0035++ A600 A000A002A004A006A008A00A
0036++ A60C             		db	10*16,2*6,10*16,2*7,10*16,2*8,10*16,2*9,10*16,2*10,10*16,2*11
0036++ A60C A00CA00EA010A012A014A016
0037++ A618             
0038++ A618             
3072+  A618                    		.include "patch_table.inc"
0001++ A618             ;-------------------------------------------------------------------
0002++ A618             ; описание:  Patch table
0003++ A618             ;---------------------------------------------------------------------
0004++ A618             MBPlayer_patch_table: 	
0005++ A618 78 A7       		dw	patch_0
0006++ A61A AF A7       		dw	patch_1
0007++ A61C E4 A7 1D A8 		dw	patch_2A, patch_2B
0008++ A620 78 A7       		dw	patch_0
0009++ A622 27 A8       		dw	patch_3B
0010++ A624 5C A8       		dw	patch_4
0011++ A626 68 A8 9F A8 		dw	patch_5A, patch_5B
0012++ A62A D4 A8       		dw	patch_6
0013++ A62C F0 A8       		dw	patch_7
0014++ A62E 01 A9       		dw	patch_8
0015++ A630 0D A9       		dw	patch_9
0016++ A632 15 A9 21 A9 		dw	patch_10A, patch_10B
0017++ A636 2D A9       		dw	patch_11
0018++ A638 35 A9       		dw	patch_12
0019++ A63A 44 A9       		dw	patch_13
0020++ A63C 4C A9       		dw	patch_14
0021++ A63E 58 A9 62 A9 		dw	patch_15A, patch_15B
0022++ A642 6C A9       		dw	patch_16
0023++ A644 76 A9       		dw	patch_17
0024++ A646 85 A9       		dw	patch_18
0025++ A648 A3 A9       		dw	patch_19
0026++ A64A C1 A9       		dw	patch_20
0027++ A64C D2 A9 E3 A9 		dw	patch_21A, patch_21B
0028++ A650 ED A9       		dw	patch_22
0029++ A652 F9 A9 08 AA 		dw	patch_23A, patch_23B
0030++ A656 16 AA       		dw	patch_24
0031++ A658 36 AA       		dw	patch_25
0032++ A65A 55 AA       		dw	patch_26
0033++ A65C 67 AA       		dw	patch_27
0034++ A65E 94 AA       		dw	patch_28
0035++ A660 9C AA       		dw	patch_29
0036++ A662 A9 AA       		dw	patch_30
0037++ A664 DB AA       		dw	patch_31
0038++ A666 ED AA       		dw	patch_32
0039++ A668 FC AA       		dw	patch_33
0040++ A66A 13 AB       		dw	patch_34
0041++ A66C 2F AB       		dw	patch_35
0042++ A66E 3F AB       		dw	patch_36
0043++ A670 49 AB       		dw	patch_37
0044++ A672 55 AB       		dw	patch_38
0045++ A674 5F AB       		dw	patch_39
0046++ A676 67 AB       		dw	patch_40
0047++ A678 9E AB       		dw	patch_41
0048++ A67A E1 AB       		dw	patch_42
0049++ A67C 01 AC       		dw	patch_43
0050++ A67E 12 AC       		dw	patch_44
0051++ A680 32 AC       		dw	patch_45
0052++ A682 4E AC       		dw	patch_46
0053++ A684 5F AC       		dw	patch_47
0054++ A686 67 AC       		dw	patch_48
0055++ A688 83 AC       		dw	patch_49
0056++ A68A A1 AC B1 AC 		dw	patch_50A, patch_50B
0057++ A68E BF AC CF AC 		dw	patch_51A, patch_51B
0058++ A692 D7 AC       		dw	patch_52
0059++ A694 F0 AC       		dw	patch_53
0060++ A696 00 AD       		dw	patch_54
0061++ A698 10 AD       		dw	patch_55
0062++ A69A 1A AD       		dw	patch_56
0063++ A69C 3D AD       		dw	patch_57
0064++ A69E 51 AD       		dw	patch_58
0065++ A6A0 5E AD       		dw	patch_59
0066++ A6A2 6F AD       		dw	patch_60
0067++ A6A4 7E AD       		dw	patch_61
0068++ A6A6 8B AD CC AD 		dw	patch_62A, patch_62B
0069++ A6AA 11 AE 52 AE 		dw	patch_63A, patch_63B
0070++ A6AE 5C AE       		dw	patch_64
0071++ A6B0 7D AE       		dw	patch_65
0072++ A6B2 C5 AE       		dw	patch_66
0073++ A6B4 EB AE       		dw	patch_67
0074++ A6B6 02 AF       		dw	patch_68
0075++ A6B8 25 AF       		dw	patch_69
0076++ A6BA 39 AF       		dw	patch_70
0077++ A6BC 4B AF       		dw	patch_71
0078++ A6BE 64 AF       		dw	patch_72
0079++ A6C0 84 AF       		dw	patch_73
0080++ A6C2 96 AF       		dw	patch_74
0081++ A6C4 A2 AF       		dw	patch_75
0082++ A6C6 AE AF BA AF 		dw	patch_76A,patch_76B
0083++ A6CA C4 AF CC AF 		dw	patch_77A,patch_77B
0084++ A6CE D8 AF       		dw	patch_78
0085++ A6D0 F0 AF 15 B0 		dw	patch_80A, patch_80B
0086++ A6D4 3A B0 81 B0 		dw	patch_81A, patch_81B
0087++ A6D8 C0 B0 CC B0 		dw	patch_82A, patch_82B
0088++ A6DC DA B0 E6 B0 		dw	patch_83A, patch_83B
0089++ A6E0 EE B0 FD B0 		dw	patch_84A, patch_84B
0090++ A6E4 44 B1 4E B1 		dw	patch_85A, patch_85B
0091++ A6E8 5C B1 9F B1 		dw	patch_86A, patch_86B
0092++ A6EC AF B1 FD B0 		dw	patch_87A, patch_84B
0093++ A6F0 B7 B1 C1 B1 		dw	patch_88A, patch_88B
0094++ A6F4 D3 B1 DF B1 		dw	patch_89A, patch_89B
0095++ A6F8 E7 B1 30 B2 		dw	patch_90A, patch_90B
0096++ A6FC 3C B2 57 B2 		dw	patch_91A, patch_91B
0097++ A700 65 B2 73 B2 		dw	patch_92A, patch_92B
0098++ A704 81 B2 9E B2 		dw	patch_93A, patch_93B
0099++ A708 AA B2 B2 B2 		dw	patch_94A, patch_94B
0100++ A70C BA B2 FF B2 		dw	patch_95A, patch_95B
0101++ A710 E4 AF       		dw	patch_79
0102++ A712 44 B3       		dw	patch_96
0103++ A714 4C B3 58 B3 		dw	patch_97A, patch_97B
0104++ A718 6A B3 74 B3 		dw	patch_98A, patch_98B
0105++ A71C 8C B3 9E B3 		dw	patch_99A, patch_99B
0106++ A720 C0 B3 C8 B3 		dw	patch_100A, patch_100B
0107++ A724 D4 B3 E4 B3 		dw	patch_102A, patch_102B
0108++ A728 F4 B3 13 B4 		dw	patch_103A, patch_103B
0109++ A72C 1B B4       		dw	patch_104
0110++ A72E 2D B4       		dw	patch_105
0111++ A730 4E B4       		dw	patch_106
0112++ A732 56 B4       		dw	patch_107
0113++ A734 66 B4 75 B4 		dw	patch_109A,patch_109B
0114++ A738 5E B4       		dw	patch_108
0115++ A73A 84 B4       		dw	patch_110
0116++ A73C B9 B4       		dw	patch_111
0117++ A73E C5 B4 D1 B4 		dw	patch_112A,patch_112B
0118++ A742 D9 B4       		dw	patch_113
0119++ A744 E1 B4 ED B4 		dw	patch_114A,patch_114B
0120++ A748 FD B4       		dw	patch_115
0121++ A74A 07 B5       		dw	patch_116
0122++ A74C 0F B5       		dw	patch_117
0123++ A74E 1B B5       		dw	patch_118
0124++ A750 23 B5       		dw	patch_119
0125++ A752 2F B5       		dw	patch_120
0126++ A754 37 B5       		dw	patch_121
0127++ A756 3F B5 4B B5 		dw	patch_122A,patch_122B
0128++ A75A 5D B5       		dw	patch_124
0129++ A75C 65 B5 71 B5 		dw	patch_125A,patch_125B
0130++ A760 7F B5 8B B5 		dw	patch_126A,patch_126B
0131++ A764 97 B5       		dw	patch_127
0132++ A766 A3 B5       		dw	drum_1
0133++ A768 B3 B5       		dw	drum_2
0134++ A76A C3 B5       		dw	drum_3
0135++ A76C D3 B5       		dw	drum_4
0136++ A76E DB B5       		dw	drum_5
0137++ A770 E3 B5       		dw	drum_6
0138++ A772 EB B5       		dw	drum_7
0139++ A774 F3 B5       		dw	drum_8
0140++ A776 49 B6       		dw	drum_midi
0141++ A778                    	
0142++ A778             
0143++ A778             ;--- GM 0 = Ac. Piano ---
0144++ A778             
0145++ A778             patch_0: 	
0146++ A778 01          		db	1	; transpose on
0147++ A779 AD A7       		dw	patch_0hdr
0148++ A77B 10 2C 49    		db	16,02ch,1 + 36 * 2	; tone 300
0149++ A77E 38 A1       		dw	frq_842
0150++ A780 16 2D 69    		db	22,02dh,1 + 52 * 2	; tone 301
0151++ A783 D0 99       		dw	frq_363
0152++ A785 1C 2E 5D    		db	28,02eh,1 + 46 * 2	; tone 302
0153++ A788 18 A0       		dw	frq_810
0154++ A78A 22 2F 69    		db	34,02fh,1 + 52 * 2	; tone 303
0155++ A78D 48 9A       		dw	frq_369
0156++ A78F 28 30 5D    		db	40,030h,1 + 46 * 2	; tone 304
0157++ A792 70 9F       		dw	frq_726
0158++ A794 2E 31 69    		db	46,031h,1 + 52 * 2	; tone 305
0159++ A797 90 97       		dw	frq_290
0160++ A799 34 32 75    		db	52,032h,1 + 58 * 2	; tone 306
0161++ A79C F0 91       		dw	frq_21
0162++ A79E 3B 33 69    		db	59,033h,1 + 52 * 2	; tone 307
0163++ A7A1 48 97       		dw	frq_286
0164++ A7A3 41 34 5F    		db	65,034h,1 + 47 * 2	; tone 308
0165++ A7A6 30 A3       		dw	frq_941
0166++ A7A8 FF 35 83    		db	255,035h,1 + 65 * 2	; tone 309
0167++ A7AB F0 94       		dw	frq_191
0168++ A7AD                    	
0169++ A7AD             patch_0hdr: 
0170++ A7AD 20 FF       		db	020h,0ffh
0171++ A7AF             
0172++ A7AF             
0173++ A7AF             ;--- GM 1 = Bright Acoustic Piano ---
0174++ A7AF             
0175++ A7AF             patch_1: 
0176++ A7AF 01          		db	1	; transpose on
0177++ A7B0 AD A7       		dw	patch_0hdr	
0178++ A7B2 16 2C 49    		db	22,02ch,1 + 36 * 2	; tone 300
0179++ A7B5 38 A1       		dw	frq_842
0180++ A7B7 1C 2D 75    		db	28,02dh,1 + 58 * 2	; tone 301
0181++ A7BA D0 99       		dw	frq_363
0182++ A7BC 22 2E 69    		db	34,02eh,1 + 52 * 2	; tone 302
0183++ A7BF 00 A0       		dw	frq_809
0184++ A7C1 28 2F 75    		db	40,02fh,1 + 58 * 2	; tone 303
0185++ A7C4 48 9A       		dw	frq_369
0186++ A7C6 2E 30 69    		db	46,030h,1 + 52 * 2	; tone 304
0187++ A7C9 70 9F       		dw	frq_726
0188++ A7CB 34 31 75    		db	52,031h,1 + 58 * 2	; tone 305
0189++ A7CE 90 97       		dw	frq_290
0190++ A7D0 3B 32 81    		db	59,032h,1 + 64 * 2	; tone 306
0191++ A7D3 F0 91       		dw	frq_21
0192++ A7D5 41 33 77    		db	65,033h,1 + 59 * 2	; tone 307
0193++ A7D8 48 97       		dw	frq_286
0194++ A7DA 47 34 6B    		db	71,034h,1 + 53 * 2	; tone 308
0195++ A7DD 30 A3       		dw	frq_941
0196++ A7DF FF 35 8F    		db	255,035h,1 + 71 * 2	; tone 309
0197++ A7E2 F0 94       		dw	frq_191
0198++ A7E4             
0199++ A7E4             
0200++ A7E4             ;--- GM 2 = Elec. Grand Piano ---
0201++ A7E4             ; A = v104
0202++ A7E4             ; B = v98
0203++ A7E4             
0204++ A7E4             patch_2A: 
0205++ A7E4 01          		db	1	; transpose on
0206++ A7E5 19 A8       		dw	patch_2Ahdr
0207++ A7E7 16 2C 49    		db	22,02ch,1 + 36 * 2	; tone 300
0208++ A7EA 68 A1       		dw	frq_844
0209++ A7EC 1C 2D 75    		db	28,02dh,1 + 58 * 2	; tone 301
0210++ A7EF E8 99       		dw	frq_364
0211++ A7F1 22 2E 69    		db	34,02eh,1 + 52 * 2	; tone 302
0212++ A7F4 30 A0       		dw	frq_811
0213++ A7F6 28 2F 75    		db	40,02fh,1 + 58 * 2	; tone 303
0214++ A7F9 60 9A       		dw	frq_370
0215++ A7FB 2E 30 69    		db	46,030h,1 + 52 * 2	; tone 304
0216++ A7FE 88 9F       		dw	frq_727
0217++ A800 34 31 75    		db	52,031h,1 + 58 * 2	; tone 305
0218++ A803 A8 97       		dw	frq_291
0219++ A805 3B 32 81    		db	59,032h,1 + 64 * 2	; tone 306
0220++ A808 08 92       		dw	frq_22
0221++ A80A 41 33 77    		db	65,033h,1 + 59 * 2	; tone 307
0222++ A80D 60 97       		dw	frq_287
0223++ A80F 47 34 6B    		db	71,034h,1 + 53 * 2	; tone 308
0224++ A812 48 A3       		dw	frq_942
0225++ A814 FF 35 8F    		db	255,035h,1 + 71 * 2	; tone 309
0226++ A817 08 95       		dw	frq_192
0227++ A819                    	
0228++ A819             patch_2Ahdr: 
0229++ A819 20 C8 07 FF 		db	020h,0c8h,007h,0ffh
0230++ A81D             
0231++ A81D             patch_2B: 	
0232++ A81D 01          		db	1	; transpose on
0233++ A81E 25 A8       		dw	patch_2Bhdr
0234++ A820 FF 6C 48    		db	255,108,36 * 2
0235++ A823 E8 93       		dw	frq_113
0236++ A825                    	
0237++ A825             patch_2Bhdr: 	
0238++ A825 28 FF       		db	028h,0ffh
0239++ A827             
0240++ A827             
0241++ A827             ;--- GM 3 = Honky Tonk, met patch#0 ---
0242++ A827             ; gelijk volume
0243++ A827             
0244++ A827             patch_3B: 	
0245++ A827 01          		db	1	; transpose on
0246++ A828 AD A7       		dw	patch_0hdr	
0247++ A82A 10 2C 49    		db	16,02ch,1 + 36 * 2	; tone 300
0248++ A82D 98 A1       		dw	frq_852
0249++ A82F 16 2D 69    		db	22,02dh,1 + 52 * 2	; tone 301
0250++ A832 40 99       		dw	frq_355
0251++ A834 1C 2E 5D    		db	28,02eh,1 + 46 * 2	; tone 302
0252++ A837 60 A0       		dw	frq_820
0253++ A839 22 2F 69    		db	34,02fh,1 + 52 * 2	; tone 303
0254++ A83C A0 99       		dw	frq_360
0255++ A83E 28 30 5D    		db	40,030h,1 + 46 * 2	; tone 304
0256++ A841 B8 9F       		dw	frq_737
0257++ A843 2E 31 69    		db	46,031h,1 + 52 * 2	; tone 305
0258++ A846 30 97       		dw	frq_282
0259++ A848 34 32 75    		db	52,032h,1 + 58 * 2	; tone 306
0260++ A84B 50 92       		dw	frq_27
0261++ A84D 3B 33 69    		db	59,033h,1 + 52 * 2	; tone 307
0262++ A850 30 97       		dw	frq_282
0263++ A852 41 34 5F    		db	65,034h,1 + 47 * 2	; tone 308
0264++ A855 C0 A3       		dw	frq_952
0265++ A857 FF 35 83    		db	255,035h,1 + 65 * 2	; tone 309
0266++ A85A A8 94       		dw	frq_184
0267++ A85C                    	
0268++ A85C             ;--- GM 4 = Elec. Piano 1 (+ 2B?) ---
0269++ A85C             ; Eigenlijk samen met tone 11, maar slaat nergens op
0270++ A85C             
0271++ A85C             patch_4: 
0272++ A85C 01          		db	1	; transpose on
0273++ A85D 64 A8       		dw	patch_4hdr
0274++ A85F FF 6C 48    		db	255,108,36 * 2
0275++ A862 E8 93       		dw	frq_113
0276++ A864                    	
0277++ A864             patch_4hdr: 
0278++ A864 22 C8 48 FF 		db	022h,0c8h,048h,0ffh
0279++ A868                    	
0280++ A868             
0281++ A868             ;--- GM 5 = Elec. Piano 2 ---
0282++ A868             ; volumes gelijk
0283++ A868             
0284++ A868             patch_5A: 	
0285++ A868 01          		db	1	; transpose on
0286++ A869 9D A8       		dw	patch_5Ahdr
0287++ A86B 10 2C 49    		db	16,02ch,1 + 36 * 2	; tone 300
0288++ A86E 68 A1       		dw	frq_844
0289++ A870 16 2D 69    		db	22,02dh,1 + 52 * 2	; tone 301
0290++ A873 E8 99       		dw	frq_364
0291++ A875 1C 2E 5D    		db	28,02eh,1 + 46 * 2	; tone 302
0292++ A878 30 A0       		dw	frq_811
0293++ A87A 22 2F 69    		db	34,02fh,1 + 52 * 2	; tone 303
0294++ A87D 60 9A       		dw	frq_370
0295++ A87F 28 30 5D    		db	40,030h,1 + 46 * 2	; tone 304
0296++ A882 88 9F       		dw	frq_727
0297++ A884 2E 31 69    		db	46,031h,1 + 52 * 2	; tone 305
0298++ A887 A8 97       		dw	frq_291
0299++ A889 34 32 75    		db	52,032h,1 + 58 * 2	; tone 306
0300++ A88C 08 92       		dw	frq_22
0301++ A88E 3B 33 69    		db	59,033h,1 + 52 * 2	; tone 307
0302++ A891 60 97       		dw	frq_287
0303++ A893 41 34 5F    		db	65,034h,1 + 47 * 2	; tone 308
0304++ A896 48 A3       		dw	frq_942
0305++ A898 FF 35 83    		db	255,035h,1 + 65 * 2	; tone 309
0306++ A89B 08 95       		dw	frq_192
0307++ A89D             
0308++ A89D             patch_5Ahdr: 	
0309++ A89D 1B FF       		db	01bh,0ffh
0310++ A89F             
0311++ A89F             patch_5B: 	
0312++ A89F 01          		db	1	; transpose on
0313++ A8A0 9D A8       		dw	patch_5Ahdr
0314++ A8A2 16 2C 49    		db	22,02ch,1 + 36 * 2	; tone 300
0315++ A8A5 38 A1       		dw	frq_842
0316++ A8A7 1C 2D 75    		db	28,02dh,1 + 58 * 2	; tone 301
0317++ A8AA D0 99       		dw	frq_363
0318++ A8AC 22 2E 69    		db	34,02eh,1 + 52 * 2	; tone 302
0319++ A8AF 00 A0       		dw	frq_809
0320++ A8B1 28 2F 75    		db	40,02fh,1 + 58 * 2	; tone 303
0321++ A8B4 48 9A       		dw	frq_369
0322++ A8B6 2E 30 69    		db	46,030h,1 + 52 * 2	; tone 304
0323++ A8B9 70 9F       		dw	frq_726
0324++ A8BB 34 31 75    		db	52,031h,1 + 58 * 2	; tone 305
0325++ A8BE 90 97       		dw	frq_290
0326++ A8C0 3B 32 81    		db	59,032h,1 + 64 * 2	; tone 306
0327++ A8C3 F0 91       		dw	frq_21
0328++ A8C5 41 33 77    		db	65,033h,1 + 59 * 2	; tone 307
0329++ A8C8 48 97       		dw	frq_286
0330++ A8CA 47 34 6B    		db	71,034h,1 + 53 * 2	; tone 308
0331++ A8CD 30 A3       		dw	frq_941
0332++ A8CF FF 35 8F    		db	255,035h,1 + 71 * 2	; tone 309
0333++ A8D2 F0 94       		dw	frq_191
0334++ A8D4             
0335++ A8D4             
0336++ A8D4             ;--- GM 6 = Harpsichord ---
0337++ A8D4             
0338++ A8D4             patch_6: 	
0339++ A8D4 01          		db	1	; transpose on
0340++ A8D5 AD A7       		dw	patch_0hdr
0341++ A8D7 22 80 30    		db	34,128,24 * 2
0342++ A8DA 78 97       		dw	frq_288
0343++ A8DC 28 81 5C    		db	40,129,46 * 2
0344++ A8DF 80 A1       		dw	frq_847
0345++ A8E1 2E 82 68    		db	46,130,52 * 2
0346++ A8E4 78 97       		dw	frq_288
0347++ A8E6 36 83 5C    		db	54,131,46 * 2
0348++ A8E9 90 A0       		dw	frq_823
0349++ A8EB FF 84 54    		db	255,132,42 * 2
0350++ A8EE 90 A0       		dw	frq_823
0351++ A8F0             
0352++ A8F0             
0353++ A8F0             ;--- GM 7 = Clavi ---
0354++ A8F0             
0355++ A8F0             patch_7: 	
0356++ A8F0 01          		db	1	; transpose on
0357++ A8F1 FD A8       		dw	patch_7hdr
0358++ A8F3 3A 27 30    		db	58,39,24 * 2
0359++ A8F6 50 95       		dw	frq_203
0360++ A8F8 FF 28 8C    		db	255,40,70 * 2	; was andere header!
0361++ A8FB E0 95       		dw	frq_215
0362++ A8FD             patch_7hdr: 	
0363++ A8FD 28 C8 2B FF 		db	028h,0c8h,02bh,0ffh
0364++ A901             
0365++ A901             
0366++ A901             ;--- GM 8 = Celesta ---
0367++ A901             
0368++ A901             patch_8: 	
0369++ A901 01          		db	1	; transpose on
0370++ A902 09 A9       		dw	patch_8hdr
0371++ A904 FF 2B 18    		db	255,43,12 * 2
0372++ A907 88 93       		dw	frq_94
0373++ A909             patch_8hdr: 	
0374++ A909 20 E0 03 FF 		db	020h,0e0h,3,0ffh
0375++ A90D             
0376++ A90D             
0377++ A90D             ;--- GM 9 = Glockenspiel ---
0378++ A90D             
0379++ A90D             patch_9: 	
0380++ A90D 01          		db	1	; transpose on
0381++ A90E 25 A8       		dw	patch_2Bhdr
0382++ A910 FF F3 00    		db	255,243,0 * 2
0383++ A913 30 94       		dw	frq_141
0384++ A915             
0385++ A915             ;--- GM 10 = Music Box ---
0386++ A915             
0387++ A915             patch_10A: 	
0388++ A915 01          		db	1	; transpose on
0389++ A916 1D A9       		dw	patch_10Ahdr
0390++ A918 FF F3 18    		db	255,243,12 * 2
0391++ A91B 48 94       		dw	frq_143
0392++ A91D             patch_10Ahdr: 	
0393++ A91D 20 98 A6 FF 		db	020h,098h,0a6h,0ffh
0394++ A921             
0395++ A921             patch_10B: 	
0396++ A921 01          		db	1	; transpose on
0397++ A922 29 A9       		dw	patch_10Bhdr
0398++ A924 FF 01 31    		db	255,1,1 + 24 * 2	; tone 257
0399++ A927 F8 92       		dw	frq_79
0400++ A929             patch_10Bhdr: 	
0401++ A929 20 98 D4 FF 		db	020h,098h,0d4h,0ffh
0402++ A92D             
0403++ A92D             
0404++ A92D             ;--- GM 11 = Vibraphone ---
0405++ A92D             
0406++ A92D             patch_11: 	
0407++ A92D 01          		db	1	; transpose on
0408++ A92E 25 A8       		dw	patch_2Bhdr
0409++ A930 FF 01 31    		db	255,1,1 + 24 * 2	; tone 257
0410++ A933 10 93       		dw	frq_82
0411++ A935             
0412++ A935             ;--- GM 12 = Marimba ---
0413++ A935             
0414++ A935             patch_12: 	
0415++ A935 01          		db	1	; transpose on
0416++ A936 42 A9       		dw	patch_12hdr
0417++ A938 28 F4 30    		db	40,244, 24 * 2
0418++ A93B 10 93       		dw	frq_82
0419++ A93D FF F5 68    		db	255,245, 52 * 2	; was andere header!
0420++ A940 98 92       		dw	frq_69
0421++ A942             patch_12hdr: 	
0422++ A942 38 FF       		db	038h,0ffh
0423++ A944             
0424++ A944             ;--- GM 13 = Xylophone ---
0425++ A944             
0426++ A944             patch_13: 	
0427++ A944 01          		db	1	; transpose on
0428++ A945 42 A9       		dw	patch_12hdr
0429++ A947 FF 36 01    		db	255,36h, 1 + 0 * 2	; tone 310
0430++ A94A 88 93       		dw	frq_94
0431++ A94C             
0432++ A94C             
0433++ A94C             ;--- GM 14 = Tubular Bells ---
0434++ A94C             
0435++ A94C             patch_14: 	
0436++ A94C 01          		db	1	; transpose on
0437++ A94D 54 A9       		dw	patch_14hdr
0438++ A94F FF FF 18    		db	255,255, 12 * 2
0439++ A952 A0 9C       		dw	frq_532
0440++ A954             patch_14hdr: 	
0441++ A954 21 E0 01 FF 		db	021h,0e0h,1,0ffh
0442++ A958             
0443++ A958             ;--- GM 15 = Dulcimer ---
0444++ A958             
0445++ A958             patch_15A: 	
0446++ A958 01          		db	1	; transpose on
0447++ A959 60 A9       		dw	patch_15Ahdr
0448++ A95B FF 3F 18    		db	255,63, 12 * 2
0449++ A95E 28 9F       		dw	frq_708
0450++ A960             patch_15Ahdr: 	
0451++ A960 29 FF       		db	029h,0ffh
0452++ A962             
0453++ A962             patch_15B: 	
0454++ A962 01          		db	1
0455++ A963 6A A9       		dw	patch_15Bhdr
0456++ A965 FF 40 18    		db	255,64, 12 * 2
0457++ A968 28 9F       		dw	frq_708
0458++ A96A             patch_15Bhdr: 	
0459++ A96A 2A FF       		db	02ah,0ffh
0460++ A96C             
0461++ A96C             ;--- GM 16 = Drawbar organ ---
0462++ A96C             
0463++ A96C             patch_16: 	
0464++ A96C 01          		db	1	; transpose on
0465++ A96D 74 A9       		dw	patch_16hdr
0466++ A96F FF 8E 18    		db	255,142,12 * 2
0467++ A972 20 A1       		dw	frq_835
0468++ A974             patch_16hdr: 	
0469++ A974 3A FF       		db	03ah,0ffh
0470++ A976             
0471++ A976             ;--- GM 17 = Percussive organ ---
0472++ A976             
0473++ A976             patch_17: 	
0474++ A976 01          		db	1	; transpose on
0475++ A977 83 A9       		dw	patch_17hdr
0476++ A979 24 8C 30    		db	36,140, 24 * 2
0477++ A97C 90 A3       		dw	frq_950
0478++ A97E FF 8D 48    		db	255,141, 36 * 2
0479++ A981 60 A3       		dw	frq_944
0480++ A983             patch_17hdr: 	
0481++ A983 3B FF       		db	03bh,0ffh
0482++ A985             
0483++ A985             ;--- GM 18 = Rock Organ ---
0484++ A985             
0485++ A985             patch_18: 	
0486++ A985 01          		db	1	; transpose on
0487++ A986 A1 A9       		dw	patch_18hdr
0488++ A988 19 28 49    		db	25,28h, 1 + 36 * 2	; tone 296
0489++ A98B 28 96       		dw	frq_219
0490++ A98D 25 29 63    		db	37,29h, 1 + 49 * 2	; tone 297
0491++ A990 40 96       		dw	frq_220
0492++ A992 31 2A 63    		db	49,2ah, 1 + 49 * 2	; tone 298
0493++ A995 10 96       		dw	frq_217
0494++ A997 3D 2B 63    		db	61,2bh, 1 + 49 * 2	; tone 299
0495++ A99A C8 95       		dw	frq_214
0496++ A99C FF 27 63    		db	255,27h, 1 + 49 * 2	; tone 295
0497++ A99F E0 95       		dw	frq_215
0498++ A9A1             patch_18hdr: 	
0499++ A9A1 39 FF       		db	039h,0ffh
0500++ A9A3             
0501++ A9A3             ;--- GM 19 = Church organ ---
0502++ A9A3             
0503++ A9A3             patch_19: 	
0504++ A9A3 01          		db	1	; transpose on
0505++ A9A4 BF A9       		dw	patch_19hdr
0506++ A9A6 12 87 48    		db	18,135, 36 * 2
0507++ A9A9 20 A1       		dw	frq_835
0508++ A9AB 19 88 6C    		db	25,136, 54 * 2
0509++ A9AE 60 94       		dw	frq_155
0510++ A9B0 21 89 62    		db	33,137, 49 * 2
0511++ A9B3 C8 9B       		dw	frq_459
0512++ A9B5 2A 8A 5A    		db	42,138, 45 * 2
0513++ A9B8 80 A1       		dw	frq_847
0514++ A9BA FF 8B 6C    		db	255,139, 54 * 2
0515++ A9BD 90 94       		dw	frq_167
0516++ A9BF             patch_19hdr: 	
0517++ A9BF 11 FF       		db	011h,0ffh
0518++ A9C1             
0519++ A9C1             
0520++ A9C1             ;--- GM 20 = Reed Organ ---
0521++ A9C1             
0522++ A9C1             patch_20: 	
0523++ A9C1 01          		db	1	; transpose on
0524++ A9C2 CE A9       		dw	patch_20hdr
0525++ A9C4 3C AC 30    		db	60,172, 24 * 2
0526++ A9C7 60 9D       		dw	frq_557
0527++ A9C9 FF AD 78    		db	255,173, 60 * 2
0528++ A9CC 48 9D       		dw	frq_556
0529++ A9CE             patch_20hdr: 	
0530++ A9CE 38 E0 01 FF 		db	038h,0e0h,1,0ffh
0531++ A9D2             
0532++ A9D2             ;--- GM 21 = Accordion ---
0533++ A9D2             
0534++ A9D2             patch_21A: 	
0535++ A9D2 01          		db	1	; transpose on
0536++ A9D3 DF A9       		dw	patch_21Ahdr
0537++ A9D5 35 06 18    		db	53,6, 12 * 2
0538++ A9D8 88 9F       		dw	frq_727
0539++ A9DA FF 07 52    		db	255,7, 41 * 2
0540++ A9DD 80 A4       		dw	frq_1018
0541++ A9DF             patch_21Ahdr: 	
0542++ A9DF 22 E0 00 FF 		db	022h,0e0h,0,0ffh
0543++ A9E3             
0544++ A9E3             patch_21B: 	
0545++ A9E3 01          		db	1	; transpose on
0546++ A9E4 EB A9       		dw	patch_21Bhdr
0547++ A9E6 FF 70 18    		db	255,112, 12 * 2
0548++ A9E9 08 A1       		dw	frq_833
0549++ A9EB             patch_21Bhdr: 	
0550++ A9EB 23 FF       		db	023h,0ffh
0551++ A9ED             
0552++ A9ED             ;--- GM 22 = Harmonica ---
0553++ A9ED             
0554++ A9ED             patch_22: 	
0555++ A9ED 01          		db	1	; transpose on
0556++ A9EE F5 A9       		dw	patch_22hdr
0557++ A9F0 FF 70 18    		db	255,112, 12 * 2
0558++ A9F3 80 A1       		dw	frq_847
0559++ A9F5             patch_22hdr: 	
0560++ A9F5 30 E0 02 FF 		db	030h,0e0h,2,0ffh
0561++ A9F9             
0562++ A9F9             ;--- GM 23 = Tango Accordion ---
0563++ A9F9             
0564++ A9F9             patch_23A: 	
0565++ A9F9 01          		db	1	; transpose on
0566++ A9FA 06 AA       		dw	patch_23Ahdr
0567++ A9FC 3C AC 30    		db	60,172, 24 * 2
0568++ A9FF 90 9D       		dw	frq_559
0569++ AA01 FF AD 78    		db	255,173, 60 * 2
0570++ AA04 78 9D       		dw	frq_558
0571++ AA06             patch_23Ahdr: 	
0572++ AA06 38 FF       		db	038h,0ffh
0573++ AA08             
0574++ AA08             patch_23B: 	
0575++ AA08 01          		db	1
0576++ AA09 10 AA       		dw	patch_23Bhdr
0577++ AA0B FF 41 60    		db	255,65, 48 * 2
0578++ AA0E 68 9B       		dw	frq_445
0579++ AA10             patch_23Bhdr: 	
0580++ AA10             		db	03ah,098h,075h,0B0h,000h,0ffh
0580++ AA10 3A9875B000FF
0581++ AA16             
0582++ AA16             ;--- GM 24 = Nylon Ac. Gtr ---
0583++ AA16             
0584++ AA16             patch_24: 	
0585++ AA16 01          		db	1	; transpose on
0586++ AA17 32 AA       		dw	patch_24hdr
0587++ AA19 18 B3 48    		db	24,179, 36 * 2
0588++ AA1C C8 9B       		dw	frq_459
0589++ AA1E 1F B7 60    		db	31,183, 48 * 2
0590++ AA21 30 9D       		dw	frq_555
0591++ AA23 25 B5 6E    		db	37,181, 55 * 2
0592++ AA26 F0 91       		dw	frq_21
0593++ AA28 2C B4 62    		db	44,180, 49 * 2
0594++ AA2B C8 9B       		dw	frq_459
0595++ AA2D FF B6 58    		db	255,182, 44 * 2
0596++ AA30 70 9F       		dw	frq_726
0597++ AA32             patch_24hdr: 	
0598++ AA32 28 C8 09 FF 		db	028h,0c8h,9,0ffh
0599++ AA36             
0600++ AA36             
0601++ AA36             ;--- GM 26 = Steel Ac. Gtr ---
0602++ AA36             
0603++ AA36             patch_25: 	
0604++ AA36 01          		db	1	; transpose on
0605++ AA37 4D AA       		dw	patch_25hdr
0606++ AA39 1A 0C 48    		db	26,12,36 * 2	;was andere header
0607++ AA3C 38 9B       		dw	frq_442
0608++ AA3E 21 0D 64    		db	33,13,50 * 2	; "
0609++ AA41 80 9B       		dw	frq_448
0610++ AA43 30 0E 5A    		db	48,14,45 * 2	; "
0611++ AA46 90 A0       		dw	frq_823
0612++ AA48 FF 0F 60    		db	255,15,48 * 2	; "
0613++ AA4B 90 A0       		dw	frq_823
0614++ AA4D             patch_25hdr: 	
0615++ AA4D             		db	028h,098h,0f6h,0b0h,034h,0c8h,9h,0ffh
0615++ AA4D 2898F6B034C809FF
0616++ AA55             
0617++ AA55             
0618++ AA55             ;--- GM 26 = Elec Jazz Gtr ---
0619++ AA55             
0620++ AA55             patch_26: 	
0621++ AA55 01          		db	1	; transpose on
0622++ AA56 25 A8       		dw	patch_2Bhdr
0623++ AA58 1A 5A 48    		db	26,90, 36 * 2
0624++ AA5B 78 9A       		dw	frq_373
0625++ AA5D 28 5B 64    		db	40,91, 50 * 2
0626++ AA60 48 94       		dw	frq_143
0627++ AA62 FF 5C 68    		db	255,92, 52 * 2
0628++ AA65 B0 92       		dw	frq_70
0629++ AA67             
0630++ AA67             
0631++ AA67             ;--- GM 27 = Elec Clean Gtr ---
0632++ AA67             
0633++ AA67             patch_27: 	
0634++ AA67 01          		db	1	; transpose on
0635++ AA68 92 AA       		dw	patch_27hdr
0636++ AA6A 15 61 48    		db	21,97, 36 * 2
0637++ AA6D 70 9C       		dw	frq_519
0638++ AA6F 1A 60 72    		db	26,96, 57 * 2
0639++ AA72 48 94       		dw	frq_143
0640++ AA74 21 63 64    		db	33,99, 50 * 2
0641++ AA77 F8 9E       		dw	frq_701
0642++ AA79 28 62 72    		db	40,98, 57 * 2
0643++ AA7C 90 91       		dw	frq_9
0644++ AA7E 2D 65 68    		db	45,101, 52 * 2
0645++ AA81 58 9C       		dw	frq_508
0646++ AA83 34 64 72    		db	52,100, 57 * 2
0647++ AA86 00 94       		dw	frq_118
0648++ AA88 3D 66 68    		db	61,102, 52 * 2
0649++ AA8B 88 9C       		dw	frq_531
0650++ AA8D FF 67 62    		db	255,103, 49 * 2
0651++ AA90 90 A0       		dw	frq_823
0652++ AA92             patch_27hdr: 	
0653++ AA92 29 FF       		db	029h,0ffh
0654++ AA94             
0655++ AA94             
0656++ AA94             ;--- GM 28 = Muted Gtr ---
0657++ AA94             
0658++ AA94             patch_28: 	
0659++ AA94 01          		db	1	; transpose on
0660++ AA95 25 A8       		dw	patch_2Bhdr
0661++ AA97 FF 68 18    		db	255,104, 12 * 2
0662++ AA9A 80 A1       		dw	frq_847
0663++ AA9C             
0664++ AA9C             
0665++ AA9C             ;--- GM 29 = Overdriven Gtr ---
0666++ AA9C             
0667++ AA9C             patch_29: 	
0668++ AA9C 01          		db	1	; transpose on
0669++ AA9D 92 AA       		dw	patch_27hdr
0670++ AA9F 29 A5 48    		db	41,165, 36 * 2
0671++ AAA2 70 96       		dw	frq_228
0672++ AAA4 FF A6 82    		db	255,166, 65 * 2
0673++ AAA7 C8 9B       		dw	frq_459
0674++ AAA9             
0675++ AAA9             ;--- GM 30 = Distortion Gtr ---
0676++ AAA9             
0677++ AAA9             patch_30: 	
0678++ AAA9 01          		db	1	; transpose on
0679++ AAAA D9 AA       		dw	patch_30hdr
0680++ AAAC 13 51 48    		db	19,81, 36 * 2
0681++ AAAF 08 9B       		dw	frq_434
0682++ AAB1 17 52 6E    		db	23,82, 55 * 2
0683++ AAB4 48 94       		dw	frq_143
0684++ AAB6 1B 53 5E    		db	27,83, 47 * 2
0685++ AAB9 80 A1       		dw	frq_847
0686++ AABB 1F 54 66    		db	31,84, 51 * 2
0687++ AABE 08 9B       		dw	frq_434
0688++ AAC0 23 55 6E    		db	35,85, 55 * 2
0689++ AAC3 48 94       		dw	frq_143
0690++ AAC5 27 56 5E    		db	39,86, 47 * 2
0691++ AAC8 80 A1       		dw	frq_847
0692++ AACA 2B 57 66    		db	43,87, 51 * 2
0693++ AACD C8 9B       		dw	frq_459
0694++ AACF 2F 58 6E    		db	47,88, 55 * 2
0695++ AAD2 48 94       		dw	frq_143
0696++ AAD4 FF 59 5E    		db	255,89, 47 * 2
0697++ AAD7 E8 9F       		dw	frq_775
0698++ AAD9             patch_30hdr: 	
0699++ AAD9 21 FF       		db	021h,0ffh
0700++ AADB             
0701++ AADB             ;--- GM 31 = Gtr Harmonics ---
0702++ AADB             
0703++ AADB             patch_31: 	
0704++ AADB 01          		db	1	; transpose on
0705++ AADC 25 A8       		dw	patch_2Bhdr
0706++ AADE 2D 5E 30    		db	45,94, 24 * 2
0707++ AAE1 40 9C       		dw	frq_507
0708++ AAE3 32 5D 8A    		db	50,93, 69 * 2
0709++ AAE6 00 94       		dw	frq_118
0710++ AAE8 FF 5F 7C    		db	255,95, 62 * 2
0711++ AAEB 70 9F       		dw	frq_726
0712++ AAED             
0713++ AAED             ;--- GM 32 = Acoustic Bass ---
0714++ AAED             
0715++ AAED             patch_32: 	
0716++ AAED 01          		db	1	; transpose on
0717++ AAEE FA AA       		dw	patch_32hdr
0718++ AAF0 19 04 60    		db	25,4, 48 * 2
0719++ AAF3 D8 94       		dw	frq_188
0720++ AAF5 FF 05 62    		db	255,5, 49 * 2
0721++ AAF8 B0 92       		dw	frq_70
0722++ AAFA             patch_32hdr: 	
0723++ AAFA 18 FF       		db	018h,0ffh
0724++ AAFC             
0725++ AAFC             
0726++ AAFC             ;--- GM 33 = Elec. Bass (finger) ---
0727++ AAFC             
0728++ AAFC             patch_33: 	
0729++ AAFC 01          		db	1	; transpose on
0730++ AAFD FA AA       		dw	patch_32hdr
0731++ AAFF 09 4A 60    		db	9,74,48 * 2
0732++ AB02 50 9E       		dw	frq_645
0733++ AB04 0E 4B 72    		db	14,75,57 * 2
0734++ AB07 58 96       		dw	frq_221
0735++ AB09 13 4C 64    		db	19,76,50 * 2
0736++ AB0C 50 A1       		dw	frq_843
0737++ AB0E FF 4D 6E    		db	255,77,55 * 2
0738++ AB11 90 9A       		dw	frq_378
0739++ AB13             
0740++ AB13             
0741++ AB13             ;--- GM 34 = Elec. Bass (pick) ---
0742++ AB13             
0743++ AB13             patch_34: 	
0744++ AB13 01          		db	1	; transpose on
0745++ AB14 FA AA       		dw	patch_32hdr
0746++ AB16 0C 4F 60    		db	12,79,48 * 2
0747++ AB19 18 94       		dw	frq_135
0748++ AB1B 13 50 60    		db	19,80,48 * 2
0749++ AB1E 40 9F       		dw	frq_715
0750++ AB20 18 6B 6E    		db	24,107,55 * 2
0751++ AB23 E8 96       		dw	frq_264
0752++ AB25 30 69 60    		db	48,105,48 * 2
0753++ AB28 40 A2       		dw	frq_921
0754++ AB2A FF 6A 90    		db	255,106,72 * 2
0755++ AB2D 08 9B       		dw	frq_434
0756++ AB2F             
0757++ AB2F             ;--- GM 35 = Fretless Bass ---
0758++ AB2F             
0759++ AB2F             patch_35: 	
0760++ AB2F 01          		db	1	; transpose on
0761++ AB30 37 AB       		dw	patch_35hdr
0762++ AB32 FF 4E 30    		db	255,78,24 * 2
0763++ AB35 78 9A       		dw	frq_373
0764++ AB37             patch_35hdr: 	
0765++ AB37             		db	010h,098h,0f3h,0b0h,063h,0c8h,019h,0ffh
0765++ AB37 1098F3B063C819FF
0766++ AB3F             
0767++ AB3F             ;--- GM 36 = Slap Bass 1 ---
0768++ AB3F             
0769++ AB3F             patch_36: 	
0770++ AB3F 01          		db	1	; transpose on
0771++ AB40 47 AB       		dw	patch_36hdr
0772++ AB42 FF A3 4E    		db	255,163,(36 + 3) * 2
0773++ AB45 38 9E       		dw	frq_641
0774++ AB47             patch_36hdr: 	
0775++ AB47 19 FF       		db	019h,0ffh
0776++ AB49             
0777++ AB49             ;--- GM 37 = Slap bass 2 ---
0778++ AB49             
0779++ AB49             patch_37: 	
0780++ AB49 01          		db	1	; transpose on
0781++ AB4A 51 AB       		dw	patch_37hdr
0782++ AB4C FF A2 30    		db	255,162,24 * 2
0783++ AB4F 78 97       		dw	frq_288
0784++ AB51             patch_37hdr: 	
0785++ AB51 20 98 B0 FF 		db	020h,098h,0b0h,0ffh
0786++ AB55             
0787++ AB55             ;--- GM 38 = Synth Bass 1 ---
0788++ AB55             
0789++ AB55             patch_38: 	
0790++ AB55 01          		db	1	; transpose on
0791++ AB56 5D AB       		dw	patch_38hdr
0792++ AB58 FF BE 48    		db	255,190,36 * 2
0793++ AB5B 20 A1       		dw	frq_835
0794++ AB5D             patch_38hdr: 	
0795++ AB5D 39 FF       		db	039h,0ffh
0796++ AB5F             
0797++ AB5F             ;--- GM 39 = Synth Bass 2 ---
0798++ AB5F             
0799++ AB5F             patch_39: 	
0800++ AB5F 01          		db	1	; transpose on
0801++ AB60 5D AB       		dw	patch_38hdr
0802++ AB62 FF 17 61    		db	255,17h,1 + 48 * 2	; tone 279
0803++ AB65 E0 95       		dw	frq_215
0804++ AB67             
0805++ AB67             ;--- GM 40 = Violin ---
0806++ AB67             
0807++ AB67             patch_40: 	
0808++ AB67 01          		db	1	; transpose on
0809++ AB68 9C AB       		dw	patch_40hdr
0810++ AB6A 23 05 31    		db	35,5h,1 + 24 * 2	; tone 261
0811++ AB6D 78 97       		dw	frq_288
0812++ AB6F 28 02 77    		db	40,2h,1 + 59 * 2	; tone 258
0813++ AB72 98 92       		dw	frq_69
0814++ AB74 2A 06 69    		db	42,6h,1 + 52 * 2	; tone 262
0815++ AB77 F0 9D       		dw	frq_627
0816++ AB79 2D 07 6D    		db	45,7h,1 + 54 * 2	; tone 263
0817++ AB7C 48 9D       		dw	frq_556
0818++ AB7E 30 08 73    		db	48,8h,1 + 57 * 2	; tone 264
0819++ AB81 E8 96       		dw	frq_264
0820++ AB83 33 0A 61    		db	51,0ah,1 + 48 * 2	; tone 266
0821++ AB86 28 A2       		dw	frq_920
0822++ AB88 35 0B 67    		db	53,0bh,1 + 51 * 2	; tone 267
0823++ AB8B 70 9F       		dw	frq_726
0824++ AB8D 37 0C 6B    		db	55,0ch,1 + 53 * 2	; tone 268
0825++ AB90 C0 9D       		dw	frq_579
0826++ AB92 3A 0D 6F    		db	58,0dh,1 + 55 * 2	; tone 269
0827++ AB95 50 98       		dw	frq_338
0828++ AB97 FF 09 75    		db	255,09h,1 + 58	* 2	; tone 265
0829++ AB9A 48 94       		dw	frq_143
0830++ AB9C             patch_40hdr: 	
0831++ AB9C 3B FF       		db	03bh,0ffh
0832++ AB9E             
0833++ AB9E             
0834++ AB9E             ;--- GM 41 = Viola ---
0835++ AB9E             
0836++ AB9E             patch_41: 	
0837++ AB9E 01          		db	1	; transpose on
0838++ AB9F DD AB       		dw	patch_41hdr
0839++ ABA1 1B 03 31    		db	27,03h,1 + 24 * 2	; tone 259
0840++ ABA4 40 9F       		dw	frq_715
0841++ ABA6 1E 04 67    		db	30,04h,1 + 51 * 2	; tone 260
0842++ ABA9 88 9C       		dw	frq_531
0843++ ABAB 21 05 6D    		db	33,05h,1 + 54 * 2	; tone 261
0844++ ABAE 78 97       		dw	frq_288
0845++ ABB0 26 02 73    		db	38,02h,1 + 57 * 2	; tone 258
0846++ ABB3 98 92       		dw	frq_69
0847++ ABB5 28 06 65    		db	40,06h,1 + 50 * 2	; tone 262
0848++ ABB8 F0 9D       		dw	frq_627
0849++ ABBA 2B 07 69    		db	43,07h,1 + 52 * 2	; tone 263
0850++ ABBD 48 9D       		dw	frq_556
0851++ ABBF 2E 08 6F    		db	46,08h,1 + 55 * 2	; tone 264
0852++ ABC2 E8 96       		dw	frq_264
0853++ ABC4 31 0A 5D    		db	49,0ah,1 + 46 * 2	; tone 266
0854++ ABC7 28 A2       		dw	frq_920
0855++ ABC9 33 0B 63    		db	51,0bh,1 + 49 * 2	; tone 267
0856++ ABCC 70 9F       		dw	frq_726
0857++ ABCE 36 0C 67    		db	54,0ch,1 + 51 * 2	; tone 268
0858++ ABD1 C0 9D       		dw	frq_579
0859++ ABD3 38 0D 6D    		db	56,0dh,1 + 54 * 2	; tone 269
0860++ ABD6 50 98       		dw	frq_338
0861++ ABD8 FF 09 71    		db	255,09h,1 + 56 * 2	; tone 265
0862++ ABDB 48 94       		dw	frq_143
0863++ ABDD             patch_41hdr: 	
0864++ ABDD 3B 98 A3 FF 		db	03bh,098h,0a3h,0ffh
0865++ ABE1             
0866++ ABE1             
0867++ ABE1             ;--- GM 42 = Cello ---
0868++ ABE1             
0869++ ABE1             patch_42: 	
0870++ ABE1 01          		db	1	; transpose on
0871++ ABE2 FD AB       		dw	patch_42hdr
0872++ ABE4 16 12 49    		db	22,12h,1 + 36 * 2	; tone 274
0873++ ABE7 50 95       		dw	frq_203
0874++ ABE9 20 13 5D    		db	32,13h,1 + 46 * 2	; tone 275
0875++ ABEC F8 9E       		dw	frq_701
0876++ ABEE 27 15 59    		db	39,15h,1 + 44 * 2	; tone 277
0877++ ABF1 78 A0       		dw	frq_822
0878++ ABF3 2D 16 67    		db	45,16h,1 + 51 * 2	; tone 278
0879++ ABF6 88 9C       		dw	frq_531
0880++ ABF8 FF 14 73    		db	255,14h,1 + 57 * 2	; tone 276
0881++ ABFB 98 92       		dw	frq_69
0882++ ABFD             patch_42hdr: 	
0883++ ABFD 33 C8 08 FF 		db	033h,0c8h,8,0ffh
0884++ AC01             
0885++ AC01             ;--- GM 43 = Contrabass ---
0886++ AC01             
0887++ AC01             patch_43: 	
0888++ AC01 01          		db	1	; transpose on
0889++ AC02 0E AC       		dw	patch_43hdr
0890++ AC04 12 10 61    		db	18,10h,1 + 48 * 2	; tone 272
0891++ AC07 C0 91       		dw	frq_15
0892++ AC09 FF 11 6D    		db	255,11h,1 + 54 * 2	; tone 273
0893++ AC0C 78 91       		dw	frq_8
0894++ AC0E             patch_43hdr: 	
0895++ AC0E 10 98 90 FF 		db	010h,098h,090h,0ffh
0896++ AC12             
0897++ AC12             ;--- GM 44 = Tremolo Strings ---
0898++ AC12             
0899++ AC12             patch_44: 	
0900++ AC12 01          		db	1	; transpose on
0901++ AC13 2E AC       		dw	patch_44hdr
0902++ AC15 24 B0 30    		db	36,176,24 * 2
0903++ AC18 D0 93       		dw	frq_98
0904++ AC1A 2A 35 60    		db	42,53,48 * 2
0905++ AC1D 60 9D       		dw	frq_557
0906++ AC1F 30 33 6C    		db	48,51,54 * 2
0907++ AC22 38 92       		dw	frq_26
0908++ AC24 3B 34 60    		db	59,52,48 * 2
0909++ AC27 68 9E       		dw	frq_650
0910++ AC29 FF AF 5E    		db	255,175,47 * 2
0911++ AC2C B8 9C       		dw	frq_538
0912++ AC2E             patch_44hdr: 	
0913++ AC2E 38 E0 06 FF 		db	038h,0e0h,6,0ffh
0914++ AC32             
0915++ AC32             
0916++ AC32             ;--- GM 45 = Pizzicato Strings ---
0917++ AC32             
0918++ AC32             patch_45: 	
0919++ AC32 01          		db	1	; transpose on
0920++ AC33 25 A8       		dw	patch_2Bhdr
0921++ AC35 1B B8 48    		db	27,184,36 * 2
0922++ AC38 D8 91       		dw	frq_20
0923++ AC3A 24 B9 66    		db	36,185,51 * 2
0924++ AC3D F8 95       		dw	frq_216
0925++ AC3F 2B BB 60    		db	43,187,48 * 2
0926++ AC42 20 9E       		dw	frq_639
0927++ AC44 31 BA 6E    		db	49,186,55 * 2
0928++ AC47 28 93       		dw	frq_84
0929++ AC49 FF BC 62    		db	255,188,49 * 2
0930++ AC4C B0 9B       		dw	frq_455
0931++ AC4E             
0932++ AC4E             ;--- GM 46 = Harp ---
0933++ AC4E             
0934++ AC4E             patch_46: 	
0935++ AC4E 01          		db	1	; transpose on
0936++ AC4F 5B AC       		dw	patch_46hdr
0937++ AC51 2F 7E 18    		db	47,126,12 * 2
0938++ AC54 A0 99       		dw	frq_360
0939++ AC56 FF 7F 5E    		db	255,127,47 * 2
0940++ AC59 08 9B       		dw	frq_434
0941++ AC5B             patch_46hdr: 	
0942++ AC5B 29 C8 07 FF 		db	029h,0c8h,7,0ffh
0943++ AC5F             
0944++ AC5F             
0945++ AC5F             ;--- GM 47 = Timpani ---
0946++ AC5F             
0947++ AC5F             patch_47: 	
0948++ AC5F 01          		db	1	; transpose on
0949++ AC60 25 A8       		dw	patch_2Bhdr
0950++ AC62 FF 00 49    		db	255,0,1 + 36 * 2	; tone 256
0951++ AC65 10 96       		dw	frq_217
0952++ AC67             
0953++ AC67             
0954++ AC67             ;--- GM 48 = Strings ---
0955++ AC67             
0956++ AC67             patch_48: 	
0957++ AC67 01          		db	1	; transpose on
0958++ AC68 AD A7       		dw	patch_0hdr
0959++ AC6A 24 3C 31    		db	36,03ch,1 + 24 * 2	; tone 316
0960++ AC6D A0 93       		dw	frq_96
0961++ AC6F 2A 3E 61    		db	42,03eh,1 + 48 * 2	; tone 318
0962++ AC72 60 9D       		dw	frq_557
0963++ AC74 30 3D 6D    		db	48,03dh,1 + 54 * 2	; tone 317
0964++ AC77 20 92       		dw	frq_24
0965++ AC79 3B 3F 61    		db	59,03fh,1 + 48 * 2	; tone 319
0966++ AC7C 80 9E       		dw	frq_653
0967++ AC7E FF 40 5F    		db	255,040h,1 + 47 * 2	; tone 320
0968++ AC81 E8 9C       		dw	frq_548
0969++ AC83             
0970++ AC83             ;--- GM 49 = Slow Strings ---
0971++ AC83             
0972++ AC83             patch_49: 	
0973++ AC83 01          		db	1	; transpose on
0974++ AC84 9F AC       		dw	patch_49hdr
0975++ AC86 24 B0 30    		db	36,176, 24 * 2
0976++ AC89 D0 93       		dw	frq_98
0977++ AC8B 2A 35 60    		db	42,53, 48 * 2
0978++ AC8E 60 9D       		dw	frq_557
0979++ AC90 30 33 6C    		db	48,51, 54 * 2
0980++ AC93 50 92       		dw	frq_27
0981++ AC95 3B 34 60    		db	59,52, 48 * 2
0982++ AC98 68 9E       		dw	frq_650
0983++ AC9A FF AF 5E    		db	255,175, 47 * 2
0984++ AC9D B8 9C       		dw	frq_538
0985++ AC9F             patch_49hdr: 	
0986++ AC9F 19 FF       		db	019h,0ffh
0987++ ACA1             
0988++ ACA1             
0989++ ACA1             ;--- GM 50 = Synth Strings 1 ---
0990++ ACA1             
0991++ ACA1             patch_50A: 	
0992++ ACA1 01          		db	1	; transpose on
0993++ ACA2 A9 AC       		dw	patch_50Ahdr
0994++ ACA4 FF 02 30    		db	255,2, 24 * 2
0995++ ACA7 D0 A2       		dw	frq_935
0996++ ACA9             patch_50Ahdr: 	
0997++ ACA9             		db	020h,098h,093h,0b0h,022h,0c8h,06h,0ffh
0997++ ACA9 209893B022C806FF
0998++ ACB1             
0999++ ACB1             patch_50B: 	
1000++ ACB1 01          		db	1	; transpose on
1001++ ACB2 B9 AC       		dw	patch_50Bhdr
1002++ ACB4 FF AE 18    		db	255,174, 12 * 2
1003++ ACB7 70 93       		dw	frq_91
1004++ ACB9             patch_50Bhdr: 	
1005++ ACB9             		db	020h,098h,070h,0c8h,006h,0ffh
1005++ ACB9 209870C806FF
1006++ ACBF             
1007++ ACBF             
1008++ ACBF             ;--- GM 51 = Synth Strings 2 ---
1009++ ACBF             
1010++ ACBF             patch_51A: 	
1011++ ACBF 01          		db	1	; transpose on
1012++ ACC0 C7 AC       		dw	patch_51Ahdr
1013++ ACC2 FF 02 18    		db	255,2, 12 * 2
1014++ ACC5 D0 A2       		dw	frq_935
1015++ ACC7             patch_51Ahdr: 	
1016++ ACC7             		db	019h,098h,070h,0b0h,000h,0c8h,06h,0ffh
1016++ ACC7 199870B000C806FF
1017++ ACCF             
1018++ ACCF             patch_51B: 	
1019++ ACCF 01          		db	1	; transpose on
1020++ ACD0 C7 AC       		dw	patch_51Ahdr
1021++ ACD2 FF 02 18    		db	255,2, 12 * 2
1022++ ACD5 88 A2       		dw	frq_927
1023++ ACD7             
1024++ ACD7             
1025++ ACD7             ;--- GM 52 = Choir Aahs ---
1026++ ACD7             
1027++ ACD7             patch_52: 	
1028++ ACD7 01          		db	1	; transpose on
1029++ ACD8 EE AC       		dw	patch_52hdr
1030++ ACDA 23 18 30    		db	35,24, 24 * 2
1031++ ACDD 68 95       		dw	frq_204
1032++ ACDF 29 19 5E    		db	41,25, 47 * 2
1033++ ACE2 48 A0       		dw	frq_815
1034++ ACE4 30 1A 6A    		db	48,26, 53 * 2
1035++ ACE7 80 95       		dw	frq_206
1036++ ACE9 FF 1B 60    		db	255,27, 48 * 2
1037++ ACEC 58 99       		dw	frq_356
1038++ ACEE             patch_52hdr: 	
1039++ ACEE 1A FF       		db	01ah,0ffh
1040++ ACF0             
1041++ ACF0             ;--- GM 53 = Voice Oohs ---
1042++ ACF0             
1043++ ACF0             patch_53: 	
1044++ ACF0 01          		db	1	; transpose on
1045++ ACF1 F8 AC       		dw	patch_53hdr
1046++ ACF3 FF 29 18    		db	255,41, 12 * 2
1047++ ACF6 00 97       		dw	frq_273
1048++ ACF8             patch_53hdr: 	
1049++ ACF8             		db	020h,098h,0f7h,0b0h,020h,0c8h,8,0ffh
1049++ ACF8 2098F7B020C808FF
1050++ AD00             
1051++ AD00             ;--- GM 54 = Synth Voice ---
1052++ AD00             
1053++ AD00             patch_54: 	
1054++ AD00 01          		db	1	; transpose on
1055++ AD01 08 AD       		dw	patch_54hdr
1056++ AD03 FF 2A 18    		db	255,42, 12 * 2
1057++ AD06 98 95       		dw	frq_208
1058++ AD08             patch_54hdr: 	
1059++ AD08             		db	019h,098h,085h,0b0h,021h,0c8h,7,0ffh
1059++ AD08 199885B021C807FF
1060++ AD10             
1061++ AD10             ;--- GM 55 = Orchestra Hit ---
1062++ AD10             
1063++ AD10             patch_55: 	
1064++ AD10 01          		db	1	; transpose on
1065++ AD11 18 AD       		dw	patch_55hdr
1066++ AD13 FF 49 18    		db	255,73, 12 * 2
1067++ AD16 20 A1       		dw	frq_835
1068++ AD18             patch_55hdr: 	
1069++ AD18 30 FF       		db	030h,0ffh
1070++ AD1A             
1071++ AD1A             ;--- GM 56 = Trumpet ---
1072++ AD1A             
1073++ AD1A             patch_56: 	
1074++ AD1A 01          		db	1	; transpose on
1075++ AD1B 3B AD       		dw	patch_56hdr
1076++ AD1D 25 F6 30    		db	37,246, 24 * 2
1077++ AD20 80 92       		dw	frq_46
1078++ AD22 2C F8 62    		db	44,248, 49 * 2
1079++ AD25 E0 9B       		dw	frq_460
1080++ AD27 31 F7 70    		db	49,247, 56 * 2
1081++ AD2A 08 92       		dw	frq_22
1082++ AD2C 37 FA 62    		db	55,250, 49 * 2
1083++ AD2F 20 9B       		dw	frq_436
1084++ AD31 3E F9 6E    		db	62,249, 55 * 2
1085++ AD34 80 92       		dw	frq_46
1086++ AD36 FF FB 64    		db	255,251, 50 * 2
1087++ AD39 20 9B       		dw	frq_436
1088++ AD3B             patch_56hdr: 	
1089++ AD3B 32 FF       		db	032h,0ffh
1090++ AD3D             
1091++ AD3D             ;--- GM 57 = Trombone ---
1092++ AD3D             
1093++ AD3D             patch_57: 	
1094++ AD3D 01          		db	1	; transpose on
1095++ AD3E 4F AD       		dw	patch_57hdr
1096++ AD40 23 F0 30    		db	35,240, 24 * 2
1097++ AD43 70 96       		dw	frq_228
1098++ AD45 28 F1 5E    		db	40,241, 47 * 2
1099++ AD48 D0 9F       		dw	frq_750
1100++ AD4A FF F2 68    		db	255,242, 52 * 2
1101++ AD4D E8 96       		dw	frq_264
1102++ AD4F             patch_57hdr: 	
1103++ AD4F 21 FF       		db	021h,0ffh
1104++ AD51             
1105++ AD51             ;--- GM 58 = Tuba ---
1106++ AD51             
1107++ AD51             patch_58: 	
1108++ AD51 01          		db	1	; transpose on
1109++ AD52 4F AD       		dw	patch_57hdr
1110++ AD54 16 85 48    		db	22,133, 36 * 2
1111++ AD57 00 9D       		dw	frq_550
1112++ AD59 FF 86 5C    		db	255,134, 46 * 2
1113++ AD5C C8 A1       		dw	frq_908
1114++ AD5E             
1115++ AD5E             ;--- GM 59 = Muted Trumpet ---
1116++ AD5E             
1117++ AD5E             patch_59: 	
1118++ AD5E 01          		db	1	; transpose on
1119++ AD5F 6B AD       		dw	patch_59hdr
1120++ AD61 2E B1 18    		db	46,177, 12 * 2
1121++ AD64 08 9E       		dw	frq_630
1122++ AD66 FF B2 5C    		db	255,178, 46 * 2
1123++ AD69 08 9E       		dw	frq_630
1124++ AD6B             patch_59hdr: 	
1125++ AD6B 28 E0 01 FF 		db	28h,0e0h,1,0ffh
1126++ AD6F             
1127++ AD6F             ;--- GM 60 = French Horn ---
1128++ AD6F             
1129++ AD6F             patch_60: 	
1130++ AD6F 01          		db	1	; transpose on
1131++ AD70 7C AD       		dw	patch_60hdr
1132++ AD72 32 7C 18    		db	50,124, 12 * 2
1133++ AD75 90 97       		dw	frq_290
1134++ AD77 FF 7D 64    		db	255,125, 50 * 2
1135++ AD7A C8 9E       		dw	frq_679
1136++ AD7C             patch_60hdr: 	
1137++ AD7C 1A FF       		db	01ah,0ffh
1138++ AD7E             
1139++ AD7E             ;--- GM 61 = Brass Section ---
1140++ AD7E             
1141++ AD7E             patch_61: 	
1142++ AD7E 01          		db	1	; transpose on
1143++ AD7F 25 A8       		dw	patch_2Bhdr
1144++ AD81 2B FC 18    		db	43,252, 12 * 2
1145++ AD84 60 A0       		dw	frq_820
1146++ AD86 FF FD 56    		db	255,253, 43 * 2
1147++ AD89 F0 A0       		dw	frq_832
1148++ AD8B             
1149++ AD8B             ;--- GM 62 = Synth Brass 1 ---
1150++ AD8B             
1151++ AD8B             patch_62A: 	
1152++ AD8B 01          		db	1	; transpose on
1153++ AD8C CA AD       		dw	patch_62Ahdr
1154++ AD8E 10 D3 60    		db	16,211, 48 * 2
1155++ AD91 F8 A1       		dw	frq_916
1156++ AD93 16 DA 80    		db	22,218, 64 * 2
1157++ AD96 28 99       		dw	frq_354
1158++ AD98 1C D4 74    		db	28,212, 58 * 2
1159++ AD9B F8 A1       		dw	frq_916
1160++ AD9D 22 DB 80    		db	34,219, 64 * 2
1161++ ADA0 C8 98       		dw	frq_345
1162++ ADA2 28 D5 74    		db	40,213, 58 * 2
1163++ ADA5 D0 A2       		dw	frq_935
1164++ ADA7 2E DC 80    		db	46,220, 64 * 2
1165++ ADAA F8 98       		dw	frq_350
1166++ ADAC 34 D6 74    		db	52,214, 58 * 2
1167++ ADAF 58 A2       		dw	frq_925
1168++ ADB1 3A DD 80    		db	58,221, 64 * 2
1169++ ADB4 D0 99       		dw	frq_363
1170++ ADB6 40 D7 74    		db	64,215, 58 * 2
1171++ ADB9 20 A4       		dw	frq_969
1172++ ADBB 46 DE 80    		db	70,222, 64 * 2
1173++ ADBE 50 98       		dw	frq_338
1174++ ADC0 4D D8 74    		db	77,216, 58 * 2
1175++ ADC3 58 A2       		dw	frq_925
1176++ ADC5 FF D9 6A    		db	255,217, 53 * 2
1177++ ADC8 58 A2       		dw	frq_925
1178++ ADCA             patch_62Ahdr: 	
1179++ ADCA 18 FF       		db	018h,0ffh
1180++ ADCC             
1181++ ADCC             
1182++ ADCC             patch_62B: 	
1183++ ADCC 01          		db	1	; transpose on
1184++ ADCD 0B AE       		dw	patch_62Bhdr
1185++ ADCF 10 18 61    		db	16,18h, 1 + 48 * 2	; tone 280
1186++ ADD2 A0 A2       		dw	frq_929
1187++ ADD4 16 19 81    		db	22,19h, 1 + 64 * 2	; tone 281
1188++ ADD7 A0 99       		dw	frq_360
1189++ ADD9 1C 1A 75    		db	28,1ah, 1 + 58 * 2	; tone 282
1190++ ADDC 88 A2       		dw	frq_927
1191++ ADDE 22 1B 81    		db	34,1bh, 1 + 64 * 2	; tone 283
1192++ ADE1 A0 99       		dw	frq_360
1193++ ADE3 28 1C 75    		db	40,1ch, 1 + 58 * 2	; tone 284
1194++ ADE6 18 A3       		dw	frq_939
1195++ ADE8 2E 1D 81    		db	46,1dh, 1 + 64 * 2	; tone 285
1196++ ADEB 18 9A       		dw	frq_366
1197++ ADED 34 1E 75    		db	52,1eh, 1 + 58 * 2	; tone 286
1198++ ADF0 A8 A3       		dw	frq_951
1199++ ADF2 3A 1F 81    		db	58,1fh, 1 + 64 * 2	; tone 287
1200++ ADF5 18 9A       		dw	frq_366
1201++ ADF7 40 20 75    		db	64,20h, 1 + 58 * 2	; tone 288
1202++ ADFA 50 A4       		dw	frq_977
1203++ ADFC 46 21 81    		db	70,21h, 1 + 64 * 2	; tone 289
1204++ ADFF 98 98       		dw	frq_342
1205++ AE01 4D 22 75    		db	77,22h, 1 + 58 * 2	; tone 290
1206++ AE04 88 A2       		dw	frq_927
1207++ AE06 FF 23 6B    		db	255,23h, 1 + 53 * 2	; tone 291
1208++ AE09 88 A2       		dw	frq_927
1209++ AE0B             patch_62Bhdr: 	
1210++ AE0B             		db	018h,098h,0a5h,0b0h,011h,0ffh
1210++ AE0B 1898A5B011FF
1211++ AE11             
1212++ AE11             
1213++ AE11             ;--- GM 63 = Synth Brass 2 ---
1214++ AE11             ; B zachter dan A, vals??
1215++ AE11             
1216++ AE11             patch_63A: 	
1217++ AE11 01          		db	1	; transpose on
1218++ AE12 50 AE       		dw	patch_63Ahdr
1219++ AE14 10 18 61    		db	16,18h, 1 + 48 * 2	; tone 280
1220++ AE17 B8 A2       		dw	frq_931
1221++ AE19 16 19 81    		db	22,19h, 1 + 64 * 2	; tone 281
1222++ AE1C B8 99       		dw	frq_361
1223++ AE1E 1C 1A 75    		db	28,1ah, 1 + 58 * 2	; tone 282
1224++ AE21 A0 A2       		dw	frq_929
1225++ AE23 22 1B 81    		db	34,1bh, 1 + 64 * 2	; tone 283
1226++ AE26 B8 99       		dw	frq_361
1227++ AE28 28 1C 75    		db	40,1ch, 1 + 58 * 2	; tone 284
1228++ AE2B 30 A3       		dw	frq_941
1229++ AE2D 2E 1D 81    		db	46,1dh, 1 + 64 * 2	; tone 285
1230++ AE30 30 9A       		dw	frq_367
1231++ AE32 34 1E 75    		db	52,1eh, 1 + 58 * 2	; tone 286
1232++ AE35 D8 A3       		dw	frq_953
1233++ AE37 3A 1F 81    		db	58,1fh, 1 + 64 * 2	; tone 287
1234++ AE3A 30 9A       		dw	frq_367
1235++ AE3C 40 20 75    		db	64,20h, 1 + 58 * 2	; tone 288
1236++ AE3F 68 A4       		dw	frq_978
1237++ AE41 46 21 81    		db	70,21h, 1 + 64 * 2	; tone 289
1238++ AE44 B0 98       		dw	frq_343
1239++ AE46 4D 22 75    		db	77,22h, 1 + 58 * 2	; tone 290
1240++ AE49 A0 A2       		dw	frq_929
1241++ AE4B FF 23 6B    		db	255,23h, 1 + 53 * 2	; tone 291
1242++ AE4E A0 A2       		dw	frq_929
1243++ AE50             patch_63Ahdr: 	
1244++ AE50 26 FF       		db	026h,0ffh
1245++ AE52             
1246++ AE52             
1247++ AE52             patch_63B: 	
1248++ AE52 01          		db	1	; transpose on
1249++ AE53 5A AE       		dw	patch_63Bhdr
1250++ AE55 FF 24 19    		db	255,24h, 1 + 12 * 2	; tone 292
1251++ AE58 60 9D       		dw	frq_557
1252++ AE5A             patch_63Bhdr: 	
1253++ AE5A 22 FF       		db	022h,0ffh
1254++ AE5C             
1255++ AE5C             ;--- GM 64 = Soprano Sax ---
1256++ AE5C             
1257++ AE5C             patch_64: 	
1258++ AE5C 01          		db	1	; transpose on
1259++ AE5D D9 AA       		dw	patch_30hdr
1260++ AE5F 28 E3 18    		db	40,227, 12 * 2
1261++ AE62 F8 9E       		dw	frq_701
1262++ AE64 2E E4 68    		db	46,228, 52 * 2
1263++ AE67 F8 95       		dw	frq_216
1264++ AE69 34 E5 5C    		db	52,229, 46 * 2
1265++ AE6C B0 9E       		dw	frq_677
1266++ AE6E 3A E6 68    		db	58,230, 52 * 2
1267++ AE71 A0 96       		dw	frq_242
1268++ AE73 41 E7 5C    		db	65,231, 46 * 2
1269++ AE76 70 9F       		dw	frq_726
1270++ AE78 FF E8 82    		db	255,232, 65 * 2
1271++ AE7B 88 93       		dw	frq_94
1272++ AE7D             
1273++ AE7D             ;--- GM 65 = Alto Sax ---
1274++ AE7D             
1275++ AE7D             patch_65: 	
1276++ AE7D 01          		db	1	; transpose on
1277++ AE7E C1 AE       		dw	patch_65hdr
1278++ AE80 1B 92 48    		db	27,146, 36 * 2
1279++ AE83 50 92       		dw	frq_27
1280++ AE85 1E 96 66    		db	30,150, 51 * 2
1281++ AE88 B8 9F       		dw	frq_737
1282++ AE8A 23 99 6C    		db	35,153, 54 * 2
1283++ AE8D D8 9A       		dw	frq_385
1284++ AE8F 24 8F 76    		db	36,143, 59 * 2
1285++ AE92 A0 96       		dw	frq_242
1286++ AE94 27 93 78    		db	39,147, 60 * 2
1287++ AE97 80 92       		dw	frq_46
1288++ AE99 2A 97 66    		db	42,151, 51 * 2
1289++ AE9C E8 9F       		dw	frq_775
1290++ AE9E 2D 9A 6C    		db	45,154, 54 * 2
1291++ AEA1 E0 9B       		dw	frq_460
1292++ AEA3 30 90 72    		db	48,144, 57 * 2
1293++ AEA6 F8 95       		dw	frq_216
1294++ AEA8 33 94 78    		db	51,148, 60 * 2
1295++ AEAB 08 92       		dw	frq_22
1296++ AEAD 35 98 66    		db	53,152, 51 * 2
1297++ AEB0 88 9F       		dw	frq_727
1298++ AEB2 39 9B 6A    		db	57,155, 53 * 2
1299++ AEB5 28 9C       		dw	frq_480
1300++ AEB7 3C 91 72    		db	60,145, 57 * 2
1301++ AEBA 90 97       		dw	frq_290
1302++ AEBC FF 95 78    		db	255,149, 60 * 2
1303++ AEBF 88 93       		dw	frq_94
1304++ AEC1             patch_65hdr: 	
1305++ AEC1 19 C8 0B FF 		db	019h,0c8h,000bh,0ffh
1306++ AEC5             
1307++ AEC5             ;--- GM 66 = Tenor Sax ---
1308++ AEC5             
1309++ AEC5             patch_66: 	
1310++ AEC5 01          		db	1	; transpose on
1311++ AEC6 47 AB       		dw	patch_36hdr
1312++ AEC8 19 E9 48    		db	25,233, 36 * 2
1313++ AECB E0 92       		dw	frq_75
1314++ AECD 1D EA 62    		db	29,234, 49 * 2
1315++ AED0 40 9F       		dw	frq_715
1316++ AED2 23 EB 6A    		db	35,235, 53 * 2
1317++ AED5 70 96       		dw	frq_228
1318++ AED7 2A ED 5E    		db	42,237, 47 * 2
1319++ AEDA 80 9E       		dw	frq_653
1320++ AEDC 30 EC 6C    		db	48,236, 54 * 2
1321++ AEDF B0 92       		dw	frq_70
1322++ AEE1 3A EE 60    		db	58,238, 48 * 2
1323++ AEE4 88 9C       		dw	frq_531
1324++ AEE6 FF EF 5C    		db	255,239, 46 * 2
1325++ AEE9 28 A2       		dw	frq_920
1326++ AEEB             
1327++ AEEB             
1328++ AEEB             ;--- GM 67 = Baritone Sax ---
1329++ AEEB             
1330++ AEEB             patch_67: 	
1331++ AEEB 01          		db	1	; transpose on
1332++ AEEC 47 AB       		dw	patch_36hdr
1333++ AEEE 16 DF 48    		db	22,223, 36 * 2
1334++ AEF1 C0 97       		dw	frq_299
1335++ AEF3 1D E1 5C    		db	29,225, 46 * 2
1336++ AEF6 D0 9C       		dw	frq_545
1337++ AEF8 22 E2 6A    		db	34,226, 53 * 2
1338++ AEFB C0 97       		dw	frq_299
1339++ AEFD FF E0 5C    		db	255,224, 46 * 2
1340++ AF00 B0 A1       		dw	frq_874
1341++ AF02             
1342++ AF02             ;--- GM 68 = Oboe ---
1343++ AF02             
1344++ AF02             patch_68: 	
1345++ AF02 01          		db	1	; transpose on
1346++ AF03 23 AF       		dw	patch_68hdr
1347++ AF05 25 42 18    		db	37,66, 12 * 2
1348++ AF08 28 A2       		dw	frq_920
1349++ AF0A 2C 44 62    		db	44,68, 49 * 2
1350++ AF0D 50 98       		dw	frq_338
1351++ AF0F 32 43 58    		db	50,67, 44 * 2
1352++ AF12 28 A2       		dw	frq_920
1353++ AF14 38 46 64    		db	56,70, 50 * 2
1354++ AF17 38 98       		dw	frq_335
1355++ AF19 3E 45 58    		db	62,69, 44 * 2
1356++ AF1C 28 A2       		dw	frq_920
1357++ AF1E FF 47 64    		db	255,71, 50 * 2
1358++ AF21 38 98       		dw	frq_335
1359++ AF23             patch_68hdr: 	
1360++ AF23 39 FF       		db	039h,0ffh
1361++ AF25             
1362++ AF25             ;--- GM 69 = English Horn ---
1363++ AF25             
1364++ AF25             patch_69: 	
1365++ AF25 01          		db	1	; transpose on
1366++ AF26 37 AF       		dw	patch_69hdr
1367++ AF28 21 3C 30    		db	33,60, 24 * 2
1368++ AF2B B8 96       		dw	frq_254
1369++ AF2D 27 3B 5A    		db	39,59, 45 * 2
1370++ AF30 D0 9F       		dw	frq_750
1371++ AF32 FF 3D 66    		db	255,61, 51 * 2
1372++ AF35 A0 96       		dw	frq_242
1373++ AF37             patch_69hdr: 	
1374++ AF37 31 FF       		db	031h,0ffh
1375++ AF39             
1376++ AF39             ;--- GM 70 = Bassoon ---
1377++ AF39             
1378++ AF39             patch_70: 	
1379++ AF39 01          		db	1	; transpose on
1380++ AF3A 37 AF       		dw	patch_69hdr
1381++ AF3C 0B 38 60    		db	11,56, 48 * 2
1382++ AF3F C8 92       		dw	frq_73
1383++ AF41 17 3A 5E    		db	23,58, 47 * 2
1384++ AF44 A0 9C       		dw	frq_532
1385++ AF46 FF 39 76    		db	255,57, 59 * 2
1386++ AF49 E0 92       		dw	frq_75
1387++ AF4B             
1388++ AF4B             ;--- GM 71 = Clarinet ---
1389++ AF4B             
1390++ AF4B             patch_71: 	
1391++ AF4B 01          		db	1	; transpose on
1392++ AF4C 62 AF       		dw	patch_71hdr
1393++ AF4E 24 9E 30    		db	36,158, 24 * 2
1394++ AF51 18 A0       		dw	frq_810
1395++ AF53 2A A0 78    		db	42,160, 60 * 2
1396++ AF56 78 97       		dw	frq_288
1397++ AF58 33 9F 6C    		db	51,159, 54 * 2
1398++ AF5B 70 9F       		dw	frq_726
1399++ AF5D FF A1 66    		db	255,161, 51 * 2
1400++ AF60 28 A2       		dw	frq_920
1401++ AF62             patch_71hdr: 	
1402++ AF62 29 FF       		db	029h,0ffh
1403++ AF64             
1404++ AF64             ;--- GM 72 = Piccolo ---
1405++ AF64             
1406++ AF64             patch_72: 	
1407++ AF64 01          		db	1	; transpose on
1408++ AF65 80 AF       		dw	patch_72hdr
1409++ AF67 29 71 30    		db	41,113, 24 * 2
1410++ AF6A 88 93       		dw	frq_94
1411++ AF6C 36 72 6A    		db	54,114, 53 * 2
1412++ AF6F 00 94       		dw	frq_118
1413++ AF71 3C 73 6C    		db	60,115, 54 * 2
1414++ AF74 88 93       		dw	frq_94
1415++ AF76 48 74 78    		db	72,116, 60 * 2
1416++ AF79 78 97       		dw	frq_288
1417++ AF7B FF 75 78    		db	255,117, 60 * 2
1418++ AF7E 28 A2       		dw	frq_920
1419++ AF80             patch_72hdr: 	
1420++ AF80 38 E0 02 FF 		db	038h,0e0h,2,0ffh
1421++ AF84             
1422++ AF84             ;--- GM 73 = Flute ---
1423++ AF84             
1424++ AF84             patch_73: 	
1425++ AF84 01          		db	1	; transpose on
1426++ AF85 80 AF       		dw	patch_72hdr
1427++ AF87 29 71 30    		db	41,113, 24 * 2
1428++ AF8A 88 93       		dw	frq_94
1429++ AF8C 36 72 6A    		db	54,114, 53 * 2
1430++ AF8F 00 94       		dw	frq_118
1431++ AF91 FF 73 6C    		db	255,115, 54 * 2
1432++ AF94 88 93       		dw	frq_94
1433++ AF96             
1434++ AF96             ;--- GM 74 = Recorder ---
1435++ AF96             
1436++ AF96             patch_74: 	
1437++ AF96 01          		db	1	; transpose on
1438++ AF97 9E AF       		dw	patch_74hdr
1439++ AF99 FF BD 30    		db	255,189, 24 * 2
1440++ AF9C 48 94       		dw	frq_143
1441++ AF9E             patch_74hdr: 	
1442++ AF9E 30 E0 01 FF 		db	030h,0e0h,1,0ffh
1443++ AFA2             
1444++ AFA2             ;--- GM 75 = Pan Flute ---
1445++ AFA2             
1446++ AFA2             patch_75: 	
1447++ AFA2 01          		db	1	; transpose on
1448++ AFA3 AA AF       		dw	patch_75hdr
1449++ AFA5 FF 77 00    		db	255,119, 0 * 2
1450++ AFA8 F8 9B       		dw	frq_461
1451++ AFAA             patch_75hdr: 	
1452++ AFAA 30 E0 03 FF 		db	030h,0e0h,3,0ffh
1453++ AFAE             
1454++ AFAE             ;--- GM 76 = Blown Bottle ---
1455++ AFAE             
1456++ AFAE             patch_76A: 	
1457++ AFAE 01          		db	1	; transpose on
1458++ AFAF B6 AF       		dw	patch_76Ahdr
1459++ AFB1 FF 77 00    		db	255,119, 0 * 2
1460++ AFB4 F8 9B       		dw	frq_461
1461++ AFB6             patch_76Ahdr: 	
1462++ AFB6 38 E0 01 FF 		db	038h,0e0h,1,0ffh
1463++ AFBA             
1464++ AFBA             patch_76B: 	
1465++ AFBA 01          		db	1	; transpose on
1466++ AFBB C2 AF       		dw	patch_76Bhdr
1467++ AFBD FF 25 1D    		db	255,25h, 1 + (12 + 2) * 2 ;31h	; tone 293
1468++ AFC0 F0 91       		dw	frq_21
1469++ AFC2             patch_76Bhdr: 	
1470++ AFC2 00 FF       		db	0h,0ffh
1471++ AFC4             
1472++ AFC4             ;--- GM 77 = Shakuhachi ---
1473++ AFC4             
1474++ AFC4             patch_77A: 		
1475++ AFC4 01          		db	1	; transpose on
1476++ AFC5 AA AF       		dw	patch_75hdr
1477++ AFC7 FF AB 18    		db	255,171, 12 * 2
1478++ AFCA 20 A4       		dw	frq_969
1479++ AFCC             
1480++ AFCC             patch_77B: 	
1481++ AFCC 01          		db	1	; transpose on
1482++ AFCD D4 AF       		dw	patch_77Bhdr
1483++ AFCF FF 76 18    		db	255,118, 12 * 2
1484++ AFD2 C8 98       		dw	frq_345
1485++ AFD4             patch_77Bhdr: 	
1486++ AFD4 28 E0 02 FF 		db	028h,0e0h,2,0ffh
1487++ AFD8             
1488++ AFD8             ;--- GM 78 = Whistle ---
1489++ AFD8             
1490++ AFD8             patch_78: 	
1491++ AFD8 01          		db	1	; transpose on
1492++ AFD9 E0 AF       		dw	patch_78hdr
1493++ AFDB FF AA 00    		db	255,170, 0 * 2
1494++ AFDE 88 93       		dw	frq_94
1495++ AFE0             patch_78hdr: 	
1496++ AFE0 2C 98 70 FF 		db	02ch,098h,070h,0ffh
1497++ AFE4             
1498++ AFE4             ;--- GM 79 = Ocarina ---
1499++ AFE4             
1500++ AFE4             patch_79: 	
1501++ AFE4 01          		db	1	; transpose on
1502++ AFE5 EC AF       		dw	patch_79hdr
1503++ AFE7 FF AA 00    		db	255,170, 0 * 2
1504++ AFEA 88 93       		dw	frq_94
1505++ AFEC             patch_79hdr: 	
1506++ AFEC 29 E0 01 FF 		db	029h,0e0h,1,0ffh
1507++ AFF0             
1508++ AFF0             ;--- GM 80 = Lead 1 (square) ---
1509++ AFF0             
1510++ AFF0             patch_80A: 	
1511++ AFF0 01          		db	1	; transpose on
1512++ AFF1 11 B0       		dw	patch_80Ahdr
1513++ AFF3 13 CC 78    		db	19,204, 60 * 2
1514++ AFF6 80 98       		dw	frq_341
1515++ AFF8 1F CD 6E    		db	31,205, 55 * 2
1516++ AFFB B0 98       		dw	frq_343
1517++ AFFD 2B CA 6E    		db	43,202, 55 * 2
1518++ B000 B0 98       		dw	frq_343
1519++ B002 37 CF 6E    		db	55,207, 55 * 2
1520++ B005 B0 98       		dw	frq_343
1521++ B007 43 CE 6E    		db	67,206, 55 * 2
1522++ B00A B0 98       		dw	frq_343
1523++ B00C FF CB 6E    		db	255,203, 55 * 2
1524++ B00F B0 98       		dw	frq_343
1525++ B011             patch_80Ahdr: 	
1526++ B011 38 98 C6 FF 		db	038h,098h,0c6h,0ffh
1527++ B015             
1528++ B015             
1529++ B015             patch_80B: 	
1530++ B015 01          		db	1	; transpose on
1531++ B016 36 B0       		dw	patch_80Bhdr
1532++ B018 13 CC 78    		db	19,204, 60 * 2
1533++ B01B 38 98       		dw	frq_335
1534++ B01D 1F CD 6E    		db	31,205, 55 * 2
1535++ B020 50 98       		dw	frq_338
1536++ B022 2B CA 6E    		db	43,202, 55 * 2
1537++ B025 50 98       		dw	frq_338
1538++ B027 37 CF 6E    		db	55,207, 55 * 2
1539++ B02A 50 98       		dw	frq_338
1540++ B02C 43 CE 6E    		db	67,206, 55 * 2
1541++ B02F 50 98       		dw	frq_338
1542++ B031 FF CB 6E    		db	255,203, 55 * 2
1543++ B034 50 98       		dw	frq_338
1544++ B036             patch_80Bhdr: 	
1545++ B036 08 98 C6 FF 		db	008h,098h,0c6h,0ffh
1546++ B03A             
1547++ B03A             
1548++ B03A             ;--- GM 81 = Lead 2 (sawtooth) ---
1549++ B03A             
1550++ B03A             patch_81A: 	
1551++ B03A 01          		db	1	; transpose on
1552++ B03B 79 B0       		dw	patch_81Ahdr
1553++ B03D 10 18 61    		db	16,18h, 1 + 48 * 2	; tone 280
1554++ B040 88 A2       		dw	frq_927
1555++ B042 16 19 81    		db	22,19h, 1 + 64 * 2	; tone 281
1556++ B045 88 99       		dw	frq_358
1557++ B047 1C 1A 75    		db	28,1ah, 1 + 58 * 2	; tone 282
1558++ B04A 58 A2       		dw	frq_925
1559++ B04C 22 1B 81    		db	34,1bh, 1 + 64 * 2	; tone 283
1560++ B04F 88 99       		dw	frq_358
1561++ B051 28 1C 75    		db	40,1ch, 1 + 58 * 2	; tone 284
1562++ B054 E8 A2       		dw	frq_936
1563++ B056 2E 1D 81    		db	46,1dh, 1 + 64 * 2	; tone 285
1564++ B059 E8 99       		dw	frq_364
1565++ B05B 34 1E 75    		db	52,1eh, 1 + 58 * 2	; tone 286
1566++ B05E 78 A3       		dw	frq_949
1567++ B060 3A 1F 81    		db	58,1fh, 1 + 64 * 2	; tone 287
1568++ B063 E8 99       		dw	frq_364
1569++ B065 40 20 75    		db	64,20h, 1 + 58 * 2	; tone 288
1570++ B068 38 A4       		dw	frq_974
1571++ B06A 46 21 81    		db	70,21h, 1 + 64 * 2	; tone 289
1572++ B06D 68 98       		dw	frq_340
1573++ B06F 4F 22 75    		db	79,22h, 1 + 58 * 2	; tone 290
1574++ B072 58 A2       		dw	frq_925
1575++ B074 FF 23 6F    		db	255,23h, 1 + 55 * 2	; tone 291
1576++ B077 58 A2       		dw	frq_925
1577++ B079             patch_81Ahdr: 	
1578++ B079             		db	030h,098h,0f2h,0b0h,022h,0c8h,00ah,0ffh
1578++ B079 3098F2B022C80AFF
1579++ B081             
1580++ B081             patch_81B: 	
1581++ B081 01          		db	1	; transpose on
1582++ B082 79 B0       		dw	patch_81Ahdr
1583++ B084 10 18 61    		db	16,18h, 1 + 48 * 2	; tone 280
1584++ B087 10 A2       		dw	frq_918
1585++ B089 16 19 81    		db	22,19h, 1 + 64 * 2	; tone 281
1586++ B08C 10 99       		dw	frq_352
1587++ B08E 1C 1A 75    		db	28,1ah, 1 + 58 * 2	; tone 282
1588++ B091 F8 A1       		dw	frq_916
1589++ B093 22 1B 81    		db	34,1bh, 1 + 64 * 2	; tone 283
1590++ B096 10 99       		dw	frq_352
1591++ B098 28 1C 75    		db	40,1ch, 1 + 58 * 2	; tone 284
1592++ B09B 88 A2       		dw	frq_927
1593++ B09D 2E 1D 81    		db	46,1dh, 1 + 64 * 2	; tone 285
1594++ B0A0 88 99       		dw	frq_358
1595++ B0A2 34 1E 75    		db	52,1eh, 1 + 58 * 2	; tone 286
1596++ B0A5 30 A3       		dw	frq_941
1597++ B0A7 3A 1F 81    		db	58,1fh, 1 + 64 * 2	; tone 287
1598++ B0AA 88 99       		dw	frq_358
1599++ B0AC 40 20 75    		db	64,20h, 1 + 58 * 2	; tone 288
1600++ B0AF 08 A4       		dw	frq_966
1601++ B0B1 46 21 81    		db	70,21h, 1 + 64 * 2	; tone 289
1602++ B0B4 20 98       		dw	frq_333
1603++ B0B6 4F 22 75    		db	79,22h, 1 + 58 * 2	; tone 290
1604++ B0B9 F8 A1       		dw	frq_916
1605++ B0BB FF 23 6F    		db	255,23h, 1 + 55 * 2	; tone 291
1606++ B0BE F8 A1       		dw	frq_916
1607++ B0C0             
1608++ B0C0             ;--- GM 82 = Lead 3 (calliope) ---
1609++ B0C0             
1610++ B0C0             patch_82A: 	
1611++ B0C0 01          		db	1	; transpose on
1612++ B0C1 C8 B0       		dw	patch_82Ahdr
1613++ B0C3 FF AA 00    		db	255,170, 0 * 2
1614++ B0C6 88 93       		dw	frq_94
1615++ B0C8             patch_82Ahdr: 	
1616++ B0C8 28 E0 02 FF 		db	028h,0e0h,2,0ffh
1617++ B0CC             
1618++ B0CC             patch_82B: 	
1619++ B0CC 01          		db	1	; transpose on
1620++ B0CD D4 B0       		dw	patch_82Bhdr
1621++ B0CF FF 76 18    		db	255,118, 12 * 2
1622++ B0D2 C8 98       		dw	frq_345
1623++ B0D4             patch_82Bhdr: 	
1624++ B0D4             		db	028h,098h,0b0h,0e0h,2,0ffh
1624++ B0D4 2898B0E002FF
1625++ B0DA             
1626++ B0DA             ;--- GM 83 = Lead 4 (chiff) ---
1627++ B0DA             
1628++ B0DA             patch_83A: 	
1629++ B0DA 01          		db	1	; transpose on
1630++ B0DB E2 B0       		dw	patch_83Ahdr
1631++ B0DD FF 3A 19    		db	255,3ah, 1 + 12 * 2	; tone 314
1632++ B0E0 F0 97       		dw	frq_314
1633++ B0E2             patch_83Ahdr: 	
1634++ B0E2 2A E0 01 FF 		db	02ah,0e0h,1,0ffh
1635++ B0E6             
1636++ B0E6             patch_83B: 	
1637++ B0E6 01          		db	1	; transpose on
1638++ B0E7 25 A8       		dw	patch_2Bhdr
1639++ B0E9 FF FE 18    		db	255,254, 12 * 2
1640++ B0EC D8 97       		dw	frq_311
1641++ B0EE             
1642++ B0EE             
1643++ B0EE             ;--- GM 84 = Lead 5 (charang) ---
1644++ B0EE             
1645++ B0EE             patch_84A: 	
1646++ B0EE 01          		db	1	; transpose on
1647++ B0EF FB B0       		dw	patch_84Ahdr
1648++ B0F1 29 A5 48    		db	41,165, 36 * 2
1649++ B0F4 88 96       		dw	frq_231
1650++ B0F6 FF A6 82    		db	255,166, 65 * 2
1651++ B0F9 10 9C       		dw	frq_462
1652++ B0FB             patch_84Ahdr: 	
1653++ B0FB 33 FF       		db	033h,0ffh
1654++ B0FD             
1655++ B0FD             patch_84B: 	
1656++ B0FD 01          		db	1	; transpose on
1657++ B0FE 3C B1       		dw	patch_84Bhdr
1658++ B100 10 18 61    		db	16,18h, 1 + 48 * 2	; tone 280
1659++ B103 10 A2       		dw	frq_918
1660++ B105 16 19 81    		db	22,19h, 1 + 64 * 2	; tone 281
1661++ B108 10 99       		dw	frq_352
1662++ B10A 1C 1A 75    		db	28,1ah, 1 + 58 * 2	; tone 282
1663++ B10D F8 A1       		dw	frq_916
1664++ B10F 22 1B 81    		db	34,1bh, 1 + 64 * 2	; tone 283
1665++ B112 10 99       		dw	frq_352
1666++ B114 28 1C 75    		db	40,1ch, 1 + 58 * 2	; tone 284
1667++ B117 88 A2       		dw	frq_927
1668++ B119 2E 1D 81    		db	46,1dh, 1 + 64 * 2	; tone 285
1669++ B11C 88 99       		dw	frq_358
1670++ B11E 34 1E 75    		db	52,1eh, 1 + 58 * 2	; tone 286
1671++ B121 30 A3       		dw	frq_941
1672++ B123 3A 1F 81    		db	58,1fh, 1 + 64 * 2	; tone 287
1673++ B126 88 99       		dw	frq_358
1674++ B128 40 20 75    		db	64,20h, 1 + 58 * 2	; tone 288
1675++ B12B 08 A4       		dw	frq_966
1676++ B12D 46 21 81    		db	70,21h, 1 + 64 * 2	; tone 289
1677++ B130 20 98       		dw	frq_333
1678++ B132 4F 22 75    		db	79,22h, 1 + 58 * 2	; tone 290
1679++ B135 F8 A1       		dw	frq_916
1680++ B137 FF 23 6F    		db	255,23h, 1 + 55 * 2	; tone 291
1681++ B13A F8 A1       		dw	frq_916
1682++ B13C             patch_84Bhdr: 	
1683++ B13C             		db	02ah,098h,0f2h,0b0h,022h,0c8h,00eh,0ffh
1683++ B13C 2A98F2B022C80EFF
1684++ B144             
1685++ B144             
1686++ B144             ;--- GM 85 = Lead 6 (voice) ---
1687++ B144             
1688++ B144             patch_85A: 	
1689++ B144 01          		db	1	; transpose on
1690++ B145 4C B1       		dw	patch_85Ahdr
1691++ B147 FF AA 00    		db	255,170, 0 * 2
1692++ B14A D0 93       		dw	frq_98
1693++ B14C             patch_85Ahdr: 	
1694++ B14C 2E FF       		db	02eh,0ffh
1695++ B14E             
1696++ B14E             patch_85B: 	
1697++ B14E 01          		db	1	; transpose on
1698++ B14F 56 B1       		dw	patch_85Bhdr
1699++ B151 FF 2A 18    		db	255,42, 12 * 2
1700++ B154 68 95       		dw	frq_204
1701++ B156             patch_85Bhdr: 	
1702++ B156             		db	029h,098h,0f0h,0c8h,00ah,0ffh
1702++ B156 2998F0C80AFF
1703++ B15C             
1704++ B15C             
1705++ B15C             ;--- GM 86 = Lead 7 (fifths) ---
1706++ B15C             
1707++ B15C             patch_86A: 	
1708++ B15C 01          		db	1	; transpose on
1709++ B15D 9B B1       		dw	patch_86Ahdr
1710++ B15F 10 18 61    		db	16,18h, 1 + 48 * 2	; tone 280
1711++ B162 10 A2       		dw	frq_918
1712++ B164 16 19 81    		db	22,19h, 1 + 64 * 2	; tone 281
1713++ B167 10 99       		dw	frq_352
1714++ B169 1C 1A 75    		db	28,1ah, 1 + 58 * 2	; tone 282
1715++ B16C F8 A1       		dw	frq_916
1716++ B16E 22 1B 81    		db	34,1bh, 1 + 64 * 2	; tone 283
1717++ B171 10 99       		dw	frq_352
1718++ B173 28 1C 75    		db	40,1ch, 1 + 58 * 2	; tone 284
1719++ B176 88 A2       		dw	frq_927
1720++ B178 2E 1D 81    		db	46,1dh, 1 + 64 * 2	; tone 285
1721++ B17B 88 99       		dw	frq_358
1722++ B17D 34 1E 75    		db	52,1eh, 1 + 58 * 2	; tone 286
1723++ B180 30 A3       		dw	frq_941
1724++ B182 3A 1F 81    		db	58,1fh, 1 + 64 * 2	; tone 287
1725++ B185 88 99       		dw	frq_358
1726++ B187 40 20 75    		db	64,20h, 1 + 58 * 2	; tone 288
1727++ B18A 08 A4       		dw	frq_966
1728++ B18C 46 21 81    		db	70,21h, 1 + 64 * 2	; tone 289
1729++ B18F 20 98       		dw	frq_333
1730++ B191 4F 22 75    		db	79,22h, 1 + 58 * 2	; tone 290
1731++ B194 F8 A1       		dw	frq_916
1732++ B196 FF 23 6F    		db	255,23h, 1 + 55 * 2	; tone 291
1733++ B199 F8 A1       		dw	frq_916
1734++ B19B             patch_86Ahdr: 	
1735++ B19B 32 98 F5 FF 		db	032h,098h,0f5h,0ffh
1736++ B19F             
1737++ B19F             patch_86B: 	
1738++ B19F 01          		db	1	; transpose on
1739++ B1A0 A7 B1       		dw	patch_86Bhdr
1740++ B1A2 FF 02 18    		db	255,2, 12 * 2
1741++ B1A5 A0 A2       		dw	frq_929
1742++ B1A7             patch_86Bhdr: 	
1743++ B1A7             		db	031h,098h,0b3h,0b0h,022h,0c8h,00bh,0ffh
1743++ B1A7 3198B3B022C80BFF
1744++ B1AF             
1745++ B1AF             ;--- GM 87 = Lead 8 (bass + lead) ---
1746++ B1AF             
1747++ B1AF             patch_87A: 	
1748++ B1AF 01          		db	1	; transpose on
1749++ B1B0 92 AA       		dw	patch_27hdr
1750++ B1B2 FF 17 61    		db	255,17h, 1 + 48 * 2	; tone 279
1751++ B1B5 28 96       		dw	frq_219
1752++ B1B7             
1753++ B1B7             
1754++ B1B7             ;--- GM 88 = Pad 1 (new age) ---
1755++ B1B7             ; B zachter dan A
1756++ B1B7             patch_88A: 	
1757++ B1B7 01          		db	1	; transpose on
1758++ B1B8 BF B1       		dw	patch_88Ahdr
1759++ B1BA FF 02 18    		db	255,2, 12 * 2
1760++ B1BD 88 A2       		dw	frq_927
1761++ B1BF             patch_88Ahdr: 	
1762++ B1BF 24 FF       		db	024h,0ffh
1763++ B1C1             
1764++ B1C1             patch_88B: 	
1765++ B1C1 01          		db	1	; transpose on
1766++ B1C2 C9 B1       		dw	patch_88Bhdr
1767++ B1C4 FF F3 18    		db	255,243, 12 * 2
1768++ B1C7 58 9F       		dw	frq_721
1769++ B1C9             patch_88Bhdr: 	
1770++ B1C9             		db	023h,098h,0a2h,0b0h,014h,0c8h,6,0e0h,1,0ffh
1770++ B1C9 2398A2B014C806E001FF
1771++ B1D3             
1772++ B1D3             ;--- GM 89 = Pad 2 (warm) ---
1773++ B1D3             ; B zachter dan A
1774++ B1D3             patch_89A: 	
1775++ B1D3 01          		db	1	; transpose on
1776++ B1D4 DB B1       		dw	patch_89Ahdr
1777++ B1D6 FF 4E 30    		db	255,78, 24 * 2
1778++ B1D9 A8 9A       		dw	frq_379
1779++ B1DB             patch_89Ahdr: 	
1780++ B1DB 2A E0 02 FF 		db	02ah,0e0h,2,0ffh
1781++ B1DF             
1782++ B1DF             patch_89B: 	
1783++ B1DF 01          		db	1	; transpose on
1784++ B1E0 5A AE       		dw	patch_63Bhdr
1785++ B1E2 FF 29 18    		db	255,41, 12 * 2
1786++ B1E5 D0 96       		dw	frq_261
1787++ B1E7             
1788++ B1E7             
1789++ B1E7             ;--- GM 90 = Pad 3 (polysynth) ---
1790++ B1E7             
1791++ B1E7             patch_90A: 	
1792++ B1E7 01          		db	1	; transpose on
1793++ B1E8 26 B2       		dw	patch_90Ahdr
1794++ B1EA 10 18 61    		db	16,18h, 1 + 48 * 2	; tone 280
1795++ B1ED A0 A2       		dw	frq_929
1796++ B1EF 16 19 81    		db	22,19h, 1 + 64 * 2	; tone 281
1797++ B1F2 A0 99       		dw	frq_360
1798++ B1F4 1C 1A 75    		db	28,1ah, 1 + 58 * 2	; tone 282
1799++ B1F7 88 A2       		dw	frq_927
1800++ B1F9 22 1B 81    		db	34,1bh, 1 + 64 * 2	; tone 283
1801++ B1FC A0 99       		dw	frq_360
1802++ B1FE 28 1C 75    		db	40,1ch, 1 + 58 * 2	; tone 284
1803++ B201 18 A3       		dw	frq_939
1804++ B203 2E 1D 81    		db	46,1dh, 1 + 64 * 2	; tone 285
1805++ B206 18 9A       		dw	frq_366
1806++ B208 34 1E 75    		db	52,1eh, 1 + 58 * 2	; tone 286
1807++ B20B A8 A3       		dw	frq_951
1808++ B20D 3A 1F 81    		db	58,1fh, 1 + 64 * 2	; tone 287
1809++ B210 18 9A       		dw	frq_366
1810++ B212 40 20 75    		db	64,20h, 1 + 58 * 2	; tone 288
1811++ B215 50 A4       		dw	frq_977
1812++ B217 46 21 81    		db	70,21h, 1 + 64 * 2	; tone 289
1813++ B21A 80 98       		dw	frq_341
1814++ B21C 4F 22 75    		db	79,22h, 1 + 58 * 2	; tone 290
1815++ B21F 88 A2       		dw	frq_927
1816++ B221 FF 23 6F    		db	255,23h, 1 + 55 * 2	; tone 291
1817++ B224 88 A2       		dw	frq_927
1818++ B226             patch_90Ahdr: 	
1819++ B226             		db	023h,098h,0f2h,0b0h,022h,0c8h,007h,0e0h,1,0ffh
1819++ B226 2398F2B022C807E001FF
1820++ B230             
1821++ B230             patch_90B: 	
1822++ B230 01          		db	1	; transpose on
1823++ B231 38 B2       		dw	patch_90Bhdr
1824++ B233 FF 24 19    		db	255,24h, 1 + 12 * 2	; tone 292
1825++ B236 00 9D       		dw	frq_550
1826++ B238             patch_90Bhdr: 	
1827++ B238 22 98 E5 FF 		db	022h,098h,0e5h,0ffh
1828++ B23C             
1829++ B23C             ;--- GM 91 = Pad 4 (choir) ---
1830++ B23C             
1831++ B23C             patch_91A: 	
1832++ B23C 01          		db	1	; transpose on
1833++ B23D 53 B2       		dw	patch_91Ahdr
1834++ B23F 23 18 30    		db	35,24, 24 * 2
1835++ B242 68 95       		dw	frq_204
1836++ B244 29 19 5E    		db	41,25, 47 * 2
1837++ B247 48 A0       		dw	frq_815
1838++ B249 30 1A 6A    		db	48,26, 53 * 2
1839++ B24C 80 95       		dw	frq_206
1840++ B24E FF 1B 60    		db	255,27, 48 * 2
1841++ B251 58 99       		dw	frq_356
1842++ B253             patch_91Ahdr: 	
1843++ B253 25 C8 06 FF 		db	025h,0c8h,006h,0ffh
1844++ B257             
1845++ B257             patch_91B: 	
1846++ B257 01          		db	1	; transpose on
1847++ B258 5F B2       		dw	patch_91Bhdr
1848++ B25A FF 2A 18    		db	255,42, 12 * 2
1849++ B25D 98 95       		dw	frq_208
1850++ B25F             patch_91Bhdr: 	
1851++ B25F             		db	024h,098h,065h,0b0h,021h,0ffh
1851++ B25F 249865B021FF
1852++ B265             
1853++ B265             ;--- GM 92 = Pad 5 (bowed) ---
1854++ B265             
1855++ B265             patch_92A: 	
1856++ B265 01          		db	1	; transpose on
1857++ B266 6D B2       		dw	patch_92Ahdr
1858++ B268 FF 02 31    		db	255,2, 1 + 24 * 2	; tone 257
1859++ B26B 40 93       		dw	frq_88
1860++ B26D             patch_92Ahdr: 	
1861++ B26D             		db	019h,098h,044h,0e0h,2,0ffh
1861++ B26D 199844E002FF
1862++ B273             
1863++ B273             patch_92B: 	
1864++ B273 01          		db	1	; transpose on
1865++ B274 7B B2       		dw	patch_92Bhdr
1866++ B276 FF AA 00    		db	255,170, 0 * 2
1867++ B279 58 93       		dw	frq_89
1868++ B27B             patch_92Bhdr: 	
1869++ B27B             		db	019h,098h,040h,0c8h,6,0ffh
1869++ B27B 199840C806FF
1870++ B281             
1871++ B281             ;--- GM 93 = Pad 6 (metallic) ---
1872++ B281             
1873++ B281             patch_93A: 	
1874++ B281 01          		db	1	; transpose on
1875++ B282 98 B2       		dw	patch_93Ahdr
1876++ B284 1A 0C 48    		db	26,12, 36 * 2
1877++ B287 68 9B       		dw	frq_445
1878++ B289 21 0D 64    		db	33,13, 50 * 2
1879++ B28C 98 9B       		dw	frq_450
1880++ B28E 30 0E 5A    		db	48,14, 45 * 2
1881++ B291 C0 A0       		dw	frq_828
1882++ B293 FF 0F 60    		db	255,15, 48 * 2
1883++ B296 C0 A0       		dw	frq_828
1884++ B298             patch_93Ahdr: 	
1885++ B298             		db	00ah,0b0h,003h,0c8h,6,0ffh
1885++ B298 0AB003C806FF
1886++ B29E             
1887++ B29E             patch_93B: 	
1888++ B29E 01          		db	1	; transpose on
1889++ B29F A6 B2       		dw	patch_93Bhdr
1890++ B2A1 FF 3F 18    		db	255,63, 12 * 2
1891++ B2A4 E0 9E       		dw	frq_698
1892++ B2A6             patch_93Bhdr: 	
1893++ B2A6 31 98 85 FF 		db	031h,098h,085h,0ffh
1894++ B2AA             
1895++ B2AA             ;--- GM 94 = Pad 7 (halo) ---
1896++ B2AA             patch_94A: 	
1897++ B2AA 01          		db	1	; transpose on
1898++ B2AB EE AC       		dw	patch_52hdr
1899++ B2AD FF 24 19    		db	255,24h, 1 + 12 * 2	; 292
1900++ B2B0 A8 9D       		dw	frq_560
1901++ B2B2             
1902++ B2B2             patch_94B: 	
1903++ B2B2 01          		db	1	; transpose on
1904++ B2B3 9D A8       		dw	patch_5Ahdr
1905++ B2B5 FF 2A 18    		db	255,42, 12 * 2
1906++ B2B8 38 95       		dw	frq_202
1907++ B2BA             
1908++ B2BA             
1909++ B2BA             ;--- GM 95 = Pad 8 (sweep) ---
1910++ B2BA             
1911++ B2BA             patch_95A: 	
1912++ B2BA 01          		db	1	; transpose on
1913++ B2BB F9 B2       		dw	patch_95Ahdr
1914++ B2BD 10 D3 60    		db	16,211, 48 * 2
1915++ B2C0 28 A2       		dw	frq_920
1916++ B2C2 16 DA 80    		db	22,218, 64 * 2
1917++ B2C5 58 99       		dw	frq_356
1918++ B2C7 1C D4 74    		db	28,212, 58 * 2
1919++ B2CA 28 A2       		dw	frq_920
1920++ B2CC 22 DB 80    		db	34,219, 64 * 2
1921++ B2CF E0 98       		dw	frq_348
1922++ B2D1 28 D5 74    		db	40,213, 58 * 2
1923++ B2D4 00 A3       		dw	frq_937
1924++ B2D6 2E DC 80    		db	46,220, 64 * 2
1925++ B2D9 10 99       		dw	frq_352
1926++ B2DB 34 D6 74    		db	52,214, 58 * 2
1927++ B2DE 70 A2       		dw	frq_926
1928++ B2E0 3A DD 80    		db	58,221, 64 * 2
1929++ B2E3 00 9A       		dw	frq_365
1930++ B2E5 40 D7 74    		db	64,215, 58 * 2
1931++ B2E8 38 A4       		dw	frq_974	; 975
1932++ B2EA 46 DE 80    		db	70,222, 64 * 2
1933++ B2ED 80 98       		dw	frq_341
1934++ B2EF 4C D8 74    		db	76,216, 58 * 2
1935++ B2F2 70 A2       		dw	frq_926
1936++ B2F4 FF D9 68    		db	255,217, 52 * 2
1937++ B2F7 70 A2       		dw	frq_926
1938++ B2F9             patch_95Ahdr: 	
1939++ B2F9             		db	019h,098h,015h,0c8h,6,0ffh
1939++ B2F9 199815C806FF
1940++ B2FF             
1941++ B2FF             patch_95B: 	
1942++ B2FF 01          		db	1	; transpose on
1943++ B300 3E B3       		dw	patch_95Bhdr
1944++ B302 10 D3 60    		db	16,211, 48 * 2
1945++ B305 E0 A1       		dw	frq_909
1946++ B307 16 DA 80    		db	22,218, 64 * 2
1947++ B30A F8 98       		dw	frq_350
1948++ B30C 1C D4 74    		db	28,212, 58 * 2
1949++ B30F E0 A1       		dw	frq_909
1950++ B311 22 DB 80    		db	34,219, 64 * 2
1951++ B314 68 98       		dw	frq_340
1952++ B316 28 D5 74    		db	40,213, 58 * 2
1953++ B319 88 A2       		dw	frq_927
1954++ B31B 2E DC 80    		db	46,220, 64 * 2
1955++ B31E C8 98       		dw	frq_345
1956++ B320 34 D6 74    		db	52,214, 58 * 2
1957++ B323 F8 A1       		dw	frq_916
1958++ B325 3A DD 80    		db	58,221, 64 * 2
1959++ B328 70 99       		dw	frq_357
1960++ B32A 40 D7 74    		db	64,215, 58 * 2
1961++ B32D F0 A3       		dw	frq_964
1962++ B32F 46 DE 80    		db	70,222, 64 * 2
1963++ B332 20 98       		dw	frq_333
1964++ B334 4C D8 74    		db	76,216, 58 * 2
1965++ B337 70 A2       		dw	frq_926
1966++ B339 FF D9 68    		db	255,217, 52 * 2
1967++ B33C F8 A1       		dw	frq_916
1968++ B33E             
1969++ B33E             patch_95Bhdr: 	
1970++ B33E             		db	018h,098h,015h,0c8h,6,0ffh
1970++ B33E 189815C806FF
1971++ B344             
1972++ B344             ;--- GM 96 = Rain ---
1973++ B344             
1974++ B344             patch_96: 	
1975++ B344 00          		db	0	; transpose off
1976++ B345 6A A9       		dw	patch_15Bhdr
1977++ B347 FF 43 63    		db	255,43h, 1 + (48 + 1) * 2	; tone 323
1978++ B34A 80 9B       		dw	frq_448
1979++ B34C             
1980++ B34C             
1981++ B34C             ;--- GM 97 = Soundtrack ---
1982++ B34C             
1983++ B34C             patch_97A: 	
1984++ B34C 01          		db	1	; transpose on
1985++ B34D 54 B3       		dw	patch_97Ahdr
1986++ B34F FF 02 30    		db	255,2, 24 * 2
1987++ B352 88 A2       		dw	frq_927
1988++ B354             patch_97Ahdr: 	
1989++ B354 2A 98 60 FF 		db	02ah,098h,060h,0ffh
1990++ B358             
1991++ B358             patch_97B: 	
1992++ B358 01          		db	1	; transpose on
1993++ B359 60 B3       		dw	patch_97Bhdr
1994++ B35B FF F3 00    		db	255,243, 0 * 2
1995++ B35E 10 9F       		dw	frq_704
1996++ B360             patch_97Bhdr: 	
1997++ B360             		db	02dh,098h,052h,0b0h,014h,0c8h,006h,0e0h,2,0ffh
1997++ B360 2D9852B014C806E002FF
1998++ B36A             
1999++ B36A             ;--- GM 98 = Crystal ---
2000++ B36A             
2001++ B36A             patch_98A: 	
2002++ B36A 01          		db	1	; transpose on
2003++ B36B 72 B3       		dw	patch_98Ahdr
2004++ B36D FF F3 00    		db	255,243, 0 * 2
2005++ B370 48 94       		dw	frq_143
2006++ B372             patch_98Ahdr: 	
2007++ B372 33 FF       		db	033h,0ffh
2008++ B374             
2009++ B374             patch_98B: 	
2010++ B374 01          		db	1	; transpose on
2011++ B375 86 B3       		dw	patch_98Bhdr
2012++ B377 15 6D 48    		db	21,109, 36 * 2
2013++ B37A A8 A0       		dw	frq_824
2014++ B37C 1F 6E 5A    		db	31,110, 45 * 2
2015++ B37F D8 A0       		dw	frq_831
2016++ B381 FF 6F 56    		db	255,111, 43 * 2
2017++ B384 50 A1       		dw	frq_843
2018++ B386             patch_98Bhdr: 	
2019++ B386             		db	03bh,098h,085h,0c8h,6,0ffh
2019++ B386 3B9885C806FF
2020++ B38C             
2021++ B38C             ;--- GM 99 = Atmosphere ---
2022++ B38C             
2023++ B38C             patch_99A: 	
2024++ B38C 01          		db	1	; transpose on
2025++ B38D 94 B3       		dw	patch_99Ahdr
2026++ B38F FF 02 30    		db	255,2, 24 * 2
2027++ B392 88 A2       		dw	frq_927
2028++ B394             patch_99Ahdr: 	
2029++ B394             		db	032h,098h,073h,0b0h,022h,0c8h,6,0e0h,1,0ffh
2029++ B394 329873B022C806E001FF
2030++ B39E             
2031++ B39E             patch_99B: 	
2032++ B39E 01          		db	1	; transpose on
2033++ B39F BA B3       		dw	patch_99Bhdr
2034++ B3A1 18 B3 48    		db	24,179, 36 * 2
2035++ B3A4 C8 9B       		dw	frq_459
2036++ B3A6 1F B7 60    		db	31,183, 48 * 2
2037++ B3A9 30 9D       		dw	frq_555
2038++ B3AB 25 B5 6E    		db	37,181, 55 * 2
2039++ B3AE F0 91       		dw	frq_21
2040++ B3B0 2C B4 62    		db	44,180, 49 * 2
2041++ B3B3 C8 9B       		dw	frq_459
2042++ B3B5 FF B6 58    		db	255,182, 44 * 2
2043++ B3B8 70 9F       		dw	frq_726
2044++ B3BA             patch_99Bhdr: 	
2045++ B3BA             		db	032h,0c8h,7,0e0h,2,0ffh
2045++ B3BA 32C807E002FF
2046++ B3C0             
2047++ B3C0             ;--- GM 100 = Brightness ---
2048++ B3C0             
2049++ B3C0             patch_100A: 	
2050++ B3C0 01          		db	1	; transpose on
2051++ B3C1 6A A9       		dw	patch_15Bhdr
2052++ B3C3 FF 37 31    		db	255,37h, 1 + 24 * 2	; tone 311
2053++ B3C6 18 9A       		dw	frq_366
2054++ B3C8             
2055++ B3C8             patch_100B: 	
2056++ B3C8 01          		db	1	; transpose on
2057++ B3C9 D0 B3       		dw	patch_100Bhdr
2058++ B3CB FF 2A 18    		db	255,42, 12 * 2
2059++ B3CE 98 95       		dw	frq_208
2060++ B3D0             patch_100Bhdr: 	
2061++ B3D0 29 C8 06 FF 		db	029h,0c8h,6,0ffh
2062++ B3D4             
2063++ B3D4             ;--- GM 102 = Echoes ---
2064++ B3D4             
2065++ B3D4             patch_102A: 	
2066++ B3D4 01          		db	1	; transpose on
2067++ B3D5 DC B3       		dw	patch_102Ahdr
2068++ B3D7 FF 24 31    		db	255,24h, 1 + 24 * 2	; tone 292
2069++ B3DA 18 9D       		dw	frq_552
2070++ B3DC             patch_102Ahdr: 	
2071++ B3DC             		db	02bh,098h,0f5h,0b0h,021h,0c8h,6,0ffh
2071++ B3DC 2B98F5B021C806FF
2072++ B3E4             
2073++ B3E4             patch_102B: 	
2074++ B3E4 01          		db	1	; transpose on
2075++ B3E5 EC B3       		dw	patch_102Bhdr
2076++ B3E7 FF 2A 18    		db	255,42, 12 * 2
2077++ B3EA B0 95       		dw	frq_211
2078++ B3EC             patch_102Bhdr: 	
2079++ B3EC             		db	02bh,098h,085h,0b0h,023h,0c8h,7,0ffh
2079++ B3EC 2B9885B023C807FF
2080++ B3F4             
2081++ B3F4             ;--- GM 103 = FX 8 (sci-fi) ---
2082++ B3F4             
2083++ B3F4             patch_103A: 	
2084++ B3F4 01          		db	1	; transpose on
2085++ B3F5 0B B4       		dw	patch_103Ahdr
2086++ B3F7 1A 0C 48    		db	26,12, 36 * 2
2087++ B3FA 50 9B       		dw	frq_443
2088++ B3FC 21 0D 64    		db	33,13, 50 * 2
2089++ B3FF 80 9B       		dw	frq_448
2090++ B401 30 0E 5A    		db	48,14, 45 * 2
2091++ B404 A8 A0       		dw	frq_824
2092++ B406 FF 0F 60    		db	255,15, 48 * 2
2093++ B409 A8 A0       		dw	frq_824
2094++ B40B             patch_103Ahdr: 	
2095++ B40B             		db	02bh,098h,090h,0c8h,6,0e0h,3,0ffh
2095++ B40B 2B9890C806E003FF
2096++ B413             
2097++ B413             patch_103B: 	
2098++ B413 01          		db	1	; transpose on
2099++ B414 5A AE       		dw	patch_63Bhdr
2100++ B416 FF 02 18    		db	255,2, 12 * 2
2101++ B419 58 A2       		dw	frq_925
2102++ B41B             
2103++ B41B             
2104++ B41B             ;--- GM 104 = Sitar ---
2105++ B41B             
2106++ B41B             patch_104: 	
2107++ B41B 01          		db	1	; transpose on
2108++ B41C 23 B4       		dw	patch_104hdr
2109++ B41E FF 0F 19    		db	255,0fh, 1 + 12 * 2	; tone 271
2110++ B421 80 A1       		dw	frq_847
2111++ B423             patch_104hdr: 	
2112++ B423             		db	032h,098h,0f4h,0b0h,015h,0c8h,016h,0e0h,1,0ffh
2112++ B423 3298F4B015C816E001FF
2113++ B42D             
2114++ B42D             ;--- GM 105 = Banjo ---
2115++ B42D             
2116++ B42D             patch_105: 	
2117++ B42D 01          		db	1	; transpose on
2118++ B42E 06 AA       		dw	patch_23Ahdr
2119++ B430 1D 13 30    		db	29,19, 24 * 2
2120++ B433 38 9E       		dw	frq_641
2121++ B435 21 14 6A    		db	33,20, 53 * 2
2122++ B438 50 95       		dw	frq_203
2123++ B43A 25 12 5A    		db	37,18, 45 * 2
2124++ B43D 60 A3       		dw	frq_944
2125++ B43F 2D 15 62    		db	45,21, 49 * 2
2126++ B442 78 97       		dw	frq_288
2127++ B444 35 17 5A    		db	53,23, 45 * 2
2128++ B447 B0 9E       		dw	frq_677
2129++ B449 FF 16 6A    		db	255,22, 53 * 2
2130++ B44C 68 92       		dw	frq_45
2131++ B44E             
2132++ B44E             ;--- GM 106 = Shamisen ---
2133++ B44E             
2134++ B44E             patch_106: 	
2135++ B44E 01          		db	1	; transpose on
2136++ B44F 25 A8       		dw	patch_2Bhdr
2137++ B451 FF 0E 19    		db	255,0eh, 1 + 12 * 2	; tone 270
2138++ B454 B8 93       		dw	frq_97
2139++ B456             
2140++ B456             ;--- GM 107 = Koto ---
2141++ B456             
2142++ B456             patch_107: 	
2143++ B456 01          		db	1	; transpose on
2144++ B457 AD A7       		dw	patch_0hdr
2145++ B459 FF A9 18    		db	255,169, 12 * 2
2146++ B45C 48 9D       		dw	frq_556
2147++ B45E             
2148++ B45E             
2149++ B45E             ;--- GM 108 = Kalimba ---
2150++ B45E             
2151++ B45E             patch_108: 	
2152++ B45E 01          		db	1	; transpose on
2153++ B45F 06 AA       		dw	patch_23Ahdr
2154++ B461 FF 37 19    		db	255,37h, 1 + 12 * 2	; tone 311
2155++ B464 18 9A       		dw	frq_366
2156++ B466             
2157++ B466             
2158++ B466             ;--- GM 109 = Bagpipes ---
2159++ B466             
2160++ B466             patch_109A: 	
2161++ B466 01          		db	1	; transpose on
2162++ B467 73 B4       		dw	patch_109Ahdr
2163++ B469 22 A4 60    		db	34,164, 48 * 2
2164++ B46C 60 91       		dw	frq_1
2165++ B46E FF A8 5C    		db	255,168, 46 * 2
2166++ B471 38 98       		dw	frq_335
2167++ B473             patch_109Ahdr: 	
2168++ B473 1C FF       		db	01ch,0ffh
2169++ B475             
2170++ B475             
2171++ B475             patch_109B: 	
2172++ B475 01          		db	1	; transpose on
2173++ B476 82 B4       		dw	patch_109Bhdr
2174++ B478 22 A7 60    		db	34,167, 48 * 2
2175++ B47B 48 91       		dw	frq_0
2176++ B47D FF A8 5C    		db	255,168, 46 * 2
2177++ B480 38 98       		dw	frq_335
2178++ B482             patch_109Bhdr: 	
2179++ B482 19 FF       		db	019h,0ffh
2180++ B484             
2181++ B484             ;--- GM 110 = Fiddle ---
2182++ B484             
2183++ B484             patch_110: 	
2184++ B484 01          		db	1	; transpose on
2185++ B485 37 AF       		dw	patch_69hdr
2186++ B487 23 05 31    		db	35,05h, 1 + 24 * 2	; tone 261
2187++ B48A 78 97       		dw	frq_288
2188++ B48C 28 02 77    		db	40,02h, 1 + 59 * 2	; tone 258
2189++ B48F 98 92       		dw	frq_69
2190++ B491 2A 06 69    		db	42,06h, 1 + 52 * 2	; tone 262
2191++ B494 08 9E       		dw	frq_630
2192++ B496 2D 07 6D    		db	45,07h, 1 + 54 * 2	; tone 263
2193++ B499 48 9D       		dw	frq_556
2194++ B49B 30 08 73    		db	48,08h, 1 + 57 * 2	; tone 264
2195++ B49E E8 96       		dw	frq_264
2196++ B4A0 33 0A 61    		db	51,0ah, 1 + 48 * 2	; tone 266
2197++ B4A3 28 A2       		dw	frq_920
2198++ B4A5 35 0B 67    		db	53,0bh, 1 + 51 * 2	; tone 267
2199++ B4A8 70 9F       		dw	frq_726
2200++ B4AA 37 0C 6B    		db	55,0ch, 1 + 53 * 2	; tone 268
2201++ B4AD C0 9D       		dw	frq_579
2202++ B4AF 3A 0D 6F    		db	58,0dh, 1 + 55 * 2	; tone 269
2203++ B4B2 50 98       		dw	frq_338
2204++ B4B4 FF 09 75    		db	255,09h, 1 + 58 * 2	; tone 265
2205++ B4B7 48 94       		dw	frq_143
2206++ B4B9             
2207++ B4B9             ;--- GM 111 = Shanai ---
2208++ B4B9             
2209++ B4B9             patch_111: 	
2210++ B4B9 01          		db	1	; transpose on
2211++ B4BA C1 B4       		dw	patch_111hdr
2212++ B4BC FF 41 48    		db	255,65, 36 * 2
2213++ B4BF 80 9B       		dw	frq_448
2214++ B4C1             patch_111hdr: 	
2215++ B4C1 31 C8 09 FF 		db	031h,0c8h,9,0ffh
2216++ B4C5             
2217++ B4C5             ;--- GM 112 = Tinkle Bell ---
2218++ B4C5             
2219++ B4C5             patch_112A: 	
2220++ B4C5 01          		db	1	; transpose on
2221++ B4C6 CD B4       		dw	patch_112Ahdr
2222++ B4C8 FF F3 00    		db	255,243, 0 * 2
2223++ B4CB 58 9F       		dw	frq_721
2224++ B4CD             patch_112Ahdr: 	
2225++ B4CD 3B 98 D6 FF 		db	03bh,098h,0d6h,0ffh
2226++ B4D1             
2227++ B4D1             patch_112B: 	
2228++ B4D1 01          		db	1	; transpose on
2229++ B4D2 83 A9       		dw	patch_17hdr
2230++ B4D4 FF 37 49    		db	255,37h, 1 + 36 * 2	; 311
2231++ B4D7 C8 95       		dw	frq_214
2232++ B4D9             
2233++ B4D9             ;--- GM 113 = Agogo ---
2234++ B4D9             
2235++ B4D9             patch_113: 	
2236++ B4D9 00          		db	0	; transpose off
2237++ B4DA 06 AA       		dw	patch_23Ahdr
2238++ B4DC FF 0B 18    		db	255,11, 12 * 2
2239++ B4DF 10 96       		dw	frq_217
2240++ B4E1             
2241++ B4E1             
2242++ B4E1             ;--- GM 114 = Steel Drums ---
2243++ B4E1             
2244++ B4E1             patch_114A: 	
2245++ B4E1 00          		db	0	; transpose off
2246++ B4E2 E9 B4       		dw	patch_114Ahdr
2247++ B4E4 FF FE 18    		db	255,254, 12 * 2
2248++ B4E7 08 98       		dw	frq_317
2249++ B4E9             patch_114Ahdr: 	
2250++ B4E9 38 E0 01 FF 		db	038h,0e0h,1,0ffh
2251++ B4ED             
2252++ B4ED             patch_114B: 	
2253++ B4ED 00          		db	0	; transpose off
2254++ B4EE F5 B4       		dw	patch_114Bhdr
2255++ B4F0 FF 01 49    		db	255,1, 1 + 36 * 2	; tone 257
2256++ B4F3 20 95       		dw	frq_195
2257++ B4F5             patch_114Bhdr: 	
2258++ B4F5             		db	038h,098h,0b0h,0b0h,005h,0e0h,1,0ffh
2258++ B4F5 3898B0B005E001FF
2259++ B4FD             
2260++ B4FD             ;--- GM 115 = Woodblock ---
2261++ B4FD             
2262++ B4FD             patch_115: 	
2263++ B4FD 00          		db	0	; transpose off
2264++ B4FE 05 B5       		dw	patch_115hdr
2265++ B500 FF 2C 30    		db	255,44, 24 * 2
2266++ B503 40 99       		dw	frq_355
2267++ B505             patch_115hdr: 	
2268++ B505 00 FF       		db	0,0ffh
2269++ B507             
2270++ B507             ;--- GM 116 = Taiko Drum ---
2271++ B507             
2272++ B507             patch_116: 	
2273++ B507 00          		db	0	; transpose off
2274++ B508 06 AA       		dw	patch_23Ahdr
2275++ B50A FF 3E 18    		db	255,62, 12 * 2
2276++ B50D 10 96       		dw	frq_217
2277++ B50F             
2278++ B50F             ;--- GM 117 = Melodic Tom ---
2279++ B50F             
2280++ B50F             patch_117: 	
2281++ B50F 00          		db	0	; transpose off
2282++ B510 17 B5       		dw	patch_117hdr
2283++ B512 FF C7 48    		db	255,199, 36 * 2
2284++ B515 D8 9D       		dw	frq_616
2285++ B517             patch_117hdr: 	
2286++ B517 38 C8 01 FF 		db	038h,0c8h,1,0ffh
2287++ B51B             
2288++ B51B             ;--- GM 118 = Synth Drum ---
2289++ B51B             
2290++ B51B             patch_118: 	
2291++ B51B 00          		db	0	; transpose off
2292++ B51C 06 AA       		dw	patch_23Ahdr
2293++ B51E FF 26 30    		db	255,38, 24 * 2
2294++ B521 50 92       		dw	frq_27
2295++ B523             
2296++ B523             ;--- GM 119 = Reverse Cymbal ---
2297++ B523             
2298++ B523             patch_119: 	
2299++ B523 00          		db	0	; transpose off
2300++ B524 2B B5       		dw	patch_119hdr
2301++ B526 FF 31 48    		db	255,49, 36 * 2
2302++ B529 48 94       		dw	frq_143
2303++ B52B             patch_119hdr: 	
2304++ B52B 38 C8 09 FF 		db	038h,0c8h,9,0ffh
2305++ B52F             
2306++ B52F             ;--- GM 120 = Gtr Fret Noise ---
2307++ B52F             
2308++ B52F             patch_120: 	
2309++ B52F 00          		db	0	; transpose off
2310++ B530 06 AA       		dw	patch_23Ahdr
2311++ B532 FF 38 31    		db	255,38h, 1 + 24 * 2	; tone 312
2312++ B535 28 99       		dw	frq_354
2313++ B537             
2314++ B537             ;--- GM 121 = Breath Noise ---
2315++ B537             
2316++ B537             patch_121: 	
2317++ B537 00          		db	0	; transpose off
2318++ B538 06 AA       		dw	patch_23Ahdr
2319++ B53A FF 25 31    		db	255,25h, 1 + 24 * 2	; tone 293
2320++ B53D A0 9F       		dw	frq_733
2321++ B53F             
2322++ B53F             ;--- GM 122 = Sea Shore ---
2323++ B53F             
2324++ B53F             patch_122A: 	
2325++ B53F 00          		db	0	; transpose off
2326++ B540 47 B5       		dw	patch_122Ahdr
2327++ B542 FF 08 48    		db	255,8, 36 * 2
2328++ B545 E8 96       		dw	frq_264
2329++ B547             patch_122Ahdr: 	
2330++ B547 00 C8 04 FF 		db	0,0c8h,4,0ffh
2331++ B54B             
2332++ B54B             patch_122B: 	
2333++ B54B 00          		db	0	; transpose off
2334++ B54C 53 B5       		dw	patch_122Bhdr
2335++ B54E FF 37 60    		db	255,55, 48 * 2
2336++ B551 50 95       		dw	frq_203
2337++ B553             patch_122Bhdr: 	
2338++ B553             		db	0,098h,020h,0b0h,4,0c8h,5,0e0h,0,0ffh
2338++ B553 009820B004C805E000FF
2339++ B55D             
2340++ B55D             
2341++ B55D             ;--- GM 124 = Telephone / Bird ---
2342++ B55D             
2343++ B55D             patch_124: 	
2344++ B55D 00          		db	0	; transpose off
2345++ B55E 05 B5       		dw	patch_115hdr
2346++ B560             ;		db	48, 3, 36 * 2
2347++ B560             ;		dw	frq_27
2348++ B560             ;		db	255, 9, 36 * 2
2349++ B560 FF 03 48    		db	255, 3, 36 * 2
2350++ B563 50 92       		dw	frq_27
2351++ B565             ;		dw	frq_203
2352++ B565             
2353++ B565             
2354++ B565             ;--- GM 125 = Helicopter ---
2355++ B565             
2356++ B565             patch_125A: 	
2357++ B565 00          		db	0	; transpose off
2358++ B566 6D B5       		dw	patch_125Ahdr
2359++ B568 FF 01 30    		db	255, 1, 24 * 2
2360++ B56B A8 9D       		dw	frq_560
2361++ B56D             patch_125Ahdr: 	
2362++ B56D 08 C8 07 FF 		db	8,0c8h,7,0ffh
2363++ B571             
2364++ B571 00          patch_125B: 	db	0	; transpose off
2365++ B572 79 B5       		dw	patch_125Bhdr
2366++ B574 FF 37 48    		db	255, 55, 36 * 2
2367++ B577 10 9C       		dw	frq_462
2368++ B579             patch_125Bhdr: 	
2369++ B579             		db	0,0c8h,7,0e0h,0,0ffh
2369++ B579 00C807E000FF
2370++ B57F             
2371++ B57F             
2372++ B57F             ;--- GM 126 = Applause ---
2373++ B57F             
2374++ B57F             patch_126A: 	
2375++ B57F 00          		db	0	; transpose off
2376++ B580 87 B5       		dw	patch_126Ahdr
2377++ B582 FF 36 30    		db	255, 54, 24 * 2
2378++ B585 F8 95       		dw	frq_216
2379++ B587             patch_126Ahdr: 	
2380++ B587 0F 98 70 FF 		db	0fh,098h,070h,0ffh
2381++ B58B             
2382++ B58B             patch_126B: 	
2383++ B58B 00          		db	0	; transpose off
2384++ B58C 93 B5       		dw	patch_126Bhdr
2385++ B58E FF 36 30    		db	255, 54, 24 * 2
2386++ B591 10 9C       		dw	frq_462
2387++ B593             patch_126Bhdr: 	
2388++ B593 07 98 70 FF 		db	07h,098h,070h,0ffh
2389++ B597             
2390++ B597             ;--- GM 127 = Gunshot / Snare ---
2391++ B597             
2392++ B597             patch_127: 	
2393++ B597 00          		db	0	; transpose off
2394++ B598 9F B5       		dw	patch_127hdr
2395++ B59A FF 39 31    		db	255, 39h, 1 + 24 * 2	; tone 313
2396++ B59D             ;		db	48,39h, 1 + 24 * 2	; tone 313
2397++ B59D 50 95       		dw	frq_203
2398++ B59F             ;        	db      255, 59, 1 + 24 * 2
2399++ B59F             ;		db	255, 120, 0 + 24 * 2
2400++ B59F             ;		dw	frq_203
2401++ B59F             patch_127hdr: 	
2402++ B59F 38 C8 03 FF 		db	038h,0c8h,3,0ffh
2403++ B5A3             
2404++ B5A3             ;--- Drum patch 1 ---
2405++ B5A3             
2406++ B5A3             drum_1: 	
2407++ B5A3 00          		db	0	; transpose off
2408++ B5A4 AB B5       		dw	drum_1hdr
2409++ B5A6 FF 11 30    		db	255, 17, 24 * 2
2410++ B5A9             ;		db	48,17, 24 * 2	; tone 17
2411++ B5A9 E8 96       		dw	frq_264
2412++ B5AB             ;		db	255,191, 36 * 2	; tone 191
2413++ B5AB             ;		dw	frq_264
2414++ B5AB             drum_1hdr: 	
2415++ B5AB             		db	0,098h,0f4h,0b0h,0feh,0c8h,6,0ffh
2415++ B5AB 0098F4B0FEC806FF
2416++ B5B3             
2417++ B5B3             ;--- Drum patch 2 ---
2418++ B5B3             
2419++ B5B3             drum_2: 	
2420++ B5B3 00          		db	0	; transpose off
2421++ B5B4 BB B5       		dw	drum_2hdr
2422++ B5B6 FF D1 30    		db	255, 209, 24 * 2	; tone 209
2423++ B5B9             ;		db	48,209, 24 * 2	; tone 209
2424++ B5B9 C8 A1       		dw	frq_908
2425++ B5BB             ;		db	255,197, 24 * 2	; tone 197
2426++ B5BB             ;		dw	frq_908
2427++ B5BB             drum_2hdr: 	
2428++ B5BB             		db	0,098h,0f5h,0b0h,0f2h,0c8h,6,0ffh
2428++ B5BB 0098F5B0F2C806FF
2429++ B5C3             
2430++ B5C3             
2431++ B5C3             ;--- Drum patch 3 ---
2432++ B5C3             
2433++ B5C3             drum_3: 		
2434++ B5C3 00          		db	0	; transpose off
2435++ B5C4 CB B5       		dw	drum_3hdr
2436++ B5C6 FF 0A 30    		db	255,10, 24 * 2	; tone 10
2437++ B5C9 98 9E       		dw	frq_654
2438++ B5CB             drum_3hdr: 	
2439++ B5CB             		db	0,098h,0f4h,0b0h,0f2h,0c8h,6,0ffh
2439++ B5CB 0098F4B0F2C806FF
2440++ B5D3             
2441++ B5D3             ;--- Drum patch 4 ---
2442++ B5D3             
2443++ B5D3             drum_4: 		
2444++ B5D3 00          		db	0	; transpose off
2445++ B5D4 CB B5       		dw	drum_3hdr
2446++ B5D6 FF 1C 30    		db	255,28, 24 * 2	; tone 28
2447++ B5D9 C0 94       		dw	frq_187
2448++ B5DB             
2449++ B5DB             ;--- Drum patch 5 ---
2450++ B5DB             
2451++ B5DB             drum_5: 	
2452++ B5DB 00          		db	0	; transpose off
2453++ B5DC CB B5       		dw	drum_3hdr
2454++ B5DE FF 1F 30    		db	255,31, 24 * 2	; tone 31
2455++ B5E1 C8 A1       		dw	frq_908
2456++ B5E3             
2457++ B5E3             ;--- Drum patch 6 ---
2458++ B5E3             
2459++ B5E3             drum_6: 		
2460++ B5E3 00          		db	0	; transpose off
2461++ B5E4 CB B5       		dw	drum_3hdr
2462++ B5E6 FF 9C 30    		db	255,156, 24 * 2	; tone 156
2463++ B5E9 50 92       		dw	frq_27
2464++ B5EB             
2465++ B5EB             ;--- Drum patch 7 ---
2466++ B5EB             
2467++ B5EB             drum_7: 	
2468++ B5EB 00          		db	0	; transpose off
2469++ B5EC CB B5       		dw	drum_3hdr
2470++ B5EE FF 31 30    		db	255,49, 24 * 2	; tone 49
2471++ B5F1 20 92       		dw	frq_24
2472++ B5F3             
2473++ B5F3             ;--- Drum patch 8 ---
2474++ B5F3             
2475++ B5F3             drum_8: 	
2476++ B5F3 00          		db	0	; transpose off
2477++ B5F4 FB B5       		dw	drum_8hdr
2478++ B5F6 FF 9D 30    		db	255,157, 24 * 2	; tone 157
2479++ B5F9 B8 9F       		dw	frq_737
2480++ B5FB             drum_8hdr: 	
2481++ B5FB             		db	0,0b0h,027h,0c8h,6,0ffh
2481++ B5FB 00B027C806FF
2482++ B601             
2483++ B601             gmdrm_hdr1: 	
2484++ B601             		db	0,098h,0f4h,0b0h,0f2h,0c8h,6,0ffh
2484++ B601 0098F4B0F2C806FF
2485++ B609             gmdrm_hdr2: 	
2486++ B609             		db	0,098h,0f5h,0b0h,0f2h,0c8h,6,0ffh
2486++ B609 0098F5B0F2C806FF
2487++ B611             gmdrm_hdr3: 	
2488++ B611             		db	0,098h,0f2h,0b0h,0f2h,0c8h,6,0ffh
2488++ B611 0098F2B0F2C806FF
2489++ B619             gmdrm_hdr4: 	
2490++ B619             		db	0,098h,0f1h,0b0h,0f2h,0c8h,6,0ffh
2490++ B619 0098F1B0F2C806FF
2491++ B621             gmdrm_hdr5: 	
2492++ B621             		db	0,098h,0f4h,0b0h,027h,0c8h,6,0ffh
2492++ B621 0098F4B027C806FF
2493++ B629             gmdrm_hdr6: 	
2494++ B629             		db	0,098h,0f4h,0b0h,0f2h,0c8h,7,0ffh
2494++ B629 0098F4B0F2C807FF
2495++ B631             gmdrm_hdr7: 	
2496++ B631             		db	0,098h,0f6h,0b0h,0ffh,0c8h,6,0ffh
2496++ B631 0098F6B0FFC806FF
2497++ B639             gmdrm_hdr8: 	
2498++ B639             		db	0,098h,0f4h,0b0h,0f2h,0c8h,6,0ffh
2498++ B639 0098F4B0F2C806FF
2499++ B641             gmdrm_hdr9: 	
2500++ B641             		db	0,098h,0f4h,0b0h,0f2h,0c8h,4,0ffh
2500++ B641 0098F4B0F2C804FF
2501++ B649             
2502++ B649             ;--- Midi Drum patch ---
2503++ B649             
2504++ B649             drum_midi: 	
2505++ B649 00          		db	0	; transpose off
2506++ B64A 01 B6       		dw	gmdrm_hdr1
2507++ B64C 24 10 1A    		db	36,16, (48 - 35) * 2	; tone 16
2508++ B64F D8 97       		dw	frq_311
2509++ B651             
2510++ B651             MBPlayer_gmdrm_c4: 
2511++ B651             gmdrm_c4: 	
2512++ B651 11          		db	17
2513++ B652 18 F2       		db	018h,0f2h
2514++ B654 01 B6       		dw	gmdrm_hdr1
2515++ B656             gmdrm_cp4: 	
2516++ B656 D2          		db	210
2517++ B657 F6 00       		db	0f6h,0
2518++ B659 01 B6       		dw	gmdrm_hdr1
2519++ B65B             gmdrm_d4: 	
2520++ B65B D1          		db	209
2521++ B65C F4 F6       		db	0f4h,0f6h
2522++ B65E 09 B6       		dw	gmdrm_hdr2
2523++ B660             gmdrm_dp4: 	
2524++ B660 0A          		db	10
2525++ B661 2A F5       		db	02ah,0f5h
2526++ B663 01 B6       		dw	gmdrm_hdr1
2527++ B665             gmdrm_e4: 	
2528++ B665 D1          		db	209
2529++ B666 38 03       		db	038h,003h
2530++ B668 11 B6       		dw	gmdrm_hdr3
2531++ B66A             gmdrm_f4: 	
2532++ B66A C8          		db	200
2533++ B66B 60 00       		db	060h,0
2534++ B66D 01 B6       		dw	gmdrm_hdr1
2535++ B66F             gmdrm_fp4: 	
2536++ B66F 79          		db	121
2537++ B670 5C 01       		db	05ch,1
2538++ B672 01 B6       		dw	gmdrm_hdr1
2539++ B674             gmdrm_g4: 	
2540++ B674 C8          		db	200
2541++ B675 A8 02       		db	0a8h,2
2542++ B677 01 B6       		dw	gmdrm_hdr1
2543++ B679             gmdrm_gp4: 	
2544++ B679 7B          		db	123
2545++ B67A 34 05       		db	034h,5
2546++ B67C 01 B6       		dw	gmdrm_hdr1
2547++ B67E             gmdrm_a4: 	
2548++ B67E C8          		db	200
2549++ B67F 46 04       		db	046h,4
2550++ B681 01 B6       		dw	gmdrm_hdr1
2551++ B683             gmdrm_ap4: 	
2552++ B683 7A          		db	122
2553++ B684 34 05       		db	034h,5
2554++ B686 19 B6       		dw	gmdrm_hdr4
2555++ B688 C7          gmdrm_b4: 	db	199
2556++ B689 0A 03       		db	00ah,3
2557++ B68B 01 B6       		dw	gmdrm_hdr1
2558++ B68D             
2559++ B68D             gmdrm_c5: 	
2560++ B68D C7          		db	199
2561++ B68E F4 04       		db	0f4h,4
2562++ B690 01 B6       		dw	gmdrm_hdr1
2563++ B692             gmdrm_cp5: 	
2564++ B692 31          		db	49
2565++ B693 32 00       		db	032h,0
2566++ B695 01 B6       		dw	gmdrm_hdr1
2567++ B697             gmdrm_d5: 	
2568++ B697 C7          		db	199
2569++ B698 90 10       		db	090h,010h
2570++ B69A 01 B6       		dw	gmdrm_hdr1
2571++ B69C             gmdrm_dp5: 	
2572++ B69C 2E          		db	46
2573++ B69D CE 01       		db	0ceh,1
2574++ B69F 01 B6       		dw	gmdrm_hdr1
2575++ B6A1             gmdrm_e5: 	
2576++ B6A1 7A          		db	122
2577++ B6A2 56 E1       		db	056h,0e1h
2578++ B6A4 01 B6       		dw	gmdrm_hdr1
2579++ B6A6             gmdrm_f5: 	
2580++ B6A6 21          		db	33
2581++ B6A7 3C 01       		db	03ch,1
2582++ B6A9 01 B6       		dw	gmdrm_hdr1
2583++ B6AB             gmdrm_fp5: 	
2584++ B6AB 25          		db	37
2585++ B6AC BA 00       		db	0bah,0
2586++ B6AE 11 B6       		dw	gmdrm_hdr3
2587++ B6B0             gmdrm_g5: 	
2588++ B6B0 31          		db	49
2589++ B6B1 CA 05       		db	0cah,5
2590++ B6B3 09 B6       		dw	gmdrm_hdr2
2591++ B6B5 1D          gmdrm_gp5: 	db	29
2592++ B6B6 FE F6       		db	0feh,0f6h
2593++ B6B8 01 B6       		dw	gmdrm_hdr1
2594++ B6BA             gmdrm_a5: 	
2595++ B6BA 31          		db	49
2596++ B6BB 70 03       		db	070h,3
2597++ B6BD 01 B6       		dw	gmdrm_hdr1
2598++ B6BF 9D          gmdrm_ap5: 	db	157
2599++ B6C0 CA F5       		db	0cah,0f5h
2600++ B6C2 21 B6       		dw	gmdrm_hdr5
2601++ B6C4             gmdrm_b5: 	
2602++ B6C4 2E          		db	46
2603++ B6C5 74 05       		db	074h,5
2604++ B6C7 29 B6       		dw	gmdrm_hdr6
2605++ B6C9             
2606++ B6C9             gmdrm_c6: 	
2607++ B6C9 1C          		db	28
2608++ B6CA 76 01       		db	076h,1
2609++ B6CC 01 B6       		dw	gmdrm_hdr1
2610++ B6CE             gmdrm_cp6: 	
2611++ B6CE 1C          		db	28
2612++ B6CF 32 00       		db	032h,0
2613++ B6D1 01 B6       		dw	gmdrm_hdr1
2614++ B6D3             gmdrm_d6: 	
2615++ B6D3 1E          		db	30
2616++ B6D4 DA F4       		db	0dah,0f4h
2617++ B6D6 01 B6       		dw	gmdrm_hdr1
2618++ B6D8             gmdrm_dp6: 	
2619++ B6D8 1F          		db	31
2620++ B6D9 FE F6       		db	0feh,0f6h
2621++ B6DB 01 B6       		dw	gmdrm_hdr1
2622++ B6DD             gmdrm_e6: 	
2623++ B6DD 1F          		db	31
2624++ B6DE FC F2       		db	0fch,0f2h
2625++ B6E0 01 B6       		dw	gmdrm_hdr1
2626++ B6E2             gmdrm_f6: 	
2627++ B6E2 9C          		db	156
2628++ B6E3 3E 00       		db	03eh,0
2629++ B6E5 01 B6       		dw	gmdrm_hdr1
2630++ B6E7             gmdrm_fp6: 	
2631++ B6E7 9C          		db	156
2632++ B6E8 D0 F4       		db	0d0h,0f4h
2633++ B6EA 01 B6       		dw	gmdrm_hdr1
2634++ B6EC             gmdrm_g6: 	
2635++ B6EC 0B          		db	11
2636++ B6ED 16 00       		db	016h,0
2637++ B6EF 01 B6       		dw	gmdrm_hdr1
2638++ B6F1             gmdrm_gp6: 	
2639++ B6F1 0B          		db	11
2640++ B6F2 3C F4       		db	03ch,0f4h
2641++ B6F4 01 B6       		dw	gmdrm_hdr1
2642++ B6F6             gmdrm_a6: 	
2643++ B6F6 2F          		db	47
2644++ B6F7 50 03       		db	050h,3
2645++ B6F9 01 B6       		dw	gmdrm_hdr1
2646++ B6FB             gmdrm_ap6: 	
2647++ B6FB 30          		db	48
2648++ B6FC 4A 00       		db	04ah,0
2649++ B6FE 01 B6       		dw	gmdrm_hdr1
2650++ B700             gmdrm_b6: 	
2651++ B700 2D          		db	45
2652++ B701 38 F3       		db	038h,0f3h
2653++ B703 01 B6       		dw	gmdrm_hdr1
2654++ B705             
2655++ B705             gmdrm_c7: 	
2656++ B705 44          		db	044h
2657++ B706 53 F2       		db	053h,0f2h
2658++ B708 31 B6       		dw	gmdrm_hdr7
2659++ B70A             gmdrm_cp7: 	
2660++ B70A 24          		db	36
2661++ B70B 74 05       		db	074h,5
2662++ B70D 39 B6       		dw	gmdrm_hdr8
2663++ B70F             gmdrm_d7: 	
2664++ B70F 24          		db	36
2665++ B710 48 F6       		db	048h,0f6h
2666++ B712 01 B6       		dw	gmdrm_hdr1
2667++ B714             gmdrm_dp7: 	
2668++ B714 20          		db	32
2669++ B715 50 F5       		db	050h,0f5h
2670++ B717 01 B6       		dw	gmdrm_hdr1
2671++ B719             gmdrm_e7: 	
2672++ B719 2C          		db	44
2673++ B71A 28 F2       		db	028h,0f2h
2674++ B71C 01 B6       		dw	gmdrm_hdr1
2675++ B71E             gmdrm_f7: 	
2676++ B71E 2C          		db	44
2677++ B71F 5C E7       		db	05ch,0e7h
2678++ B721 01 B6       		dw	gmdrm_hdr1
2679++ B723             gmdrm_fp7: 	
2680++ B723 22          		db	34
2681++ B724 22 10       		db	022h,010h
2682++ B726 01 B6       		dw	gmdrm_hdr1
2683++ B728             gmdrm_g7: 	
2684++ B728 23          		db	35
2685++ B729 C0 F6       		db	0c0h,0f6h
2686++ B72B 01 B6       		dw	gmdrm_hdr1
2687++ B72D             gmdrm_gp7: 	
2688++ B72D 32          		db	50
2689++ B72E 50 00       		db	050h,0
2690++ B730 01 B6       		dw	gmdrm_hdr1
2691++ B732             gmdrm_a7: 	
2692++ B732 32          		db	50
2693++ B733 54 00       		db	054h,0
2694++ B735 41 B6       		dw	gmdrm_hdr9
2695++ B737             
3073+  B737             
3074+  B737             MBPlayer_load_addres: 	
3075+  B737 00 00       		dw 	0
3076+  B739             MBPlayer_load_bank: 	
3077+  B739 00 00       		dw 	0
3078+  B73B             
3079+  B73B 03          		db    3 ;  
3080+  B73C FF          		db 0FFh ;  
3081+  B73D 01          		db    1 ;  
3082+  B73E 02          		db    2 ;  
3083+  B73F 5C          		db  5Ch ; \
3084+  B740 FF          		db 0FFh ;  
3085+  B741 02          		db    2 ;  
3086+  B742 18          		db  18h ;  
3087+  B743 EF          		db 0EFh ; п
3088+  B744 75          		db  75h ; u
3089+  B745 01          		db    1 ;  
3090+  B746 CB          		db 0CBh ; Л
3091+  B747 61          		db  61h ; a
3092+  B748 FF          		db 0FFh ;  
3093+  B749 0F          		db  0Fh ;  
3094+  B74A 19          		db  19h ;  
3095+  B74B 17          		db  17h ;  
3096+  B74C 75          		db  75h ; u
3097+  B74D 32          		db  32h ; 2
3098+  B74E 98          		db  98h ; 
3099+  B74F F4          		db 0F4h ; ф
3100+  B750 B0          		db 0B0h ; °
3101+  B751 15          		db  15h ;  
3102+  B752 C8          		db 0C8h ; И
3103+  B753 16          		db  16h ;  
3104+  B754 E0          		db 0E0h ; а
3105+  B755 01          		db    1 ;  
3106+  B756 FF          		db 0FFh ;  
3107+  B757 01          		db    1 ;  
3108+  B758 AE          		db 0AEh ; ®
3109+  B759 57          		db  57h ; W
3110+  B75A 1D          		db  1Dh ;  
3111+  B75B 13          		db  13h ;  
3112+  B75C 30          		db  30h ; 0
3113+  B75D CF          		db 0CFh ; П
3114+  B75E 71          		db  71h ; q
3115+  B75F 21          		db  21h ; !
3116+  B760 14          		db  14h ;  
3117+  B761 6A          		db  6Ah ; j
3118+  B762 E7          		db 0E7h ; з
3119+  B763 68          		db  68h ; h
3120+  B764 25          		db  25h ; %
3121+  B765 12          		db  12h ;  
3122+  B766 5A          		db  5Ah ; Z
3123+  B767 F7          		db 0F7h ; ч
3124+  B768 76          		db  76h ; v
3125+  B769 2D          		db  2Dh ; -
3126+  B76A 15          		db  15h ;  
3127+  B76B 62          		db  62h ; b
3128+  B76C 0F          		db  0Fh ;  
3129+  B76D 6B          		db  6Bh ; k
3130+  B76E 35          		db  35h ; 5
3131+  B76F 17          		db  17h ;  
3132+  B770 5A          		db  5Ah ; Z
3133+  B771 47          		db  47h ; G
3134+  B772 72          		db  72h ; r
3135+  B773 FF          		db 0FFh ;  
3136+  B774 16          		db  16h ;  
3137+  B775 6A          		db  6Ah ; j
3138+  B776 FF          		db 0FFh ;  
3139+  B777 65          		db  65h ; e
3140+  B778 01          		db    1 ;  
3141+  B779 CD          		db 0CDh ; Н
3142+  B77A 55          		db  55h ; U
3143+  B77B FF          		db 0FFh ;  
3144+  B77C 0E          		db  0Eh ;  
3145+  B77D 19          		db  19h ;  
3146+  B77E 4F          		db  4Fh ; O
3147+  B77F 67          		db  67h ; g
3148+  B780 01          		db    1 ;  
3149+  B781 55          		db  55h ; U
3150+  B782 55          		db  55h ; U
3151+  B783 FF          		db 0FFh ;  
3152+  B784 A9          		db 0A9h ; ©
3153+  B785 18          		db  18h ;  
3154+  B786 DF          		db 0DFh ; Я
3155+  B787 70          		db  70h ; p
3156+  B788 01          		db    1 ;  
3157+  B789 AE          		db 0AEh ; ®
3158+  B78A 57          		db  57h ; W
3159+  B78B FF          		db 0FFh ;  
3160+  B78C 37          		db  37h ; 7
3161+  B78D 19          		db  19h ;  
3162+  B78E AF          		db 0AFh ; Ї
3163+  B78F 6D          		db  6Dh ; m
3164+  B790 01          		db    1 ;  
3165+  B791 1B          		db  1Bh ;  
3166+  B792 62          		db  62h ; b
3167+  B793 22          		db  22h ; "
3168+  B794 A4          		db 0A4h ; ¤
3169+  B795 60          		db  60h ; `
3170+  B796 F7          		db 0F7h ; ч
3171+  B797 64          		db  64h ; d
3172+  B798 FF          		db 0FFh ;  
3173+  B799 A8          		db 0A8h ; Ё
3174+  B79A 5C          		db  5Ch ; \
3175+  B79B CF          		db 0CFh ; П
3176+  B79C 6B          		db  6Bh ; k
3177+  B79D 1C          		db  1Ch ;  
3178+  B79E FF          		db 0FFh ;  
3179+  B79F 01          		db    1 ;  
3180+  B7A0             
0567   B7A0             
0568   B7A0             MoonSound_end: 
0569   B7A0             		.savebin "moonsound.bin",MoonSound_Start, MoonSound_end - MoonSound_Start
0570   B7A0             
0571   B7A0             
0572   B7A0             		.end
0573   B7A0             
0574   B7A0             
