0001   0000             ;--------------------------------------------------------------------
0002   0000             ; ЋЇЁб ­ЁҐ: Џа®Ја ¬¬  Їа®ЁЈалў ­Ёп а §­ле §ўгЄ®ўле ¬®¤г«Ґ© Amstrad CPC
0003   0000             ; Ї®¤¤Ґа¦Є  ў ¦Ґ«Ґ§Ґ: ZXM-MoonSound
0004   0000             ; Ђўв®а Ї®ав : ’ а б®ў Њ.Ќ.(Mick),2014
0005   0000             ;--------------------------------------------------------------------
0006   0000             		DEVICE ZXSPECTRUM128
0007   0000             
0008   0000             		.org 	6200h
0009   6200             
0010   6200             ;-------------------------------------------------------------------
0011   6200             ; ®ЇЁб ­ЁҐ: ’®зЄ  ўе®¤  ў Їа®Ја ¬¬г Ї®б«Ґ ЇҐаҐ¤ зЁ гЇа ў«Ґ­Ёп Ё§ Ћ‘
0012   6200             ;---------------------------------------------------------------------
0013   6200             MoonSound_Start: 		
0014   6200 AF          		xor	a               		;Ў®а¤Ґа ў зҐа­л© жўҐв
0015   6201 D3 FE       		out	(0feh),a	
0016   6203 32 B6 63    		ld	(MoonSound_count_music),a	;бзҐвзЁЄ ­®¬Ґа  ¬г§лЄЁ
0017   6206             
0018   6206 21 00 40    		ld	hl,4000h
0019   6209 11 01 40    		ld	de,4001h
0020   620C 01 00 1B    		ld	bc,1b00h
0021   620F 71          		ld	(hl),c
0022   6210 ED B0       		ldir
0023   6212             		
0024   6212 21 00 40    		ld	hl,4000h			;Јаг§Ё¬ нЄа ­
0025   6215 ED 5B F4 5C 		ld	de,(5CF4h)
0026   6219 01 05 1B    		ld	bc,1B05h
0027   621C CD 13 3D    		call	3d13h
0028   621F CD EC 64    		call	Str_init_load
0029   6222 FB          		ei
0030   6223             MoonSound_loading: 
0031   6223 76          		halt
0032   6224 06 00       		ld	b,0
0033   6226             MoonSound_wait: 
0034   6226 10 FE       		djnz	MoonSound_wait			
0035   6228 CD FE 64    		call	Str_play
0036   622B 38 02       		jr	c,MoonSound_load
0037   622D 30 F4       		jr	nc,MoonSound_loading	
0038   622F             MoonSound_load: 
0039   622F F3          		di                                      ;­  ўбпЄЁ© Ї®¦ а­л© § ЇаҐвЁ¬ ЇаҐалў ­Ёп
0040   6230             
0041   6230 3E 11       		ld	a,11h 
0042   6232 01 FD 7F    		ld	bc,7ffdh
0043   6235 ED 79       		out	(c),a
0044   6237 21 00 C0    		ld	hl,0C000h			;Јаг§Ё¬ ¬г§лЄ «м­л© Ї Є 0.
0045   623A ED 5B F4 5C 		ld	de,(5CF4h)
0046   623E 01 05 1D    		ld	bc,1D05h
0047   6241 CD 13 3D    		call	3d13h
0048   6244             
0049   6244 3E 13       		ld	a,13h 
0050   6246 01 FD 7F    		ld	bc,7ffdh
0051   6249 ED 79       		out	(c),a
0052   624B 21 00 C0    		ld	hl,0C000h			;Јаг§Ё¬ ¬г§лЄ «м­л© Ї Є 1.
0053   624E ED 5B F4 5C 		ld	de,(5CF4h)
0054   6252 01 05 23    		ld	bc,2305h
0055   6255 CD 13 3D    		call	3d13h
0056   6258             
0057   6258 31 FF 5F    		ld	sp,5fffh
0058   625B 3E 10       		ld	a,10h 
0059   625D 01 FD 7F    		ld	bc,7ffdh
0060   6260 ED 79       		out	(c),a
0061   6262 CD DF 64    		call	Str_init			;Ё­ЁжЁ «Ё§ жЁп ЎҐЈгйҐ© бва®ЄЁ
0062   6265             
0063   6265 21 00 60    		ld	hl,6000h                       	
0064   6268 11 01 60    		ld	de,6001h
0065   626B 01 00 01    		ld	bc,0100h
0066   626E 36 61       		ld	(hl),61h
0067   6270 ED B0       		ldir
0068   6272 3E C3       		ld	a,0c3h                          
0069   6274 32 61 61    		ld	(6161h),a
0070   6277 21 C3 64    		ld	hl,Interrupt_handle
0071   627A 22 62 61    		ld	(6162h),hl
0072   627D             
0073   627D 3E 60       		ld	a,60h                          
0074   627F ED 47       		ld	i,a
0075   6281 ED 5E       		im	2
0076   6283             
0077   6283 AF          		xor	a
0078   6284 C3 B1 62    		jp	MoonSound_next_music
0079   6287             
0080   6287             ;		ei
0081   6287             
0082   6287             MoonSound_key: 		
0083   6287 AF          		xor	a
0084   6288 32 B5 63                    ld	(MoonSound_key_press),a
0085   628B             MoonSound_loop: 		
0086   628B 76          		halt
0087   628C             
0088   628C 3E 7F       		ld	a,7fh				;®¦Ё¤ Ґ¬ Їа®ЎҐ« - ЇҐаҐе®¤ Є б«Ґ¤гойҐ© Є®¬Ї®§ЁжЁЁ
0089   628E DB FE       		in	a,(0feh)
0090   6290 1F          		rra	
0091   6291 38 F4       		jr	c,MoonSound_key
0092   6293             
0093   6293 3E FE       		ld	a,0FEh
0094   6295 DB FE       		in	a,(0FEh)
0095   6297 1F          		rra	    
0096   6298 D2 1F 63    		jp	nc,MoonSound_exit
0097   629B             
0098   629B 3A B5 63    		ld	a,(MoonSound_key_press)
0099   629E A7          		and	a
0100   629F 20 EA       		jr	nz,MoonSound_loop
0101   62A1             
0102   62A1 3C          		inc	a
0103   62A2 32 B5 63                    ld	(MoonSound_key_press),a
0104   62A5             
0105   62A5 CD 3E 7D    		call	MBPlayer_stop
0106   62A8             
0107   62A8 3A B6 63    		ld	a,(MoonSound_count_music)
0108   62AB 3C          		inc	a
0109   62AC FE 02       		cp	2
0110   62AE 38 01       		jr	c,MoonSound_next_music
0111   62B0 AF          		xor	a
0112   62B1             
0113   62B1             MoonSound_next_music: 
0114   62B1 F3          		di	
0115   62B2 32 B6 63    		ld	(MoonSound_count_music),a
0116   62B5 6F          		ld	l,a
0117   62B6 5F          		ld	e,a
0118   62B7 26 00       		ld	h,0
0119   62B9 54          		ld	d,h
0120   62BA 29          		add	hl,hl
0121   62BB 29          		add	hl,hl
0122   62BC 19          		add	hl,de
0123   62BD 11 15 63    		ld	de,MoonSound_tabl_music
0124   62C0 19          		add	hl,de
0125   62C1 7E          		ld	a,(hl)				;­®¬Ґа бва ­Ёжл Ї ¬пвЁ
0126   62C2 32 B7 63    		ld	(MoonSound_page_memory),a
0127   62C5 23          		inc	hl
0128   62C6 5E          		ld	e,(hl)				; ¤аҐб ваҐЄ                           
0129   62C7 23          		inc	hl
0130   62C8 56          		ld	d,(hl)
0131   62C9 23          		inc	hl
0132   62CA 7E          		ld	a,(hl)                          ;зЁб«® ­ҐЇ®«­ле Ў ©в
0133   62CB 23          		inc	hl
0134   62CC 46          		ld	b,(hl)				;зЁб«® бҐЄв®а®ў
0135   62CD A7          		and	a
0136   62CE 28 01       		jr	z,MoonSound_copy_block
0137   62D0 04          		inc	b	
0138   62D1             
0139   62D1             MoonSound_copy_block: 
0140   62D1 21 00 D0    		ld	hl,0D000h
0141   62D4 22 B8 63    		ld	(MoonSound_copy_addr),hl
0142   62D7 EB          		ex	hl,de
0143   62D8             
0144   62D8             MoonSound_copy_loop: 
0145   62D8 C5          		push	bc
0146   62D9 3A B7 63    		ld	a,(MoonSound_page_memory)	;§ Јаг§Ё¬ ­®¬Ґа бва ­Ёжл Ї ¬пвЁ
0147   62DC 01 FD 7F    		ld	bc,7ffdh
0148   62DF ED 79       		out	(c),a
0149   62E1             
0150   62E1 11 BA 63    		ld	de,MoonSound_copy_buffer
0151   62E4 01 00 01    		ld	bc,100h
0152   62E7 ED B0       		ldir
0153   62E9 E5          		push	hl
0154   62EA 3E 10       		ld	a,10h
0155   62EC 01 FD 7F    		ld	bc,7ffdh
0156   62EF ED 79       		out	(c),a
0157   62F1 2A B8 63    		ld	hl,(MoonSound_copy_addr)
0158   62F4 11 BA 63    		ld	de,MoonSound_copy_buffer
0159   62F7 EB          		ex	hl,de
0160   62F8 01 00 01    		ld	bc,100h
0161   62FB ED B0       		ldir
0162   62FD EB          		ex	hl,de
0163   62FE 22 B8 63    		ld	(MoonSound_copy_addr),hl
0164   6301 E1          		pop	hl
0165   6302 C1          		pop	bc
0166   6303 10 D3       		djnz	MoonSound_copy_loop
0167   6305             
0168   6305 CD 2A 63    		call	MoonSound_mwmload
0169   6308             
0170   6308 21 00 C0    		ld	hl,0C000h
0171   630B 22 6B 8A    		ld	(MBPlayer_songdata_addres),hl
0172   630E CD 38 7D    		call	MBPlayer_init
0173   6311             
0174   6311 FB          		ei
0175   6312 C3 8B 62    		jp      MoonSound_loop
0176   6315             
0177   6315             MoonSound_tabl_music: 
0178   6315 11          		db	11h   				; 1 ¬г§лЄ «м­®Ґ Їа®Ё§ўҐ¤Ґ­ЁҐ
0179   6316 00 C0       		dw	0C000h
0180   6318 C0 1C       		dw	1CC0h
0181   631A             
0182   631A 13          		db	13h   				; 3 ¬г§лЄ «м­®Ґ Їа®Ё§ўҐ¤Ґ­ЁҐ
0183   631B 00 C0       		dw	0C000h
0184   631D 40 22       		dw	2240h
0185   631F             
0186   631F             MoonSound_exit: 		
0187   631F F3          		di	
0188   6320 CD 3E 7D    		call	MBPlayer_stop
0189   6323 21 00 00    		ld	hl,0	
0190   6326 E5          		push	hl
0191   6327 C3 2F 3D          		jp  	3d2fh				;ўле®¤ ў TR-DOS
0192   632A             
0193   632A             
0194   632A             
0195   632A             MoonSound_mwmload: 
0196   632A 21 00 D0    		ld	hl,0D000h
0197   632D 22 BE 64    		ld	(load_position),hl
0198   6330 21 00 C0    		ld	hl,0C000h
0199   6333 22 6B 8A    		ld	(MBPlayer_songdata_addres),hl
0200   6336             
0201   6336             ;--- Load MWM file ---
0202   6336             
0203   6336             ; Note: The routine below is a bit complex because it supports
0204   6336             ; songs > 16K. However, if you know that your song will always be < 16K you
0205   6336             ; can simplify it a lot:
0206   6336             ; - read the header and trash it!
0207   6336             ; - read the rest of the file
0208   6336             ; - modify the play_nextpos routine so that 3 is added to the pattern address
0209   6336             
0210   6336             mbload: 
0211   6336             
0212   6336 21 6A 8A    		ld	hl,MBPlayer_songdata_bank1	; select first song bank
0213   6339 22 BC 64    		ld	(load_bank),hl
0214   633C 7E          		ld	a,(hl)
0215   633D             
0216   633D 21 06 00    		ld	hl,6
0217   6340 ED 5B 6B 8A 		ld	de,(MBPlayer_songdata_addres)
0218   6344 CD 94 63    		call	load_file			; read header
0219   6347             
0220   6347 21 2C 03    		ld	hl,812
0221   634A ED 5B 6B 8A 		ld	de,(MBPlayer_songdata_addres)		; read settings
0222   634E CD 94 63    		call	load_file
0223   6351 1A          		ld	a,(de)
0224   6352 19          		add	hl,de
0225   6353 EB          		ex	de,hl
0226   6354 3C          		inc	a
0227   6355 6F          		ld	l,a
0228   6356 26 00       		ld	h,0
0229   6358 CD 94 63    		call	load_file			; read positions
0230   635B CD A5 63    		call	check_pats
0231   635E 19          		add	hl,de
0232   635F EB          		ex	de,hl
0233   6360 87          		add	a,a
0234   6361 6F          		ld	l,a
0235   6362 26 00       		ld	h,0
0236   6364 CD 94 63    		call	load_file			; read pattern addresses
0237   6367 19          		add	hl,de
0238   6368 22 BA 64    		ld	(load_adres),hl
0239   636B             
0240   636B             mbload_lp: 
0241   636B 11 C0 64    		ld	de,load_buffer
0242   636E 21 03 00    		ld	hl,3
0243   6371 CD 94 63    		call	load_file
0244   6374 3A C2 64    		ld	a,(load_buffer + 2)
0245   6377 B7          		or	a
0246   6378 C8          		ret	z
0247   6379 ED 5B BA 64 		ld	de,(load_adres)
0248   637D 2A C0 64    		ld	hl,(load_buffer)
0249   6380 CD 94 63    		call	load_file
0250   6383             
0251   6383 11 00 C0    		ld	de,0C000h
0252   6386 ED 53 BA 64 		ld	(load_adres),de
0253   638A 2A BC 64    		ld	hl,(load_bank)
0254   638D 23          		inc	hl
0255   638E 7E          		ld	a,(hl)
0256   638F 22 BC 64    		ld	(load_bank),hl
0257   6392 18 D7       		jr	mbload_lp
0258   6394             
0259   6394             
0260   6394             
0261   6394             ;--- Load (part of) file ---
0262   6394             ; In: HL = number of bytes to read
0263   6394             ;     DE = transfer address
0264   6394             
0265   6394             load_file: 	
0266   6394 E5          		push	hl
0267   6395 D5          		push	de
0268   6396 C5          		push	bc
0269   6397             
0270   6397 E5          		push	hl
0271   6398 C1          		pop	bc
0272   6399 2A BE 64    		ld	hl,(load_position)
0273   639C ED B0       		ldir
0274   639E 22 BE 64    		ld	(load_position),hl
0275   63A1 C1          		pop	bc
0276   63A2 D1          		pop	de
0277   63A3 E1          		pop	hl
0278   63A4 C9          		ret
0279   63A5             
0280   63A5             ;--- search highest pattern ---
0281   63A5             ; In: L = #positions, DE = pointer to patterns
0282   63A5             ; Out: A = highest pattern
0283   63A5             
0284   63A5             check_pats: 	
0285   63A5 E5          		push	hl
0286   63A6 D5          		push	de
0287   63A7 45          		ld	b,l
0288   63A8 EB          		ex	de,hl
0289   63A9 AF          		xor	a
0290   63AA             check_patslp: 	
0291   63AA BE          		cp	(hl)
0292   63AB 30 01       		jr	nc,check_pats2
0293   63AD 7E          		ld	a,(hl)
0294   63AE 23          check_pats2: 	inc	hl
0295   63AF 10 F9       		djnz	check_patslp
0296   63B1 3C          		inc	a
0297   63B2 D1          		pop	de
0298   63B3 E1          		pop	hl
0299   63B4 C9          		ret
0300   63B5             
0301   63B5             MoonSound_key_press: 
0302   63B5 00          		db	0
0303   63B6             MoonSound_count_music: 
0304   63B6 00          		db	0
0305   63B7             MoonSound_page_memory: 
0306   63B7 00          		db	0		
0307   63B8             
0308   63B8             MoonSound_copy_addr: 
0309   63B8 00 00       		dw	0
0310   63BA             MoonSound_copy_buffer: 
0311   63BA 00          		ds	256
0312   64BA             
0313   64BA 00 00       load_adres: 	dw	0
0314   64BC 00 00       load_bank: 	dw	0
0315   64BE 00 00       load_position: 	dw	0
0316   64C0 00 00 00    load_buffer: 	db	0,0,0
0317   64C3             
0318   64C3             
0319   64C3             Interrupt_handle: 
0320   64C3 E5          		push	hl
0321   64C4 D5          		push	de
0322   64C5 C5          		push	bc
0323   64C6 F5          		push	af
0324   64C7             
0325   64C7 CD FE 64    		call	Str_play
0326   64CA             
0327   64CA             ;		ld	a,(MoonSound_page_memory)	;§ Јаг§Ё¬ ­®¬Ґа бва ­Ёжл Ї ¬пвЁ вҐЄгйҐ© ¬г§лЄЁ
0328   64CA             ;		ld	bc,7ffdh
0329   64CA             ;		out	(c),a
0330   64CA CD 3B 7D    		call	MBPlayer_play
0331   64CD             
0332   64CD             ;		ld	a,10h
0333   64CD             ;		ld	bc,7ffdh
0334   64CD             ;		out	(c),a
0335   64CD             
0336   64CD             Interrupt_exit: 
0337   64CD             
0338   64CD F1          		pop	af
0339   64CE C1          		pop	bc
0340   64CF D1          		pop	de
0341   64D0 E1          		pop	hl
0342   64D1 FB          		ei
0343   64D2 C9          		ret
0344   64D3             
0345   64D3             
0346   64D3             		.include  string.asm
0001+  64D3             ;--------------------------------------------------------------------
0002+  64D3             ; Описание: Бегущая строка
0003+  64D3             ; Автор порта: основа выдрана из запилятора
0004+  64D3             ;--------------------------------------------------------------------
0005+  64D3             Str_reload: 
0006+  64D3 3A E5 65    		ld	a,(Str_flg_end)
0007+  64D6 A7          		and	a
0008+  64D7 28 06       		jr 	z,Str_init
0009+  64D9 AF          		xor	a
0010+  64DA 32 E5 65    		ld	(Str_flg_end),a
0011+  64DD 37          		scf
0012+  64DE C9          		ret
0013+  64DF             
0014+  64DF             Str_init: 
0015+  64DF 3E 0F       		ld	a,0Fh
0016+  64E1 32 E6 65    		ld	(Str_count_bit),a
0017+  64E4 21 F7 67    		ld	hl,Str_addr_text
0018+  64E7 22 E7 65    		ld	(Str_addr_work),hl
0019+  64EA 7E          		ld	a,(hl)
0020+  64EB C9          		ret
0021+  64EC             
0022+  64EC             
0023+  64EC             Str_init_load: 
0024+  64EC 3E 0F       		ld	a,0Fh
0025+  64EE 32 E6 65    		ld	(Str_count_bit),a
0026+  64F1 21 E9 67    		ld	hl,Str_addr_load
0027+  64F4 22 E7 65    		ld	(Str_addr_work),hl
0028+  64F7 3E 01       		ld	a,1
0029+  64F9 32 E5 65    		ld	(Str_flg_end),a
0030+  64FC 7E          		ld	a,(hl)
0031+  64FD C9          		ret	
0032+  64FE             
0033+  64FE             Str_play: 
0034+  64FE 3A E6 65    		ld	a,(Str_count_bit)
0035+  6501 3C          		inc	a
0036+  6502 E6 0F       		and	0Fh
0037+  6504 32 E6 65    		ld	(Str_count_bit),a
0038+  6507 B7          		or	a
0039+  6508 20 10       		jr	nz, Str_move_string
0040+  650A             
0041+  650A             Str_next_symbol: 
0042+  650A 2A E7 65    		ld	hl,(Str_addr_work)
0043+  650D 7E          		ld	a,(hl)
0044+  650E A7          		and	a
0045+  650F CC D3 64    		call	z,Str_reload
0046+  6512 D8          		ret	c
0047+  6513 23          		inc	hl
0048+  6514 22 E7 65    		ld	(Str_addr_work),hl
0049+  6517 CD 75 65    		call	Str_load_symbol
0050+  651A             
0051+  651A             Str_move_string: 
0052+  651A 11 71 54    		ld	de, 5471h
0053+  651D 21 EA 65    		ld	hl, Str_buf_data +1 
0054+  6520 06 10       		ld	b, 10h
0055+  6522             
0056+  6522             Str_move_line: 
0057+  6522 37          		scf	
0058+  6523 3F          		ccf	
0059+  6524 CB 16       		rl	(hl)
0060+  6526 2B          		dec	hl
0061+  6527 CB 16       		rl	(hl)
0062+  6529 23          		inc	hl
0063+  652A 23          		inc	hl
0064+  652B 23          		inc	hl
0065+  652C EB          		ex	de, hl
0066+  652D E5          		push	hl
0067+  652E CB 16       		rl	(hl)
0068+  6530 2B          		dec	hl
0069+  6531 CB 16       		rl	(hl)
0070+  6533 2B          		dec	hl
0071+  6534 CB 16       		rl	(hl)
0072+  6536 2B          		dec	hl
0073+  6537 CB 16       		rl	(hl)
0074+  6539 2B          		dec	hl
0075+  653A CB 16       		rl	(hl)
0076+  653C 2B          		dec	hl
0077+  653D CB 16       		rl	(hl)
0078+  653F 2B          		dec	hl
0079+  6540 CB 16       		rl	(hl)
0080+  6542 2B          		dec	hl
0081+  6543 CB 16       		rl	(hl)
0082+  6545 2B          		dec	hl
0083+  6546 CB 16       		rl	(hl)
0084+  6548 2B          		dec	hl
0085+  6549 CB 16       		rl	(hl)
0086+  654B 2B          		dec	hl
0087+  654C CB 16       		rl	(hl)
0088+  654E 2B          		dec	hl
0089+  654F CB 16       		rl	(hl)
0090+  6551 2B          		dec	hl
0091+  6552 CB 16       		rl	(hl)
0092+  6554 2B          		dec	hl
0093+  6555 CB 16       		rl	(hl)
0094+  6557 2B          		dec	hl
0095+  6558 CB 16       		rl	(hl)
0096+  655A 2B          		dec	hl
0097+  655B CB 16       		rl	(hl)
0098+  655D 2B          		dec	hl
0099+  655E CB 16       		rl	(hl)
0100+  6560             ;		dec	hl
0101+  6560             ;		rl	(hl)
0102+  6560             ;		dec	hl
0103+  6560             ;		rl	(hl)
0104+  6560             ;		dec	hl
0105+  6560             ;		rl	(hl)
0106+  6560             ;		dec	hl
0107+  6560             ;		rl	(hl)
0108+  6560             ;		dec	hl
0109+  6560             ;		rl	(hl)
0110+  6560             ;		dec	hl
0111+  6560             ;		rl	(hl)
0112+  6560             ;		dec	hl
0113+  6560             ;		rl	(hl)
0114+  6560             ;		dec	hl
0115+  6560             ;		rl	(hl)
0116+  6560             ;		dec	hl
0117+  6560             ;		rl	(hl)
0118+  6560             ;		dec	hl
0119+  6560             ;		rl	(hl)
0120+  6560             ;		dec	hl
0121+  6560             ;		rl	(hl)
0122+  6560             ;		dec	hl
0123+  6560             ;		rl	(hl)
0124+  6560             ;		dec	hl
0125+  6560             ;		rl	(hl)
0126+  6560             ;		dec	hl
0127+  6560             ;		rl	(hl)
0128+  6560             ;		dec	hl
0129+  6560             ;		rl	(hl)
0130+  6560             ;		dec	hl
0131+  6560 E1          		pop	hl
0132+  6561 24          		inc	h
0133+  6562 7C          		ld	a, h
0134+  6563 E6 07       		and	7
0135+  6565 20 09       		jr	nz, Str_next_line
0136+  6567 7D          		ld	a, l
0137+  6568 D6 E0       		sub	0E0h ; 'а'
0138+  656A 6F          		ld	l, a
0139+  656B 9F          		sbc	a, a
0140+  656C E6 F8       		and	0F8h ; 'ш'
0141+  656E 84          		add	a, h
0142+  656F 67          		ld	h, a
0143+  6570             Str_next_line: 
0144+  6570 EB          		ex	de, hl
0145+  6571 10 AF       		djnz	Str_move_line
0146+  6573 A7          		and	a
0147+  6574 C9          		ret
0148+  6575             
0149+  6575             Str_load_symbol: 
0150+  6575 D6 20       		sub	20h
0151+  6577 FE 60       		cp	60h
0152+  6579 38 02       		jr	c, Str_load_data
0153+  657B D6 60       		sub	60h
0154+  657D             
0155+  657D             Str_load_data: 
0156+  657D 26 00       		ld	h, 0
0157+  657F 6F          		ld	l, a
0158+  6580 29          		add	hl, hl
0159+  6581 29          		add	hl, hl
0160+  6582 29          		add	hl, hl
0161+  6583 29          		add	hl, hl
0162+  6584 29          		add	hl, hl
0163+  6585 01 38 71    		ld	bc, Str_addr_font
0164+  6588 09          		add	hl, bc
0165+  6589 ED 73 E2 65 		ld	(Str_save_stack + 1),sp
0166+  658D F9          		ld	sp, hl
0167+  658E 21 E9 65    		ld	hl, Str_buf_data
0168+  6591 C1          		pop	bc
0169+  6592 71          		ld	(hl), c
0170+  6593 23          		inc	hl
0171+  6594 70          		ld	(hl), b
0172+  6595 23          		inc	hl
0173+  6596 C1          		pop	bc
0174+  6597 71          		ld	(hl), c
0175+  6598 23          		inc	hl
0176+  6599 70          		ld	(hl), b
0177+  659A 23          		inc	hl
0178+  659B C1          		pop	bc
0179+  659C 71          		ld	(hl), c
0180+  659D 23          		inc	hl
0181+  659E 70          		ld	(hl), b
0182+  659F 23          		inc	hl
0183+  65A0 C1          		pop	bc
0184+  65A1 71          		ld	(hl), c
0185+  65A2 23          		inc	hl
0186+  65A3 70          		ld	(hl), b
0187+  65A4 23          		inc	hl
0188+  65A5 C1          		pop	bc
0189+  65A6 71          		ld	(hl), c
0190+  65A7 23          		inc	hl
0191+  65A8 70          		ld	(hl), b
0192+  65A9 23          		inc	hl
0193+  65AA C1          		pop	bc
0194+  65AB 71          		ld	(hl), c
0195+  65AC 23          		inc	hl
0196+  65AD 70          		ld	(hl), b
0197+  65AE 23          		inc	hl
0198+  65AF C1          		pop	bc
0199+  65B0 71          		ld	(hl), c
0200+  65B1 23          		inc	hl
0201+  65B2 70          		ld	(hl), b
0202+  65B3 23          		inc	hl
0203+  65B4 C1          		pop	bc
0204+  65B5 71          		ld	(hl), c
0205+  65B6 23          		inc	hl
0206+  65B7 70          		ld	(hl), b
0207+  65B8 23          		inc	hl
0208+  65B9 C1          		pop	bc
0209+  65BA 71          		ld	(hl), c
0210+  65BB 23          		inc	hl
0211+  65BC 70          		ld	(hl), b
0212+  65BD 23          		inc	hl
0213+  65BE C1          		pop	bc
0214+  65BF 71          		ld	(hl), c
0215+  65C0 23          		inc	hl
0216+  65C1 70          		ld	(hl), b
0217+  65C2 23          		inc	hl
0218+  65C3 C1          		pop	bc
0219+  65C4 71          		ld	(hl), c
0220+  65C5 23          		inc	hl
0221+  65C6 70          		ld	(hl), b
0222+  65C7 23          		inc	hl
0223+  65C8 C1          		pop	bc
0224+  65C9 71          		ld	(hl), c
0225+  65CA 23          		inc	hl
0226+  65CB 70          		ld	(hl), b
0227+  65CC 23          		inc	hl
0228+  65CD C1          		pop	bc
0229+  65CE 71          		ld	(hl), c
0230+  65CF 23          		inc	hl
0231+  65D0 70          		ld	(hl), b
0232+  65D1 23          		inc	hl
0233+  65D2 C1          		pop	bc
0234+  65D3 71          		ld	(hl), c
0235+  65D4 23          		inc	hl
0236+  65D5 70          		ld	(hl), b
0237+  65D6 23          		inc	hl
0238+  65D7 C1          		pop	bc
0239+  65D8 71          		ld	(hl), c
0240+  65D9 23          		inc	hl
0241+  65DA 70          		ld	(hl), b
0242+  65DB 23          		inc	hl
0243+  65DC C1          		pop	bc
0244+  65DD 71          		ld	(hl), c
0245+  65DE 23          		inc	hl
0246+  65DF 70          		ld	(hl), b
0247+  65E0 23          		inc	hl
0248+  65E1             Str_save_stack: 
0249+  65E1 31 00 00    		ld	sp, 0
0250+  65E4 C9          		ret	
0251+  65E5             
0252+  65E5             
0253+  65E5             Str_flg_end: 
0254+  65E5 00          		db 	0
0255+  65E6             
0256+  65E6             Str_count_bit: 
0257+  65E6 00          		db 	0
0258+  65E7             Str_addr_work: 
0259+  65E7 00 00       		dw 	0
0260+  65E9             
0261+  65E9             Str_buf_data:    
0262+  65E9 00          		ds	512
0263+  67E9             
0264+  67E9             Str_addr_load: 
0265+  67E9             		db	'      *LOAD* ',0
0265+  67E9 2020202020202A4C4F41442A2000
0266+  67F7             
0267+  67F7             Str_addr_text: 
0268+  67F7             		db 	'                             << SPACE TO CHANGE MUSIC >>       '
0268+  67F7 20202020202020202020202020202020202020202020202020202020203C3C20
0268+  6817 535041434520544F204348414E4745204D55534943203E3E20202020202020
0269+  6836             		db 	'                             ПРИВЕТ, MICK СПЕШИТ ПОЗДРАВИТЬ С ПЕРВЫМ ДНЕМ ВЕСНЫ!'
0269+  6836 2020202020202020202020202020202020202020202020202020202020CFD0C8
0269+  6856 C2C5D22C204D49434B20D1CFC5D8C8D220CFCEC7C4D0C0C2C8D2DC20D120CFC5
0269+  6876 D0C2DBCC20C4CDC5CC20C2C5D1CDDB21
0270+  6886             		db	' И В ЧЕСТЬ ЭТОГО СОБЫТИЯ ДЛЯ ЗВУКОВОЙ КАРТЫ *ZXM-MOONSOUND* ВЫПУСТИЛ НЕБОЛЬШУЮ ОТКРЫТКУ С ДВУМЯ МЕЛОДИЯМИ.'
0270+  6886 20C820C220D7C5D1D2DC20DDD2CEC3CE20D1CEC1DBD2C8DF20C4CBDF20C7C2D3
0270+  68A6 CACEC2CEC920CAC0D0D2DB202A5A584D2D4D4F4F4E534F554E442A20C2DBCFD3
0270+  68C6 D1D2C8CB20CDC5C1CECBDCD8D3DE20CED2CAD0DBD2CAD320D120C4C2D3CCDF20
0270+  68E6 CCC5CBCEC4C8DFCCC82E
0271+  68F0             		db	' А ПОВОДОМ ПОСЛУЖИЛО ТО ЧТО ВСЕМИ ИЗВЕСТНЫЙ ГОБЛИН ЗАИНТЕРСОВАЛСЯ МУЗОНОМ MFM ФОРМАТА ДЛЯ МУНСАУНДА.'
0271+  68F0 20C020CFCEC2CEC4CECC20CFCED1CBD3C6C8CBCE20D2CE20D7D2CE20C2D1C5CC
0271+  6910 C820C8C7C2C5D1D2CDDBC920C3CEC1CBC8CD20C7C0C8CDD2C5D0D1CEC2C0CBD1
0271+  6930 DF20CCD3C7CECDCECC204D464D20D4CED0CCC0D2C020C4CBDF20CCD3CDD1C0D3
0271+  6950 CDC4C02E
0272+  6954             		db	' И ПОСКОЛЬКУ ОН СКАЗАЛ, ЧТО СЛОМАЛ ГОЛОВУ, ПЫТАЯСЬ РАЗОБРАТЬСЯ КАК ПЛЕЕР МУЗИЦИРУЕТ, ТО ПРИШЛОСЬ ТОЖЕ'
0272+  6954 20C820CFCED1CACECBDCCAD320CECD20D1CAC0C7C0CB2C20D7D2CE20D1CBCECC
0272+  6974 C0CB20C3CECBCEC2D32C20CFDBD2C0DFD1DC20D0C0C7CEC1D0C0D2DCD1DF20CA
0272+  6994 C0CA20CFCBC5C5D020CCD3C7C8D6C8D0D3C5D22C20D2CE20CFD0C8D8CBCED1DC
0272+  69B4 20D2CEC6C5
0273+  69B9             		db	' ВКЛЮЧИТЬ МОЗГ. Я ПОШЕЛ ПО ПРОТОПТАННОЙ ДОРОЖКЕ, НАШЕЛ НА ДИСКАХ MSX ДЕМОК ТАКОЙ МУЗОН И ПУСТИЛ НА ПОТРОХА'
0273+  69B9 20C2CACBDED7C8D2DC20CCCEC7C32E20DF20CFCED8C5CB20CFCE20CFD0CED2CE
0273+  69D9 CFD2C0CDCDCEC920C4CED0CEC6CAC52C20CDC0D8C5CB20CDC020C4C8D1CAC0D5
0273+  69F9 204D535820C4C5CCCECA20D2C0CACEC920CCD3C7CECD20C820CFD3D1D2C8CB20
0273+  6A19 CDC020CFCED2D0CED5C0
0274+  6A23             		db	' ЕГО ПЛЕЕР-ДРАЙВЕР. В РЕЗУЛЬТАТЕ, СОБСТВЕННО ВЫ САМИ ВСЕ СЛЫШИТЕ. СЕГОДНЯ Я НЕ НА ДОЛГО, ТАК ЧТО ПЕРЕЙДЕМ'
0274+  6A23 20C5C3CE20CFCBC5C5D02DC4D0C0C9C2C5D02E20C220D0C5C7D3CBDCD2C0D2C5
0274+  6A43 2C20D1CEC1D1D2C2C5CDCDCE20C2DB20D1C0CCC820C2D1C520D1CBDBD8C8D2C5
0274+  6A63 2E20D1C5C3CEC4CDDF20DF20CDC520CDC020C4CECBC3CE2C20D2C0CA20D7D2CE
0274+  6A83 20CFC5D0C5C9C4C5CC
0275+  6A8C             		db	' СРАЗУ ЖЕ К ДЕЛУ.  '
0275+  6A8C 20D1D0C0C7D320C6C520CA20C4C5CBD32E2020
0276+  6A9F             		db	' ИТАК, В ЭТОЙ ОТКРЫТКЕ ДВЕ МЕЛОДИИ НА ПРОБУ, КОТОРЫЕ'
0276+  6A9F 20C8D2C0CA2C20C220DDD2CEC920CED2CAD0DBD2CAC520C4C2C520CCC5CBCEC4
0276+  6ABF C8C820CDC020CFD0CEC1D32C20CACED2CED0DBC5
0277+  6AD3             		db	' ПЕРЕКЛЮЧАЮТСЯ ПУТЕМ НАЖАТИЯ КЛАВИШИ "SPACE", СПИСОК КОТОРЫХ ИДЕТ СЛЕДОМ: '
0277+  6AD3 20CFC5D0C5CACBDED7C0DED2D1DF20CFD3D2C5CC20CDC0C6C0D2C8DF20CACBC0
0277+  6AF3 C2C8D8C820225350414345222C20D1CFC8D1CECA20CACED2CED0DBD520C8C4C5
0277+  6B13 D220D1CBC5C4CECC3A20
0278+  6B1D             		db	' BECAREFUL.MFM (BE CAREFUL/WANDERERS FROM YS/R. V/D MOOSDIJK),'
0278+  6B1D 2042454341524546554C2E4D464D20284245204341524546554C2F57414E4445
0278+  6B3D 524552532046524F4D2059532F522E20562F44204D4F4F5344494A4B292C
0279+  6B5B             		db	' MELODIES.MFM (MB FOR MOONSOUND FM V0.91.  CODING BY R.SCHRIJVERS).'
0279+  6B5B 204D454C4F444945532E4D464D20284D4220464F52204D4F4F4E534F554E4420
0279+  6B7B 464D2056302E39312E2020434F44494E4720425920522E53434852494A564552
0279+  6B9B 53292E
0280+  6B9E             		db	' КРОМЕ ТОГО ЕСТЬ ЕЩЕ ОДНА КНОПКА "BREAK" - ВЫХОД В TR-DOS.'
0280+  6B9E 20CAD0CECCC520D2CEC3CE20C5D1D2DC20C5D9C520CEC4CDC020CACDCECFCAC0
0280+  6BBE 2022425245414B22202D20C2DBD5CEC420C22054522D444F532E
0281+  6BD8             		db 	' О ПРОГРАММЕ: ОСНОВНЫЕ МАТЕРИАЛЫ БЫЛИ ПОЗАИМСТВОВАНЫ С ПРОГРАММ КОМПЬЮТЕРА "MSX" И ВЕЛИКОЙ'
0281+  6BD8 20CE20CFD0CEC3D0C0CCCCC53A20CED1CDCEC2CDDBC520CCC0D2C5D0C8C0CBDB
0281+  6BF8 20C1DBCBC820CFCEC7C0C8CCD1D2C2CEC2C0CDDB20D120CFD0CEC3D0C0CCCC20
0281+  6C18 CACECCCFDCDED2C5D0C020224D53582220C820C2C5CBC8CACEC9
0282+  6C32             		db	' МУСОРКИ ПОД НАЗВАНИЕМ ИНТЕРНЕТ.' 
0282+  6C32 20CCD3D1CED0CAC820CFCEC420CDC0C7C2C0CDC8C5CC20C8CDD2C5D0CDC5D22E
0283+  6C52             		db 	' ВСЕ ЭТО СОБИРАЛОСЬ НА РС ПРИ ПОМОЩИ АССЕМБЛЕРА  SJASMPLUS.'
0283+  6C52 20C2D1C520DDD2CE20D1CEC1C8D0C0CBCED1DC20CDC020D0D120CFD0C820CFCE
0283+  6C72 CCCED9C820C0D1D1C5CCC1CBC5D0C02020534A41534D504C55532E
0284+  6C8D             		db	' НАПОМНЮ, ЕСЛИ У ВАС КАРТИНКА ГДЕ ЕСТЬ ТЕМА ЛУНЫ И ПЕЙЗАЙЖЕЙ, ТО МИЛОСТИ ПРОСИМ В СЛЕДУЮЩИЙ ВЫПУСК.'
0284+  6C8D 20CDC0CFCECCCDDE2C20C5D1CBC820D320C2C0D120CAC0D0D2C8CDCAC020C3C4
0284+  6CAD C520C5D1D2DC20D2C5CCC020CBD3CDDB20C820CFC5C9C7C0C9C6C5C92C20D2CE
0284+  6CCD 20CCC8CBCED1D2C820CFD0CED1C8CC20C220D1CBC5C4D3DED9C8C920C2DBCFD3
0284+  6CED D1CA2E
0285+  6CF0             		db	' КОРОЧЕ, ЖДЕМ НОВЫХ ТВОРЕНИЙ ОТ ХУДОЖНИКОВ ПРОФЕССИОНАЛЬНЫХ И НЕ ОЧЕНЬ. ЗАСИМ ПРОСИМ ОТКЛАНЯТСЯ, ДАЛЕЕ ИДЕТ'
0285+  6CF0 20CACED0CED7C52C20C6C4C5CC20CDCEC2DBD520D2C2CED0C5CDC8C920CED220
0285+  6D10 D5D3C4CEC6CDC8CACEC220CFD0CED4C5D1D1C8CECDC0CBDCCDDBD520C820CDC5
0285+  6D30 20CED7C5CDDC2E20C7C0D1C8CC20CFD0CED1C8CC20CED2CACBC0CDDFD2D1DF2C
0285+  6D50 20C4C0CBC5C520C8C4C5D2
0286+  6D5B             		db	' ТРАДИЦИОННАЯ РУБРИКА.'
0286+  6D5B 20D2D0C0C4C8D6C8CECDCDC0DF20D0D3C1D0C8CAC02E
0287+  6D71             		db	'             ПРИВЕТЫ И СПАСИБЫ!     '
0287+  6D71 20202020202020202020202020CFD0C8C2C5D2DB20C820D1CFC0D1C8C1DB2120
0287+  6D91 20202020
0288+  6D95             		db	' ААА, КАК ВСЕГДА И ВЕЗДЕ ГРОМАДНЫЙ ПРИВЕТИЩЕ.'
0288+  6D95 20C0C0C02C20CAC0CA20C2D1C5C3C4C020C820C2C5C7C4C520C3D0CECCC0C4CD
0288+  6DB5 DBC920CFD0C8C2C5D2C8D9C52E
0289+  6DC2             		db	' GOBLINISH, ПРИВЕТ, ВОТ ТЕБЕ ТАК СКАЗАТЬ ПЛЕЕР, ДЕЛАЙ ДЕМКИ ПОД МУНСАУНД :)'
0289+  6DC2 20474F424C494E4953482C20CFD0C8C2C5D22C20C2CED220D2C5C1C520D2C0CA
0289+  6DE2 20D1CAC0C7C0D2DC20CFCBC5C5D02C20C4C5CBC0C920C4C5CCCAC820CFCEC420
0289+  6E02 CCD3CDD1C0D3CDC4203A29
0290+  6E0D             		db	' DJS3000, СПАСИБО ЗА КОНСУЛЬТАТИВНУЮ ПОМОЩЬ ПРИ СОЗДАНИИ ЭТОЙ ЗВУКОВОЙ КАРТЫ.'
0290+  6E0D 20444A53333030302C20D1CFC0D1C8C1CE20C7C020CACECDD1D3CBDCD2C0D2C8
0290+  6E2D C2CDD3DE20CFCECCCED9DC20CFD0C820D1CEC7C4C0CDC8C820DDD2CEC920C7C2
0290+  6E4D D3CACEC2CEC920CAC0D0D2DB2E
0291+  6E5A             		db	' TS-LABS, СПАСИБО ЗА ТО ПРИЮТИЛ НА СВОЕМ ФОРУМЕ БЕСХОЗНОГО ПЛЮШЕВОГО МЕДВЕДЯ.'
0291+  6E5A 2054532D4C4142532C20D1CFC0D1C8C1CE20C7C020D2CE20CFD0C8DED2C8CB20
0291+  6E7A CDC020D1C2CEC5CC20D4CED0D3CCC520C1C5D1D5CEC7CDCEC3CE20CFCBDED8C5
0291+  6E9A C2CEC3CE20CCC5C4C2C5C4DF2E
0292+  6EA7             		db	' МУЗЫКАНТАМ ИЗ СБОРНИКА, РЕСПЕКТ ЗА ТАКИЕ ЗАМЕЧАТЕЛЬНЫЕ МУЗОНЫ.'
0292+  6EA7 20CCD3C7DBCAC0CDD2C0CC20C8C720D1C1CED0CDC8CAC02C20D0C5D1CFC5CAD2
0292+  6EC7 20C7C020D2C0CAC8C520C7C0CCC5D7C0D2C5CBDCCDDBC520CCD3C7CECDDB2E
0293+  6EE6             		db	' ВСЕМ ВЛАДЕЛЬЦАМ ПРОДУКЦИИ ПОД БРЕНДОМ "ZXM" БОЛЬШУЩИЙ ПРИВЕТ. ВАС ТЕПЕРЬ МНОГО, МОЖНО НЕ БУДУ ВАС НАЗЫВАТЬ ВСЕХ ПОИМЕННО.'
0293+  6EE6 20C2D1C5CC20C2CBC0C4C5CBDCD6C0CC20CFD0CEC4D3CAD6C8C820CFCEC420C1
0293+  6F06 D0C5CDC4CECC20225A584D2220C1CECBDCD8D3D9C8C920CFD0C8C2C5D22E20C2
0293+  6F26 C0D120D2C5CFC5D0DC20CCCDCEC3CE2C20CCCEC6CDCE20CDC520C1D3C4D320C2
0293+  6F46 C0D120CDC0C7DBC2C0D2DC20C2D1C5D520CFCEC8CCC5CDCDCE2E
0294+  6F60             		db	' ПРИВЕТ ТАКЖЕ ВСЕМ СПЕКТРУМИСТАМ, БЫВШИМ, НАСТОЯЩИМ И ВОЗМОЖНО БУДУЩИМ.'
0294+  6F60 20CFD0C8C2C5D220D2C0CAC6C520C2D1C5CC20D1CFC5CAD2D0D3CCC8D1D2C0CC
0294+  6F80 2C20C1DBC2D8C8CC2C20CDC0D1D2CEDFD9C8CC20C820C2CEC7CCCEC6CDCE20C1
0294+  6FA0 D3C4D3D9C8CC2E
0295+  6FA7             		db	'       И ПОСЛЕДНИЙ АБЗАЦ :) :)'
0295+  6FA7 20202020202020C820CFCED1CBC5C4CDC8C920C0C1C7C0D6203A29203A29
0296+  6FC5             		db	' НАЙТИ ПОСЛЕДНЮЮ ИНФОРМАЦИЮ ПО МОИМ ПРОЕКТАМ МОЖНО НА САЙТЕ WWW.MICKLAB.RU.'
0296+  6FC5 20CDC0C9D2C820CFCED1CBC5C4CDDEDE20C8CDD4CED0CCC0D6C8DE20CFCE20CC
0296+  6FE5 CEC8CC20CFD0CEC5CAD2C0CC20CCCEC6CDCE20CDC020D1C0C9D2C5205757572E
0296+  7005 4D49434B4C41422E52552E
0297+  7010             		db	' СВЯЗАТСЯ СО МНОЙ МОЖНО ЧЕРЕЗ ФОРУМ WWW.TS-LABS.INFO - НИКНЕЙМ MICK ИЛИ ЧЕРЕЗ МЫЛО'
0297+  7010 20D1C2DFC7C0D2D1DF20D1CE20CCCDCEC920CCCEC6CDCE20D7C5D0C5C720D4CE
0297+  7030 D0D3CC205757572E54532D4C4142532E494E464F202D20CDC8CACDC5C9CC204D
0297+  7050 49434B20C8CBC820D7C5D0C5C720CCDBCBCE
0298+  7062             		db	' MICKLAB(ГАВ-ГАВ)MAIL.RU   ' 
0298+  7062 204D49434B4C414228C3C0C22DC3C0C2294D41494C2E5255202020
0299+  707D             		db	' ПОРА ПРОЩАТЬСЯ. ПОСМОРТИМ БУДУТ ЛИ ЕЩЕ ПРОГРАММКИ ОТ МЕНЯ :) ПОКА! ПОКА!      '
0299+  707D 20CFCED0C020CFD0CED9C0D2DCD1DF2E20CFCED1CCCED0D2C8CC20C1D3C4D3D2
0299+  709D 20CBC820C5D9C520CFD0CEC3D0C0CCCCCAC820CED220CCC5CDDF203A2920CFCE
0299+  70BD CAC02120CFCECAC021202020202020
0300+  70CC             		db	'            MARCH *2016*    GRAPHICS AND CODE BY MICK         '
0300+  70CC 2020202020202020202020204D41524348202A323031362A2020202047524150
0300+  70EC 4849435320414E4420434F4445204259204D49434B202020202020202020
0301+  710A             		db	'                                             ',0           		
0301+  710A 2020202020202020202020202020202020202020202020202020202020202020
0301+  712A 2020202020202020202020202000
0302+  7138             Str_addr_font: 
0303+  7138             		incbin "aaa_3.fnt"
0304+  7D38             Str_end_font: 
0305+  7D38             
0347   7D38             		.include  mfm_player.asm
0001+  7D38             ;--------------------------------------------------------------------
0002+  7D38             ; Описание: Проигрывающий модуль музыкальных файлов MFM c компьютера MSX
0003+  7D38             ; Автор порта: Тарасов М.Н.(Mick),2015
0004+  7D38             ;--------------------------------------------------------------------
0005+  7D38             
0006+  7D38             MOON_BASE: 	equ	0C4h
0007+  7D38             MOON_REG1: 	equ	MOON_BASE
0008+  7D38             MOON_DAT1: 	equ	MOON_BASE+1
0009+  7D38             MOON_REG2: 	equ	MOON_BASE+2
0010+  7D38             MOON_DAT2: 	equ	MOON_BASE+3
0011+  7D38             MOON_STAT: 	equ	MOON_BASE
0012+  7D38             
0013+  7D38             MOON_WREG: 	equ	7Eh
0014+  7D38             MOON_WDAT: 	equ	MOON_WREG+1
0015+  7D38             
0016+  7D38             PTW_SIZE: 		equ	13	; size of Wave playtable line
0017+  7D38             ;-------------------------------------------------------------------
0018+  7D38             ; описание: Инициализация проигрывателя
0019+  7D38             ; параметры: нет
0020+  7D38             ; возвращаемое  значение: нет
0021+  7D38             ;---------------------------------------------------------------------
0022+  7D38             MBPlayer_init: 
0023+  7D38 C3 41 7D    		jp	MBPlayer_start_music
0024+  7D3B             ;-------------------------------------------------------------------
0025+  7D3B             ; описание: Проигрывание ноты
0026+  7D3B             ; параметры: нет
0027+  7D3B             ; возвращаемое  значение: нет
0028+  7D3B             ;---------------------------------------------------------------------
0029+  7D3B             MBPlayer_play: 
0030+  7D3B C3 BF 7E    		jp	MBPlayer_play_music
0031+  7D3E             ;-------------------------------------------------------------------
0032+  7D3E             ; описание: Остановка проигрывания
0033+  7D3E             ; параметры: нет
0034+  7D3E             ; возвращаемое  значение: нет
0035+  7D3E             ;---------------------------------------------------------------------
0036+  7D3E             MBPlayer_stop: 
0037+  7D3E C3 72 7E    		jp	MBPlayer_stop_music
0038+  7D41             ;-------------------------------------------------------------------
0039+  7D41             ; описание: Инициализация проигрывателя
0040+  7D41             ; параметры: нет
0041+  7D41             ; возвращаемое  значение: нет
0042+  7D41             ;---------------------------------------------------------------------
0043+  7D41             MBPlayer_start_music: 
0044+  7D41 F3          		di	
0045+  7D42 3A 66 8A    		ld	a, (MBPlayer_play_busy)
0046+  7D45 B7          		or	a
0047+  7D46 C0          		ret	nz
0048+  7D47             
0049+  7D47 21 00 00    		ld	hl, 0
0050+  7D4A 22 6E 8A    		ld	(MBPlayer_status), hl
0051+  7D4D 22 6F 8A    		ld	(MBPlayer_status + 1), hl
0052+  7D50 3E FF       		ld	a, 0FFh
0053+  7D52 32 66 8A    		ld	(MBPlayer_play_busy), a
0054+  7D55 AF          		xor	a
0055+  7D56 32 8D 8A    		ld	(byte_0_4F4E), a
0056+  7D59 3E 0F       		ld	a, 0Fh
0057+  7D5B 32 68 8A    		ld	(MBPlayer_play_step), a
0058+  7D5E 3E FF       		ld	a, 0FFh
0059+  7D60 32 67 8A    		ld	(MBPlayer_play_pos), a
0060+  7D63             
0061+  7D63             ;		call	MBPlayer_getbank_FE
0062+  7D63             ;		push	af
0063+  7D63             
0064+  7D63             ;		ld	a, (MBPlayer_songdata_bank1)
0065+  7D63             ;		call	MBPlayer_selbank_FE
0066+  7D63             
0067+  7D63 2A 6B 8A    		ld	hl, (MBPlayer_songdata_addres)
0068+  7D66 11 90 8A    		ld	de, MBPlayer_xleng
0069+  7D69 01 CE 02    		ld	bc, 718				;2CEh
0070+  7D6C ED B0       		ldir	
0071+  7D6E 11 5E 00    		ld	de, 94				;5Eh
0072+  7D71 19          		add	hl, de
0073+  7D72 22 60 8D    		ld	(MBPlayer_pos_address), hl
0074+  7D75 3A 90 8A    		ld	a, (MBPlayer_xleng)
0075+  7D78 3C          		inc	a
0076+  7D79 5F          		ld	e, a
0077+  7D7A 19          		add	hl, de
0078+  7D7B 22 5E 8D    		ld	(MBPlayer_pat_address), hl
0079+  7D7E             
0080+  7D7E             ;		pop	af
0081+  7D7E             ;		call	MBPlayer_selbank_FE
0082+  7D7E             
0083+  7D7E CD 8A 7D    		call	MBPlayer_init_opl4
0084+  7D81             
0085+  7D81 3A 8A 8A    		ld	a, (MBPlayer_play_speed)
0086+  7D84 D6 02       		sub	2
0087+  7D86 32 8C 8A    		ld	(MBPlayer_play_timercnt), a
0088+  7D89             
0089+  7D89             loc_0_4201: 
0090+  7D89             ;		di	
0091+  7D89             ;		ld	hl, 0FD9Fh
0092+  7D89             ;		ld	de, locret_0_44B2
0093+  7D89             ;		ld	bc, 5
0094+  7D89             ;		ldir	
0095+  7D89             ;		ld	a, (0F342h)
0096+  7D89             ;		ld	(unk_0_4221), a
0097+  7D89             ;		ld	hl, MBPlayer_interrupt
0098+  7D89             ;		ld	de, 0FD9Fh
0099+  7D89             ;		ld	bc, 5
0100+  7D89             ;		ldir	
0101+  7D89             ;		ei	
0102+  7D89 C9          		ret	
0103+  7D8A             ;-------------------------------------------------------------------
0104+  7D8A             ; описание: Инициализация OPL4 регистров
0105+  7D8A             ; параметры: нет
0106+  7D8A             ; возвращаемое  значение: нет
0107+  7D8A             ;---------------------------------------------------------------------
0108+  7D8A             MBPlayer_init_opl4: 
0109+  7D8A 3E 03       		ld	a, 3
0110+  7D8C 0E 05       		ld	c, 5
0111+  7D8E CD EA 86    		call	MBPlayer_out_fm2
0112+  7D91 3E 40       		ld	a, 40h
0113+  7D93 0E 08       		ld	c, 8
0114+  7D95 CD E2 86    		call	MBPlayer_out_fm1
0115+  7D98 3A D5 8C    		ld	a, (MBPlayer_play_chvol_1)
0116+  7D9B 21 5F 8A    		ld	hl, unk_0_4F43
0117+  7D9E 85          		add	a, l
0118+  7D9F 30 01       		jr	nc, loc_0_423D
0119+  7DA1 24          		inc	h
0120+  7DA2             
0121+  7DA2             loc_0_423D: 
0122+  7DA2 6F          		ld	l, a
0123+  7DA3 7E          		ld	a, (hl)
0124+  7DA4 0E 04       		ld	c, 4
0125+  7DA6 CD EA 86    		call	MBPlayer_out_fm2
0126+  7DA9 0E 02       		ld	c, 2
0127+  7DAB 3E 10       		ld	a, 10h
0128+  7DAD CD F2 86    		call	MBPlayer_out_wave
0129+  7DB0 3A D5 8C    		ld	a, (MBPlayer_play_chvol_1)
0130+  7DB3 87          		add	a, a
0131+  7DB4 47          		ld	b, a
0132+  7DB5 3E 12       		ld	a, 12h
0133+  7DB7 90          		sub	b
0134+  7DB8 32 8E 8A    		ld	(MBPlayer_play_chvol_2), a
0135+  7DBB CD C9 7D    		call	sub_0_4264
0136+  7DBE 3A BA 8C    		ld	a, (MBPlayer_xtempo)
0137+  7DC1 32 8A 8A    		ld	(MBPlayer_play_speed), a
0138+  7DC4 AF          		xor	a
0139+  7DC5 32 8B 8A    		ld	(MBPlayer_play_tspval), a
0140+  7DC8 C9          		ret	
0141+  7DC9             
0142+  7DC9             
0143+  7DC9             sub_0_4264: 
0144+  7DC9 DD 21 06 8D 		ld	ix, unk_0_5368
0145+  7DCD 11 0D 00    		ld	de, PTW_SIZE
0146+  7DD0 3A D5 8C    		ld	a, (MBPlayer_play_chvol_1)
0147+  7DD3 B7          		or	a
0148+  7DD4 28 25       		jr	z, loc_0_4296
0149+  7DD6 FD 21 8D 89 		ld	iy, MBPlayer_play_table_wav_1
0150+  7DDA 47          		ld	b, a
0151+  7DDB             
0152+  7DDB             loc_0_4276: 
0153+  7DDB D9          		exx	
0154+  7DDC DD 7E B7    		ld	a, (ix - 49h)
0155+  7DDF FD 77 07    		ld	(iy + 7), a
0156+  7DE2 DD 7E 00    		ld	a, (ix + 0)
0157+  7DE5 21 EB 7D    		ld	hl, loc_0_4286
0158+  7DE8 C3 1D 82    		jp	loc_0_46FB
0159+  7DEB             
0160+  7DEB             
0161+  7DEB             loc_0_4286: 
0162+  7DEB DD 7E 9C    		ld	a, (ix - 64h)
0163+  7DEE 21 F4 7D    		ld	hl, loc_0_428F
0164+  7DF1 C3 B3 82    		jp	loc_0_4791
0165+  7DF4             
0166+  7DF4             
0167+  7DF4             loc_0_428F: 
0168+  7DF4 DD 23       		inc	ix
0169+  7DF6 D9          		exx	
0170+  7DF7 FD 19       		add	iy, de
0171+  7DF9 10 E0       		djnz	loc_0_4276
0172+  7DFB             
0173+  7DFB             loc_0_4296: 
0174+  7DFB FD 21 A3 88 		ld	iy, MBPlayer_play_table_wav_2
0175+  7DFF 3A 8E 8A    		ld	a, (MBPlayer_play_chvol_2)
0176+  7E02 47          		ld	b, a
0177+  7E03             
0178+  7E03             loc_0_429E: 
0179+  7E03 D9          		exx	
0180+  7E04 DD 7E B7    		ld	a, (ix - 49h)
0181+  7E07 FD 77 07    		ld	(iy + 7), a
0182+  7E0A DD 7E 00    		ld	a, (ix + 0)
0183+  7E0D 21 13 7E    		ld	hl, loc_0_42AE
0184+  7E10 C3 B7 81    		jp	loc_0_4695
0185+  7E13             
0186+  7E13             loc_0_42AE: 
0187+  7E13 DD 7E 9C    		ld	a, (ix - 64h)
0188+  7E16 21 1C 7E    		ld	hl, loc_0_42B7
0189+  7E19 C3 95 82    		jp	loc_0_4773
0190+  7E1C             
0191+  7E1C             
0192+  7E1C             loc_0_42B7: 
0193+  7E1C DD 23       		inc	ix
0194+  7E1E D9          		exx	
0195+  7E1F FD 19       		add	iy, de
0196+  7E21 10 E0       		djnz	loc_0_429E
0197+  7E23 06 06       		ld	b, 6
0198+  7E25 FD 21 DB 89 		ld	iy, MBPlayer_play_table_wav_3
0199+  7E29 DD 21 18 8D 		ld	ix, unk_0_537A
0200+  7E2D 11 12 00    		ld	de, 12h
0201+  7E30             
0202+  7E30             loc_0_42CB: 
0203+  7E30 D5          		push	de
0204+  7E31 C5          		push	bc
0205+  7E32 DD 7E B7    		ld	a, (ix - 49h)
0206+  7E35 87          		add	a, a
0207+  7E36 FD 77 05    		ld	(iy + 5), a
0208+  7E39 DD 7E 00    		ld	a, (ix + 0)
0209+  7E3C F5          		push	af
0210+  7E3D CD 48 84    		call	MBPlayer_play_wwavevt2
0211+  7E40 F1          		pop	af
0212+  7E41 21 3D 8D    		ld	hl, MBPlayer_xwavvols - 1
0213+  7E44 85          		add	a, l
0214+  7E45 30 01       		jr	nc, loc_0_42E3
0215+  7E47 24          		inc	h
0216+  7E48             
0217+  7E48             loc_0_42E3: 
0218+  7E48 6F          		ld	l, a
0219+  7E49 7E          		ld	a, (hl)
0220+  7E4A FD 77 0F    		ld	(iy + 0Fh), a
0221+  7E4D CD 75 84    		call	MBPlayer_play_wchgvol2
0222+  7E50 DD 7E 9C    		ld	a, (ix - 64h)
0223+  7E53 CD E6 84    		call	MBPlayer_play_wchgste2
0224+  7E56 DD 23       		inc	ix
0225+  7E58 C1          		pop	bc
0226+  7E59 D1          		pop	de
0227+  7E5A FD 19       		add	iy, de
0228+  7E5C 10 D2       		djnz	loc_0_42CB
0229+  7E5E             
0230+  7E5E 0E BD       		ld	c, 0BDh
0231+  7E60 3A BC 8C    		ld	a, (byte_0_531E)
0232+  7E63 C3 E2 86    		jp	MBPlayer_out_fm1
0233+  7E66             ;-------------------------------------------------------------------
0234+  7E66             ; описание: Возобновление проигрывания
0235+  7E66             ; параметры: нет
0236+  7E66             ; возвращаемое  значение: нет
0237+  7E66             ;---------------------------------------------------------------------
0238+  7E66             MBPlayer_continue_music: 
0239+  7E66 3A 66 8A    		ld	a, (MBPlayer_play_busy)
0240+  7E69 B7          		or	a
0241+  7E6A C0          		ret	nz
0242+  7E6B 3D          		dec	a
0243+  7E6C 32 66 8A    		ld	(MBPlayer_play_busy), a
0244+  7E6F C3 89 7D    		jp	loc_0_4201
0245+  7E72             ;-------------------------------------------------------------------
0246+  7E72             ; описание: Остановка проигрывания
0247+  7E72             ; параметры: нет
0248+  7E72             ; возвращаемое  значение: нет
0249+  7E72             ;---------------------------------------------------------------------
0250+  7E72             MBPlayer_stop_music: 
0251+  7E72             
0252+  7E72             ;		ld	a, (MBPlayer_play_busy)
0253+  7E72             ;		or	a
0254+  7E72             ;		ret	z
0255+  7E72             
0256+  7E72 F3          		di	
0257+  7E73 AF          		xor	a
0258+  7E74 32 66 8A    		ld	(MBPlayer_play_busy), a
0259+  7E77             ;		ld	hl, locret_0_44B2
0260+  7E77             ;		ld	de, 0FD9Fh
0261+  7E77             ;		ld	bc, 5
0262+  7E77             ;		ldir	
0263+  7E77             ;		ei	
0264+  7E77             
0265+  7E77 11 0D 00    		ld	de, PTW_SIZE
0266+  7E7A 3A D5 8C    		ld	a, (MBPlayer_play_chvol_1)
0267+  7E7D B7          		or	a
0268+  7E7E 28 0C       		jr	z, loc_0_433A
0269+  7E80 47          		ld	b, a
0270+  7E81 FD 21 8D 89 		ld	iy, MBPlayer_play_table_wav_1
0271+  7E85             
0272+  7E85             loc_0_4333: 
0273+  7E85 CD B0 7E    		call	sub_0_435E
0274+  7E88 FD 19       		add	iy, de
0275+  7E8A 10 F9       		djnz	loc_0_4333
0276+  7E8C             
0277+  7E8C             loc_0_433A: 
0278+  7E8C 3A 8E 8A    		ld	a, (MBPlayer_play_chvol_2)
0279+  7E8F 47          		ld	b, a
0280+  7E90 FD 21 A3 88 		ld	iy, MBPlayer_play_table_wav_2
0281+  7E94             
0282+  7E94             loc_0_4342: 
0283+  7E94 CD B0 7E    		call	sub_0_435E
0284+  7E97 FD 19       		add	iy, de
0285+  7E99 10 F9       		djnz	loc_0_4342
0286+  7E9B 06 06       		ld	b, 6
0287+  7E9D FD 21 DB 89 		ld	iy, MBPlayer_play_table_wav_3
0288+  7EA1 11 12 00    		ld	de, 12h
0289+  7EA4             
0290+  7EA4             loc_0_4352: 
0291+  7EA4 CD 36 84    		call	MBPlayer_play_woffevt
0292+  7EA7 CD 3B 85    		call	MBPlayer_play_wchgdmp
0293+  7EAA FD 19       		add	iy, de
0294+  7EAC 10 F6       		djnz	loc_0_4352
0295+  7EAE FB          		ei	
0296+  7EAF C9          		ret	
0297+  7EB0             
0298+  7EB0             sub_0_435E: 
0299+  7EB0 C5          		push	bc
0300+  7EB1 FD 46 02    		ld	b, (iy + 2)
0301+  7EB4 AF          		xor	a
0302+  7EB5 CD CF 86    		call	sub_0_4BB3
0303+  7EB8 CB E0       		set	4, b
0304+  7EBA CD CF 86    		call	sub_0_4BB3
0305+  7EBD C1          		pop	bc
0306+  7EBE C9          		ret	
0307+  7EBF             ;-------------------------------------------------------------------
0308+  7EBF             ; описание: Проигрывание музыки по прерываниям
0309+  7EBF             ; параметры: нет
0310+  7EBF             ; возвращаемое  значение: нет
0311+  7EBF             ;---------------------------------------------------------------------
0312+  7EBF             MBPlayer_play_music: 
0313+  7EBF F3          		di	
0314+  7EC0             ;		ld	a, (MBPlayer_xhzequal)
0315+  7EC0             ;		or	a
0316+  7EC0             ;		jr	z, loc_0_438A
0317+  7EC0             ;		ld	a, (0FFE8h)
0318+  7EC0             ;		and	2
0319+  7EC0             ;		jr	nz, loc_0_438A
0320+  7EC0              ;
0321+  7EC0             ;		ld	hl, byte_0_4F4E
0322+  7EC0             ;		ld	a, (hl)
0323+  7EC0             ;		inc	a
0324+  7EC0             ;		cp	6
0325+  7EC0             ;		jr	c, loc_0_4389
0326+  7EC0             ;		ld	(hl), 0
0327+  7EC0             ;		jp	locret_0_44B2
0328+  7EC0              ;
0329+  7EC0             ;loc_0_4389:
0330+  7EC0             ;		ld	(hl), a
0331+  7EC0             
0332+  7EC0             loc_0_438A: 
0333+  7EC0 CD B6 85    		call	sub_0_4A9A
0334+  7EC3             
0335+  7EC3             ;		call	MBPlayer_getbank_FE
0336+  7EC3             ;		push	af
0337+  7EC3             
0338+  7EC3 3A 8A 8A    		ld	a, (MBPlayer_play_speed)
0339+  7EC6 21 8C 8A    		ld	hl, MBPlayer_play_timercnt
0340+  7EC9 34          		inc	(hl)
0341+  7ECA BE          		cp	(hl)
0342+  7ECB C2 DF 7F    		jp	nz, MBPlayer_play_int_sec
0343+  7ECE 36 00       		ld	(hl), 0
0344+  7ED0             
0345+  7ED0             ;		ld	a, (MBPlayer_songdata_bank)
0346+  7ED0             ;		call	MBPlayer_selbank_FE
0347+  7ED0             
0348+  7ED0 CD AF 83    		call	MBPlayer_play_wtones
0349+  7ED3             
0350+  7ED3 21 70 8A    		ld	hl, MBPlayer_step_buffer
0351+  7ED6 11 0D 00    		ld	de, PTW_SIZE			;размер данных
0352+  7ED9 3A D5 8C    		ld	a, (MBPlayer_play_chvol_1)
0353+  7EDC B7          		or	a
0354+  7EDD CA 24 7F    		jp	z, loc_0_43F8
0355+  7EE0 47          		ld	b, a				;число каналов
0356+  7EE1 FD 21 8D 89 		ld	iy, MBPlayer_play_table_wav_1
0357+  7EE5             
0358+  7EE5             loc_0_43B9: 
0359+  7EE5 7E          		ld	a, (hl)
0360+  7EE6 B7          		or	a
0361+  7EE7 CA 1F 7F    		jp	z, loc_0_43F3
0362+  7EEA D9          		exx	
0363+  7EEB             
0364+  7EEB 21 1E 7F    		ld	hl, MBPlayer_play_int_wend_1
0365+  7EEE FE 61       		cp	97
0366+  7EF0 DA 76 81    		jp	c, MBPlayer_play_wonevt_1 	; wave on
0367+  7EF3 CA 9F 81    		jp	z, loc_0_467D
0368+  7EF6 FE 7A       		cp	122
0369+  7EF8 DA 1B 82    		jp	c, loc_0_46F9
0370+  7EFB FE BA       		cp	186
0371+  7EFD DA 8E 82    		jp	c, loc_0_476C
0372+  7F00 FE BD       		cp	189
0373+  7F02 DA AD 82    		jp	c, loc_0_478B
0374+  7F05 FE D0       		cp	208
0375+  7F07 DA DA 82    		jp	c, loc_0_47B8
0376+  7F0A FE E3       		cp	227
0377+  7F0C DA 17 83    		jp	c, loc_0_47F5
0378+  7F0F FE F0       		cp	240
0379+  7F11 DA 6B 83    		jp	c, loc_0_4849
0380+  7F14 FE F7       		cp	247
0381+  7F16 DA 6C 83    		jp	c, loc_0_484A
0382+  7F19 FE FA       		cp	250
0383+  7F1B DA 73 83    		jp	c, loc_0_4851
0384+  7F1E             
0385+  7F1E             MBPlayer_play_int_wend_1: 
0386+  7F1E D9          		exx	
0387+  7F1F             
0388+  7F1F             loc_0_43F3: 
0389+  7F1F FD 19       		add	iy, de
0390+  7F21 23          		inc	hl
0391+  7F22 10 C1       		djnz	loc_0_43B9
0392+  7F24             
0393+  7F24             loc_0_43F8: 
0394+  7F24 FD 21 A3 88 		ld	iy, MBPlayer_play_table_wav_2
0395+  7F28 3A 8E 8A    		ld	a, (MBPlayer_play_chvol_2)
0396+  7F2B 47          		ld	b, a
0397+  7F2C             
0398+  7F2C             loc_0_4400: 
0399+  7F2C 7E          		ld	a, (hl)
0400+  7F2D B7          		or	a
0401+  7F2E CA 66 7F    		jp	z, loc_0_443A
0402+  7F31 D9          		exx	
0403+  7F32 21 65 7F    		ld	hl, MBPlayer_play_int_wend_2
0404+  7F35 FE 61       		cp	97
0405+  7F37 DA 76 81    		jp	c, MBPlayer_play_wonevt_1 	; wave on
0406+  7F3A CA 9F 81    		jp	z, loc_0_467D
0407+  7F3D FE 7A       		cp	122
0408+  7F3F DA B5 81    		jp	c, loc_0_4693
0409+  7F42 FE BA       		cp	186
0410+  7F44 DA 7A 82    		jp	c, loc_0_4758
0411+  7F47 FE BD       		cp	189
0412+  7F49 DA 8F 82    		jp	c, loc_0_476D
0413+  7F4C FE D0       		cp	208
0414+  7F4E DA DA 82    		jp	c, loc_0_47B8
0415+  7F51 FE E3       		cp	227
0416+  7F53 DA 17 83    		jp	c, loc_0_47F5
0417+  7F56 FE F0       		cp	240
0418+  7F58 DA 4F 83    		jp	c, loc_0_482D
0419+  7F5B FE F7       		cp	247
0420+  7F5D DA 6C 83    		jp	c, loc_0_484A
0421+  7F60 FE FA       		cp	250
0422+  7F62 DA 73 83    		jp	c, loc_0_4851
0423+  7F65             
0424+  7F65             MBPlayer_play_int_wend_2: 
0425+  7F65 D9          		exx	
0426+  7F66             
0427+  7F66             loc_0_443A: 
0428+  7F66 FD 19       		add	iy, de
0429+  7F68 23          		inc	hl
0430+  7F69 10 C1       		djnz	loc_0_4400
0431+  7F6B 3A D5 8C    		ld	a, (MBPlayer_play_chvol_1)
0432+  7F6E 85          		add	a, l
0433+  7F6F 30 01       		jr	nc, loc_0_4446
0434+  7F71 24          		inc	h
0435+  7F72             
0436+  7F72             loc_0_4446: 
0437+  7F72 6F          		ld	l, a
0438+  7F73             
0439+  7F73             loc_0_4447: 
0440+  7F73 DB C4       		in	a, (0C4h)
0441+  7F75 CB 4F       		bit	1, a
0442+  7F77 20 FA       		jr	nz, loc_0_4447
0443+  7F79             
0444+  7F79 FD 21 DB 89 		ld	iy, MBPlayer_play_table_wav_3
0445+  7F7D 06 06       		ld	b, 6
0446+  7F7F 11 12 00    		ld	de, 12h
0447+  7F82             
0448+  7F82             loc_0_4456: 
0449+  7F82 7E          		ld	a, (hl)
0450+  7F83 B7          		or	a
0451+  7F84 28 3A       		jr	z, loc_0_4494
0452+  7F86             
0453+  7F86 08          		ex	af, af'
0454+  7F87 78          		ld	a, b
0455+  7F88 D9          		exx	
0456+  7F89 47          		ld	b, a
0457+  7F8A 08          		ex	af, af'
0458+  7F8B             
0459+  7F8B 11 BF 7F    		ld	de, MBPlayer_play_int_wend_3
0460+  7F8E D5          		push	de
0461+  7F8F FE 61       		cp	97
0462+  7F91 DA FC 83    		jp	c, MBPlayer_play_wonevt 	; wave on
0463+  7F94 CA 36 84    		jp	z, MBPlayer_play_woffevt        ; wave off
0464+  7F97 FE 92       		cp	146
0465+  7F99 DA 46 84    		jp	c, MBPlayer_play_wwavevt        ; wave
0466+  7F9C FE B2       		cp	178
0467+  7F9E DA 70 84    		jp	c, MBPlayer_play_wchgvol        ; volume
0468+  7FA1 FE C1       		cp	193
0469+  7FA3 DA E4 84    		jp	c, MBPlayer_play_wchgste        ; stereo
0470+  7FA6 FE D4       		cp	212
0471+  7FA8 DA 8D 84    		jp	c, MBPlayer_play_wlnk           ; link
0472+  7FAB FE E7       		cp	231
0473+  7FAD DA 03 85    		jp	c, MBPlayer_play_wchgpit        ; pitch bending
0474+  7FB0 FE EE       		cp	238
0475+  7FB2 DA 33 85    		jp	c, MBPlayer_play_wchgdet        ; detune
0476+  7FB5 FE F1       		cp	241
0477+  7FB7 DA 1B 85    		jp	c, MBPlayer_play_wchgmod        ; modulation
0478+  7FBA FE F3       		cp	243
0479+  7FBC DA 3B 85    		jp	c, MBPlayer_play_wchgdmp        ; damp
0480+  7FBF             
0481+  7FBF             MBPlayer_play_int_wend_3: 
0482+  7FBF D9          		exx	
0483+  7FC0             
0484+  7FC0             loc_0_4494: 
0485+  7FC0 FD 19       		add	iy, de
0486+  7FC2 23          		inc	hl
0487+  7FC3 10 BD       		djnz	loc_0_4456
0488+  7FC5 7E          		ld	a, (hl)
0489+  7FC6 B7          		or	a
0490+  7FC7 28 11       		jr	z, loc_0_44AE
0491+  7FC9 FE 18       		cp	18h
0492+  7FCB DA 4B 85    		jp	c, loc_0_4A29
0493+  7FCE CA 55 85    		jp	z, loc_0_4A33
0494+  7FD1 FE 1C       		cp	1Ch
0495+  7FD3 38 05       		jr	c, loc_0_44AE
0496+  7FD5 FE 4C       		cp	4Ch ; 'L'
0497+  7FD7 DA 5D 85    		jp	c, MBPlayer_play_chgtrs
0498+  7FDA             
0499+  7FDA             loc_0_44AE: 
0500+  7FDA             ;		pop	af
0501+  7FDA             ;		call	MBPlayer_selbank_FE
0502+  7FDA             
0503+  7FDA             locret_0_44B2: 
0504+  7FDA C9          		ret	
0505+  7FDB C9          		ret	
0506+  7FDC C9          		ret	
0507+  7FDD C9          		ret	
0508+  7FDE C9          		ret	
0509+  7FDF             ;-------------------------------------------------------------------
0510+  7FDF             ; описание: Interrupt routine BEFORE play-interrupt
0511+  7FDF             ; параметры: нет
0512+  7FDF             ; возвращаемое  значение: нет
0513+  7FDF             ;---------------------------------------------------------------------
0514+  7FDF             MBPlayer_play_int_sec: 
0515+  7FDF 3D          		dec	a
0516+  7FE0 BE          		cp	(hl)
0517+  7FE1 20 F7       		jr	nz, loc_0_44AE
0518+  7FE3 3A 68 8A    		ld	a, (MBPlayer_play_step)
0519+  7FE6 3C          		inc	a
0520+  7FE7 E6 0F       		and	0Fh
0521+  7FE9 32 68 8A    		ld	(MBPlayer_play_step), a
0522+  7FEC 2A 62 8D    		ld	hl, (MBPlayer_songdata_ptr)
0523+  7FEF CC 65 85    		call	z, MBPlayer_play_nextpos
0524+  7FF2             
0525+  7FF2             ;		ld	a, (MBPlayer_songdata_bank)
0526+  7FF2             ;		call	MBPlayer_selbank_FE
0527+  7FF2             
0528+  7FF2 11 70 8A    		ld	de, MBPlayer_step_buffer
0529+  7FF5 7E          		ld	a, (hl)
0530+  7FF6 23          		inc	hl
0531+  7FF7 FE FF       		cp	255
0532+  7FF9 C2 0D 80    		jp	nz, loc_0_44EB
0533+  7FFC D9          		exx	
0534+  7FFD 21 70 8A    		ld	hl, MBPlayer_step_buffer
0535+  8000 11 71 8A    		ld	de, MBPlayer_step_buffer + 1
0536+  8003 01 18 00    		ld	bc, 24
0537+  8006 70          		ld	(hl), b
0538+  8007 ED B0       		ldir	
0539+  8009 D9          		exx	
0540+  800A C3 2C 80    		jp	loc_0_450A
0541+  800D             
0542+  800D             
0543+  800D             loc_0_44EB: 
0544+  800D 12          		ld	(de), a
0545+  800E 13          		inc	de
0546+  800F E5          		push	hl
0547+  8010 23          		inc	hl
0548+  8011 23          		inc	hl
0549+  8012 23          		inc	hl
0550+  8013 D9          		exx	
0551+  8014 E1          		pop	hl
0552+  8015 06 03       		ld	b, 3
0553+  8017             
0554+  8017             loc_0_44F5: 
0555+  8017 7E          		ld	a, (hl)
0556+  8018 D9          		exx	
0557+  8019 06 08       		ld	b, 8
0558+  801B 4F          		ld	c, a
0559+  801C             
0560+  801C             loc_0_44FA: 
0561+  801C AF          		xor	a
0562+  801D CB 01       		rlc	c
0563+  801F 30 02       		jr	nc, loc_0_4501
0564+  8021 7E          		ld	a, (hl)
0565+  8022 23          		inc	hl
0566+  8023             
0567+  8023             loc_0_4501: 
0568+  8023 12          		ld	(de), a
0569+  8024 13          		inc	de
0570+  8025 10 F5       		djnz	loc_0_44FA
0571+  8027 D9          		exx	
0572+  8028 23          		inc	hl
0573+  8029 10 EC       		djnz	loc_0_44F5
0574+  802B D9          		exx	
0575+  802C             
0576+  802C             loc_0_450A: 
0577+  802C 22 62 8D    		ld	(MBPlayer_songdata_ptr), hl
0578+  802F 21 70 8A    		ld	hl, MBPlayer_step_buffer
0579+  8032 11 0D 00    		ld	de, PTW_SIZE
0580+  8035 3A D5 8C    		ld	a, (MBPlayer_play_chvol_1)
0581+  8038 B7          		or	a
0582+  8039 CA 44 80    		jp	z, loc_0_4522
0583+  803C FD 21 8D 89 		ld	iy, MBPlayer_play_table_wav_1
0584+  8040 47          		ld	b, a
0585+  8041 CD 52 80    		call	sub_0_4530
0586+  8044             
0587+  8044             loc_0_4522: 
0588+  8044 FD 21 A3 88 		ld	iy, MBPlayer_play_table_wav_2
0589+  8048 3A 8E 8A    		ld	a, (MBPlayer_play_chvol_2)
0590+  804B 47          		ld	b, a
0591+  804C CD 52 80    		call	sub_0_4530
0592+  804F C3 87 80    		jp	loc_0_4565
0593+  8052             
0594+  8052             sub_0_4530: 
0595+  8052 D9          		exx	
0596+  8053 3A 8B 8A    		ld	a, (MBPlayer_play_tspval)
0597+  8056 47          		ld	b, a
0598+  8057 D9          		exx	
0599+  8058             
0600+  8058             loc_0_4536: 
0601+  8058 7E          		ld	a, (hl)
0602+  8059 3D          		dec	a
0603+  805A FE 60       		cp	60h ; '`'
0604+  805C 30 23       		jr	nc, loc_0_455F
0605+  805E D9          		exx	
0606+  805F FD 36 04 00 		ld	(iy + 4), 0
0607+  8063 80          		add	a, b
0608+  8064 FD 77 01    		ld	(iy + 1), a
0609+  8067 21 E4 87    		ld	hl, unk_0_4CC8
0610+  806A 87          		add	a, a
0611+  806B 85          		add	a, l
0612+  806C 30 01       		jr	nc, loc_0_454D
0613+  806E 24          		inc	h
0614+  806F             
0615+  806F             loc_0_454D: 
0616+  806F 6F          		ld	l, a
0617+  8070 56          		ld	d, (hl)
0618+  8071 2B          		dec	hl
0619+  8072 5E          		ld	e, (hl)
0620+  8073 13          		inc	de
0621+  8074 FD 7E 07    		ld	a, (iy + 7)
0622+  8077 83          		add	a, e
0623+  8078 5F          		ld	e, a
0624+  8079 1B          		dec	de
0625+  807A FD 72 09    		ld	(iy + 9), d
0626+  807D FD 73 0A    		ld	(iy + 0Ah), e
0627+  8080 D9          		exx	
0628+  8081             
0629+  8081             loc_0_455F: 
0630+  8081 FD 19       		add	iy, de
0631+  8083 23          		inc	hl
0632+  8084 10 D2       		djnz	loc_0_4536
0633+  8086 C9          		ret	
0634+  8087             
0635+  8087             
0636+  8087             loc_0_4565: 
0637+  8087 3A D5 8C    		ld	a, (MBPlayer_play_chvol_1)
0638+  808A 85          		add	a, l
0639+  808B 30 01       		jr	nc, loc_0_456C
0640+  808D 24          		inc	h
0641+  808E             
0642+  808E             loc_0_456C: 
0643+  808E 6F          		ld	l, a
0644+  808F 01 60 06    		ld	bc, 660h
0645+  8092 FD 21 DB 89 		ld	iy, MBPlayer_play_table_wav_3
0646+  8096 11 12 00    		ld	de, 12h
0647+  8099             
0648+  8099             loc_0_4577: 
0649+  8099 7E          		ld	a, (hl)
0650+  809A 3D          		dec	a
0651+  809B B9          		cp	c
0652+  809C DA A7 80    		jp	c, loc_0_4585
0653+  809F             
0654+  809F             loc_0_457D: 
0655+  809F FD 19       		add	iy, de
0656+  80A1 23          		inc	hl
0657+  80A2 10 F5       		djnz	loc_0_4577
0658+  80A4 C3 DA 7F    		jp	loc_0_44AE
0659+  80A7             
0660+  80A7             
0661+  80A7             loc_0_4585: 
0662+  80A7 FD 36 02 00 		ld	(iy + 2), 0
0663+  80AB D9          		exx	
0664+  80AC 57          		ld	d, a
0665+  80AD 21 34 A2    		ld	hl, MBPlayer_patch_table
0666+  80B0 06 00       		ld	b, 0
0667+  80B2 FD 4E 0A    		ld	c, (iy + 0Ah)
0668+  80B5 79          		ld	a, c
0669+  80B6 FE AF       		cp	0AFh ; 'Ї'
0670+  80B8 CA 40 81    		jp	z, loc_0_461E
0671+  80BB             
0672+  80BB             loc_0_4599: 
0673+  80BB 7A          		ld	a, d
0674+  80BC 09          		add	hl, bc
0675+  80BD 09          		add	hl, bc
0676+  80BE 5E          		ld	e, (hl)
0677+  80BF 23          		inc	hl
0678+  80C0 56          		ld	d, (hl)
0679+  80C1 EB          		ex	de, hl
0680+  80C2 5E          		ld	e, (hl)
0681+  80C3 23          		inc	hl
0682+  80C4 4E          		ld	c, (hl)
0683+  80C5 23          		inc	hl
0684+  80C6 46          		ld	b, (hl)
0685+  80C7 23          		inc	hl
0686+  80C8 FD 71 0D    		ld	(iy + 0Dh), c
0687+  80CB FD 70 0E    		ld	(iy + 0Eh), b
0688+  80CE CB 43       		bit	0, e
0689+  80D0 28 05       		jr	z, loc_0_45B5
0690+  80D2 47          		ld	b, a
0691+  80D3 3A 8B 8A    		ld	a, (MBPlayer_play_tspval)
0692+  80D6 80          		add	a, b
0693+  80D7             
0694+  80D7             loc_0_45B5: 
0695+  80D7 06 00       		ld	b, 0
0696+  80D9 11 05 00    		ld	de, 5
0697+  80DC             
0698+  80DC             loc_0_45BA: 
0699+  80DC BE          		cp	(hl)
0700+  80DD 38 14       		jr	c, loc_0_45D1
0701+  80DF 46          		ld	b, (hl)
0702+  80E0 19          		add	hl, de
0703+  80E1 BE          		cp	(hl)
0704+  80E2 38 0F       		jr	c, loc_0_45D1
0705+  80E4 46          		ld	b, (hl)
0706+  80E5 19          		add	hl, de
0707+  80E6 BE          		cp	(hl)
0708+  80E7 38 0A       		jr	c, loc_0_45D1
0709+  80E9 46          		ld	b, (hl)
0710+  80EA 19          		add	hl, de
0711+  80EB BE          		cp	(hl)
0712+  80EC 38 05       		jr	c, loc_0_45D1
0713+  80EE 46          		ld	b, (hl)
0714+  80EF 19          		add	hl, de
0715+  80F0 C3 DC 80    		jp	loc_0_45BA
0716+  80F3             
0717+  80F3             loc_0_45D1: 
0718+  80F3 57          		ld	d, a
0719+  80F4 23          		inc	hl
0720+  80F5 7E          		ld	a, (hl)
0721+  80F6 FD 77 07    		ld	(iy + 7), a
0722+  80F9 23          		inc	hl
0723+  80FA 7E          		ld	a, (hl)
0724+  80FB E6 01       		and	1
0725+  80FD FD 77 06    		ld	(iy + 6), a
0726+  8100 7E          		ld	a, (hl)
0727+  8101 1F          		rra	
0728+  8102 82          		add	a, d
0729+  8103 90          		sub	b
0730+  8104 FD 77 00    		ld	(iy + 0), a
0731+  8107 23          		inc	hl
0732+  8108 5E          		ld	e, (hl)
0733+  8109 23          		inc	hl
0734+  810A 56          		ld	d, (hl)
0735+  810B FD 72 11    		ld	(iy + 11h), d
0736+  810E FD 73 10    		ld	(iy + 10h), e
0737+  8111 21 B4 A0    		ld	hl, tabdiv12
0738+  8114 4F          		ld	c, a
0739+  8115 06 00       		ld	b, 0
0740+  8117 09          		add	hl, bc
0741+  8118 09          		add	hl, bc
0742+  8119 4E          		ld	c, (hl)
0743+  811A 23          		inc	hl
0744+  811B 7E          		ld	a, (hl)
0745+  811C EB          		ex	de, hl
0746+  811D 85          		add	a, l
0747+  811E 30 01       		jr	nc, loc_0_45FF
0748+  8120 24          		inc	h
0749+  8121             
0750+  8121             loc_0_45FF: 
0751+  8121 6F          		ld	l, a
0752+  8122 5E          		ld	e, (hl)
0753+  8123 23          		inc	hl
0754+  8124 56          		ld	d, (hl)
0755+  8125 CB 23       		sla	e
0756+  8127 7A          		ld	a, d
0757+  8128 17          		rla	
0758+  8129 81          		add	a, c
0759+  812A 57          		ld	d, a
0760+  812B 60          		ld	h, b
0761+  812C             
0762+  812C             loc_0_460A: 
0763+  812C FD 6E 05    		ld	l, (iy + 5)
0764+  812F CB 7D       		bit	7, l
0765+  8131 28 01       		jr	z, loc_0_4612
0766+  8133 25          		dec	h
0767+  8134             
0768+  8134             loc_0_4612: 
0769+  8134 29          		add	hl, hl
0770+  8135 19          		add	hl, de
0771+  8136 FD 75 08    		ld	(iy + 8), l
0772+  8139 FD 74 09    		ld	(iy + 9), h
0773+  813C D9          		exx	
0774+  813D C3 9F 80    		jp	loc_0_457D
0775+  8140             
0776+  8140             loc_0_461E: 
0777+  8140 7A          		ld	a, d
0778+  8141 FE 24       		cp	24h ; '$'
0779+  8143 DA BB 80    		jp	c, loc_0_4599
0780+  8146 FE 53       		cp	53h ; 'S'
0781+  8148 DA 4D 81    		jp	c, loc_0_462B
0782+  814B 3E 52       		ld	a, 52h ; 'R'
0783+  814D             
0784+  814D             loc_0_462B: 
0785+  814D 21 6D B2    		ld	hl, gmdrm_c4
0786+  8150 D6 24       		sub	24h ; '$'
0787+  8152 47          		ld	b, a
0788+  8153 87          		add	a, a
0789+  8154 87          		add	a, a
0790+  8155 80          		add	a, b
0791+  8156 85          		add	a, l
0792+  8157 30 01       		jr	nc, loc_0_4638
0793+  8159 24          		inc	h
0794+  815A             loc_0_4638: 
0795+  815A 6F          		ld	l, a
0796+  815B 7E          		ld	a, (hl)
0797+  815C FD 77 07    		ld	(iy + 7), a
0798+  815F FD 36 06 00 		ld	(iy + 6), 0
0799+  8163 23          		inc	hl
0800+  8164 5E          		ld	e, (hl)
0801+  8165 23          		inc	hl
0802+  8166 56          		ld	d, (hl)
0803+  8167 23          		inc	hl
0804+  8168 7E          		ld	a, (hl)
0805+  8169 FD 77 0D    		ld	(iy + 0Dh), a
0806+  816C 23          		inc	hl
0807+  816D 7E          		ld	a, (hl)
0808+  816E FD 77 0E    		ld	(iy + 0Eh), a
0809+  8171 26 00       		ld	h, 0
0810+  8173 C3 2C 81    		jp	loc_0_460A
0811+  8176             ;-------------------------------------------------------------------
0812+  8176             ; описание: Play ON event
0813+  8176             ; параметры: нет
0814+  8176             ; возвращаемое  значение: нет
0815+  8176             ;---------------------------------------------------------------------
0816+  8176             MBPlayer_play_wonevt_1: 
0817+  8176 FD 4E 00    		ld	c, (iy + 0)
0818+  8179 FD 5E 02    		ld	e, (iy + 2)
0819+  817C 43          		ld	b, e
0820+  817D CB E3       		set	4, e
0821+  817F ED 59       		out	(c), e
0822+  8181 0C          		inc	c
0823+  8182 FD 7E 09    		ld	a, (iy + 9)
0824+  8185 ED 79       		out	(c), a
0825+  8187 0D          		dec	c
0826+  8188 ED 41       		out	(c), b
0827+  818A FD 56 0A    		ld	d, (iy + 0Ah)
0828+  818D 0C          		inc	c
0829+  818E ED 51       		out	(c), d
0830+  8190 FD 72 0B    		ld	(iy + 0Bh), d
0831+  8193 0D          		dec	c
0832+  8194 ED 59       		out	(c), e
0833+  8196 F6 20       		or	20h ; ' '
0834+  8198 FD 77 0C    		ld	(iy + 0Ch), a
0835+  819B 0C          		inc	c
0836+  819C ED 79       		out	(c), a
0837+  819E E9          		jp	(hl)
0838+  819F             
0839+  819F             loc_0_467D: 
0840+  819F FD 36 04 00 		ld	(iy + 4), 0
0841+  81A3 FD 7E 02    		ld	a, (iy + 2)
0842+  81A6 F6 10       		or	10h
0843+  81A8 FD 4E 00    		ld	c, (iy + 0)
0844+  81AB ED 79       		out	(c), a
0845+  81AD 0C          		inc	c
0846+  81AE ED 78       		in	a, (c)
0847+  81B0 E6 DF       		and	0DFh ; 'Я'
0848+  81B2 ED 79       		out	(c), a
0849+  81B4 E9          		jp	(hl)
0850+  81B5             
0851+  81B5             loc_0_4693: 
0852+  81B5 D6 61       		sub	61h ; 'a'
0853+  81B7             loc_0_4695: 
0854+  81B7 E5          		push	hl
0855+  81B8 FD 36 04 00 		ld	(iy + 4), 0
0856+  81BC 21 46 8A    		ld	hl, unk_0_4F2A
0857+  81BF 85          		add	a, l
0858+  81C0 30 01       		jr	nc, loc_0_46A1
0859+  81C2 24          		inc	h
0860+  81C3             loc_0_46A1: 
0861+  81C3 6F          		ld	l, a
0862+  81C4 7E          		ld	a, (hl)
0863+  81C5 21 92 8A    		ld	hl, unk_0_50F4
0864+  81C8 85          		add	a, l
0865+  81C9 30 01       		jr	nc, loc_0_46AA
0866+  81CB 24          		inc	h
0867+  81CC             loc_0_46AA: 
0868+  81CC 6F          		ld	l, a
0869+  81CD EB          		ex	de, hl
0870+  81CE 3A 8E 8A    		ld	a, (MBPlayer_play_chvol_2)
0871+  81D1 D9          		exx	
0872+  81D2 90          		sub	b
0873+  81D3 D9          		exx	
0874+  81D4 87          		add	a, a
0875+  81D5 87          		add	a, a
0876+  81D6             
0877+  81D6 21 17 87    		ld	hl, unk_0_4BFB
0878+  81D9 85          		add	a, l
0879+  81DA 30 01       		jr	nc, loc_0_46BB
0880+  81DC 24          		inc	h
0881+  81DD             
0882+  81DD             loc_0_46BB: 
0883+  81DD 6F          		ld	l, a
0884+  81DE EB          		ex	de, hl
0885+  81DF 1A          		ld	a, (de)
0886+  81E0 06 0C       		ld	b, 0Ch
0887+  81E2 FD 4E 00    		ld	c, (iy + 0)
0888+  81E5             
0889+  81E5             loc_0_46C3: 
0890+  81E5 ED 79       		out	(c), a
0891+  81E7 C6 03       		add	a, 3
0892+  81E9 0C          		inc	c
0893+  81EA ED A3       		outi	
0894+  81EC 0D          		dec	c
0895+  81ED ED 79       		out	(c), a
0896+  81EF C6 1D       		add	a, 1Dh
0897+  81F1 0C          		inc	c
0898+  81F2 ED A3       		outi	
0899+  81F4 0D          		dec	c
0900+  81F5 10 EE       		djnz	loc_0_46C3
0901+  81F7 13          		inc	de
0902+  81F8 EB          		ex	de, hl
0903+  81F9 ED A3       		outi	
0904+  81FB 0C          		inc	c
0905+  81FC EB          		ex	de, hl
0906+  81FD ED A3       		outi	
0907+  81FF 0D          		dec	c
0908+  8200 EB          		ex	de, hl
0909+  8201 ED A3       		outi	
0910+  8203 0C          		inc	c
0911+  8204 EB          		ex	de, hl
0912+  8205 ED A3       		outi	
0913+  8207 0D          		dec	c
0914+  8208 1A          		ld	a, (de)
0915+  8209 ED 79       		out	(c), a
0916+  820B 0C          		inc	c
0917+  820C ED 78       		in	a, (c)
0918+  820E E6 30       		and	30h ; '0'
0919+  8210 EE 30       		xor	30h ; '0'
0920+  8212 20 02       		jr	nz, loc_0_46F4
0921+  8214 EE 30       		xor	30h ; '0'
0922+  8216             loc_0_46F4: 
0923+  8216 B6          		or	(hl)
0924+  8217 ED 79       		out	(c), a
0925+  8219 E1          		pop	hl
0926+  821A E9          		jp	(hl)
0927+  821B             
0928+  821B             loc_0_46F9: 
0929+  821B D6 61       		sub	61h ; 'a'
0930+  821D             
0931+  821D             loc_0_46FB: 
0932+  821D E5          		push	hl
0933+  821E FD 36 04 00 		ld	(iy + 4), 0
0934+  8222 21 45 8A    		ld	hl, unk_0_4F29
0935+  8225 87          		add	a, a
0936+  8226 85          		add	a, l
0937+  8227 30 01       		jr	nc, loc_0_4708
0938+  8229 24          		inc	h
0939+  822A             loc_0_4708: 
0940+  822A 6F          		ld	l, a
0941+  822B 7E          		ld	a, (hl)
0942+  822C 21 9A 8B    		ld	hl, unk_0_51FC
0943+  822F 85          		add	a, l
0944+  8230 30 01       		jr	nc, loc_0_4711
0945+  8232 24          		inc	h
0946+  8233             loc_0_4711: 
0947+  8233 6F          		ld	l, a
0948+  8234 EB          		ex	de, hl
0949+  8235 3A D5 8C    		ld	a, (MBPlayer_play_chvol_1)
0950+  8238 D9          		exx	
0951+  8239 90          		sub	b
0952+  823A D9          		exx	
0953+  823B 21 47 8A    		ld	hl, unk_0_4F2B
0954+  823E 87          		add	a, a
0955+  823F 85          		add	a, l
0956+  8240 30 01       		jr	nc, loc_0_4721
0957+  8242 24          		inc	h
0958+  8243             
0959+  8243             loc_0_4721: 
0960+  8243 6F          		ld	l, a
0961+  8244 7E          		ld	a, (hl)
0962+  8245 21 5F 87    		ld	hl, unk_0_4C43
0963+  8248 85          		add	a, l
0964+  8249 30 01       		jr	nc, loc_0_472A
0965+  824B 24          		inc	h
0966+  824C             
0967+  824C             loc_0_472A: 
0968+  824C 6F          		ld	l, a
0969+  824D FD 4E 00    		ld	c, (iy + 0)
0970+  8250 06 3C       		ld	b, 3Ch ; '<'
0971+  8252             loc_0_4730: 
0972+  8252 ED A3       		outi	
0973+  8254 EB          		ex	de, hl
0974+  8255 0C          		inc	c
0975+  8256 ED A3       		outi	
0976+  8258 EB          		ex	de, hl
0977+  8259 0D          		dec	c
0978+  825A 10 F6       		djnz	loc_0_4730
0979+  825C ED A3       		outi	
0980+  825E 0C          		inc	c
0981+  825F ED 78       		in	a, (c)
0982+  8261 E6 30       		and	30h ; '0'
0983+  8263 EE 30       		xor	30h ; '0'
0984+  8265 20 02       		jr	nz, loc_0_4747
0985+  8267 EE 30       		xor	30h ; '0'
0986+  8269             
0987+  8269             loc_0_4747: 
0988+  8269 47          		ld	b, a
0989+  826A 1A          		ld	a, (de)
0990+  826B B0          		or	b
0991+  826C ED 79       		out	(c), a
0992+  826E 0D          		dec	c
0993+  826F 7E          		ld	a, (hl)
0994+  8270 ED 79       		out	(c), a
0995+  8272 13          		inc	de
0996+  8273 1A          		ld	a, (de)
0997+  8274 B0          		or	b
0998+  8275 0C          		inc	c
0999+  8276 ED 79       		out	(c), a
1000+  8278 E1          		pop	hl
1001+  8279 E9          		jp	(hl)
1002+  827A             
1003+  827A             loc_0_4758: 
1004+  827A D6 7A       		sub	7Ah ; 'z'
1005+  827C 57          		ld	d, a
1006+  827D FD 4E 00    		ld	c, (iy + 0)
1007+  8280 FD 7E 03    		ld	a, (iy + 3)
1008+  8283 ED 79       		out	(c), a
1009+  8285 0C          		inc	c
1010+  8286 ED 78       		in	a, (c)
1011+  8288 E6 C0       		and	0C0h ; 'А'
1012+  828A 82          		add	a, d
1013+  828B ED 79       		out	(c), a
1014+  828D E9          		jp	(hl)
1015+  828E             loc_0_476C: 
1016+  828E E9          		jp	(hl)
1017+  828F             loc_0_476D: 
1018+  828F FD 36 04 00 		ld	(iy + 4), 0
1019+  8293 D6 B9       		sub	0B9h ; '№'
1020+  8295             loc_0_4773: 
1021+  8295 87          		add	a, a
1022+  8296 87          		add	a, a
1023+  8297 87          		add	a, a
1024+  8298 87          		add	a, a
1025+  8299 57          		ld	d, a
1026+  829A FD 4E 00    		ld	c, (iy + 0)
1027+  829D FD 7E 02    		ld	a, (iy + 2)
1028+  82A0 C6 20       		add	a, 20h ; ' '
1029+  82A2 ED 79       		out	(c), a
1030+  82A4 0C          		inc	c
1031+  82A5 ED 78       		in	a, (c)
1032+  82A7 E6 0F       		and	0Fh
1033+  82A9 82          		add	a, d
1034+  82AA ED 79       		out	(c), a
1035+  82AC E9          		jp	(hl)
1036+  82AD             loc_0_478B: 
1037+  82AD FD 36 04 00 		ld	(iy + 4), 0
1038+  82B1 D6 B9       		sub	0B9h ; '№'
1039+  82B3             loc_0_4791: 
1040+  82B3 87          		add	a, a
1041+  82B4 87          		add	a, a
1042+  82B5 87          		add	a, a
1043+  82B6 87          		add	a, a
1044+  82B7 57          		ld	d, a
1045+  82B8 FD 4E 00    		ld	c, (iy + 0)
1046+  82BB FD 7E 02    		ld	a, (iy + 2)
1047+  82BE C6 20       		add	a, 20h ; ' '
1048+  82C0 47          		ld	b, a
1049+  82C1 ED 79       		out	(c), a
1050+  82C3 0C          		inc	c
1051+  82C4 ED 78       		in	a, (c)
1052+  82C6 E6 0F       		and	0Fh
1053+  82C8 82          		add	a, d
1054+  82C9 ED 79       		out	(c), a
1055+  82CB 78          		ld	a, b
1056+  82CC C6 03       		add	a, 3
1057+  82CE 0D          		dec	c
1058+  82CF ED 79       		out	(c), a
1059+  82D1 0C          		inc	c
1060+  82D2 ED 78       		in	a, (c)
1061+  82D4 E6 0F       		and	0Fh
1062+  82D6 82          		add	a, d
1063+  82D7 ED 79       		out	(c), a
1064+  82D9 E9          		jp	(hl)
1065+  82DA             
1066+  82DA             loc_0_47B8: 
1067+  82DA E5          		push	hl
1068+  82DB D6 C6       		sub	0C6h ; 'Ж'
1069+  82DD FD 86 01    		add	a, (iy + 1)
1070+  82E0 FD 77 01    		ld	(iy + 1), a
1071+  82E3 21 E4 87    		ld	hl, unk_0_4CC8
1072+  82E6 87          		add	a, a
1073+  82E7 85          		add	a, l
1074+  82E8 30 01       		jr	nc, loc_0_47C9
1075+  82EA 24          		inc	h
1076+  82EB             
1077+  82EB             loc_0_47C9: 
1078+  82EB 6F          		ld	l, a
1079+  82EC 56          		ld	d, (hl)
1080+  82ED 2B          		dec	hl
1081+  82EE 5E          		ld	e, (hl)
1082+  82EF 13          		inc	de
1083+  82F0 FD 7E 07    		ld	a, (iy + 7)
1084+  82F3 83          		add	a, e
1085+  82F4 5F          		ld	e, a
1086+  82F5 1B          		dec	de
1087+  82F6 FD 73 0B    		ld	(iy + 0Bh), e
1088+  82F9 FD 4E 00    		ld	c, (iy + 0)
1089+  82FC FD 46 02    		ld	b, (iy + 2)
1090+  82FF ED 41       		out	(c), b
1091+  8301 0C          		inc	c
1092+  8302 FD 36 04 00 		ld	(iy + 4), 0
1093+  8306 ED 59       		out	(c), e
1094+  8308 0D          		dec	c
1095+  8309 CB E0       		set	4, b
1096+  830B ED 41       		out	(c), b
1097+  830D CB EA       		set	5, d
1098+  830F FD 72 0C    		ld	(iy + 0Ch), d
1099+  8312 0C          		inc	c
1100+  8313 ED 51       		out	(c), d
1101+  8315 E1          		pop	hl
1102+  8316 E9          		jp	(hl)
1103+  8317             
1104+  8317             loc_0_47F5: 
1105+  8317 D6 D9       		sub	0D9h ; 'Щ'
1106+  8319 FD 36 04 01 		ld	(iy + 4), 1
1107+  831D CB 27       		sla	a
1108+  831F FD 77 05    		ld	(iy + 5), a
1109+  8322 DA 2A 83    		jp	c, loc_0_4808
1110+  8325 FD 36 06 00 		ld	(iy + 6), 0
1111+  8329 E9          		jp	(hl)
1112+  832A             
1113+  832A             loc_0_4808: 
1114+  832A FD 36 06 FF 		ld	(iy + 6), 0FFh
1115+  832E EB          		ex	de, hl
1116+  832F FD 66 0C    		ld	h, (iy + 0Ch)
1117+  8332 CB 4C       		bit	1, h
1118+  8334 C2 4D 83    		jp	nz, loc_0_482B
1119+  8337 7C          		ld	a, h
1120+  8338 E6 FC       		and	0FCh ; 'ь'
1121+  833A D6 04       		sub	4
1122+  833C FD 6E 0B    		ld	l, (iy + 0Bh)
1123+  833F CB AC       		res	5, h
1124+  8341 29          		add	hl, hl
1125+  8342 FD 75 0B    		ld	(iy + 0Bh), l
1126+  8345 47          		ld	b, a
1127+  8346 7C          		ld	a, h
1128+  8347 E6 03       		and	3
1129+  8349 B0          		or	b
1130+  834A FD 77 0C    		ld	(iy + 0Ch), a
1131+  834D             loc_0_482B: 
1132+  834D EB          		ex	de, hl
1133+  834E E9          		jp	(hl)
1134+  834F             
1135+  834F             loc_0_482D: 
1136+  834F D6 E9       		sub	0E9h ; 'й'
1137+  8351 47          		ld	b, a
1138+  8352 FD 4E 00    		ld	c, (iy + 0)
1139+  8355 FD 7E 03    		ld	a, (iy + 3)
1140+  8358 D6 03       		sub	3
1141+  835A ED 79       		out	(c), a
1142+  835C 0C          		inc	c
1143+  835D ED 78       		in	a, (c)
1144+  835F 5F          		ld	e, a
1145+  8360 E6 C0       		and	0C0h ; 'А'
1146+  8362 57          		ld	d, a
1147+  8363 7B          		ld	a, e
1148+  8364 E6 3F       		and	3Fh ; '?'
1149+  8366 80          		add	a, b
1150+  8367 82          		add	a, d
1151+  8368 ED 79       		out	(c), a
1152+  836A E9          		jp	(hl)
1153+  836B             
1154+  836B             loc_0_4849: 
1155+  836B E9          		jp	(hl)
1156+  836C             
1157+  836C             loc_0_484A: 
1158+  836C D6 F3       		sub	0F3h ; 'у'
1159+  836E 87          		add	a, a
1160+  836F FD 77 07    		ld	(iy + 7), a
1161+  8372 E9          		jp	(hl)
1162+  8373             
1163+  8373             loc_0_4851: 
1164+  8373 D6 F5       		sub	0F5h ; 'х'
1165+  8375 FD 77 04    		ld	(iy + 4), a
1166+  8378 D6 02       		sub	2
1167+  837A 87          		add	a, a
1168+  837B 87          		add	a, a
1169+  837C 87          		add	a, a
1170+  837D 87          		add	a, a
1171+  837E EB          		ex	de, hl
1172+  837F 21 D6 8C    		ld	hl, unk_0_5338
1173+  8382 85          		add	a, l
1174+  8383 30 01       		jr	nc, loc_0_4864
1175+  8385 24          		inc	h
1176+  8386             loc_0_4864: 
1177+  8386 6F          		ld	l, a
1178+  8387 FD 75 05    		ld	(iy + 5), l
1179+  838A FD 74 06    		ld	(iy + 6), h
1180+  838D FD 66 0C    		ld	h, (iy + 0Ch)
1181+  8390 CB 4C       		bit	1, h
1182+  8392 C2 AD 83    		jp	nz, loc_0_488B
1183+  8395 7C          		ld	a, h
1184+  8396 E6 FC       		and	0FCh ; 'ь'
1185+  8398 D6 04       		sub	4
1186+  839A FD 6E 0B    		ld	l, (iy + 0Bh)
1187+  839D CB AC       		res	5, h
1188+  839F 29          		add	hl, hl
1189+  83A0 FD 75 0B    		ld	(iy + 0Bh), l
1190+  83A3 08          		ex	af, af'
1191+  83A4 7C          		ld	a, h
1192+  83A5 E6 03       		and	3
1193+  83A7 67          		ld	h, a
1194+  83A8 08          		ex	af, af'
1195+  83A9 B4          		or	h
1196+  83AA FD 77 0C    		ld	(iy + 0Ch), a
1197+  83AD             loc_0_488B: 
1198+  83AD EB          		ex	de, hl
1199+  83AE E9          		jp	(hl)
1200+  83AF             ;-------------------------------------------------------------------
1201+  83AF             ; описание:  WAVE Event routines
1202+  83AF             ; параметры: нет
1203+  83AF             ; возвращаемое  значение: нет
1204+  83AF             ;---------------------------------------------------------------------
1205+  83AF             MBPlayer_play_wtones: 
1206+  83AF             
1207+  83AF 21 82 8A    		ld	hl, MBPlayer_step_buffer_1
1208+  83B2 06 06       		ld	b, 6
1209+  83B4 FD 21 DB 89 		ld	iy, MBPlayer_play_table_wav_3
1210+  83B8 11 12 00    		ld	de, 12h
1211+  83BB             loc_0_4899: 
1212+  83BB 7E          		ld	a, (hl)
1213+  83BC 3D          		dec	a
1214+  83BD FE 60       		cp	60h ; '`'
1215+  83BF D2 F6 83    		jp	nc, loc_0_48D4
1216+  83C2 3E 67       		ld	a, 67h ; 'g'
1217+  83C4 80          		add	a, b
1218+  83C5 D3 7E       		out	(MOON_WREG), a
1219+  83C7 AF          		xor	a
1220+  83C8 00          		nop	
1221+  83C9 D3 7F       		out	(MOON_WDAT), a
1222+  83CB 3E 4F       		ld	a, 4Fh ; 'O'
1223+  83CD 80          		add	a, b
1224+  83CE D3 7E       		out	(MOON_WREG), a
1225+  83D0 4F          		ld	c, a
1226+  83D1 3E FF       		ld	a, 0FFh
1227+  83D3 D3 7F       		out	(MOON_WDAT), a
1228+  83D5 3E 1F       		ld	a, 1Fh
1229+  83D7 80          		add	a, b
1230+  83D8 D3 7E       		out	(MOON_WREG), a
1231+  83DA FD 7E 08    		ld	a, (iy + 8)
1232+  83DD FD B6 06    		or	(iy + 6)
1233+  83E0 D3 7F       		out	(MOON_WDAT), a
1234+  83E2 3E 07       		ld	a, 7
1235+  83E4 80          		add	a, b
1236+  83E5 D3 7E       		out	(MOON_WREG), a
1237+  83E7 FD 7E 07    		ld	a, (iy + 7)
1238+  83EA D3 7F       		out	(MOON_WDAT), a
1239+  83EC 3E 37       		ld	a, 37h ; '7'
1240+  83EE 80          		add	a, b
1241+  83EF D3 7E       		out	(MOON_WREG), a
1242+  83F1 FD 7E 09    		ld	a, (iy + 9)
1243+  83F4 D3 7F       		out	(MOON_WDAT), a
1244+  83F6             loc_0_48D4: 
1245+  83F6 23          		inc	hl
1246+  83F7 FD 19       		add	iy, de
1247+  83F9 10 C0       		djnz	loc_0_4899
1248+  83FB C9          		ret	
1249+  83FC             ;-------------------------------------------------------------------
1250+  83FC             ; описание: Play ON event
1251+  83FC             ; параметры: нет
1252+  83FC             ; возвращаемое  значение: нет
1253+  83FC             ;---------------------------------------------------------------------
1254+  83FC             MBPlayer_play_wonevt: 
1255+  83FC FD 6E 0D    		ld	l, (iy + 0Dh)
1256+  83FF FD 66 0E    		ld	h, (iy + 0Eh)
1257+  8402 05          		dec	b
1258+  8403 78          		ld	a, b
1259+  8404 3E 80       		ld	a, 80h ; 'Ђ'
1260+  8406 80          		add	a, b
1261+  8407 D3 7E       		out	(MOON_WREG), a
1262+  8409 7E          		ld	a, (hl)
1263+  840A D3 7F       		out	(MOON_WDAT), a
1264+  840C 23          		inc	hl
1265+  840D             loc_0_48EB: 
1266+  840D 7E          		ld	a, (hl)
1267+  840E FE FF       		cp	0FFh
1268+  8410 28 0B       		jr	z, loc_0_48FB
1269+  8412 80          		add	a, b
1270+  8413 D3 7E       		out	(MOON_WREG), a
1271+  8415 23          		inc	hl
1272+  8416 7E          		ld	a, (hl)
1273+  8417 D3 7F       		out	(MOON_WDAT), a
1274+  8419 23          		inc	hl
1275+  841A C3 0D 84    		jp	loc_0_48EB
1276+  841D             
1277+  841D             loc_0_48FB: 
1278+  841D 3E 50       		ld	a, 50h
1279+  841F 80          		add	a, b
1280+  8420 D3 7E       		out	(MOON_WREG), a
1281+  8422 FD 7E 0F    		ld	a, (iy + 0Fh)
1282+  8425 F6 01       		or	1
1283+  8427 D3 7F       		out	(MOON_WDAT), a
1284+  8429 3E 68       		ld	a, 68h
1285+  842B 80          		add	a, b
1286+  842C D3 7E       		out	(MOON_WREG), a
1287+  842E 3E 80       		ld	a, 80h
1288+  8430 FD B6 0B    		or	(iy + 0Bh)
1289+  8433 D3 7F       		out	(MOON_WDAT), a
1290+  8435 C9          		ret	
1291+  8436             ;-------------------------------------------------------------------
1292+  8436             ; описание: Play OFF event
1293+  8436             ; параметры: нет
1294+  8436             ; возвращаемое  значение: нет
1295+  8436             ;---------------------------------------------------------------------
1296+  8436             MBPlayer_play_woffevt: 
1297+  8436 3E 67       		ld	a, 67h ; 'g'
1298+  8438 80          		add	a, b
1299+  8439 D3 7E       		out	(MOON_WREG), a
1300+  843B FD 36 02 00 		ld	(iy + 2), 0
1301+  843F DB 7F       		in	a, (MOON_WDAT)
1302+  8441 E6 7F       		and	7Fh ; ''
1303+  8443 D3 7F       		out	(MOON_WDAT), a
1304+  8445 C9          		ret	
1305+  8446             ;-------------------------------------------------------------------
1306+  8446             ; описание: Play Wave event
1307+  8446             ; параметры: нет
1308+  8446             ; возвращаемое  значение: нет
1309+  8446             ;---------------------------------------------------------------------
1310+  8446             MBPlayer_play_wwavevt: 
1311+  8446 D6 61       		sub	61h 
1312+  8448             MBPlayer_play_wwavevt2: 
1313+  8448             
1314+  8448 4F          		ld	c, a
1315+  8449 21 1D 8D    		ld	hl, MBPlayer_xwavnrs - 1
1316+  844C 85          		add	a, l
1317+  844D 30 01       		jr	nc, loc_0_492E
1318+  844F 24          		inc	h
1319+  8450             loc_0_492E: 
1320+  8450 6F          		ld	l, a
1321+  8451 7E          		ld	a, (hl)
1322+  8452 FD 77 0A    		ld	(iy + 0Ah), a
1323+  8455 79          		ld	a, c
1324+  8456 21 3D 8D    		ld	hl, MBPlayer_xwavvols - 1
1325+  8459 85          		add	a, l
1326+  845A 30 01       		jr	nc, loc_0_493B
1327+  845C 24          		inc	h
1328+  845D             loc_0_493B: 
1329+  845D 6F          		ld	l, a
1330+  845E FD 7E 0F    		ld	a, (iy + 0Fh)
1331+  8461 E6 01       		and	1
1332+  8463 57          		ld	d, a
1333+  8464 7E          		ld	a, (hl)
1334+  8465 87          		add	a, a
1335+  8466 87          		add	a, a
1336+  8467 B2          		or	d
1337+  8468 FD 77 0F    		ld	(iy + 0Fh), a
1338+  846B FD 36 02 00 		ld	(iy + 2), 0
1339+  846F C9          		ret	
1340+  8470             ;-------------------------------------------------------------------
1341+  8470             ; описание: Play volume event
1342+  8470             ; параметры: нет
1343+  8470             ; возвращаемое  значение: нет
1344+  8470             ;---------------------------------------------------------------------
1345+  8470             MBPlayer_play_wchgvol: 
1346+  8470 D6 92       		sub	146
1347+  8472 EE 1F       		xor	1Fh
1348+  8474 87          		add	a, a
1349+  8475             
1350+  8475             MBPlayer_play_wchgvol2: 
1351+  8475 87          		add	a, a
1352+  8476 87          		add	a, a
1353+  8477 4F          		ld	c, a
1354+  8478 3E 4F       		ld	a, 4Fh ; 'O'
1355+  847A 80          		add	a, b
1356+  847B D3 7E       		out	(MOON_WREG), a
1357+  847D FD 7E 0F    		ld	a, (iy + 0Fh)
1358+  8480 E6 01       		and	1
1359+  8482 B1          		or	c
1360+  8483 FD 77 0F    		ld	(iy + 0Fh), a
1361+  8486 D3 7F       		out	(MOON_WDAT), a
1362+  8488 FD 36 02 00 		ld	(iy + 2), 0
1363+  848C C9          		ret	
1364+  848D             ;-------------------------------------------------------------------
1365+  848D             ; описание: Link note
1366+  848D             ; параметры: нет
1367+  848D             ; возвращаемое  значение: нет
1368+  848D             ;---------------------------------------------------------------------
1369+  848D             MBPlayer_play_wlnk: 
1370+  848D FD 36 02 00 		ld	(iy + 2), 0
1371+  8491 C5          		push	bc
1372+  8492 D6 CA       		sub	202
1373+  8494 FD 86 00    		add	a, (iy + 0)
1374+  8497 FD 77 00    		ld	(iy + 0), a
1375+  849A             
1376+  849A 21 B4 A0    		ld	hl, tabdiv12
1377+  849D 4F          		ld	c, a
1378+  849E 06 00       		ld	b, 0
1379+  84A0 09          		add	hl, bc
1380+  84A1 09          		add	hl, bc
1381+  84A2 4E          		ld	c, (hl)
1382+  84A3 23          		inc	hl
1383+  84A4 7E          		ld	a, (hl)
1384+  84A5 FD 6E 10    		ld	l, (iy + 10h)
1385+  84A8 FD 66 11    		ld	h, (iy + 11h)
1386+  84AB 85          		add	a, l
1387+  84AC 30 01       		jr	nc, loc_0_498D
1388+  84AE 24          		inc	h
1389+  84AF             loc_0_498D: 
1390+  84AF 6F          		ld	l, a
1391+  84B0 5E          		ld	e, (hl)
1392+  84B1 23          		inc	hl
1393+  84B2 56          		ld	d, (hl)
1394+  84B3 EB          		ex	de, hl
1395+  84B4 CB 25       		sla	l
1396+  84B6 7C          		ld	a, h
1397+  84B7 17          		rla	
1398+  84B8 81          		add	a, c
1399+  84B9 67          		ld	h, a
1400+  84BA 16 00       		ld	d, 0
1401+  84BC FD 5E 05    		ld	e, (iy + 5)
1402+  84BF CB 7B       		bit	7, e
1403+  84C1 28 01       		jr	z, loc_0_49A2
1404+  84C3 15          		dec	d
1405+  84C4             loc_0_49A2: 
1406+  84C4 19          		add	hl, de
1407+  84C5 19          		add	hl, de
1408+  84C6 FD 75 08    		ld	(iy + 8), l
1409+  84C9 FD 74 09    		ld	(iy + 9), h
1410+  84CC C1          		pop	bc
1411+  84CD 3E 1F       		ld	a, 1Fh
1412+  84CF 80          		add	a, b
1413+  84D0 D3 7E       		out	(MOON_WREG), a
1414+  84D2 7D          		ld	a, l
1415+  84D3 FD B6 06    		or	(iy + 6)
1416+  84D6 D3 7F       		out	(MOON_WDAT), a
1417+  84D8 3E 37       		ld	a, 37h ; '7'
1418+  84DA 80          		add	a, b
1419+  84DB D3 7E       		out	(MOON_WREG), a
1420+  84DD 7C          		ld	a, h
1421+  84DE FD B6 0C    		or	(iy + 0Ch)
1422+  84E1 D3 7F       		out	(MOON_WDAT), a
1423+  84E3 C9          		ret	
1424+  84E4             ;-------------------------------------------------------------------
1425+  84E4             ; описание: Play stereo event
1426+  84E4             ; параметры: нет
1427+  84E4             ; возвращаемое  значение: нет
1428+  84E4             ;---------------------------------------------------------------------
1429+  84E4             MBPlayer_play_wchgste: 
1430+  84E4 D6 B9       		sub	0B9h
1431+  84E6             
1432+  84E6             MBPlayer_play_wchgste2: 
1433+  84E6 E6 0F       		and	0Fh
1434+  84E8 57          		ld	d, a
1435+  84E9 FD 7E 0B    		ld	a, (iy + 0Bh)
1436+  84EC E6 F0       		and	0F0h ; 'р'
1437+  84EE B2          		or	d
1438+  84EF FD 77 0B    		ld	(iy + 0Bh), a
1439+  84F2             
1440+  84F2 3E 67       		ld	a, 67h ; 'g'
1441+  84F4 80          		add	a, b
1442+  84F5 D3 7E       		out	(MOON_WREG), a
1443+  84F7 FD 36 02 00 		ld	(iy + 2), 0
1444+  84FB DB 7F       		in	a, (MOON_WDAT)
1445+  84FD E6 F0       		and	0F0h ; 'р'
1446+  84FF B2          		or	d
1447+  8500 D3 7F       		out	(MOON_WDAT), a
1448+  8502 C9          		ret	
1449+  8503             ;-------------------------------------------------------------------
1450+  8503             ; описание: Pitch bending
1451+  8503             ; параметры: нет
1452+  8503             ; возвращаемое  значение: нет
1453+  8503             ;---------------------------------------------------------------------
1454+  8503             MBPlayer_play_wchgpit: 
1455+  8503 D6 DD       		sub	221	
1456+  8505 FD 36 02 01 		ld	(iy + 2), 1  		; Pitch bending on
1457+  8509 87          		add	a, a
1458+  850A 87          		add	a, a
1459+  850B FD 77 03    		ld	(iy + 3), a		; Set pitch bend speed
1460+  850E 07          		rlca	
1461+  850F 38 05       		jr	c, loc_0_49F4
1462+  8511 FD 36 04 00 		ld	(iy + 4), 0
1463+  8515 C9          		ret	
1464+  8516             loc_0_49F4: 
1465+  8516 FD 36 04 FF 		ld	(iy + 4), 0FFh
1466+  851A C9          		ret	
1467+  851B             ;-------------------------------------------------------------------
1468+  851B             ; описание: Modulation event
1469+  851B             ; параметры: нет
1470+  851B             ; возвращаемое  значение: нет
1471+  851B             ;---------------------------------------------------------------------
1472+  851B             MBPlayer_play_wchgmod: 
1473+  851B D6 EC       		sub	0ECh ; 'м'
1474+  851D FD 77 02    		ld	(iy + 2), a
1475+  8520 87          		add	a, a
1476+  8521 87          		add	a, a
1477+  8522 87          		add	a, a
1478+  8523 87          		add	a, a
1479+  8524 21 B6 8C    		ld	hl, unk_0_5318
1480+  8527 85          		add	a, l
1481+  8528 30 01       		jr	nc, loc_0_4A09
1482+  852A 24          		inc	h
1483+  852B             loc_0_4A09: 
1484+  852B 6F          		ld	l, a
1485+  852C FD 75 03    		ld	(iy + 3), l
1486+  852F FD 74 04    		ld	(iy + 4), h
1487+  8532 C9          		ret	
1488+  8533             ;-------------------------------------------------------------------
1489+  8533             ; описание: Set detune
1490+  8533             ; параметры: нет
1491+  8533             ; возвращаемое  значение: нет
1492+  8533             ;---------------------------------------------------------------------
1493+  8533             MBPlayer_play_wchgdet: 
1494+  8533 D6 EA       		sub	234
1495+  8535 87          		add	a, a
1496+  8536 87          		add	a, a
1497+  8537 FD 77 05    		ld	(iy + 5), a
1498+  853A C9          		ret	
1499+  853B             ;-------------------------------------------------------------------
1500+  853B             ; описание: Damp
1501+  853B             ; параметры: нет
1502+  853B             ; возвращаемое  значение: нет
1503+  853B             ;---------------------------------------------------------------------
1504+  853B             MBPlayer_play_wchgdmp: 
1505+  853B 3E 67       		ld	a, 67h ; 'g'
1506+  853D 80          		add	a, b
1507+  853E D3 7E       		out	(MOON_WREG), a
1508+  8540 FD 36 02 00 		ld	(iy + 2), 0
1509+  8544 DB 7F       		in	a, (MOON_WDAT)
1510+  8546 F6 40       		or	40h ; '@'
1511+  8548 D3 7F       		out	(MOON_WDAT), a
1512+  854A C9          		ret	
1513+  854B             
1514+  854B             loc_0_4A29: 
1515+  854B 47          		ld	b, a
1516+  854C 3E 19       		ld	a, 19h
1517+  854E 90          		sub	b
1518+  854F 32 8A 8A    		ld	(MBPlayer_play_speed), a
1519+  8552 C3 DA 7F    		jp	loc_0_44AE
1520+  8555             
1521+  8555             loc_0_4A33: 
1522+  8555 3E 0F       		ld	a, 0Fh
1523+  8557 32 68 8A    		ld	(MBPlayer_play_step), a
1524+  855A C3 DA 7F    		jp	loc_0_44AE
1525+  855D             ;-------------------------------------------------------------------
1526+  855D             ; описание:  set transpose 
1527+  855D             ; параметры: нет
1528+  855D             ; возвращаемое  значение: нет
1529+  855D             ;---------------------------------------------------------------------
1530+  855D             MBPlayer_play_chgtrs: 
1531+  855D D6 34       		sub	52
1532+  855F 32 8B 8A    		ld	(MBPlayer_play_tspval), a
1533+  8562 C3 DA 7F    		jp	loc_0_44AE
1534+  8565             ;-------------------------------------------------------------------
1535+  8565             ; описание: Переход к следующей позиции
1536+  8565             ; параметры: нет
1537+  8565             ; возвращаемое  значение: нет
1538+  8565             ;---------------------------------------------------------------------
1539+  8565             MBPlayer_play_nextpos: 
1540+  8565             ;		ld	a, (MBPlayer_songdata_bank1)
1541+  8565             ;		call	MBPlayer_selbank_FE
1542+  8565             
1543+  8565 3A 90 8A    		ld	a, (MBPlayer_xleng)
1544+  8568 3C          		inc	a
1545+  8569 47          		ld	b, a
1546+  856A 3A 67 8A    		ld	a, (MBPlayer_play_pos)
1547+  856D 3C          		inc	a
1548+  856E B8          		cp	b
1549+  856F DA 7A 85    		jp	c, loc_0_4A5E
1550+  8572 3A 91 8A    		ld	a, (MBPlayer_xloop)
1551+  8575 FE FF       		cp	255
1552+  8577 CC B1 85    		call	z, MBPlayer_play_nextstop
1553+  857A             
1554+  857A             loc_0_4A5E: 
1555+  857A 32 67 8A    		ld	(MBPlayer_play_pos), a
1556+  857D 2A 60 8D    		ld	hl, (MBPlayer_pos_address)
1557+  8580 85          		add	a, l
1558+  8581 30 01       		jr	nc, loc_0_4A68
1559+  8583 24          		inc	h
1560+  8584             
1561+  8584             loc_0_4A68: 
1562+  8584 6F          		ld	l, a
1563+  8585 7E          		ld	a, (hl)
1564+  8586 32 8F 8A    		ld	(byte_0_4F50), a
1565+  8589 87          		add	a, a
1566+  858A 2A 5E 8D    		ld	hl, (MBPlayer_pat_address)
1567+  858D 85          		add	a, l
1568+  858E 30 01       		jr	nc, loc_0_4A75
1569+  8590 24          		inc	h
1570+  8591             loc_0_4A75: 
1571+  8591 6F          		ld	l, a
1572+  8592 5E          		ld	e, (hl)
1573+  8593 23          		inc	hl
1574+  8594 56          		ld	d, (hl)
1575+  8595 EB          		ex	de, hl
1576+  8596 7C          		ld	a, h
1577+  8597 07          		rlca	
1578+  8598 07          		rlca	
1579+  8599 E6 03       		and	3
1580+  859B 11 6A 8A    		ld	de, MBPlayer_songdata_bank1
1581+  859E 83          		add	a, e
1582+  859F 30 01       		jr	nc, loc_0_4A86
1583+  85A1 14          		inc	d
1584+  85A2             loc_0_4A86: 
1585+  85A2 5F          		ld	e, a
1586+  85A3 1A          		ld	a, (de)
1587+  85A4 32 6D 8A    		ld	(MBPlayer_songdata_bank), a
1588+  85A7 7C          		ld	a, h
1589+  85A8 E6 3F       		and	3Fh ; '?'
1590+  85AA 67          		ld	h, a
1591+  85AB ED 5B 6B 8A 		ld	de, (MBPlayer_songdata_addres)
1592+  85AF 19          		add	hl, de
1593+  85B0 C9          		ret	
1594+  85B1             ;-------------------------------------------------------------------
1595+  85B1             ; описание: Останов после 255 повторов
1596+  85B1             ; параметры: нет
1597+  85B1             ; возвращаемое  значение: нет
1598+  85B1             ;---------------------------------------------------------------------
1599+  85B1             MBPlayer_play_nextstop: 
1600+  85B1 CD 72 7E    		call	MBPlayer_stop_music
1601+  85B4 AF          		xor	a
1602+  85B5 C9          		ret	
1603+  85B6             
1604+  85B6             sub_0_4A9A: 
1605+  85B6 11 0D 00    		ld	de, PTW_SIZE
1606+  85B9 3A D5 8C    		ld	a, (MBPlayer_play_chvol_1)
1607+  85BC B7          		or	a
1608+  85BD CA D3 85    		jp	z, loc_0_4AB7
1609+  85C0 47          		ld	b, a
1610+  85C1 FD 21 8D 89 		ld	iy, MBPlayer_play_table_wav_1
1611+  85C5 21 CF 85    		ld	hl, loc_0_4AB3
1612+  85C8             
1613+  85C8             loc_0_4AAC: 
1614+  85C8 FD 7E 04    		ld	a, (iy + 4)
1615+  85CB B7          		or	a
1616+  85CC C2 01 86    		jp	nz, loc_0_4AE5
1617+  85CF             
1618+  85CF             loc_0_4AB3: 
1619+  85CF FD 19       		add	iy, de
1620+  85D1 10 F5       		djnz	loc_0_4AAC
1621+  85D3             
1622+  85D3             loc_0_4AB7: 
1623+  85D3 FD 21 A3 88 		ld	iy, MBPlayer_play_table_wav_2
1624+  85D7 3A 8E 8A    		ld	a, (MBPlayer_play_chvol_2)
1625+  85DA 47          		ld	b, a
1626+  85DB 21 E5 85    		ld	hl, loc_0_4AC9
1627+  85DE             
1628+  85DE             loc_0_4AC2: 
1629+  85DE FD 7E 04    		ld	a, (iy + 4)
1630+  85E1 B7          		or	a
1631+  85E2 C2 01 86    		jp	nz, loc_0_4AE5
1632+  85E5             
1633+  85E5             loc_0_4AC9: 
1634+  85E5 FD 19       		add	iy, de
1635+  85E7 10 F5       		djnz	loc_0_4AC2
1636+  85E9 FD 21 DB 89 		ld	iy, MBPlayer_play_table_wav_3
1637+  85ED 11 12 00    		ld	de, 12h
1638+  85F0 21 FC 85    		ld	hl, loc_0_4AE0
1639+  85F3 06 06       		ld	b, 6
1640+  85F5             
1641+  85F5             loc_0_4AD9: 
1642+  85F5 FD 7E 02    		ld	a, (iy + 2)
1643+  85F8 B7          		or	a
1644+  85F9 C2 68 86    		jp	nz, loc_0_4B4C
1645+  85FC             
1646+  85FC             loc_0_4AE0: 
1647+  85FC FD 19       		add	iy, de
1648+  85FE 10 F5       		djnz	loc_0_4AD9
1649+  8600 C9          		ret	
1650+  8601             
1651+  8601             loc_0_4AE5: 
1652+  8601 D9          		exx	
1653+  8602 FD 6E 05    		ld	l, (iy + 5)
1654+  8605 FD 66 06    		ld	h, (iy + 6)
1655+  8608 3D          		dec	a
1656+  8609 C2 41 86    		jp	nz, loc_0_4B25
1657+  860C             
1658+  860C             loc_0_4AF0: 
1659+  860C FD 5E 0B    		ld	e, (iy + 0Bh)
1660+  860F FD 56 0C    		ld	d, (iy + 0Ch)
1661+  8612 CB 7C       		bit	7, h
1662+  8614 19          		add	hl, de
1663+  8615 20 20       		jr	nz, loc_0_4B1B
1664+  8617 7A          		ld	a, d
1665+  8618 E6 02       		and	2
1666+  861A B4          		or	h
1667+  861B 67          		ld	h, a
1668+  861C             
1669+  861C             loc_0_4B00: 
1670+  861C FD 4E 00    		ld	c, (iy + 0)
1671+  861F FD 56 02    		ld	d, (iy + 2)
1672+  8622 ED 51       		out	(c), d
1673+  8624 0C          		inc	c
1674+  8625 FD 75 0B    		ld	(iy + 0Bh), l
1675+  8628 ED 69       		out	(c), l
1676+  862A 0D          		dec	c
1677+  862B CB E2       		set	4, d
1678+  862D ED 51       		out	(c), d
1679+  862F FD 74 0C    		ld	(iy + 0Ch), h
1680+  8632 0C          		inc	c
1681+  8633 ED 61       		out	(c), h
1682+  8635 D9          		exx	
1683+  8636 E9          		jp	(hl)
1684+  8637             
1685+  8637             loc_0_4B1B: 
1686+  8637 CB 4C       		bit	1, h
1687+  8639 C2 1C 86    		jp	nz, loc_0_4B00
1688+  863C 25          		dec	h
1689+  863D 25          		dec	h
1690+  863E C3 1C 86    		jp	loc_0_4B00
1691+  8641             
1692+  8641             
1693+  8641             loc_0_4B25: 
1694+  8641 4F          		ld	c, a
1695+  8642 16 00       		ld	d, 0
1696+  8644 5E          		ld	e, (hl)
1697+  8645 CB 23       		sla	e
1698+  8647 30 01       		jr	nc, loc_0_4B2E
1699+  8649 15          		dec	d
1700+  864A             
1701+  864A             loc_0_4B2E: 
1702+  864A 23          		inc	hl
1703+  864B 7E          		ld	a, (hl)
1704+  864C FE 0A       		cp	0Ah
1705+  864E C2 5E 86    		jp	nz, loc_0_4B42
1706+  8651 79          		ld	a, c
1707+  8652 21 C6 8C    		ld	hl, unk_0_5328
1708+  8655 87          		add	a, a
1709+  8656 87          		add	a, a
1710+  8657 87          		add	a, a
1711+  8658 87          		add	a, a
1712+  8659 85          		add	a, l
1713+  865A 30 01       		jr	nc, loc_0_4B41
1714+  865C 24          		inc	h
1715+  865D             
1716+  865D             loc_0_4B41: 
1717+  865D 6F          		ld	l, a
1718+  865E             loc_0_4B42: 
1719+  865E FD 75 05    		ld	(iy + 5), l
1720+  8661 FD 74 06    		ld	(iy + 6), h
1721+  8664 EB          		ex	de, hl
1722+  8665 C3 0C 86    		jp	loc_0_4AF0
1723+  8668             
1724+  8668             loc_0_4B4C: 
1725+  8668 D9          		exx	
1726+  8669 4F          		ld	c, a
1727+  866A FD 6E 03    		ld	l, (iy + 3)
1728+  866D FD 66 04    		ld	h, (iy + 4)
1729+  8670 0D          		dec	c
1730+  8671 C2 A8 86    		jp	nz, loc_0_4B8C
1731+  8674 EB          		ex	de, hl
1732+  8675             
1733+  8675             loc_0_4B59: 
1734+  8675 FD 66 09    		ld	h, (iy + 9)
1735+  8678 FD 6E 08    		ld	l, (iy + 8)
1736+  867B 19          		add	hl, de
1737+  867C CB 5C       		bit	3, h
1738+  867E 28 0C       		jr	z, loc_0_4B70
1739+  8680 CB 7A       		bit	7, d
1740+  8682 20 06       		jr	nz, loc_0_4B6E
1741+  8684 7C          		ld	a, h
1742+  8685 C6 08       		add	a, 8
1743+  8687 67          		ld	h, a
1744+  8688 18 02       		jr	loc_0_4B70
1745+  868A             
1746+  868A             loc_0_4B6E: 
1747+  868A CB 9C       		res	3, h
1748+  868C             
1749+  868C             loc_0_4B70: 
1750+  868C FD 75 08    		ld	(iy + 8), l
1751+  868F FD 74 09    		ld	(iy + 9), h
1752+  8692 FD 7E 01    		ld	a, (iy + 1)
1753+  8695 4F          		ld	c, a
1754+  8696 D3 7E       		out	(MOON_WREG), a
1755+  8698 7D          		ld	a, l
1756+  8699 FD B6 06    		or	(iy + 6)
1757+  869C D3 7F       		out	(MOON_WDAT), a
1758+  869E 79          		ld	a, c
1759+  869F C6 18       		add	a, 18h
1760+  86A1 D3 7E       		out	(MOON_WREG), a
1761+  86A3 7C          		ld	a, h
1762+  86A4 D3 7F       		out	(MOON_WDAT), a
1763+  86A6 D9          		exx	
1764+  86A7 E9          		jp	(hl)
1765+  86A8             
1766+  86A8             loc_0_4B8C: 
1767+  86A8 16 00       		ld	d, 0
1768+  86AA 5E          		ld	e, (hl)
1769+  86AB CB 23       		sla	e
1770+  86AD CB 23       		sla	e
1771+  86AF 30 01       		jr	nc, loc_0_4B96
1772+  86B1 15          		dec	d
1773+  86B2             
1774+  86B2             loc_0_4B96: 
1775+  86B2 23          		inc	hl
1776+  86B3 7E          		ld	a, (hl)
1777+  86B4 FE 0A       		cp	0Ah
1778+  86B6 C2 C6 86    		jp	nz, loc_0_4BAA
1779+  86B9 79          		ld	a, c
1780+  86BA 21 C6 8C    		ld	hl, unk_0_5328
1781+  86BD 87          		add	a, a
1782+  86BE 87          		add	a, a
1783+  86BF 87          		add	a, a
1784+  86C0 87          		add	a, a
1785+  86C1 85          		add	a, l
1786+  86C2 30 01       		jr	nc, loc_0_4BA9
1787+  86C4 24          		inc	h
1788+  86C5             
1789+  86C5             loc_0_4BA9: 
1790+  86C5 6F          		ld	l, a
1791+  86C6             
1792+  86C6             loc_0_4BAA: 
1793+  86C6 FD 75 03    		ld	(iy + 3), l
1794+  86C9 FD 74 04    		ld	(iy + 4), h
1795+  86CC C3 75 86    		jp	loc_0_4B59
1796+  86CF             
1797+  86CF             sub_0_4BB3: 
1798+  86CF 08          		ex	af, af'
1799+  86D0 FD 4E 00    		ld	c, (iy + 0)
1800+  86D3 ED 41       		out	(c), b
1801+  86D5 08          		ex	af, af'
1802+  86D6 D3 C5       		out	(0C5h),	a
1803+  86D8 C9          		ret	
1804+  86D9             
1805+  86D9 FD 4E 00    		ld	c, (iy + 0)
1806+  86DC ED 41       		out	(c), b
1807+  86DE 00          		nop	
1808+  86DF DB C5       		in	a, (0C5h)
1809+  86E1 C9          		ret	
1810+  86E2             
1811+  86E2             ;-------------------------------------------------------------------
1812+  86E2             ; описание: Вывод данных в регистры FM части
1813+  86E2             ; параметры: C - номер регистра
1814+  86E2             ;	     A - выводимый байт
1815+  86E2             ; возвращаемое  значение: нет
1816+  86E2             ;---------------------------------------------------------------------
1817+  86E2             MBPlayer_out_fm1: 
1818+  86E2 08          		ex	af, af'
1819+  86E3 79          		ld	a, c
1820+  86E4 D3 C4       		out	(0C4h),	a
1821+  86E6 08          		ex	af, af'
1822+  86E7 D3 C5       		out	(0C5h),	a
1823+  86E9 C9          		ret	
1824+  86EA             ;-------------------------------------------------------------------
1825+  86EA             ; описание: Вывод данных в регистры FM части
1826+  86EA             ; параметры: C - номер регистра
1827+  86EA             ;	     A - выводимый байт
1828+  86EA             ; возвращаемое  значение: нет
1829+  86EA             ;---------------------------------------------------------------------
1830+  86EA             MBPlayer_out_fm2: 
1831+  86EA 08          		ex	af, af'
1832+  86EB 79          		ld	a, c
1833+  86EC D3 C6       		out	(0C6h),	a
1834+  86EE 08          		ex	af, af'
1835+  86EF D3 C5       		out	(0C5h),	a
1836+  86F1 C9          		ret	
1837+  86F2             ;-------------------------------------------------------------------
1838+  86F2             ; описание: Вывод данных в регистры Wave части
1839+  86F2             ; параметры: C - номер регистра
1840+  86F2             ;	     A - выводимый байт
1841+  86F2             ; возвращаемое  значение: нет
1842+  86F2             ;---------------------------------------------------------------------
1843+  86F2             MBPlayer_out_wave: 	
1844+  86F2 08          		ex	af, af'
1845+  86F3 79          		ld	a, c
1846+  86F4 D3 7E       		out	(MOON_WREG), a
1847+  86F6 08          		ex	af, af'
1848+  86F7 D3 7F       		out	(MOON_WDAT), a
1849+  86F9 C9          		ret	
1850+  86FA             
1851+  86FA 79          		ld	a, c
1852+  86FB D3 7E       		out	(MOON_WREG), a
1853+  86FD 00          		nop	
1854+  86FE DB 7F       		in	a, (MOON_WDAT)
1855+  8700 C9          		ret	
1856+  8701             
1857+  8701 C5          		db 0C5h ; Е
1858+  8702 F5          		db 0F5h ; х
1859+  8703 3A          		db  3Ah ; :
1860+  8704 2D          		db  2Dh ; -
1861+  8705 00          		db    0 ;  
1862+  8706 FE          		db 0FEh ; ю
1863+  8707 03          		db    3 ;  
1864+  8708 38          		db  38h ; 8
1865+  8709 0A          		db  0Ah ;  
1866+  870A DB          		db 0DBh ; Ы
1867+  870B E6          		db 0E6h ; ж
1868+  870C 47          		db  47h ; G
1869+  870D DB          		db 0DBh ; Ы
1870+  870E E6          		db 0E6h ; ж
1871+  870F 90          		db  90h ; ђ
1872+  8710 FE          		db 0FEh ; ю
1873+  8711 05          		db    5 ;  
1874+  8712 38          		db  38h ; 8
1875+  8713 F9          		db 0F9h ; щ
1876+  8714 F1          		db 0F1h ; с
1877+  8715 C1          		db 0C1h ; Б
1878+  8716 C9          		db 0C9h ; Й
1879+  8717             
1880+  8717 32          unk_0_4BFB: 	db  32h
1881+  8718 F2          		db 0F2h
1882+  8719 F5          		db 0F5h
1883+  871A C8          		db 0C8h
1884+  871B 31          		db  31h
1885+  871C F1          		db 0F1h
1886+  871D F4          		db 0F4h
1887+  871E C7          		db 0C7h
1888+  871F 30          		db  30h
1889+  8720 F0          		db 0F0h
1890+  8721 F3          		db 0F3h
1891+  8722 C6          		db 0C6h
1892+  8723 32          		db  32h
1893+  8724 F2          		db 0F2h
1894+  8725 F5          		db 0F5h
1895+  8726 C8          		db 0C8h
1896+  8727 31          		db  31h
1897+  8728 F1          		db 0F1h
1898+  8729 F4          		db 0F4h
1899+  872A C7          		db 0C7h
1900+  872B 30          		db  30h
1901+  872C F0          		db 0F0h
1902+  872D F3          		db 0F3h
1903+  872E C6          		db 0C6h
1904+  872F 2A          		db  2Ah
1905+  8730 EA          		db 0EAh
1906+  8731 ED          		db 0EDh
1907+  8732 C5          		db 0C5h
1908+  8733 22          		db  22h
1909+  8734 E2          		db 0E2h
1910+  8735 E5          		db 0E5h
1911+  8736 C2          		db 0C2h
1912+  8737 29          		db  29h
1913+  8738 E9          		db 0E9h
1914+  8739 EC          		db 0ECh
1915+  873A C4          		db 0C4h
1916+  873B 21          		db  21h
1917+  873C E1          		db 0E1h
1918+  873D E4          		db 0E4h
1919+  873E C1          		db 0C1h
1920+  873F 28          		db  28h
1921+  8740 E8          		db 0E8h
1922+  8741 EB          		db 0EBh
1923+  8742 C3          		db 0C3h
1924+  8743 20          		db  20h
1925+  8744 E0          		db 0E0h
1926+  8745 E3          		db 0E3h
1927+  8746 C0          		db 0C0h
1928+  8747 2A          		db  2Ah
1929+  8748 EA          		db 0EAh
1930+  8749 ED          		db 0EDh
1931+  874A C5          		db 0C5h
1932+  874B 22          		db  22h
1933+  874C E2          		db 0E2h
1934+  874D E5          		db 0E5h
1935+  874E C2          		db 0C2h
1936+  874F 29          		db  29h
1937+  8750 E9          		db 0E9h
1938+  8751 EC          		db 0ECh
1939+  8752 C4          		db 0C4h
1940+  8753 21          		db  21h
1941+  8754 E1          		db 0E1h
1942+  8755 E4          		db 0E4h
1943+  8756 C1          		db 0C1h
1944+  8757 28          		db  28h
1945+  8758 E8          		db 0E8h
1946+  8759 EB          		db 0EBh
1947+  875A C3          		db 0C3h
1948+  875B 20          		db  20h
1949+  875C E0          		db 0E0h
1950+  875D E3          		db 0E3h
1951+  875E C0          		db 0C0h
1952+  875F             
1953+  875F             unk_0_4C43: 	
1954+  875F 20          		db  20h 
1955+  8760 23          		db  23h ; #
1956+  8761 40          		db  40h ; @
1957+  8762 43          		db  43h ; C
1958+  8763 60          		db  60h ; `
1959+  8764 63          		db  63h ; c
1960+  8765 80          		db  80h ; Ђ
1961+  8766 83          		db  83h ; ѓ
1962+  8767 E0          		db 0E0h ; а
1963+  8768 E3          		db 0E3h ; г
1964+  8769 28          		db  28h ; (
1965+  876A 2B          		db  2Bh ; +
1966+  876B 48          		db  48h ; H
1967+  876C 4B          		db  4Bh ; K
1968+  876D 68          		db  68h ; h
1969+  876E 6B          		db  6Bh ; k
1970+  876F 88          		db  88h ; €
1971+  8770 8B          		db  8Bh ; ‹
1972+  8771 E8          		db 0E8h ; и
1973+  8772 EB          		db 0EBh ; л
1974+  8773 C0          		db 0C0h ; А
1975+  8774 C3          		db 0C3h ; Г
1976+  8775 21          		db  21h ; !
1977+  8776 24          		db  24h ; $
1978+  8777 41          		db  41h ; A
1979+  8778 44          		db  44h ; D
1980+  8779 61          		db  61h ; a
1981+  877A 64          		db  64h ; d
1982+  877B 81          		db  81h ; Ѓ
1983+  877C 84          		db  84h ; „
1984+  877D E1          		db 0E1h ; б
1985+  877E E4          		db 0E4h ; д
1986+  877F 29          		db  29h ; )
1987+  8780 2C          		db  2Ch
1988+  8781 49          		db  49h ; I
1989+  8782 4C          		db  4Ch ; L
1990+  8783 69          		db  69h ; i
1991+  8784 6C          		db  6Ch ; l
1992+  8785 89          		db  89h ; ‰
1993+  8786 8C          		db  8Ch ; Њ
1994+  8787 E9          		db 0E9h ; й
1995+  8788 EC          		db 0ECh ; м
1996+  8789 C1          		db 0C1h ; Б
1997+  878A C4          		db 0C4h ; Д
1998+  878B 22          		db  22h ; "
1999+  878C 25          		db  25h ; %
2000+  878D 42          		db  42h ; B
2001+  878E 45          		db  45h ; E
2002+  878F 62          		db  62h ; b
2003+  8790 65          		db  65h ; e
2004+  8791 82          		db  82h ; ‚
2005+  8792 85          		db  85h ; …
2006+  8793 E2          		db 0E2h ; в
2007+  8794 E5          		db 0E5h ; е
2008+  8795 2A          		db  2Ah ; *
2009+  8796 2D          		db  2Dh ; -
2010+  8797 4A          		db  4Ah ; J
2011+  8798 4D          		db  4Dh ; M
2012+  8799 6A          		db  6Ah ; j
2013+  879A 6D          		db  6Dh ; m
2014+  879B 8A          		db  8Ah ; Љ
2015+  879C 8D          		db  8Dh ; Ќ
2016+  879D EA          		db 0EAh ; к
2017+  879E ED          		db 0EDh ; н
2018+  879F C2          		db 0C2h ; В
2019+  87A0 C5          		db 0C5h ; Е
2020+  87A1 20          		db  20h ;  
2021+  87A2 23          		db  23h ; #
2022+  87A3 40          		db  40h ; @
2023+  87A4 43          		db  43h ; C
2024+  87A5 60          		db  60h ; `
2025+  87A6 63          		db  63h ; c
2026+  87A7 80          		db  80h ; Ђ
2027+  87A8 83          		db  83h ; ѓ
2028+  87A9 E0          		db 0E0h ; а
2029+  87AA E3          		db 0E3h ; г
2030+  87AB 28          		db  28h ; (
2031+  87AC 2B          		db  2Bh ; +
2032+  87AD 48          		db  48h ; H
2033+  87AE 4B          		db  4Bh ; K
2034+  87AF 68          		db  68h ; h
2035+  87B0 6B          		db  6Bh ; k
2036+  87B1 88          		db  88h ; €
2037+  87B2 8B          		db  8Bh ; ‹
2038+  87B3 E8          		db 0E8h ; и
2039+  87B4 EB          		db 0EBh ; л
2040+  87B5 C0          		db 0C0h ; А
2041+  87B6 C3          		db 0C3h ; Г
2042+  87B7 21          		db  21h ; !
2043+  87B8 24          		db  24h ; $
2044+  87B9 41          		db  41h ; A
2045+  87BA 44          		db  44h ; D
2046+  87BB 61          		db  61h ; a
2047+  87BC 64          		db  64h ; d
2048+  87BD 81          		db  81h ; Ѓ
2049+  87BE 84          		db  84h ; „
2050+  87BF E1          		db 0E1h ; б
2051+  87C0 E4          		db 0E4h ; д
2052+  87C1 29          		db  29h ; )
2053+  87C2 2C          		db  2Ch ; ,
2054+  87C3 49          		db  49h ; I
2055+  87C4 4C          		db  4Ch ; L
2056+  87C5 69          		db  69h ; i
2057+  87C6 6C          		db  6Ch ; l
2058+  87C7 89          		db  89h ; ‰
2059+  87C8 8C          		db  8Ch ; Њ
2060+  87C9 E9          		db 0E9h ; й
2061+  87CA EC          		db 0ECh ; м
2062+  87CB C1          		db 0C1h ; Б
2063+  87CC C4          		db 0C4h ; Д
2064+  87CD 22          		db  22h ; "
2065+  87CE 25          		db  25h ; %
2066+  87CF 42          		db  42h ; B
2067+  87D0 45          		db  45h ; E
2068+  87D1 62          		db  62h ; b
2069+  87D2 65          		db  65h ; e
2070+  87D3 82          		db  82h ; ‚
2071+  87D4 85          		db  85h ; …
2072+  87D5 E2          		db 0E2h ; в
2073+  87D6 E5          		db 0E5h ; е
2074+  87D7 2A          		db  2Ah ; *
2075+  87D8 2D          		db  2Dh ; -
2076+  87D9 4A          		db  4Ah ; J
2077+  87DA 4D          		db  4Dh ; M
2078+  87DB 6A          		db  6Ah ; j
2079+  87DC 6D          		db  6Dh ; m
2080+  87DD 8A          		db  8Ah ; Љ
2081+  87DE 8D          		db  8Dh ; Ќ
2082+  87DF EA          		db 0EAh ; к
2083+  87E0 ED          		db 0EDh ; н
2084+  87E1 C2          		db 0C2h ; В
2085+  87E2 C5          		db 0C5h ; Е
2086+  87E3 59          		db  59h ; Y
2087+  87E4             
2088+  87E4 01          unk_0_4CC8: 	db    1
2089+  87E5 6D          		db  6Dh ; m
2090+  87E6 01          		db    1 ;  
2091+  87E7 83          		db  83h ; ѓ
2092+  87E8 01          		db    1 ;  
2093+  87E9 9A          		db  9Ah ; љ
2094+  87EA 01          		db    1 ;  
2095+  87EB B2          		db 0B2h ; І
2096+  87EC 01          		db    1 ;  
2097+  87ED CC          		db 0CCh ; М
2098+  87EE 01          		db    1 ;  
2099+  87EF E8          		db 0E8h ; и
2100+  87F0 01          		db    1 ;  
2101+  87F1 05          		db    5 ;  
2102+  87F2 02          		db    2 ;  
2103+  87F3 23          		db  23h ; #
2104+  87F4 02          		db    2 ;  
2105+  87F5 44          		db  44h ; D
2106+  87F6 02          		db    2 ;  
2107+  87F7 67          		db  67h ; g
2108+  87F8 02          		db    2 ;  
2109+  87F9 8B          		db  8Bh ; ‹
2110+  87FA 02          		db    2 ;  
2111+  87FB 59          		db  59h ; Y
2112+  87FC 05          		db    5 ;  
2113+  87FD 6D          		db  6Dh ; m
2114+  87FE 05          		db    5 ;  
2115+  87FF 83          		db  83h ; ѓ
2116+  8800 05          		db    5 ;  
2117+  8801 9A          		db  9Ah ; љ
2118+  8802 05          		db    5 ;  
2119+  8803 B2          		db 0B2h ; І
2120+  8804 05          		db    5 ;  
2121+  8805 CC          		db 0CCh ; М
2122+  8806 05          		db    5 ;  
2123+  8807 E8          		db 0E8h ; и
2124+  8808 05          		db    5 ;  
2125+  8809 05          		db    5 ;  
2126+  880A 06          		db    6 ;  
2127+  880B 23          		db  23h ; #
2128+  880C 06          		db    6 ;  
2129+  880D 44          		db  44h ; D
2130+  880E 06          		db    6 ;  
2131+  880F 67          		db  67h ; g
2132+  8810 06          		db    6 ;  
2133+  8811 8B          		db  8Bh ; ‹
2134+  8812 06          		db    6 ;  
2135+  8813 59          		db  59h ; Y
2136+  8814 09          		db    9 ;  
2137+  8815 6D          		db  6Dh ; m
2138+  8816 09          		db    9 ;  
2139+  8817 83          		db  83h ; ѓ
2140+  8818 09          		db    9 ;  
2141+  8819 9A          		db  9Ah ; љ
2142+  881A 09          		db    9 ;  
2143+  881B B2          		db 0B2h ; І
2144+  881C 09          		db    9 ;  
2145+  881D CC          		db 0CCh ; М
2146+  881E 09          		db    9 ;  
2147+  881F E8          		db 0E8h ; и
2148+  8820 09          		db    9 ;  
2149+  8821 05          		db    5 ;  
2150+  8822 0A          		db  0Ah ;  
2151+  8823 23          		db  23h ; #
2152+  8824 0A          		db  0Ah ;  
2153+  8825 44          		db  44h ; D
2154+  8826 0A          		db  0Ah ;  
2155+  8827 67          		db  67h ; g
2156+  8828 0A          		db  0Ah ;  
2157+  8829 8B          		db  8Bh ; ‹
2158+  882A 0A          		db  0Ah ;  
2159+  882B 59          		db  59h ; Y
2160+  882C 0D          		db  0Dh ;  
2161+  882D 6D          		db  6Dh ; m
2162+  882E 0D          		db  0Dh ;  
2163+  882F 83          		db  83h ; ѓ
2164+  8830 0D          		db  0Dh ;  
2165+  8831 9A          		db  9Ah ; љ
2166+  8832 0D          		db  0Dh ;  
2167+  8833 B2          		db 0B2h ; І
2168+  8834 0D          		db  0Dh ;  
2169+  8835 CC          		db 0CCh ; М
2170+  8836 0D          		db  0Dh ;  
2171+  8837 E8          		db 0E8h ; и
2172+  8838 0D          		db  0Dh ;  
2173+  8839 05          		db    5 ;  
2174+  883A 0E          		db  0Eh ;  
2175+  883B 23          		db  23h ; #
2176+  883C 0E          		db  0Eh ;  
2177+  883D 44          		db  44h ; D
2178+  883E 0E          		db  0Eh ;  
2179+  883F 67          		db  67h ; g
2180+  8840 0E          		db  0Eh ;  
2181+  8841 8B          		db  8Bh ; ‹
2182+  8842 0E          		db  0Eh ;  
2183+  8843 59          		db  59h ; Y
2184+  8844 11          		db  11h ;  
2185+  8845 6D          		db  6Dh ; m
2186+  8846 11          		db  11h ;  
2187+  8847 83          		db  83h ; ѓ
2188+  8848 11          		db  11h ;  
2189+  8849 9A          		db  9Ah ; љ
2190+  884A 11          		db  11h ;  
2191+  884B B2          		db 0B2h ; І
2192+  884C 11          		db  11h ;  
2193+  884D CC          		db 0CCh ; М
2194+  884E 11          		db  11h ;  
2195+  884F E8          		db 0E8h ; и
2196+  8850 11          		db  11h ;  
2197+  8851 05          		db    5 ;  
2198+  8852 12          		db  12h ;  
2199+  8853 23          		db  23h ; #
2200+  8854 12          		db  12h ;  
2201+  8855 44          		db  44h ; D
2202+  8856 12          		db  12h ;  
2203+  8857 67          		db  67h ; g
2204+  8858 12          		db  12h ;  
2205+  8859 8B          		db  8Bh ; ‹
2206+  885A 12          		db  12h ;  
2207+  885B 59          		db  59h ; Y
2208+  885C 15          		db  15h ;  
2209+  885D 6D          		db  6Dh ; m
2210+  885E 15          		db  15h ;  
2211+  885F 83          		db  83h ; ѓ
2212+  8860 15          		db  15h ;  
2213+  8861 9A          		db  9Ah ; љ
2214+  8862 15          		db  15h ;  
2215+  8863 B2          		db 0B2h ; І
2216+  8864 15          		db  15h ;  
2217+  8865 CC          		db 0CCh ; М
2218+  8866 15          		db  15h ;  
2219+  8867 E8          		db 0E8h ; и
2220+  8868 15          		db  15h ;  
2221+  8869 05          		db    5 ;  
2222+  886A 16          		db  16h ;  
2223+  886B 23          		db  23h ; #
2224+  886C 16          		db  16h ;  
2225+  886D 44          		db  44h ; D
2226+  886E 16          		db  16h ;  
2227+  886F 67          		db  67h ; g
2228+  8870 16          		db  16h ;  
2229+  8871 8B          		db  8Bh ; ‹
2230+  8872 16          		db  16h ;  
2231+  8873 59          		db  59h ; Y
2232+  8874 19          		db  19h ;  
2233+  8875 6D          		db  6Dh ; m
2234+  8876 19          		db  19h ;  
2235+  8877 83          		db  83h ; ѓ
2236+  8878 19          		db  19h ;  
2237+  8879 9A          		db  9Ah ; љ
2238+  887A 19          		db  19h ;  
2239+  887B B2          		db 0B2h ; І
2240+  887C 19          		db  19h ;  
2241+  887D CC          		db 0CCh ; М
2242+  887E 19          		db  19h ;  
2243+  887F E8          		db 0E8h ; и
2244+  8880 19          		db  19h ;  
2245+  8881 05          		db    5 ;  
2246+  8882 1A          		db  1Ah ;  
2247+  8883 23          		db  23h ; #
2248+  8884 1A          		db  1Ah ;  
2249+  8885 44          		db  44h ; D
2250+  8886 1A          		db  1Ah ;  
2251+  8887 67          		db  67h ; g
2252+  8888 1A          		db  1Ah ;  
2253+  8889 8B          		db  8Bh ; ‹
2254+  888A 1A          		db  1Ah ;  
2255+  888B 59          		db  59h ; Y
2256+  888C 1D          		db  1Dh ;  
2257+  888D 6D          		db  6Dh ; m
2258+  888E 1D          		db  1Dh ;  
2259+  888F 83          		db  83h ; ѓ
2260+  8890 1D          		db  1Dh ;  
2261+  8891 9A          		db  9Ah ; љ
2262+  8892 1D          		db  1Dh ;  
2263+  8893 B2          		db 0B2h ; І
2264+  8894 1D          		db  1Dh ;  
2265+  8895 CC          		db 0CCh ; М
2266+  8896 1D          		db  1Dh ;  
2267+  8897 E8          		db 0E8h ; и
2268+  8898 1D          		db  1Dh ;  
2269+  8899 05          		db    5 ;  
2270+  889A 1E          		db  1Eh ;  
2271+  889B 23          		db  23h ; #
2272+  889C 1E          		db  1Eh ;  
2273+  889D 44          		db  44h ; D
2274+  889E 1E          		db  1Eh ;  
2275+  889F 67          		db  67h ; g
2276+  88A0 1E          		db  1Eh ;  
2277+  88A1 8B          		db  8Bh ; ‹
2278+  88A2 1E          		db  1Eh ;  
2279+  88A3             
2280+  88A3             MBPlayer_play_table_wav_2: 	
2281+  88A3             		db 	0C6h,0,0A8h,55h,0,0,0,0,0,0,0,0,0
2281+  88A3 C600A855000000000000000000
2282+  88B0             		db 	0C6h,0,0A7h,54h,0,0,0,0,0,0,0,0,0
2282+  88B0 C600A754000000000000000000
2283+  88BD             		db 	0C6h,0,0A6h,53h,0,0,0,0,0,0,0,0,0
2283+  88BD C600A653000000000000000000
2284+  88CA             		db 	0C4h,0,0A8h,55h,0,0,0,0,0,0,0,0,0
2284+  88CA C400A855000000000000000000
2285+  88D7             		db 	0C4h,0,0A7h,54h,0,0,0,0,0,0,0,0,0
2285+  88D7 C400A754000000000000000000
2286+  88E4             		db 	0C4h,0,0A6h,53h,0,0,0,0,0,0,0,0,0
2286+  88E4 C400A653000000000000000000
2287+  88F1             		db 	0C6h,0,0A5h,4Dh,0,0,0,0,0,0,0,0,0
2287+  88F1 C600A54D000000000000000000
2288+  88FE             		db 	0C6h,0,0A2h,45h,0,0,0,0,0,0,0,0,0
2288+  88FE C600A245000000000000000000
2289+  890B             		db 	0C6h,0,0A4h,4Ch,0,0,0,0,0,0,0,0,0
2289+  890B C600A44C000000000000000000
2290+  8918             		db 	0C6h,0,0A1h,44h,0,0,0,0,0,0,0,0,0
2290+  8918 C600A144000000000000000000
2291+  8925             		db 	0C6h,0,0A3h,4Bh,0,0,0,0,0,0,0,0,0
2291+  8925 C600A34B000000000000000000
2292+  8932             		db 	0C6h,0,0A0h,43h,0,0,0,0,0,0,0,0,0
2292+  8932 C600A043000000000000000000
2293+  893F             		db 	0C4h,0,0A5h,4Dh,0,0,0,0,0,0,0,0,0
2293+  893F C400A54D000000000000000000
2294+  894C             		db 	0C4h,0,0A2h,45h,0,0,0,0,0,0,0,0,0
2294+  894C C400A245000000000000000000
2295+  8959             		db 	0C4h,0,0A4h,4Ch,0,0,0,0,0,0,0,0,0
2295+  8959 C400A44C000000000000000000
2296+  8966             		db 	0C4h,0,0A1h,44h,0,0,0,0,0,0,0,0,0
2296+  8966 C400A144000000000000000000
2297+  8973             		db 	0C4h,0,0A3h,4Bh,0,0,0,0,0,0,0,0,0
2297+  8973 C400A34B000000000000000000
2298+  8980             		db 	0C4h,0,0A0h,43h,0,0,0,0,0,0,0,0,0
2298+  8980 C400A043000000000000000000
2299+  898D             
2300+  898D             MBPlayer_play_table_wav_1: 	
2301+  898D             		db 	0C4h,0,0A0h,43h,0,0,0,0,0,0,0,0,0
2301+  898D C400A043000000000000000000
2302+  899A             		db 	0C4h,0,0A1h,44h,0,0,0,0,0,0,0,0,0
2302+  899A C400A144000000000000000000
2303+  89A7             		db 	0C4h,0,0A2h,45h,0,0,0,0,0,0,0,0,0
2303+  89A7 C400A245000000000000000000
2304+  89B4             		db 	0C6h,0,0A0h,43h,0,0,0,0,0,0,0,0,0
2304+  89B4 C600A043000000000000000000
2305+  89C1             		db 	0C6h,0,0A1h,44h,0,0,0,0,0,0,0,0,0
2305+  89C1 C600A144000000000000000000
2306+  89CE             		db 	0C6h,0,0A2h,45h,0,0,0,0,0,0,0,0,0
2306+  89CE C600A245000000000000000000
2307+  89DB             
2308+  89DB             MBPlayer_play_table_wav_3: 	
2309+  89DB             		db	0,25h,0,0,0,0,0,0,0,0,0,0,0,0,0,0,0,0	; ch19
2309+  89DB 002500000000000000000000000000000000
2310+  89ED             		db	0,24h,0,0,0,0,0,0,0,0,0,0,0,0,0,0,0,0	; ch20
2310+  89ED 002400000000000000000000000000000000
2311+  89FF             		db	0,23h,0,0,0,0,0,0,0,0,0,0,0,0,0,0,0,0	; ch21
2311+  89FF 002300000000000000000000000000000000
2312+  8A11             		db	0,22h,0,0,0,0,0,0,0,0,0,0,0,0,0,0,0,0	; ch22
2312+  8A11 002200000000000000000000000000000000
2313+  8A23             		db	0,21h,0,0,0,0,0,0,0,0,0,0,0,0,0,0,0,0	; ch23
2313+  8A23 002100000000000000000000000000000000
2314+  8A35             		db	0,20h,0,0,0,0,0,0,0,0,0,0,0,0,0,0	; ch24
2314+  8A35 00200000000000000000000000000000
2315+  8A45             unk_0_4F29: 	
2316+  8A45 00          		db    0 
2317+  8A46             unk_0_4F2A: 	
2318+  8A46 00          		db    0 
2319+  8A47             
2320+  8A47 00          unk_0_4F2B: 	db    0 
2321+  8A48             
2322+  8A48 0B          		db  0Bh ;  
2323+  8A49 16          		db  16h ;  
2324+  8A4A 21          		db  21h ; !
2325+  8A4B 2C          		db  2Ch ; ,
2326+  8A4C 37          		db  37h ; 7
2327+  8A4D 42          		db  42h ; B
2328+  8A4E 4D          		db  4Dh ; M
2329+  8A4F 58          		db  58h ; X
2330+  8A50 63          		db  63h ; c
2331+  8A51 6E          		db  6Eh ; n
2332+  8A52 79          		db  79h ; y
2333+  8A53 84          		db  84h ; „
2334+  8A54 8F          		db  8Fh ; Џ
2335+  8A55 9A          		db  9Ah ; љ
2336+  8A56 A5          		db 0A5h ; Ґ
2337+  8A57 B0          		db 0B0h ; °
2338+  8A58 BB          		db 0BBh ; »
2339+  8A59 C6          		db 0C6h ; Ж
2340+  8A5A D1          		db 0D1h ; С
2341+  8A5B DC          		db 0DCh ; Ь
2342+  8A5C E7          		db 0E7h ; з
2343+  8A5D F2          		db 0F2h ; т
2344+  8A5E FD          		db 0FDh ; э
2345+  8A5F             unk_0_4F43: 	
2346+  8A5F 00          		db    0
2347+  8A60 01          		db    1 ;  
2348+  8A61 03          		db    3 ;  
2349+  8A62 07          		db    7 ;  
2350+  8A63 0F          		db  0Fh ;  
2351+  8A64 1F          		db  1Fh  
2352+  8A65 3F          		db  3Fh
2353+  8A66             
2354+  8A66             MBPlayer_play_busy: 
2355+  8A66 00          		db	0
2356+  8A67             MBPlayer_play_pos: 	
2357+  8A67 00          		db 	0
2358+  8A68             MBPlayer_play_step: 	
2359+  8A68 00          		db 	0
2360+  8A69             MBPlayer_save_curbank: 	
2361+  8A69 00          		db	0
2362+  8A6A             MBPlayer_songdata_bank1: 	
2363+  8A6A 00          		db 	0
2364+  8A6B             MBPlayer_songdata_addres: 	
2365+  8A6B 00 00       		dw 	0
2366+  8A6D             MBPlayer_songdata_bank: 	
2367+  8A6D 00          		db 	0
2368+  8A6E             MBPlayer_status: 
2369+  8A6E 00 00       		dw	0
2370+  8A70             MBPlayer_step_buffer: 	 
2371+  8A70             		db	0,0,0,0,0,0,0,0,0
2371+  8A70 000000000000000000
2372+  8A79             		db	0,0,0,0,0,0,0,0,0
2372+  8A79 000000000000000000
2373+  8A82             MBPlayer_step_buffer_1: 	 
2374+  8A82             		db	0,0,0,0,0,0
2374+  8A82 000000000000
2375+  8A88             MBPlayer_load_buffer: 	 
2376+  8A88 00 00       		dw	0	
2377+  8A8A             MBPlayer_play_speed: 	
2378+  8A8A 00          		db 	0
2379+  8A8B             MBPlayer_play_tspval: 	
2380+  8A8B 00          		db	0
2381+  8A8C             MBPlayer_play_timercnt: 	
2382+  8A8C 00          		db 	0
2383+  8A8D             byte_0_4F4E: 	
2384+  8A8D 00          		db 	0
2385+  8A8E             MBPlayer_play_chvol_2: 	
2386+  8A8E 00          		db 	0
2387+  8A8F             byte_0_4F50: 	
2388+  8A8F 00          		db 	0
2389+  8A90             ;-------------------------------------------------------------------
2390+  8A90             ; описание: Информация о треке = 718 байт
2391+  8A90             ; параметры: нет
2392+  8A90             ; возвращаемое  значение: нет
2393+  8A90             ;---------------------------------------------------------------------
2394+  8A90             MBPlayer_xleng: 	
2395+  8A90 00          		ds	1		; Song length
2396+  8A91             MBPlayer_xloop: 	
2397+  8A91 00          		ds	1		; Loop position
2398+  8A92             unk_0_50F4: 	
2399+  8A92 00          		db    	0 
2400+  8A93 00          		db    0 ;  
2401+  8A94 00          		db    0 ;  
2402+  8A95 00          		db    0 ;  
2403+  8A96 00          		db    0 ;  
2404+  8A97 00          		db    0 ;  
2405+  8A98 00          		db    0 ;  
2406+  8A99 00          		db    0 ;  
2407+  8A9A 00          		db    0 ;  
2408+  8A9B 00          		db    0 ;  
2409+  8A9C 00          		db    0 ;  
2410+  8A9D 00          		db    0 ;  
2411+  8A9E 00          		db    0 ;  
2412+  8A9F 00          		db    0 ;  
2413+  8AA0 00          		db    0 ;  
2414+  8AA1 00          		db    0 ;  
2415+  8AA2 00          		db    0 ;  
2416+  8AA3 00          		db    0 ;  
2417+  8AA4 00          		db    0 ;  
2418+  8AA5 00          		db    0 ;  
2419+  8AA6 00          		db    0 ;  
2420+  8AA7 00          		db    0 ;  
2421+  8AA8 00          		db    0 ;  
2422+  8AA9 00          		db    0 ;  
2423+  8AAA 00          		db    0 ;  
2424+  8AAB 00          		db    0 ;  
2425+  8AAC 00          		db    0 ;  
2426+  8AAD 00          		db    0 ;  
2427+  8AAE 00          		db    0 ;  
2428+  8AAF 00          		db    0 ;  
2429+  8AB0 00          		db    0 ;  
2430+  8AB1 00          		db    0 ;  
2431+  8AB2 00          		db    0 ;  
2432+  8AB3 00          		db    0 ;  
2433+  8AB4 00          		db    0 ;  
2434+  8AB5 00          		db    0 ;  
2435+  8AB6 00          		db    0 ;  
2436+  8AB7 00          		db    0 ;  
2437+  8AB8 00          		db    0 ;  
2438+  8AB9 00          		db    0 ;  
2439+  8ABA 00          		db    0 ;  
2440+  8ABB 00          		db    0 ;  
2441+  8ABC 00          		db    0 ;  
2442+  8ABD 00          		db    0 ;  
2443+  8ABE 00          		db    0 ;  
2444+  8ABF 00          		db    0 ;  
2445+  8AC0 00          		db    0 ;  
2446+  8AC1 00          		db    0 ;  
2447+  8AC2 00          		db    0 ;  
2448+  8AC3 00          		db    0 ;  
2449+  8AC4 00          		db    0 ;  
2450+  8AC5 00          		db    0 ;  
2451+  8AC6 00          		db    0 ;  
2452+  8AC7 00          		db    0 ;  
2453+  8AC8 00          		db    0 ;  
2454+  8AC9 00          		db    0 ;  
2455+  8ACA 00          		db    0 ;  
2456+  8ACB 00          		db    0 ;  
2457+  8ACC 00          		db    0 ;  
2458+  8ACD 00          		db    0 ;  
2459+  8ACE 00          		db    0 ;  
2460+  8ACF 00          		db    0 ;  
2461+  8AD0 00          		db    0 ;  
2462+  8AD1 00          		db    0 ;  
2463+  8AD2 00          		db    0 ;  
2464+  8AD3 00          		db    0 ;  
2465+  8AD4 00          		db    0 ;  
2466+  8AD5 00          		db    0 ;  
2467+  8AD6 00          		db    0 ;  
2468+  8AD7 00          		db    0 ;  
2469+  8AD8 00          		db    0 ;  
2470+  8AD9 00          		db    0 ;  
2471+  8ADA 00          		db    0 ;  
2472+  8ADB 00          		db    0 ;  
2473+  8ADC 00          		db    0 ;  
2474+  8ADD 00          		db    0 ;  
2475+  8ADE 00          		db    0 ;  
2476+  8ADF 00          		db    0 ;  
2477+  8AE0 00          		db    0 ;  
2478+  8AE1 00          		db    0 ;  
2479+  8AE2 00          		db    0 ;  
2480+  8AE3 00          		db    0 ;  
2481+  8AE4 00          		db    0 ;  
2482+  8AE5 00          		db    0 ;  
2483+  8AE6 00          		db    0 ;  
2484+  8AE7 00          		db    0 ;  
2485+  8AE8 00          		db    0 ;  
2486+  8AE9 00          		db    0 ;  
2487+  8AEA 00          		db    0 ;  
2488+  8AEB 00          		db    0 ;  
2489+  8AEC 00          		db    0 ;  
2490+  8AED 00          		db    0 ;  
2491+  8AEE 00          		db    0 ;  
2492+  8AEF 00          		db    0 ;  
2493+  8AF0 00          		db    0 ;  
2494+  8AF1 00          		db    0 ;  
2495+  8AF2 00          		db    0 ;  
2496+  8AF3 00          		db    0 ;  
2497+  8AF4 00          		db    0 ;  
2498+  8AF5 00          		db    0 ;  
2499+  8AF6 00          		db    0 ;  
2500+  8AF7 00          		db    0 ;  
2501+  8AF8 00          		db    0 ;  
2502+  8AF9 00          		db    0 ;  
2503+  8AFA 00          		db    0 ;  
2504+  8AFB 00          		db    0 ;  
2505+  8AFC 00          		db    0 ;  
2506+  8AFD 00          		db    0 ;  
2507+  8AFE 00          		db    0 ;  
2508+  8AFF 00          		db    0 ;  
2509+  8B00 00          		db    0 ;  
2510+  8B01 00          		db    0 ;  
2511+  8B02 00          		db    0 ;  
2512+  8B03 00          		db    0 ;  
2513+  8B04 00          		db    0 ;  
2514+  8B05 00          		db    0 ;  
2515+  8B06 00          		db    0 ;  
2516+  8B07 00          		db    0 ;  
2517+  8B08 00          		db    0 ;  
2518+  8B09 00          		db    0 ;  
2519+  8B0A 00          		db    0 ;  
2520+  8B0B 00          		db    0 ;  
2521+  8B0C 00          		db    0 ;  
2522+  8B0D 00          		db    0 ;  
2523+  8B0E 00          		db    0 ;  
2524+  8B0F 00          		db    0 ;  
2525+  8B10 00          		db    0 ;  
2526+  8B11 00          		db    0 ;  
2527+  8B12 00          		db    0 ;  
2528+  8B13 00          		db    0 ;  
2529+  8B14 00          		db    0 ;  
2530+  8B15 00          		db    0 ;  
2531+  8B16 00          		db    0 ;  
2532+  8B17 00          		db    0 ;  
2533+  8B18 00          		db    0 ;  
2534+  8B19 00          		db    0 ;  
2535+  8B1A 00          		db    0 ;  
2536+  8B1B 00          		db    0 ;  
2537+  8B1C 00          		db    0 ;  
2538+  8B1D 00          		db    0 ;  
2539+  8B1E 00          		db    0 ;  
2540+  8B1F 00          		db    0 ;  
2541+  8B20 00          		db    0 ;  
2542+  8B21 00          		db    0 ;  
2543+  8B22 00          		db    0 ;  
2544+  8B23 00          		db    0 ;  
2545+  8B24 00          		db    0 ;  
2546+  8B25 00          		db    0 ;  
2547+  8B26 00          		db    0 ;  
2548+  8B27 00          		db    0 ;  
2549+  8B28 00          		db    0 ;  
2550+  8B29 00          		db    0 ;  
2551+  8B2A 00          		db    0 ;  
2552+  8B2B 00          		db    0 ;  
2553+  8B2C 00          		db    0 ;  
2554+  8B2D 00          		db    0 ;  
2555+  8B2E 00          		db    0 ;  
2556+  8B2F 00          		db    0 ;  
2557+  8B30 00          		db    0 ;  
2558+  8B31 00          		db    0 ;  
2559+  8B32 00          		db    0 ;  
2560+  8B33 00          		db    0 ;  
2561+  8B34 00          		db    0 ;  
2562+  8B35 00          		db    0 ;  
2563+  8B36 00          		db    0 ;  
2564+  8B37 00          		db    0 ;  
2565+  8B38 00          		db    0 ;  
2566+  8B39 00          		db    0 ;  
2567+  8B3A 00          		db    0 ;  
2568+  8B3B 00          		db    0 ;  
2569+  8B3C 00          		db    0 ;  
2570+  8B3D 00          		db    0 ;  
2571+  8B3E 00          		db    0 ;  
2572+  8B3F 00          		db    0 ;  
2573+  8B40 00          		db    0 ;  
2574+  8B41 00          		db    0 ;  
2575+  8B42 00          		db    0 ;  
2576+  8B43 00          		db    0 ;  
2577+  8B44 00          		db    0 ;  
2578+  8B45 00          		db    0 ;  
2579+  8B46 00          		db    0 ;  
2580+  8B47 00          		db    0 ;  
2581+  8B48 00          		db    0 ;  
2582+  8B49 00          		db    0 ;  
2583+  8B4A 00          		db    0 ;  
2584+  8B4B 00          		db    0 ;  
2585+  8B4C 00          		db    0 ;  
2586+  8B4D 00          		db    0 ;  
2587+  8B4E 00          		db    0 ;  
2588+  8B4F 00          		db    0 ;  
2589+  8B50 00          		db    0 ;  
2590+  8B51 00          		db    0 ;  
2591+  8B52 00          		db    0 ;  
2592+  8B53 00          		db    0 ;  
2593+  8B54 00          		db    0 ;  
2594+  8B55 00          		db    0 ;  
2595+  8B56 00          		db    0 ;  
2596+  8B57 00          		db    0 ;  
2597+  8B58 00          		db    0 ;  
2598+  8B59 00          		db    0 ;  
2599+  8B5A 00          		db    0 ;  
2600+  8B5B 00          		db    0 ;  
2601+  8B5C 00          		db    0 ;  
2602+  8B5D 00          		db    0 ;  
2603+  8B5E 00          		db    0 ;  
2604+  8B5F 00          		db    0 ;  
2605+  8B60 00          		db    0 ;  
2606+  8B61 00          		db    0 ;  
2607+  8B62 00          		db    0 ;  
2608+  8B63 00          		db    0 ;  
2609+  8B64 00          		db    0 ;  
2610+  8B65 00          		db    0 ;  
2611+  8B66 00          		db    0 ;  
2612+  8B67 00          		db    0 ;  
2613+  8B68 00          		db    0 ;  
2614+  8B69 00          		db    0 ;  
2615+  8B6A 00          		db    0 ;  
2616+  8B6B 00          		db    0 ;  
2617+  8B6C 00          		db    0 ;  
2618+  8B6D 00          		db    0 ;  
2619+  8B6E 00          		db    0 ;  
2620+  8B6F 00          		db    0 ;  
2621+  8B70 00          		db    0 ;  
2622+  8B71 00          		db    0 ;  
2623+  8B72 00          		db    0 ;  
2624+  8B73 00          		db    0 ;  
2625+  8B74 00          		db    0 ;  
2626+  8B75 00          		db    0 ;  
2627+  8B76 00          		db    0 ;  
2628+  8B77 00          		db    0 ;  
2629+  8B78 00          		db    0 ;  
2630+  8B79 00          		db    0 ;  
2631+  8B7A 00          		db    0 ;  
2632+  8B7B 00          		db    0 ;  
2633+  8B7C 00          		db    0 ;  
2634+  8B7D 00          		db    0 ;  
2635+  8B7E 00          		db    0 ;  
2636+  8B7F 00          		db    0 ;  
2637+  8B80 00          		db    0 ;  
2638+  8B81 00          		db    0 ;  
2639+  8B82 00          		db    0 ;  
2640+  8B83 00          		db    0 ;  
2641+  8B84 00          		db    0 ;  
2642+  8B85 00          		db    0 ;  
2643+  8B86 00          		db    0 ;  
2644+  8B87 00          		db    0 ;  
2645+  8B88 00          		db    0 ;  
2646+  8B89 00          		db    0 ;  
2647+  8B8A 00          		db    0 ;  
2648+  8B8B 00          		db    0 ;  
2649+  8B8C 00          		db    0 ;  
2650+  8B8D 00          		db    0 ;  
2651+  8B8E 00          		db    0 ;  
2652+  8B8F 00          		db    0 ;  
2653+  8B90 00          		db    0 ;  
2654+  8B91 00          		db    0 ;  
2655+  8B92 00          		db    0 ;  
2656+  8B93 00          		db    0 ;  
2657+  8B94 00          		db    0 ;  
2658+  8B95 00          		db    0 ;  
2659+  8B96 00          		db    0 ;  
2660+  8B97 00          		db    0 ;  
2661+  8B98 00          		db    0 ;  
2662+  8B99 00          		db    0 ;  
2663+  8B9A 00          unk_0_51FC: 	db    0 ;		; DATA XREF: seg000:470Ao
2664+  8B9B 00          		db    0 ;  
2665+  8B9C 00          		db    0 ;  
2666+  8B9D 00          		db    0 ;  
2667+  8B9E 00          		db    0 ;  
2668+  8B9F 00          		db    0 ;  
2669+  8BA0 00          		db    0 ;  
2670+  8BA1 00          		db    0 ;  
2671+  8BA2 00          		db    0 ;  
2672+  8BA3 00          		db    0 ;  
2673+  8BA4 00          		db    0 ;  
2674+  8BA5 00          		db    0 ;  
2675+  8BA6 00          		db    0 ;  
2676+  8BA7 00          		db    0 ;  
2677+  8BA8 00          		db    0 ;  
2678+  8BA9 00          		db    0 ;  
2679+  8BAA 00          		db    0 ;  
2680+  8BAB 00          		db    0 ;  
2681+  8BAC 00          		db    0 ;  
2682+  8BAD 00          		db    0 ;  
2683+  8BAE 00          		db    0 ;  
2684+  8BAF 00          		db    0 ;  
2685+  8BB0 00          		db    0 ;  
2686+  8BB1 00          		db    0 ;  
2687+  8BB2 00          		db    0 ;  
2688+  8BB3 00          		db    0 ;  
2689+  8BB4 00          		db    0 ;  
2690+  8BB5 00          		db    0 ;  
2691+  8BB6 00          		db    0 ;  
2692+  8BB7 00          		db    0 ;  
2693+  8BB8 00          		db    0 ;  
2694+  8BB9 00          		db    0 ;  
2695+  8BBA 00          unk_0_521C: 	db    0 ;		; DATA XREF: sub_0_406Fo
2696+  8BBB 00          		db    0 ;  
2697+  8BBC 00          		db    0 ;  
2698+  8BBD 00          		db    0 ;  
2699+  8BBE 00          		db    0 ;  
2700+  8BBF 00          		db    0 ;  
2701+  8BC0 00          		db    0 ;  
2702+  8BC1 00          		db    0 ;  
2703+  8BC2 00          		db    0 ;  
2704+  8BC3 00          		db    0 ;  
2705+  8BC4 00          		db    0 ;  
2706+  8BC5 00          		db    0 ;  
2707+  8BC6 00          		db    0 ;  
2708+  8BC7 00          		db    0 ;  
2709+  8BC8 00          		db    0 ;  
2710+  8BC9 00          		db    0 ;  
2711+  8BCA 00          		db    0 ;  
2712+  8BCB 00          		db    0 ;  
2713+  8BCC 00          		db    0 ;  
2714+  8BCD 00          		db    0 ;  
2715+  8BCE 00          		db    0 ;  
2716+  8BCF 00          		db    0 ;  
2717+  8BD0 00          		db    0 ;  
2718+  8BD1 00          		db    0 ;  
2719+  8BD2 00          		db    0 ;  
2720+  8BD3 00          		db    0 ;  
2721+  8BD4 00          		db    0 ;  
2722+  8BD5 00          		db    0 ;  
2723+  8BD6 00          		db    0 ;  
2724+  8BD7 00          		db    0 ;  
2725+  8BD8 00          		db    0 ;  
2726+  8BD9 00          		db    0 ;  
2727+  8BDA 00          		db    0 ;  
2728+  8BDB 00          		db    0 ;  
2729+  8BDC 00          		db    0 ;  
2730+  8BDD 00          		db    0 ;  
2731+  8BDE 00          		db    0 ;  
2732+  8BDF 00          		db    0 ;  
2733+  8BE0 00          		db    0 ;  
2734+  8BE1 00          		db    0 ;  
2735+  8BE2 00          		db    0 ;  
2736+  8BE3 00          		db    0 ;  
2737+  8BE4 00          		db    0 ;  
2738+  8BE5 00          		db    0 ;  
2739+  8BE6 00          		db    0 ;  
2740+  8BE7 00          		db    0 ;  
2741+  8BE8 00          		db    0 ;  
2742+  8BE9 00          		db    0 ;  
2743+  8BEA 00          		db    0 ;  
2744+  8BEB 00          		db    0 ;  
2745+  8BEC 00          		db    0 ;  
2746+  8BED 00          		db    0 ;  
2747+  8BEE 00          		db    0 ;  
2748+  8BEF 00          		db    0 ;  
2749+  8BF0 00          		db    0 ;  
2750+  8BF1 00          		db    0 ;  
2751+  8BF2 00          		db    0 ;  
2752+  8BF3 00          		db    0 ;  
2753+  8BF4 00          		db    0 ;  
2754+  8BF5 00          		db    0 ;  
2755+  8BF6 00          		db    0 ;  
2756+  8BF7 00          		db    0 ;  
2757+  8BF8 00          		db    0 ;  
2758+  8BF9 00          		db    0 ;  
2759+  8BFA 00          		db    0 ;  
2760+  8BFB 00          		db    0 ;  
2761+  8BFC 00          		db    0 ;  
2762+  8BFD 00          		db    0 ;  
2763+  8BFE 00          		db    0 ;  
2764+  8BFF 00          		db    0 ;  
2765+  8C00 00          		db    0 ;  
2766+  8C01 00          		db    0 ;  
2767+  8C02 00          		db    0 ;  
2768+  8C03 00          		db    0 ;  
2769+  8C04 00          		db    0 ;  
2770+  8C05 00          		db    0 ;  
2771+  8C06 00          		db    0 ;  
2772+  8C07 00          		db    0 ;  
2773+  8C08 00          		db    0 ;  
2774+  8C09 00          		db    0 ;  
2775+  8C0A 00          		db    0 ;  
2776+  8C0B 00          		db    0 ;  
2777+  8C0C 00          		db    0 ;  
2778+  8C0D 00          		db    0 ;  
2779+  8C0E 00          		db    0 ;  
2780+  8C0F 00          		db    0 ;  
2781+  8C10 00          		db    0 ;  
2782+  8C11 00          		db    0 ;  
2783+  8C12 00          		db    0 ;  
2784+  8C13 00          		db    0 ;  
2785+  8C14 00          		db    0 ;  
2786+  8C15 00          		db    0 ;  
2787+  8C16 00          		db    0 ;  
2788+  8C17 00          		db    0 ;  
2789+  8C18 00          		db    0 ;  
2790+  8C19 00          		db    0 ;  
2791+  8C1A 00          		db    0 ;  
2792+  8C1B 00          		db    0 ;  
2793+  8C1C 00          		db    0 ;  
2794+  8C1D 00          		db    0 ;  
2795+  8C1E 00          		db    0 ;  
2796+  8C1F 00          		db    0 ;  
2797+  8C20 00          		db    0 ;  
2798+  8C21 00          		db    0 ;  
2799+  8C22 00          		db    0 ;  
2800+  8C23 00          		db    0 ;  
2801+  8C24 00          		db    0 ;  
2802+  8C25 00          		db    0 ;  
2803+  8C26 00          		db    0 ;  
2804+  8C27 00          		db    0 ;  
2805+  8C28 00          		db    0 ;  
2806+  8C29 00          		db    0 ;  
2807+  8C2A 00          		db    0 ;  
2808+  8C2B 00          		db    0 ;  
2809+  8C2C 00          		db    0 ;  
2810+  8C2D 00          		db    0 ;  
2811+  8C2E 00          		db    0 ;  
2812+  8C2F 00          		db    0 ;  
2813+  8C30 00          		db    0 ;  
2814+  8C31 00          		db    0 ;  
2815+  8C32 00          		db    0 ;  
2816+  8C33 00          		db    0 ;  
2817+  8C34 00          		db    0 ;  
2818+  8C35 00          		db    0 ;  
2819+  8C36 00          		db    0 ;  
2820+  8C37 00          		db    0 ;  
2821+  8C38 00          		db    0 ;  
2822+  8C39 00          		db    0 ;  
2823+  8C3A 00          		db    0 ;  
2824+  8C3B 00          		db    0 ;  
2825+  8C3C 00          		db    0 ;  
2826+  8C3D 00          		db    0 ;  
2827+  8C3E 00          		db    0 ;  
2828+  8C3F 00          		db    0 ;  
2829+  8C40 00          		db    0 ;  
2830+  8C41 00          		db    0 ;  
2831+  8C42 00          		db    0 ;  
2832+  8C43 00          		db    0 ;  
2833+  8C44 00          		db    0 ;  
2834+  8C45 00          		db    0 ;  
2835+  8C46 00          		db    0 ;  
2836+  8C47 00          		db    0 ;  
2837+  8C48 00          		db    0 ;  
2838+  8C49 00          		db    0 ;  
2839+  8C4A 00          		db    0 ;  
2840+  8C4B 00          		db    0 ;  
2841+  8C4C 00          		db    0 ;  
2842+  8C4D 00          		db    0 ;  
2843+  8C4E 00          		db    0 ;  
2844+  8C4F 00          		db    0 ;  
2845+  8C50 00          		db    0 ;  
2846+  8C51 00          		db    0 ;  
2847+  8C52 00          		db    0 ;  
2848+  8C53 00          		db    0 ;  
2849+  8C54 00          		db    0 ;  
2850+  8C55 00          		db    0 ;  
2851+  8C56 00          		db    0 ;  
2852+  8C57 00          		db    0 ;  
2853+  8C58 00          		db    0 ;  
2854+  8C59 00          		db    0 ;  
2855+  8C5A 00          		db    0 ;  
2856+  8C5B 00          		db    0 ;  
2857+  8C5C 00          		db    0 ;  
2858+  8C5D 00          		db    0 ;  
2859+  8C5E 00          		db    0 ;  
2860+  8C5F 00          		db    0 ;  
2861+  8C60 00          		db    0 ;  
2862+  8C61 00          		db    0 ;  
2863+  8C62 00          		db    0 ;  
2864+  8C63 00          		db    0 ;  
2865+  8C64 00          		db    0 ;  
2866+  8C65 00          		db    0 ;  
2867+  8C66 00          		db    0 ;  
2868+  8C67 00          		db    0 ;  
2869+  8C68 00          		db    0 ;  
2870+  8C69 00          		db    0 ;  
2871+  8C6A 00          		db    0 ;  
2872+  8C6B 00          		db    0 ;  
2873+  8C6C 00          		db    0 ;  
2874+  8C6D 00          		db    0 ;  
2875+  8C6E 00          		db    0 ;  
2876+  8C6F 00          		db    0 ;  
2877+  8C70 00          		db    0 ;  
2878+  8C71 00          		db    0 ;  
2879+  8C72 00          		db    0 ;  
2880+  8C73 00          		db    0 ;  
2881+  8C74 00          		db    0 ;  
2882+  8C75 00          		db    0 ;  
2883+  8C76 00          		db    0 ;  
2884+  8C77 00          		db    0 ;  
2885+  8C78 00          		db    0 ;  
2886+  8C79 00          		db    0 ;  
2887+  8C7A 00          		db    0 ;  
2888+  8C7B 00          		db    0 ;  
2889+  8C7C 00          		db    0 ;  
2890+  8C7D 00          		db    0 ;  
2891+  8C7E 00          		db    0 ;  
2892+  8C7F 00          		db    0 ;  
2893+  8C80 00          		db    0 ;  
2894+  8C81 00          		db    0 ;  
2895+  8C82 00          		db    0 ;  
2896+  8C83 00          		db    0 ;  
2897+  8C84 00          		db    0 ;  
2898+  8C85 00          		db    0 ;  
2899+  8C86 00          		db    0 ;  
2900+  8C87 00          		db    0 ;  
2901+  8C88 00          		db    0 ;  
2902+  8C89 00          		db    0 ;  
2903+  8C8A 00          		db    0 ;  
2904+  8C8B 00          		db    0 ;  
2905+  8C8C 00          		db    0 ;  
2906+  8C8D 00          		db    0 ;  
2907+  8C8E 00          		db    0 ;  
2908+  8C8F 00          		db    0 ;  
2909+  8C90 00          		db    0 ;  
2910+  8C91 00          		db    0 ;  
2911+  8C92 00          		db    0 ;  
2912+  8C93 00          		db    0 ;  
2913+  8C94 00          		db    0 ;  
2914+  8C95 00          		db    0 ;  
2915+  8C96 00          		db    0 ;  
2916+  8C97 00          		db    0 ;  
2917+  8C98 00          		db    0 ;  
2918+  8C99 00          		db    0 ;  
2919+  8C9A 00          		db    0 ;  
2920+  8C9B 00          		db    0 ;  
2921+  8C9C 00          		db    0 ;  
2922+  8C9D 00          		db    0 ;  
2923+  8C9E 00          		db    0 ;  
2924+  8C9F 00          		db    0 ;  
2925+  8CA0 00          		db    0 ;  
2926+  8CA1 00          		db    0 ;  
2927+  8CA2 00          		db    0 ;  
2928+  8CA3 00          		db    0 ;  
2929+  8CA4 00          		db    0 ;  
2930+  8CA5 00          		db    0 ;  
2931+  8CA6 00          		db    0 ;  
2932+  8CA7 00          		db    0 ;  
2933+  8CA8 00          		db    0 ;  
2934+  8CA9 00          		db    0 ;  
2935+  8CAA 00          		db    0 ;  
2936+  8CAB 00          		db    0 ;  
2937+  8CAC 00          		db    0 ;  
2938+  8CAD 00          		db    0 ;  
2939+  8CAE 00          		db    0 ;  
2940+  8CAF 00          		db    0 ;  
2941+  8CB0 00          		db    0 ;  
2942+  8CB1 00          		db    0 ;  
2943+  8CB2 00          		db    0 ;  
2944+  8CB3 00          		db    0 ;  
2945+  8CB4 00          		db    0 ;  
2946+  8CB5 00          		db    0 ;  
2947+  8CB6 00          unk_0_5318: 	db    0 ;		; DATA XREF: seg000:4A02o
2948+  8CB7 00          		db    0 ;  
2949+  8CB8 00          		db    0 ;  
2950+  8CB9 00          		db    0 ;  
2951+  8CBA             
2952+  8CBA             MBPlayer_xtempo: 	
2953+  8CBA 00          		ds	1		; Tempo
2954+  8CBB             MBPlayer_xhzequal: 	
2955+  8CBB 00          		ds	1		; Base frequency
2956+  8CBC             
2957+  8CBC 00          byte_0_531E: 	db 0
2958+  8CBD 00          		db    0 ;  
2959+  8CBE 00          		db    0 ;  
2960+  8CBF 00          		db    0 ;  
2961+  8CC0 00          		db    0 ;  
2962+  8CC1 00          		db    0 ;  
2963+  8CC2 00          		db    0 ;  
2964+  8CC3 00          		db    0 ;  
2965+  8CC4 00          		db    0 ;  
2966+  8CC5 00          		db    0 ;  
2967+  8CC6 00          unk_0_5328: 	db    0 ;		; DATA XREF: sub_0_4A9A+9Co
2968+  8CC7             					; sub_0_4A9A+104o
2969+  8CC7 00          		db    0 ;  
2970+  8CC8 00          		db    0 ;  
2971+  8CC9 00          		db    0 ;  
2972+  8CCA 00          		db    0 ;  
2973+  8CCB 00          		db    0 ;  
2974+  8CCC 00          		db    0 ;  
2975+  8CCD 00          		db    0 ;  
2976+  8CCE 00          		db    0 ;  
2977+  8CCF 00          		db    0 ;  
2978+  8CD0 00          		db    0 ;  
2979+  8CD1 00          		db    0 ;  
2980+  8CD2 00          		db    0 ;  
2981+  8CD3 00          		db    0 ;  
2982+  8CD4 00          		db    0 ;  
2983+  8CD5             MBPlayer_play_chvol_1: 	
2984+  8CD5 00          		db 	0
2985+  8CD6             
2986+  8CD6 00          unk_0_5338: 	db    0
2987+  8CD7 00          		db    0 ;  
2988+  8CD8 00          		db    0 ;  
2989+  8CD9 00          		db    0 ;  
2990+  8CDA 00          		db    0 ;  
2991+  8CDB 00          		db    0 ;  
2992+  8CDC 00          		db    0 ;  
2993+  8CDD 00          		db    0 ;  
2994+  8CDE 00          		db    0 ;  
2995+  8CDF 00          		db    0 ;  
2996+  8CE0 00          		db    0 ;  
2997+  8CE1 00          		db    0 ;  
2998+  8CE2 00          		db    0 ;  
2999+  8CE3 00          		db    0 ;  
3000+  8CE4 00          		db    0 ;  
3001+  8CE5 00          		db    0 ;  
3002+  8CE6 00          		db    0 ;  
3003+  8CE7 00          		db    0 ;  
3004+  8CE8 00          		db    0 ;  
3005+  8CE9 00          		db    0 ;  
3006+  8CEA 00          		db    0 ;  
3007+  8CEB 00          		db    0 ;  
3008+  8CEC 00          		db    0 ;  
3009+  8CED 00          		db    0 ;  
3010+  8CEE 00          		db    0 ;  
3011+  8CEF 00          		db    0 ;  
3012+  8CF0 00          		db    0 ;  
3013+  8CF1 00          		db    0 ;  
3014+  8CF2 00          		db    0 ;  
3015+  8CF3 00          		db    0 ;  
3016+  8CF4 00          		db    0 ;  
3017+  8CF5 00          		db    0 ;  
3018+  8CF6 00          		db    0 ;  
3019+  8CF7 00          		db    0 ;  
3020+  8CF8 00          		db    0 ;  
3021+  8CF9 00          		db    0 ;  
3022+  8CFA 00          		db    0 ;  
3023+  8CFB 00          		db    0 ;  
3024+  8CFC 00          		db    0 ;  
3025+  8CFD 00          		db    0 ;  
3026+  8CFE 00          		db    0 ;  
3027+  8CFF 00          		db    0 ;  
3028+  8D00 00          		db    0 ;  
3029+  8D01 00          		db    0 ;  
3030+  8D02 00          		db    0 ;  
3031+  8D03 00          		db    0 ;  
3032+  8D04 00          		db    0 ;  
3033+  8D05 00          		db    0 ;  
3034+  8D06 00          unk_0_5368: 	db    0 
3035+  8D07 00          		db    0 ;  
3036+  8D08 00          		db    0 ;  
3037+  8D09 00          		db    0 ;  
3038+  8D0A 00          		db    0 ;  
3039+  8D0B 00          		db    0 ;  
3040+  8D0C 00          		db    0 ;  
3041+  8D0D 00          		db    0 ;  
3042+  8D0E 00          		db    0 ;  
3043+  8D0F 00          		db    0 ;  
3044+  8D10 00          		db    0 ;  
3045+  8D11 00          		db    0 ;  
3046+  8D12 00          		db    0 ;  
3047+  8D13 00          		db    0 ;  
3048+  8D14 00          		db    0 ;  
3049+  8D15 00          		db    0 ;  
3050+  8D16 00          		db    0 ;  
3051+  8D17 00          		db    0 ;  
3052+  8D18 00          unk_0_537A: 	db    0 
3053+  8D19 00          		db    0 ;  
3054+  8D1A 00          		db    0 ;  
3055+  8D1B 00          		db    0 ;  
3056+  8D1C 00          		db    0 ;  
3057+  8D1D 00          		db    0
3058+  8D1E             MBPlayer_xwavnrs: 
3059+  8D1E 00          		ds    	32			; Wave numbers
3060+  8D3E             MBPlayer_xwavvols: 
3061+  8D3E 00          		ds	32			; Wave volumes
3062+  8D5E             
3063+  8D5E             MBPlayer_pat_address: 	
3064+  8D5E 00 00       		dw	0
3065+  8D60             MBPlayer_pos_address: 	
3066+  8D60 00 00       		dw 	0
3067+  8D62             MBPlayer_songdata_ptr: 	
3068+  8D62 00 00       		dw 	0
3069+  8D64             
3070+  8D64             		.include "freq_table_1.inc"
0001++ 8D64             ;-------------------------------------------------------------------
0002++ 8D64             ; описание:  Таблица частот
0003++ 8D64             ;---------------------------------------------------------------------
0004++ 8D64             frq_0: 		
0005++ 8D64             		dw	0,61,125,194,266,343,424,510,601,698,801,909
0005++ 8D64 00003D007D00C2000A015701A801FE015902BA0221038D03
0006++ 8D7C             frq_1: 		
0007++ 8D7C             		dw	1,62,127,195,268,345,426,512,604,700,803,912
0007++ 8D7C 01003E007F00C3000C015901AA0100025C02BC0223039003
0008++ 8D94             frq_8: 		
0009++ 8D94             		dw	8,69,134,203,276,353,435,522,614,711,814,924
0009++ 8D94 080045008600CB0014016101B3010A026602C7022E039C03
0010++ 8DAC             frq_9: 		
0011++ 8DAC             		dw	9,70,135,204,277,355,437,524,616,713,816,926
0011++ 8DAC 090046008700CC0015016301B5010C026802C90230039E03
0012++ 8DC4             frq_10: 		
0013++ 8DC4             		dw	10,71,136,205,278,356,438,525,617,714,818,927
0013++ 8DC4 0A0047008800CD0016016401B6010D026902CA0232039F03
0014++ 8DDC             frq_15: 		
0015++ 8DDC             		dw	15,77,143,212,286,364,446,533,626,724,828,938
0015++ 8DDC 0F004D008F00D4001E016C01BE0115027202D4023C03AA03
0016++ 8DF4             frq_20: 		
0017++ 8DF4             		dw	20,82,148,217,291,369,452,540,633,731,836,946
0017++ 8DF4 140052009400D90023017101C4011C027902DB024403B203
0018++ 8E0C             frq_21: 		
0019++ 8E0C             		dw	21,83,148,218,292,370,453,542,635,733,838,949
0019++ 8E0C 150053009400DA0024017201C5011E027B02DD024603B503
0020++ 8E24             frq_22: 		
0021++ 8E24             		dw	22,84,150,219,293,372,455,542,636,734,839,950
0021++ 8E24 160054009600DB0025017401C7011E027C02DE024703B603
0022++ 8E3C             frq_24: 		
0023++ 8E3C             		dw	24,86,152,222,296,375,457,545,639,737,842,953
0023++ 8E3C 180056009800DE0028017701C90121027F02E1024A03B903
0024++ 8E54             frq_26: 		
0025++ 8E54             		dw	26,88,154,224,299,377,461,549,642,741,846,958
0025++ 8E54 1A0058009A00E0002B017901CD0125028202E5024E03BE03
0026++ 8E6C             frq_27: 		
0027++ 8E6C             		dw	27,89,155,225,300,378,462,550,644,743,848,959
0027++ 8E6C 1B0059009B00E1002C017A01CE0126028402E7025003BF03
0028++ 8E84             frq_45: 		
0029++ 8E84             		dw	45,109,176,248,324,403,488,578,673,774,881,995
0029++ 8E84 2D006D00B000F80044019301E8014202A10206037103E303
0030++ 8E9C             frq_46: 		
0031++ 8E9C             		dw	46,110,177,248,324,404,489,579,674,775,882,996
0031++ 8E9C 2E006E00B100F80044019401E9014302A20207037203E403
0032++ 8EB4             frq_69: 		
0033++ 8EB4             		dw	69,134,203,276,353,435,522,614,711,815,924,8+2048
0033++ 8EB4 45008600CB0014016101B3010A026602C7022F039C030808
0034++ 8ECC             frq_70: 		
0035++ 8ECC             		dw	70,135,204,277,354,436,523,615,712,815,925,8+2048
0035++ 8ECC 46008700CC0015016201B4010B026702C8022F039D030808
0036++ 8EE4             frq_73: 		
0037++ 8EE4             		dw	73,139,208,281,359,441,528,620,718,822,932,12+2048
0037++ 8EE4 49008B00D00019016701B90110026C02CE023603A4030C08
0038++ 8EFC             frq_75: 		
0039++ 8EFC             		dw	75,141,210,283,361,444,531,623,721,825,935,14+2048
0039++ 8EFC 4B008D00D2001B016901BC0113026F02D1023903A7030E08
0040++ 8F14             frq_79: 		
0041++ 8F14             		dw	79,145,214,288,366,449,536,629,727,831,942,17+2048
0041++ 8F14 4F009100D60020016E01C10118027502D7023F03AE031108
0042++ 8F2C             frq_82: 		
0043++ 8F2C             		dw	82,147,217,291,369,452,540,633,731,835,946,20+2048
0043++ 8F2C 52009300D90023017101C4011C027902DB024303B2031408
0044++ 8F44             frq_84: 		
0045++ 8F44             		dw	84,150,219,293,372,455,543,636,734,839,950,22+2048
0045++ 8F44 54009600DB0025017401C7011F027C02DE024703B6031608
0046++ 8F5C             frq_88: 		
0047++ 8F5C             		dw	88,154,224,298,377,460,548,642,741,846,957,25+2048
0047++ 8F5C 58009A00E0002A017901CC0124028202E5024E03BD031908
0048++ 8F74             frq_89: 		
0049++ 8F74             		dw	89,155,225,299,378,461,550,643,742,847,959,26+2048
0049++ 8F74 59009B00E1002B017A01CD0126028302E6024F03BF031A08
0050++ 8F8C             frq_91: 		
0051++ 8F8C             		dw	91,157,228,302,381,465,553,647,746,851,963,29+2048
0051++ 8F8C 5B009D00E4002E017D01D10129028702EA025303C3031D08
0052++ 8FA4             frq_94: 		
0053++ 8FA4             		dw	94,161,231,306,385,469,557,651,751,857,968,31+2048
0053++ 8FA4 5E00A100E70032018101D5012D028B02EF025903C8031F08
0054++ 8FBC             frq_96: 		
0055++ 8FBC             		dw	96,162,233,308,387,471,560,654,753,859,971,33+2048
0055++ 8FBC 6000A200E90034018301D70130028E02F1025B03CB032108
0056++ 8FD4             frq_97: 		
0057++ 8FD4             		dw	97,164,235,309,389,473,562,656,756,862,974,34+2048
0057++ 8FD4 6100A400EB0035018501D90132029002F4025E03CE032208
0058++ 8FEC             frq_98: 		
0059++ 8FEC             		dw	98,165,236,311,390,474,563,657,757,863,976,35+2048
0059++ 8FEC 6200A500EC0037018601DA0133029102F5025F03D0032308
0060++ 9004             frq_113: 	
0061++ 9004             		dw	113,180,252,328,408,493,583,679,780,887,1001,49+2048
0061++ 9004 7100B400FC0048019801ED014702A7020C037703E9033108
0062++ 901C             frq_118: 	
0063++ 901C             		dw	118,186,257,334,415,501,591,687,789,897,1011,54+2048
0063++ 901C 7600BA0001014E019F01F5014F02AF0215038103F3033608
0064++ 9034             frq_135: 	
0065++ 9034             		dw	135,204,277,355,437,524,616,713,816,926,9+2048,70+2048
0065++ 9034 8700CC0015016301B5010C026802C90230039E0309084608
0066++ 904C             frq_141: 	
0067++ 904C             		dw	141,210,283,361,443,530,623,721,825,935,13+2048,75+2048
0067++ 904C 8D00D2001B016901BB0112026F02D1023903A7030D084B08
0068++ 9064             frq_143: 	
0069++ 9064             		dw	143,212,286,363,446,533,626,724,828,938,15+2048,77+2048
0069++ 9064 8F00D4001E016B01BE0115027202D4023C03AA030F084D08
0070++ 907C             frq_155: 	
0071++ 907C             		dw	155,225,299,376,461,549,643,742,847,959,26+2048,89+2048
0071++ 907C 9B00E1002B017801CD0125028302E6024F03BF031A085908
0072++ 9094             frq_156: 	
0073++ 9094             		dw	156,226,300,379,462,551,644,744,849,960,27+2048,89+2048
0073++ 9094 9C00E2002C017B01CE0127028402E8025103C0031B085908
0074++ 90AC             frq_167: 	
0075++ 90AC             		dw	167,237,312,392,476,565,660,760,866,978,37+2048,100+2048
0075++ 90AC A700ED0038018801DC0135029402F8026203D20325086408
0076++ 90C4             frq_184: 	
0077++ 90C4             		dw	184,256,332,413,499,589,685,787,894,1008,53+2048,117+2048
0077++ 90C4 B80000014C019D01F3014D02AD0213037E03F00335087508
0078++ 90DC             frq_187: 	
0079++ 90DC             		dw	187,259,336,417,502,593,689,791,899,1013,55+2048,119+2048
0079++ 90DC BB0003015001A101F6015102B10217038303F50337087708
0080++ 90F4             frq_188: 	
0081++ 90F4             		dw	188,260,336,417,503,593,690,792,899,1014,56+2048,120+2048
0081++ 90F4 BC0004015001A101F7015102B20218038303F60338087808
0082++ 910C             frq_191: 	
0083++ 910C             		dw	191,263,340,421,507,598,694,796,905,1019,58+2048,123+2048
0083++ 910C BF0007015401A501FB015602B6021C038903FB033A087B08
0084++ 9124             frq_192: 	
0085++ 9124             		dw	192,264,341,422,508,599,696,798,906,1021,59+2048,124+2048
0085++ 9124 C00008015501A601FC015702B8021E038A03FD033B087C08
0086++ 913C             frq_195: 	
0087++ 913C             		dw	195,267,344,425,512,603,700,802,911,1+2048,62+2048,126+2048
0087++ 913C C3000B015801A90100025B02BC0222038F0301083E087E08
0088++ 9154             frq_202: 	
0089++ 9154             		dw	202,275,352,434,521,613,710,813,922,7+2048,68+2048,133+2048
0089++ 9154 CA0013016001B20109026502C6022D039A03070844088508
0090++ 916C             frq_203: 	
0091++ 916C             		dw	203,276,353,435,522,614,711,815,924,8+2048,69+2048,134+2048
0091++ 916C CB0014016101B3010A026602C7022F039C03080845088608
0092++ 9184             frq_204: 	
0093++ 9184             		dw	204,277,354,436,523,615,712,815,925,8+2048,70+2048,135+2048
0093++ 9184 CC0015016201B4010B026702C8022F039D03080846088708
0094++ 919C             frq_206: 	
0095++ 919C             		dw	206,279,356,438,525,618,715,819,928,10+2048,72+2048,137+2048
0095++ 919C CE0017016401B6010D026A02CB023303A0030A0848088908
0096++ 91B4             frq_208: 	
0097++ 91B4             		dw	208,281,359,441,528,621,718,822,932,12+2048,74+2048,139+2048
0097++ 91B4 D00019016701B90110026D02CE023603A4030C084A088B08
0098++ 91CC             frq_211: 	
0099++ 91CC             		dw	211,284,362,445,532,624,722,826,936,14+2048,76+2048,142+2048
0099++ 91CC D3001C016A01BD0114027002D2023A03A8030E084C088E08
0100++ 91E4             frq_214: 	
0101++ 91E4             		dw	214,288,366,449,536,629,727,831,942,17+2048,79+2048,145+2048
0101++ 91E4 D60020016E01C10118027502D7023F03AE0311084F089108
0102++ 91FC             frq_215: 	
0103++ 91FC             		dw	215,289,367,450,538,630,729,833,943,18+2048,80+2048,146+2048
0103++ 91FC D70021016F01C2011A027602D9024103AF03120850089208
0104++ 9214             frq_216: 	
0105++ 9214             		dw	216,289,368,450,538,631,729,834,944,19+2048,80+2048,146+2048
0105++ 9214 D80021017001C2011A027702D9024203B003130850089208
0106++ 922C             frq_217: 	
0107++ 922C             		dw	217,291,369,452,540,633,731,835,946,20+2048,82+2048,147+2048
0107++ 922C D90023017101C4011C027902DB024303B203140852089308
0108++ 9244             frq_219: 	
0109++ 9244             		dw	219,293,372,455,543,636,734,839,950,22+2048,84+2048,150+2048
0109++ 9244 DB0025017401C7011F027C02DE024703B603160854089608
0110++ 925C             frq_220: 	
0111++ 925C             		dw	220,294,373,456,544,637,736,841,951,22+2048,85+2048,151+2048
0111++ 925C DC0026017501C80120027D02E0024903B703160855089708
0112++ 9274             frq_221: 	
0113++ 9274             		dw	221,296,374,457,545,639,737,842,953,23+2048,86+2048,152+2048
0113++ 9274 DD0028017601C90121027F02E1024A03B903170856089808
0114++ 928C             frq_228: 	
0115++ 928C             		dw	228,302,381,465,553,647,747,852,963,29+2048,91+2048,158+2048
0115++ 928C E4002E017D01D10129028702EB025403C3031D085B089E08
0116++ 92A4             frq_231: 	
0117++ 92A4             		dw	231,305,384,468,557,651,750,856,967,31+2048,94+2048,160+2048
0117++ 92A4 E70031018001D4012D028B02EE025803C7031F085E08A008
0118++ 92BC             frq_242: 	
0119++ 92BC             		dw	242,317,397,481,571,666,766,873,985,40+2048,104+2048,171+2048
0119++ 92BC F2003D018D01E1013B029A02FE026903D90328086808AB08
0120++ 92D4             frq_254: 	
0121++ 92D4             		dw	254,330,410,495,586,681,783,890,1004,50+2048,114+2048,182+2048
0121++ 92D4 FE004A019A01EF014A02A9020F037A03EC0332087208B608
0122++ 92EC             frq_261: 	
0123++ 92EC             		dw	261,337,418,504,595,691,793,901,1016,56+2048,121+2048,189+2048
0123++ 92EC 05015101A201F8015302B30219038503F80338087908BD08
0124++ 9304             frq_264: 	
0125++ 9304             		dw	264,341,422,508,599,695,797,906,1020,59+2048,123+2048,192+2048
0125++ 9304 08015501A601FC015702B7021D038A03FC033B087B08C008
0126++ 931C             frq_273: 	
0127++ 931C             		dw	273,350,432,519,610,708,810,920,6+2048,67+2048,132+2048,200+2048
0127++ 931C 11015E01B00107026202C4022A039803060843088408C808
0128++ 9334             frq_274: 	
0129++ 9334             		dw	274,351,433,519,611,708,811,920,6+2048,67+2048,132+2048,201+2048
0129++ 9334 12015F01B10107026302C4022B039803060843088408C908
0130++ 934C             frq_282: 	
0131++ 934C             		dw	282,360,442,529,621,719,823,933,13+2048,74+2048,139+2048,209+2048
0131++ 934C 1A016801BA0111026D02CF023703A5030D084A088B08D108
0132++ 9364             frq_286: 	
0133++ 9364             		dw	286,363,446,533,626,724,828,938,15+2048,77+2048,143+2048,212+2048
0133++ 9364 1E016B01BE0115027202D4023C03AA030F084D088F08D408
0134++ 937C             frq_287: 	
0135++ 937C             		dw	287,365,447,535,627,726,830,940,16+2048,78+2048,144+2048,213+2048
0135++ 937C 1F016D01BF0117027302D6023E03AC0310084E089008D508
0136++ 9394             frq_288: 	
0137++ 9394             		dw	288,366,449,536,629,727,831,942,17+2048,79+2048,145+2048,214+2048
0137++ 9394 20016E01C10118027502D7023F03AE0311084F089108D608
0138++ 93AC             frq_290: 	
0139++ 93AC             		dw	290,368,451,539,632,730,835,945,19+2048,81+2048,147+2048,216+2048
0139++ 93AC 22017001C3011B027802DA024303B103130851089308D808
0140++ 93C4             frq_291: 	
0141++ 93C4             		dw	291,370,453,540,633,731,836,946,20+2048,82+2048,148+2048,217+2048
0141++ 93C4 23017201C5011C027902DB024403B203140852089408D908
0142++ 93DC             frq_299: 	
0143++ 93DC             		dw	299,378,461,550,643,742,848,959,26+2048,89+2048,155+2048,225+2048
0143++ 93DC 2B017A01CD0126028302E6025003BF031A0859089B08E108
0144++ 93F4             frq_311: 	
0145++ 93F4             		dw	311,391,475,564,658,758,864,977,36+2048,99+2048,166+2048,236+2048
0145++ 93F4 37018701DB0134029202F6026003D10324086308A608EC08
0146++ 940C             frq_314: 	
0147++ 940C             		dw	314,394,478,567,662,762,868,981,38+2048,101+2048,168+2048,239+2048
0147++ 940C 3A018A01DE0137029602FA026403D50326086508A808EF08
0148++ 9424             frq_317: 	
0149++ 9424             		dw	317,397,481,571,666,766,873,986,41+2048,104+2048,171+2048,242+2048
0149++ 9424 3D018D01E1013B029A02FE026903DA0329086808AB08F208
0150++ 943C             frq_333: 	
0151++ 943C             		dw	333,414,500,590,686,788,896,1010,53+2048,117+2048,185+2048,257+2048
0151++ 943C 4D019E01F4014E02AE0214038003F20335087508B9080109
0152++ 9454             frq_335: 	
0153++ 9454             		dw	335,416,502,593,689,791,899,1013,55+2048,119+2048,187+2048,259+2048
0153++ 9454 4F01A001F6015102B10217038303F50337087708BB080309
0154++ 946C             frq_338: 	
0155++ 946C             		dw	338,419,505,596,692,794,902,1016,56+2048,121+2048,189+2048,261+2048
0155++ 946C 5201A301F9015402B4021A038603F80338087908BD080509
0156++ 9484             frq_340: 	
0157++ 9484             		dw	340,421,507,598,694,796,905,1019,58+2048,123+2048,191+2048,263+2048
0157++ 9484 5401A501FB015602B6021C038903FB033A087B08BF080709
0158++ 949C             frq_341: 	
0159++ 949C             		dw	341,422,508,599,696,798,906,1021,59+2048,124+2048,192+2048,264+2048
0159++ 949C 5501A601FC015702B8021E038A03FD033B087C08C0080809
0160++ 94B4             frq_342: 	
0161++ 94B4             		dw	342,423,509,600,697,799,907,1022,60+2048,125+2048,193+2048,265+2048
0161++ 94B4 5601A701FD015802B9021F038B03FE033C087D08C1080909
0162++ 94CC             frq_343: 	
0163++ 94CC             		dw	343,425,511,602,699,801,910,0+2048,61+2048,126+2048,195+2048,267+2048
0163++ 94CC 5701A901FF015A02BB0221038E0300083D087E08C3080B09
0164++ 94E4             frq_345: 	
0165++ 94E4             		dw	345,427,513,604,701,804,913,2+2048,63+2048,127+2048,196+2048,268+2048
0165++ 94E4 5901AB0101025C02BD022403910302083F087F08C4080C09
0166++ 94FC             frq_348: 	
0167++ 94FC             		dw	348,429,516,607,704,806,915,3+2048,64+2048,129+2048,198+2048,271+2048
0167++ 94FC 5C01AD0104025F02C00226039303030840088108C6080F09
0168++ 9514             frq_350: 	
0169++ 9514             		dw	350,430,518,609,705,808,917,4+2048,65+2048,130+2048,199+2048,272+2048
0169++ 9514 5E01AE0106026102C10228039503040841088208C7081009
0170++ 952C             frq_352: 	
0171++ 952C             		dw	352,434,521,613,710,813,922,7+2048,68+2048,133+2048,202+2048,275+2048
0171++ 952C 6001B20109026502C6022D039A03070844088508CA081309
0172++ 9544             frq_354: 	
0173++ 9544             		dw	354,436,523,615,712,815,925,8+2048,70+2048,135+2048,204+2048,277+2048
0173++ 9544 6201B4010B026702C8022F039D03080846088708CC081509
0174++ 955C             frq_355: 	
0175++ 955C             		dw	355,437,524,616,713,816,926,9+2048,70+2048,135+2048,204+2048,277+2048
0175++ 955C 6301B5010C026802C90230039E03090846088708CC081509
0176++ 9574             frq_356: 	
0177++ 9574             		dw	356,438,525,617,714,818,927,10+2048,71+2048,136+2048,205+2048,278+2048
0177++ 9574 6401B6010D026902CA0232039F030A0847088808CD081609
0178++ 958C             frq_357: 	
0179++ 958C             		dw	357,439,526,618,716,820,929,11+2048,72+2048,137+2048,206+2048,279+2048
0179++ 958C 6501B7010E026A02CC023403A1030B0848088908CE081709
0180++ 95A4             frq_358: 	
0181++ 95A4             		dw	358,441,528,620,718,821,931,12+2048,73+2048,138+2048,207+2048,281+2048
0181++ 95A4 6601B90110026C02CE023503A3030C0849088A08CF081909
0182++ 95BC             frq_360: 	
0183++ 95BC             		dw	360,443,530,622,720,824,934,13+2048,75+2048,140+2048,209+2048,283+2048
0183++ 95BC 6801BB0112026E02D0023803A6030D084B088C08D1081B09
0184++ 95D4             frq_361: 	
0185++ 95D4             		dw	361,443,531,623,722,825,935,14+2048,76+2048,141+2048,211+2048,284+2048
0185++ 95D4 6901BB0113026F02D2023903A7030E084C088D08D3081C09
0186++ 95EC             frq_363: 	
0187++ 95EC             		dw	363,445,533,625,723,827,937,15+2048,77+2048,142+2048,211+2048,285+2048
0187++ 95EC 6B01BD0115027102D3023B03A9030F084D088E08D3081D09
0188++ 9604             frq_364: 	
0189++ 9604             		dw	364,447,534,627,725,829,939,16+2048,78+2048,144+2048,213+2048,286+2048
0189++ 9604 6C01BF0116027302D5023D03AB0310084E089008D5081E09
0190++ 961C             frq_365: 	
0191++ 961C             		dw	365,447,535,627,726,830,940,16+2048,78+2048,144+2048,213+2048,287+2048
0191++ 961C 6D01BF0117027302D6023E03AC0310084E089008D5081F09
0192++ 9634             frq_366: 	
0193++ 9634             		dw	366,449,536,629,727,831,942,17+2048,79+2048,145+2048,214+2048,288+2048
0193++ 9634 6E01C10118027502D7023F03AE0311084F089108D6082009
0194++ 964C             frq_367: 	
0195++ 964C             		dw	367,450,537,630,729,833,943,18+2048,80+2048,146+2048,216+2048,289+2048
0195++ 964C 6F01C20119027602D9024103AF03120850089208D8082109
0196++ 9664             frq_369: 	
0197++ 9664             		dw	369,452,540,633,731,835,946,20+2048,82+2048,147+2048,217+2048,291+2048
0197++ 9664 7101C4011C027902DB024303B203140852089308D9082309
0198++ 967C             frq_370: 	
0199++ 967C             		dw	370,453,541,634,732,837,947,20+2048,82+2048,148+2048,218+2048,292+2048
0199++ 967C 7201C5011D027A02DC024503B303140852089408DA082409
0200++ 9694             frq_373: 	
0201++ 9694             		dw	373,457,545,638,737,841,952,23+2048,85+2048,151+2048,221+2048,295+2048
0201++ 9694 7501C90121027E02E1024903B803170855089708DD082709
0202++ 96AC             frq_378: 	
0203++ 96AC             		dw	378,462,550,644,743,848,959,27+2048,89+2048,155+2048,225+2048,300+2048
0203++ 96AC 7A01CE0126028402E7025003BF031B0859089B08E1082C09
0204++ 96C4             frq_379: 	
0205++ 96C4             		dw	378,463,551,645,744,849,960,27+2048,90+2048,156+2048,226+2048,300+2048
0205++ 96C4 7A01CF0127028502E8025103C0031B085A089C08E2082C09
0206++ 96DC             frq_381: 	
0207++ 96DC             		dw	381,465,553,647,747,852,963,29+2048,91+2048,158+2048,228+2048,302+2048
0207++ 96DC 7D01D10129028702EB025403C3031D085B089E08E4082E09
0208++ 96F4             frq_385: 	
0209++ 96F4             		dw	385,469,558,652,752,857,969,32+2048,95+2048,161+2048,232+2048,306+2048
0209++ 96F4 8101D5012E028C02F0025903C90320085F08A108E8083209
0210++ 970C             frq_433: 	
0211++ 970C             		dw	433,520,612,709,812,921,7+2048,68+2048,133+2048,202+2048,274+2048,352+2048
0211++ 970C B10108026402C5022C039903070844088508CA0812096009
0212++ 9724             frq_434: 	
0213++ 9724             		dw	434,521,613,710,813,922,7+2048,68+2048,133+2048,202+2048,275+2048,352+2048
0213++ 9724 B20109026502C6022D039A03070844088508CA0813096009
0214++ 973C             frq_436: 	
0215++ 973C             		dw	436,523,615,712,815,925,8+2048,70+2048,135+2048,204+2048,277+2048,354+2048
0215++ 973C B4010B026702C8022F039D03080846088708CC0815096209
0216++ 9754             frq_442: 	
0217++ 9754             		dw	442,529,621,719,823,933,12+2048,74+2048,139+2048,209+2048,282+2048,360+2048
0217++ 9754 BA0111026D02CF023703A5030C084A088B08D1081A096809
0218++ 976C             frq_443: 	
0219++ 976C             		dw	443,530,622,720,824,934,13+2048,75+2048,140+2048,209+2048,283+2048,360+2048
0219++ 976C BB0112026E02D0023803A6030D084B088C08D1081B096809
0220++ 9784             frq_445: 	
0221++ 9784             		dw	445,532,624,723,826,936,14+2048,76+2048,142+2048,211+2048,284+2048,362+2048
0221++ 9784 BD0114027002D3023A03A8030E084C088E08D3081C096A09
0222++ 979C             frq_448: 	
0223++ 979C             		dw	448,535,628,726,830,941,17+2048,79+2048,144+2048,214+2048,287+2048,365+2048
0223++ 979C C00117027402D6023E03AD0311084F089008D6081F096D09
0224++ 97B4             frq_450: 	
0225++ 97B4             		dw	450,538,631,730,834,944,19+2048,81+2048,146+2048,216+2048,290+2048,368+2048
0225++ 97B4 C2011A027702DA024203B003130851089208D80822097009
0226++ 97CC             frq_455: 	
0227++ 97CC             		dw	455,543,637,735,840,951,22+2048,84+2048,150+2048,220+2048,294+2048,372+2048
0227++ 97CC C7011F027D02DF024803B703160854089608DC0826097409
0228++ 97E4             frq_459: 	
0229++ 97E4             		dw	459,547,640,739,844,955,24+2048,87+2048,153+2048,223+2048,297+2048,375+2048
0229++ 97E4 CB0123028002E3024C03BB03180857089908DF0829097709
0230++ 97FC             frq_460: 	
0231++ 97FC             		dw	460,548,641,740,845,957,25+2048,88+2048,154+2048,224+2048,298+2048,376+2048
0231++ 97FC CC0124028102E4024D03BD03190858089A08E0082A097809
0232++ 9814             frq_461: 	
0233++ 9814             		dw	461,549,642,741,846,958,26+2048,88+2048,154+2048,224+2048,299+2048,377+2048
0233++ 9814 CD0125028202E5024E03BE031A0858089A08E0082B097909
0234++ 982C             frq_462: 	
0235++ 982C             		dw	462,550,644,743,848,959,27+2048,89+2048,155+2048,225+2048,300+2048,378+2048
0235++ 982C CE0126028402E7025003BF031B0859089B08E1082C097A09
0236++ 9844             frq_480: 	
0237++ 9844             		dw	480,569,664,764,870,983,39+2048,102+2048,169+2048,240+2048,316+2048,395+2048
0237++ 9844 E00139029802FC026603D70327086608A908F0083C098B09
0238++ 985C             frq_507: 	
0239++ 985C             		dw	507,598,694,796,905,1019,58+2048,123+2048,191+2048,263+2048,340+2048,421+2048
0239++ 985C FB015602B6021C038903FB033A087B08BF0807095409A509
0240++ 9874             frq_508: 	
0241++ 9874             		dw	508,599,695,797,905,1019,58+2048,123+2048,191+2048,264+2048,341+2048,422+2048
0241++ 9874 FC015702B7021D038903FB033A087B08BF0808095509A609
0242++ 988C             frq_519: 	
0243++ 988C             		dw	519,611,708,811,920,6+2048,67+2048,132+2048,201+2048,274+2048,351+2048,433+2048
0243++ 988C 07026302C4022B039803060843088408C90812095F09B109
0244++ 98A4             frq_531: 	
0245++ 98A4             		dw	531,623,721,825,935,14+2048,76+2048,141+2048,210+2048,284+2048,362+2048,444+2048
0245++ 98A4 13026F02D1023903A7030E084C088D08D2081C096A09BC09
0246++ 98BC             frq_532: 	
0247++ 98BC             		dw	532,624,722,826,936,14+2048,76+2048,141+2048,211+2048,284+2048,362+2048,445+2048
0247++ 98BC 14027002D2023A03A8030E084C088D08D3081C096A09BD09
0248++ 98D4             frq_538: 	
0249++ 98D4             		dw	538,631,730,834,944,19+2048,81+2048,146+2048,216+2048,290+2048,368+2048,451+2048
0249++ 98D4 1A027702DA024203B003130851089208D80822097009C309
0250++ 98EC             frq_545: 	
0251++ 98EC             		dw	545,639,737,842,953,23+2048,86+2048,152+2048,221+2048,296+2048,374+2048,457+2048
0251++ 98EC 21027F02E1024A03B903170856089808DD0828097609C909
0252++ 9904             frq_548: 	
0253++ 9904             		dw	548,642,741,846,957,25+2048,88+2048,154+2048,224+2048,298+2048,377+2048,460+2048
0253++ 9904 24028202E5024E03BD03190858089A08E0082A097909CC09
0254++ 991C             frq_550: 	
0255++ 991C             		dw	550,643,742,848,959,26+2048,89+2048,155+2048,225+2048,299+2048,378+2048,461+2048
0255++ 991C 26028302E6025003BF031A0859089B08E1082B097A09CD09
0256++ 9934             frq_552: 	
0257++ 9934             		dw	552,645,745,850,961,28+2048,90+2048,156+2048,227+2048,301+2048,380+2048,463+2048
0257++ 9934 28028502E9025203C1031C085A089C08E3082D097C09CF09
0258++ 994C             frq_555: 	
0259++ 994C             		dw	555,648,748,853,965,30+2048,92+2048,159+2048,229+2048,304+2048,383+2048,467+2048
0259++ 994C 2B028802EC025503C5031E085C089F08E50830097F09D309
0260++ 9964             frq_556: 	
0261++ 9964             		dw	556,650,749,855,967,30+2048,93+2048,160+2048,231+2048,305+2048,384+2048,467+2048
0261++ 9964 2C028A02ED025703C7031E085D08A008E70831098009D309
0262++ 997C             frq_557: 	
0263++ 997C             		dw	557,651,750,856,967,31+2048,94+2048,160+2048,231+2048,305+2048,384+2048,468+2048
0263++ 997C 2D028B02EE025803C7031F085E08A008E70831098009D409
0264++ 9994             frq_558: 	
0265++ 9994             		dw	558,652,752,857,969,32+2048,95+2048,161+2048,232+2048,306+2048,385+2048,469+2048
0265++ 9994 2E028C02F0025903C90320085F08A108E80832098109D509
0266++ 99AC             frq_559: 	
0267++ 99AC             		dw	559,653,753,858,970,32+2048,95+2048,162+2048,232+2048,307+2048,386+2048,470+2048
0267++ 99AC 2F028D02F1025A03CA0320085F08A208E80833098209D609
0268++ 99C4             frq_560: 	
0269++ 99C4             		dw	560,654,753,859,971,33+2048,96+2048,162+2048,233+2048,308+2048,387+2048,471+2048
0269++ 99C4 30028E02F1025B03CB0321086008A208E90834098309D709
0270++ 99DC             frq_579: 	
0271++ 99DC             		dw	579,674,775,882,996,46+2048,110+2048,177+2048,248+2048,324+2048,404+2048,489+2048
0271++ 99DC 4302A20207037203E4032E086E08B108F80844099409E909
0272++ 99F4             frq_616: 	
0273++ 99F4             		dw	616,713,816,926,9+2048,70+2048,135+2048,204+2048,277+2048,355+2048,437+2048,524+2048
0273++ 99F4 6802C90230039E03090846088708CC0815096309B5090C0A
0274++ 9A0C             frq_627: 	
0275++ 9A0C             		dw	627,725,829,939,16+2048,78+2048,143+2048,213+2048,286+2048,364+2048,447+2048,534+2048
0275++ 9A0C 7302D5023D03AB0310084E088F08D5081E096C09BF09160A
0276++ 9A24             frq_630: 	
0277++ 9A24             		dw	630,729,833,943,18+2048,80+2048,146+2048,215+2048,289+2048,367+2048,450+2048,538+2048
0277++ 9A24 7602D9024103AF03120850089208D70821096F09C2091A0A
0278++ 9A3C             frq_639: 	
0279++ 9A3C             		dw	639,738,843,954,24+2048,86+2048,152+2048,222+2048,296+2048,375+2048,458+2048,546+2048
0279++ 9A3C 7F02E2024B03BA03180856089808DE0828097709CA09220A
0280++ 9A54             frq_641: 	
0281++ 9A54             		dw	641,740,845,957,25+2048,88+2048,154+2048,224+2048,298+2048,376+2048,460+2048,548+2048
0281++ 9A54 8102E4024D03BD03190858089A08E0082A097809CC09240A
0282++ 9A6C             frq_645: 	
0283++ 9A6C             		dw	645,744,849,960,27+2048,90+2048,156+2048,226+2048,300+2048,380+2048,463+2048,552+2048
0283++ 9A6C 8502E8025103C0031B085A089C08E2082C097C09CF09280A
0284++ 9A84             frq_650: 	
0285++ 9A84             		dw	650,749,855,967,30+2048,93+2048,160+2048,230+2048,305+2048,384+2048,467+2048,556+2048
0285++ 9A84 8A02ED025703C7031E085D08A008E60831098009D3092C0A
0286++ 9A9C             frq_653: 	
0287++ 9A9C             		dw	653,753,858,970,32+2048,95+2048,162+2048,232+2048,307+2048,386+2048,470+2048,559+2048
0287++ 9A9C 8D02F1025A03CA0320085F08A208E80833098209D6092F0A
0288++ 9AB4             frq_654: 	
0289++ 9AB4             		dw	654,754,859,971,33+2048,96+2048,163+2048,233+2048,308+2048,387+2048,471+2048,560+2048
0289++ 9AB4 8E02F2025B03CB0321086008A308E90834098309D709300A
0290++ 9ACC             frq_677: 	
0291++ 9ACC             		dw	677,778,886,999,48+2048,112+2048,179+2048,251+2048,326+2048,407+2048,492+2048,582+2048
0291++ 9ACC A5020A037603E70330087008B308FB0846099709EC09460A
0292++ 9AE4             frq_679: 	
0293++ 9AE4             		dw	679,781,888,1002,49+2048,113+2048,180+2048,252+2048,328+2048,408+2048,494+2048,584+2048
0293++ 9AE4 A7020D037803EA0331087108B408FC0848099809EE09480A
0294++ 9AFC             frq_698: 	
0295++ 9AFC             		dw	698,801,909,0+2048,61+2048,125+2048,194+2048,266+2048,343+2048,424+2048,510+2048,601+2048
0295++ 9AFC BA0221038D0300083D087D08C2080A095709A809FE09590A
0296++ 9B14             frq_701: 	
0297++ 9B14             		dw	701,805,913,2+2048,63+2048,127+2048,196+2048,268+2048,345+2048,427+2048,513+2048,604+2048
0297++ 9B14 BD022503910302083F087F08C4080C095909AB09010A5C0A
0298++ 9B2C             frq_704: 	
0299++ 9B2C             		dw	704,807,916,4+2048,65+2048,130+2048,198+2048,271+2048,348+2048,429+2048,516+2048,607+2048
0299++ 9B2C C00227039403040841088208C6080F095C09AD09040A5F0A
0300++ 9B44             frq_708: 	
0301++ 9B44             		dw	708,810,920,6+2048,67+2048,132+2048,200+2048,273+2048,350+2048,432+2048,519+2048,610+2048
0301++ 9B44 C4022A039803060843088408C80811095E09B009070A620A
0302++ 9B5C             frq_715: 	
0303++ 9B5C             		dw	715,819,928,10+2048,72+2048,137+2048,206+2048,279+2048,356+2048,438+2048,525+2048,618+2048
0303++ 9B5C CB023303A0030A0848088908CE0817096409B6090D0A6A0A
0304++ 9B74             frq_721: 	
0305++ 9B74             		dw	721,825,935,13+2048,75+2048,141+2048,210+2048,283+2048,361+2048,443+2048,530+2048,623+2048
0305++ 9B74 D1023903A7030D084B088D08D2081B096909BB09120A6F0A
0306++ 9B8C             frq_726: 	
0307++ 9B8C             		dw	726,830,941,17+2048,79+2048,144+2048,214+2048,287+2048,365+2048,448+2048,535+2048,628+2048
0307++ 9B8C D6023E03AD0311084F089008D6081F096D09C009170A740A
0308++ 9BA4             frq_727: 	
0309++ 9BA4             		dw	727,831,942,18+2048,80+2048,145+2048,215+2048,288+2048,367+2048,449+2048,536+2048,629+2048
0309++ 9BA4 D7023F03AE03120850089108D70820096F09C109180A750A
0310++ 9BBC             frq_733: 	
0311++ 9BBC             		dw	733,838,949,21+2048,83+2048,149+2048,219+2048,293+2048,371+2048,454+2048,542+2048,635+2048
0311++ 9BBC DD024603B503150853089508DB0825097309C6091E0A7B0A
0312++ 9BD4             frq_737: 	
0313++ 9BD4             		dw	737,842,953,23+2048,86+2048,152+2048,221+2048,296+2048,374+2048,457+2048,545+2048,639+2048
0313++ 9BD4 E1024A03B903170856089808DD0828097609C909210A7F0A
0314++ 9BEC             frq_750: 	
0315++ 9BEC             		dw	750,855,967,31+2048,93+2048,160+2048,230+2048,305+2048,384+2048,467+2048,556+2048,650+2048
0315++ 9BEC EE025703C7031F085D08A008E60831098009D3092C0A8A0A
0316++ 9C04             frq_775: 	
0317++ 9C04             		dw	775,882,996,46+2048,110+2048,177+2048,248+2048,324+2048,404+2048,489+2048,579+2048,674+2048
0317++ 9C04 07037203E4032E086E08B108F80844099409E909430AA20A
0318++ 9C1C             frq_809: 	
0319++ 9C1C             		dw	809,918,5+2048,66+2048,131+2048,199+2048,272+2048,349+2048,431+2048,517+2048,609+2048,706+2048
0319++ 9C1C 29039603050842088308C70810095D09AF09050A610AC20A
0320++ 9C34             frq_810: 	
0321++ 9C34             		dw	810,919,5+2048,66+2048,131+2048,200+2048,273+2048,350+2048,431+2048,518+2048,610+2048,707+2048
0321++ 9C34 2A039703050842088308C80811095E09AF09060A620AC30A
0322++ 9C4C             frq_811: 	
0323++ 9C4C             		dw	811,920,6+2048,67+2048,132+2048,201+2048,274+2048,351+2048,433+2048,519+2048,611+2048,708+2048
0323++ 9C4C 2B039803060843088408C90812095F09B109070A630AC40A
0324++ 9C64             frq_815: 	
0325++ 9C64             		dw	815,925,8+2048,70+2048,135+2048,204+2048,277+2048,354+2048,436+2048,523+2048,615+2048,712+2048
0325++ 9C64 2F039D03080846088708CC0815096209B4090B0A670AC80A
0326++ 9C7C             frq_820: 	
0327++ 9C7C             		dw	820,929,11+2048,72+2048,137+2048,206+2048,280+2048,357+2048,439+2048,526+2048,618+2048,716+2048
0327++ 9C7C 3403A1030B0848088908CE0818096509B7090E0A6A0ACC0A
0328++ 9C94             frq_822: 	
0329++ 9C94             		dw	822,932,12+2048,73+2048,139+2048,208+2048,281+2048,359+2048,441+2048,528+2048,620+2048,718+2048
0329++ 9C94 3603A4030C0849088B08D00819096709B909100A6C0ACE0A
0330++ 9CAC             frq_823: 	
0331++ 9CAC             		dw	823,933,13+2048,74+2048,139+2048,209+2048,282+2048,360+2048,442+2048,529+2048,621+2048,719+2048
0331++ 9CAC 3703A5030D084A088B08D1081A096809BA09110A6D0ACF0A
0332++ 9CC4             frq_824: 	
0333++ 9CC4             		dw	824,934,13+2048,75+2048,140+2048,209+2048,283+2048,360+2048,443+2048,530+2048,622+2048,720+2048
0333++ 9CC4 3803A6030D084B088C08D1081B096809BB09120A6E0AD00A
0334++ 9CDC             frq_828: 	
0335++ 9CDC             		dw	828,938,15+2048,77+2048,143+2048,212+2048,286+2048,363+2048,446+2048,533+2048,626+2048,724+2048
0335++ 9CDC 3C03AA030F084D088F08D4081E096B09BE09150A720AD40A
0336++ 9CF4             frq_831: 	
0337++ 9CF4             		dw	831,942,17+2048,79+2048,145+2048,214+2048,288+2048,366+2048,449+2048,536+2048,629+2048,727+2048
0337++ 9CF4 3F03AE0311084F089108D60820096E09C109180A750AD70A
0338++ 9D0C             frq_832: 	
0339++ 9D0C             		dw	832,942,18+2048,80+2048,145+2048,215+2048,288+2048,367+2048,449+2048,537+2048,630+2048,728+2048
0339++ 9D0C 4003AE03120850089108D70820096F09C109190A760AD80A
0340++ 9D24             frq_833: 	
0341++ 9D24             		dw	833,943,18+2048,80+2048,146+2048,215+2048,289+2048,367+2048,450+2048,538+2048,630+2048,729+2048
0341++ 9D24 4103AF03120850089208D70821096F09C2091A0A760AD90A
0342++ 9D3C             frq_835: 	
0343++ 9D3C             		dw	835,946,20+2048,82+2048,147+2048,217+2048,291+2048,369+2048,452+2048,540+2048,633+2048,731+2048
0343++ 9D3C 4303B203140852089308D90823097109C4091C0A790ADB0A
0344++ 9D54             frq_842: 	
0345++ 9D54             		dw	842,953,23+2048,86+2048,152+2048,222+2048,296+2048,374+2048,457+2048,545+2048,639+2048,737+2048
0345++ 9D54 4A03B903170856089808DE0828097609C909210A7F0AE10A
0346++ 9D6C             frq_843: 	
0347++ 9D6C             		dw	843,954,24+2048,86+2048,152+2048,222+2048,296+2048,375+2048,458+2048,546+2048,639+2048,738+2048
0347++ 9D6C 4B03BA03180856089808DE0828097709CA09220A7F0AE20A
0348++ 9D84             frq_844: 	
0349++ 9D84             		dw	844,955,24+2048,87+2048,153+2048,223+2048,297+2048,375+2048,459+2048,547+2048,640+2048,739+2048
0349++ 9D84 4C03BB03180857089908DF0829097709CB09230A800AE30A
0350++ 9D9C             frq_847: 	
0351++ 9D9C             		dw	847,959,26+2048,89+2048,155+2048,225+2048,299+2048,378+2048,461+2048,550+2048,643+2048,742+2048
0351++ 9D9C 4F03BF031A0859089B08E1082B097A09CD09260A830AE60A
0352++ 9DB4             frq_852: 	
0353++ 9DB4             		dw	852,964,29+2048,92+2048,158+2048,228+2048,303+2048,382+2048,465+2048,554+2048,648+2048,747+2048
0353++ 9DB4 5403C4031D085C089E08E4082F097E09D1092A0A880AEB0A
0354++ 9DCC             frq_874: 	
0355++ 9DCC             		dw	874,986,41+2048,104+2048,171+2048,243+2048,318+2048,398+2048,482+2048,572+2048,667+2048,767+2048
0355++ 9DCC 6A03DA0329086808AB08F3083E098E09E2093C0A9B0AFF0A
0356++ 9DE4             frq_908: 	
0357++ 9DE4             		dw	908,1023,60+2048,125+2048,193+2048,265+2048,342+2048,423+2048,509+2048,601+2048,697+2048,800+2048
0357++ 9DE4 8C03FF033C087D08C10809095609A709FD09590AB90A200B
0358++ 9DFC             frq_909: 	
0359++ 9DFC             		dw	909,0+2048,61+1025,125+2048,194+2048,266+2048,343+2048,424+2048,510+2048,601+2048,698+2048,801+2048
0359++ 9DFC 8D0300083E047D08C2080A095709A809FE09590ABA0A210B
0360++ 9E14             frq_916: 	
0361++ 9E14             		dw	916,4+2048,65+2048,130+2048,198+2048,271+2048,347+2048,429+2048,515+2048,607+2048,704+2048,807+2048
0361++ 9E14 9403040841088208C6080F095B09AD09030A5F0AC00A270B
0362++ 9E2C             frq_918: 	
0363++ 9E2C             		dw	918,5+2048,66+2048,131+2048,199+2048,272+2048,349+2048,431+2048,517+2048,609+2048,706+2048,809+2048
0363++ 9E2C 9603050842088308C70810095D09AF09050A610AC20A290B
0364++ 9E44             frq_920: 	
0365++ 9E44             		dw	920,6+2048,67+2048,132+2048,201+2048,274+2048,351+2048,433+2048,519+2048,611+2048,708+2048,811+2048
0365++ 9E44 9803060843088408C90812095F09B109070A630AC40A2B0B
0366++ 9E5C             frq_921: 	
0367++ 9E5C             		dw	921,7+2048,68+2048,133+2048,202+2048,274+2048,352+2048,433+2048,520+2048,612+2048,709+2048,812+2048
0367++ 9E5C 9903070844088508CA0812096009B109080A640AC50A2C0B
0368++ 9E74             frq_925: 	
0369++ 9E74             		dw	925,8+2048,70+2048,135+2048,204+2048,277+2048,354+2048,436+2048,523+2048,615+2048,712+2048,815+2048
0369++ 9E74 9D03080846088708CC0815096209B4090B0A670AC80A2F0B
0370++ 9E8C             frq_926: 	
0371++ 9E8C             		dw	926,9+2048,70+2048,135+2048,204+2048,277+2048,355+2048,437+2048,523+2048,615+2048,713+2048,816+2048
0371++ 9E8C 9E03090846088708CC0815096309B5090B0A670AC90A300B
0372++ 9EA4             frq_927: 	
0373++ 9EA4             		dw	927,10+2048,71+2048,136+2048,205+2048,278+2048,356+2048,438+2048,525+2048,617+2048,715+2048,818+2048
0373++ 9EA4 9F030A0847088808CD0816096409B6090D0A690ACB0A320B
0374++ 9EBC             frq_929: 	
0375++ 9EBC             		dw	929,11+2048,72+2048,137+2048,206+2048,280+2048,357+2048,439+2048,526+2048,618+2048,716+2048,820+2048
0375++ 9EBC A1030B0848088908CE0818096509B7090E0A6A0ACC0A340B
0376++ 9ED4             frq_931: 	
0377++ 9ED4             		dw	931,12+2048,73+2048,138+2048,208+2048,281+2048,358+2048,441+2048,528+2048,620+2048,718+2048,821+2048
0377++ 9ED4 A3030C0849088A08D00819096609B909100A6C0ACE0A350B
0378++ 9EEC             frq_935: 	
0379++ 9EEC             		dw	935,13+2048,75+2048,141+2048,210+2048,283+2048,361+2048,443+2048,530+2048,623+2048,721+2048,825+2048
0379++ 9EEC A7030D084B088D08D2081B096909BB09120A6F0AD10A390B
0380++ 9F04             frq_936: 	
0381++ 9F04             		dw	936,14+2048,76+2048,142+2048,211+2048,284+2048,362+2048,444+2048,532+2048,624+2048,722+2048,826+2048
0381++ 9F04 A8030E084C088E08D3081C096A09BC09140A700AD20A3A0B
0382++ 9F1C             frq_937: 	
0383++ 9F1C             		dw	937,15+2048,77+2048,142+2048,211+2048,285+2048,363+2048,445+2048,533+2048,625+2048,723+2048,827+2048
0383++ 9F1C A9030F084D088E08D3081D096B09BD09150A710AD30A3B0B
0384++ 9F34             frq_939: 	
0385++ 9F34             		dw	939,16+2048,78+2048,143+2048,213+2048,286+2048,364+2048,447+2048,534+2048,627+2048,725+2048,829+2048
0385++ 9F34 AB0310084E088F08D5081E096C09BF09160A730AD50A3D0B
0386++ 9F4C             frq_941: 	
0387++ 9F4C             		dw	941,17+2048,79+2048,144+2048,214+2048,287+2048,265+2048,448+2048,535+2048,628+2048,726+2048,830+2048
0387++ 9F4C AD0311084F089008D6081F090909C009170A740AD60A3E0B
0388++ 9F64             frq_942: 	
0389++ 9F64             		dw	942,18+2048,80+2048,145+2048,215+2048,288+2048,367+2048,449+2048,537+2048,630+2048,728+2048,832+2048
0389++ 9F64 AE03120850089108D70820096F09C109190A760AD80A400B
0390++ 9F7C             frq_944: 	
0391++ 9F7C             		dw	944,19+2048,80+2048,146+2048,216+2048,289+2048,368+2048,450+2048,538+2048,631+2048,729+2048,834+2048
0391++ 9F7C B003130850089208D80821097009C2091A0A770AD90A420B
0392++ 9F94             frq_949: 	
0393++ 9F94             		dw	949,21+2048,83+2048,149+2048,218+2048,292+2048,371+2048,454+2048,542+2048,635+2048,733+2048,838+2048
0393++ 9F94 B503150853089508DA0824097309C6091E0A7B0ADD0A460B
0394++ 9FAC             frq_950: 	
0395++ 9FAC             		dw	950,22+2048,84+2048,150+2048,219+2048,293+2048,372+2048,455+2048,543+2048,636+2048,734+2048,839+2048
0395++ 9FAC B603160854089608DB0825097409C7091F0A7C0ADE0A470B
0396++ 9FC4             frq_951: 	
0397++ 9FC4             		dw	951,22+2048,85+2048,151+2048,220+2048,294+2048,372+2048,456+2048,543+2048,637+2048,736+2048,841+2048
0397++ 9FC4 B703160855089708DC0826097409C8091F0A7D0AE00A490B
0398++ 9FDC             frq_952: 	
0399++ 9FDC             		dw	952,23+2048,85+2048,151+2048,221+2048,295+2048,373+2048,456+2048,544+2048,638+2048,736+2048,841+2048
0399++ 9FDC B803170855089708DD0827097509C809200A7E0AE00A490B
0400++ 9FF4             frq_953: 	
0401++ 9FF4             		dw	953,23+2048,86+2048,152+2048,221+2048,296+2048,374+2048,457+2048,545+2048,639+2048,737+2048,842+2048
0401++ 9FF4 B903170856089808DD0828097609C909210A7F0AE10A4A0B
0402++ A00C             frq_964: 	
0403++ A00C             		dw	964,29+2048,92+2048,158+2048,228+2048,303+2048,382+2048,466+2048,554+2048,648+2048,747+2048,852+2048
0403++ A00C C4031D085C089E08E4082F097E09D2092A0A880AEB0A540B
0404++ A024             frq_966: 	
0405++ A024             		dw	966,30+2048,93+2048,159+2048,229+2048,304+2048,383+2048,467+2048,555+2048,649+2048,749+2048,854+2048
0405++ A024 C6031E085D089F08E50830097F09D3092B0A890AED0A560B
0406++ A03C             frq_969: 	
0407++ A03C             		dw	969,32+2048,95+2048,161+2048,232+2048,306+2048,385+2048,469+2048,558+2048,652+2048,752+2048,857+2048
0407++ A03C C90320085F08A108E80832098109D5092E0A8C0AF00A590B
0408++ A054             frq_974: 	
0409++ A054             		dw	974,34+2048,97+2048,164+2048,235+2048,310+2048,389+2048,473+2048,562+2048,656+2048,756+2048,862+2048
0409++ A054 CE0322086108A408EB0836098509D909320A900AF40A5E0B
0410++ A06C             frq_977: 	
0411++ A06C             		dw	977,36+2048,99+2048,166+2048,237+2048,312+2048,391+2048,475+2048,564+2048,659+2048,759+2048,865+2048
0411++ A06C D10324086308A608ED0838098709DB09340A930AF70A610B
0412++ A084             frq_978: 	
0413++ A084             		dw	978,37+2048,100+2048,167+2048,238+2048,313+2048,392+2048,476+2048,565+2048,660+2048,760+2048,866+2048
0413++ A084 D20325086408A708EE0839098809DC09350A940AF80A620B
0414++ A09C             frq_1018: 	
0415++ A09C             		dw	1018,58+2048,122+2048,190+2048,263+2048,339+2048,420+2048,506+2048,597+2048,693+2048,796+2048,904+2048
0415++ A09C FA033A087A08BE0807095309A409FA09550AB50A1C0B880B
0416++ A0B4             
0417++ A0B4             
3071+  A0B4                             .include "freq_table_0.inc"
0001++ A0B4             ;-------------------------------------------------------------------
0002++ A0B4             ; описание:  Таблица делителей
0003++ A0B4             ;---------------------------------------------------------------------
0004++ A0B4             tabdiv12: 
0005++ A0B4             		db	-5*16,0,-5*16,2*1,-5*16,2*2,-5*16,2*3,-5*16,2*4,-5*16,2*5
0005++ A0B4 B000B002B004B006B008B00A
0006++ A0C0             		db	-5*16,2*6,-5*16,2*7,-5*16,2*8,-5*16,2*9,-5*16,2*10,-5*16,2*11
0006++ A0C0 B00CB00EB010B012B014B016
0007++ A0CC             		db	-4*16,0,-4*16,2*1,-4*16,2*2,-4*16,2*3,-4*16,2*4,-4*16,2*5
0007++ A0CC C000C002C004C006C008C00A
0008++ A0D8             		db	-4*16,2*6,-4*16,2*7,-4*16,2*8,-4*16,2*9,-4*16,2*10,-4*16,2*11
0008++ A0D8 C00CC00EC010C012C014C016
0009++ A0E4             		db	-3*16,0,-3*16,2*1,-3*16,2*2,-3*16,2*3,-3*16,2*4,-3*16,2*5
0009++ A0E4 D000D002D004D006D008D00A
0010++ A0F0             		db	-3*16,2*6,-3*16,2*7,-3*16,2*8,-3*16,2*9,-3*16,2*10,-3*16,2*11
0010++ A0F0 D00CD00ED010D012D014D016
0011++ A0FC             		db	-2*16,0,-2*16,2*1,-2*16,2*2,-2*16,2*3,-2*16,2*4,-2*16,2*5
0011++ A0FC E000E002E004E006E008E00A
0012++ A108             		db	-2*16,2*6,-2*16,2*7,-2*16,2*8,-2*16,2*9,-2*16,2*10,-2*16,2*11
0012++ A108 E00CE00EE010E012E014E016
0013++ A114             		db	-1*16,0,-1*16,2*1,-1*16,2*2,-1*16,2*3,-1*16,2*4,-1*16,2*5
0013++ A114 F000F002F004F006F008F00A
0014++ A120             		db	-1*16,2*6,-1*16,2*7,-1*16,2*8,-1*16,2*9,-1*16,2*10,-1*16,2*11
0014++ A120 F00CF00EF010F012F014F016
0015++ A12C             		db	0*16,0,0*16,2*1,0*16,2*2,0*16,2*3,0*16,2*4,0*16,2*5
0015++ A12C 00000002000400060008000A
0016++ A138             		db	0*16,2*6,0*16,2*7,0*16,2*8,0*16,2*9,0*16,2*10,0*16,2*11
0016++ A138 000C000E0010001200140016
0017++ A144             		db	1*16,0,1*16,2*1,1*16,2*2,1*16,2*3,1*16,2*4,1*16,2*5
0017++ A144 10001002100410061008100A
0018++ A150             		db	1*16,2*6,1*16,2*7,1*16,2*8,1*16,2*9,1*16,2*10,1*16,2*11
0018++ A150 100C100E1010101210141016
0019++ A15C             		db	2*16,0,2*16,2*1,2*16,2*2,2*16,2*3,2*16,2*4,2*16,2*5
0019++ A15C 20002002200420062008200A
0020++ A168             		db	2*16,2*6,2*16,2*7,2*16,2*8,2*16,2*9,2*16,2*10,2*16,2*11
0020++ A168 200C200E2010201220142016
0021++ A174             		db	3*16,0,3*16,2*1,3*16,2*2,3*16,2*3,3*16,2*4,3*16,2*5
0021++ A174 30003002300430063008300A
0022++ A180             		db	3*16,2*6,3*16,2*7,3*16,2*8,3*16,2*9,3*16,2*10,3*16,2*11
0022++ A180 300C300E3010301230143016
0023++ A18C             		db	4*16,0,4*16,2*1,4*16,2*2,4*16,2*3,4*16,2*4,4*16,2*5
0023++ A18C 40004002400440064008400A
0024++ A198             		db	4*16,2*6,4*16,2*7,4*16,2*8,4*16,2*9,4*16,2*10,4*16,2*11
0024++ A198 400C400E4010401240144016
0025++ A1A4             		db	5*16,0,5*16,2*1,5*16,2*2,5*16,2*3,5*16,2*4,5*16,2*5
0025++ A1A4 50005002500450065008500A
0026++ A1B0             		db	5*16,2*6,5*16,2*7,5*16,2*8,5*16,2*9,5*16,2*10,5*16,2*11
0026++ A1B0 500C500E5010501250145016
0027++ A1BC             		db	6*16,0,6*16,2*1,6*16,2*2,6*16,2*3,6*16,2*4,6*16,2*5
0027++ A1BC 60006002600460066008600A
0028++ A1C8             		db	6*16,2*6,6*16,2*7,6*16,2*8,6*16,2*9,6*16,2*10,6*16,2*11
0028++ A1C8 600C600E6010601260146016
0029++ A1D4             		db	7*16,0,7*16,2*1,7*16,2*2,7*16,2*3,7*16,2*4,7*16,2*5
0029++ A1D4 70007002700470067008700A
0030++ A1E0             		db	7*16,2*6,7*16,2*7,7*16,2*8,7*16,2*9,7*16,2*10,7*16,2*11
0030++ A1E0 700C700E7010701270147016
0031++ A1EC             		db	8*16,0,8*16,2*1,8*16,2*2,8*16,2*3,8*16,2*4,8*16,2*5
0031++ A1EC 80008002800480068008800A
0032++ A1F8             		db	8*16,2*6,8*16,2*7,8*16,2*8,8*16,2*9,8*16,2*10,8*16,2*11
0032++ A1F8 800C800E8010801280148016
0033++ A204             		db	9*16,0,9*16,2*1,9*16,2*2,9*16,2*3,9*16,2*4,9*16,2*5
0033++ A204 90009002900490069008900A
0034++ A210             		db	9*16,2*6,9*16,2*7,9*16,2*8,9*16,2*9,9*16,2*10,9*16,2*11
0034++ A210 900C900E9010901290149016
0035++ A21C             		db	10*16,0,10*16,2*1,10*16,2*2,10*16,2*3,10*16,2*4,10*16,2*5
0035++ A21C A000A002A004A006A008A00A
0036++ A228             		db	10*16,2*6,10*16,2*7,10*16,2*8,10*16,2*9,10*16,2*10,10*16,2*11
0036++ A228 A00CA00EA010A012A014A016
0037++ A234             
0038++ A234             
3072+  A234                    		.include "patch_table.inc"
0001++ A234             ;-------------------------------------------------------------------
0002++ A234             ; описание:  Patch table
0003++ A234             ;---------------------------------------------------------------------
0004++ A234             MBPlayer_patch_table: 	
0005++ A234 94 A3       		dw	patch_0
0006++ A236 CB A3       		dw	patch_1
0007++ A238 00 A4 39 A4 		dw	patch_2A, patch_2B
0008++ A23C 94 A3       		dw	patch_0
0009++ A23E 43 A4       		dw	patch_3B
0010++ A240 78 A4       		dw	patch_4
0011++ A242 84 A4 BB A4 		dw	patch_5A, patch_5B
0012++ A246 F0 A4       		dw	patch_6
0013++ A248 0C A5       		dw	patch_7
0014++ A24A 1D A5       		dw	patch_8
0015++ A24C 29 A5       		dw	patch_9
0016++ A24E 31 A5 3D A5 		dw	patch_10A, patch_10B
0017++ A252 49 A5       		dw	patch_11
0018++ A254 51 A5       		dw	patch_12
0019++ A256 60 A5       		dw	patch_13
0020++ A258 68 A5       		dw	patch_14
0021++ A25A 74 A5 7E A5 		dw	patch_15A, patch_15B
0022++ A25E 88 A5       		dw	patch_16
0023++ A260 92 A5       		dw	patch_17
0024++ A262 A1 A5       		dw	patch_18
0025++ A264 BF A5       		dw	patch_19
0026++ A266 DD A5       		dw	patch_20
0027++ A268 EE A5 FF A5 		dw	patch_21A, patch_21B
0028++ A26C 09 A6       		dw	patch_22
0029++ A26E 15 A6 24 A6 		dw	patch_23A, patch_23B
0030++ A272 32 A6       		dw	patch_24
0031++ A274 52 A6       		dw	patch_25
0032++ A276 71 A6       		dw	patch_26
0033++ A278 83 A6       		dw	patch_27
0034++ A27A B0 A6       		dw	patch_28
0035++ A27C B8 A6       		dw	patch_29
0036++ A27E C5 A6       		dw	patch_30
0037++ A280 F7 A6       		dw	patch_31
0038++ A282 09 A7       		dw	patch_32
0039++ A284 18 A7       		dw	patch_33
0040++ A286 2F A7       		dw	patch_34
0041++ A288 4B A7       		dw	patch_35
0042++ A28A 5B A7       		dw	patch_36
0043++ A28C 65 A7       		dw	patch_37
0044++ A28E 71 A7       		dw	patch_38
0045++ A290 7B A7       		dw	patch_39
0046++ A292 83 A7       		dw	patch_40
0047++ A294 BA A7       		dw	patch_41
0048++ A296 FD A7       		dw	patch_42
0049++ A298 1D A8       		dw	patch_43
0050++ A29A 2E A8       		dw	patch_44
0051++ A29C 4E A8       		dw	patch_45
0052++ A29E 6A A8       		dw	patch_46
0053++ A2A0 7B A8       		dw	patch_47
0054++ A2A2 83 A8       		dw	patch_48
0055++ A2A4 9F A8       		dw	patch_49
0056++ A2A6 BD A8 CD A8 		dw	patch_50A, patch_50B
0057++ A2AA DB A8 EB A8 		dw	patch_51A, patch_51B
0058++ A2AE F3 A8       		dw	patch_52
0059++ A2B0 0C A9       		dw	patch_53
0060++ A2B2 1C A9       		dw	patch_54
0061++ A2B4 2C A9       		dw	patch_55
0062++ A2B6 36 A9       		dw	patch_56
0063++ A2B8 59 A9       		dw	patch_57
0064++ A2BA 6D A9       		dw	patch_58
0065++ A2BC 7A A9       		dw	patch_59
0066++ A2BE 8B A9       		dw	patch_60
0067++ A2C0 9A A9       		dw	patch_61
0068++ A2C2 A7 A9 E8 A9 		dw	patch_62A, patch_62B
0069++ A2C6 2D AA 6E AA 		dw	patch_63A, patch_63B
0070++ A2CA 78 AA       		dw	patch_64
0071++ A2CC 99 AA       		dw	patch_65
0072++ A2CE E1 AA       		dw	patch_66
0073++ A2D0 07 AB       		dw	patch_67
0074++ A2D2 1E AB       		dw	patch_68
0075++ A2D4 41 AB       		dw	patch_69
0076++ A2D6 55 AB       		dw	patch_70
0077++ A2D8 67 AB       		dw	patch_71
0078++ A2DA 80 AB       		dw	patch_72
0079++ A2DC A0 AB       		dw	patch_73
0080++ A2DE B2 AB       		dw	patch_74
0081++ A2E0 BE AB       		dw	patch_75
0082++ A2E2 CA AB D6 AB 		dw	patch_76A,patch_76B
0083++ A2E6 E0 AB E8 AB 		dw	patch_77A,patch_77B
0084++ A2EA F4 AB       		dw	patch_78
0085++ A2EC 0C AC 31 AC 		dw	patch_80A, patch_80B
0086++ A2F0 56 AC 9D AC 		dw	patch_81A, patch_81B
0087++ A2F4 DC AC E8 AC 		dw	patch_82A, patch_82B
0088++ A2F8 F6 AC 02 AD 		dw	patch_83A, patch_83B
0089++ A2FC 0A AD 19 AD 		dw	patch_84A, patch_84B
0090++ A300 60 AD 6A AD 		dw	patch_85A, patch_85B
0091++ A304 78 AD BB AD 		dw	patch_86A, patch_86B
0092++ A308 CB AD 19 AD 		dw	patch_87A, patch_84B
0093++ A30C D3 AD DD AD 		dw	patch_88A, patch_88B
0094++ A310 EF AD FB AD 		dw	patch_89A, patch_89B
0095++ A314 03 AE 4C AE 		dw	patch_90A, patch_90B
0096++ A318 58 AE 73 AE 		dw	patch_91A, patch_91B
0097++ A31C 81 AE 8F AE 		dw	patch_92A, patch_92B
0098++ A320 9D AE BA AE 		dw	patch_93A, patch_93B
0099++ A324 C6 AE CE AE 		dw	patch_94A, patch_94B
0100++ A328 D6 AE 1B AF 		dw	patch_95A, patch_95B
0101++ A32C 00 AC       		dw	patch_79
0102++ A32E 60 AF       		dw	patch_96
0103++ A330 68 AF 74 AF 		dw	patch_97A, patch_97B
0104++ A334 86 AF 90 AF 		dw	patch_98A, patch_98B
0105++ A338 A8 AF BA AF 		dw	patch_99A, patch_99B
0106++ A33C DC AF E4 AF 		dw	patch_100A, patch_100B
0107++ A340 F0 AF 00 B0 		dw	patch_102A, patch_102B
0108++ A344 10 B0 2F B0 		dw	patch_103A, patch_103B
0109++ A348 37 B0       		dw	patch_104
0110++ A34A 49 B0       		dw	patch_105
0111++ A34C 6A B0       		dw	patch_106
0112++ A34E 72 B0       		dw	patch_107
0113++ A350 82 B0 91 B0 		dw	patch_109A,patch_109B
0114++ A354 7A B0       		dw	patch_108
0115++ A356 A0 B0       		dw	patch_110
0116++ A358 D5 B0       		dw	patch_111
0117++ A35A E1 B0 ED B0 		dw	patch_112A,patch_112B
0118++ A35E F5 B0       		dw	patch_113
0119++ A360 FD B0 09 B1 		dw	patch_114A,patch_114B
0120++ A364 19 B1       		dw	patch_115
0121++ A366 23 B1       		dw	patch_116
0122++ A368 2B B1       		dw	patch_117
0123++ A36A 37 B1       		dw	patch_118
0124++ A36C 3F B1       		dw	patch_119
0125++ A36E 4B B1       		dw	patch_120
0126++ A370 53 B1       		dw	patch_121
0127++ A372 5B B1 67 B1 		dw	patch_122A,patch_122B
0128++ A376 79 B1       		dw	patch_124
0129++ A378 81 B1 8D B1 		dw	patch_125A,patch_125B
0130++ A37C 9B B1 A7 B1 		dw	patch_126A,patch_126B
0131++ A380 B3 B1       		dw	patch_127
0132++ A382 BF B1       		dw	drum_1
0133++ A384 CF B1       		dw	drum_2
0134++ A386 DF B1       		dw	drum_3
0135++ A388 EF B1       		dw	drum_4
0136++ A38A F7 B1       		dw	drum_5
0137++ A38C FF B1       		dw	drum_6
0138++ A38E 07 B2       		dw	drum_7
0139++ A390 0F B2       		dw	drum_8
0140++ A392 65 B2       		dw	drum_midi
0141++ A394                    	
0142++ A394             
0143++ A394             ;--- GM 0 = Ac. Piano ---
0144++ A394             
0145++ A394             patch_0: 	
0146++ A394 01          		db	1	; transpose on
0147++ A395 C9 A3       		dw	patch_0hdr
0148++ A397 10 2C 49    		db	16,02ch,1 + 36 * 2	; tone 300
0149++ A39A 54 9D       		dw	frq_842
0150++ A39C 16 2D 69    		db	22,02dh,1 + 52 * 2	; tone 301
0151++ A39F EC 95       		dw	frq_363
0152++ A3A1 1C 2E 5D    		db	28,02eh,1 + 46 * 2	; tone 302
0153++ A3A4 34 9C       		dw	frq_810
0154++ A3A6 22 2F 69    		db	34,02fh,1 + 52 * 2	; tone 303
0155++ A3A9 64 96       		dw	frq_369
0156++ A3AB 28 30 5D    		db	40,030h,1 + 46 * 2	; tone 304
0157++ A3AE 8C 9B       		dw	frq_726
0158++ A3B0 2E 31 69    		db	46,031h,1 + 52 * 2	; tone 305
0159++ A3B3 AC 93       		dw	frq_290
0160++ A3B5 34 32 75    		db	52,032h,1 + 58 * 2	; tone 306
0161++ A3B8 0C 8E       		dw	frq_21
0162++ A3BA 3B 33 69    		db	59,033h,1 + 52 * 2	; tone 307
0163++ A3BD 64 93       		dw	frq_286
0164++ A3BF 41 34 5F    		db	65,034h,1 + 47 * 2	; tone 308
0165++ A3C2 4C 9F       		dw	frq_941
0166++ A3C4 FF 35 83    		db	255,035h,1 + 65 * 2	; tone 309
0167++ A3C7 0C 91       		dw	frq_191
0168++ A3C9                    	
0169++ A3C9             patch_0hdr: 
0170++ A3C9 20 FF       		db	020h,0ffh
0171++ A3CB             
0172++ A3CB             
0173++ A3CB             ;--- GM 1 = Bright Acoustic Piano ---
0174++ A3CB             
0175++ A3CB             patch_1: 
0176++ A3CB 01          		db	1	; transpose on
0177++ A3CC C9 A3       		dw	patch_0hdr	
0178++ A3CE 16 2C 49    		db	22,02ch,1 + 36 * 2	; tone 300
0179++ A3D1 54 9D       		dw	frq_842
0180++ A3D3 1C 2D 75    		db	28,02dh,1 + 58 * 2	; tone 301
0181++ A3D6 EC 95       		dw	frq_363
0182++ A3D8 22 2E 69    		db	34,02eh,1 + 52 * 2	; tone 302
0183++ A3DB 1C 9C       		dw	frq_809
0184++ A3DD 28 2F 75    		db	40,02fh,1 + 58 * 2	; tone 303
0185++ A3E0 64 96       		dw	frq_369
0186++ A3E2 2E 30 69    		db	46,030h,1 + 52 * 2	; tone 304
0187++ A3E5 8C 9B       		dw	frq_726
0188++ A3E7 34 31 75    		db	52,031h,1 + 58 * 2	; tone 305
0189++ A3EA AC 93       		dw	frq_290
0190++ A3EC 3B 32 81    		db	59,032h,1 + 64 * 2	; tone 306
0191++ A3EF 0C 8E       		dw	frq_21
0192++ A3F1 41 33 77    		db	65,033h,1 + 59 * 2	; tone 307
0193++ A3F4 64 93       		dw	frq_286
0194++ A3F6 47 34 6B    		db	71,034h,1 + 53 * 2	; tone 308
0195++ A3F9 4C 9F       		dw	frq_941
0196++ A3FB FF 35 8F    		db	255,035h,1 + 71 * 2	; tone 309
0197++ A3FE 0C 91       		dw	frq_191
0198++ A400             
0199++ A400             
0200++ A400             ;--- GM 2 = Elec. Grand Piano ---
0201++ A400             ; A = v104
0202++ A400             ; B = v98
0203++ A400             
0204++ A400             patch_2A: 
0205++ A400 01          		db	1	; transpose on
0206++ A401 35 A4       		dw	patch_2Ahdr
0207++ A403 16 2C 49    		db	22,02ch,1 + 36 * 2	; tone 300
0208++ A406 84 9D       		dw	frq_844
0209++ A408 1C 2D 75    		db	28,02dh,1 + 58 * 2	; tone 301
0210++ A40B 04 96       		dw	frq_364
0211++ A40D 22 2E 69    		db	34,02eh,1 + 52 * 2	; tone 302
0212++ A410 4C 9C       		dw	frq_811
0213++ A412 28 2F 75    		db	40,02fh,1 + 58 * 2	; tone 303
0214++ A415 7C 96       		dw	frq_370
0215++ A417 2E 30 69    		db	46,030h,1 + 52 * 2	; tone 304
0216++ A41A A4 9B       		dw	frq_727
0217++ A41C 34 31 75    		db	52,031h,1 + 58 * 2	; tone 305
0218++ A41F C4 93       		dw	frq_291
0219++ A421 3B 32 81    		db	59,032h,1 + 64 * 2	; tone 306
0220++ A424 24 8E       		dw	frq_22
0221++ A426 41 33 77    		db	65,033h,1 + 59 * 2	; tone 307
0222++ A429 7C 93       		dw	frq_287
0223++ A42B 47 34 6B    		db	71,034h,1 + 53 * 2	; tone 308
0224++ A42E 64 9F       		dw	frq_942
0225++ A430 FF 35 8F    		db	255,035h,1 + 71 * 2	; tone 309
0226++ A433 24 91       		dw	frq_192
0227++ A435                    	
0228++ A435             patch_2Ahdr: 
0229++ A435 20 C8 07 FF 		db	020h,0c8h,007h,0ffh
0230++ A439             
0231++ A439             patch_2B: 	
0232++ A439 01          		db	1	; transpose on
0233++ A43A 41 A4       		dw	patch_2Bhdr
0234++ A43C FF 6C 48    		db	255,108,36 * 2
0235++ A43F 04 90       		dw	frq_113
0236++ A441                    	
0237++ A441             patch_2Bhdr: 	
0238++ A441 28 FF       		db	028h,0ffh
0239++ A443             
0240++ A443             
0241++ A443             ;--- GM 3 = Honky Tonk, met patch#0 ---
0242++ A443             ; gelijk volume
0243++ A443             
0244++ A443             patch_3B: 	
0245++ A443 01          		db	1	; transpose on
0246++ A444 C9 A3       		dw	patch_0hdr	
0247++ A446 10 2C 49    		db	16,02ch,1 + 36 * 2	; tone 300
0248++ A449 B4 9D       		dw	frq_852
0249++ A44B 16 2D 69    		db	22,02dh,1 + 52 * 2	; tone 301
0250++ A44E 5C 95       		dw	frq_355
0251++ A450 1C 2E 5D    		db	28,02eh,1 + 46 * 2	; tone 302
0252++ A453 7C 9C       		dw	frq_820
0253++ A455 22 2F 69    		db	34,02fh,1 + 52 * 2	; tone 303
0254++ A458 BC 95       		dw	frq_360
0255++ A45A 28 30 5D    		db	40,030h,1 + 46 * 2	; tone 304
0256++ A45D D4 9B       		dw	frq_737
0257++ A45F 2E 31 69    		db	46,031h,1 + 52 * 2	; tone 305
0258++ A462 4C 93       		dw	frq_282
0259++ A464 34 32 75    		db	52,032h,1 + 58 * 2	; tone 306
0260++ A467 6C 8E       		dw	frq_27
0261++ A469 3B 33 69    		db	59,033h,1 + 52 * 2	; tone 307
0262++ A46C 4C 93       		dw	frq_282
0263++ A46E 41 34 5F    		db	65,034h,1 + 47 * 2	; tone 308
0264++ A471 DC 9F       		dw	frq_952
0265++ A473 FF 35 83    		db	255,035h,1 + 65 * 2	; tone 309
0266++ A476 C4 90       		dw	frq_184
0267++ A478                    	
0268++ A478             ;--- GM 4 = Elec. Piano 1 (+ 2B?) ---
0269++ A478             ; Eigenlijk samen met tone 11, maar slaat nergens op
0270++ A478             
0271++ A478             patch_4: 
0272++ A478 01          		db	1	; transpose on
0273++ A479 80 A4       		dw	patch_4hdr
0274++ A47B FF 6C 48    		db	255,108,36 * 2
0275++ A47E 04 90       		dw	frq_113
0276++ A480                    	
0277++ A480             patch_4hdr: 
0278++ A480 22 C8 48 FF 		db	022h,0c8h,048h,0ffh
0279++ A484                    	
0280++ A484             
0281++ A484             ;--- GM 5 = Elec. Piano 2 ---
0282++ A484             ; volumes gelijk
0283++ A484             
0284++ A484             patch_5A: 	
0285++ A484 01          		db	1	; transpose on
0286++ A485 B9 A4       		dw	patch_5Ahdr
0287++ A487 10 2C 49    		db	16,02ch,1 + 36 * 2	; tone 300
0288++ A48A 84 9D       		dw	frq_844
0289++ A48C 16 2D 69    		db	22,02dh,1 + 52 * 2	; tone 301
0290++ A48F 04 96       		dw	frq_364
0291++ A491 1C 2E 5D    		db	28,02eh,1 + 46 * 2	; tone 302
0292++ A494 4C 9C       		dw	frq_811
0293++ A496 22 2F 69    		db	34,02fh,1 + 52 * 2	; tone 303
0294++ A499 7C 96       		dw	frq_370
0295++ A49B 28 30 5D    		db	40,030h,1 + 46 * 2	; tone 304
0296++ A49E A4 9B       		dw	frq_727
0297++ A4A0 2E 31 69    		db	46,031h,1 + 52 * 2	; tone 305
0298++ A4A3 C4 93       		dw	frq_291
0299++ A4A5 34 32 75    		db	52,032h,1 + 58 * 2	; tone 306
0300++ A4A8 24 8E       		dw	frq_22
0301++ A4AA 3B 33 69    		db	59,033h,1 + 52 * 2	; tone 307
0302++ A4AD 7C 93       		dw	frq_287
0303++ A4AF 41 34 5F    		db	65,034h,1 + 47 * 2	; tone 308
0304++ A4B2 64 9F       		dw	frq_942
0305++ A4B4 FF 35 83    		db	255,035h,1 + 65 * 2	; tone 309
0306++ A4B7 24 91       		dw	frq_192
0307++ A4B9             
0308++ A4B9             patch_5Ahdr: 	
0309++ A4B9 1B FF       		db	01bh,0ffh
0310++ A4BB             
0311++ A4BB             patch_5B: 	
0312++ A4BB 01          		db	1	; transpose on
0313++ A4BC B9 A4       		dw	patch_5Ahdr
0314++ A4BE 16 2C 49    		db	22,02ch,1 + 36 * 2	; tone 300
0315++ A4C1 54 9D       		dw	frq_842
0316++ A4C3 1C 2D 75    		db	28,02dh,1 + 58 * 2	; tone 301
0317++ A4C6 EC 95       		dw	frq_363
0318++ A4C8 22 2E 69    		db	34,02eh,1 + 52 * 2	; tone 302
0319++ A4CB 1C 9C       		dw	frq_809
0320++ A4CD 28 2F 75    		db	40,02fh,1 + 58 * 2	; tone 303
0321++ A4D0 64 96       		dw	frq_369
0322++ A4D2 2E 30 69    		db	46,030h,1 + 52 * 2	; tone 304
0323++ A4D5 8C 9B       		dw	frq_726
0324++ A4D7 34 31 75    		db	52,031h,1 + 58 * 2	; tone 305
0325++ A4DA AC 93       		dw	frq_290
0326++ A4DC 3B 32 81    		db	59,032h,1 + 64 * 2	; tone 306
0327++ A4DF 0C 8E       		dw	frq_21
0328++ A4E1 41 33 77    		db	65,033h,1 + 59 * 2	; tone 307
0329++ A4E4 64 93       		dw	frq_286
0330++ A4E6 47 34 6B    		db	71,034h,1 + 53 * 2	; tone 308
0331++ A4E9 4C 9F       		dw	frq_941
0332++ A4EB FF 35 8F    		db	255,035h,1 + 71 * 2	; tone 309
0333++ A4EE 0C 91       		dw	frq_191
0334++ A4F0             
0335++ A4F0             
0336++ A4F0             ;--- GM 6 = Harpsichord ---
0337++ A4F0             
0338++ A4F0             patch_6: 	
0339++ A4F0 01          		db	1	; transpose on
0340++ A4F1 C9 A3       		dw	patch_0hdr
0341++ A4F3 22 80 30    		db	34,128,24 * 2
0342++ A4F6 94 93       		dw	frq_288
0343++ A4F8 28 81 5C    		db	40,129,46 * 2
0344++ A4FB 9C 9D       		dw	frq_847
0345++ A4FD 2E 82 68    		db	46,130,52 * 2
0346++ A500 94 93       		dw	frq_288
0347++ A502 36 83 5C    		db	54,131,46 * 2
0348++ A505 AC 9C       		dw	frq_823
0349++ A507 FF 84 54    		db	255,132,42 * 2
0350++ A50A AC 9C       		dw	frq_823
0351++ A50C             
0352++ A50C             
0353++ A50C             ;--- GM 7 = Clavi ---
0354++ A50C             
0355++ A50C             patch_7: 	
0356++ A50C 01          		db	1	; transpose on
0357++ A50D 19 A5       		dw	patch_7hdr
0358++ A50F 3A 27 30    		db	58,39,24 * 2
0359++ A512 6C 91       		dw	frq_203
0360++ A514 FF 28 8C    		db	255,40,70 * 2	; was andere header!
0361++ A517 FC 91       		dw	frq_215
0362++ A519             patch_7hdr: 	
0363++ A519 28 C8 2B FF 		db	028h,0c8h,02bh,0ffh
0364++ A51D             
0365++ A51D             
0366++ A51D             ;--- GM 8 = Celesta ---
0367++ A51D             
0368++ A51D             patch_8: 	
0369++ A51D 01          		db	1	; transpose on
0370++ A51E 25 A5       		dw	patch_8hdr
0371++ A520 FF 2B 18    		db	255,43,12 * 2
0372++ A523 A4 8F       		dw	frq_94
0373++ A525             patch_8hdr: 	
0374++ A525 20 E0 03 FF 		db	020h,0e0h,3,0ffh
0375++ A529             
0376++ A529             
0377++ A529             ;--- GM 9 = Glockenspiel ---
0378++ A529             
0379++ A529             patch_9: 	
0380++ A529 01          		db	1	; transpose on
0381++ A52A 41 A4       		dw	patch_2Bhdr
0382++ A52C FF F3 00    		db	255,243,0 * 2
0383++ A52F 4C 90       		dw	frq_141
0384++ A531             
0385++ A531             ;--- GM 10 = Music Box ---
0386++ A531             
0387++ A531             patch_10A: 	
0388++ A531 01          		db	1	; transpose on
0389++ A532 39 A5       		dw	patch_10Ahdr
0390++ A534 FF F3 18    		db	255,243,12 * 2
0391++ A537 64 90       		dw	frq_143
0392++ A539             patch_10Ahdr: 	
0393++ A539 20 98 A6 FF 		db	020h,098h,0a6h,0ffh
0394++ A53D             
0395++ A53D             patch_10B: 	
0396++ A53D 01          		db	1	; transpose on
0397++ A53E 45 A5       		dw	patch_10Bhdr
0398++ A540 FF 01 31    		db	255,1,1 + 24 * 2	; tone 257
0399++ A543 14 8F       		dw	frq_79
0400++ A545             patch_10Bhdr: 	
0401++ A545 20 98 D4 FF 		db	020h,098h,0d4h,0ffh
0402++ A549             
0403++ A549             
0404++ A549             ;--- GM 11 = Vibraphone ---
0405++ A549             
0406++ A549             patch_11: 	
0407++ A549 01          		db	1	; transpose on
0408++ A54A 41 A4       		dw	patch_2Bhdr
0409++ A54C FF 01 31    		db	255,1,1 + 24 * 2	; tone 257
0410++ A54F 2C 8F       		dw	frq_82
0411++ A551             
0412++ A551             ;--- GM 12 = Marimba ---
0413++ A551             
0414++ A551             patch_12: 	
0415++ A551 01          		db	1	; transpose on
0416++ A552 5E A5       		dw	patch_12hdr
0417++ A554 28 F4 30    		db	40,244, 24 * 2
0418++ A557 2C 8F       		dw	frq_82
0419++ A559 FF F5 68    		db	255,245, 52 * 2	; was andere header!
0420++ A55C B4 8E       		dw	frq_69
0421++ A55E             patch_12hdr: 	
0422++ A55E 38 FF       		db	038h,0ffh
0423++ A560             
0424++ A560             ;--- GM 13 = Xylophone ---
0425++ A560             
0426++ A560             patch_13: 	
0427++ A560 01          		db	1	; transpose on
0428++ A561 5E A5       		dw	patch_12hdr
0429++ A563 FF 36 01    		db	255,36h, 1 + 0 * 2	; tone 310
0430++ A566 A4 8F       		dw	frq_94
0431++ A568             
0432++ A568             
0433++ A568             ;--- GM 14 = Tubular Bells ---
0434++ A568             
0435++ A568             patch_14: 	
0436++ A568 01          		db	1	; transpose on
0437++ A569 70 A5       		dw	patch_14hdr
0438++ A56B FF FF 18    		db	255,255, 12 * 2
0439++ A56E BC 98       		dw	frq_532
0440++ A570             patch_14hdr: 	
0441++ A570 21 E0 01 FF 		db	021h,0e0h,1,0ffh
0442++ A574             
0443++ A574             ;--- GM 15 = Dulcimer ---
0444++ A574             
0445++ A574             patch_15A: 	
0446++ A574 01          		db	1	; transpose on
0447++ A575 7C A5       		dw	patch_15Ahdr
0448++ A577 FF 3F 18    		db	255,63, 12 * 2
0449++ A57A 44 9B       		dw	frq_708
0450++ A57C             patch_15Ahdr: 	
0451++ A57C 29 FF       		db	029h,0ffh
0452++ A57E             
0453++ A57E             patch_15B: 	
0454++ A57E 01          		db	1
0455++ A57F 86 A5       		dw	patch_15Bhdr
0456++ A581 FF 40 18    		db	255,64, 12 * 2
0457++ A584 44 9B       		dw	frq_708
0458++ A586             patch_15Bhdr: 	
0459++ A586 2A FF       		db	02ah,0ffh
0460++ A588             
0461++ A588             ;--- GM 16 = Drawbar organ ---
0462++ A588             
0463++ A588             patch_16: 	
0464++ A588 01          		db	1	; transpose on
0465++ A589 90 A5       		dw	patch_16hdr
0466++ A58B FF 8E 18    		db	255,142,12 * 2
0467++ A58E 3C 9D       		dw	frq_835
0468++ A590             patch_16hdr: 	
0469++ A590 3A FF       		db	03ah,0ffh
0470++ A592             
0471++ A592             ;--- GM 17 = Percussive organ ---
0472++ A592             
0473++ A592             patch_17: 	
0474++ A592 01          		db	1	; transpose on
0475++ A593 9F A5       		dw	patch_17hdr
0476++ A595 24 8C 30    		db	36,140, 24 * 2
0477++ A598 AC 9F       		dw	frq_950
0478++ A59A FF 8D 48    		db	255,141, 36 * 2
0479++ A59D 7C 9F       		dw	frq_944
0480++ A59F             patch_17hdr: 	
0481++ A59F 3B FF       		db	03bh,0ffh
0482++ A5A1             
0483++ A5A1             ;--- GM 18 = Rock Organ ---
0484++ A5A1             
0485++ A5A1             patch_18: 	
0486++ A5A1 01          		db	1	; transpose on
0487++ A5A2 BD A5       		dw	patch_18hdr
0488++ A5A4 19 28 49    		db	25,28h, 1 + 36 * 2	; tone 296
0489++ A5A7 44 92       		dw	frq_219
0490++ A5A9 25 29 63    		db	37,29h, 1 + 49 * 2	; tone 297
0491++ A5AC 5C 92       		dw	frq_220
0492++ A5AE 31 2A 63    		db	49,2ah, 1 + 49 * 2	; tone 298
0493++ A5B1 2C 92       		dw	frq_217
0494++ A5B3 3D 2B 63    		db	61,2bh, 1 + 49 * 2	; tone 299
0495++ A5B6 E4 91       		dw	frq_214
0496++ A5B8 FF 27 63    		db	255,27h, 1 + 49 * 2	; tone 295
0497++ A5BB FC 91       		dw	frq_215
0498++ A5BD             patch_18hdr: 	
0499++ A5BD 39 FF       		db	039h,0ffh
0500++ A5BF             
0501++ A5BF             ;--- GM 19 = Church organ ---
0502++ A5BF             
0503++ A5BF             patch_19: 	
0504++ A5BF 01          		db	1	; transpose on
0505++ A5C0 DB A5       		dw	patch_19hdr
0506++ A5C2 12 87 48    		db	18,135, 36 * 2
0507++ A5C5 3C 9D       		dw	frq_835
0508++ A5C7 19 88 6C    		db	25,136, 54 * 2
0509++ A5CA 7C 90       		dw	frq_155
0510++ A5CC 21 89 62    		db	33,137, 49 * 2
0511++ A5CF E4 97       		dw	frq_459
0512++ A5D1 2A 8A 5A    		db	42,138, 45 * 2
0513++ A5D4 9C 9D       		dw	frq_847
0514++ A5D6 FF 8B 6C    		db	255,139, 54 * 2
0515++ A5D9 AC 90       		dw	frq_167
0516++ A5DB             patch_19hdr: 	
0517++ A5DB 11 FF       		db	011h,0ffh
0518++ A5DD             
0519++ A5DD             
0520++ A5DD             ;--- GM 20 = Reed Organ ---
0521++ A5DD             
0522++ A5DD             patch_20: 	
0523++ A5DD 01          		db	1	; transpose on
0524++ A5DE EA A5       		dw	patch_20hdr
0525++ A5E0 3C AC 30    		db	60,172, 24 * 2
0526++ A5E3 7C 99       		dw	frq_557
0527++ A5E5 FF AD 78    		db	255,173, 60 * 2
0528++ A5E8 64 99       		dw	frq_556
0529++ A5EA             patch_20hdr: 	
0530++ A5EA 38 E0 01 FF 		db	038h,0e0h,1,0ffh
0531++ A5EE             
0532++ A5EE             ;--- GM 21 = Accordion ---
0533++ A5EE             
0534++ A5EE             patch_21A: 	
0535++ A5EE 01          		db	1	; transpose on
0536++ A5EF FB A5       		dw	patch_21Ahdr
0537++ A5F1 35 06 18    		db	53,6, 12 * 2
0538++ A5F4 A4 9B       		dw	frq_727
0539++ A5F6 FF 07 52    		db	255,7, 41 * 2
0540++ A5F9 9C A0       		dw	frq_1018
0541++ A5FB             patch_21Ahdr: 	
0542++ A5FB 22 E0 00 FF 		db	022h,0e0h,0,0ffh
0543++ A5FF             
0544++ A5FF             patch_21B: 	
0545++ A5FF 01          		db	1	; transpose on
0546++ A600 07 A6       		dw	patch_21Bhdr
0547++ A602 FF 70 18    		db	255,112, 12 * 2
0548++ A605 24 9D       		dw	frq_833
0549++ A607             patch_21Bhdr: 	
0550++ A607 23 FF       		db	023h,0ffh
0551++ A609             
0552++ A609             ;--- GM 22 = Harmonica ---
0553++ A609             
0554++ A609             patch_22: 	
0555++ A609 01          		db	1	; transpose on
0556++ A60A 11 A6       		dw	patch_22hdr
0557++ A60C FF 70 18    		db	255,112, 12 * 2
0558++ A60F 9C 9D       		dw	frq_847
0559++ A611             patch_22hdr: 	
0560++ A611 30 E0 02 FF 		db	030h,0e0h,2,0ffh
0561++ A615             
0562++ A615             ;--- GM 23 = Tango Accordion ---
0563++ A615             
0564++ A615             patch_23A: 	
0565++ A615 01          		db	1	; transpose on
0566++ A616 22 A6       		dw	patch_23Ahdr
0567++ A618 3C AC 30    		db	60,172, 24 * 2
0568++ A61B AC 99       		dw	frq_559
0569++ A61D FF AD 78    		db	255,173, 60 * 2
0570++ A620 94 99       		dw	frq_558
0571++ A622             patch_23Ahdr: 	
0572++ A622 38 FF       		db	038h,0ffh
0573++ A624             
0574++ A624             patch_23B: 	
0575++ A624 01          		db	1
0576++ A625 2C A6       		dw	patch_23Bhdr
0577++ A627 FF 41 60    		db	255,65, 48 * 2
0578++ A62A 84 97       		dw	frq_445
0579++ A62C             patch_23Bhdr: 	
0580++ A62C             		db	03ah,098h,075h,0B0h,000h,0ffh
0580++ A62C 3A9875B000FF
0581++ A632             
0582++ A632             ;--- GM 24 = Nylon Ac. Gtr ---
0583++ A632             
0584++ A632             patch_24: 	
0585++ A632 01          		db	1	; transpose on
0586++ A633 4E A6       		dw	patch_24hdr
0587++ A635 18 B3 48    		db	24,179, 36 * 2
0588++ A638 E4 97       		dw	frq_459
0589++ A63A 1F B7 60    		db	31,183, 48 * 2
0590++ A63D 4C 99       		dw	frq_555
0591++ A63F 25 B5 6E    		db	37,181, 55 * 2
0592++ A642 0C 8E       		dw	frq_21
0593++ A644 2C B4 62    		db	44,180, 49 * 2
0594++ A647 E4 97       		dw	frq_459
0595++ A649 FF B6 58    		db	255,182, 44 * 2
0596++ A64C 8C 9B       		dw	frq_726
0597++ A64E             patch_24hdr: 	
0598++ A64E 28 C8 09 FF 		db	028h,0c8h,9,0ffh
0599++ A652             
0600++ A652             
0601++ A652             ;--- GM 26 = Steel Ac. Gtr ---
0602++ A652             
0603++ A652             patch_25: 	
0604++ A652 01          		db	1	; transpose on
0605++ A653 69 A6       		dw	patch_25hdr
0606++ A655 1A 0C 48    		db	26,12,36 * 2	;was andere header
0607++ A658 54 97       		dw	frq_442
0608++ A65A 21 0D 64    		db	33,13,50 * 2	; "
0609++ A65D 9C 97       		dw	frq_448
0610++ A65F 30 0E 5A    		db	48,14,45 * 2	; "
0611++ A662 AC 9C       		dw	frq_823
0612++ A664 FF 0F 60    		db	255,15,48 * 2	; "
0613++ A667 AC 9C       		dw	frq_823
0614++ A669             patch_25hdr: 	
0615++ A669             		db	028h,098h,0f6h,0b0h,034h,0c8h,9h,0ffh
0615++ A669 2898F6B034C809FF
0616++ A671             
0617++ A671             
0618++ A671             ;--- GM 26 = Elec Jazz Gtr ---
0619++ A671             
0620++ A671             patch_26: 	
0621++ A671 01          		db	1	; transpose on
0622++ A672 41 A4       		dw	patch_2Bhdr
0623++ A674 1A 5A 48    		db	26,90, 36 * 2
0624++ A677 94 96       		dw	frq_373
0625++ A679 28 5B 64    		db	40,91, 50 * 2
0626++ A67C 64 90       		dw	frq_143
0627++ A67E FF 5C 68    		db	255,92, 52 * 2
0628++ A681 CC 8E       		dw	frq_70
0629++ A683             
0630++ A683             
0631++ A683             ;--- GM 27 = Elec Clean Gtr ---
0632++ A683             
0633++ A683             patch_27: 	
0634++ A683 01          		db	1	; transpose on
0635++ A684 AE A6       		dw	patch_27hdr
0636++ A686 15 61 48    		db	21,97, 36 * 2
0637++ A689 8C 98       		dw	frq_519
0638++ A68B 1A 60 72    		db	26,96, 57 * 2
0639++ A68E 64 90       		dw	frq_143
0640++ A690 21 63 64    		db	33,99, 50 * 2
0641++ A693 14 9B       		dw	frq_701
0642++ A695 28 62 72    		db	40,98, 57 * 2
0643++ A698 AC 8D       		dw	frq_9
0644++ A69A 2D 65 68    		db	45,101, 52 * 2
0645++ A69D 74 98       		dw	frq_508
0646++ A69F 34 64 72    		db	52,100, 57 * 2
0647++ A6A2 1C 90       		dw	frq_118
0648++ A6A4 3D 66 68    		db	61,102, 52 * 2
0649++ A6A7 A4 98       		dw	frq_531
0650++ A6A9 FF 67 62    		db	255,103, 49 * 2
0651++ A6AC AC 9C       		dw	frq_823
0652++ A6AE             patch_27hdr: 	
0653++ A6AE 29 FF       		db	029h,0ffh
0654++ A6B0             
0655++ A6B0             
0656++ A6B0             ;--- GM 28 = Muted Gtr ---
0657++ A6B0             
0658++ A6B0             patch_28: 	
0659++ A6B0 01          		db	1	; transpose on
0660++ A6B1 41 A4       		dw	patch_2Bhdr
0661++ A6B3 FF 68 18    		db	255,104, 12 * 2
0662++ A6B6 9C 9D       		dw	frq_847
0663++ A6B8             
0664++ A6B8             
0665++ A6B8             ;--- GM 29 = Overdriven Gtr ---
0666++ A6B8             
0667++ A6B8             patch_29: 	
0668++ A6B8 01          		db	1	; transpose on
0669++ A6B9 AE A6       		dw	patch_27hdr
0670++ A6BB 29 A5 48    		db	41,165, 36 * 2
0671++ A6BE 8C 92       		dw	frq_228
0672++ A6C0 FF A6 82    		db	255,166, 65 * 2
0673++ A6C3 E4 97       		dw	frq_459
0674++ A6C5             
0675++ A6C5             ;--- GM 30 = Distortion Gtr ---
0676++ A6C5             
0677++ A6C5             patch_30: 	
0678++ A6C5 01          		db	1	; transpose on
0679++ A6C6 F5 A6       		dw	patch_30hdr
0680++ A6C8 13 51 48    		db	19,81, 36 * 2
0681++ A6CB 24 97       		dw	frq_434
0682++ A6CD 17 52 6E    		db	23,82, 55 * 2
0683++ A6D0 64 90       		dw	frq_143
0684++ A6D2 1B 53 5E    		db	27,83, 47 * 2
0685++ A6D5 9C 9D       		dw	frq_847
0686++ A6D7 1F 54 66    		db	31,84, 51 * 2
0687++ A6DA 24 97       		dw	frq_434
0688++ A6DC 23 55 6E    		db	35,85, 55 * 2
0689++ A6DF 64 90       		dw	frq_143
0690++ A6E1 27 56 5E    		db	39,86, 47 * 2
0691++ A6E4 9C 9D       		dw	frq_847
0692++ A6E6 2B 57 66    		db	43,87, 51 * 2
0693++ A6E9 E4 97       		dw	frq_459
0694++ A6EB 2F 58 6E    		db	47,88, 55 * 2
0695++ A6EE 64 90       		dw	frq_143
0696++ A6F0 FF 59 5E    		db	255,89, 47 * 2
0697++ A6F3 04 9C       		dw	frq_775
0698++ A6F5             patch_30hdr: 	
0699++ A6F5 21 FF       		db	021h,0ffh
0700++ A6F7             
0701++ A6F7             ;--- GM 31 = Gtr Harmonics ---
0702++ A6F7             
0703++ A6F7             patch_31: 	
0704++ A6F7 01          		db	1	; transpose on
0705++ A6F8 41 A4       		dw	patch_2Bhdr
0706++ A6FA 2D 5E 30    		db	45,94, 24 * 2
0707++ A6FD 5C 98       		dw	frq_507
0708++ A6FF 32 5D 8A    		db	50,93, 69 * 2
0709++ A702 1C 90       		dw	frq_118
0710++ A704 FF 5F 7C    		db	255,95, 62 * 2
0711++ A707 8C 9B       		dw	frq_726
0712++ A709             
0713++ A709             ;--- GM 32 = Acoustic Bass ---
0714++ A709             
0715++ A709             patch_32: 	
0716++ A709 01          		db	1	; transpose on
0717++ A70A 16 A7       		dw	patch_32hdr
0718++ A70C 19 04 60    		db	25,4, 48 * 2
0719++ A70F F4 90       		dw	frq_188
0720++ A711 FF 05 62    		db	255,5, 49 * 2
0721++ A714 CC 8E       		dw	frq_70
0722++ A716             patch_32hdr: 	
0723++ A716 18 FF       		db	018h,0ffh
0724++ A718             
0725++ A718             
0726++ A718             ;--- GM 33 = Elec. Bass (finger) ---
0727++ A718             
0728++ A718             patch_33: 	
0729++ A718 01          		db	1	; transpose on
0730++ A719 16 A7       		dw	patch_32hdr
0731++ A71B 09 4A 60    		db	9,74,48 * 2
0732++ A71E 6C 9A       		dw	frq_645
0733++ A720 0E 4B 72    		db	14,75,57 * 2
0734++ A723 74 92       		dw	frq_221
0735++ A725 13 4C 64    		db	19,76,50 * 2
0736++ A728 6C 9D       		dw	frq_843
0737++ A72A FF 4D 6E    		db	255,77,55 * 2
0738++ A72D AC 96       		dw	frq_378
0739++ A72F             
0740++ A72F             
0741++ A72F             ;--- GM 34 = Elec. Bass (pick) ---
0742++ A72F             
0743++ A72F             patch_34: 	
0744++ A72F 01          		db	1	; transpose on
0745++ A730 16 A7       		dw	patch_32hdr
0746++ A732 0C 4F 60    		db	12,79,48 * 2
0747++ A735 34 90       		dw	frq_135
0748++ A737 13 50 60    		db	19,80,48 * 2
0749++ A73A 5C 9B       		dw	frq_715
0750++ A73C 18 6B 6E    		db	24,107,55 * 2
0751++ A73F 04 93       		dw	frq_264
0752++ A741 30 69 60    		db	48,105,48 * 2
0753++ A744 5C 9E       		dw	frq_921
0754++ A746 FF 6A 90    		db	255,106,72 * 2
0755++ A749 24 97       		dw	frq_434
0756++ A74B             
0757++ A74B             ;--- GM 35 = Fretless Bass ---
0758++ A74B             
0759++ A74B             patch_35: 	
0760++ A74B 01          		db	1	; transpose on
0761++ A74C 53 A7       		dw	patch_35hdr
0762++ A74E FF 4E 30    		db	255,78,24 * 2
0763++ A751 94 96       		dw	frq_373
0764++ A753             patch_35hdr: 	
0765++ A753             		db	010h,098h,0f3h,0b0h,063h,0c8h,019h,0ffh
0765++ A753 1098F3B063C819FF
0766++ A75B             
0767++ A75B             ;--- GM 36 = Slap Bass 1 ---
0768++ A75B             
0769++ A75B             patch_36: 	
0770++ A75B 01          		db	1	; transpose on
0771++ A75C 63 A7       		dw	patch_36hdr
0772++ A75E FF A3 4E    		db	255,163,(36 + 3) * 2
0773++ A761 54 9A       		dw	frq_641
0774++ A763             patch_36hdr: 	
0775++ A763 19 FF       		db	019h,0ffh
0776++ A765             
0777++ A765             ;--- GM 37 = Slap bass 2 ---
0778++ A765             
0779++ A765             patch_37: 	
0780++ A765 01          		db	1	; transpose on
0781++ A766 6D A7       		dw	patch_37hdr
0782++ A768 FF A2 30    		db	255,162,24 * 2
0783++ A76B 94 93       		dw	frq_288
0784++ A76D             patch_37hdr: 	
0785++ A76D 20 98 B0 FF 		db	020h,098h,0b0h,0ffh
0786++ A771             
0787++ A771             ;--- GM 38 = Synth Bass 1 ---
0788++ A771             
0789++ A771             patch_38: 	
0790++ A771 01          		db	1	; transpose on
0791++ A772 79 A7       		dw	patch_38hdr
0792++ A774 FF BE 48    		db	255,190,36 * 2
0793++ A777 3C 9D       		dw	frq_835
0794++ A779             patch_38hdr: 	
0795++ A779 39 FF       		db	039h,0ffh
0796++ A77B             
0797++ A77B             ;--- GM 39 = Synth Bass 2 ---
0798++ A77B             
0799++ A77B             patch_39: 	
0800++ A77B 01          		db	1	; transpose on
0801++ A77C 79 A7       		dw	patch_38hdr
0802++ A77E FF 17 61    		db	255,17h,1 + 48 * 2	; tone 279
0803++ A781 FC 91       		dw	frq_215
0804++ A783             
0805++ A783             ;--- GM 40 = Violin ---
0806++ A783             
0807++ A783             patch_40: 	
0808++ A783 01          		db	1	; transpose on
0809++ A784 B8 A7       		dw	patch_40hdr
0810++ A786 23 05 31    		db	35,5h,1 + 24 * 2	; tone 261
0811++ A789 94 93       		dw	frq_288
0812++ A78B 28 02 77    		db	40,2h,1 + 59 * 2	; tone 258
0813++ A78E B4 8E       		dw	frq_69
0814++ A790 2A 06 69    		db	42,6h,1 + 52 * 2	; tone 262
0815++ A793 0C 9A       		dw	frq_627
0816++ A795 2D 07 6D    		db	45,7h,1 + 54 * 2	; tone 263
0817++ A798 64 99       		dw	frq_556
0818++ A79A 30 08 73    		db	48,8h,1 + 57 * 2	; tone 264
0819++ A79D 04 93       		dw	frq_264
0820++ A79F 33 0A 61    		db	51,0ah,1 + 48 * 2	; tone 266
0821++ A7A2 44 9E       		dw	frq_920
0822++ A7A4 35 0B 67    		db	53,0bh,1 + 51 * 2	; tone 267
0823++ A7A7 8C 9B       		dw	frq_726
0824++ A7A9 37 0C 6B    		db	55,0ch,1 + 53 * 2	; tone 268
0825++ A7AC DC 99       		dw	frq_579
0826++ A7AE 3A 0D 6F    		db	58,0dh,1 + 55 * 2	; tone 269
0827++ A7B1 6C 94       		dw	frq_338
0828++ A7B3 FF 09 75    		db	255,09h,1 + 58	* 2	; tone 265
0829++ A7B6 64 90       		dw	frq_143
0830++ A7B8             patch_40hdr: 	
0831++ A7B8 3B FF       		db	03bh,0ffh
0832++ A7BA             
0833++ A7BA             
0834++ A7BA             ;--- GM 41 = Viola ---
0835++ A7BA             
0836++ A7BA             patch_41: 	
0837++ A7BA 01          		db	1	; transpose on
0838++ A7BB F9 A7       		dw	patch_41hdr
0839++ A7BD 1B 03 31    		db	27,03h,1 + 24 * 2	; tone 259
0840++ A7C0 5C 9B       		dw	frq_715
0841++ A7C2 1E 04 67    		db	30,04h,1 + 51 * 2	; tone 260
0842++ A7C5 A4 98       		dw	frq_531
0843++ A7C7 21 05 6D    		db	33,05h,1 + 54 * 2	; tone 261
0844++ A7CA 94 93       		dw	frq_288
0845++ A7CC 26 02 73    		db	38,02h,1 + 57 * 2	; tone 258
0846++ A7CF B4 8E       		dw	frq_69
0847++ A7D1 28 06 65    		db	40,06h,1 + 50 * 2	; tone 262
0848++ A7D4 0C 9A       		dw	frq_627
0849++ A7D6 2B 07 69    		db	43,07h,1 + 52 * 2	; tone 263
0850++ A7D9 64 99       		dw	frq_556
0851++ A7DB 2E 08 6F    		db	46,08h,1 + 55 * 2	; tone 264
0852++ A7DE 04 93       		dw	frq_264
0853++ A7E0 31 0A 5D    		db	49,0ah,1 + 46 * 2	; tone 266
0854++ A7E3 44 9E       		dw	frq_920
0855++ A7E5 33 0B 63    		db	51,0bh,1 + 49 * 2	; tone 267
0856++ A7E8 8C 9B       		dw	frq_726
0857++ A7EA 36 0C 67    		db	54,0ch,1 + 51 * 2	; tone 268
0858++ A7ED DC 99       		dw	frq_579
0859++ A7EF 38 0D 6D    		db	56,0dh,1 + 54 * 2	; tone 269
0860++ A7F2 6C 94       		dw	frq_338
0861++ A7F4 FF 09 71    		db	255,09h,1 + 56 * 2	; tone 265
0862++ A7F7 64 90       		dw	frq_143
0863++ A7F9             patch_41hdr: 	
0864++ A7F9 3B 98 A3 FF 		db	03bh,098h,0a3h,0ffh
0865++ A7FD             
0866++ A7FD             
0867++ A7FD             ;--- GM 42 = Cello ---
0868++ A7FD             
0869++ A7FD             patch_42: 	
0870++ A7FD 01          		db	1	; transpose on
0871++ A7FE 19 A8       		dw	patch_42hdr
0872++ A800 16 12 49    		db	22,12h,1 + 36 * 2	; tone 274
0873++ A803 6C 91       		dw	frq_203
0874++ A805 20 13 5D    		db	32,13h,1 + 46 * 2	; tone 275
0875++ A808 14 9B       		dw	frq_701
0876++ A80A 27 15 59    		db	39,15h,1 + 44 * 2	; tone 277
0877++ A80D 94 9C       		dw	frq_822
0878++ A80F 2D 16 67    		db	45,16h,1 + 51 * 2	; tone 278
0879++ A812 A4 98       		dw	frq_531
0880++ A814 FF 14 73    		db	255,14h,1 + 57 * 2	; tone 276
0881++ A817 B4 8E       		dw	frq_69
0882++ A819             patch_42hdr: 	
0883++ A819 33 C8 08 FF 		db	033h,0c8h,8,0ffh
0884++ A81D             
0885++ A81D             ;--- GM 43 = Contrabass ---
0886++ A81D             
0887++ A81D             patch_43: 	
0888++ A81D 01          		db	1	; transpose on
0889++ A81E 2A A8       		dw	patch_43hdr
0890++ A820 12 10 61    		db	18,10h,1 + 48 * 2	; tone 272
0891++ A823 DC 8D       		dw	frq_15
0892++ A825 FF 11 6D    		db	255,11h,1 + 54 * 2	; tone 273
0893++ A828 94 8D       		dw	frq_8
0894++ A82A             patch_43hdr: 	
0895++ A82A 10 98 90 FF 		db	010h,098h,090h,0ffh
0896++ A82E             
0897++ A82E             ;--- GM 44 = Tremolo Strings ---
0898++ A82E             
0899++ A82E             patch_44: 	
0900++ A82E 01          		db	1	; transpose on
0901++ A82F 4A A8       		dw	patch_44hdr
0902++ A831 24 B0 30    		db	36,176,24 * 2
0903++ A834 EC 8F       		dw	frq_98
0904++ A836 2A 35 60    		db	42,53,48 * 2
0905++ A839 7C 99       		dw	frq_557
0906++ A83B 30 33 6C    		db	48,51,54 * 2
0907++ A83E 54 8E       		dw	frq_26
0908++ A840 3B 34 60    		db	59,52,48 * 2
0909++ A843 84 9A       		dw	frq_650
0910++ A845 FF AF 5E    		db	255,175,47 * 2
0911++ A848 D4 98       		dw	frq_538
0912++ A84A             patch_44hdr: 	
0913++ A84A 38 E0 06 FF 		db	038h,0e0h,6,0ffh
0914++ A84E             
0915++ A84E             
0916++ A84E             ;--- GM 45 = Pizzicato Strings ---
0917++ A84E             
0918++ A84E             patch_45: 	
0919++ A84E 01          		db	1	; transpose on
0920++ A84F 41 A4       		dw	patch_2Bhdr
0921++ A851 1B B8 48    		db	27,184,36 * 2
0922++ A854 F4 8D       		dw	frq_20
0923++ A856 24 B9 66    		db	36,185,51 * 2
0924++ A859 14 92       		dw	frq_216
0925++ A85B 2B BB 60    		db	43,187,48 * 2
0926++ A85E 3C 9A       		dw	frq_639
0927++ A860 31 BA 6E    		db	49,186,55 * 2
0928++ A863 44 8F       		dw	frq_84
0929++ A865 FF BC 62    		db	255,188,49 * 2
0930++ A868 CC 97       		dw	frq_455
0931++ A86A             
0932++ A86A             ;--- GM 46 = Harp ---
0933++ A86A             
0934++ A86A             patch_46: 	
0935++ A86A 01          		db	1	; transpose on
0936++ A86B 77 A8       		dw	patch_46hdr
0937++ A86D 2F 7E 18    		db	47,126,12 * 2
0938++ A870 BC 95       		dw	frq_360
0939++ A872 FF 7F 5E    		db	255,127,47 * 2
0940++ A875 24 97       		dw	frq_434
0941++ A877             patch_46hdr: 	
0942++ A877 29 C8 07 FF 		db	029h,0c8h,7,0ffh
0943++ A87B             
0944++ A87B             
0945++ A87B             ;--- GM 47 = Timpani ---
0946++ A87B             
0947++ A87B             patch_47: 	
0948++ A87B 01          		db	1	; transpose on
0949++ A87C 41 A4       		dw	patch_2Bhdr
0950++ A87E FF 00 49    		db	255,0,1 + 36 * 2	; tone 256
0951++ A881 2C 92       		dw	frq_217
0952++ A883             
0953++ A883             
0954++ A883             ;--- GM 48 = Strings ---
0955++ A883             
0956++ A883             patch_48: 	
0957++ A883 01          		db	1	; transpose on
0958++ A884 C9 A3       		dw	patch_0hdr
0959++ A886 24 3C 31    		db	36,03ch,1 + 24 * 2	; tone 316
0960++ A889 BC 8F       		dw	frq_96
0961++ A88B 2A 3E 61    		db	42,03eh,1 + 48 * 2	; tone 318
0962++ A88E 7C 99       		dw	frq_557
0963++ A890 30 3D 6D    		db	48,03dh,1 + 54 * 2	; tone 317
0964++ A893 3C 8E       		dw	frq_24
0965++ A895 3B 3F 61    		db	59,03fh,1 + 48 * 2	; tone 319
0966++ A898 9C 9A       		dw	frq_653
0967++ A89A FF 40 5F    		db	255,040h,1 + 47 * 2	; tone 320
0968++ A89D 04 99       		dw	frq_548
0969++ A89F             
0970++ A89F             ;--- GM 49 = Slow Strings ---
0971++ A89F             
0972++ A89F             patch_49: 	
0973++ A89F 01          		db	1	; transpose on
0974++ A8A0 BB A8       		dw	patch_49hdr
0975++ A8A2 24 B0 30    		db	36,176, 24 * 2
0976++ A8A5 EC 8F       		dw	frq_98
0977++ A8A7 2A 35 60    		db	42,53, 48 * 2
0978++ A8AA 7C 99       		dw	frq_557
0979++ A8AC 30 33 6C    		db	48,51, 54 * 2
0980++ A8AF 6C 8E       		dw	frq_27
0981++ A8B1 3B 34 60    		db	59,52, 48 * 2
0982++ A8B4 84 9A       		dw	frq_650
0983++ A8B6 FF AF 5E    		db	255,175, 47 * 2
0984++ A8B9 D4 98       		dw	frq_538
0985++ A8BB             patch_49hdr: 	
0986++ A8BB 19 FF       		db	019h,0ffh
0987++ A8BD             
0988++ A8BD             
0989++ A8BD             ;--- GM 50 = Synth Strings 1 ---
0990++ A8BD             
0991++ A8BD             patch_50A: 	
0992++ A8BD 01          		db	1	; transpose on
0993++ A8BE C5 A8       		dw	patch_50Ahdr
0994++ A8C0 FF 02 30    		db	255,2, 24 * 2
0995++ A8C3 EC 9E       		dw	frq_935
0996++ A8C5             patch_50Ahdr: 	
0997++ A8C5             		db	020h,098h,093h,0b0h,022h,0c8h,06h,0ffh
0997++ A8C5 209893B022C806FF
0998++ A8CD             
0999++ A8CD             patch_50B: 	
1000++ A8CD 01          		db	1	; transpose on
1001++ A8CE D5 A8       		dw	patch_50Bhdr
1002++ A8D0 FF AE 18    		db	255,174, 12 * 2
1003++ A8D3 8C 8F       		dw	frq_91
1004++ A8D5             patch_50Bhdr: 	
1005++ A8D5             		db	020h,098h,070h,0c8h,006h,0ffh
1005++ A8D5 209870C806FF
1006++ A8DB             
1007++ A8DB             
1008++ A8DB             ;--- GM 51 = Synth Strings 2 ---
1009++ A8DB             
1010++ A8DB             patch_51A: 	
1011++ A8DB 01          		db	1	; transpose on
1012++ A8DC E3 A8       		dw	patch_51Ahdr
1013++ A8DE FF 02 18    		db	255,2, 12 * 2
1014++ A8E1 EC 9E       		dw	frq_935
1015++ A8E3             patch_51Ahdr: 	
1016++ A8E3             		db	019h,098h,070h,0b0h,000h,0c8h,06h,0ffh
1016++ A8E3 199870B000C806FF
1017++ A8EB             
1018++ A8EB             patch_51B: 	
1019++ A8EB 01          		db	1	; transpose on
1020++ A8EC E3 A8       		dw	patch_51Ahdr
1021++ A8EE FF 02 18    		db	255,2, 12 * 2
1022++ A8F1 A4 9E       		dw	frq_927
1023++ A8F3             
1024++ A8F3             
1025++ A8F3             ;--- GM 52 = Choir Aahs ---
1026++ A8F3             
1027++ A8F3             patch_52: 	
1028++ A8F3 01          		db	1	; transpose on
1029++ A8F4 0A A9       		dw	patch_52hdr
1030++ A8F6 23 18 30    		db	35,24, 24 * 2
1031++ A8F9 84 91       		dw	frq_204
1032++ A8FB 29 19 5E    		db	41,25, 47 * 2
1033++ A8FE 64 9C       		dw	frq_815
1034++ A900 30 1A 6A    		db	48,26, 53 * 2
1035++ A903 9C 91       		dw	frq_206
1036++ A905 FF 1B 60    		db	255,27, 48 * 2
1037++ A908 74 95       		dw	frq_356
1038++ A90A             patch_52hdr: 	
1039++ A90A 1A FF       		db	01ah,0ffh
1040++ A90C             
1041++ A90C             ;--- GM 53 = Voice Oohs ---
1042++ A90C             
1043++ A90C             patch_53: 	
1044++ A90C 01          		db	1	; transpose on
1045++ A90D 14 A9       		dw	patch_53hdr
1046++ A90F FF 29 18    		db	255,41, 12 * 2
1047++ A912 1C 93       		dw	frq_273
1048++ A914             patch_53hdr: 	
1049++ A914             		db	020h,098h,0f7h,0b0h,020h,0c8h,8,0ffh
1049++ A914 2098F7B020C808FF
1050++ A91C             
1051++ A91C             ;--- GM 54 = Synth Voice ---
1052++ A91C             
1053++ A91C             patch_54: 	
1054++ A91C 01          		db	1	; transpose on
1055++ A91D 24 A9       		dw	patch_54hdr
1056++ A91F FF 2A 18    		db	255,42, 12 * 2
1057++ A922 B4 91       		dw	frq_208
1058++ A924             patch_54hdr: 	
1059++ A924             		db	019h,098h,085h,0b0h,021h,0c8h,7,0ffh
1059++ A924 199885B021C807FF
1060++ A92C             
1061++ A92C             ;--- GM 55 = Orchestra Hit ---
1062++ A92C             
1063++ A92C             patch_55: 	
1064++ A92C 01          		db	1	; transpose on
1065++ A92D 34 A9       		dw	patch_55hdr
1066++ A92F FF 49 18    		db	255,73, 12 * 2
1067++ A932 3C 9D       		dw	frq_835
1068++ A934             patch_55hdr: 	
1069++ A934 30 FF       		db	030h,0ffh
1070++ A936             
1071++ A936             ;--- GM 56 = Trumpet ---
1072++ A936             
1073++ A936             patch_56: 	
1074++ A936 01          		db	1	; transpose on
1075++ A937 57 A9       		dw	patch_56hdr
1076++ A939 25 F6 30    		db	37,246, 24 * 2
1077++ A93C 9C 8E       		dw	frq_46
1078++ A93E 2C F8 62    		db	44,248, 49 * 2
1079++ A941 FC 97       		dw	frq_460
1080++ A943 31 F7 70    		db	49,247, 56 * 2
1081++ A946 24 8E       		dw	frq_22
1082++ A948 37 FA 62    		db	55,250, 49 * 2
1083++ A94B 3C 97       		dw	frq_436
1084++ A94D 3E F9 6E    		db	62,249, 55 * 2
1085++ A950 9C 8E       		dw	frq_46
1086++ A952 FF FB 64    		db	255,251, 50 * 2
1087++ A955 3C 97       		dw	frq_436
1088++ A957             patch_56hdr: 	
1089++ A957 32 FF       		db	032h,0ffh
1090++ A959             
1091++ A959             ;--- GM 57 = Trombone ---
1092++ A959             
1093++ A959             patch_57: 	
1094++ A959 01          		db	1	; transpose on
1095++ A95A 6B A9       		dw	patch_57hdr
1096++ A95C 23 F0 30    		db	35,240, 24 * 2
1097++ A95F 8C 92       		dw	frq_228
1098++ A961 28 F1 5E    		db	40,241, 47 * 2
1099++ A964 EC 9B       		dw	frq_750
1100++ A966 FF F2 68    		db	255,242, 52 * 2
1101++ A969 04 93       		dw	frq_264
1102++ A96B             patch_57hdr: 	
1103++ A96B 21 FF       		db	021h,0ffh
1104++ A96D             
1105++ A96D             ;--- GM 58 = Tuba ---
1106++ A96D             
1107++ A96D             patch_58: 	
1108++ A96D 01          		db	1	; transpose on
1109++ A96E 6B A9       		dw	patch_57hdr
1110++ A970 16 85 48    		db	22,133, 36 * 2
1111++ A973 1C 99       		dw	frq_550
1112++ A975 FF 86 5C    		db	255,134, 46 * 2
1113++ A978 E4 9D       		dw	frq_908
1114++ A97A             
1115++ A97A             ;--- GM 59 = Muted Trumpet ---
1116++ A97A             
1117++ A97A             patch_59: 	
1118++ A97A 01          		db	1	; transpose on
1119++ A97B 87 A9       		dw	patch_59hdr
1120++ A97D 2E B1 18    		db	46,177, 12 * 2
1121++ A980 24 9A       		dw	frq_630
1122++ A982 FF B2 5C    		db	255,178, 46 * 2
1123++ A985 24 9A       		dw	frq_630
1124++ A987             patch_59hdr: 	
1125++ A987 28 E0 01 FF 		db	28h,0e0h,1,0ffh
1126++ A98B             
1127++ A98B             ;--- GM 60 = French Horn ---
1128++ A98B             
1129++ A98B             patch_60: 	
1130++ A98B 01          		db	1	; transpose on
1131++ A98C 98 A9       		dw	patch_60hdr
1132++ A98E 32 7C 18    		db	50,124, 12 * 2
1133++ A991 AC 93       		dw	frq_290
1134++ A993 FF 7D 64    		db	255,125, 50 * 2
1135++ A996 E4 9A       		dw	frq_679
1136++ A998             patch_60hdr: 	
1137++ A998 1A FF       		db	01ah,0ffh
1138++ A99A             
1139++ A99A             ;--- GM 61 = Brass Section ---
1140++ A99A             
1141++ A99A             patch_61: 	
1142++ A99A 01          		db	1	; transpose on
1143++ A99B 41 A4       		dw	patch_2Bhdr
1144++ A99D 2B FC 18    		db	43,252, 12 * 2
1145++ A9A0 7C 9C       		dw	frq_820
1146++ A9A2 FF FD 56    		db	255,253, 43 * 2
1147++ A9A5 0C 9D       		dw	frq_832
1148++ A9A7             
1149++ A9A7             ;--- GM 62 = Synth Brass 1 ---
1150++ A9A7             
1151++ A9A7             patch_62A: 	
1152++ A9A7 01          		db	1	; transpose on
1153++ A9A8 E6 A9       		dw	patch_62Ahdr
1154++ A9AA 10 D3 60    		db	16,211, 48 * 2
1155++ A9AD 14 9E       		dw	frq_916
1156++ A9AF 16 DA 80    		db	22,218, 64 * 2
1157++ A9B2 44 95       		dw	frq_354
1158++ A9B4 1C D4 74    		db	28,212, 58 * 2
1159++ A9B7 14 9E       		dw	frq_916
1160++ A9B9 22 DB 80    		db	34,219, 64 * 2
1161++ A9BC E4 94       		dw	frq_345
1162++ A9BE 28 D5 74    		db	40,213, 58 * 2
1163++ A9C1 EC 9E       		dw	frq_935
1164++ A9C3 2E DC 80    		db	46,220, 64 * 2
1165++ A9C6 14 95       		dw	frq_350
1166++ A9C8 34 D6 74    		db	52,214, 58 * 2
1167++ A9CB 74 9E       		dw	frq_925
1168++ A9CD 3A DD 80    		db	58,221, 64 * 2
1169++ A9D0 EC 95       		dw	frq_363
1170++ A9D2 40 D7 74    		db	64,215, 58 * 2
1171++ A9D5 3C A0       		dw	frq_969
1172++ A9D7 46 DE 80    		db	70,222, 64 * 2
1173++ A9DA 6C 94       		dw	frq_338
1174++ A9DC 4D D8 74    		db	77,216, 58 * 2
1175++ A9DF 74 9E       		dw	frq_925
1176++ A9E1 FF D9 6A    		db	255,217, 53 * 2
1177++ A9E4 74 9E       		dw	frq_925
1178++ A9E6             patch_62Ahdr: 	
1179++ A9E6 18 FF       		db	018h,0ffh
1180++ A9E8             
1181++ A9E8             
1182++ A9E8             patch_62B: 	
1183++ A9E8 01          		db	1	; transpose on
1184++ A9E9 27 AA       		dw	patch_62Bhdr
1185++ A9EB 10 18 61    		db	16,18h, 1 + 48 * 2	; tone 280
1186++ A9EE BC 9E       		dw	frq_929
1187++ A9F0 16 19 81    		db	22,19h, 1 + 64 * 2	; tone 281
1188++ A9F3 BC 95       		dw	frq_360
1189++ A9F5 1C 1A 75    		db	28,1ah, 1 + 58 * 2	; tone 282
1190++ A9F8 A4 9E       		dw	frq_927
1191++ A9FA 22 1B 81    		db	34,1bh, 1 + 64 * 2	; tone 283
1192++ A9FD BC 95       		dw	frq_360
1193++ A9FF 28 1C 75    		db	40,1ch, 1 + 58 * 2	; tone 284
1194++ AA02 34 9F       		dw	frq_939
1195++ AA04 2E 1D 81    		db	46,1dh, 1 + 64 * 2	; tone 285
1196++ AA07 34 96       		dw	frq_366
1197++ AA09 34 1E 75    		db	52,1eh, 1 + 58 * 2	; tone 286
1198++ AA0C C4 9F       		dw	frq_951
1199++ AA0E 3A 1F 81    		db	58,1fh, 1 + 64 * 2	; tone 287
1200++ AA11 34 96       		dw	frq_366
1201++ AA13 40 20 75    		db	64,20h, 1 + 58 * 2	; tone 288
1202++ AA16 6C A0       		dw	frq_977
1203++ AA18 46 21 81    		db	70,21h, 1 + 64 * 2	; tone 289
1204++ AA1B B4 94       		dw	frq_342
1205++ AA1D 4D 22 75    		db	77,22h, 1 + 58 * 2	; tone 290
1206++ AA20 A4 9E       		dw	frq_927
1207++ AA22 FF 23 6B    		db	255,23h, 1 + 53 * 2	; tone 291
1208++ AA25 A4 9E       		dw	frq_927
1209++ AA27             patch_62Bhdr: 	
1210++ AA27             		db	018h,098h,0a5h,0b0h,011h,0ffh
1210++ AA27 1898A5B011FF
1211++ AA2D             
1212++ AA2D             
1213++ AA2D             ;--- GM 63 = Synth Brass 2 ---
1214++ AA2D             ; B zachter dan A, vals??
1215++ AA2D             
1216++ AA2D             patch_63A: 	
1217++ AA2D 01          		db	1	; transpose on
1218++ AA2E 6C AA       		dw	patch_63Ahdr
1219++ AA30 10 18 61    		db	16,18h, 1 + 48 * 2	; tone 280
1220++ AA33 D4 9E       		dw	frq_931
1221++ AA35 16 19 81    		db	22,19h, 1 + 64 * 2	; tone 281
1222++ AA38 D4 95       		dw	frq_361
1223++ AA3A 1C 1A 75    		db	28,1ah, 1 + 58 * 2	; tone 282
1224++ AA3D BC 9E       		dw	frq_929
1225++ AA3F 22 1B 81    		db	34,1bh, 1 + 64 * 2	; tone 283
1226++ AA42 D4 95       		dw	frq_361
1227++ AA44 28 1C 75    		db	40,1ch, 1 + 58 * 2	; tone 284
1228++ AA47 4C 9F       		dw	frq_941
1229++ AA49 2E 1D 81    		db	46,1dh, 1 + 64 * 2	; tone 285
1230++ AA4C 4C 96       		dw	frq_367
1231++ AA4E 34 1E 75    		db	52,1eh, 1 + 58 * 2	; tone 286
1232++ AA51 F4 9F       		dw	frq_953
1233++ AA53 3A 1F 81    		db	58,1fh, 1 + 64 * 2	; tone 287
1234++ AA56 4C 96       		dw	frq_367
1235++ AA58 40 20 75    		db	64,20h, 1 + 58 * 2	; tone 288
1236++ AA5B 84 A0       		dw	frq_978
1237++ AA5D 46 21 81    		db	70,21h, 1 + 64 * 2	; tone 289
1238++ AA60 CC 94       		dw	frq_343
1239++ AA62 4D 22 75    		db	77,22h, 1 + 58 * 2	; tone 290
1240++ AA65 BC 9E       		dw	frq_929
1241++ AA67 FF 23 6B    		db	255,23h, 1 + 53 * 2	; tone 291
1242++ AA6A BC 9E       		dw	frq_929
1243++ AA6C             patch_63Ahdr: 	
1244++ AA6C 26 FF       		db	026h,0ffh
1245++ AA6E             
1246++ AA6E             
1247++ AA6E             patch_63B: 	
1248++ AA6E 01          		db	1	; transpose on
1249++ AA6F 76 AA       		dw	patch_63Bhdr
1250++ AA71 FF 24 19    		db	255,24h, 1 + 12 * 2	; tone 292
1251++ AA74 7C 99       		dw	frq_557
1252++ AA76             patch_63Bhdr: 	
1253++ AA76 22 FF       		db	022h,0ffh
1254++ AA78             
1255++ AA78             ;--- GM 64 = Soprano Sax ---
1256++ AA78             
1257++ AA78             patch_64: 	
1258++ AA78 01          		db	1	; transpose on
1259++ AA79 F5 A6       		dw	patch_30hdr
1260++ AA7B 28 E3 18    		db	40,227, 12 * 2
1261++ AA7E 14 9B       		dw	frq_701
1262++ AA80 2E E4 68    		db	46,228, 52 * 2
1263++ AA83 14 92       		dw	frq_216
1264++ AA85 34 E5 5C    		db	52,229, 46 * 2
1265++ AA88 CC 9A       		dw	frq_677
1266++ AA8A 3A E6 68    		db	58,230, 52 * 2
1267++ AA8D BC 92       		dw	frq_242
1268++ AA8F 41 E7 5C    		db	65,231, 46 * 2
1269++ AA92 8C 9B       		dw	frq_726
1270++ AA94 FF E8 82    		db	255,232, 65 * 2
1271++ AA97 A4 8F       		dw	frq_94
1272++ AA99             
1273++ AA99             ;--- GM 65 = Alto Sax ---
1274++ AA99             
1275++ AA99             patch_65: 	
1276++ AA99 01          		db	1	; transpose on
1277++ AA9A DD AA       		dw	patch_65hdr
1278++ AA9C 1B 92 48    		db	27,146, 36 * 2
1279++ AA9F 6C 8E       		dw	frq_27
1280++ AAA1 1E 96 66    		db	30,150, 51 * 2
1281++ AAA4 D4 9B       		dw	frq_737
1282++ AAA6 23 99 6C    		db	35,153, 54 * 2
1283++ AAA9 F4 96       		dw	frq_385
1284++ AAAB 24 8F 76    		db	36,143, 59 * 2
1285++ AAAE BC 92       		dw	frq_242
1286++ AAB0 27 93 78    		db	39,147, 60 * 2
1287++ AAB3 9C 8E       		dw	frq_46
1288++ AAB5 2A 97 66    		db	42,151, 51 * 2
1289++ AAB8 04 9C       		dw	frq_775
1290++ AABA 2D 9A 6C    		db	45,154, 54 * 2
1291++ AABD FC 97       		dw	frq_460
1292++ AABF 30 90 72    		db	48,144, 57 * 2
1293++ AAC2 14 92       		dw	frq_216
1294++ AAC4 33 94 78    		db	51,148, 60 * 2
1295++ AAC7 24 8E       		dw	frq_22
1296++ AAC9 35 98 66    		db	53,152, 51 * 2
1297++ AACC A4 9B       		dw	frq_727
1298++ AACE 39 9B 6A    		db	57,155, 53 * 2
1299++ AAD1 44 98       		dw	frq_480
1300++ AAD3 3C 91 72    		db	60,145, 57 * 2
1301++ AAD6 AC 93       		dw	frq_290
1302++ AAD8 FF 95 78    		db	255,149, 60 * 2
1303++ AADB A4 8F       		dw	frq_94
1304++ AADD             patch_65hdr: 	
1305++ AADD 19 C8 0B FF 		db	019h,0c8h,000bh,0ffh
1306++ AAE1             
1307++ AAE1             ;--- GM 66 = Tenor Sax ---
1308++ AAE1             
1309++ AAE1             patch_66: 	
1310++ AAE1 01          		db	1	; transpose on
1311++ AAE2 63 A7       		dw	patch_36hdr
1312++ AAE4 19 E9 48    		db	25,233, 36 * 2
1313++ AAE7 FC 8E       		dw	frq_75
1314++ AAE9 1D EA 62    		db	29,234, 49 * 2
1315++ AAEC 5C 9B       		dw	frq_715
1316++ AAEE 23 EB 6A    		db	35,235, 53 * 2
1317++ AAF1 8C 92       		dw	frq_228
1318++ AAF3 2A ED 5E    		db	42,237, 47 * 2
1319++ AAF6 9C 9A       		dw	frq_653
1320++ AAF8 30 EC 6C    		db	48,236, 54 * 2
1321++ AAFB CC 8E       		dw	frq_70
1322++ AAFD 3A EE 60    		db	58,238, 48 * 2
1323++ AB00 A4 98       		dw	frq_531
1324++ AB02 FF EF 5C    		db	255,239, 46 * 2
1325++ AB05 44 9E       		dw	frq_920
1326++ AB07             
1327++ AB07             
1328++ AB07             ;--- GM 67 = Baritone Sax ---
1329++ AB07             
1330++ AB07             patch_67: 	
1331++ AB07 01          		db	1	; transpose on
1332++ AB08 63 A7       		dw	patch_36hdr
1333++ AB0A 16 DF 48    		db	22,223, 36 * 2
1334++ AB0D DC 93       		dw	frq_299
1335++ AB0F 1D E1 5C    		db	29,225, 46 * 2
1336++ AB12 EC 98       		dw	frq_545
1337++ AB14 22 E2 6A    		db	34,226, 53 * 2
1338++ AB17 DC 93       		dw	frq_299
1339++ AB19 FF E0 5C    		db	255,224, 46 * 2
1340++ AB1C CC 9D       		dw	frq_874
1341++ AB1E             
1342++ AB1E             ;--- GM 68 = Oboe ---
1343++ AB1E             
1344++ AB1E             patch_68: 	
1345++ AB1E 01          		db	1	; transpose on
1346++ AB1F 3F AB       		dw	patch_68hdr
1347++ AB21 25 42 18    		db	37,66, 12 * 2
1348++ AB24 44 9E       		dw	frq_920
1349++ AB26 2C 44 62    		db	44,68, 49 * 2
1350++ AB29 6C 94       		dw	frq_338
1351++ AB2B 32 43 58    		db	50,67, 44 * 2
1352++ AB2E 44 9E       		dw	frq_920
1353++ AB30 38 46 64    		db	56,70, 50 * 2
1354++ AB33 54 94       		dw	frq_335
1355++ AB35 3E 45 58    		db	62,69, 44 * 2
1356++ AB38 44 9E       		dw	frq_920
1357++ AB3A FF 47 64    		db	255,71, 50 * 2
1358++ AB3D 54 94       		dw	frq_335
1359++ AB3F             patch_68hdr: 	
1360++ AB3F 39 FF       		db	039h,0ffh
1361++ AB41             
1362++ AB41             ;--- GM 69 = English Horn ---
1363++ AB41             
1364++ AB41             patch_69: 	
1365++ AB41 01          		db	1	; transpose on
1366++ AB42 53 AB       		dw	patch_69hdr
1367++ AB44 21 3C 30    		db	33,60, 24 * 2
1368++ AB47 D4 92       		dw	frq_254
1369++ AB49 27 3B 5A    		db	39,59, 45 * 2
1370++ AB4C EC 9B       		dw	frq_750
1371++ AB4E FF 3D 66    		db	255,61, 51 * 2
1372++ AB51 BC 92       		dw	frq_242
1373++ AB53             patch_69hdr: 	
1374++ AB53 31 FF       		db	031h,0ffh
1375++ AB55             
1376++ AB55             ;--- GM 70 = Bassoon ---
1377++ AB55             
1378++ AB55             patch_70: 	
1379++ AB55 01          		db	1	; transpose on
1380++ AB56 53 AB       		dw	patch_69hdr
1381++ AB58 0B 38 60    		db	11,56, 48 * 2
1382++ AB5B E4 8E       		dw	frq_73
1383++ AB5D 17 3A 5E    		db	23,58, 47 * 2
1384++ AB60 BC 98       		dw	frq_532
1385++ AB62 FF 39 76    		db	255,57, 59 * 2
1386++ AB65 FC 8E       		dw	frq_75
1387++ AB67             
1388++ AB67             ;--- GM 71 = Clarinet ---
1389++ AB67             
1390++ AB67             patch_71: 	
1391++ AB67 01          		db	1	; transpose on
1392++ AB68 7E AB       		dw	patch_71hdr
1393++ AB6A 24 9E 30    		db	36,158, 24 * 2
1394++ AB6D 34 9C       		dw	frq_810
1395++ AB6F 2A A0 78    		db	42,160, 60 * 2
1396++ AB72 94 93       		dw	frq_288
1397++ AB74 33 9F 6C    		db	51,159, 54 * 2
1398++ AB77 8C 9B       		dw	frq_726
1399++ AB79 FF A1 66    		db	255,161, 51 * 2
1400++ AB7C 44 9E       		dw	frq_920
1401++ AB7E             patch_71hdr: 	
1402++ AB7E 29 FF       		db	029h,0ffh
1403++ AB80             
1404++ AB80             ;--- GM 72 = Piccolo ---
1405++ AB80             
1406++ AB80             patch_72: 	
1407++ AB80 01          		db	1	; transpose on
1408++ AB81 9C AB       		dw	patch_72hdr
1409++ AB83 29 71 30    		db	41,113, 24 * 2
1410++ AB86 A4 8F       		dw	frq_94
1411++ AB88 36 72 6A    		db	54,114, 53 * 2
1412++ AB8B 1C 90       		dw	frq_118
1413++ AB8D 3C 73 6C    		db	60,115, 54 * 2
1414++ AB90 A4 8F       		dw	frq_94
1415++ AB92 48 74 78    		db	72,116, 60 * 2
1416++ AB95 94 93       		dw	frq_288
1417++ AB97 FF 75 78    		db	255,117, 60 * 2
1418++ AB9A 44 9E       		dw	frq_920
1419++ AB9C             patch_72hdr: 	
1420++ AB9C 38 E0 02 FF 		db	038h,0e0h,2,0ffh
1421++ ABA0             
1422++ ABA0             ;--- GM 73 = Flute ---
1423++ ABA0             
1424++ ABA0             patch_73: 	
1425++ ABA0 01          		db	1	; transpose on
1426++ ABA1 9C AB       		dw	patch_72hdr
1427++ ABA3 29 71 30    		db	41,113, 24 * 2
1428++ ABA6 A4 8F       		dw	frq_94
1429++ ABA8 36 72 6A    		db	54,114, 53 * 2
1430++ ABAB 1C 90       		dw	frq_118
1431++ ABAD FF 73 6C    		db	255,115, 54 * 2
1432++ ABB0 A4 8F       		dw	frq_94
1433++ ABB2             
1434++ ABB2             ;--- GM 74 = Recorder ---
1435++ ABB2             
1436++ ABB2             patch_74: 	
1437++ ABB2 01          		db	1	; transpose on
1438++ ABB3 BA AB       		dw	patch_74hdr
1439++ ABB5 FF BD 30    		db	255,189, 24 * 2
1440++ ABB8 64 90       		dw	frq_143
1441++ ABBA             patch_74hdr: 	
1442++ ABBA 30 E0 01 FF 		db	030h,0e0h,1,0ffh
1443++ ABBE             
1444++ ABBE             ;--- GM 75 = Pan Flute ---
1445++ ABBE             
1446++ ABBE             patch_75: 	
1447++ ABBE 01          		db	1	; transpose on
1448++ ABBF C6 AB       		dw	patch_75hdr
1449++ ABC1 FF 77 00    		db	255,119, 0 * 2
1450++ ABC4 14 98       		dw	frq_461
1451++ ABC6             patch_75hdr: 	
1452++ ABC6 30 E0 03 FF 		db	030h,0e0h,3,0ffh
1453++ ABCA             
1454++ ABCA             ;--- GM 76 = Blown Bottle ---
1455++ ABCA             
1456++ ABCA             patch_76A: 	
1457++ ABCA 01          		db	1	; transpose on
1458++ ABCB D2 AB       		dw	patch_76Ahdr
1459++ ABCD FF 77 00    		db	255,119, 0 * 2
1460++ ABD0 14 98       		dw	frq_461
1461++ ABD2             patch_76Ahdr: 	
1462++ ABD2 38 E0 01 FF 		db	038h,0e0h,1,0ffh
1463++ ABD6             
1464++ ABD6             patch_76B: 	
1465++ ABD6 01          		db	1	; transpose on
1466++ ABD7 DE AB       		dw	patch_76Bhdr
1467++ ABD9 FF 25 1D    		db	255,25h, 1 + (12 + 2) * 2 ;31h	; tone 293
1468++ ABDC 0C 8E       		dw	frq_21
1469++ ABDE             patch_76Bhdr: 	
1470++ ABDE 00 FF       		db	0h,0ffh
1471++ ABE0             
1472++ ABE0             ;--- GM 77 = Shakuhachi ---
1473++ ABE0             
1474++ ABE0             patch_77A: 		
1475++ ABE0 01          		db	1	; transpose on
1476++ ABE1 C6 AB       		dw	patch_75hdr
1477++ ABE3 FF AB 18    		db	255,171, 12 * 2
1478++ ABE6 3C A0       		dw	frq_969
1479++ ABE8             
1480++ ABE8             patch_77B: 	
1481++ ABE8 01          		db	1	; transpose on
1482++ ABE9 F0 AB       		dw	patch_77Bhdr
1483++ ABEB FF 76 18    		db	255,118, 12 * 2
1484++ ABEE E4 94       		dw	frq_345
1485++ ABF0             patch_77Bhdr: 	
1486++ ABF0 28 E0 02 FF 		db	028h,0e0h,2,0ffh
1487++ ABF4             
1488++ ABF4             ;--- GM 78 = Whistle ---
1489++ ABF4             
1490++ ABF4             patch_78: 	
1491++ ABF4 01          		db	1	; transpose on
1492++ ABF5 FC AB       		dw	patch_78hdr
1493++ ABF7 FF AA 00    		db	255,170, 0 * 2
1494++ ABFA A4 8F       		dw	frq_94
1495++ ABFC             patch_78hdr: 	
1496++ ABFC 2C 98 70 FF 		db	02ch,098h,070h,0ffh
1497++ AC00             
1498++ AC00             ;--- GM 79 = Ocarina ---
1499++ AC00             
1500++ AC00             patch_79: 	
1501++ AC00 01          		db	1	; transpose on
1502++ AC01 08 AC       		dw	patch_79hdr
1503++ AC03 FF AA 00    		db	255,170, 0 * 2
1504++ AC06 A4 8F       		dw	frq_94
1505++ AC08             patch_79hdr: 	
1506++ AC08 29 E0 01 FF 		db	029h,0e0h,1,0ffh
1507++ AC0C             
1508++ AC0C             ;--- GM 80 = Lead 1 (square) ---
1509++ AC0C             
1510++ AC0C             patch_80A: 	
1511++ AC0C 01          		db	1	; transpose on
1512++ AC0D 2D AC       		dw	patch_80Ahdr
1513++ AC0F 13 CC 78    		db	19,204, 60 * 2
1514++ AC12 9C 94       		dw	frq_341
1515++ AC14 1F CD 6E    		db	31,205, 55 * 2
1516++ AC17 CC 94       		dw	frq_343
1517++ AC19 2B CA 6E    		db	43,202, 55 * 2
1518++ AC1C CC 94       		dw	frq_343
1519++ AC1E 37 CF 6E    		db	55,207, 55 * 2
1520++ AC21 CC 94       		dw	frq_343
1521++ AC23 43 CE 6E    		db	67,206, 55 * 2
1522++ AC26 CC 94       		dw	frq_343
1523++ AC28 FF CB 6E    		db	255,203, 55 * 2
1524++ AC2B CC 94       		dw	frq_343
1525++ AC2D             patch_80Ahdr: 	
1526++ AC2D 38 98 C6 FF 		db	038h,098h,0c6h,0ffh
1527++ AC31             
1528++ AC31             
1529++ AC31             patch_80B: 	
1530++ AC31 01          		db	1	; transpose on
1531++ AC32 52 AC       		dw	patch_80Bhdr
1532++ AC34 13 CC 78    		db	19,204, 60 * 2
1533++ AC37 54 94       		dw	frq_335
1534++ AC39 1F CD 6E    		db	31,205, 55 * 2
1535++ AC3C 6C 94       		dw	frq_338
1536++ AC3E 2B CA 6E    		db	43,202, 55 * 2
1537++ AC41 6C 94       		dw	frq_338
1538++ AC43 37 CF 6E    		db	55,207, 55 * 2
1539++ AC46 6C 94       		dw	frq_338
1540++ AC48 43 CE 6E    		db	67,206, 55 * 2
1541++ AC4B 6C 94       		dw	frq_338
1542++ AC4D FF CB 6E    		db	255,203, 55 * 2
1543++ AC50 6C 94       		dw	frq_338
1544++ AC52             patch_80Bhdr: 	
1545++ AC52 08 98 C6 FF 		db	008h,098h,0c6h,0ffh
1546++ AC56             
1547++ AC56             
1548++ AC56             ;--- GM 81 = Lead 2 (sawtooth) ---
1549++ AC56             
1550++ AC56             patch_81A: 	
1551++ AC56 01          		db	1	; transpose on
1552++ AC57 95 AC       		dw	patch_81Ahdr
1553++ AC59 10 18 61    		db	16,18h, 1 + 48 * 2	; tone 280
1554++ AC5C A4 9E       		dw	frq_927
1555++ AC5E 16 19 81    		db	22,19h, 1 + 64 * 2	; tone 281
1556++ AC61 A4 95       		dw	frq_358
1557++ AC63 1C 1A 75    		db	28,1ah, 1 + 58 * 2	; tone 282
1558++ AC66 74 9E       		dw	frq_925
1559++ AC68 22 1B 81    		db	34,1bh, 1 + 64 * 2	; tone 283
1560++ AC6B A4 95       		dw	frq_358
1561++ AC6D 28 1C 75    		db	40,1ch, 1 + 58 * 2	; tone 284
1562++ AC70 04 9F       		dw	frq_936
1563++ AC72 2E 1D 81    		db	46,1dh, 1 + 64 * 2	; tone 285
1564++ AC75 04 96       		dw	frq_364
1565++ AC77 34 1E 75    		db	52,1eh, 1 + 58 * 2	; tone 286
1566++ AC7A 94 9F       		dw	frq_949
1567++ AC7C 3A 1F 81    		db	58,1fh, 1 + 64 * 2	; tone 287
1568++ AC7F 04 96       		dw	frq_364
1569++ AC81 40 20 75    		db	64,20h, 1 + 58 * 2	; tone 288
1570++ AC84 54 A0       		dw	frq_974
1571++ AC86 46 21 81    		db	70,21h, 1 + 64 * 2	; tone 289
1572++ AC89 84 94       		dw	frq_340
1573++ AC8B 4F 22 75    		db	79,22h, 1 + 58 * 2	; tone 290
1574++ AC8E 74 9E       		dw	frq_925
1575++ AC90 FF 23 6F    		db	255,23h, 1 + 55 * 2	; tone 291
1576++ AC93 74 9E       		dw	frq_925
1577++ AC95             patch_81Ahdr: 	
1578++ AC95             		db	030h,098h,0f2h,0b0h,022h,0c8h,00ah,0ffh
1578++ AC95 3098F2B022C80AFF
1579++ AC9D             
1580++ AC9D             patch_81B: 	
1581++ AC9D 01          		db	1	; transpose on
1582++ AC9E 95 AC       		dw	patch_81Ahdr
1583++ ACA0 10 18 61    		db	16,18h, 1 + 48 * 2	; tone 280
1584++ ACA3 2C 9E       		dw	frq_918
1585++ ACA5 16 19 81    		db	22,19h, 1 + 64 * 2	; tone 281
1586++ ACA8 2C 95       		dw	frq_352
1587++ ACAA 1C 1A 75    		db	28,1ah, 1 + 58 * 2	; tone 282
1588++ ACAD 14 9E       		dw	frq_916
1589++ ACAF 22 1B 81    		db	34,1bh, 1 + 64 * 2	; tone 283
1590++ ACB2 2C 95       		dw	frq_352
1591++ ACB4 28 1C 75    		db	40,1ch, 1 + 58 * 2	; tone 284
1592++ ACB7 A4 9E       		dw	frq_927
1593++ ACB9 2E 1D 81    		db	46,1dh, 1 + 64 * 2	; tone 285
1594++ ACBC A4 95       		dw	frq_358
1595++ ACBE 34 1E 75    		db	52,1eh, 1 + 58 * 2	; tone 286
1596++ ACC1 4C 9F       		dw	frq_941
1597++ ACC3 3A 1F 81    		db	58,1fh, 1 + 64 * 2	; tone 287
1598++ ACC6 A4 95       		dw	frq_358
1599++ ACC8 40 20 75    		db	64,20h, 1 + 58 * 2	; tone 288
1600++ ACCB 24 A0       		dw	frq_966
1601++ ACCD 46 21 81    		db	70,21h, 1 + 64 * 2	; tone 289
1602++ ACD0 3C 94       		dw	frq_333
1603++ ACD2 4F 22 75    		db	79,22h, 1 + 58 * 2	; tone 290
1604++ ACD5 14 9E       		dw	frq_916
1605++ ACD7 FF 23 6F    		db	255,23h, 1 + 55 * 2	; tone 291
1606++ ACDA 14 9E       		dw	frq_916
1607++ ACDC             
1608++ ACDC             ;--- GM 82 = Lead 3 (calliope) ---
1609++ ACDC             
1610++ ACDC             patch_82A: 	
1611++ ACDC 01          		db	1	; transpose on
1612++ ACDD E4 AC       		dw	patch_82Ahdr
1613++ ACDF FF AA 00    		db	255,170, 0 * 2
1614++ ACE2 A4 8F       		dw	frq_94
1615++ ACE4             patch_82Ahdr: 	
1616++ ACE4 28 E0 02 FF 		db	028h,0e0h,2,0ffh
1617++ ACE8             
1618++ ACE8             patch_82B: 	
1619++ ACE8 01          		db	1	; transpose on
1620++ ACE9 F0 AC       		dw	patch_82Bhdr
1621++ ACEB FF 76 18    		db	255,118, 12 * 2
1622++ ACEE E4 94       		dw	frq_345
1623++ ACF0             patch_82Bhdr: 	
1624++ ACF0             		db	028h,098h,0b0h,0e0h,2,0ffh
1624++ ACF0 2898B0E002FF
1625++ ACF6             
1626++ ACF6             ;--- GM 83 = Lead 4 (chiff) ---
1627++ ACF6             
1628++ ACF6             patch_83A: 	
1629++ ACF6 01          		db	1	; transpose on
1630++ ACF7 FE AC       		dw	patch_83Ahdr
1631++ ACF9 FF 3A 19    		db	255,3ah, 1 + 12 * 2	; tone 314
1632++ ACFC 0C 94       		dw	frq_314
1633++ ACFE             patch_83Ahdr: 	
1634++ ACFE 2A E0 01 FF 		db	02ah,0e0h,1,0ffh
1635++ AD02             
1636++ AD02             patch_83B: 	
1637++ AD02 01          		db	1	; transpose on
1638++ AD03 41 A4       		dw	patch_2Bhdr
1639++ AD05 FF FE 18    		db	255,254, 12 * 2
1640++ AD08 F4 93       		dw	frq_311
1641++ AD0A             
1642++ AD0A             
1643++ AD0A             ;--- GM 84 = Lead 5 (charang) ---
1644++ AD0A             
1645++ AD0A             patch_84A: 	
1646++ AD0A 01          		db	1	; transpose on
1647++ AD0B 17 AD       		dw	patch_84Ahdr
1648++ AD0D 29 A5 48    		db	41,165, 36 * 2
1649++ AD10 A4 92       		dw	frq_231
1650++ AD12 FF A6 82    		db	255,166, 65 * 2
1651++ AD15 2C 98       		dw	frq_462
1652++ AD17             patch_84Ahdr: 	
1653++ AD17 33 FF       		db	033h,0ffh
1654++ AD19             
1655++ AD19             patch_84B: 	
1656++ AD19 01          		db	1	; transpose on
1657++ AD1A 58 AD       		dw	patch_84Bhdr
1658++ AD1C 10 18 61    		db	16,18h, 1 + 48 * 2	; tone 280
1659++ AD1F 2C 9E       		dw	frq_918
1660++ AD21 16 19 81    		db	22,19h, 1 + 64 * 2	; tone 281
1661++ AD24 2C 95       		dw	frq_352
1662++ AD26 1C 1A 75    		db	28,1ah, 1 + 58 * 2	; tone 282
1663++ AD29 14 9E       		dw	frq_916
1664++ AD2B 22 1B 81    		db	34,1bh, 1 + 64 * 2	; tone 283
1665++ AD2E 2C 95       		dw	frq_352
1666++ AD30 28 1C 75    		db	40,1ch, 1 + 58 * 2	; tone 284
1667++ AD33 A4 9E       		dw	frq_927
1668++ AD35 2E 1D 81    		db	46,1dh, 1 + 64 * 2	; tone 285
1669++ AD38 A4 95       		dw	frq_358
1670++ AD3A 34 1E 75    		db	52,1eh, 1 + 58 * 2	; tone 286
1671++ AD3D 4C 9F       		dw	frq_941
1672++ AD3F 3A 1F 81    		db	58,1fh, 1 + 64 * 2	; tone 287
1673++ AD42 A4 95       		dw	frq_358
1674++ AD44 40 20 75    		db	64,20h, 1 + 58 * 2	; tone 288
1675++ AD47 24 A0       		dw	frq_966
1676++ AD49 46 21 81    		db	70,21h, 1 + 64 * 2	; tone 289
1677++ AD4C 3C 94       		dw	frq_333
1678++ AD4E 4F 22 75    		db	79,22h, 1 + 58 * 2	; tone 290
1679++ AD51 14 9E       		dw	frq_916
1680++ AD53 FF 23 6F    		db	255,23h, 1 + 55 * 2	; tone 291
1681++ AD56 14 9E       		dw	frq_916
1682++ AD58             patch_84Bhdr: 	
1683++ AD58             		db	02ah,098h,0f2h,0b0h,022h,0c8h,00eh,0ffh
1683++ AD58 2A98F2B022C80EFF
1684++ AD60             
1685++ AD60             
1686++ AD60             ;--- GM 85 = Lead 6 (voice) ---
1687++ AD60             
1688++ AD60             patch_85A: 	
1689++ AD60 01          		db	1	; transpose on
1690++ AD61 68 AD       		dw	patch_85Ahdr
1691++ AD63 FF AA 00    		db	255,170, 0 * 2
1692++ AD66 EC 8F       		dw	frq_98
1693++ AD68             patch_85Ahdr: 	
1694++ AD68 2E FF       		db	02eh,0ffh
1695++ AD6A             
1696++ AD6A             patch_85B: 	
1697++ AD6A 01          		db	1	; transpose on
1698++ AD6B 72 AD       		dw	patch_85Bhdr
1699++ AD6D FF 2A 18    		db	255,42, 12 * 2
1700++ AD70 84 91       		dw	frq_204
1701++ AD72             patch_85Bhdr: 	
1702++ AD72             		db	029h,098h,0f0h,0c8h,00ah,0ffh
1702++ AD72 2998F0C80AFF
1703++ AD78             
1704++ AD78             
1705++ AD78             ;--- GM 86 = Lead 7 (fifths) ---
1706++ AD78             
1707++ AD78             patch_86A: 	
1708++ AD78 01          		db	1	; transpose on
1709++ AD79 B7 AD       		dw	patch_86Ahdr
1710++ AD7B 10 18 61    		db	16,18h, 1 + 48 * 2	; tone 280
1711++ AD7E 2C 9E       		dw	frq_918
1712++ AD80 16 19 81    		db	22,19h, 1 + 64 * 2	; tone 281
1713++ AD83 2C 95       		dw	frq_352
1714++ AD85 1C 1A 75    		db	28,1ah, 1 + 58 * 2	; tone 282
1715++ AD88 14 9E       		dw	frq_916
1716++ AD8A 22 1B 81    		db	34,1bh, 1 + 64 * 2	; tone 283
1717++ AD8D 2C 95       		dw	frq_352
1718++ AD8F 28 1C 75    		db	40,1ch, 1 + 58 * 2	; tone 284
1719++ AD92 A4 9E       		dw	frq_927
1720++ AD94 2E 1D 81    		db	46,1dh, 1 + 64 * 2	; tone 285
1721++ AD97 A4 95       		dw	frq_358
1722++ AD99 34 1E 75    		db	52,1eh, 1 + 58 * 2	; tone 286
1723++ AD9C 4C 9F       		dw	frq_941
1724++ AD9E 3A 1F 81    		db	58,1fh, 1 + 64 * 2	; tone 287
1725++ ADA1 A4 95       		dw	frq_358
1726++ ADA3 40 20 75    		db	64,20h, 1 + 58 * 2	; tone 288
1727++ ADA6 24 A0       		dw	frq_966
1728++ ADA8 46 21 81    		db	70,21h, 1 + 64 * 2	; tone 289
1729++ ADAB 3C 94       		dw	frq_333
1730++ ADAD 4F 22 75    		db	79,22h, 1 + 58 * 2	; tone 290
1731++ ADB0 14 9E       		dw	frq_916
1732++ ADB2 FF 23 6F    		db	255,23h, 1 + 55 * 2	; tone 291
1733++ ADB5 14 9E       		dw	frq_916
1734++ ADB7             patch_86Ahdr: 	
1735++ ADB7 32 98 F5 FF 		db	032h,098h,0f5h,0ffh
1736++ ADBB             
1737++ ADBB             patch_86B: 	
1738++ ADBB 01          		db	1	; transpose on
1739++ ADBC C3 AD       		dw	patch_86Bhdr
1740++ ADBE FF 02 18    		db	255,2, 12 * 2
1741++ ADC1 BC 9E       		dw	frq_929
1742++ ADC3             patch_86Bhdr: 	
1743++ ADC3             		db	031h,098h,0b3h,0b0h,022h,0c8h,00bh,0ffh
1743++ ADC3 3198B3B022C80BFF
1744++ ADCB             
1745++ ADCB             ;--- GM 87 = Lead 8 (bass + lead) ---
1746++ ADCB             
1747++ ADCB             patch_87A: 	
1748++ ADCB 01          		db	1	; transpose on
1749++ ADCC AE A6       		dw	patch_27hdr
1750++ ADCE FF 17 61    		db	255,17h, 1 + 48 * 2	; tone 279
1751++ ADD1 44 92       		dw	frq_219
1752++ ADD3             
1753++ ADD3             
1754++ ADD3             ;--- GM 88 = Pad 1 (new age) ---
1755++ ADD3             ; B zachter dan A
1756++ ADD3             patch_88A: 	
1757++ ADD3 01          		db	1	; transpose on
1758++ ADD4 DB AD       		dw	patch_88Ahdr
1759++ ADD6 FF 02 18    		db	255,2, 12 * 2
1760++ ADD9 A4 9E       		dw	frq_927
1761++ ADDB             patch_88Ahdr: 	
1762++ ADDB 24 FF       		db	024h,0ffh
1763++ ADDD             
1764++ ADDD             patch_88B: 	
1765++ ADDD 01          		db	1	; transpose on
1766++ ADDE E5 AD       		dw	patch_88Bhdr
1767++ ADE0 FF F3 18    		db	255,243, 12 * 2
1768++ ADE3 74 9B       		dw	frq_721
1769++ ADE5             patch_88Bhdr: 	
1770++ ADE5             		db	023h,098h,0a2h,0b0h,014h,0c8h,6,0e0h,1,0ffh
1770++ ADE5 2398A2B014C806E001FF
1771++ ADEF             
1772++ ADEF             ;--- GM 89 = Pad 2 (warm) ---
1773++ ADEF             ; B zachter dan A
1774++ ADEF             patch_89A: 	
1775++ ADEF 01          		db	1	; transpose on
1776++ ADF0 F7 AD       		dw	patch_89Ahdr
1777++ ADF2 FF 4E 30    		db	255,78, 24 * 2
1778++ ADF5 C4 96       		dw	frq_379
1779++ ADF7             patch_89Ahdr: 	
1780++ ADF7 2A E0 02 FF 		db	02ah,0e0h,2,0ffh
1781++ ADFB             
1782++ ADFB             patch_89B: 	
1783++ ADFB 01          		db	1	; transpose on
1784++ ADFC 76 AA       		dw	patch_63Bhdr
1785++ ADFE FF 29 18    		db	255,41, 12 * 2
1786++ AE01 EC 92       		dw	frq_261
1787++ AE03             
1788++ AE03             
1789++ AE03             ;--- GM 90 = Pad 3 (polysynth) ---
1790++ AE03             
1791++ AE03             patch_90A: 	
1792++ AE03 01          		db	1	; transpose on
1793++ AE04 42 AE       		dw	patch_90Ahdr
1794++ AE06 10 18 61    		db	16,18h, 1 + 48 * 2	; tone 280
1795++ AE09 BC 9E       		dw	frq_929
1796++ AE0B 16 19 81    		db	22,19h, 1 + 64 * 2	; tone 281
1797++ AE0E BC 95       		dw	frq_360
1798++ AE10 1C 1A 75    		db	28,1ah, 1 + 58 * 2	; tone 282
1799++ AE13 A4 9E       		dw	frq_927
1800++ AE15 22 1B 81    		db	34,1bh, 1 + 64 * 2	; tone 283
1801++ AE18 BC 95       		dw	frq_360
1802++ AE1A 28 1C 75    		db	40,1ch, 1 + 58 * 2	; tone 284
1803++ AE1D 34 9F       		dw	frq_939
1804++ AE1F 2E 1D 81    		db	46,1dh, 1 + 64 * 2	; tone 285
1805++ AE22 34 96       		dw	frq_366
1806++ AE24 34 1E 75    		db	52,1eh, 1 + 58 * 2	; tone 286
1807++ AE27 C4 9F       		dw	frq_951
1808++ AE29 3A 1F 81    		db	58,1fh, 1 + 64 * 2	; tone 287
1809++ AE2C 34 96       		dw	frq_366
1810++ AE2E 40 20 75    		db	64,20h, 1 + 58 * 2	; tone 288
1811++ AE31 6C A0       		dw	frq_977
1812++ AE33 46 21 81    		db	70,21h, 1 + 64 * 2	; tone 289
1813++ AE36 9C 94       		dw	frq_341
1814++ AE38 4F 22 75    		db	79,22h, 1 + 58 * 2	; tone 290
1815++ AE3B A4 9E       		dw	frq_927
1816++ AE3D FF 23 6F    		db	255,23h, 1 + 55 * 2	; tone 291
1817++ AE40 A4 9E       		dw	frq_927
1818++ AE42             patch_90Ahdr: 	
1819++ AE42             		db	023h,098h,0f2h,0b0h,022h,0c8h,007h,0e0h,1,0ffh
1819++ AE42 2398F2B022C807E001FF
1820++ AE4C             
1821++ AE4C             patch_90B: 	
1822++ AE4C 01          		db	1	; transpose on
1823++ AE4D 54 AE       		dw	patch_90Bhdr
1824++ AE4F FF 24 19    		db	255,24h, 1 + 12 * 2	; tone 292
1825++ AE52 1C 99       		dw	frq_550
1826++ AE54             patch_90Bhdr: 	
1827++ AE54 22 98 E5 FF 		db	022h,098h,0e5h,0ffh
1828++ AE58             
1829++ AE58             ;--- GM 91 = Pad 4 (choir) ---
1830++ AE58             
1831++ AE58             patch_91A: 	
1832++ AE58 01          		db	1	; transpose on
1833++ AE59 6F AE       		dw	patch_91Ahdr
1834++ AE5B 23 18 30    		db	35,24, 24 * 2
1835++ AE5E 84 91       		dw	frq_204
1836++ AE60 29 19 5E    		db	41,25, 47 * 2
1837++ AE63 64 9C       		dw	frq_815
1838++ AE65 30 1A 6A    		db	48,26, 53 * 2
1839++ AE68 9C 91       		dw	frq_206
1840++ AE6A FF 1B 60    		db	255,27, 48 * 2
1841++ AE6D 74 95       		dw	frq_356
1842++ AE6F             patch_91Ahdr: 	
1843++ AE6F 25 C8 06 FF 		db	025h,0c8h,006h,0ffh
1844++ AE73             
1845++ AE73             patch_91B: 	
1846++ AE73 01          		db	1	; transpose on
1847++ AE74 7B AE       		dw	patch_91Bhdr
1848++ AE76 FF 2A 18    		db	255,42, 12 * 2
1849++ AE79 B4 91       		dw	frq_208
1850++ AE7B             patch_91Bhdr: 	
1851++ AE7B             		db	024h,098h,065h,0b0h,021h,0ffh
1851++ AE7B 249865B021FF
1852++ AE81             
1853++ AE81             ;--- GM 92 = Pad 5 (bowed) ---
1854++ AE81             
1855++ AE81             patch_92A: 	
1856++ AE81 01          		db	1	; transpose on
1857++ AE82 89 AE       		dw	patch_92Ahdr
1858++ AE84 FF 02 31    		db	255,2, 1 + 24 * 2	; tone 257
1859++ AE87 5C 8F       		dw	frq_88
1860++ AE89             patch_92Ahdr: 	
1861++ AE89             		db	019h,098h,044h,0e0h,2,0ffh
1861++ AE89 199844E002FF
1862++ AE8F             
1863++ AE8F             patch_92B: 	
1864++ AE8F 01          		db	1	; transpose on
1865++ AE90 97 AE       		dw	patch_92Bhdr
1866++ AE92 FF AA 00    		db	255,170, 0 * 2
1867++ AE95 74 8F       		dw	frq_89
1868++ AE97             patch_92Bhdr: 	
1869++ AE97             		db	019h,098h,040h,0c8h,6,0ffh
1869++ AE97 199840C806FF
1870++ AE9D             
1871++ AE9D             ;--- GM 93 = Pad 6 (metallic) ---
1872++ AE9D             
1873++ AE9D             patch_93A: 	
1874++ AE9D 01          		db	1	; transpose on
1875++ AE9E B4 AE       		dw	patch_93Ahdr
1876++ AEA0 1A 0C 48    		db	26,12, 36 * 2
1877++ AEA3 84 97       		dw	frq_445
1878++ AEA5 21 0D 64    		db	33,13, 50 * 2
1879++ AEA8 B4 97       		dw	frq_450
1880++ AEAA 30 0E 5A    		db	48,14, 45 * 2
1881++ AEAD DC 9C       		dw	frq_828
1882++ AEAF FF 0F 60    		db	255,15, 48 * 2
1883++ AEB2 DC 9C       		dw	frq_828
1884++ AEB4             patch_93Ahdr: 	
1885++ AEB4             		db	00ah,0b0h,003h,0c8h,6,0ffh
1885++ AEB4 0AB003C806FF
1886++ AEBA             
1887++ AEBA             patch_93B: 	
1888++ AEBA 01          		db	1	; transpose on
1889++ AEBB C2 AE       		dw	patch_93Bhdr
1890++ AEBD FF 3F 18    		db	255,63, 12 * 2
1891++ AEC0 FC 9A       		dw	frq_698
1892++ AEC2             patch_93Bhdr: 	
1893++ AEC2 31 98 85 FF 		db	031h,098h,085h,0ffh
1894++ AEC6             
1895++ AEC6             ;--- GM 94 = Pad 7 (halo) ---
1896++ AEC6             patch_94A: 	
1897++ AEC6 01          		db	1	; transpose on
1898++ AEC7 0A A9       		dw	patch_52hdr
1899++ AEC9 FF 24 19    		db	255,24h, 1 + 12 * 2	; 292
1900++ AECC C4 99       		dw	frq_560
1901++ AECE             
1902++ AECE             patch_94B: 	
1903++ AECE 01          		db	1	; transpose on
1904++ AECF B9 A4       		dw	patch_5Ahdr
1905++ AED1 FF 2A 18    		db	255,42, 12 * 2
1906++ AED4 54 91       		dw	frq_202
1907++ AED6             
1908++ AED6             
1909++ AED6             ;--- GM 95 = Pad 8 (sweep) ---
1910++ AED6             
1911++ AED6             patch_95A: 	
1912++ AED6 01          		db	1	; transpose on
1913++ AED7 15 AF       		dw	patch_95Ahdr
1914++ AED9 10 D3 60    		db	16,211, 48 * 2
1915++ AEDC 44 9E       		dw	frq_920
1916++ AEDE 16 DA 80    		db	22,218, 64 * 2
1917++ AEE1 74 95       		dw	frq_356
1918++ AEE3 1C D4 74    		db	28,212, 58 * 2
1919++ AEE6 44 9E       		dw	frq_920
1920++ AEE8 22 DB 80    		db	34,219, 64 * 2
1921++ AEEB FC 94       		dw	frq_348
1922++ AEED 28 D5 74    		db	40,213, 58 * 2
1923++ AEF0 1C 9F       		dw	frq_937
1924++ AEF2 2E DC 80    		db	46,220, 64 * 2
1925++ AEF5 2C 95       		dw	frq_352
1926++ AEF7 34 D6 74    		db	52,214, 58 * 2
1927++ AEFA 8C 9E       		dw	frq_926
1928++ AEFC 3A DD 80    		db	58,221, 64 * 2
1929++ AEFF 1C 96       		dw	frq_365
1930++ AF01 40 D7 74    		db	64,215, 58 * 2
1931++ AF04 54 A0       		dw	frq_974	; 975
1932++ AF06 46 DE 80    		db	70,222, 64 * 2
1933++ AF09 9C 94       		dw	frq_341
1934++ AF0B 4C D8 74    		db	76,216, 58 * 2
1935++ AF0E 8C 9E       		dw	frq_926
1936++ AF10 FF D9 68    		db	255,217, 52 * 2
1937++ AF13 8C 9E       		dw	frq_926
1938++ AF15             patch_95Ahdr: 	
1939++ AF15             		db	019h,098h,015h,0c8h,6,0ffh
1939++ AF15 199815C806FF
1940++ AF1B             
1941++ AF1B             patch_95B: 	
1942++ AF1B 01          		db	1	; transpose on
1943++ AF1C 5A AF       		dw	patch_95Bhdr
1944++ AF1E 10 D3 60    		db	16,211, 48 * 2
1945++ AF21 FC 9D       		dw	frq_909
1946++ AF23 16 DA 80    		db	22,218, 64 * 2
1947++ AF26 14 95       		dw	frq_350
1948++ AF28 1C D4 74    		db	28,212, 58 * 2
1949++ AF2B FC 9D       		dw	frq_909
1950++ AF2D 22 DB 80    		db	34,219, 64 * 2
1951++ AF30 84 94       		dw	frq_340
1952++ AF32 28 D5 74    		db	40,213, 58 * 2
1953++ AF35 A4 9E       		dw	frq_927
1954++ AF37 2E DC 80    		db	46,220, 64 * 2
1955++ AF3A E4 94       		dw	frq_345
1956++ AF3C 34 D6 74    		db	52,214, 58 * 2
1957++ AF3F 14 9E       		dw	frq_916
1958++ AF41 3A DD 80    		db	58,221, 64 * 2
1959++ AF44 8C 95       		dw	frq_357
1960++ AF46 40 D7 74    		db	64,215, 58 * 2
1961++ AF49 0C A0       		dw	frq_964
1962++ AF4B 46 DE 80    		db	70,222, 64 * 2
1963++ AF4E 3C 94       		dw	frq_333
1964++ AF50 4C D8 74    		db	76,216, 58 * 2
1965++ AF53 8C 9E       		dw	frq_926
1966++ AF55 FF D9 68    		db	255,217, 52 * 2
1967++ AF58 14 9E       		dw	frq_916
1968++ AF5A             
1969++ AF5A             patch_95Bhdr: 	
1970++ AF5A             		db	018h,098h,015h,0c8h,6,0ffh
1970++ AF5A 189815C806FF
1971++ AF60             
1972++ AF60             ;--- GM 96 = Rain ---
1973++ AF60             
1974++ AF60             patch_96: 	
1975++ AF60 00          		db	0	; transpose off
1976++ AF61 86 A5       		dw	patch_15Bhdr
1977++ AF63 FF 43 63    		db	255,43h, 1 + (48 + 1) * 2	; tone 323
1978++ AF66 9C 97       		dw	frq_448
1979++ AF68             
1980++ AF68             
1981++ AF68             ;--- GM 97 = Soundtrack ---
1982++ AF68             
1983++ AF68             patch_97A: 	
1984++ AF68 01          		db	1	; transpose on
1985++ AF69 70 AF       		dw	patch_97Ahdr
1986++ AF6B FF 02 30    		db	255,2, 24 * 2
1987++ AF6E A4 9E       		dw	frq_927
1988++ AF70             patch_97Ahdr: 	
1989++ AF70 2A 98 60 FF 		db	02ah,098h,060h,0ffh
1990++ AF74             
1991++ AF74             patch_97B: 	
1992++ AF74 01          		db	1	; transpose on
1993++ AF75 7C AF       		dw	patch_97Bhdr
1994++ AF77 FF F3 00    		db	255,243, 0 * 2
1995++ AF7A 2C 9B       		dw	frq_704
1996++ AF7C             patch_97Bhdr: 	
1997++ AF7C             		db	02dh,098h,052h,0b0h,014h,0c8h,006h,0e0h,2,0ffh
1997++ AF7C 2D9852B014C806E002FF
1998++ AF86             
1999++ AF86             ;--- GM 98 = Crystal ---
2000++ AF86             
2001++ AF86             patch_98A: 	
2002++ AF86 01          		db	1	; transpose on
2003++ AF87 8E AF       		dw	patch_98Ahdr
2004++ AF89 FF F3 00    		db	255,243, 0 * 2
2005++ AF8C 64 90       		dw	frq_143
2006++ AF8E             patch_98Ahdr: 	
2007++ AF8E 33 FF       		db	033h,0ffh
2008++ AF90             
2009++ AF90             patch_98B: 	
2010++ AF90 01          		db	1	; transpose on
2011++ AF91 A2 AF       		dw	patch_98Bhdr
2012++ AF93 15 6D 48    		db	21,109, 36 * 2
2013++ AF96 C4 9C       		dw	frq_824
2014++ AF98 1F 6E 5A    		db	31,110, 45 * 2
2015++ AF9B F4 9C       		dw	frq_831
2016++ AF9D FF 6F 56    		db	255,111, 43 * 2
2017++ AFA0 6C 9D       		dw	frq_843
2018++ AFA2             patch_98Bhdr: 	
2019++ AFA2             		db	03bh,098h,085h,0c8h,6,0ffh
2019++ AFA2 3B9885C806FF
2020++ AFA8             
2021++ AFA8             ;--- GM 99 = Atmosphere ---
2022++ AFA8             
2023++ AFA8             patch_99A: 	
2024++ AFA8 01          		db	1	; transpose on
2025++ AFA9 B0 AF       		dw	patch_99Ahdr
2026++ AFAB FF 02 30    		db	255,2, 24 * 2
2027++ AFAE A4 9E       		dw	frq_927
2028++ AFB0             patch_99Ahdr: 	
2029++ AFB0             		db	032h,098h,073h,0b0h,022h,0c8h,6,0e0h,1,0ffh
2029++ AFB0 329873B022C806E001FF
2030++ AFBA             
2031++ AFBA             patch_99B: 	
2032++ AFBA 01          		db	1	; transpose on
2033++ AFBB D6 AF       		dw	patch_99Bhdr
2034++ AFBD 18 B3 48    		db	24,179, 36 * 2
2035++ AFC0 E4 97       		dw	frq_459
2036++ AFC2 1F B7 60    		db	31,183, 48 * 2
2037++ AFC5 4C 99       		dw	frq_555
2038++ AFC7 25 B5 6E    		db	37,181, 55 * 2
2039++ AFCA 0C 8E       		dw	frq_21
2040++ AFCC 2C B4 62    		db	44,180, 49 * 2
2041++ AFCF E4 97       		dw	frq_459
2042++ AFD1 FF B6 58    		db	255,182, 44 * 2
2043++ AFD4 8C 9B       		dw	frq_726
2044++ AFD6             patch_99Bhdr: 	
2045++ AFD6             		db	032h,0c8h,7,0e0h,2,0ffh
2045++ AFD6 32C807E002FF
2046++ AFDC             
2047++ AFDC             ;--- GM 100 = Brightness ---
2048++ AFDC             
2049++ AFDC             patch_100A: 	
2050++ AFDC 01          		db	1	; transpose on
2051++ AFDD 86 A5       		dw	patch_15Bhdr
2052++ AFDF FF 37 31    		db	255,37h, 1 + 24 * 2	; tone 311
2053++ AFE2 34 96       		dw	frq_366
2054++ AFE4             
2055++ AFE4             patch_100B: 	
2056++ AFE4 01          		db	1	; transpose on
2057++ AFE5 EC AF       		dw	patch_100Bhdr
2058++ AFE7 FF 2A 18    		db	255,42, 12 * 2
2059++ AFEA B4 91       		dw	frq_208
2060++ AFEC             patch_100Bhdr: 	
2061++ AFEC 29 C8 06 FF 		db	029h,0c8h,6,0ffh
2062++ AFF0             
2063++ AFF0             ;--- GM 102 = Echoes ---
2064++ AFF0             
2065++ AFF0             patch_102A: 	
2066++ AFF0 01          		db	1	; transpose on
2067++ AFF1 F8 AF       		dw	patch_102Ahdr
2068++ AFF3 FF 24 31    		db	255,24h, 1 + 24 * 2	; tone 292
2069++ AFF6 34 99       		dw	frq_552
2070++ AFF8             patch_102Ahdr: 	
2071++ AFF8             		db	02bh,098h,0f5h,0b0h,021h,0c8h,6,0ffh
2071++ AFF8 2B98F5B021C806FF
2072++ B000             
2073++ B000             patch_102B: 	
2074++ B000 01          		db	1	; transpose on
2075++ B001 08 B0       		dw	patch_102Bhdr
2076++ B003 FF 2A 18    		db	255,42, 12 * 2
2077++ B006 CC 91       		dw	frq_211
2078++ B008             patch_102Bhdr: 	
2079++ B008             		db	02bh,098h,085h,0b0h,023h,0c8h,7,0ffh
2079++ B008 2B9885B023C807FF
2080++ B010             
2081++ B010             ;--- GM 103 = FX 8 (sci-fi) ---
2082++ B010             
2083++ B010             patch_103A: 	
2084++ B010 01          		db	1	; transpose on
2085++ B011 27 B0       		dw	patch_103Ahdr
2086++ B013 1A 0C 48    		db	26,12, 36 * 2
2087++ B016 6C 97       		dw	frq_443
2088++ B018 21 0D 64    		db	33,13, 50 * 2
2089++ B01B 9C 97       		dw	frq_448
2090++ B01D 30 0E 5A    		db	48,14, 45 * 2
2091++ B020 C4 9C       		dw	frq_824
2092++ B022 FF 0F 60    		db	255,15, 48 * 2
2093++ B025 C4 9C       		dw	frq_824
2094++ B027             patch_103Ahdr: 	
2095++ B027             		db	02bh,098h,090h,0c8h,6,0e0h,3,0ffh
2095++ B027 2B9890C806E003FF
2096++ B02F             
2097++ B02F             patch_103B: 	
2098++ B02F 01          		db	1	; transpose on
2099++ B030 76 AA       		dw	patch_63Bhdr
2100++ B032 FF 02 18    		db	255,2, 12 * 2
2101++ B035 74 9E       		dw	frq_925
2102++ B037             
2103++ B037             
2104++ B037             ;--- GM 104 = Sitar ---
2105++ B037             
2106++ B037             patch_104: 	
2107++ B037 01          		db	1	; transpose on
2108++ B038 3F B0       		dw	patch_104hdr
2109++ B03A FF 0F 19    		db	255,0fh, 1 + 12 * 2	; tone 271
2110++ B03D 9C 9D       		dw	frq_847
2111++ B03F             patch_104hdr: 	
2112++ B03F             		db	032h,098h,0f4h,0b0h,015h,0c8h,016h,0e0h,1,0ffh
2112++ B03F 3298F4B015C816E001FF
2113++ B049             
2114++ B049             ;--- GM 105 = Banjo ---
2115++ B049             
2116++ B049             patch_105: 	
2117++ B049 01          		db	1	; transpose on
2118++ B04A 22 A6       		dw	patch_23Ahdr
2119++ B04C 1D 13 30    		db	29,19, 24 * 2
2120++ B04F 54 9A       		dw	frq_641
2121++ B051 21 14 6A    		db	33,20, 53 * 2
2122++ B054 6C 91       		dw	frq_203
2123++ B056 25 12 5A    		db	37,18, 45 * 2
2124++ B059 7C 9F       		dw	frq_944
2125++ B05B 2D 15 62    		db	45,21, 49 * 2
2126++ B05E 94 93       		dw	frq_288
2127++ B060 35 17 5A    		db	53,23, 45 * 2
2128++ B063 CC 9A       		dw	frq_677
2129++ B065 FF 16 6A    		db	255,22, 53 * 2
2130++ B068 84 8E       		dw	frq_45
2131++ B06A             
2132++ B06A             ;--- GM 106 = Shamisen ---
2133++ B06A             
2134++ B06A             patch_106: 	
2135++ B06A 01          		db	1	; transpose on
2136++ B06B 41 A4       		dw	patch_2Bhdr
2137++ B06D FF 0E 19    		db	255,0eh, 1 + 12 * 2	; tone 270
2138++ B070 D4 8F       		dw	frq_97
2139++ B072             
2140++ B072             ;--- GM 107 = Koto ---
2141++ B072             
2142++ B072             patch_107: 	
2143++ B072 01          		db	1	; transpose on
2144++ B073 C9 A3       		dw	patch_0hdr
2145++ B075 FF A9 18    		db	255,169, 12 * 2
2146++ B078 64 99       		dw	frq_556
2147++ B07A             
2148++ B07A             
2149++ B07A             ;--- GM 108 = Kalimba ---
2150++ B07A             
2151++ B07A             patch_108: 	
2152++ B07A 01          		db	1	; transpose on
2153++ B07B 22 A6       		dw	patch_23Ahdr
2154++ B07D FF 37 19    		db	255,37h, 1 + 12 * 2	; tone 311
2155++ B080 34 96       		dw	frq_366
2156++ B082             
2157++ B082             
2158++ B082             ;--- GM 109 = Bagpipes ---
2159++ B082             
2160++ B082             patch_109A: 	
2161++ B082 01          		db	1	; transpose on
2162++ B083 8F B0       		dw	patch_109Ahdr
2163++ B085 22 A4 60    		db	34,164, 48 * 2
2164++ B088 7C 8D       		dw	frq_1
2165++ B08A FF A8 5C    		db	255,168, 46 * 2
2166++ B08D 54 94       		dw	frq_335
2167++ B08F             patch_109Ahdr: 	
2168++ B08F 1C FF       		db	01ch,0ffh
2169++ B091             
2170++ B091             
2171++ B091             patch_109B: 	
2172++ B091 01          		db	1	; transpose on
2173++ B092 9E B0       		dw	patch_109Bhdr
2174++ B094 22 A7 60    		db	34,167, 48 * 2
2175++ B097 64 8D       		dw	frq_0
2176++ B099 FF A8 5C    		db	255,168, 46 * 2
2177++ B09C 54 94       		dw	frq_335
2178++ B09E             patch_109Bhdr: 	
2179++ B09E 19 FF       		db	019h,0ffh
2180++ B0A0             
2181++ B0A0             ;--- GM 110 = Fiddle ---
2182++ B0A0             
2183++ B0A0             patch_110: 	
2184++ B0A0 01          		db	1	; transpose on
2185++ B0A1 53 AB       		dw	patch_69hdr
2186++ B0A3 23 05 31    		db	35,05h, 1 + 24 * 2	; tone 261
2187++ B0A6 94 93       		dw	frq_288
2188++ B0A8 28 02 77    		db	40,02h, 1 + 59 * 2	; tone 258
2189++ B0AB B4 8E       		dw	frq_69
2190++ B0AD 2A 06 69    		db	42,06h, 1 + 52 * 2	; tone 262
2191++ B0B0 24 9A       		dw	frq_630
2192++ B0B2 2D 07 6D    		db	45,07h, 1 + 54 * 2	; tone 263
2193++ B0B5 64 99       		dw	frq_556
2194++ B0B7 30 08 73    		db	48,08h, 1 + 57 * 2	; tone 264
2195++ B0BA 04 93       		dw	frq_264
2196++ B0BC 33 0A 61    		db	51,0ah, 1 + 48 * 2	; tone 266
2197++ B0BF 44 9E       		dw	frq_920
2198++ B0C1 35 0B 67    		db	53,0bh, 1 + 51 * 2	; tone 267
2199++ B0C4 8C 9B       		dw	frq_726
2200++ B0C6 37 0C 6B    		db	55,0ch, 1 + 53 * 2	; tone 268
2201++ B0C9 DC 99       		dw	frq_579
2202++ B0CB 3A 0D 6F    		db	58,0dh, 1 + 55 * 2	; tone 269
2203++ B0CE 6C 94       		dw	frq_338
2204++ B0D0 FF 09 75    		db	255,09h, 1 + 58 * 2	; tone 265
2205++ B0D3 64 90       		dw	frq_143
2206++ B0D5             
2207++ B0D5             ;--- GM 111 = Shanai ---
2208++ B0D5             
2209++ B0D5             patch_111: 	
2210++ B0D5 01          		db	1	; transpose on
2211++ B0D6 DD B0       		dw	patch_111hdr
2212++ B0D8 FF 41 48    		db	255,65, 36 * 2
2213++ B0DB 9C 97       		dw	frq_448
2214++ B0DD             patch_111hdr: 	
2215++ B0DD 31 C8 09 FF 		db	031h,0c8h,9,0ffh
2216++ B0E1             
2217++ B0E1             ;--- GM 112 = Tinkle Bell ---
2218++ B0E1             
2219++ B0E1             patch_112A: 	
2220++ B0E1 01          		db	1	; transpose on
2221++ B0E2 E9 B0       		dw	patch_112Ahdr
2222++ B0E4 FF F3 00    		db	255,243, 0 * 2
2223++ B0E7 74 9B       		dw	frq_721
2224++ B0E9             patch_112Ahdr: 	
2225++ B0E9 3B 98 D6 FF 		db	03bh,098h,0d6h,0ffh
2226++ B0ED             
2227++ B0ED             patch_112B: 	
2228++ B0ED 01          		db	1	; transpose on
2229++ B0EE 9F A5       		dw	patch_17hdr
2230++ B0F0 FF 37 49    		db	255,37h, 1 + 36 * 2	; 311
2231++ B0F3 E4 91       		dw	frq_214
2232++ B0F5             
2233++ B0F5             ;--- GM 113 = Agogo ---
2234++ B0F5             
2235++ B0F5             patch_113: 	
2236++ B0F5 00          		db	0	; transpose off
2237++ B0F6 22 A6       		dw	patch_23Ahdr
2238++ B0F8 FF 0B 18    		db	255,11, 12 * 2
2239++ B0FB 2C 92       		dw	frq_217
2240++ B0FD             
2241++ B0FD             
2242++ B0FD             ;--- GM 114 = Steel Drums ---
2243++ B0FD             
2244++ B0FD             patch_114A: 	
2245++ B0FD 00          		db	0	; transpose off
2246++ B0FE 05 B1       		dw	patch_114Ahdr
2247++ B100 FF FE 18    		db	255,254, 12 * 2
2248++ B103 24 94       		dw	frq_317
2249++ B105             patch_114Ahdr: 	
2250++ B105 38 E0 01 FF 		db	038h,0e0h,1,0ffh
2251++ B109             
2252++ B109             patch_114B: 	
2253++ B109 00          		db	0	; transpose off
2254++ B10A 11 B1       		dw	patch_114Bhdr
2255++ B10C FF 01 49    		db	255,1, 1 + 36 * 2	; tone 257
2256++ B10F 3C 91       		dw	frq_195
2257++ B111             patch_114Bhdr: 	
2258++ B111             		db	038h,098h,0b0h,0b0h,005h,0e0h,1,0ffh
2258++ B111 3898B0B005E001FF
2259++ B119             
2260++ B119             ;--- GM 115 = Woodblock ---
2261++ B119             
2262++ B119             patch_115: 	
2263++ B119 00          		db	0	; transpose off
2264++ B11A 21 B1       		dw	patch_115hdr
2265++ B11C FF 2C 30    		db	255,44, 24 * 2
2266++ B11F 5C 95       		dw	frq_355
2267++ B121             patch_115hdr: 	
2268++ B121 00 FF       		db	0,0ffh
2269++ B123             
2270++ B123             ;--- GM 116 = Taiko Drum ---
2271++ B123             
2272++ B123             patch_116: 	
2273++ B123 00          		db	0	; transpose off
2274++ B124 22 A6       		dw	patch_23Ahdr
2275++ B126 FF 3E 18    		db	255,62, 12 * 2
2276++ B129 2C 92       		dw	frq_217
2277++ B12B             
2278++ B12B             ;--- GM 117 = Melodic Tom ---
2279++ B12B             
2280++ B12B             patch_117: 	
2281++ B12B 00          		db	0	; transpose off
2282++ B12C 33 B1       		dw	patch_117hdr
2283++ B12E FF C7 48    		db	255,199, 36 * 2
2284++ B131 F4 99       		dw	frq_616
2285++ B133             patch_117hdr: 	
2286++ B133 38 C8 01 FF 		db	038h,0c8h,1,0ffh
2287++ B137             
2288++ B137             ;--- GM 118 = Synth Drum ---
2289++ B137             
2290++ B137             patch_118: 	
2291++ B137 00          		db	0	; transpose off
2292++ B138 22 A6       		dw	patch_23Ahdr
2293++ B13A FF 26 30    		db	255,38, 24 * 2
2294++ B13D 6C 8E       		dw	frq_27
2295++ B13F             
2296++ B13F             ;--- GM 119 = Reverse Cymbal ---
2297++ B13F             
2298++ B13F             patch_119: 	
2299++ B13F 00          		db	0	; transpose off
2300++ B140 47 B1       		dw	patch_119hdr
2301++ B142 FF 31 48    		db	255,49, 36 * 2
2302++ B145 64 90       		dw	frq_143
2303++ B147             patch_119hdr: 	
2304++ B147 38 C8 09 FF 		db	038h,0c8h,9,0ffh
2305++ B14B             
2306++ B14B             ;--- GM 120 = Gtr Fret Noise ---
2307++ B14B             
2308++ B14B             patch_120: 	
2309++ B14B 00          		db	0	; transpose off
2310++ B14C 22 A6       		dw	patch_23Ahdr
2311++ B14E FF 38 31    		db	255,38h, 1 + 24 * 2	; tone 312
2312++ B151 44 95       		dw	frq_354
2313++ B153             
2314++ B153             ;--- GM 121 = Breath Noise ---
2315++ B153             
2316++ B153             patch_121: 	
2317++ B153 00          		db	0	; transpose off
2318++ B154 22 A6       		dw	patch_23Ahdr
2319++ B156 FF 25 31    		db	255,25h, 1 + 24 * 2	; tone 293
2320++ B159 BC 9B       		dw	frq_733
2321++ B15B             
2322++ B15B             ;--- GM 122 = Sea Shore ---
2323++ B15B             
2324++ B15B             patch_122A: 	
2325++ B15B 00          		db	0	; transpose off
2326++ B15C 63 B1       		dw	patch_122Ahdr
2327++ B15E FF 08 48    		db	255,8, 36 * 2
2328++ B161 04 93       		dw	frq_264
2329++ B163             patch_122Ahdr: 	
2330++ B163 00 C8 04 FF 		db	0,0c8h,4,0ffh
2331++ B167             
2332++ B167             patch_122B: 	
2333++ B167 00          		db	0	; transpose off
2334++ B168 6F B1       		dw	patch_122Bhdr
2335++ B16A FF 37 60    		db	255,55, 48 * 2
2336++ B16D 6C 91       		dw	frq_203
2337++ B16F             patch_122Bhdr: 	
2338++ B16F             		db	0,098h,020h,0b0h,4,0c8h,5,0e0h,0,0ffh
2338++ B16F 009820B004C805E000FF
2339++ B179             
2340++ B179             
2341++ B179             ;--- GM 124 = Telephone / Bird ---
2342++ B179             
2343++ B179             patch_124: 	
2344++ B179 00          		db	0	; transpose off
2345++ B17A 21 B1       		dw	patch_115hdr
2346++ B17C             ;		db	48, 3, 36 * 2
2347++ B17C             ;		dw	frq_27
2348++ B17C             ;		db	255, 9, 36 * 2
2349++ B17C FF 03 48    		db	255, 3, 36 * 2
2350++ B17F 6C 8E       		dw	frq_27
2351++ B181             ;		dw	frq_203
2352++ B181             
2353++ B181             
2354++ B181             ;--- GM 125 = Helicopter ---
2355++ B181             
2356++ B181             patch_125A: 	
2357++ B181 00          		db	0	; transpose off
2358++ B182 89 B1       		dw	patch_125Ahdr
2359++ B184 FF 01 30    		db	255, 1, 24 * 2
2360++ B187 C4 99       		dw	frq_560
2361++ B189             patch_125Ahdr: 	
2362++ B189 08 C8 07 FF 		db	8,0c8h,7,0ffh
2363++ B18D             
2364++ B18D 00          patch_125B: 	db	0	; transpose off
2365++ B18E 95 B1       		dw	patch_125Bhdr
2366++ B190 FF 37 48    		db	255, 55, 36 * 2
2367++ B193 2C 98       		dw	frq_462
2368++ B195             patch_125Bhdr: 	
2369++ B195             		db	0,0c8h,7,0e0h,0,0ffh
2369++ B195 00C807E000FF
2370++ B19B             
2371++ B19B             
2372++ B19B             ;--- GM 126 = Applause ---
2373++ B19B             
2374++ B19B             patch_126A: 	
2375++ B19B 00          		db	0	; transpose off
2376++ B19C A3 B1       		dw	patch_126Ahdr
2377++ B19E FF 36 30    		db	255, 54, 24 * 2
2378++ B1A1 14 92       		dw	frq_216
2379++ B1A3             patch_126Ahdr: 	
2380++ B1A3 0F 98 70 FF 		db	0fh,098h,070h,0ffh
2381++ B1A7             
2382++ B1A7             patch_126B: 	
2383++ B1A7 00          		db	0	; transpose off
2384++ B1A8 AF B1       		dw	patch_126Bhdr
2385++ B1AA FF 36 30    		db	255, 54, 24 * 2
2386++ B1AD 2C 98       		dw	frq_462
2387++ B1AF             patch_126Bhdr: 	
2388++ B1AF 07 98 70 FF 		db	07h,098h,070h,0ffh
2389++ B1B3             
2390++ B1B3             ;--- GM 127 = Gunshot / Snare ---
2391++ B1B3             
2392++ B1B3             patch_127: 	
2393++ B1B3 00          		db	0	; transpose off
2394++ B1B4 BB B1       		dw	patch_127hdr
2395++ B1B6 FF 39 31    		db	255, 39h, 1 + 24 * 2	; tone 313
2396++ B1B9             ;		db	48,39h, 1 + 24 * 2	; tone 313
2397++ B1B9 6C 91       		dw	frq_203
2398++ B1BB             ;        	db      255, 59, 1 + 24 * 2
2399++ B1BB             ;		db	255, 120, 0 + 24 * 2
2400++ B1BB             ;		dw	frq_203
2401++ B1BB             patch_127hdr: 	
2402++ B1BB 38 C8 03 FF 		db	038h,0c8h,3,0ffh
2403++ B1BF             
2404++ B1BF             ;--- Drum patch 1 ---
2405++ B1BF             
2406++ B1BF             drum_1: 	
2407++ B1BF 00          		db	0	; transpose off
2408++ B1C0 C7 B1       		dw	drum_1hdr
2409++ B1C2 FF 11 30    		db	255, 17, 24 * 2
2410++ B1C5             ;		db	48,17, 24 * 2	; tone 17
2411++ B1C5 04 93       		dw	frq_264
2412++ B1C7             ;		db	255,191, 36 * 2	; tone 191
2413++ B1C7             ;		dw	frq_264
2414++ B1C7             drum_1hdr: 	
2415++ B1C7             		db	0,098h,0f4h,0b0h,0feh,0c8h,6,0ffh
2415++ B1C7 0098F4B0FEC806FF
2416++ B1CF             
2417++ B1CF             ;--- Drum patch 2 ---
2418++ B1CF             
2419++ B1CF             drum_2: 	
2420++ B1CF 00          		db	0	; transpose off
2421++ B1D0 D7 B1       		dw	drum_2hdr
2422++ B1D2 FF D1 30    		db	255, 209, 24 * 2	; tone 209
2423++ B1D5             ;		db	48,209, 24 * 2	; tone 209
2424++ B1D5 E4 9D       		dw	frq_908
2425++ B1D7             ;		db	255,197, 24 * 2	; tone 197
2426++ B1D7             ;		dw	frq_908
2427++ B1D7             drum_2hdr: 	
2428++ B1D7             		db	0,098h,0f5h,0b0h,0f2h,0c8h,6,0ffh
2428++ B1D7 0098F5B0F2C806FF
2429++ B1DF             
2430++ B1DF             
2431++ B1DF             ;--- Drum patch 3 ---
2432++ B1DF             
2433++ B1DF             drum_3: 		
2434++ B1DF 00          		db	0	; transpose off
2435++ B1E0 E7 B1       		dw	drum_3hdr
2436++ B1E2 FF 0A 30    		db	255,10, 24 * 2	; tone 10
2437++ B1E5 B4 9A       		dw	frq_654
2438++ B1E7             drum_3hdr: 	
2439++ B1E7             		db	0,098h,0f4h,0b0h,0f2h,0c8h,6,0ffh
2439++ B1E7 0098F4B0F2C806FF
2440++ B1EF             
2441++ B1EF             ;--- Drum patch 4 ---
2442++ B1EF             
2443++ B1EF             drum_4: 		
2444++ B1EF 00          		db	0	; transpose off
2445++ B1F0 E7 B1       		dw	drum_3hdr
2446++ B1F2 FF 1C 30    		db	255,28, 24 * 2	; tone 28
2447++ B1F5 DC 90       		dw	frq_187
2448++ B1F7             
2449++ B1F7             ;--- Drum patch 5 ---
2450++ B1F7             
2451++ B1F7             drum_5: 	
2452++ B1F7 00          		db	0	; transpose off
2453++ B1F8 E7 B1       		dw	drum_3hdr
2454++ B1FA FF 1F 30    		db	255,31, 24 * 2	; tone 31
2455++ B1FD E4 9D       		dw	frq_908
2456++ B1FF             
2457++ B1FF             ;--- Drum patch 6 ---
2458++ B1FF             
2459++ B1FF             drum_6: 		
2460++ B1FF 00          		db	0	; transpose off
2461++ B200 E7 B1       		dw	drum_3hdr
2462++ B202 FF 9C 30    		db	255,156, 24 * 2	; tone 156
2463++ B205 6C 8E       		dw	frq_27
2464++ B207             
2465++ B207             ;--- Drum patch 7 ---
2466++ B207             
2467++ B207             drum_7: 	
2468++ B207 00          		db	0	; transpose off
2469++ B208 E7 B1       		dw	drum_3hdr
2470++ B20A FF 31 30    		db	255,49, 24 * 2	; tone 49
2471++ B20D 3C 8E       		dw	frq_24
2472++ B20F             
2473++ B20F             ;--- Drum patch 8 ---
2474++ B20F             
2475++ B20F             drum_8: 	
2476++ B20F 00          		db	0	; transpose off
2477++ B210 17 B2       		dw	drum_8hdr
2478++ B212 FF 9D 30    		db	255,157, 24 * 2	; tone 157
2479++ B215 D4 9B       		dw	frq_737
2480++ B217             drum_8hdr: 	
2481++ B217             		db	0,0b0h,027h,0c8h,6,0ffh
2481++ B217 00B027C806FF
2482++ B21D             
2483++ B21D             gmdrm_hdr1: 	
2484++ B21D             		db	0,098h,0f4h,0b0h,0f2h,0c8h,6,0ffh
2484++ B21D 0098F4B0F2C806FF
2485++ B225             gmdrm_hdr2: 	
2486++ B225             		db	0,098h,0f5h,0b0h,0f2h,0c8h,6,0ffh
2486++ B225 0098F5B0F2C806FF
2487++ B22D             gmdrm_hdr3: 	
2488++ B22D             		db	0,098h,0f2h,0b0h,0f2h,0c8h,6,0ffh
2488++ B22D 0098F2B0F2C806FF
2489++ B235             gmdrm_hdr4: 	
2490++ B235             		db	0,098h,0f1h,0b0h,0f2h,0c8h,6,0ffh
2490++ B235 0098F1B0F2C806FF
2491++ B23D             gmdrm_hdr5: 	
2492++ B23D             		db	0,098h,0f4h,0b0h,027h,0c8h,6,0ffh
2492++ B23D 0098F4B027C806FF
2493++ B245             gmdrm_hdr6: 	
2494++ B245             		db	0,098h,0f4h,0b0h,0f2h,0c8h,7,0ffh
2494++ B245 0098F4B0F2C807FF
2495++ B24D             gmdrm_hdr7: 	
2496++ B24D             		db	0,098h,0f6h,0b0h,0ffh,0c8h,6,0ffh
2496++ B24D 0098F6B0FFC806FF
2497++ B255             gmdrm_hdr8: 	
2498++ B255             		db	0,098h,0f4h,0b0h,0f2h,0c8h,6,0ffh
2498++ B255 0098F4B0F2C806FF
2499++ B25D             gmdrm_hdr9: 	
2500++ B25D             		db	0,098h,0f4h,0b0h,0f2h,0c8h,4,0ffh
2500++ B25D 0098F4B0F2C804FF
2501++ B265             
2502++ B265             ;--- Midi Drum patch ---
2503++ B265             
2504++ B265             drum_midi: 	
2505++ B265 00          		db	0	; transpose off
2506++ B266 1D B2       		dw	gmdrm_hdr1
2507++ B268 24 10 1A    		db	36,16, (48 - 35) * 2	; tone 16
2508++ B26B F4 93       		dw	frq_311
2509++ B26D             
2510++ B26D             MBPlayer_gmdrm_c4: 
2511++ B26D             gmdrm_c4: 	
2512++ B26D 11          		db	17
2513++ B26E 18 F2       		db	018h,0f2h
2514++ B270 1D B2       		dw	gmdrm_hdr1
2515++ B272             gmdrm_cp4: 	
2516++ B272 D2          		db	210
2517++ B273 F6 00       		db	0f6h,0
2518++ B275 1D B2       		dw	gmdrm_hdr1
2519++ B277             gmdrm_d4: 	
2520++ B277 D1          		db	209
2521++ B278 F4 F6       		db	0f4h,0f6h
2522++ B27A 25 B2       		dw	gmdrm_hdr2
2523++ B27C             gmdrm_dp4: 	
2524++ B27C 0A          		db	10
2525++ B27D 2A F5       		db	02ah,0f5h
2526++ B27F 1D B2       		dw	gmdrm_hdr1
2527++ B281             gmdrm_e4: 	
2528++ B281 D1          		db	209
2529++ B282 38 03       		db	038h,003h
2530++ B284 2D B2       		dw	gmdrm_hdr3
2531++ B286             gmdrm_f4: 	
2532++ B286 C8          		db	200
2533++ B287 60 00       		db	060h,0
2534++ B289 1D B2       		dw	gmdrm_hdr1
2535++ B28B             gmdrm_fp4: 	
2536++ B28B 79          		db	121
2537++ B28C 5C 01       		db	05ch,1
2538++ B28E 1D B2       		dw	gmdrm_hdr1
2539++ B290             gmdrm_g4: 	
2540++ B290 C8          		db	200
2541++ B291 A8 02       		db	0a8h,2
2542++ B293 1D B2       		dw	gmdrm_hdr1
2543++ B295             gmdrm_gp4: 	
2544++ B295 7B          		db	123
2545++ B296 34 05       		db	034h,5
2546++ B298 1D B2       		dw	gmdrm_hdr1
2547++ B29A             gmdrm_a4: 	
2548++ B29A C8          		db	200
2549++ B29B 46 04       		db	046h,4
2550++ B29D 1D B2       		dw	gmdrm_hdr1
2551++ B29F             gmdrm_ap4: 	
2552++ B29F 7A          		db	122
2553++ B2A0 34 05       		db	034h,5
2554++ B2A2 35 B2       		dw	gmdrm_hdr4
2555++ B2A4 C7          gmdrm_b4: 	db	199
2556++ B2A5 0A 03       		db	00ah,3
2557++ B2A7 1D B2       		dw	gmdrm_hdr1
2558++ B2A9             
2559++ B2A9             gmdrm_c5: 	
2560++ B2A9 C7          		db	199
2561++ B2AA F4 04       		db	0f4h,4
2562++ B2AC 1D B2       		dw	gmdrm_hdr1
2563++ B2AE             gmdrm_cp5: 	
2564++ B2AE 31          		db	49
2565++ B2AF 32 00       		db	032h,0
2566++ B2B1 1D B2       		dw	gmdrm_hdr1
2567++ B2B3             gmdrm_d5: 	
2568++ B2B3 C7          		db	199
2569++ B2B4 90 10       		db	090h,010h
2570++ B2B6 1D B2       		dw	gmdrm_hdr1
2571++ B2B8             gmdrm_dp5: 	
2572++ B2B8 2E          		db	46
2573++ B2B9 CE 01       		db	0ceh,1
2574++ B2BB 1D B2       		dw	gmdrm_hdr1
2575++ B2BD             gmdrm_e5: 	
2576++ B2BD 7A          		db	122
2577++ B2BE 56 E1       		db	056h,0e1h
2578++ B2C0 1D B2       		dw	gmdrm_hdr1
2579++ B2C2             gmdrm_f5: 	
2580++ B2C2 21          		db	33
2581++ B2C3 3C 01       		db	03ch,1
2582++ B2C5 1D B2       		dw	gmdrm_hdr1
2583++ B2C7             gmdrm_fp5: 	
2584++ B2C7 25          		db	37
2585++ B2C8 BA 00       		db	0bah,0
2586++ B2CA 2D B2       		dw	gmdrm_hdr3
2587++ B2CC             gmdrm_g5: 	
2588++ B2CC 31          		db	49
2589++ B2CD CA 05       		db	0cah,5
2590++ B2CF 25 B2       		dw	gmdrm_hdr2
2591++ B2D1 1D          gmdrm_gp5: 	db	29
2592++ B2D2 FE F6       		db	0feh,0f6h
2593++ B2D4 1D B2       		dw	gmdrm_hdr1
2594++ B2D6             gmdrm_a5: 	
2595++ B2D6 31          		db	49
2596++ B2D7 70 03       		db	070h,3
2597++ B2D9 1D B2       		dw	gmdrm_hdr1
2598++ B2DB 9D          gmdrm_ap5: 	db	157
2599++ B2DC CA F5       		db	0cah,0f5h
2600++ B2DE 3D B2       		dw	gmdrm_hdr5
2601++ B2E0             gmdrm_b5: 	
2602++ B2E0 2E          		db	46
2603++ B2E1 74 05       		db	074h,5
2604++ B2E3 45 B2       		dw	gmdrm_hdr6
2605++ B2E5             
2606++ B2E5             gmdrm_c6: 	
2607++ B2E5 1C          		db	28
2608++ B2E6 76 01       		db	076h,1
2609++ B2E8 1D B2       		dw	gmdrm_hdr1
2610++ B2EA             gmdrm_cp6: 	
2611++ B2EA 1C          		db	28
2612++ B2EB 32 00       		db	032h,0
2613++ B2ED 1D B2       		dw	gmdrm_hdr1
2614++ B2EF             gmdrm_d6: 	
2615++ B2EF 1E          		db	30
2616++ B2F0 DA F4       		db	0dah,0f4h
2617++ B2F2 1D B2       		dw	gmdrm_hdr1
2618++ B2F4             gmdrm_dp6: 	
2619++ B2F4 1F          		db	31
2620++ B2F5 FE F6       		db	0feh,0f6h
2621++ B2F7 1D B2       		dw	gmdrm_hdr1
2622++ B2F9             gmdrm_e6: 	
2623++ B2F9 1F          		db	31
2624++ B2FA FC F2       		db	0fch,0f2h
2625++ B2FC 1D B2       		dw	gmdrm_hdr1
2626++ B2FE             gmdrm_f6: 	
2627++ B2FE 9C          		db	156
2628++ B2FF 3E 00       		db	03eh,0
2629++ B301 1D B2       		dw	gmdrm_hdr1
2630++ B303             gmdrm_fp6: 	
2631++ B303 9C          		db	156
2632++ B304 D0 F4       		db	0d0h,0f4h
2633++ B306 1D B2       		dw	gmdrm_hdr1
2634++ B308             gmdrm_g6: 	
2635++ B308 0B          		db	11
2636++ B309 16 00       		db	016h,0
2637++ B30B 1D B2       		dw	gmdrm_hdr1
2638++ B30D             gmdrm_gp6: 	
2639++ B30D 0B          		db	11
2640++ B30E 3C F4       		db	03ch,0f4h
2641++ B310 1D B2       		dw	gmdrm_hdr1
2642++ B312             gmdrm_a6: 	
2643++ B312 2F          		db	47
2644++ B313 50 03       		db	050h,3
2645++ B315 1D B2       		dw	gmdrm_hdr1
2646++ B317             gmdrm_ap6: 	
2647++ B317 30          		db	48
2648++ B318 4A 00       		db	04ah,0
2649++ B31A 1D B2       		dw	gmdrm_hdr1
2650++ B31C             gmdrm_b6: 	
2651++ B31C 2D          		db	45
2652++ B31D 38 F3       		db	038h,0f3h
2653++ B31F 1D B2       		dw	gmdrm_hdr1
2654++ B321             
2655++ B321             gmdrm_c7: 	
2656++ B321 44          		db	044h
2657++ B322 53 F2       		db	053h,0f2h
2658++ B324 4D B2       		dw	gmdrm_hdr7
2659++ B326             gmdrm_cp7: 	
2660++ B326 24          		db	36
2661++ B327 74 05       		db	074h,5
2662++ B329 55 B2       		dw	gmdrm_hdr8
2663++ B32B             gmdrm_d7: 	
2664++ B32B 24          		db	36
2665++ B32C 48 F6       		db	048h,0f6h
2666++ B32E 1D B2       		dw	gmdrm_hdr1
2667++ B330             gmdrm_dp7: 	
2668++ B330 20          		db	32
2669++ B331 50 F5       		db	050h,0f5h
2670++ B333 1D B2       		dw	gmdrm_hdr1
2671++ B335             gmdrm_e7: 	
2672++ B335 2C          		db	44
2673++ B336 28 F2       		db	028h,0f2h
2674++ B338 1D B2       		dw	gmdrm_hdr1
2675++ B33A             gmdrm_f7: 	
2676++ B33A 2C          		db	44
2677++ B33B 5C E7       		db	05ch,0e7h
2678++ B33D 1D B2       		dw	gmdrm_hdr1
2679++ B33F             gmdrm_fp7: 	
2680++ B33F 22          		db	34
2681++ B340 22 10       		db	022h,010h
2682++ B342 1D B2       		dw	gmdrm_hdr1
2683++ B344             gmdrm_g7: 	
2684++ B344 23          		db	35
2685++ B345 C0 F6       		db	0c0h,0f6h
2686++ B347 1D B2       		dw	gmdrm_hdr1
2687++ B349             gmdrm_gp7: 	
2688++ B349 32          		db	50
2689++ B34A 50 00       		db	050h,0
2690++ B34C 1D B2       		dw	gmdrm_hdr1
2691++ B34E             gmdrm_a7: 	
2692++ B34E 32          		db	50
2693++ B34F 54 00       		db	054h,0
2694++ B351 5D B2       		dw	gmdrm_hdr9
2695++ B353             
3073+  B353             
3074+  B353             MBPlayer_load_addres: 	
3075+  B353 00 00       		dw 	0
3076+  B355             MBPlayer_load_bank: 	
3077+  B355 00 00       		dw 	0
3078+  B357             
3079+  B357 03          		db    3 ;  
3080+  B358 FF          		db 0FFh ;  
3081+  B359 01          		db    1 ;  
3082+  B35A 02          		db    2 ;  
3083+  B35B 5C          		db  5Ch ; \
3084+  B35C FF          		db 0FFh ;  
3085+  B35D 02          		db    2 ;  
3086+  B35E 18          		db  18h ;  
3087+  B35F EF          		db 0EFh ; п
3088+  B360 75          		db  75h ; u
3089+  B361 01          		db    1 ;  
3090+  B362 CB          		db 0CBh ; Л
3091+  B363 61          		db  61h ; a
3092+  B364 FF          		db 0FFh ;  
3093+  B365 0F          		db  0Fh ;  
3094+  B366 19          		db  19h ;  
3095+  B367 17          		db  17h ;  
3096+  B368 75          		db  75h ; u
3097+  B369 32          		db  32h ; 2
3098+  B36A 98          		db  98h ; 
3099+  B36B F4          		db 0F4h ; ф
3100+  B36C B0          		db 0B0h ; °
3101+  B36D 15          		db  15h ;  
3102+  B36E C8          		db 0C8h ; И
3103+  B36F 16          		db  16h ;  
3104+  B370 E0          		db 0E0h ; а
3105+  B371 01          		db    1 ;  
3106+  B372 FF          		db 0FFh ;  
3107+  B373 01          		db    1 ;  
3108+  B374 AE          		db 0AEh ; ®
3109+  B375 57          		db  57h ; W
3110+  B376 1D          		db  1Dh ;  
3111+  B377 13          		db  13h ;  
3112+  B378 30          		db  30h ; 0
3113+  B379 CF          		db 0CFh ; П
3114+  B37A 71          		db  71h ; q
3115+  B37B 21          		db  21h ; !
3116+  B37C 14          		db  14h ;  
3117+  B37D 6A          		db  6Ah ; j
3118+  B37E E7          		db 0E7h ; з
3119+  B37F 68          		db  68h ; h
3120+  B380 25          		db  25h ; %
3121+  B381 12          		db  12h ;  
3122+  B382 5A          		db  5Ah ; Z
3123+  B383 F7          		db 0F7h ; ч
3124+  B384 76          		db  76h ; v
3125+  B385 2D          		db  2Dh ; -
3126+  B386 15          		db  15h ;  
3127+  B387 62          		db  62h ; b
3128+  B388 0F          		db  0Fh ;  
3129+  B389 6B          		db  6Bh ; k
3130+  B38A 35          		db  35h ; 5
3131+  B38B 17          		db  17h ;  
3132+  B38C 5A          		db  5Ah ; Z
3133+  B38D 47          		db  47h ; G
3134+  B38E 72          		db  72h ; r
3135+  B38F FF          		db 0FFh ;  
3136+  B390 16          		db  16h ;  
3137+  B391 6A          		db  6Ah ; j
3138+  B392 FF          		db 0FFh ;  
3139+  B393 65          		db  65h ; e
3140+  B394 01          		db    1 ;  
3141+  B395 CD          		db 0CDh ; Н
3142+  B396 55          		db  55h ; U
3143+  B397 FF          		db 0FFh ;  
3144+  B398 0E          		db  0Eh ;  
3145+  B399 19          		db  19h ;  
3146+  B39A 4F          		db  4Fh ; O
3147+  B39B 67          		db  67h ; g
3148+  B39C 01          		db    1 ;  
3149+  B39D 55          		db  55h ; U
3150+  B39E 55          		db  55h ; U
3151+  B39F FF          		db 0FFh ;  
3152+  B3A0 A9          		db 0A9h ; ©
3153+  B3A1 18          		db  18h ;  
3154+  B3A2 DF          		db 0DFh ; Я
3155+  B3A3 70          		db  70h ; p
3156+  B3A4 01          		db    1 ;  
3157+  B3A5 AE          		db 0AEh ; ®
3158+  B3A6 57          		db  57h ; W
3159+  B3A7 FF          		db 0FFh ;  
3160+  B3A8 37          		db  37h ; 7
3161+  B3A9 19          		db  19h ;  
3162+  B3AA AF          		db 0AFh ; Ї
3163+  B3AB 6D          		db  6Dh ; m
3164+  B3AC 01          		db    1 ;  
3165+  B3AD 1B          		db  1Bh ;  
3166+  B3AE 62          		db  62h ; b
3167+  B3AF 22          		db  22h ; "
3168+  B3B0 A4          		db 0A4h ; ¤
3169+  B3B1 60          		db  60h ; `
3170+  B3B2 F7          		db 0F7h ; ч
3171+  B3B3 64          		db  64h ; d
3172+  B3B4 FF          		db 0FFh ;  
3173+  B3B5 A8          		db 0A8h ; Ё
3174+  B3B6 5C          		db  5Ch ; \
3175+  B3B7 CF          		db 0CFh ; П
3176+  B3B8 6B          		db  6Bh ; k
3177+  B3B9 1C          		db  1Ch ;  
3178+  B3BA FF          		db 0FFh ;  
3179+  B3BB 01          		db    1 ;  
3180+  B3BC             
0348   B3BC             
0349   B3BC             MoonSound_end: 
0350   B3BC             		.savebin "moonsound.bin",MoonSound_Start, MoonSound_end - MoonSound_Start
0351   B3BC             
0352   B3BC             
0353   B3BC             		.end
0354   B3BC             
0355   B3BC             
