0001   0000             ;--------------------------------------------------------------------
0002   0000             ; Ž¯¨á ­¨¥: à®£à ¬¬  ¯à®¨£àë¢ ­¨ï à §­ëå §¢ãª®¢ëå ¬®¤ã«¥© Amstrad CPC
0003   0000             ; ¯®¤¤¥à¦ª  ¢ ¦¥«¥§¥: ZXM-MoonSound
0004   0000             ; €¢â®à ¯®àâ : ’ à á®¢ Œ..(Mick),2014
0005   0000             ;--------------------------------------------------------------------
0006   0000             		DEVICE ZXSPECTRUM128
0007   0000             
0008   0000             		.org 	6200h
0009   6200             
0010   6200             ;-------------------------------------------------------------------
0011   6200             ; ®¯¨á ­¨¥: ’®çª  ¢å®¤  ¢ ¯à®£à ¬¬ã ¯®á«¥ ¯¥à¥¤ ç¨ ã¯à ¢«¥­¨ï ¨§ Ž‘
0012   6200             ;---------------------------------------------------------------------
0013   6200             MoonSound_Start: 		
0014   6200 AF          		xor	a               		;¡®à¤¥à ¢ ç¥à­ë© æ¢¥â
0015   6201 D3 FE       		out	(0feh),a	
0016   6203 32 6A 65    		ld	(MoonSound_count_music),a	;áç¥âç¨ª ­®¬¥à  ¬ã§ëª¨
0017   6206 32 69 65    		ld	(MoonSound_number_music),a
0018   6209             
0019   6209 21 00 40    		ld	hl,4000h
0020   620C 11 01 40    		ld	de,4001h
0021   620F 01 00 1B    		ld	bc,1b00h
0022   6212 71          		ld	(hl),c
0023   6213 ED B0       		ldir
0024   6215             		
0025   6215 21 00 40    		ld	hl,4000h			;£àã§¨¬ íªà ­
0026   6218 ED 5B F4 5C 		ld	de,(5CF4h)
0027   621C 01 05 1B    		ld	bc,1B05h
0028   621F CD 13 3D    		call	3d13h
0029   6222 CD A7 66    		call	Str_init_load
0030   6225 FB          		ei
0031   6226             MoonSound_loading: 
0032   6226 76          		halt
0033   6227 06 00       		ld	b,0
0034   6229             MoonSound_wait: 
0035   6229 10 FE       		djnz	MoonSound_wait			
0036   622B CD B9 66    		call	Str_play
0037   622E 38 02       		jr	c,MoonSound_load
0038   6230 30 F4       		jr	nc,MoonSound_loading	
0039   6232             MoonSound_load: 
0040   6232 F3          		di                                      ;­  ¢áïª¨© ¯®¦ à­ë© § ¯à¥â¨¬ ¯à¥àë¢ ­¨ï
0041   6233             
0042   6233 3E 11       		ld	a,11h 
0043   6235 01 FD 7F    		ld	bc,7ffdh
0044   6238 ED 79       		out	(c),a
0045   623A 21 00 C0    		ld	hl,0C000h			;£àã§¨¬ ¬ã§ëª «ì­ë© ¯ ª 0.
0046   623D ED 5B F4 5C 		ld	de,(5CF4h)
0047   6241 01 05 36    		ld	bc,3605h
0048   6244 CD 13 3D    		call	3d13h
0049   6247             
0050   6247 3E 13       		ld	a,13h 
0051   6249 01 FD 7F    		ld	bc,7ffdh
0052   624C ED 79       		out	(c),a
0053   624E 21 00 C0    		ld	hl,0C000h			;£àã§¨¬ ¬ã§ëª «ì­ë© ¯ ª 1.
0054   6251 ED 5B F4 5C 		ld	de,(5CF4h)
0055   6255 01 05 3F    		ld	bc,3F05h
0056   6258 CD 13 3D    		call	3d13h
0057   625B             
0058   625B 3E 14       		ld	a,14h 
0059   625D 01 FD 7F    		ld	bc,7ffdh
0060   6260 ED 79       		out	(c),a
0061   6262 21 00 C0    		ld	hl,0C000h			;£àã§¨¬ ¬ã§ëª «ì­ë© ¯ ª 2.
0062   6265 ED 5B F4 5C 		ld	de,(5CF4h)
0063   6269 01 05 3A    		ld	bc,3A05h
0064   626C CD 13 3D    		call	3d13h
0065   626F             		
0066   626F 3E 16       		ld	a,16h 
0067   6271 01 FD 7F    		ld	bc,7ffdh
0068   6274 ED 79       		out	(c),a
0069   6276 21 00 C0    		ld	hl,0C000h			;£àã§¨¬ ¬ã§ëª «ì­ë© ¯ ª 3
0070   6279 ED 5B F4 5C 		ld	de,(5CF4h)
0071   627D 01 05 3D    		ld	bc,3D05h
0072   6280 CD 13 3D    		call	3d13h
0073   6283             
0074   6283 3E 17       		ld	a,17h 
0075   6285 01 FD 7F    		ld	bc,7ffdh
0076   6288 ED 79       		out	(c),a
0077   628A 21 00 C0    		ld	hl,0C000h			;£àã§¨¬ ¬ã§ëª «ì­ë© ¯ ª 4
0078   628D ED 5B F4 5C 		ld	de,(5CF4h)
0079   6291 01 05 34    		ld	bc,3405h
0080   6294 CD 13 3D    		call	3d13h
0081   6297             
0082   6297             
0083   6297 31 FF 5F    		ld	sp,5fffh
0084   629A 3E 10       		ld	a,10h 
0085   629C 01 FD 7F    		ld	bc,7ffdh
0086   629F ED 79       		out	(c),a
0087   62A1 CD 9A 66    		call	Str_init			;¨­¨æ¨ «¨§ æ¨ï ¡¥£ãé¥© áâà®ª¨
0088   62A4             
0089   62A4 CD 53 64    		call	MoonSound_view_number
0090   62A7 CD EC 63    		call	MoonSound_time_init
0091   62AA             
0092   62AA 21 00 60    		ld	hl,6000h                       	
0093   62AD 11 01 60    		ld	de,6001h
0094   62B0 01 00 01    		ld	bc,0100h
0095   62B3 36 61       		ld	(hl),61h
0096   62B5 ED B0       		ldir
0097   62B7 3E C3       		ld	a,0c3h                          
0098   62B9 32 61 61    		ld	(6161h),a
0099   62BC 21 7B 66    		ld	hl,Interrupt_handle
0100   62BF 22 62 61    		ld	(6162h),hl
0101   62C2             
0102   62C2 3E 60       		ld	a,60h                          
0103   62C4 ED 47       		ld	i,a
0104   62C6 ED 5E       		im	2
0105   62C8             
0106   62C8 AF          		xor	a
0107   62C9 C3 01 63    		jp	MoonSound_next_music
0108   62CC             
0109   62CC             ;		ei
0110   62CC             
0111   62CC             MoonSound_key: 		
0112   62CC AF          		xor	a
0113   62CD 32 6C 65                    ld	(MoonSound_key_press),a
0114   62D0             MoonSound_loop: 		
0115   62D0 76          		halt
0116   62D1             
0117   62D1 3E 7F       		ld	a,7fh				;®¦¨¤ ¥¬ ¯à®¡¥« - ¯¥à¥å®¤ ª á«¥¤ãîé¥© ª®¬¯®§¨æ¨¨
0118   62D3 DB FE       		in	a,(0feh)
0119   62D5 1F          		rra	
0120   62D6 38 F4       		jr	c,MoonSound_key
0121   62D8             
0122   62D8 3E FE       		ld	a,0FEh
0123   62DA DB FE       		in	a,(0FEh)
0124   62DC 1F          		rra	    
0125   62DD D2 E1 63    		jp	nc,MoonSound_exit
0126   62E0             
0127   62E0 3A 6C 65    		ld	a,(MoonSound_key_press)
0128   62E3 A7          		and	a
0129   62E4 20 EA       		jr	nz,MoonSound_loop
0130   62E6             
0131   62E6 3C          		inc	a
0132   62E7 32 6C 65                    ld	(MoonSound_key_press),a
0133   62EA             
0134   62EA 3E 08       		ld	a,8
0135   62EC CD 77 82    		call	MBPlayer_fade			;§ âãå ­¨¥ ¬¥«®¤¨¨
0136   62EF             		
0137   62EF             MoonSound_fade_wait: 	
0138   62EF 3A 57 89    		ld	a,(MBPlayer_play_busy)		;¦¤¥¬ ¯®ª  ®áâ ­®¢¨âáï ¯à®¨£àë¢ â¥«ì
0139   62F2 B7          		or	a
0140   62F3 20 FA       		jr	nz,MoonSound_fade_wait
0141   62F5 CD 74 82    		call	MBPlayer_stop
0142   62F8             
0143   62F8 3A 6A 65    		ld	a,(MoonSound_count_music)
0144   62FB 3C          		inc	a
0145   62FC FE 12       		cp	18
0146   62FE 38 01       		jr	c,MoonSound_next_music
0147   6300 AF          		xor	a
0148   6301             
0149   6301             MoonSound_next_music: 
0150   6301 F3          		di	
0151   6302 32 6A 65    		ld	(MoonSound_count_music),a
0152   6305 6F          		ld	l,a
0153   6306 5F          		ld	e,a
0154   6307 26 00       		ld	h,0
0155   6309 54          		ld	d,h
0156   630A 29          		add	hl,hl
0157   630B 29          		add	hl,hl
0158   630C 19          		add	hl,de
0159   630D 11 87 63    		ld	de,MoonSound_tabl_music
0160   6310 19          		add	hl,de
0161   6311 7E          		ld	a,(hl)				;­®¬¥à áâà ­¨æë ¯ ¬ïâ¨
0162   6312 32 6B 65    		ld	(MoonSound_page_memory),a
0163   6315 23          		inc	hl
0164   6316 5E          		ld	e,(hl)				; ¤à¥á âà¥ª                           
0165   6317 23          		inc	hl
0166   6318 56          		ld	d,(hl)
0167   6319 23          		inc	hl
0168   631A 7E          		ld	a,(hl)                          ;ç¨á«® ­¥¯®«­ëå ¡ ©â
0169   631B 23          		inc	hl
0170   631C 46          		ld	b,(hl)				;ç¨á«® á¥ªâ®à®¢
0171   631D A7          		and	a
0172   631E 28 01       		jr	z,MoonSound_copy_block
0173   6320 04          		inc	b	
0174   6321             
0175   6321             MoonSound_copy_block: 
0176   6321 21 00 D0    		ld	hl,0D000h
0177   6324 22 70 65    		ld	(MoonSound_copy_addr),hl
0178   6327 EB          		ex	hl,de
0179   6328             
0180   6328             MoonSound_copy_loop: 
0181   6328 C5          		push	bc
0182   6329 3A 6B 65    		ld	a,(MoonSound_page_memory)	;§ £àã§¨¬ ­®¬¥à áâà ­¨æë ¯ ¬ïâ¨
0183   632C 01 FD 7F    		ld	bc,7ffdh
0184   632F ED 79       		out	(c),a
0185   6331             
0186   6331 11 72 65    		ld	de,MoonSound_copy_buffer
0187   6334 01 00 01    		ld	bc,100h
0188   6337 ED B0       		ldir
0189   6339 E5          		push	hl
0190   633A 3E 10       		ld	a,10h
0191   633C 01 FD 7F    		ld	bc,7ffdh
0192   633F ED 79       		out	(c),a
0193   6341 2A 70 65    		ld	hl,(MoonSound_copy_addr)
0194   6344 11 72 65    		ld	de,MoonSound_copy_buffer
0195   6347 EB          		ex	hl,de
0196   6348 01 00 01    		ld	bc,100h
0197   634B ED B0       		ldir
0198   634D EB          		ex	hl,de
0199   634E 22 70 65    		ld	(MoonSound_copy_addr),hl
0200   6351 E1          		pop	hl
0201   6352 C1          		pop	bc
0202   6353 10 D3       		djnz	MoonSound_copy_loop
0203   6355             
0204   6355 CD 8B 64    		call	MoonSound_mwmload
0205   6358             
0206   6358 21 00 C0    		ld	hl,0C000h
0207   635B 22 5C 89    		ld	(MBPlayer_songdata_addres),hl
0208   635E CD 6E 82    		call	MBPlayer_init
0209   6361             
0210   6361 3A 69 65    		ld	a,(MoonSound_number_music)
0211   6364 3C          		inc	a
0212   6365 4F          		ld	c,a
0213   6366 E6 0F       		and	0Fh
0214   6368 FE 0A       		cp	10
0215   636A 38 04       		jr	c,MoonSound_number_correct
0216   636C 3E 06       		ld	a,6
0217   636E 81          		add	c
0218   636F 4F          		ld	c,a
0219   6370             
0220   6370             MoonSound_number_correct: 
0221   6370 79          		ld	a,c
0222   6371 32 69 65    		ld	(MoonSound_number_music),a
0223   6374 FE 19       		cp	19h
0224   6376 38 02       		jr	c,MoonSound_number_valid
0225   6378 3E 01       		ld	a,1
0226   637A             
0227   637A             MoonSound_number_valid: 
0228   637A 32 69 65    		ld	(MoonSound_number_music),a
0229   637D CD 53 64    		call	MoonSound_view_number
0230   6380 CD EC 63    		call	MoonSound_time_init
0231   6383             
0232   6383 FB          		ei
0233   6384 C3 D0 62    		jp      MoonSound_loop
0234   6387             
0235   6387             MoonSound_tabl_music: 
0236   6387             
0237   6387 11          		db	11h   				; 1 ¬ã§ëª «ì­®¥ ¯à®¨§¢¥¤¥­¨¥
0238   6388 00 C0       		dw	0C000h
0239   638A 00 1C       		dw	1C00h
0240   638C 11          		db	11h   				; 2 ¬ã§ëª «ì­®¥ ¯à®¨§¢¥¤¥­¨¥
0241   638D 00 DC       		dw	0DC00h
0242   638F C0 0E       		dw	0EC0h
0243   6391 11          		db	11h   				; 3 ¬ã§ëª «ì­®¥ ¯à®¨§¢¥¤¥­¨¥
0244   6392 C0 EA       		dw	0EAC0h
0245   6394 30 0B       		dw	0B30h
0246   6396             
0247   6396 13          		db	13h   				; 4 ¬ã§ëª «ì­®¥ ¯à®¨§¢¥¤¥­¨¥
0248   6397 00 C0       		dw	0C000h
0249   6399 10 16       		dw	1610h
0250   639B 13          		db	13h   				; 5 ¬ã§ëª «ì­®¥ ¯à®¨§¢¥¤¥­¨¥
0251   639C 10 D6       		dw	0D610h
0252   639E 80 08       		dw	0880h
0253   63A0 13          		db	13h   				; 6 ¬ã§ëª «ì­®¥ ¯à®¨§¢¥¤¥­¨¥
0254   63A1 90 DE       		dw	0DE90h
0255   63A3 40 03       		dw	0340h
0256   63A5 13          		db	13h   				; 7 ¬ã§ëª «ì­®¥ ¯à®¨§¢¥¤¥­¨¥
0257   63A6 F0 E3       		dw	0E3F0h
0258   63A8 30 0D       		dw	0D30h
0259   63AA 13          		db	13h   				; 8 ¬ã§ëª «ì­®¥ ¯à®¨§¢¥¤¥­¨¥
0260   63AB 20 F1       		dw	0F120h
0261   63AD C0 0D       		dw	0DC0h
0262   63AF             
0263   63AF 14          		db	14h   				; 9 ¬ã§ëª «ì­®¥ ¯à®¨§¢¥¤¥­¨¥
0264   63B0 00 C0       		dw	0C000h
0265   63B2 90 18       		dw	1890h
0266   63B4 14          		db	14h   				; 10 ¬ã§ëª «ì­®¥ ¯à®¨§¢¥¤¥­¨¥
0267   63B5 90 D8       		dw	0D890h
0268   63B7 D0 12       		dw	12D0h
0269   63B9 14          		db	14h   				; 11 ¬ã§ëª «ì­®¥ ¯à®¨§¢¥¤¥­¨¥
0270   63BA 60 EB       		dw	0EB60h
0271   63BC C0 0D       		dw	0DC0h
0272   63BE             
0273   63BE 16          		db	16h   				; 12 ¬ã§ëª «ì­®¥ ¯à®¨§¢¥¤¥­¨¥
0274   63BF 00 C0       		dw	0C000h
0275   63C1 50 18       		dw	1850h
0276   63C3 16          		db	16h   				; 13 ¬ã§ëª «ì­®¥ ¯à®¨§¢¥¤¥­¨¥
0277   63C4 50 D8       		dw	0D850h
0278   63C6 70 13       		dw	1370h
0279   63C8 16          		db	16h   				; 14 ¬ã§ëª «ì­®¥ ¯à®¨§¢¥¤¥­¨¥
0280   63C9 C0 EB       		dw	0EBC0h
0281   63CB 70 10       		dw	1070h
0282   63CD             
0283   63CD 17          		db	17h   				; 15 ¬ã§ëª «ì­®¥ ¯à®¨§¢¥¤¥­¨¥
0284   63CE 00 C0       		dw	0C000h
0285   63D0 D0 0C       		dw	0CD0h
0286   63D2 17          		db	17h   				; 16 ¬ã§ëª «ì­®¥ ¯à®¨§¢¥¤¥­¨¥
0287   63D3 D0 CC       		dw	0CCD0h
0288   63D5 90 09       		dw	0990h
0289   63D7 17          		db	17h   				; 17 ¬ã§ëª «ì­®¥ ¯à®¨§¢¥¤¥­¨¥
0290   63D8 60 D6       		dw	0D660h
0291   63DA 80 12       		dw	1280h
0292   63DC 17          		db	17h   				; 18 ¬ã§ëª «ì­®¥ ¯à®¨§¢¥¤¥­¨¥
0293   63DD E0 E8       		dw	0E8E0h
0294   63DF C0 0A       		dw	0AC0h
0295   63E1             
0296   63E1             MoonSound_exit: 		
0297   63E1 F3          		di	
0298   63E2 CD 74 82    		call	MBPlayer_stop
0299   63E5 21 00 00    		ld	hl,0	
0300   63E8 E5          		push	hl
0301   63E9 C3 2F 3D          		jp  	3d2fh				;¢ëå®¤ ¢ TR-DOS
0302   63EC             
0303   63EC             
0304   63EC             MoonSound_time_init: 
0305   63EC AF          		xor	a
0306   63ED 32 6D 65                    ld	(MoonSound_time_int),a
0307   63F0 32 6E 65    		ld	(MoonSound_time_count),a		
0308   63F3 32 6F 65    		ld	(MoonSound_time_minute),a
0309   63F6 18 38       		jr	MoonSound_time_draw
0310   63F8             
0311   63F8             MoonSound_time_view: 
0312   63F8 3A 6D 65                    ld	a,(MoonSound_time_int)
0313   63FB 3C          		inc	a
0314   63FC 32 6D 65                    ld	(MoonSound_time_int),a
0315   63FF FE 32       		cp	50
0316   6401 D8          		ret	c
0317   6402 AF          		xor	a
0318   6403 32 6D 65                    ld	(MoonSound_time_int),a
0319   6406 3A 6E 65                    ld	a,(MoonSound_time_count)
0320   6409 3C          		inc	a
0321   640A 4F          		ld	c,a
0322   640B E6 0F       		and	0Fh
0323   640D FE 0A       		cp	10
0324   640F 38 04       		jr	c,MoonSound_time_next
0325   6411 3E 06       		ld	a,6
0326   6413 81          		add	c
0327   6414 4F          		ld	c,a
0328   6415             MoonSound_time_next: 
0329   6415 79          		ld	a,c
0330   6416 32 6E 65    		ld	(MoonSound_time_count),a		
0331   6419 FE 60       		cp	60h
0332   641B 38 13       		jr	c,MoonSound_time_draw
0333   641D AF          		xor	a
0334   641E 32 6E 65    		ld	(MoonSound_time_count),a		
0335   6421 3A 6F 65    		ld	a,(MoonSound_time_minute)
0336   6424 3C          		inc	a
0337   6425 32 6F 65    		ld	(MoonSound_time_minute),a
0338   6428 FE 0A       		cp	10
0339   642A 38 04       		jr	c,MoonSound_time_draw
0340   642C AF          		xor	a
0341   642D 32 6F 65    		ld	(MoonSound_time_minute),a
0342   6430             MoonSound_time_draw: 
0343   6430 3A 6F 65    		ld	a,(MoonSound_time_minute)
0344   6433 E6 0F       		and	0Fh
0345   6435 21 1C 40    		ld	hl,401Ch
0346   6438 CD 66 64    		call 	MoonSound_view_symbol
0347   643B 3A 6E 65    		ld	a,(MoonSound_time_count)
0348   643E 4F          		ld	c,a
0349   643F E6 F0       		and	0F0h
0350   6441 0F          		rrca
0351   6442 0F          		rrca
0352   6443 0F          		rrca
0353   6444 0F          		rrca
0354   6445 21 1E 40    		ld	hl,401Eh
0355   6448 CD 66 64    		call	MoonSound_view_symbol
0356   644B 79          		ld	a,c
0357   644C E6 0F       		and	0Fh
0358   644E 21 1F 40    		ld	hl,401Fh
0359   6451 18 13       		jr	MoonSound_view_symbol
0360   6453              
0361   6453             MoonSound_view_number: 
0362   6453 4F          		ld	c,a
0363   6454 E6 F0       		and	0F0h
0364   6456 0F          		rrca
0365   6457 0F          		rrca
0366   6458 0F          		rrca
0367   6459 0F          		rrca
0368   645A 21 07 40    		ld	hl,4007h
0369   645D CD 66 64    		call	MoonSound_view_symbol
0370   6460 79          		ld	a,c
0371   6461 E6 0F       		and	0Fh
0372   6463 21 08 40    		ld	hl,4008h
0373   6466             MoonSound_view_symbol: 
0374   6466 E5          		push	hl
0375   6467 26 00       		ld	h,0
0376   6469 6F          		ld	l,a
0377   646A 29          		add	hl,hl
0378   646B 29          		add	hl,hl
0379   646C 29          		add	hl,hl
0380   646D 11 19 65    		ld	de,MoonSound_table_symbol
0381   6470 19          	        add	hl,de	
0382   6471 EB          		ex	de,hl
0383   6472 E1          		pop	hl
0384   6473 06 08       		ld	b,8
0385   6475             
0386   6475             MoonSound_view_loop: 
0387   6475 1A          		ld	a,(de)
0388   6476 77          		ld	(hl),a
0389   6477 13          		inc	de		
0390   6478 24          		inc	h
0391   6479 7C          		ld	a,h
0392   647A E6 07       		and	7
0393   647C 20 0A       		jr	nz,MoonSound_next_line
0394   647E 7D          		ld	a,l
0395   647F C6 20       		add	a,20h
0396   6481 6F          		ld	l,a
0397   6482 38 04       		jr	c,MoonSound_next_line
0398   6484 7C          		ld	a,h
0399   6485 D6 08       		sub	8
0400   6487 67          		ld	h,a
0401   6488             MoonSound_next_line: 
0402   6488 10 EB       		djnz	MoonSound_view_loop
0403   648A C9          		ret	
0404   648B             
0405   648B             MoonSound_mwmload: 
0406   648B 21 00 D0    		ld	hl,0D000h
0407   648E 22 76 66    		ld	(load_position),hl
0408   6491 21 00 C0    		ld	hl,0C000h
0409   6494 22 5C 89    		ld	(MBPlayer_songdata_addres),hl
0410   6497             
0411   6497             ;--- Load MWM file ---
0412   6497             
0413   6497             ; Note: The routine below is a bit complex because it supports
0414   6497             ; songs > 16K. However, if you know that your song will always be < 16K you
0415   6497             ; can simplify it a lot:
0416   6497             ; - read the header and trash it!
0417   6497             ; - read the rest of the file
0418   6497             ; - modify the play_nextpos routine so that 3 is added to the pattern address
0419   6497             
0420   6497             mbload: 
0421   6497             
0422   6497 21 5B 89    		ld	hl,MBPlayer_songdata_bank1	; select first song bank
0423   649A 22 74 66    		ld	(load_bank),hl
0424   649D 7E          		ld	a,(hl)
0425   649E             
0426   649E 21 06 00    		ld	hl,6
0427   64A1 ED 5B 5C 89 		ld	de,(MBPlayer_songdata_addres)
0428   64A5 CD F5 64    		call	load_file			; read header
0429   64A8             
0430   64A8 21 16 01    		ld	hl,278
0431   64AB ED 5B 5C 89 		ld	de,(MBPlayer_songdata_addres)		; read settings
0432   64AF CD F5 64    		call	load_file
0433   64B2 1A          		ld	a,(de)
0434   64B3 19          		add	hl,de
0435   64B4 EB          		ex	de,hl
0436   64B5 3C          		inc	a
0437   64B6 6F          		ld	l,a
0438   64B7 26 00       		ld	h,0
0439   64B9 CD F5 64    		call	load_file			; read positions
0440   64BC CD 09 65    		call	check_pats
0441   64BF 19          		add	hl,de
0442   64C0 EB          		ex	de,hl
0443   64C1 87          		add	a,a
0444   64C2 6F          		ld	l,a
0445   64C3 26 00       		ld	h,0
0446   64C5 CD F5 64    		call	load_file			; read pattern addresses
0447   64C8 19          		add	hl,de
0448   64C9 22 72 66    		ld	(load_adres),hl
0449   64CC             
0450   64CC             mbload_lp: 
0451   64CC 11 78 66    		ld	de,load_buffer
0452   64CF 21 03 00    		ld	hl,3
0453   64D2 CD F5 64    		call	load_file
0454   64D5 3A 7A 66    		ld	a,(load_buffer + 2)
0455   64D8 B7          		or	a
0456   64D9 C8          		ret	z
0457   64DA ED 5B 72 66 		ld	de,(load_adres)
0458   64DE 2A 78 66    		ld	hl,(load_buffer)
0459   64E1 CD F5 64    		call	load_file
0460   64E4             
0461   64E4 11 00 C0    		ld	de,0C000h
0462   64E7 ED 53 72 66 		ld	(load_adres),de
0463   64EB 2A 74 66    		ld	hl,(load_bank)
0464   64EE 23          		inc	hl
0465   64EF 7E          		ld	a,(hl)
0466   64F0 22 74 66    		ld	(load_bank),hl
0467   64F3 18 D7       		jr	mbload_lp
0468   64F5             
0469   64F5             
0470   64F5             
0471   64F5             ;--- Load (part of) file ---
0472   64F5             ; In: HL = number of bytes to read
0473   64F5             ;     DE = transfer address
0474   64F5             
0475   64F5             load_file: 	
0476   64F5 7D          		ld	a,l
0477   64F6 B4          		or	h
0478   64F7 C8          		ret	z
0479   64F8             
0480   64F8 E5          		push	hl
0481   64F9 D5          		push	de
0482   64FA C5          		push	bc
0483   64FB             
0484   64FB E5          		push	hl
0485   64FC C1          		pop	bc
0486   64FD 2A 76 66    		ld	hl,(load_position)
0487   6500 ED B0       		ldir
0488   6502 22 76 66    		ld	(load_position),hl
0489   6505 C1          		pop	bc
0490   6506 D1          		pop	de
0491   6507 E1          		pop	hl
0492   6508 C9          		ret
0493   6509             
0494   6509             ;--- search highest pattern ---
0495   6509             ; In: L = #positions, DE = pointer to patterns
0496   6509             ; Out: A = highest pattern
0497   6509             
0498   6509             check_pats: 	
0499   6509 E5          		push	hl
0500   650A D5          		push	de
0501   650B 45          		ld	b,l
0502   650C EB          		ex	de,hl
0503   650D AF          		xor	a
0504   650E             check_patslp: 	
0505   650E BE          		cp	(hl)
0506   650F 30 01       		jr	nc,check_pats2
0507   6511 7E          		ld	a,(hl)
0508   6512 23          check_pats2: 	inc	hl
0509   6513 10 F9       		djnz	check_patslp
0510   6515 3C          		inc	a
0511   6516 D1          		pop	de
0512   6517 E1          		pop	hl
0513   6518 C9          		ret
0514   6519             
0515   6519             MoonSound_table_symbol: 
0516   6519               		db 	0,3Ch,66h,6Eh,76h,66h,3Ch,0
0516   6519 003C666E76663C00
0517   6521               		db 	0,18h,38h,18h,18h,18h,7Eh,0
0517   6521 0018381818187E00
0518   6529               		db 	0,3Ch,66h,0Ch,18h,30h,7Eh,0
0518   6529 003C660C18307E00
0519   6531               		db 	0,7Eh,0Ch,18h,0Ch,66h,3Ch,0
0519   6531 007E0C180C663C00
0520   6539               		db 	0,0Ch,1Ch,3Ch,6Ch,7Eh,0Ch,0
0520   6539 000C1C3C6C7E0C00
0521   6541               		db 	0,7Eh,60h,7Ch,06h,66h,3Ch,0
0521   6541 007E607C06663C00
0522   6549               		db 	0,3Ch,60h,7Ch,66h,66h,3Ch,0
0522   6549 003C607C66663C00
0523   6551               		db 	0,7Eh,06h,0Ch,18h,30h,30h,0
0523   6551 007E060C18303000
0524   6559               		db 	0,3Ch,66h,3Ch,66h,66h,3Ch,0
0524   6559 003C663C66663C00
0525   6561             		db 	0,3Ch,66h,3Eh,06h,0Ch,38h,0
0525   6561 003C663E060C3800
0526   6569             
0527   6569             MoonSound_number_music: 
0528   6569 00          		db	0
0529   656A             
0530   656A             MoonSound_count_music: 
0531   656A 00          		db	0
0532   656B             
0533   656B             MoonSound_page_memory: 
0534   656B 00          		db	0		
0535   656C             MoonSound_key_press: 
0536   656C 00          		db	0
0537   656D             
0538   656D             MoonSound_time_int: 
0539   656D 00          		db	0
0540   656E             MoonSound_time_count: 
0541   656E 00          		db	0		
0542   656F             MoonSound_time_minute: 
0543   656F 00          		db	0
0544   6570             
0545   6570             
0546   6570             MoonSound_copy_addr: 
0547   6570 00 00       		dw	0
0548   6572             MoonSound_copy_buffer: 
0549   6572 00          		ds	256
0550   6672             
0551   6672 00 00       load_adres: 	dw	0
0552   6674 00 00       load_bank: 	dw	0
0553   6676 00 00       load_position: 	dw	0
0554   6678 00 00 00    load_buffer: 	db	0,0,0
0555   667B             
0556   667B             
0557   667B             Interrupt_handle: 
0558   667B E5          		push	hl
0559   667C D5          		push	de
0560   667D C5          		push	bc
0561   667E F5          		push	af
0562   667F             
0563   667F CD B9 66    		call	Str_play
0564   6682 CD F8 63    		call	MoonSound_time_view
0565   6685             
0566   6685             ;		ld	a,(MoonSound_page_memory)	;§ £àã§¨¬ ­®¬¥à áâà ­¨æë ¯ ¬ïâ¨ â¥ªãé¥© ¬ã§ëª¨
0567   6685             ;		ld	bc,7ffdh
0568   6685             ;		out	(c),a
0569   6685 CD 71 82    		call	MBPlayer_play
0570   6688             
0571   6688             ;		ld	a,10h
0572   6688             ;		ld	bc,7ffdh
0573   6688             ;		out	(c),a
0574   6688             
0575   6688             Interrupt_exit: 
0576   6688             
0577   6688 F1          		pop	af
0578   6689 C1          		pop	bc
0579   668A D1          		pop	de
0580   668B E1          		pop	hl
0581   668C FB          		ei
0582   668D C9          		ret
0583   668E             
0584   668E             
0585   668E             		.include  string.asm
0001+  668E             ;--------------------------------------------------------------------
0002+  668E             ; Îïèñàíèå: Áåãóùàÿ ñòðîêà
0003+  668E             ; Àâòîð ïîðòà: îñíîâà âûäðàíà èç çàïèëÿòîðà
0004+  668E             ;--------------------------------------------------------------------
0005+  668E             Str_reload: 
0006+  668E 3A CE 67    		ld	a,(Str_flg_end)
0007+  6691 A7          		and	a
0008+  6692 28 06       		jr 	z,Str_init
0009+  6694 AF          		xor	a
0010+  6695 32 CE 67    		ld	(Str_flg_end),a
0011+  6698 37          		scf
0012+  6699 C9          		ret
0013+  669A             
0014+  669A             Str_init: 
0015+  669A 3E 0F       		ld	a,0Fh
0016+  669C 32 CF 67    		ld	(Str_count_bit),a
0017+  669F 21 EA 69    		ld	hl,Str_addr_text
0018+  66A2 22 D0 67    		ld	(Str_addr_work),hl
0019+  66A5 7E          		ld	a,(hl)
0020+  66A6 C9          		ret
0021+  66A7             
0022+  66A7             
0023+  66A7             Str_init_load: 
0024+  66A7 3E 0F       		ld	a,0Fh
0025+  66A9 32 CF 67    		ld	(Str_count_bit),a
0026+  66AC 21 D2 69    		ld	hl,Str_addr_load
0027+  66AF 22 D0 67    		ld	(Str_addr_work),hl
0028+  66B2 3E 01       		ld	a,1
0029+  66B4 32 CE 67    		ld	(Str_flg_end),a
0030+  66B7 7E          		ld	a,(hl)
0031+  66B8 C9          		ret	
0032+  66B9             
0033+  66B9             Str_play: 
0034+  66B9 3A CF 67    		ld	a,(Str_count_bit)
0035+  66BC 3C          		inc	a
0036+  66BD E6 0F       		and	0Fh
0037+  66BF 32 CF 67    		ld	(Str_count_bit),a
0038+  66C2 B7          		or	a
0039+  66C3 20 10       		jr	nz, Str_move_string
0040+  66C5             
0041+  66C5             Str_next_symbol: 
0042+  66C5 2A D0 67    		ld	hl,(Str_addr_work)
0043+  66C8 7E          		ld	a,(hl)
0044+  66C9 A7          		and	a
0045+  66CA CC 8E 66    		call	z,Str_reload
0046+  66CD D8          		ret	c
0047+  66CE 23          		inc	hl
0048+  66CF 22 D0 67    		ld	(Str_addr_work),hl
0049+  66D2 CD 5E 67    		call	Str_load_symbol
0050+  66D5             
0051+  66D5             Str_move_string: 
0052+  66D5 11 BF 54    		ld	de, 54BFh
0053+  66D8 21 D3 67    		ld	hl, Str_buf_data +1 
0054+  66DB 06 10       		ld	b, 10h
0055+  66DD             
0056+  66DD             Str_move_line: 
0057+  66DD 37          		scf	
0058+  66DE 3F          		ccf	
0059+  66DF CB 16       		rl	(hl)
0060+  66E1 2B          		dec	hl
0061+  66E2 CB 16       		rl	(hl)
0062+  66E4 23          		inc	hl
0063+  66E5 23          		inc	hl
0064+  66E6 23          		inc	hl
0065+  66E7 EB          		ex	de, hl
0066+  66E8 E5          		push	hl
0067+  66E9 CB 16       		rl	(hl)
0068+  66EB 2B          		dec	hl
0069+  66EC CB 16       		rl	(hl)
0070+  66EE 2B          		dec	hl
0071+  66EF CB 16       		rl	(hl)
0072+  66F1 2B          		dec	hl
0073+  66F2 CB 16       		rl	(hl)
0074+  66F4 2B          		dec	hl
0075+  66F5 CB 16       		rl	(hl)
0076+  66F7 2B          		dec	hl
0077+  66F8 CB 16       		rl	(hl)
0078+  66FA 2B          		dec	hl
0079+  66FB CB 16       		rl	(hl)
0080+  66FD 2B          		dec	hl
0081+  66FE CB 16       		rl	(hl)
0082+  6700 2B          		dec	hl
0083+  6701 CB 16       		rl	(hl)
0084+  6703 2B          		dec	hl
0085+  6704 CB 16       		rl	(hl)
0086+  6706 2B          		dec	hl
0087+  6707 CB 16       		rl	(hl)
0088+  6709 2B          		dec	hl
0089+  670A CB 16       		rl	(hl)
0090+  670C 2B          		dec	hl
0091+  670D CB 16       		rl	(hl)
0092+  670F 2B          		dec	hl
0093+  6710 CB 16       		rl	(hl)
0094+  6712 2B          		dec	hl
0095+  6713 CB 16       		rl	(hl)
0096+  6715 2B          		dec	hl
0097+  6716 CB 16       		rl	(hl)
0098+  6718 2B          		dec	hl
0099+  6719 CB 16       		rl	(hl)
0100+  671B 2B          		dec	hl
0101+  671C CB 16       		rl	(hl)
0102+  671E 2B          		dec	hl
0103+  671F CB 16       		rl	(hl)
0104+  6721 2B          		dec	hl
0105+  6722 CB 16       		rl	(hl)
0106+  6724 2B          		dec	hl
0107+  6725 CB 16       		rl	(hl)
0108+  6727 2B          		dec	hl
0109+  6728 CB 16       		rl	(hl)
0110+  672A 2B          		dec	hl
0111+  672B CB 16       		rl	(hl)
0112+  672D 2B          		dec	hl
0113+  672E CB 16       		rl	(hl)
0114+  6730 2B          		dec	hl
0115+  6731 CB 16       		rl	(hl)
0116+  6733 2B          		dec	hl
0117+  6734 CB 16       		rl	(hl)
0118+  6736 2B          		dec	hl
0119+  6737 CB 16       		rl	(hl)
0120+  6739 2B          		dec	hl
0121+  673A CB 16       		rl	(hl)
0122+  673C 2B          		dec	hl
0123+  673D CB 16       		rl	(hl)
0124+  673F 2B          		dec	hl
0125+  6740 CB 16       		rl	(hl)
0126+  6742 2B          		dec	hl
0127+  6743 CB 16       		rl	(hl)
0128+  6745 2B          		dec	hl
0129+  6746 CB 16       		rl	(hl)
0130+  6748 2B          		dec	hl
0131+  6749 E1          		pop	hl
0132+  674A 24          		inc	h
0133+  674B 7C          		ld	a, h
0134+  674C E6 07       		and	7
0135+  674E 20 09       		jr	nz, Str_next_line
0136+  6750 7D          		ld	a, l
0137+  6751 D6 E0       		sub	0E0h ; 'à'
0138+  6753 6F          		ld	l, a
0139+  6754 9F          		sbc	a, a
0140+  6755 E6 F8       		and	0F8h ; 'ø'
0141+  6757 84          		add	a, h
0142+  6758 67          		ld	h, a
0143+  6759             Str_next_line: 
0144+  6759 EB          		ex	de, hl
0145+  675A 10 81       		djnz	Str_move_line
0146+  675C A7          		and	a
0147+  675D C9          		ret
0148+  675E             
0149+  675E             Str_load_symbol: 
0150+  675E D6 20       		sub	20h
0151+  6760 FE 60       		cp	60h
0152+  6762 38 02       		jr	c, Str_load_data
0153+  6764 D6 60       		sub	60h
0154+  6766             
0155+  6766             Str_load_data: 
0156+  6766 26 00       		ld	h, 0
0157+  6768 6F          		ld	l, a
0158+  6769 29          		add	hl, hl
0159+  676A 29          		add	hl, hl
0160+  676B 29          		add	hl, hl
0161+  676C 29          		add	hl, hl
0162+  676D 29          		add	hl, hl
0163+  676E 01 6E 76    		ld	bc, Str_addr_font
0164+  6771 09          		add	hl, bc
0165+  6772 ED 73 CB 67 		ld	(Str_save_stack + 1),sp
0166+  6776 F9          		ld	sp, hl
0167+  6777 21 D2 67    		ld	hl, Str_buf_data
0168+  677A C1          		pop	bc
0169+  677B 71          		ld	(hl), c
0170+  677C 23          		inc	hl
0171+  677D 70          		ld	(hl), b
0172+  677E 23          		inc	hl
0173+  677F C1          		pop	bc
0174+  6780 71          		ld	(hl), c
0175+  6781 23          		inc	hl
0176+  6782 70          		ld	(hl), b
0177+  6783 23          		inc	hl
0178+  6784 C1          		pop	bc
0179+  6785 71          		ld	(hl), c
0180+  6786 23          		inc	hl
0181+  6787 70          		ld	(hl), b
0182+  6788 23          		inc	hl
0183+  6789 C1          		pop	bc
0184+  678A 71          		ld	(hl), c
0185+  678B 23          		inc	hl
0186+  678C 70          		ld	(hl), b
0187+  678D 23          		inc	hl
0188+  678E C1          		pop	bc
0189+  678F 71          		ld	(hl), c
0190+  6790 23          		inc	hl
0191+  6791 70          		ld	(hl), b
0192+  6792 23          		inc	hl
0193+  6793 C1          		pop	bc
0194+  6794 71          		ld	(hl), c
0195+  6795 23          		inc	hl
0196+  6796 70          		ld	(hl), b
0197+  6797 23          		inc	hl
0198+  6798 C1          		pop	bc
0199+  6799 71          		ld	(hl), c
0200+  679A 23          		inc	hl
0201+  679B 70          		ld	(hl), b
0202+  679C 23          		inc	hl
0203+  679D C1          		pop	bc
0204+  679E 71          		ld	(hl), c
0205+  679F 23          		inc	hl
0206+  67A0 70          		ld	(hl), b
0207+  67A1 23          		inc	hl
0208+  67A2 C1          		pop	bc
0209+  67A3 71          		ld	(hl), c
0210+  67A4 23          		inc	hl
0211+  67A5 70          		ld	(hl), b
0212+  67A6 23          		inc	hl
0213+  67A7 C1          		pop	bc
0214+  67A8 71          		ld	(hl), c
0215+  67A9 23          		inc	hl
0216+  67AA 70          		ld	(hl), b
0217+  67AB 23          		inc	hl
0218+  67AC C1          		pop	bc
0219+  67AD 71          		ld	(hl), c
0220+  67AE 23          		inc	hl
0221+  67AF 70          		ld	(hl), b
0222+  67B0 23          		inc	hl
0223+  67B1 C1          		pop	bc
0224+  67B2 71          		ld	(hl), c
0225+  67B3 23          		inc	hl
0226+  67B4 70          		ld	(hl), b
0227+  67B5 23          		inc	hl
0228+  67B6 C1          		pop	bc
0229+  67B7 71          		ld	(hl), c
0230+  67B8 23          		inc	hl
0231+  67B9 70          		ld	(hl), b
0232+  67BA 23          		inc	hl
0233+  67BB C1          		pop	bc
0234+  67BC 71          		ld	(hl), c
0235+  67BD 23          		inc	hl
0236+  67BE 70          		ld	(hl), b
0237+  67BF 23          		inc	hl
0238+  67C0 C1          		pop	bc
0239+  67C1 71          		ld	(hl), c
0240+  67C2 23          		inc	hl
0241+  67C3 70          		ld	(hl), b
0242+  67C4 23          		inc	hl
0243+  67C5 C1          		pop	bc
0244+  67C6 71          		ld	(hl), c
0245+  67C7 23          		inc	hl
0246+  67C8 70          		ld	(hl), b
0247+  67C9 23          		inc	hl
0248+  67CA             Str_save_stack: 
0249+  67CA 31 00 00    		ld	sp, 0
0250+  67CD C9          		ret	
0251+  67CE             
0252+  67CE             
0253+  67CE             Str_flg_end: 
0254+  67CE 00          		db 	0
0255+  67CF             
0256+  67CF             Str_count_bit: 
0257+  67CF 00          		db 	0
0258+  67D0             Str_addr_work: 
0259+  67D0 00 00       		dw 	0
0260+  67D2             
0261+  67D2             Str_buf_data:    
0262+  67D2 00          		ds	512
0263+  69D2             
0264+  69D2             Str_addr_load: 
0265+  69D2             		db	'            *LOAD*     ',0
0265+  69D2 2020202020202020202020202A4C4F41442A202020202000
0266+  69EA             
0267+  69EA             Str_addr_text: 
0268+  69EA             		db 	'                << SPACE TO CHANGE MUSIC >>       '
0268+  69EA 202020202020202020202020202020203C3C20535041434520544F204348414E
0268+  6A0A 4745204D55534943203E3E20202020202020
0269+  6A1C             		db 	'                ÏÐÈÂÅÒ, MICK ÑÍÎÂÀ Ñ ÂÀÌÈ!'
0269+  6A1C 20202020202020202020202020202020CFD0C8C2C5D22C204D49434B20D1CDCE
0269+  6A3C C2C020D120C2C0CCC821
0270+  6A46             		db	' ÅÙÅ ÎÄÈÍ ÌÓÇÛÊÀËÜÍÛÉ ÑÁÎÐÍÈÊ ÄËß ÇÂÓÊÎÂÎÉ ÊÀÐÒÛ *ZXM-MOONSOUND* ÓÂÈÄÅË ÑÂÅÒ.'
0270+  6A46 20C5D9C520CEC4C8CD20CCD3C7DBCAC0CBDCCDDBC920D1C1CED0CDC8CA20C4CB
0270+  6A66 DF20C7C2D3CACEC2CEC920CAC0D0D2DB202A5A584D2D4D4F4F4E534F554E442A
0270+  6A86 20D3C2C8C4C5CB20D1C2C5D22E
0271+  6A93             		db	' ÑÎÁÑÒÂÅÍÍÎ Â ÃÎËÎÂÓ ÍÈ×ÅÃÎ ÍÅ ÏÐÈÕÎÄÈÒ, ×ÒÎÁÛ ÒÀÊÎÃÎ ÍÀÑÎ×ÈÍßÒÜ Î ÂÎÇÍÈÊÍÎÂÅÍÈÈ'
0271+  6A93 20D1CEC1D1D2C2C5CDCDCE20C220C3CECBCEC2D320CDC8D7C5C3CE20CDC520CF
0271+  6AB3 D0C8D5CEC4C8D22C20D7D2CEC1DB20D2C0CACEC3CE20CDC0D1CED7C8CDDFD2DC
0271+  6AD3 20CE20C2CEC7CDC8CACDCEC2C5CDC8C8
0272+  6AE3             		db	' ÝÒÎÃÎ ÑÁÎÐÍÈÊÀ. ÂÑÅ ÊÀÊ ÏÐÅÆÄÅ. ÁÅÐÅÌ ÊÓ×ÊÓ MWM ÔÀÉËÎÂ, ÌÀËÞÅÌ ÊÀÐÒÈÍÊÓ È ÂÎÒ ÍÎÂÛÉ ÂÛÏÓÑÊ ÃÎÒÎÂ.'
0272+  6AE3 20DDD2CEC3CE20D1C1CED0CDC8CAC02E20C2D1C520CAC0CA20CFD0C5C6C4C52E
0272+  6B03 20C1C5D0C5CC20CAD3D7CAD3204D574D20D4C0C9CBCEC22C20CCC0CBDEC5CC20
0272+  6B23 CAC0D0D2C8CDCAD320C820C2CED220CDCEC2DBC920C2DBCFD3D1CA20C3CED2CE
0272+  6B43 C22E
0273+  6B45             		db	' ÄÐÓÃÎÅ ÂÀÆÍÎ ÍÀ ÑÅÉ ÄÅÍÜ. ÂÅËÈÊÈÉ È ÓÆÀÑÍÛÉ ÀÀÀ ÐÀÇÎ×ÀÐÎÂÀËÑß Â ÇÅÌËßÍÀÕ. ÎÍ ÐÅØÈË, ×ÒÎ ÎÍÈ'
0273+  6B45 20C4D0D3C3CEC520C2C0C6CDCE20CDC020D1C5C920C4C5CDDC2E20C2C5CBC8CA
0273+  6B65 C8C920C820D3C6C0D1CDDBC920C0C0C020D0C0C7CED7C0D0CEC2C0CBD1DF20C2
0273+  6B85 20C7C5CCCBDFCDC0D52E20CECD20D0C5D8C8CB2C20D7D2CE20CECDC8
0274+  6BA1             		db	' ÍÅ ÄÎÑÒÎÉÍÛ ÁÓÄÓÙÅÃÎ È ÑÍÅÑ ÑÂÎÉ ÑÀÉÒ ÂÌÅÑÒÅ Ñ ÍÀÑËÅÄÈÅÌ ÑÏÅÊÊÈ, À ÒÀÊÆÅ ÓÄÀËÈË ÑÂÎÞ ÃÐÓÏÏÓ'
0274+  6BA1 20CDC520C4CED1D2CEC9CDDB20C1D3C4D3D9C5C3CE20C820D1CDC5D120D1C2CE
0274+  6BC1 C920D1C0C9D220C2CCC5D1D2C520D120CDC0D1CBC5C4C8C5CC20D1CFC5CACAC8
0274+  6BE1 2C20C020D2C0CAC6C520D3C4C0CBC8CB20D1C2CEDE20C3D0D3CFCFD3
0275+  6BFD             		db	' ÂÊÎÍÒÀÊÒÅ. À ÆÀËÜ, ÒÀÌ ÁÛË ÍÅÏËÎÕÎÉ ÌÓÇÎÍ, ÊÎÒÎÐÛÉ ÌÎÆÍÎ ÁÛËÎ ÂÊËÞ×ÀÒÜ Â ÊÀ×ÅÑÒÂÅ ÔÎÍÀ.'
0275+  6BFD 20C2CACECDD2C0CAD2C52E20C020C6C0CBDC2C20D2C0CC20C1DBCB20CDC5CFCB
0275+  6C1D CED5CEC920CCD3C7CECD2C20CACED2CED0DBC920CCCEC6CDCE20C1DBCBCE20C2
0275+  6C3D CACBDED7C0D2DC20C220CAC0D7C5D1D2C2C520D4CECDC02E
0276+  6C55             		db	' ÀÀÀ ÎÁÈÄÈÂØÈÑÜ - ÇÀßÂÈË, ×ÒÎ ÁÎËÜØÅ ÑÏÅÊÊÈ ÅÌÓ ÍÅ ÈÍÒÅÐÅÑÅÍ. ÝÕ, ÆÀËÜ, ÆÀËÜ.'
0276+  6C55 20C0C0C020CEC1C8C4C8C2D8C8D1DC202D20C7C0DFC2C8CB2C20D7D2CE20C1CE
0276+  6C75 CBDCD8C520D1CFC5CACAC820C5CCD320CDC520C8CDD2C5D0C5D1C5CD2E20DDD5
0276+  6C95 2C20C6C0CBDC2C20C6C0CBDC2E
0277+  6CA2             		db	' ÏÎÑÅÌÓ ÒÀÊ ÏÎËÓ×ÈËÎÑÜ, ×ÒÎ ÑÁÎÐÍÈÊ ÏÎËÓ×ÈËÑß Â ÎÑÍÎÂÍÎÌ ËÈÐÈ×ÅÑÊÈÌ. ÍÓ ÄÀ ËÀÄÍÎ.'   
0277+  6CA2 20CFCED1C5CCD320D2C0CA20CFCECBD3D7C8CBCED1DC2C20D7D2CE20D1C1CED0
0277+  6CC2 CDC8CA20CFCECBD3D7C8CBD1DF20C220CED1CDCEC2CDCECC20CBC8D0C8D7C5D1
0277+  6CE2 CAC8CC2E20CDD320C4C020CBC0C4CDCE2E
0278+  6CF3             		db	' ÈÒÀÊ, Â ÝÒÎÌ ÑÁÎÐÍÈÊÅ ÂÎÑÅÌÍÀÄÖÀÒÜ ÌÅËÎÄÈÉ, ÊÎÒÎÐÛÅ'
0278+  6CF3 20C8D2C0CA2C20C220DDD2CECC20D1C1CED0CDC8CAC520C2CED1C5CCCDC0C4D6
0278+  6D13 C0D2DC20CCC5CBCEC4C8C92C20CACED2CED0DBC5
0279+  6D27             		db	' ÏÅÐÅÊËÞ×ÀÞÒÑß ÏÓÒÅÌ ÍÀÆÀÒÈß ÊËÀÂÈØÈ "SPACE". ÑÏÈÑÎÊ ÌÅËÎÄÈÉ ÈÄÅÒ ÑËÅÄÎÌ: '
0279+  6D27 20CFC5D0C5CACBDED7C0DED2D1DF20CFD3D2C5CC20CDC0C6C0D2C8DF20CACBC0
0279+  6D47 C2C8D8C820225350414345222E20D1CFC8D1CECA20CCC5CBCEC4C8C920C8C4C5
0279+  6D67 D220D1CBC5C4CECC3A20
0280+  6D71             
0281+  6D71             		db	' KONAMI_1.MWM (HINOTORI"S QUEST - SOUNDWAVE 1998),'
0281+  6D71 204B4F4E414D495F312E4D574D202848494E4F544F5249225320515545535420
0281+  6D91 2D20534F554E44574156452031393938292C
0282+  6DA3             		db	' ALEID.MWM (ALEID KINGDOM - ARRANGED BY J. HASSINK, 31-03-1997),'
0282+  6DA3 20414C4549442E4D574D2028414C454944204B494E47444F4D202D2041525241
0282+  6DC3 4E474544204259204A2E2048415353494E4B2C2033312D30332D31393937292C
0283+  6DE3             		db	' ALESTE.MWM (ALESTE ETUDE - OPL4 VERSION - SOUNDWAVE 1998),'
0283+  6DE3 20414C455354452E4D574D2028414C45535445204554554445202D204F504C34
0283+  6E03 2056455253494F4E202D20534F554E44574156452031393938292C
0284+  6E1E             		db	' REGGAE.MWM (REGGAE COOKS - OPL4 VERSION - SOUNDWAVE 1998),'
0284+  6E1E 205245474741452E4D574D202852454747414520434F4F4B53202D204F504C34
0284+  6E3E 2056455253494F4E202D20534F554E44574156452031393938292C
0285+  6E59             		db	' EXTOR1.MWM (EXTOR 1 - BY QIX),' 
0285+  6E59 204558544F52312E4D574D20284558544F522031202D20425920514958292C
0286+  6E78             		db	' END13DO.MWM (THE END 13 IN EEN DOZIJN - BY QIX),'
0286+  6E78 20454E443133444F2E4D574D202854484520454E4420313320494E2045454E20
0286+  6E98 444F5A494A4E202D20425920514958292C
0287+  6EA9             		db	' DISCST-1.MWM (DISCTATION MENU - ANTIQUE VERSION - SOUNDWAVE"96),'
0287+  6EA9 204449534353542D312E4D574D202844495343544154494F4E204D454E55202D
0287+  6EC9 20414E54495155452056455253494F4E202D20534F554E445741564522393629
0287+  6EE9 2C
0288+  6EEA             		db	' FD_MG_1.MWM (NIGHTFALL - MG2 - SOUNDWAVE 1998),'
0288+  6EEA 2046445F4D475F312E4D574D20284E4947485446414C4C202D204D4732202D20
0288+  6F0A 534F554E44574156452031393938292C
0289+  6F1A             		db	' FF7_SEL.MWM (FINAL FANTASY 7 - OPENING - OPL4 - SOUNDWAVE 1998),'
0289+  6F1A 204646375F53454C2E4D574D202846494E414C2046414E544153592037202D20
0289+  6F3A 4F50454E494E47202D204F504C34202D20534F554E4457415645203139393829
0289+  6F5A 2C
0290+  6F5B             		db	' FD_MG_2.MWM (END TITLES - MG2 - SOUNDWAVE 1995/1998),'
0290+  6F5B 2046445F4D475F322E4D574D2028454E44205449544C4553202D204D4732202D
0290+  6F7B 20534F554E445741564520313939352F31393938292C
0291+  6F91             		db	' FD_MG_3.MWM (RED ALERT - MG - SOUNDWAVE 1995/1998),'
0291+  6F91 2046445F4D475F332E4D574D202852454420414C455254202D204D47202D2053
0291+  6FB1 4F554E445741564520313939352F31393938292C
0292+  6FC5             		db	' FF7.MWM (ON KOEN"S REQUEST: KALM - OPL4 - SOUNDWAVE 1998),'
0292+  6FC5 204646372E4D574D20284F4E204B4F454E225320524551554553543A204B414C
0292+  6FE5 4D202D204F504C34202D20534F554E44574156452031393938292C
0293+  7000             		db	' FF7_OMOI.MWM (FINAL FANTASY 7 - OMOI - OPL4 - SOUNDWAVE 1998),'
0293+  7000 204646375F4F4D4F492E4D574D202846494E414C2046414E544153592037202D
0293+  7020 204F4D4F49202D204F504C34202D20534F554E44574156452031393938292C
0294+  703F             		db	' ONEPIAN.MWM (ONE PIANO MELODY - BY QIX),'
0294+  703F 204F4E455049414E2E4D574D20284F4E45205049414E4F204D454C4F4459202D
0294+  705F 20425920514958292C
0295+  7068             		db	' FD_MG_4.MWM (RENDEZ-VOUS - MG2 - SOUNDWAVE 1995/1998),'
0295+  7068 2046445F4D475F342E4D574D202852454E44455A2D564F5553202D204D473220
0295+  7088 2D20534F554E445741564520313939352F31393938292C
0296+  709F             		db	' FD_MG_5.MWM (BOSS BATTLE - MG - SOUNDWAVE 1998),'
0296+  709F 2046445F4D475F352E4D574D2028424F535320424154544C45202D204D47202D
0296+  70BF 20534F554E44574156452031393938292C
0297+  70D0             		db	' FD_MG_6.MWM (INVASION - MG - SOUNDWAVE 1998),'
0297+  70D0 2046445F4D475F362E4D574D2028494E564153494F4E202D204D47202D20534F
0297+  70F0 554E44574156452031393938292C
0298+  70FE             		db	' KONAMI_4.MWM (SNEAKY SNATCHIN - SOUNDWAVE 1998).'
0298+  70FE 204B4F4E414D495F342E4D574D2028534E45414B5920534E41544348494E202D
0298+  711E 20534F554E44574156452031393938292E
0299+  712F             
0300+  712F             		db	' ÊÐÎÌÅ ÒÎÃÎ ÅÑÒÜ ÅÙÅ ÎÄÍÀ ÊÍÎÏÊÀ "BREAK" - ÂÛÕÎÄ Â TR-DOS.'
0300+  712F 20CAD0CECCC520D2CEC3CE20C5D1D2DC20C5D9C520CEC4CDC020CACDCECFCAC0
0300+  714F 2022425245414B22202D20C2DBD5CEC420C22054522D444F532E
0301+  7169             		db 	' Î ÏÐÎÃÐÀÌÌÅ: ÎÑÍÎÂÍÛÅ ÌÀÒÅÐÈÀËÛ ÁÛËÈ ÏÎÇÀÈÌÑÒÂÎÂÀÍÛ Ñ ÏÐÎÃÐÀÌÌ ÊÎÌÏÜÞÒÅÐÀ "MSX" È ÂÅËÈÊÎÉ'
0301+  7169 20CE20CFD0CEC3D0C0CCCCC53A20CED1CDCEC2CDDBC520CCC0D2C5D0C8C0CBDB
0301+  7189 20C1DBCBC820CFCEC7C0C8CCD1D2C2CEC2C0CDDB20D120CFD0CEC3D0C0CCCC20
0301+  71A9 CACECCCFDCDED2C5D0C020224D53582220C820C2C5CBC8CACEC9
0302+  71C3             		db	' ÌÓÑÎÐÊÈ ÏÎÄ ÍÀÇÂÀÍÈÅÌ ÈÍÒÅÐÍÅÒ.' 
0302+  71C3 20CCD3D1CED0CAC820CFCEC420CDC0C7C2C0CDC8C5CC20C8CDD2C5D0CDC5D22E
0303+  71E3             		db 	' ÂÑÅ ÝÒÎ ÑÎÁÈÐÀËÎÑÜ ÍÀ ÐÑ ÏÐÈ ÏÎÌÎÙÈ ÀÑÑÅÌÁËÅÐÀ  SJASMPLUS.'
0303+  71E3 20C2D1C520DDD2CE20D1CEC1C8D0C0CBCED1DC20CDC020D0D120CFD0C820CFCE
0303+  7203 CCCED9C820C0D1D1C5CCC1CBC5D0C02020534A41534D504C55532E
0304+  721E             		db	' ÍÀÏÎÌÍÞ, ÅÑËÈ Ó ÂÀÑ ÊÀÐÒÈÍÊÀ ÃÄÅ ÅÑÒÜ ÒÅÌÀ ËÓÍÛ È ÏÅÉÇÀÉÆÅÉ, ÒÎ ÌÈËÎÑÒÈ ÏÐÎÑÈÌ Â ÑËÅÄÓÞÙÈÉ ÂÛÏÓÑÊ.'
0304+  721E 20CDC0CFCECCCDDE2C20C5D1CBC820D320C2C0D120CAC0D0D2C8CDCAC020C3C4
0304+  723E C520C5D1D2DC20D2C5CCC020CBD3CDDB20C820CFC5C9C7C0C9C6C5C92C20D2CE
0304+  725E 20CCC8CBCED1D2C820CFD0CED1C8CC20C220D1CBC5C4D3DED9C8C920C2DBCFD3
0304+  727E D1CA2E
0305+  7281             		db	' ÊÎÐÎ×Å, ÆÄÅÌ ÍÎÂÛÕ ÒÂÎÐÅÍÈÉ ÎÒ ÕÓÄÎÆÍÈÊÎÂ ÏÐÎÔÅÑÑÈÎÍÀËÜÍÛÕ È ÍÅ Î×ÅÍÜ. ÇÀÑÈÌ ÏÐÎÑÈÌ ÎÒÊËÀÍßÒÑß, ÄÀËÅÅ ÈÄÅÒ'
0305+  7281 20CACED0CED7C52C20C6C4C5CC20CDCEC2DBD520D2C2CED0C5CDC8C920CED220
0305+  72A1 D5D3C4CEC6CDC8CACEC220CFD0CED4C5D1D1C8CECDC0CBDCCDDBD520C820CDC5
0305+  72C1 20CED7C5CDDC2E20C7C0D1C8CC20CFD0CED1C8CC20CED2CACBC0CDDFD2D1DF2C
0305+  72E1 20C4C0CBC5C520C8C4C5D2
0306+  72EC             		db	' ÒÐÀÄÈÖÈÎÍÍÀß ÐÓÁÐÈÊÀ.'
0306+  72EC 20D2D0C0C4C8D6C8CECDCDC0DF20D0D3C1D0C8CAC02E
0307+  7302             		db	'             ÏÐÈÂÅÒÛ È ÑÏÀÑÈÁÛ!     '
0307+  7302 20202020202020202020202020CFD0C8C2C5D2DB20C820D1CFC0D1C8C1DB2120
0307+  7322 20202020
0308+  7326             		db	' ÀÀÀ, ÕÎÒÜ ÒÛ È ÏÎÊÈÍÓË ÑÏÅÊÊÈ, ÂÑÅ ÐÀÂÍÎ ÒÅÁÅ ÏÐÈÂÅÒ.'
0308+  7326 20C0C0C02C20D5CED2DC20D2DB20C820CFCECAC8CDD3CB20D1CFC5CACAC82C20
0308+  7346 C2D1C520D0C0C2CDCE20D2C5C1C520CFD0C8C2C5D22E
0309+  735C             		db	' TS-LABS, ÑÏÀÑÈÁÎ ÇÀ ÒÎ, ×ÒÎ ÏÐÈÞÒÈË ÍÀ ÑÂÎÅÌ ÔÎÐÓÌÅ ÁÅÑÕÎÇÍÎÃÎ ÏËÞØÅÂÎÃÎ ÌÅÄÂÅÄß.'
0309+  735C 2054532D4C4142532C20D1CFC0D1C8C1CE20C7C020D2CE2C20D7D2CE20CFD0C8
0309+  737C DED2C8CB20CDC020D1C2CEC5CC20D4CED0D3CCC520C1C5D1D5CEC7CDCEC3CE20
0309+  739C CFCBDED8C5C2CEC3CE20CCC5C4C2C5C4DF2E
0310+  73AE             		db	' DJS3000, ÑÏÀÑÈÁÎ ÇÀ ÊÎÍÑÓËÜÒÀÒÈÂÍÓÞ ÏÎÌÎÙÜ ÏÐÈ ÑÎÇÄÀÍÈÈ ÝÒÎÉ ÇÂÓÊÎÂÎÉ ÊÀÐÒÛ.'
0310+  73AE 20444A53333030302C20D1CFC0D1C8C1CE20C7C020CACECDD1D3CBDCD2C0D2C8
0310+  73CE C2CDD3DE20CFCECCCED9DC20CFD0C820D1CEC7C4C0CDC8C820DDD2CEC920C7C2
0310+  73EE D3CACEC2CEC920CAC0D0D2DB2E
0311+  73FB             		db	' ÀÂÒÎÐÀÌ ÌÓÇÛÊÈ, ÇÂÓ×ÀÙÅÉ Â ÑÁÎÐÍÈÊÅ ÎÃÐÎÌÍÛÉ ÐÅÑÏÅÊÒ È ÓÂÀÆÓÕÀ.'
0311+  73FB 20C0C2D2CED0C0CC20CCD3C7DBCAC82C20C7C2D3D7C0D9C5C920C220D1C1CED0
0311+  741B CDC8CAC520CEC3D0CECCCDDBC920D0C5D1CFC5CAD220C820D3C2C0C6D3D5C02E
0312+  743B             		db	' ÂÑÅÌ ÂËÀÄÅËÜÖÀÌ ÏÐÎÄÓÊÖÈÈ ÏÎÄ ÁÐÅÍÄÎÌ "ZXM" ÁÎËÜØÓÙÈÉ ÏÐÈÂÅÒ. ÂÀÑ ÌÍÎÃÎ, ÌÎÆÍÎ ÍÅ ÁÓÄÓ ÂÀÑ ÍÀÇÛÂÀÒÜ ÂÑÅÕ ÏÎÈÌÅÍÍÎ.'
0312+  743B 20C2D1C5CC20C2CBC0C4C5CBDCD6C0CC20CFD0CEC4D3CAD6C8C820CFCEC420C1
0312+  745B D0C5CDC4CECC20225A584D2220C1CECBDCD8D3D9C8C920CFD0C8C2C5D22E20C2
0312+  747B C0D120CCCDCEC3CE2C20CCCEC6CDCE20CDC520C1D3C4D320C2C0D120CDC0C7DB
0312+  749B C2C0D2DC20C2D1C5D520CFCEC8CCC5CDCDCE2E
0313+  74AE             		db	' ÏÐÈÂÅÒ ÒÀÊÆÅ ÂÑÅÌ ÑÏÅÊÒÐÓÌÈÑÒÀÌ, ÁÛÂØÈÌ, ÍÀÑÒÎßÙÈÌ È ÂÎÇÌÎÆÍÎ ÁÓÄÓÙÈÌ.'
0313+  74AE 20CFD0C8C2C5D220D2C0CAC6C520C2D1C5CC20D1CFC5CAD2D0D3CCC8D1D2C0CC
0313+  74CE 2C20C1DBC2D8C8CC2C20CDC0D1D2CEDFD9C8CC20C820C2CEC7CCCEC6CDCE20C1
0313+  74EE D3C4D3D9C8CC2E
0314+  74F5             		db	'       È ÏÎÑËÅÄÍÈÉ ÀÁÇÀÖ :) :)'
0314+  74F5 20202020202020C820CFCED1CBC5C4CDC8C920C0C1C7C0D6203A29203A29
0315+  7513             		db	' ÂÑß ÈÍÔÀ ÏÎ ÌÎÈÌ ÏÐÎÅÊÒÀÌ ÍÀ ÑÀÉÒÅ WWW.MICKLAB.RU, '
0315+  7513 20C2D1DF20C8CDD4C020CFCE20CCCEC8CC20CFD0CEC5CAD2C0CC20CDC020D1C0
0315+  7533 C9D2C5205757572E4D49434B4C41422E52552C20
0316+  7547             		db	' ÑÂßÇÀÒÜÑß ÑÎ ÌÍÎÉ ÌÎÆÍÎ ×ÅÐÅÇ ÔÎÐÓÌ WWW.TS-LABS.INFO - ÍÈÊÍÅÉÌ MICK ÈËÈ ×ÅÐÅÇ ÌÛËÎ'
0316+  7547 20D1C2DFC7C0D2DCD1DF20D1CE20CCCDCEC920CCCEC6CDCE20D7C5D0C5C720D4
0316+  7567 CED0D3CC205757572E54532D4C4142532E494E464F202D20CDC8CACDC5C9CC20
0316+  7587 4D49434B20C8CBC820D7C5D0C5C720CCDBCBCE
0317+  759A             		db	' MICKLAB(ÃÀÂ-ÃÀÂ)MAIL.RU.' 
0317+  759A 204D49434B4C414228C3C0C22DC3C0C2294D41494C2E52552E
0318+  75B3             		db	' ÏÎÐÀ ÏÐÎÙÀÒÜÑß. ÏÎÑÌÎÐÒÈÌ ÁÓÄÓÒ ËÈ ÅÙÅ ÏÐÎÃÐÀÌÌÊÈ ÎÒ ÌÅÍß :) ÏÎÊÀ! ÏÎÊÀ!      '
0318+  75B3 20CFCED0C020CFD0CED9C0D2DCD1DF2E20CFCED1CCCED0D2C8CC20C1D3C4D3D2
0318+  75D3 20CBC820C5D9C520CFD0CEC3D0C0CCCCCAC820CED220CCC5CDDF203A2920CFCE
0318+  75F3 CAC02120CFCECAC021202020202020
0319+  7602             		db	'            MARCH *2016*    GRAPHICS AND CODE BY MICK         '
0319+  7602 2020202020202020202020204D41524348202A323031362A2020202047524150
0319+  7622 4849435320414E4420434F4445204259204D49434B202020202020202020
0320+  7640             		db	'                                             ',0           		
0320+  7640 2020202020202020202020202020202020202020202020202020202020202020
0320+  7660 2020202020202020202020202000
0321+  766E             Str_addr_font: 
0322+  766E             		incbin "aaa_4.fnt"
0323+  826E             Str_end_font: 
0324+  826E             
0586   826E             		.include  mwm_player.asm
0001+  826E             ;--------------------------------------------------------------------
0002+  826E             ; Îïèñàíèå: Ïðîèãðûâàþùèé ìîäóëü ìóçûêàëüíûõ ôàéëîâ MWM c êîìïüþòåðà MSX
0003+  826E             ; Àâòîð ïîðòà: Òàðàñîâ Ì.Í.(Mick),2015
0004+  826E             ;--------------------------------------------------------------------
0005+  826E             MOON_BASE: 	equ	0C4h
0006+  826E             MOON_REG1: 	equ	MOON_BASE
0007+  826E             MOON_DAT1: 	equ	MOON_BASE+1
0008+  826E             MOON_REG2: 	equ	MOON_BASE+2
0009+  826E             MOON_DAT2: 	equ	MOON_BASE+3
0010+  826E             MOON_STAT: 	equ	MOON_BASE
0011+  826E             
0012+  826E             MOON_WREG: 	equ	7Eh
0013+  826E             MOON_WDAT: 	equ	MOON_WREG+1
0014+  826E             
0015+  826E             PTW_SIZE: 	equ	20	; size of Wave playtable line
0016+  826E             WAVCHNS: 	equ	24
0017+  826E             
0018+  826E             ;-------------------------------------------------------------------
0019+  826E             ; îïèñàíèå: Èíèöèàëèçàöèÿ ïðîèãðûâàòåëÿ
0020+  826E             ; ïàðàìåòðû: íåò
0021+  826E             ; âîçâðàùàåìîå  çíà÷åíèå: íåò
0022+  826E             ;---------------------------------------------------------------------
0023+  826E             MBPlayer_init: 
0024+  826E C3 7A 82    		jp	MBPlayer_start_music
0025+  8271             ;-------------------------------------------------------------------
0026+  8271             ; îïèñàíèå: Ïðîèãðûâàíèå íîòû
0027+  8271             ; ïàðàìåòðû: íåò
0028+  8271             ; âîçâðàùàåìîå  çíà÷åíèå: íåò
0029+  8271             ;---------------------------------------------------------------------
0030+  8271             MBPlayer_play: 
0031+  8271 C3 50 83    		jp	MBPlayer_play_music
0032+  8274             ;-------------------------------------------------------------------
0033+  8274             ; îïèñàíèå: Îñòàíîâêà ïðîèãðûâàíèÿ
0034+  8274             ; ïàðàìåòðû: íåò
0035+  8274             ; âîçâðàùàåìîå  çíà÷åíèå: íåò
0036+  8274             ;---------------------------------------------------------------------
0037+  8274             MBPlayer_stop: 
0038+  8274 C3 26 83    		jp	MBPlayer_stop_music
0039+  8277             ;-------------------------------------------------------------------
0040+  8277             ; îïèñàíèå: Óñòàíîâêà òèøèíû â çâóêîâîé ÷èï
0041+  8277             ; ïàðàìåòðû: íåò
0042+  8277             ; âîçâðàùàåìîå  çíà÷åíèå: íåò
0043+  8277             ;---------------------------------------------------------------------
0044+  8277             MBPlayer_fade: 
0045+  8277 C3 40 83    		jp	MBPlayer_fade_music
0046+  827A             ;-------------------------------------------------------------------
0047+  827A             ; îïèñàíèå: Èíèöèàëèçàöèÿ ïðîèãðûâàòåëÿ
0048+  827A             ; ïàðàìåòðû: íåò
0049+  827A             ; âîçâðàùàåìîå  çíà÷åíèå: íåò
0050+  827A             ;---------------------------------------------------------------------
0051+  827A             MBPlayer_start_music: 
0052+  827A F3          		di	
0053+  827B 3A 57 89    		ld	a, (MBPlayer_play_busy)
0054+  827E B7          		or	a
0055+  827F C0          		ret	nz				; already playing?
0056+  8280             
0057+  8280 3E FF       		ld	a, 0FFh
0058+  8282 32 57 89    		ld	(MBPlayer_play_busy), a 	; set busy playing
0059+  8285             
0060+  8285 AF          		xor	a
0061+  8286 32 7B 89    		ld	(MBPlayer_play_intcnt), a
0062+  8289 3E 0F       		ld	a, 15
0063+  828B 32 59 89    		ld	(MBPlayer_play_step), a 	; set step and position
0064+  828E 3E FF       		ld	a, 0FFh
0065+  8290 32 58 89    		ld	(MBPlayer_play_pos), a
0066+  8293             
0067+  8293             ;		call	MBPlayer_getbank_FE
0068+  8293             ;		ld	(MBPlayer_save_curbank), a
0069+  8293             
0070+  8293             ;		ld	a, (MBPlayer_songdata_bank1)
0071+  8293             ;		call	MBPlayer_selbank_FE
0072+  8293             
0073+  8293 2A 5C 89    		ld	hl, (MBPlayer_songdata_addres)
0074+  8296 11 87 89    		ld	de, MBPlayer_xleng
0075+  8299 01 DC 00    		ld	bc, 220
0076+  829C ED B0       		ldir	
0077+  829E 11 3A 00    		ld	de, 58
0078+  82A1 19          		add	hl, de
0079+  82A2 22 65 8A    		ld	(MBPlayer_pos_address), hl
0080+  82A5 3A 87 89    		ld	a, (MBPlayer_xleng)
0081+  82A8 3C          		inc	a
0082+  82A9 5F          		ld	e, a
0083+  82AA 19          		add	hl, de
0084+  82AB 22 63 8A    		ld	(MBPlayer_pat_address), hl
0085+  82AE             
0086+  82AE             ;		ld	a, (MBPlayer_save_curbank)
0087+  82AE             ;		call	MBPlayer_selbank_FE
0088+  82AE             
0089+  82AE CD D0 82    		call	MBPlayer_init_opl4 		;initialise OPL4
0090+  82B1 CD DE 82    		call	MBPlayer_init_voices
0091+  82B4 3A A1 89    		ld	a, (MBPlayer_xtempo)
0092+  82B7 32 78 89    		ld	(MBPlayer_play_speed), a
0093+  82BA 3A 78 89    		ld	a, (MBPlayer_play_speed)
0094+  82BD D6 03       		sub	3
0095+  82BF 32 7A 89    		ld	(MBPlayer_play_timercnt), a
0096+  82C2 AF          		xor	a
0097+  82C3 32 79 89    		ld	(MBPlayer_play_tspval), a
0098+  82C6 32 7D 89    		ld	(MBPlayer_play_fading), a
0099+  82C9 32 7E 89    		ld	(MBPlayer_play_fadecnt), a
0100+  82CC 32 80 89    		ld	(MBPlayer_play_fadetcnt), a
0101+  82CF             
0102+  82CF             loc_0_4378: 
0103+  82CF             ;		di	
0104+  82CF             ;		ld	hl, 0FD9Fh
0105+  82CF             ;		ld	de, locret_0_455C
0106+  82CF             ;		ld	bc, 5
0107+  82CF             ;		ldir	
0108+  82CF             ;		ld	a, 0C3h	; 'Ã'
0109+  82CF             ;		ld	(0FD9Fh), a
0110+  82CF             ;		ld	hl, MBPlayer_play_music
0111+  82CF             ;		ld	(0FDA0h), hl
0112+  82CF             ;		ei	
0113+  82CF C9          		ret	
0114+  82D0             ;-------------------------------------------------------------------
0115+  82D0             ; îïèñàíèå: Èíèöèàëèçàöèÿ OPL4 ðåãèñòðîâ
0116+  82D0             ; ïàðàìåòðû: íåò
0117+  82D0             ; âîçâðàùàåìîå  çíà÷åíèå: íåò
0118+  82D0             ;---------------------------------------------------------------------
0119+  82D0             MBPlayer_init_opl4: 
0120+  82D0 3E 03       		ld	a, 3
0121+  82D2 0E 05       		ld	c, 5
0122+  82D4 CD 34 89    		call	sub_0_4A3F
0123+  82D7 0E 02       		ld	c, 2
0124+  82D9 3E 10       		ld	a, 10h
0125+  82DB C3 40 89    		jp	MBPlayer_out_wave
0126+  82DE             ;-------------------------------------------------------------------
0127+  82DE             ; îïèñàíèå: Èíèöèàëèçàöèÿ OPL4 êàíàëîâ
0128+  82DE             ; ïàðàìåòðû: íåò
0129+  82DE             ; âîçâðàùàåìîå  çíà÷åíèå: íåò
0130+  82DE             ;---------------------------------------------------------------------
0131+  82DE             MBPlayer_init_voices: 
0132+  82DE 06 18       		ld	b, WAVCHNS			; # wave channels
0133+  82E0 FD 21 69 8A 		ld	iy, MBPlayer_play_table_wav
0134+  82E4 DD 21 EB 89 		ld	ix, MBPlayer_xbegwav
0135+  82E8 11 14 00    		ld	de, PTW_SIZE
0136+  82EB             loc_0_43AC: 
0137+  82EB D5          		push	de
0138+  82EC C5          		push	bc
0139+  82ED DD 7E B8    		ld	a,(ix - 48h)			; xdetune!
0140+  82F0 87          		add	a, a
0141+  82F1 FD 77 05    		ld	(iy + 5), a			; detune!
0142+  82F4 DD 7E 00    		ld	a, (ix + 0)                     ; wave/patchnr
0143+  82F7 F5          		push	af
0144+  82F8 CD 23 87    		call	MBPlayer_play_wwavevt2
0145+  82FB F1          		pop	af
0146+  82FC 21 32 8A    		ld	hl, MBPlayer_xwavvols - 1
0147+  82FF 85          		add	a, l
0148+  8300 30 01       		jr	nc, loc_0_43C4
0149+  8302 24          		inc	h
0150+  8303             
0151+  8303             loc_0_43C4: 
0152+  8303 6F          		ld	l, a
0153+  8304 7E          		ld	a, (hl)
0154+  8305 FD 77 0F    		ld	(iy + 0Fh), a
0155+  8308 CD 62 87    		call	MBPlayer_play_wchgvol2
0156+  830B DD 7E 9E    		ld	a, (ix - 62h)
0157+  830E CD 02 88    		call	MBPlayer_play_wchgste2
0158+  8311 DD 23       		inc	ix
0159+  8313 C1          		pop	bc
0160+  8314 D1          		pop	de
0161+  8315 FD 19       		add	iy, de
0162+  8317 10 D2       		djnz	loc_0_43AC
0163+  8319 C9          		ret	
0164+  831A             
0165+  831A             loc_0_43DB: 
0166+  831A 3A 57 89    		ld	a, (MBPlayer_play_busy)
0167+  831D B7          		or	a
0168+  831E C0          		ret	nz
0169+  831F 3D          		dec	a
0170+  8320 32 57 89    		ld	(MBPlayer_play_busy), a
0171+  8323 C3 CF 82    		jp	loc_0_4378
0172+  8326             ;-------------------------------------------------------------------
0173+  8326             ; îïèñàíèå: Îñòàíîâêà ïðîèãðûâàíèÿ
0174+  8326             ; ïàðàìåòðû: íåò
0175+  8326             ; âîçâðàùàåìîå  çíà÷åíèå: íåò
0176+  8326             ;---------------------------------------------------------------------
0177+  8326             MBPlayer_stop_music: 
0178+  8326             ;		ld	a, (MBPlayer_play_busy)
0179+  8326             ;		or	a
0180+  8326             ;		ret	z
0181+  8326             
0182+  8326 F3          		di	
0183+  8327 AF          		xor	a
0184+  8328 32 57 89    		ld	(MBPlayer_play_busy), a
0185+  832B             
0186+  832B             ;		ld	hl, locret_0_455C
0187+  832B             ;		ld	de, 0FD9Fh
0188+  832B             ;		ld	bc, 5
0189+  832B             ;		ldir	
0190+  832B 06 18       		ld	b, WAVCHNS			; # wave channels
0191+  832D FD 21 69 8A 		ld	iy, MBPlayer_play_table_wav
0192+  8331 11 14 00    		ld	de, PTW_SIZE
0193+  8334             
0194+  8334             loc_0_4405: 
0195+  8334 CD 0D 87    		call	MBPlayer_play_woffevt
0196+  8337 CD 5B 88    		call	MBPlayer_play_wchgdmp
0197+  833A FD 19       		add	iy, de
0198+  833C 10 F6       		djnz	loc_0_4405
0199+  833E FB          		ei	
0200+  833F C9          		ret	
0201+  8340             ;-------------------------------------------------------------------
0202+  8340             ; îïèñàíèå: Óñòàíîâêà çàòóõàíèÿ
0203+  8340             ; ïàðàìåòðû: B - ñêîðîñòü çàòóõàíèÿ
0204+  8340             ; âîçâðàùàåìîå  çíà÷åíèå: íåò
0205+  8340             ;---------------------------------------------------------------------
0206+  8340             MBPlayer_fade_music: 
0207+  8340 47          		ld	b, a
0208+  8341 3A 57 89    		ld	a, (MBPlayer_play_busy)		; already stopped?
0209+  8344 B7          		or	a
0210+  8345 C8          		ret	z
0211+  8346 3E FF       		ld	a, 255
0212+  8348 32 7D 89    		ld	(MBPlayer_play_fading), a 	; fading on
0213+  834B 78          		ld	a, b
0214+  834C 32 7F 89    		ld	(MBPlayer_play_fadespd), a      ; set fade speed
0215+  834F C9          		ret	
0216+  8350             ;-------------------------------------------------------------------
0217+  8350             ; îïèñàíèå: Ïðîèãðûâàíèå ìóçûêè ïî ïðåðûâàíèÿì
0218+  8350             ; ïàðàìåòðû: íåò
0219+  8350             ; âîçâðàùàåìîå  çíà÷åíèå: íåò
0220+  8350             ;---------------------------------------------------------------------
0221+  8350             MBPlayer_play_music: 
0222+  8350 F3          		di	
0223+  8351             ;		ld	a, (MBPlayer_xhzequal)
0224+  8351             ;		or	a
0225+  8351             ;		jr	z, loc_0_443E
0226+  8351             
0227+  8351             ;		ld	a, (0FFE8h)
0228+  8351             ;		and	2
0229+  8351             ;		jr	nz, loc_0_443E
0230+  8351             
0231+  8351             ;		ld	hl, MBPlayer_play_intcnt
0232+  8351             ;		ld	a, (hl)
0233+  8351             ;		inc	a
0234+  8351             ;		cp	6
0235+  8351             ;		jr	c, loc_0_443D
0236+  8351             ;		ld	(hl), 0
0237+  8351             ;		jp	locret_0_455C
0238+  8351             ;
0239+  8351             ;loc_0_443D:
0240+  8351             ;		ld	(hl), a
0241+  8351             
0242+  8351             loc_0_443E: 
0243+  8351 CD 6F 88    		call	MBPlayer_play_pitch
0244+  8354             
0245+  8354 3A 7D 89    		ld	a, (MBPlayer_play_fading)
0246+  8357 B7          		or	a
0247+  8358 28 0A       		jr	z, loc_0_4451
0248+  835A CD F5 88    		call	MBPlayer_play_fade
0249+  835D 3A 7D 89    		ld	a, (MBPlayer_play_fading)
0250+  8360 B7          		or	a
0251+  8361 CA 5D 84    		jp	z, locret_0_455C
0252+  8364             
0253+  8364             loc_0_4451: 
0254+  8364             ;		call	MBPlayer_getbank_FE
0255+  8364             ;		ld	(MBPlayer_save_curbank), a
0256+  8364             
0257+  8364 3A 78 89    		ld	a, (MBPlayer_play_speed) 	; speed
0258+  8367 21 7A 89    		ld	hl, MBPlayer_play_timercnt
0259+  836A 34          		inc	(hl)
0260+  836B BE          		cp	(hl)
0261+  836C C2 62 84    		jp	nz, MBPlayer_play_int_sec	; almost there?
0262+  836F 36 00       		ld	(hl), 0
0263+  8371             
0264+  8371 FD 21 A9 8B 		ld	iy, unk_0_4E30
0265+  8375 21 6F 89    		ld	hl, unk_0_4B98
0266+  8378 01 60 08    		ld	bc, 860h
0267+  837B 11 14 00    		ld	de, PTW_SIZE
0268+  837E             
0269+  837E             loc_0_4471: 
0270+  837E 7E          		ld	a, (hl)
0271+  837F 3D          		dec	a
0272+  8380 B9          		cp	c
0273+  8381 DC 4B 85    		call	c, MBPlayer_calc_wave
0274+  8384 FD 19       		add	iy, de
0275+  8386 23          		inc	hl
0276+  8387 10 F5       		djnz	loc_0_4471
0277+  8389             
0278+  8389             ;		ld	a, (MBPlayer_songdata_bank)
0279+  8389             ;		call	MBPlayer_selbank_FE
0280+  8389             
0281+  8389 21 5F 89    		ld	hl, MBPlayer_step_buffer        ;WAVE Event routines
0282+  838C 06 18       		ld	b, WAVCHNS			; # channels
0283+  838E FD 21 69 8A 		ld	iy, MBPlayer_play_table_wav
0284+  8392 11 14 00    		ld	de, PTW_SIZE
0285+  8395 0E 60       		ld	c, 96
0286+  8397             
0287+  8397             loc_0_4490: 
0288+  8397 7E          		ld	a, (hl)
0289+  8398 3D          		dec	a
0290+  8399 B9          		cp	c
0291+  839A D2 DA 83    		jp	nc, loc_0_44D3
0292+  839D 3E 67       		ld	a, 67h
0293+  839F 80          		add	a, b 				; calc. register
0294+  83A0 D3 7E       		out	(MOON_WREG), a
0295+  83A2 AF          		xor	a
0296+  83A3             loc_0_449C: 
0297+  83A3 C5          		push	bc
0298+  83A4 C1          		pop	bc
0299+  83A5 D3 7F       		out	(MOON_WDAT), a			; off
0300+  83A7             
0301+  83A7 3E 1F       		ld	a, 1Fh
0302+  83A9 80          		add	a, b
0303+  83AA             loc_0_44A3: 
0304+  83AA C5          		push	bc
0305+  83AB C1          		pop	bc
0306+  83AC D3 7E       		out	(MOON_WREG), a
0307+  83AE FD 7E 08    		ld	a, (iy + 8)
0308+  83B1 FD 77 12    		ld	(iy + 12h), a
0309+  83B4 FD B6 06    		or	(iy + 6)
0310+  83B7             loc_0_44B0: 
0311+  83B7 C5          		push	bc
0312+  83B8 C1          		pop	bc
0313+  83B9 D3 7F       		out	(MOON_WDAT), a			; freq + tone
0314+  83BB             
0315+  83BB 3E 07       		ld	a, 7
0316+  83BD 80          		add	a, b
0317+  83BE             loc_0_44B7: 
0318+  83BE C5          		push	bc
0319+  83BF C1          		pop	bc
0320+  83C0 D3 7E       		out	(MOON_WREG), a
0321+  83C2 FD 7E 07    		ld	a, (iy + 7)
0322+  83C5             loc_0_44BE: 
0323+  83C5 C5          		push	bc
0324+  83C6 C1          		pop	bc
0325+  83C7 D3 7F       		out	(MOON_WDAT), a 			; tone
0326+  83C9             
0327+  83C9 3E 37       		ld	a, 37h
0328+  83CB 80          		add	a, b
0329+  83CC             loc_0_44C5: 
0330+  83CC C5          		push	bc
0331+  83CD C1          		pop	bc
0332+  83CE D3 7E       		out	(MOON_WREG), a
0333+  83D0 FD 7E 09    		ld	a, (iy + 9)
0334+  83D3 FD 77 13    		ld	(iy + 13h), a
0335+  83D6             loc_0_44CF: 
0336+  83D6 C5          		push	bc
0337+  83D7 C1          		pop	bc
0338+  83D8 D3 7F       		out	(MOON_WDAT), a
0339+  83DA             loc_0_44D3: 
0340+  83DA 23          		inc	hl
0341+  83DB FD 19       		add	iy, de
0342+  83DD 10 B8       		djnz	loc_0_4490
0343+  83DF             
0344+  83DF 21 5F 89    		ld	hl, MBPlayer_step_buffer		; songdata-adres 
0345+  83E2 FD 21 69 8A 		ld	iy, MBPlayer_play_table_wav
0346+  83E6 06 18       		ld	b,WAVCHNS
0347+  83E8 11 14 00    		ld	de,PTW_SIZE
0348+  83EB             loc_0_44E4: 
0349+  83EB DB C4       		in	a, (MOON_STAT)
0350+  83ED E6 02       		and	2
0351+  83EF 20 FA       		jr	nz, loc_0_44E4
0352+  83F1             
0353+  83F1             MBPlayer_play_int_wlus: 
0354+  83F1 7E          		ld	a, (hl)
0355+  83F2 B7          		or	a
0356+  83F3 28 3A       		jr	z, MBPlayer_play_int_wend2		; empty
0357+  83F5             
0358+  83F5 08          		ex	af, af'
0359+  83F6 78          		ld	a, b
0360+  83F7 D9          		exx	
0361+  83F8 47          		ld	b, a
0362+  83F9 08          		ex	af, af'
0363+  83FA             
0364+  83FA 11 2E 84    		ld	de, MBPlayer_play_int_wend
0365+  83FD D5          		push	de
0366+  83FE             
0367+  83FE FE 61       		cp	97
0368+  8400 DA C2 86    		jp	c, MBPlayer_play_wonevt		; wave on
0369+  8403 CA 0D 87    		jp	z, MBPlayer_play_woffevt	; wave off 
0370+  8406 FE 92       		cp	146
0371+  8408 DA 21 87    		jp	c, MBPlayer_play_wwavevt	; wave 
0372+  840B FE B2       		cp	178
0373+  840D DA 5D 87    		jp	c, MBPlayer_play_wchgvol	; volume 
0374+  8410 FE C1       		cp	193
0375+  8412 DA 00 88    		jp	c, MBPlayer_play_wchgste	; stereo 
0376+  8415 FE D4       		cp	212
0377+  8417 DA 85 87    		jp	c, MBPlayer_play_wlnk		; link 
0378+  841A FE E7       		cp	231
0379+  841C DA 23 88    		jp	c, MBPlayer_play_wchgpit	; pitch bending 
0380+  841F FE EE       		cp	238
0381+  8421 DA 53 88    		jp	c, MBPlayer_play_wchgdet	; detune 
0382+  8424 FE F1       		cp	241
0383+  8426 DA 3B 88    		jp	c, MBPlayer_play_wchgmod	; modulation 
0384+  8429 FE F3       		cp	243
0385+  842B DA 5B 88    		jp	c, MBPlayer_play_wchgdmp	; damp 
0386+  842E             
0387+  842E             MBPlayer_play_int_wend: 
0388+  842E D9          		exx	
0389+  842F             MBPlayer_play_int_wend2: 
0390+  842F FD 19       		add	iy, de
0391+  8431 23          		inc	hl
0392+  8432 05          		dec	b
0393+  8433 C2 F1 83    		jp	nz, MBPlayer_play_int_wlus
0394+  8436             
0395+  8436 7E          		ld	a, (hl)
0396+  8437 B7          		or	a
0397+  8438 28 23       		jr	z, loc_0_4556
0398+  843A             
0399+  843A FE 18       		cp	24			
0400+  843C DA 56 84    		jp	c, MBPlayer_play_chgtmp         ; change tempo
0401+  843F 28 0D       		jr	z, MBPlayer_play_endop  	; end of pattern
0402+  8441 FE 4C       		cp	76
0403+  8443 D2 5D 84    		jp	nc, loc_0_4556
0404+  8446 D6 34       		sub	52				; set transpose
0405+  8448 32 79 89    		ld	(MBPlayer_play_tspval), a
0406+  844B C3 5D 84    		jp	loc_0_4556
0407+  844E             
0408+  844E             MBPlayer_play_endop: 
0409+  844E 3E 0F       		ld	a, 0Fh
0410+  8450 32 59 89    		ld	(MBPlayer_play_step), a
0411+  8453 C3 5D 84    		jp	loc_0_4556
0412+  8456             
0413+  8456             MBPlayer_play_chgtmp: 
0414+  8456 C6 E7       		add	a, 0E7h				; change tempo
0415+  8458 ED 44       		neg	
0416+  845A 32 78 89    		ld	(MBPlayer_play_speed), a
0417+  845D             loc_0_4556: 
0418+  845D             ;		ld	a,(MBPlayer_save_curbank)
0419+  845D             ;		call	MBPlayer_selbank_FE
0420+  845D             locret_0_455C: 
0421+  845D C9          		ret	
0422+  845E C9          		ret
0423+  845F C9          		ret
0424+  8460 C9          		ret
0425+  8461 C9          		ret
0426+  8462             ;-------------------------------------------------------------------
0427+  8462             ; îïèñàíèå: Interrupt routine BEFORE play-interrupt
0428+  8462             ; ïàðàìåòðû: íåò
0429+  8462             ; âîçâðàùàåìîå  çíà÷åíèå: íåò
0430+  8462             ;---------------------------------------------------------------------
0431+  8462             MBPlayer_play_int_sec: 
0432+  8462 3D          		dec	a
0433+  8463 BE          		cp	(hl)
0434+  8464 CA 14 85    		jp	z, loc_0_461F
0435+  8467 3D          		dec	a
0436+  8468 BE          		cp	(hl)
0437+  8469 C2 5D 84    		jp	nz, loc_0_4556
0438+  846C             
0439+  846C 3A 59 89    		ld	a, (MBPlayer_play_step)
0440+  846F 3C          		inc	a
0441+  8470 E6 0F       		and	0Fh
0442+  8472 32 59 89    		ld	(MBPlayer_play_step), a
0443+  8475 2A 67 8A    		ld	hl, (MBPlayer_songdata_ptr)
0444+  8478 C2 CA 84    		jp	nz, loc_0_45CF
0445+  847B             
0446+  847B             ;		ld	a, (MBPlayer_songdata_bank1)
0447+  847B             ;		call	MBPlayer_selbank_FE 		; this bank contains pattern addresses
0448+  847B             
0449+  847B 3A 87 89    		ld	a, (MBPlayer_xleng)		; next position
0450+  847E 3C          		inc	a
0451+  847F 47          		ld	b, a
0452+  8480 3A 58 89    		ld	a, (MBPlayer_play_pos)
0453+  8483 3C          		inc	a
0454+  8484 B8          		cp	b
0455+  8485 DA 94 84    		jp	c, loc_0_4599
0456+  8488 3A 88 89    		ld	a, (MBPlayer_xloop)
0457+  848B FE FF       		cp	255
0458+  848D C2 94 84    		jp	nz, loc_0_4599
0459+  8490 CD 26 83    		call	MBPlayer_stop_music		; stop song, want loop OFF
0460+  8493 AF          		xor	a
0461+  8494             
0462+  8494             loc_0_4599: 
0463+  8494 32 58 89    		ld	(MBPlayer_play_pos), a
0464+  8497 2A 65 8A    		ld	hl, (MBPlayer_pos_address)
0465+  849A 85          		add	a, l
0466+  849B 30 01       		jr	nc, loc_0_45A3
0467+  849D 24          		inc	h
0468+  849E             loc_0_45A3: 
0469+  849E 6F          		ld	l, a
0470+  849F 7E          		ld	a, (hl)
0471+  84A0 32 7C 89    		ld	(MBPlayer_current_pat), a
0472+  84A3 87          		add	a, a
0473+  84A4 2A 63 8A    		ld	hl, (MBPlayer_pat_address)
0474+  84A7 85          		add	a, l
0475+  84A8 30 01       		jr	nc, loc_0_45B0
0476+  84AA 24          		inc	h
0477+  84AB             
0478+  84AB             loc_0_45B0: 
0479+  84AB 6F          		ld	l, a
0480+  84AC 5E          		ld	e, (hl)
0481+  84AD 23          		inc	hl
0482+  84AE 56          		ld	d, (hl)
0483+  84AF EB          		ex	de, hl
0484+  84B0 7C          		ld	a, h
0485+  84B1 07          		rlca	
0486+  84B2 07          		rlca	
0487+  84B3 E6 03       		and	3
0488+  84B5 11 5B 89    		ld	de, MBPlayer_songdata_bank1
0489+  84B8 83          		add	a, e
0490+  84B9 30 01       		jr	nc, loc_0_45C1
0491+  84BB 14          		inc	d
0492+  84BC             loc_0_45C1: 
0493+  84BC 5F          		ld	e, a
0494+  84BD 1A          		ld	a, (de)
0495+  84BE 32 5E 89    		ld	(MBPlayer_songdata_bank), a
0496+  84C1 7C          		ld	a, h
0497+  84C2 E6 3F       		and	3Fh
0498+  84C4 67          		ld	h, a
0499+  84C5 ED 5B 5C 89 		ld	de, (MBPlayer_songdata_addres)
0500+  84C9 19          		add	hl, de
0501+  84CA             loc_0_45CF: 
0502+  84CA             ;		ld	a, (MBPlayer_songdata_bank)
0503+  84CA             ;		call	MBPlayer_selbank_FE
0504+  84CA             
0505+  84CA 11 5F 89    		ld	de, MBPlayer_step_buffer
0506+  84CD             
0507+  84CD 7E          		ld	a, (hl)
0508+  84CE 23          		inc	hl
0509+  84CF FE FF       		cp	0FFh				; 0FFh => completely empty
0510+  84D1 C2 E5 84    		jp	nz, loc_0_45F0
0511+  84D4 D9          		exx	
0512+  84D5 21 5F 89    		ld	hl, MBPlayer_step_buffer
0513+  84D8 11 60 89    		ld	de, MBPlayer_step_buffer + 1
0514+  84DB 01 18 00    		ld	bc, 24
0515+  84DE 70          		ld	(hl), b
0516+  84DF ED B0       		ldir	
0517+  84E1 D9          		exx	
0518+  84E2 C3 04 85    		jp	loc_0_460F
0519+  84E5             loc_0_45F0: 
0520+  84E5 12          		ld	(de), a				; 1st byte uncrunched
0521+  84E6 13          		inc	de
0522+  84E7 E5          		push	hl
0523+  84E8 23          		inc	hl
0524+  84E9 23          		inc	hl
0525+  84EA 23          		inc	hl
0526+  84EB D9          		exx	
0527+  84EC E1          		pop	hl
0528+  84ED 06 03       		ld	b, 3				; decrunch 3 * 8 bytes
0529+  84EF             loc_0_45FA: 
0530+  84EF 7E          		ld	a, (hl)
0531+  84F0 D9          		exx	
0532+  84F1 06 08       		ld	b, 8				; decrunch 8 bytes
0533+  84F3 4F          		ld	c, a
0534+  84F4             loc_0_45FF: 
0535+  84F4 AF          		xor	a
0536+  84F5 CB 01       		rlc	c
0537+  84F7 30 02       		jr	nc, loc_0_4606			; no carry? then empty event
0538+  84F9 7E          		ld	a, (hl)
0539+  84FA 23          		inc	hl
0540+  84FB             loc_0_4606: 
0541+  84FB 12          		ld	(de), a
0542+  84FC 13          		inc	de
0543+  84FD 10 F5       		djnz	loc_0_45FF
0544+  84FF D9          		exx	
0545+  8500 23          		inc	hl
0546+  8501 10 EC       		djnz	loc_0_45FA
0547+  8503 D9          		exx	
0548+  8504             loc_0_460F:                                          ;Calculate freq. & note nr of wave to play
0549+  8504 22 67 8A    		ld	(MBPlayer_songdata_ptr), hl
0550+  8507             
0551+  8507 FD 21 69 8A 		ld	iy, MBPlayer_play_table_wav
0552+  850B 21 5F 89    		ld	hl, MBPlayer_step_buffer    ; third interrupt
0553+  850E 01 60 08    		ld	bc, 860h                    ;(256 * (WAVCHNS/2)) + 96	; Wave channels
0554+  8511 C3 3A 85    		jp	loc_0_4645
0555+  8514             
0556+  8514             loc_0_461F: 
0557+  8514 06 18       		ld	b, WAVCHNS
0558+  8516 21 5F 89    		ld	hl, MBPlayer_step_buffer
0559+  8519 FD 21 69 8A 		ld	iy, MBPlayer_play_table_wav
0560+  851D 11 14 00    		ld	de, PTW_SIZE
0561+  8520 0E 60       		ld	c, 96
0562+  8522             loc_0_462D: 
0563+  8522 7E          		ld	a, (hl)
0564+  8523 3D          		dec	a
0565+  8524 B9          		cp	c
0566+  8525 30 04       		jr	nc, loc_0_4636
0567+  8527 FD 36 02 00 		ld	(iy + 2), 0
0568+  852B             loc_0_4636: 
0569+  852B 23          		inc	hl
0570+  852C FD 19       		add	iy, de
0571+  852E 10 F2       		djnz	loc_0_462D
0572+  8530             
0573+  8530 FD 21 09 8B 		ld	iy, unk_0_4D90		;play_table_wav + (WAVCHNS/2) * PTW_SIZE
0574+  8534 21 67 89    		ld	hl, unk_0_4B90		;step_buffer + WAVCHNS / 2	; second interrupt
0575+  8537 01 60 08    		ld	bc, 860h                ;(256 * (WAVCHNS/2)) + 96	; Wave channels
0576+  853A             loc_0_4645: 
0577+  853A 11 14 00    		ld	de, PTW_SIZE
0578+  853D             loc_0_4648: 
0579+  853D 7E          		ld	a, (hl)
0580+  853E 3D          		dec	a
0581+  853F B9          		cp	c
0582+  8540 DC 4B 85    		call	c, MBPlayer_calc_wave
0583+  8543 FD 19       		add	iy, de
0584+  8545 23          		inc	hl
0585+  8546 10 F5       		djnz	loc_0_4648
0586+  8548 C3 5D 84    		jp	loc_0_4556
0587+  854B             ;-------------------------------------------------------------------
0588+  854B             ; îïèñàíèå: calc wave stuff
0589+  854B             ; ïàðàìåòðû: íåò
0590+  854B             ; âîçâðàùàåìîå  çíà÷åíèå: íåò
0591+  854B             ;---------------------------------------------------------------------
0592+  854B             MBPlayer_calc_wave: 
0593+  854B D9          		exx	
0594+  854C 57          		ld	d, a
0595+  854D             
0596+  854D 21 F9 94    		ld	hl, MBPlayer_patch_table	; dit stuk verandert A niet!
0597+  8550 06 00       		ld	b, 0
0598+  8552 FD 4E 0A    		ld	c, (iy + 0Ah)
0599+  8555 79          		ld	a, c
0600+  8556 FE AF       		cp	175
0601+  8558 CA 14 86    		jp	z, MBPlayer_calc_drm		; gm drum patch
0602+  855B FE B0       		cp	176
0603+  855D D2 4A 86    		jp	nc, loc_0_4755			; own wave
0604+  8560             
0605+  8560             loc_0_466B: 
0606+  8560 7A          		ld	a, d
0607+  8561 09          		add	hl, bc
0608+  8562 09          		add	hl, bc
0609+  8563 5E          		ld	e, (hl)
0610+  8564 23          		inc	hl
0611+  8565 56          		ld	d, (hl)				; to patch
0612+  8566 EB          		ex	de, hl
0613+  8567 5E          		ld	e, (hl)
0614+  8568 23          		inc	hl
0615+  8569 4E          		ld	c, (hl)
0616+  856A 23          		inc	hl
0617+  856B 46          		ld	b, (hl)
0618+  856C 23          		inc	hl
0619+  856D FD 71 0D    		ld	(iy + 0Dh), c			; pointer to header bytes
0620+  8570 FD 70 0E    		ld	(iy + 0Eh), b
0621+  8573             
0622+  8573 CB 43       		bit	0, e				; search right patch part
0623+  8575 28 05       		jr	z, loc_0_4687			; transpose
0624+  8577 47          		ld	b, a
0625+  8578 3A 79 89    		ld	a, (MBPlayer_play_tspval)
0626+  857B 80          		add	a, b
0627+  857C             loc_0_4687: 
0628+  857C 06 00       		ld	b, 0
0629+  857E 11 05 00    		ld	de, 5
0630+  8581             loc_0_468C: 
0631+  8581 BE          		cp	(hl)
0632+  8582 38 3C       		jr	c, loc_0_46CB
0633+  8584 46          		ld	b, (hl)
0634+  8585 19          		add	hl, de
0635+  8586 BE          		cp	(hl)
0636+  8587 38 37       		jr	c, loc_0_46CB
0637+  8589 46          		ld	b, (hl)
0638+  858A 19          		add	hl, de
0639+  858B BE          		cp	(hl)
0640+  858C 38 32       		jr	c, loc_0_46CB
0641+  858E 46          		ld	b, (hl)
0642+  858F 19          		add	hl, de
0643+  8590 BE          		cp	(hl)
0644+  8591 38 2D       		jr	c, loc_0_46CB
0645+  8593 46          		ld	b, (hl)
0646+  8594 19          		add	hl, de
0647+  8595 BE          		cp	(hl)
0648+  8596 38 28       		jr	c, loc_0_46CB
0649+  8598 46          		ld	b, (hl)
0650+  8599 19          		add	hl, de
0651+  859A BE          		cp	(hl)
0652+  859B 38 23       		jr	c, loc_0_46CB
0653+  859D 46          		ld	b, (hl)
0654+  859E 19          		add	hl, de
0655+  859F BE          		cp	(hl)
0656+  85A0 38 1E       		jr	c, loc_0_46CB
0657+  85A2 46          		ld	b, (hl)
0658+  85A3 19          		add	hl, de
0659+  85A4 BE          		cp	(hl)
0660+  85A5 38 19       		jr	c, loc_0_46CB
0661+  85A7 46          		ld	b, (hl)
0662+  85A8 19          		add	hl, de
0663+  85A9 BE          		cp	(hl)
0664+  85AA 38 14       		jr	c, loc_0_46CB
0665+  85AC 46          		ld	b, (hl)
0666+  85AD 19          		add	hl, de
0667+  85AE BE          		cp	(hl)
0668+  85AF 38 0F       		jr	c, loc_0_46CB
0669+  85B1 46          		ld	b, (hl)
0670+  85B2 19          		add	hl, de
0671+  85B3 BE          		cp	(hl)
0672+  85B4 38 0A       		jr	c, loc_0_46CB
0673+  85B6 46          		ld	b, (hl)
0674+  85B7 19          		add	hl, de
0675+  85B8 BE          		cp	(hl)
0676+  85B9 38 05       		jr	c, loc_0_46CB
0677+  85BB 46          		ld	b, (hl)
0678+  85BC 19          		add	hl, de
0679+  85BD C3 81 85    		jp	loc_0_468C
0680+  85C0             loc_0_46CB: 
0681+  85C0 57          		ld	d, a                    ; save note...
0682+  85C1 23          		inc	hl
0683+  85C2 7E          		ld	a, (hl)			; low byte tone
0684+  85C3 FD 77 07    		ld	(iy + 7), a
0685+  85C6             
0686+  85C6 23          		inc	hl
0687+  85C7 7E          		ld	a, (hl)
0688+  85C8 E6 01       		and	1                       ; also resets carry!
0689+  85CA FD 77 06    		ld	(iy + 6), a             ; high byte tone
0690+  85CD             
0691+  85CD 7E          		ld	a, (hl)                 ; tone-note
0692+  85CE 1F          		rra				; note that carry was set 0 earlier!!	
0693+  85CF 82          		add	a, d
0694+  85D0 90          		sub	b
0695+  85D1 FD 77 00    		ld	(iy + 0), a		; last note
0696+  85D4             
0697+  85D4 23          		inc	hl
0698+  85D5 5E          		ld	e, (hl)
0699+  85D6 23          		inc	hl
0700+  85D7 56          		ld	d, (hl)
0701+  85D8 FD 72 11    		ld	(iy + 11h), d		; pointer to freqtab
0702+  85DB FD 73 10    		ld	(iy + 10h), e
0703+  85DE             
0704+  85DE 21 49 8C    		ld	hl, MBPlayer_tabdiv12
0705+  85E1 4F          		ld	c, a
0706+  85E2 06 00       		ld	b, 0
0707+  85E4 09          		add	hl, bc
0708+  85E5 09          		add	hl, bc
0709+  85E6 4E          		ld	c, (hl)
0710+  85E7 23          		inc	hl
0711+  85E8 7E          		ld	a, (hl)
0712+  85E9 EB          		ex	de, hl
0713+  85EA             
0714+  85EA 85          		add	a, l
0715+  85EB 30 01       		jr	nc, loc_0_46F9
0716+  85ED 24          		inc	h
0717+  85EE             loc_0_46F9: 
0718+  85EE 6F          		ld	l, a
0719+  85EF 5E          		ld	e, (hl)
0720+  85F0 23          		inc	hl
0721+  85F1 56          		ld	d, (hl)
0722+  85F2             
0723+  85F2 CB 23       		sla	e   			; freq fine
0724+  85F4 7A          		ld	a, d
0725+  85F5 17          		rla	      			; freq rotated 1 left
0726+  85F6 81          		add	a, c                    ; octave
0727+  85F7             
0728+  85F7 57          		ld	d, a                    ; high byte freq
0729+  85F8 60          		ld	h, b
0730+  85F9             loc_0_4704: 
0731+  85F9 FD 6E 05    		ld	l, (iy + 5)
0732+  85FC CB 7D       		bit	7, l
0733+  85FE 28 0D       		jr	z, loc_0_4718
0734+  8600 25          		dec	h
0735+  8601 29          		add	hl, hl			; detune...
0736+  8602             loc_0_470D: 
0737+  8602 19          		add	hl, de
0738+  8603 CB 9C       		res	3, h
0739+  8605 FD 75 08    		ld	(iy + 8), l		; freq fine
0740+  8608 FD 74 09    		ld	(iy + 9), h
0741+  860B D9          		exx				; Yes! Finally, finished...	
0742+  860C C9          		ret	
0743+  860D             loc_0_4718: 
0744+  860D EB          		ex	de, hl
0745+  860E 19          		add	hl, de 			; detune...
0746+  860F 16 08       		ld	d, 8
0747+  8611 C3 02 86    		jp	loc_0_470D
0748+  8614             ;-------------------------------------------------------------------
0749+  8614             ; îïèñàíèå: Calc GM drums
0750+  8614             ; ïàðàìåòðû: íåò
0751+  8614             ; âîçâðàùàåìîå  çíà÷åíèå: íåò
0752+  8614             ;---------------------------------------------------------------------
0753+  8614             MBPlayer_calc_drm: 
0754+  8614 7A          		ld	a, d
0755+  8615 FE 24       		cp	36			
0756+  8617 DA 60 85    		jp	c, loc_0_466B		; < 36 => first drum handled as patch
0757+  861A FE 57       		cp	57h
0758+  861C DA 21 86    		jp	c, loc_0_472C
0759+  861F 3E 56       		ld	a, 56h
0760+  8621             loc_0_472C: 
0761+  8621 21 46 A5    		ld	hl, MBPlayer_gmdrm_c4
0762+  8624 D6 24       		sub	36
0763+  8626 47          		ld	b, a
0764+  8627 87          		add	a, a
0765+  8628 87          		add	a, a
0766+  8629 80          		add	a, b
0767+  862A 85          		add	a, l
0768+  862B 30 01       		jr	nc, loc_0_4739
0769+  862D 24          		inc	h
0770+  862E             
0771+  862E             loc_0_4739: 
0772+  862E 6F          		ld	l, a
0773+  862F 7E          		ld	a, (hl)
0774+  8630 FD 77 07    		ld	(iy + 7), a
0775+  8633 FD 36 06 00 		ld	(iy + 6), 0
0776+  8637 23          		inc	hl
0777+  8638 5E          		ld	e, (hl)
0778+  8639 23          		inc	hl
0779+  863A 56          		ld	d, (hl)
0780+  863B 23          		inc	hl
0781+  863C 7E          		ld	a, (hl)
0782+  863D FD 77 0D    		ld	(iy + 0Dh), a
0783+  8640 23          		inc	hl
0784+  8641 7E          		ld	a, (hl)
0785+  8642 FD 77 0E    		ld	(iy + 0Eh), a
0786+  8645 26 00       		ld	h, 0
0787+  8647 C3 F9 85    		jp	loc_0_4704
0788+  864A             
0789+  864A             loc_0_4755: 
0790+  864A D6 B0       		sub	176
0791+  864C 4F          		ld	c, a
0792+  864D 87          		add	a, a
0793+  864E 87          		add	a, a
0794+  864F 87          		add	a, a
0795+  8650 6F          		ld	l, a
0796+  8651 26 00       		ld	h, 0
0797+  8653 29          		add	hl, hl
0798+  8654 85          		add	a, l
0799+  8655 30 01       		jr	nc, loc_0_4763
0800+  8657 24          		inc	h
0801+  8658             loc_0_4763: 
0802+  8658 6F          		ld	l, a
0803+  8659 79          		ld	a, c
0804+  865A 85          		add	a, l
0805+  865B 30 01       		jr	nc, loc_0_4769
0806+  865D 24          		inc	h
0807+  865E             loc_0_4769: 
0808+  865E 6F          		ld	l, a
0809+  865F 01 09 90    		ld	bc, MBPlayer_waves
0810+  8662 09          		add	hl, bc                          ; pointer to patch
0811+  8663             
0812+  8663 5E          		ld	e, (hl)                         ; transpose
0813+  8664 23          		inc	hl
0814+  8665 7A          		ld	a, d
0815+  8666 CB 43       		bit	0, e 				; transpose
0816+  8668 28 04       		jr	z, loc_0_4779
0817+  866A 3A 79 89    		ld	a, (MBPlayer_play_tspval)
0818+  866D 82          		add	a, d
0819+  866E             loc_0_4779: 
0820+  866E 16 00       		ld	d, 0
0821+  8670 01 03 00    		ld	bc, 3
0822+  8673             loc_0_477E: 
0823+  8673 BE          		cp	(hl)
0824+  8674 38 05       		jr	c, loc_0_4786
0825+  8676 56          		ld	d, (hl)
0826+  8677 09          		add	hl, bc
0827+  8678 C3 73 86    		jp	loc_0_477E
0828+  867B             
0829+  867B             loc_0_4786: 
0830+  867B 47          		ld	b, a 				; save note...
0831+  867C 23          		inc	hl
0832+  867D 7E          		ld	a, (hl)				; low byte tone
0833+  867E 5F          		ld	e, a
0834+  867F C6 80       		add	a, 80h 				; tone 384 and above 
0835+  8681 FD 77 07    		ld	(iy + 7), a
0836+  8684 FD 36 06 01 		ld	(iy + 6), 1			; RAM wave is altijd > 256
0837+  8688 23          		inc	hl
0838+  8689             
0839+  8689 7E          		ld	a, (hl)				; tone-note
0840+  868A 80          		add	a, b
0841+  868B 92          		sub	d
0842+  868C FD 77 00    		ld	(iy + 0), a			; last note
0843+  868F F5          		push	af
0844+  8690             
0845+  8690 FD 36 0D 00 		ld	(iy + 0Dh), 0			; no header
0846+  8694 FD 36 0E 00 		ld	(iy + 0Eh), 0
0847+  8698             
0848+  8698 21 B9 94    		ld	hl, MBPlayer_tones_data
0849+  869B 16 00       		ld	d, 0
0850+  869D 19          		add	hl, de
0851+  869E 7E          		ld	a, (hl)
0852+  869F E6 06       		and	6
0853+  86A1 21 89 8E    		ld	hl, MBPlayer_frqtab_amiga
0854+  86A4 28 0A       		jr	z, loc_0_47BB
0855+  86A6 21 C9 8D    		ld	hl, MBPlayer_frqtab_441khz
0856+  86A9 FE 02       		cp	2
0857+  86AB 28 03       		jr	z, loc_0_47BB
0858+  86AD 21 49 8F    		ld	hl, MBPlayer_frqtab_turbo
0859+  86B0             loc_0_47BB: 
0860+  86B0 F1          		pop	af
0861+  86B1 FD 75 10    		ld	(iy + 10h), l
0862+  86B4 FD 74 11    		ld	(iy + 11h), h
0863+  86B7             
0864+  86B7 5F          		ld	e, a			; D is still 0
0865+  86B8 19          		add	hl, de
0866+  86B9 19          		add	hl, de
0867+  86BA 5E          		ld	e, (hl)
0868+  86BB 23          		inc	hl
0869+  86BC 56          		ld	d, (hl)
0870+  86BD 26 00       		ld	h, 0
0871+  86BF C3 F9 85    		jp	loc_0_4704
0872+  86C2             ;-------------------------------------------------------------------
0873+  86C2             ; îïèñàíèå: Play ON event
0874+  86C2             ; ïàðàìåòðû: íåò
0875+  86C2             ; âîçâðàùàåìîå  çíà÷åíèå: íåò
0876+  86C2             ;---------------------------------------------------------------------
0877+  86C2             MBPlayer_play_wonevt: 
0878+  86C2 05          		dec	b
0879+  86C3 FD 6E 0D    		ld	l, (iy + 0Dh)
0880+  86C6 FD 66 0E    		ld	h, (iy + 0Eh)
0881+  86C9 7D          		ld	a, l
0882+  86CA B4          		or	h 			
0883+  86CB 28 1F       		jr	z, loc_0_47F7           
0884+  86CD             
0885+  86CD 3E 80       		ld	a, 80h
0886+  86CF 80          		add	a, b
0887+  86D0 D3 7E       		out	(MOON_WREG), a
0888+  86D2 7E          		ld	a, (hl)
0889+  86D3             loc_0_47DE: 
0890+  86D3 C5          		push	bc
0891+  86D4 C1          		pop	bc
0892+  86D5 D3 7F       		out	(MOON_WDAT), a
0893+  86D7 23          		inc	hl
0894+  86D8             loc_0_47E3: 
0895+  86D8 7E          		ld	a, (hl)
0896+  86D9 FE FF       		cp	0FFh
0897+  86DB 28 0F       		jr	z, loc_0_47F7
0898+  86DD 80          		add	a, b
0899+  86DE             loc_0_47E9: 
0900+  86DE C5          		push	bc
0901+  86DF C1          		pop	bc
0902+  86E0 D3 7E       		out	(MOON_WREG), a
0903+  86E2 23          		inc	hl
0904+  86E3 7E          		ld	a, (hl)
0905+  86E4             loc_0_47EF: 
0906+  86E4 C5          		push	bc
0907+  86E5 C1          		pop	bc
0908+  86E6 D3 7F       		out	(MOON_WDAT), a 		; header byte
0909+  86E8 23          		inc	hl
0910+  86E9 C3 D8 86    		jp	loc_0_47E3
0911+  86EC             
0912+  86EC             loc_0_47F7: 
0913+  86EC 3E 50       		ld	a, 50h 			; set volume back to normal
0914+  86EE 80          		add	a, b
0915+  86EF             loc_0_47FA: 
0916+  86EF C5          		push	bc
0917+  86F0 C1          		pop	bc
0918+  86F1 D3 7E       		out	(MOON_WREG), a
0919+  86F3 FD 7E 0F    		ld	a, (iy + 0Fh)
0920+  86F6 F6 01       		or	1			; level direct
0921+  86F8             loc_0_4803: 
0922+  86F8 C5          		push	bc
0923+  86F9 C1          		pop	bc
0924+  86FA D3 7F       		out	(MOON_WDAT), a
0925+  86FC             
0926+  86FC 3E 68       		ld	a, 68h 			
0927+  86FE 80          		add	a, b
0928+  86FF             loc_0_480A: 
0929+  86FF C5          		push	bc
0930+  8700 C1          		pop	bc
0931+  8701 D3 7E       		out	(MOON_WREG), a
0932+  8703 3E 80       		ld	a, 80h
0933+  8705 FD B6 0B    		or	(iy + 0Bh)             ; pan pot
0934+  8708             loc_0_4813: 
0935+  8708 C5          		push	bc
0936+  8709 C1          		pop	bc
0937+  870A D3 7F       		out	(MOON_WDAT), a		; key on
0938+  870C C9          		ret	
0939+  870D             ;-------------------------------------------------------------------
0940+  870D             ; îïèñàíèå: Play OFF event
0941+  870D             ; ïàðàìåòðû: íåò
0942+  870D             ; âîçâðàùàåìîå  çíà÷åíèå: íåò
0943+  870D             ;---------------------------------------------------------------------
0944+  870D             MBPlayer_play_woffevt: 
0945+  870D 3E 67       		ld	a, 67h
0946+  870F 80          		add	a, b 			; calc. register
0947+  8710 D3 7E       		out	(MOON_WREG), a
0948+  8712 FD 36 02 00 		ld	(iy + 2), 0 		; pb/mod off
0949+  8716             loc_0_4821: 
0950+  8716 C5          		push	bc
0951+  8717 C1          		pop	bc
0952+  8718 DB 7F       		in	a, (MOON_WDAT)
0953+  871A E6 7F       		and	7Fh
0954+  871C             loc_0_4827: 
0955+  871C C5          		push	bc
0956+  871D C1          		pop	bc
0957+  871E D3 7F       		out	(MOON_WDAT), a
0958+  8720 C9          		ret	
0959+  8721             ;-------------------------------------------------------------------
0960+  8721             ; îïèñàíèå: Play Wave event
0961+  8721             ; ïàðàìåòðû: íåò
0962+  8721             ; âîçâðàùàåìîå  çíà÷åíèå: íåò
0963+  8721             ;---------------------------------------------------------------------
0964+  8721             MBPlayer_play_wwavevt: 
0965+  8721 D6 61       		sub	61h
0966+  8723             MBPlayer_play_wwavevt2: 
0967+  8723 FD 36 02 00 		ld	(iy + 2), 0 		; pb off
0968+  8727 4F          		ld	c, a
0969+  8728 21 02 8A    		ld	hl, MBPlayer_xwavnrs - 1
0970+  872B 85          		add	a, l
0971+  872C 30 01       		jr	nc, loc_0_483A
0972+  872E 24          		inc	h
0973+  872F             loc_0_483A: 
0974+  872F 6F          		ld	l, a
0975+  8730 7E          		ld	a, (hl)
0976+  8731 FD 77 0A    		ld	(iy + 0Ah), a
0977+  8734 79          		ld	a, c
0978+  8735 21 32 8A    		ld	hl, MBPlayer_xwavvols - 1
0979+  8738 85          		add	a, l
0980+  8739 30 01       		jr	nc, loc_0_4847
0981+  873B 24          		inc	h
0982+  873C             loc_0_4847: 
0983+  873C 6F          		ld	l, a
0984+  873D FD 7E 0F    		ld	a, (iy + 0Fh)
0985+  8740 E6 01       		and	1
0986+  8742 57          		ld	d, a
0987+  8743 3A 7D 89    		ld	a, (MBPlayer_play_fading)
0988+  8746 B7          		or	a
0989+  8747 20 08       		jr	nz, loc_0_485C
0990+  8749             
0991+  8749 7E          		ld	a, (hl)
0992+  874A 87          		add	a, a
0993+  874B 87          		add	a, a
0994+  874C B2          		or	d
0995+  874D FD 77 0F    		ld	(iy + 0Fh), a
0996+  8750 C9          		ret	
0997+  8751             
0998+  8751             loc_0_485C: 
0999+  8751 7E          		ld	a, (hl)
1000+  8752 87          		add	a, a
1001+  8753 87          		add	a, a
1002+  8754 B2          		or	d
1003+  8755 FD BE 0F    		cp	(iy + 0Fh)
1004+  8758 D8          		ret	c
1005+  8759 FD 77 0F    		ld	(iy + 0Fh), a
1006+  875C C9          		ret	
1007+  875D             ;-------------------------------------------------------------------
1008+  875D             ; îïèñàíèå: Play volume event
1009+  875D             ; ïàðàìåòðû: íåò
1010+  875D             ; âîçâðàùàåìîå  çíà÷åíèå: íåò
1011+  875D             ;---------------------------------------------------------------------
1012+  875D             MBPlayer_play_wchgvol: 
1013+  875D D6 92       		sub	146
1014+  875F EE 1F       		xor	1Fh
1015+  8761 87          		add	a, a
1016+  8762             MBPlayer_play_wchgvol2: 
1017+  8762 87          		add	a, a			;OPL4 can handle 0-127
1018+  8763 87          		add	a, a
1019+  8764 4F          		ld	c, a
1020+  8765             
1021+  8765 3A 7D 89    		ld	a, (MBPlayer_play_fading)
1022+  8768 B7          		or	a
1023+  8769 28 07       		jr	z, loc_0_487D
1024+  876B 79          		ld	a, c
1025+  876C F6 01       		or	1
1026+  876E FD BE 0F    		cp	(iy + 0Fh)
1027+  8771 D8          		ret	c
1028+  8772             
1029+  8772             loc_0_487D: 
1030+  8772 3E 4F       		ld	a, 4Fh			
1031+  8774 80          		add	a, b
1032+  8775 D3 7E       		out	(MOON_WREG), a
1033+  8777 FD 7E 0F    		ld	a, (iy + 0Fh) 		; level direct
1034+  877A E6 01       		and	1
1035+  877C B1          		or	c
1036+  877D FD 77 0F    		ld	(iy + 0Fh), a
1037+  8780             
1038+  8780             loc_0_488B: 
1039+  8780 C5          		push	bc
1040+  8781 C1          		pop	bc
1041+  8782 D3 7F       		out	(MOON_WDAT), a
1042+  8784 C9          		ret	
1043+  8785             ;-------------------------------------------------------------------
1044+  8785             ; îïèñàíèå: Link note
1045+  8785             ; ïàðàìåòðû: íåò
1046+  8785             ; âîçâðàùàåìîå  çíà÷åíèå: íåò
1047+  8785             ;---------------------------------------------------------------------
1048+  8785             MBPlayer_play_wlnk: 
1049+  8785 FD 36 02 00 		ld	(iy + 2), 0
1050+  8789 C5          		push	bc
1051+  878A D6 CA       		sub	202
1052+  878C FD 86 00    		add	a, (iy + 0)
1053+  878F FD 77 00    		ld	(iy + 0), a
1054+  8792             
1055+  8792 FD CB 06 46 		bit	0, (iy + 6)
1056+  8796 28 06       		jr	z, loc_0_48A9
1057+  8798 FD CB 07 7E 		bit	7, (iy + 7)
1058+  879C 20 50       		jr	nz, loc_0_48F9
1059+  879E             loc_0_48A9: 
1060+  879E 21 49 8C    		ld	hl, MBPlayer_tabdiv12
1061+  87A1 4F          		ld	c, a
1062+  87A2 06 00       		ld	b, 0
1063+  87A4 09          		add	hl, bc
1064+  87A5 09          		add	hl, bc
1065+  87A6 4E          		ld	c, (hl)
1066+  87A7 23          		inc	hl
1067+  87A8 7E          		ld	a, (hl)
1068+  87A9 FD 6E 10    		ld	l, (iy + 10h)
1069+  87AC FD 66 11    		ld	h, (iy + 11h)
1070+  87AF 85          		add	a, l
1071+  87B0 30 01       		jr	nc, loc_0_48BE
1072+  87B2 24          		inc	h
1073+  87B3             loc_0_48BE: 
1074+  87B3 6F          		ld	l, a
1075+  87B4 5E          		ld	e, (hl)
1076+  87B5 23          		inc	hl
1077+  87B6 56          		ld	d, (hl)
1078+  87B7 EB          		ex	de, hl 			; HL = freq
1079+  87B8             
1080+  87B8 CB 25       		sla	l
1081+  87BA 7C          		ld	a, h
1082+  87BB 17          		rla	
1083+  87BC 81          		add	a, c
1084+  87BD 67          		ld	h, a
1085+  87BE             loc_0_48C9: 
1086+  87BE 16 00       		ld	d, 0
1087+  87C0 FD 5E 05    		ld	e, (iy + 5)
1088+  87C3 CB 7B       		bit	7, e
1089+  87C5 28 01       		jr	z, loc_0_48D3
1090+  87C7 15          		dec	d
1091+  87C8             loc_0_48D3: 
1092+  87C8 19          		add	hl, de			; detune...
1093+  87C9 19          		add	hl, de
1094+  87CA             
1095+  87CA FD 75 12    		ld	(iy + 12h), l		; freq fine
1096+  87CD FD 74 13    		ld	(iy + 13h), h
1097+  87D0             
1098+  87D0 C1          		pop	bc
1099+  87D1 3E 1F       		ld	a, 1Fh
1100+  87D3 80          		add	a, b
1101+  87D4 D3 7E       		out	(MOON_WREG), a
1102+  87D6 7D          		ld	a, l
1103+  87D7 FD B6 06    		or	(iy + 6)
1104+  87DA             loc_0_48E5: 
1105+  87DA C5          		push	bc
1106+  87DB C1          		pop	bc
1107+  87DC D3 7F       		out	(MOON_WDAT), a		; freq + tone
1108+  87DE             
1109+  87DE 3E 37       		ld	a, 37h
1110+  87E0 80          		add	a, b
1111+  87E1             loc_0_48EC: 
1112+  87E1 C5          		push	bc
1113+  87E2 C1          		pop	bc
1114+  87E3 D3 7E       		out	(MOON_WREG), a
1115+  87E5 7C          		ld	a, h
1116+  87E6 FD B6 0C    		or	(iy + 0Ch)
1117+  87E9             loc_0_48F4: 
1118+  87E9 C5          		push	bc
1119+  87EA C1          		pop	bc
1120+  87EB D3 7F       		out	(MOON_WDAT), a 		; freq
1121+  87ED C9          		ret	
1122+  87EE             
1123+  87EE             loc_0_48F9: 
1124+  87EE FD 6E 10    		ld	l, (iy + 10h)		; link own wave
1125+  87F1 FD 66 11    		ld	h, (iy + 11h)
1126+  87F4 5F          		ld	e, a
1127+  87F5 16 00       		ld	d, 0
1128+  87F7 19          		add	hl, de
1129+  87F8 19          		add	hl, de
1130+  87F9 5E          		ld	e, (hl)
1131+  87FA 23          		inc	hl
1132+  87FB 56          		ld	d, (hl)
1133+  87FC EB          		ex	de, hl			; freq
1134+  87FD C3 BE 87    		jp	loc_0_48C9
1135+  8800             ;-------------------------------------------------------------------
1136+  8800             ; îïèñàíèå: Play stereo event
1137+  8800             ; ïàðàìåòðû: íåò
1138+  8800             ; âîçâðàùàåìîå  çíà÷åíèå: íåò
1139+  8800             ;---------------------------------------------------------------------
1140+  8800             MBPlayer_play_wchgste: 
1141+  8800 D6 B9       		sub	0B9h 		; 178 + 7
1142+  8802             MBPlayer_play_wchgste2: 
1143+  8802 E6 0F       		and	0Fh
1144+  8804 57          		ld	d, a
1145+  8805 FD 7E 0B    		ld	a, (iy + 0Bh)
1146+  8808 E6 F0       		and	0F0h
1147+  880A B2          		or	d
1148+  880B FD 77 0B    		ld	(iy + 0Bh), a
1149+  880E 3E 67       		ld	a, 67h
1150+  8810 80          		add	a, b
1151+  8811 D3 7E       		out	(MOON_WREG), a
1152+  8813 FD 36 02 00 		ld	(iy + 2), 0
1153+  8817             loc_0_4922: 
1154+  8817 C5          		push	bc
1155+  8818 C1          		pop	bc
1156+  8819 DB 7F       		in	a, (MOON_WDAT)
1157+  881B E6 F0       		and	0F0h
1158+  881D B2          		or	d
1159+  881E             loc_0_4929: 
1160+  881E C5          		push	bc
1161+  881F C1          		pop	bc
1162+  8820 D3 7F       		out	(MOON_WDAT), a
1163+  8822 C9          		ret	
1164+  8823             ;-------------------------------------------------------------------
1165+  8823             ; îïèñàíèå: Pitch bending
1166+  8823             ; ïàðàìåòðû: íåò
1167+  8823             ; âîçâðàùàåìîå  çíà÷åíèå: íåò
1168+  8823             ;---------------------------------------------------------------------
1169+  8823             MBPlayer_play_wchgpit: 
1170+  8823 D6 DD       		sub	221
1171+  8825 FD 36 02 01 		ld	(iy + 2), 1		; Pitch bending on
1172+  8829 87          		add	a, a
1173+  882A 87          		add	a, a
1174+  882B FD 77 03    		ld	(iy + 3), a		; Set pitch bend speed
1175+  882E 07          		rlca	
1176+  882F 38 05       		jr	c, loc_0_4941
1177+  8831 FD 36 04 00 		ld	(iy + 4), 0
1178+  8835 C9          		ret	
1179+  8836             loc_0_4941: 
1180+  8836 FD 36 04 FF 		ld	(iy + 4), 0FFh
1181+  883A C9          		ret	
1182+  883B             ;-------------------------------------------------------------------
1183+  883B             ; îïèñàíèå: Modulation event
1184+  883B             ; ïàðàìåòðû: íåò
1185+  883B             ; âîçâðàùàåìîå  çíà÷åíèå: íåò
1186+  883B             ;---------------------------------------------------------------------
1187+  883B             MBPlayer_play_wchgmod: 
1188+  883B D6 EC       		sub	0ECh		;238 - 2
1189+  883D FD 77 02    		ld	(iy + 2), a
1190+  8840 87          		add	a, a
1191+  8841 87          		add	a, a
1192+  8842 87          		add	a, a
1193+  8843 87          		add	a, a
1194+  8844 21 9B 89    		ld	hl, MBPlayer_xmodtab - 2 * 16
1195+  8847 85          		add	a, l
1196+  8848 30 01       		jr	nc, loc_0_4956
1197+  884A 24          		inc	h
1198+  884B             loc_0_4956: 
1199+  884B 6F          		ld	l, a
1200+  884C FD 75 03    		ld	(iy + 3), l
1201+  884F FD 74 04    		ld	(iy + 4), h
1202+  8852 C9          		ret	
1203+  8853             ;-------------------------------------------------------------------
1204+  8853             ; îïèñàíèå: Set detune
1205+  8853             ; ïàðàìåòðû: íåò
1206+  8853             ; âîçâðàùàåìîå  çíà÷åíèå: íåò
1207+  8853             ;---------------------------------------------------------------------
1208+  8853             MBPlayer_play_wchgdet: 
1209+  8853 D6 EA       		sub	234
1210+  8855 87          		add	a, a
1211+  8856 87          		add	a, a
1212+  8857 FD 77 05    		ld	(iy + 5), a
1213+  885A C9          		ret	
1214+  885B             ;-------------------------------------------------------------------
1215+  885B             ; îïèñàíèå: Damp
1216+  885B             ; ïàðàìåòðû: íåò
1217+  885B             ; âîçâðàùàåìîå  çíà÷åíèå: íåò
1218+  885B             ;---------------------------------------------------------------------
1219+  885B             MBPlayer_play_wchgdmp: 
1220+  885B 3E 67       		ld	a, 67h
1221+  885D 80          		add	a, b			; calc. register
1222+  885E D3 7E       		out	(MOON_WREG), a
1223+  8860 FD 36 02 00 		ld	(iy + 2), 0
1224+  8864             loc_0_496F: 
1225+  8864 C5          		push	bc
1226+  8865 C1          		pop	bc
1227+  8866 DB 7F       		in	a, (MOON_WDAT)
1228+  8868 F6 40       		or	40h			; pb/mod off
1229+  886A             loc_0_4975: 
1230+  886A C5          		push	bc
1231+  886B C1          		pop	bc
1232+  886C D3 7F       		out	(MOON_WDAT), a
1233+  886E C9          		ret	
1234+  886F             ;-------------------------------------------------------------------
1235+  886F             ; îïèñàíèå: pitch bending/modulation
1236+  886F             ; ïàðàìåòðû: íåò
1237+  886F             ; âîçâðàùàåìîå  çíà÷åíèå: íåò
1238+  886F             ;---------------------------------------------------------------------
1239+  886F             MBPlayer_play_pitch: 
1240+  886F FD 21 69 8A 		ld	iy, MBPlayer_play_table_wav
1241+  8873 11 14 00    		ld	de,PTW_SIZE
1242+  8876 21 82 88    		ld	hl,MBPlayer_play_pitchwvl2
1243+  8879 06 18       		ld	b,WAVCHNS		; wave channels
1244+  887B             MBPlayer_play_pitchwlus: 
1245+  887B FD 7E 02    		ld	a, (iy + 2)
1246+  887E B7          		or	a
1247+  887F C2 87 88    		jp	nz, MBPlayer_play_pitch_wdo
1248+  8882             MBPlayer_play_pitchwvl2: 
1249+  8882 FD 19       		add	iy, de
1250+  8884 10 F5       		djnz	MBPlayer_play_pitchwlus
1251+  8886 C9          		ret	
1252+  8887             ;-------------------------------------------------------------------
1253+  8887             ; îïèñàíèå: pitch bending
1254+  8887             ; ïàðàìåòðû: íåò
1255+  8887             ; âîçâðàùàåìîå  çíà÷åíèå: íåò
1256+  8887             ;---------------------------------------------------------------------
1257+  8887             MBPlayer_play_pitch_wdo: 
1258+  8887 D9          		exx	
1259+  8888             
1260+  8888 4F          		ld	c, a
1261+  8889             
1262+  8889 FD 6E 03    		ld	l, (iy + 3)		; pitch bend speed
1263+  888C FD 66 04    		ld	h, (iy + 4)
1264+  888F 0D          		dec	c
1265+  8890 C2 CE 88    		jp	nz, MBPlayer_play_mod_wdo ; modulation
1266+  8893 EB          		ex	de, hl
1267+  8894             loc_0_499F: 
1268+  8894 FD 66 13    		ld	h, (iy + 13h)
1269+  8897 FD 6E 12    		ld	l, (iy + 12h)
1270+  889A 19          		add	hl, de			; sliding
1271+  889B CB 5C       		bit	3, h
1272+  889D 28 0D       		jr	z, loc_0_49B7
1273+  889F CB 7A       		bit	7, d
1274+  88A1 20 07       		jr	nz, loc_0_49B5
1275+  88A3 7C          		ld	a, h
1276+  88A4 C6 08       		add	a, 8
1277+  88A6 67          		ld	h, a
1278+  88A7 C3 AC 88    		jp	loc_0_49B7
1279+  88AA             loc_0_49B5: 
1280+  88AA CB 9C       		res	3, h
1281+  88AC             loc_0_49B7: 
1282+  88AC FD 75 12    		ld	(iy + 12h), l		; freq fine
1283+  88AF FD 74 13    		ld	(iy + 13h), h
1284+  88B2 FD 7E 01    		ld	a, (iy + 1)
1285+  88B5 4F          		ld	c, a
1286+  88B6 D3 7E       		out	(MOON_WREG), a
1287+  88B8 7D          		ld	a, l
1288+  88B9 FD B6 06    		or	(iy + 6)
1289+  88BC             loc_0_49C7: 
1290+  88BC C5          		push	bc
1291+  88BD C1          		pop	bc
1292+  88BE D3 7F       		out	(MOON_WDAT), a		; freq + tone
1293+  88C0             
1294+  88C0 79          		ld	a, c
1295+  88C1 C6 18       		add	a, 24
1296+  88C3             loc_0_49CE: 
1297+  88C3 C5          		push	bc
1298+  88C4 C1          		pop	bc
1299+  88C5 D3 7E       		out	(MOON_WREG), a
1300+  88C7 7C          		ld	a, h
1301+  88C8             loc_0_49D3: 
1302+  88C8 C5          		push	bc
1303+  88C9 C1          		pop	bc
1304+  88CA D3 7F       		out	(MOON_WDAT), a 		; freq
1305+  88CC D9          		exx	
1306+  88CD E9          		jp	(hl)
1307+  88CE             ;-------------------------------------------------------------------
1308+  88CE             ; îïèñàíèå: Ìîäóëÿöèÿ
1309+  88CE             ; ïàðàìåòðû: íåò
1310+  88CE             ; âîçâðàùàåìîå  çíà÷åíèå: íåò
1311+  88CE             ;---------------------------------------------------------------------
1312+  88CE             MBPlayer_play_mod_wdo: 
1313+  88CE 16 00       		ld	d, 0
1314+  88D0 5E          		ld	e, (hl)
1315+  88D1 CB 23       		sla	e
1316+  88D3 CB 23       		sla	e
1317+  88D5 30 01       		jr	nc, loc_0_49E3
1318+  88D7 15          		dec	d
1319+  88D8             loc_0_49E3: 
1320+  88D8 23          		inc	hl
1321+  88D9 7E          		ld	a, (hl)
1322+  88DA FE 0A       		cp	10
1323+  88DC C2 EC 88    		jp	nz, loc_0_49F7
1324+  88DF 79          		ld	a, c
1325+  88E0             
1326+  88E0 21 AB 89    		ld	hl, MBPlayer_xmodtab - 16
1327+  88E3 87          		add	a, a
1328+  88E4 87          		add	a, a
1329+  88E5 87          		add	a, a
1330+  88E6 87          		add	a, a
1331+  88E7 85          		add	a, l
1332+  88E8 30 01       		jr	nc, loc_0_49F6
1333+  88EA 24          		inc	h
1334+  88EB             loc_0_49F6: 
1335+  88EB 6F          		ld	l, a
1336+  88EC             loc_0_49F7: 
1337+  88EC FD 75 03    		ld	(iy + 3), l
1338+  88EF FD 74 04    		ld	(iy + 4), h
1339+  88F2 C3 94 88    		jp	loc_0_499F
1340+  88F5             ;-------------------------------------------------------------------
1341+  88F5             ; îïèñàíèå: Çàòóõàíèå ìåëîäèè
1342+  88F5             ; ïàðàìåòðû: íåò
1343+  88F5             ; âîçâðàùàåìîå  çíà÷åíèå: íåò
1344+  88F5             ;---------------------------------------------------------------------
1345+  88F5             MBPlayer_play_fade: 	
1346+  88F5 3A 7F 89    		ld	a,(MBPlayer_play_fadespd)	; speed
1347+  88F8 21 7E 89    		ld	hl,MBPlayer_play_fadecnt
1348+  88FB 34          		inc	(hl)
1349+  88FC BE          		cp	(hl)
1350+  88FD C0          		ret	nz
1351+  88FE 36 00       		ld	(hl), 0
1352+  8900             
1353+  8900 06 18       		ld	b,WAVCHNS
1354+  8902 FD 21 69 8A 		ld	iy,MBPlayer_play_table_wav
1355+  8906 11 14 00    		ld	de,PTW_SIZE
1356+  8909             loc_0_4A14: 
1357+  8909 FD 7E 0F    		ld	a, (iy + 0Fh)		
1358+  890C C6 08       		add	a, 8                    ; -4, but bit 0 is not for volume
1359+  890E 30 02       		jr	nc, loc_0_4A1D
1360+  8910 3E FF       		ld	a, 255
1361+  8912             loc_0_4A1D: 
1362+  8912 FD 77 0F    		ld	(iy + 0Fh), a
1363+  8915 3E 4F       		ld	a, 4Fh
1364+  8917 80          		add	a, b
1365+  8918 D3 7E       		out	(MOON_WREG), a
1366+  891A FD 7E 0F    		ld	a, (iy + 0Fh)		; level direct
1367+  891D             loc_0_4A28: 
1368+  891D C5          		push	bc
1369+  891E C1          		pop	bc
1370+  891F D3 7F       		out	(MOON_WDAT), a
1371+  8921 FD 19       		add	iy, de
1372+  8923 10 E4       		djnz	loc_0_4A14
1373+  8925             
1374+  8925 21 80 89    		ld	hl, MBPlayer_play_fadetcnt 	; total counter
1375+  8928 34          		inc	(hl)
1376+  8929 7E          		ld	a, (hl)
1377+  892A FE 21       		cp	33			; will always be faded out in 33 steps
1378+  892C C0          		ret	nz
1379+  892D AF          		xor	a
1380+  892E 32 7D 89    		ld	(MBPlayer_play_fading), a
1381+  8931 C3 26 83    		jp	MBPlayer_stop_music
1382+  8934             
1383+  8934             sub_0_4A3F: 
1384+  8934 08          		ex	af, af'
1385+  8935 79          		ld	a, c
1386+  8936             loc_0_4A41: 
1387+  8936 C5          		push	bc
1388+  8937 C1          		pop	bc
1389+  8938 D3 C6       		out	(MOON_REG2),a
1390+  893A 08          		ex	af, af'
1391+  893B             loc_0_4A46: 
1392+  893B C5          		push	bc
1393+  893C C1          		pop	bc
1394+  893D D3 C7       		out	(MOON_DAT2),a
1395+  893F C9          		ret	
1396+  8940             ;-------------------------------------------------------------------
1397+  8940             ; îïèñàíèå: Âûâîä äàííûõ â ðåãèñòðû Wave ÷àñòè
1398+  8940             ; ïàðàìåòðû: C - íîìåð ðåãèñòðà
1399+  8940             ;	     A - âûâîäèìûé áàéò
1400+  8940             ; âîçâðàùàåìîå  çíà÷åíèå: íåò
1401+  8940             ;---------------------------------------------------------------------
1402+  8940             MBPlayer_out_wave: 	
1403+  8940 08          		ex	af, af'
1404+  8941 79          		ld	a, c
1405+  8942             loc_0_4A4D: 
1406+  8942 C5          		push	bc
1407+  8943 C1          		pop	bc
1408+  8944 D3 7E       		out	(MOON_WREG), a
1409+  8946 08          		ex	af, af'
1410+  8947             loc_0_4A52: 
1411+  8947 C5          		push	bc
1412+  8948 C1          		pop	bc
1413+  8949 D3 7F       		out	(MOON_WDAT), a
1414+  894B C9          		ret	
1415+  894C             ;-------------------------------------------------------------------
1416+  894C             ; îïèñàíèå: ×òåíèå äàííûõ èç ðåãèñòðà Wave ÷àñòè
1417+  894C             ; ïàðàìåòðû: C - íîìåð ðåãèñòðà
1418+  894C             ; âîçâðàùàåìîå  çíà÷åíèå: A - áàéò äàííûõ
1419+  894C             ;---------------------------------------------------------------------
1420+  894C             MBPlayer_in_wave: 	
1421+  894C C5          		push	bc
1422+  894D C1          		pop	bc
1423+  894E 79          		ld	a, c
1424+  894F D3 7E       		out	(MOON_WREG), a
1425+  8951 00          		nop	
1426+  8952             loc_0_4A5D: 
1427+  8952 C5          		push	bc
1428+  8953 C1          		pop	bc
1429+  8954 DB 7F       		in	a, (MOON_WDAT)
1430+  8956 C9          		ret	
1431+  8957             
1432+  8957             MBPlayer_play_busy: 
1433+  8957 00          		db	0
1434+  8958             MBPlayer_play_pos: 	
1435+  8958 00          		db 	0
1436+  8959             MBPlayer_play_step: 	
1437+  8959 00          		db 	0
1438+  895A             MBPlayer_save_curbank: 	
1439+  895A 00          		db	0
1440+  895B             MBPlayer_songdata_bank1: 	
1441+  895B 00          		db 	0
1442+  895C             MBPlayer_songdata_addres: 	
1443+  895C 00 00       		dw 	0
1444+  895E             MBPlayer_songdata_bank: 	
1445+  895E 00          		db 	0
1446+  895F             
1447+  895F             MBPlayer_step_buffer: 	
1448+  895F 00          		db    	0
1449+  8960 00          		db    	0
1450+  8961 00          		db    	0 ;  
1451+  8962 00          		db    	0 ;  
1452+  8963 00          		db    	0 ;  
1453+  8964 00          		db    	0 ;  
1454+  8965 00          		db    	0 ;  
1455+  8966 00          		db    	0 ;  
1456+  8967             unk_0_4B90: 	
1457+  8967 00          		db    	0
1458+  8968 00          		db    	0 ;  
1459+  8969 00          		db    	0 ;  
1460+  896A 00          		db    	0 ;  
1461+  896B 00          		db    	0 ;  
1462+  896C 00          		db    	0 ;  
1463+  896D 00          		db    	0 ;  
1464+  896E 00          		db    	0 ;  
1465+  896F             unk_0_4B98: 	
1466+  896F 00          		db    	0
1467+  8970 00          		db    	0 ;  
1468+  8971 00          		db    	0 ;  
1469+  8972 00          		db    	0 ;  
1470+  8973 00          		db    	0 ;  
1471+  8974 00          		db    	0 ;  
1472+  8975 00          		db    	0 ;  
1473+  8976 00          		db    	0 ;  
1474+  8977 00          		db    	0 ;  
1475+  8978             MBPlayer_play_speed: 	
1476+  8978 00          		db 	0
1477+  8979             MBPlayer_play_tspval: 	
1478+  8979 00          		db 	0
1479+  897A             MBPlayer_play_timercnt: 	
1480+  897A 00          		db 	0
1481+  897B             MBPlayer_play_intcnt: 
1482+  897B 00          		db 	0
1483+  897C             MBPlayer_current_pat: 	
1484+  897C 00          		db 	0
1485+  897D             MBPlayer_play_fading: 	
1486+  897D 00          		db 	0
1487+  897E             MBPlayer_play_fadecnt: 	
1488+  897E 00          		db 	0
1489+  897F             MBPlayer_play_fadespd: 	
1490+  897F 00          		db 	0
1491+  8980             MBPlayer_play_fadetcnt: 	
1492+  8980 00          		db 	0
1493+  8981             MBPlayer_sample_address: 	
1494+  8981 00          		db    	0
1495+  8982 00          		db    	0 ;  
1496+  8983 00          		db    	0 ;  
1497+  8984 00          		db    	0 ;  
1498+  8985             MBPlayer_samplesize: 	
1499+  8985 00 00       		dw 	0
1500+  8987             ;-------------------------------------------------------------------
1501+  8987             ; îïèñàíèå: Èíôîðìàöèÿ î òðåêå = 220 áàéò
1502+  8987             ; ïàðàìåòðû: íåò
1503+  8987             ; âîçâðàùàåìîå  çíà÷åíèå: íåò
1504+  8987             ;---------------------------------------------------------------------
1505+  8987             MBPlayer_xleng: 	
1506+  8987 00          		ds	1		; Song length
1507+  8988             MBPlayer_xloop: 		
1508+  8988 00          		ds	1		; Loop position
1509+  8989             MBPlayer_xwvstpr: 	
1510+  8989 00          		ds	24		; Stereo settings Wave
1511+  89A1             MBPlayer_xtempo: 		
1512+  89A1 00          		ds	1		; Tempo
1513+  89A2             MBPlayer_xhzequal: 	
1514+  89A2 00          		ds	1		; Base frequency
1515+  89A3             MBPlayer_xdetune: 		
1516+  89A3 00          		ds	24		; Detune settings
1517+  89BB             MBPlayer_xmodtab: 		
1518+  89BB 00          		ds	3*16		; Modulation tables
1519+  89EB             MBPlayer_xbegwav: 		
1520+  89EB 00          		ds	24		; Start waves
1521+  8A03             MBPlayer_xwavnrs: 	
1522+  8A03 00          		ds	48		; Wave numbers
1523+  8A33             MBPlayer_xwavvols: 	                	
1524+  8A33 00          		ds	48		; Wave volumes
1525+  8A63             
1526+  8A63             
1527+  8A63             MBPlayer_pat_address: 	
1528+  8A63 00 00       		dw 	0
1529+  8A65             MBPlayer_pos_address: 	
1530+  8A65 00 00       		dw 	0
1531+  8A67             MBPlayer_songdata_ptr: 	
1532+  8A67 00 00       		dw 	0
1533+  8A69             
1534+  8A69             ;--- smart table: --
1535+  8A69             
1536+  8A69             ;    - last note played                 01: + 0
1537+  8A69             ;    - frequency register               01: + 1
1538+  8A69             ;    - pitch bending on/off             01: + 2
1539+  8A69             ;    - pitch bend speed                 02: + 3
1540+  8A69             ;    - detune value                     01: + 5
1541+  8A69             ;    - tone nr for next interrupt       02: + 6
1542+  8A69             ;    - freq for next interrupt          02: + 8
1543+  8A69             ;    - current patch                    01  + 10
1544+  8A69             ;    - current stereo setting           01  + 11
1545+  8A69             ;    - pseudo reverb                    01  + 12
1546+  8A69             ;    - Pointer to header bytes          02  + 13
1547+  8A69             ;    - Volume                           01  + 15
1548+  8A69             ;    - Pointer to used freq table       01  + 16
1549+  8A69             ;    - Current pitch freq.              02  + 18
1550+  8A69             ;                               --
1551+  8A69             ;    Total:                             20
1552+  8A69             
1553+  8A69             MBPlayer_play_table_wav: 
1554+  8A69             		db	0,037h,0,0,0,0,0,0,0,0,0,0,0,0,0,0,0,0,0,0	; ch1
1554+  8A69 0037000000000000000000000000000000000000
1555+  8A7D             		db	0,036h,0,0,0,0,0,0,0,0,0,0,0,0,0,0,0,0,0,0	; ch2
1555+  8A7D 0036000000000000000000000000000000000000
1556+  8A91             		db	0,035h,0,0,0,0,0,0,0,0,0,0,0,0,0,0,0,0,0,0	; ch3
1556+  8A91 0035000000000000000000000000000000000000
1557+  8AA5             		db	0,034h,0,0,0,0,0,0,0,0,0,0,0,0,0,0,0,0,0,0	; ch4
1557+  8AA5 0034000000000000000000000000000000000000
1558+  8AB9             		db	0,033h,0,0,0,0,0,0,0,0,0,0,0,0,0,0,0,0,0,0	; ch5
1558+  8AB9 0033000000000000000000000000000000000000
1559+  8ACD             		db	0,032h,0,0,0,0,0,0,0,0,0,0,0,0,0,0,0,0,0,0	; ch6
1559+  8ACD 0032000000000000000000000000000000000000
1560+  8AE1             		db	0,031h,0,0,0,0,0,0,0,0,0,0,0,0,0,0,0,0,0,0	; ch7
1560+  8AE1 0031000000000000000000000000000000000000
1561+  8AF5             		db	0,030h,0,0,0,0,0,0,0,0,0,0,0,0,0,0,0,0,0,0	; ch8
1561+  8AF5 0030000000000000000000000000000000000000
1562+  8B09             unk_0_4D90: 	
1563+  8B09             		db	0,02fh,0,0,0,0,0,0,0,0,0,0,0,0,0,0,0,0,0,0	; ch9
1563+  8B09 002F000000000000000000000000000000000000
1564+  8B1D             		db	0,02eh,0,0,0,0,0,0,0,0,0,0,0,0,0,0,0,0,0,0	; ch10
1564+  8B1D 002E000000000000000000000000000000000000
1565+  8B31             		db	0,02dh,0,0,0,0,0,0,0,0,0,0,0,0,0,0,0,0,0,0	; ch11
1565+  8B31 002D000000000000000000000000000000000000
1566+  8B45             		db	0,02ch,0,0,0,0,0,0,0,0,0,0,0,0,0,0,0,0,0,0	; ch12
1566+  8B45 002C000000000000000000000000000000000000
1567+  8B59             		db	0,02bh,0,0,0,0,0,0,0,0,0,0,0,0,0,0,0,0,0,0	; ch13
1567+  8B59 002B000000000000000000000000000000000000
1568+  8B6D             		db	0,02ah,0,0,0,0,0,0,0,0,0,0,0,0,0,0,0,0,0,0	; ch14
1568+  8B6D 002A000000000000000000000000000000000000
1569+  8B81             		db	0,029h,0,0,0,0,0,0,0,0,0,0,0,0,0,0,0,0,0,0	; ch15
1569+  8B81 0029000000000000000000000000000000000000
1570+  8B95             		db	0,028h,0,0,0,0,0,0,0,0,0,0,0,0,0,0,0,0,0,0	; ch16
1570+  8B95 0028000000000000000000000000000000000000
1571+  8BA9             unk_0_4E30: 	
1572+  8BA9             		db	0,027h,0,0,0,0,0,0,0,0,0,0,0,0,0,0,0,0,0,0	; ch17
1572+  8BA9 0027000000000000000000000000000000000000
1573+  8BBD             		db	0,026h,0,0,0,0,0,0,0,0,0,0,0,0,0,0,0,0,0,0	; ch18
1573+  8BBD 0026000000000000000000000000000000000000
1574+  8BD1             		db	0,025h,0,0,0,0,0,0,0,0,0,0,0,0,0,0,0,0,0,0	; ch19
1574+  8BD1 0025000000000000000000000000000000000000
1575+  8BE5             		db	0,024h,0,0,0,0,0,0,0,0,0,0,0,0,0,0,0,0,0,0	; ch20
1575+  8BE5 0024000000000000000000000000000000000000
1576+  8BF9             		db	0,023h,0,0,0,0,0,0,0,0,0,0,0,0,0,0,0,0,0,0	; ch21
1576+  8BF9 0023000000000000000000000000000000000000
1577+  8C0D             		db	0,022h,0,0,0,0,0,0,0,0,0,0,0,0,0,0,0,0,0,0	; ch22
1577+  8C0D 0022000000000000000000000000000000000000
1578+  8C21             		db	0,021h,0,0,0,0,0,0,0,0,0,0,0,0,0,0,0,0,0,0	; ch23
1578+  8C21 0021000000000000000000000000000000000000
1579+  8C35             		db	0,020h,0,0,0,0,0,0,0,0,0,0,0,0,0,0,0,0,0,0	; ch24
1579+  8C35 0020000000000000000000000000000000000000
1580+  8C49             
1581+  8C49             		.include	"freq_table_0.inc"
0001++ 8C49             ;-------------------------------------------------------------------
0002++ 8C49             ; îïèñàíèå:  Òàáëèöà äåëèòåëåé
0003++ 8C49             ;---------------------------------------------------------------------
0004++ 8C49             MBPlayer_tabdiv12: 
0005++ 8C49             		db	-5*16,0,-5*16,2*1,-5*16,2*2,-5*16,2*3,-5*16,2*4,-5*16,2*5
0005++ 8C49 B000B002B004B006B008B00A
0006++ 8C55             		db	-5*16,2*6,-5*16,2*7,-5*16,2*8,-5*16,2*9,-5*16,2*10,-5*16,2*11
0006++ 8C55 B00CB00EB010B012B014B016
0007++ 8C61             		db	-4*16,0,-4*16,2*1,-4*16,2*2,-4*16,2*3,-4*16,2*4,-4*16,2*5
0007++ 8C61 C000C002C004C006C008C00A
0008++ 8C6D             		db	-4*16,2*6,-4*16,2*7,-4*16,2*8,-4*16,2*9,-4*16,2*10,-4*16,2*11
0008++ 8C6D C00CC00EC010C012C014C016
0009++ 8C79             		db	-3*16,0,-3*16,2*1,-3*16,2*2,-3*16,2*3,-3*16,2*4,-3*16,2*5
0009++ 8C79 D000D002D004D006D008D00A
0010++ 8C85             		db	-3*16,2*6,-3*16,2*7,-3*16,2*8,-3*16,2*9,-3*16,2*10,-3*16,2*11
0010++ 8C85 D00CD00ED010D012D014D016
0011++ 8C91             		db	-2*16,0,-2*16,2*1,-2*16,2*2,-2*16,2*3,-2*16,2*4,-2*16,2*5
0011++ 8C91 E000E002E004E006E008E00A
0012++ 8C9D             		db	-2*16,2*6,-2*16,2*7,-2*16,2*8,-2*16,2*9,-2*16,2*10,-2*16,2*11
0012++ 8C9D E00CE00EE010E012E014E016
0013++ 8CA9             		db	-1*16,0,-1*16,2*1,-1*16,2*2,-1*16,2*3,-1*16,2*4,-1*16,2*5
0013++ 8CA9 F000F002F004F006F008F00A
0014++ 8CB5             		db	-1*16,2*6,-1*16,2*7,-1*16,2*8,-1*16,2*9,-1*16,2*10,-1*16,2*11
0014++ 8CB5 F00CF00EF010F012F014F016
0015++ 8CC1             		db	0*16,0,0*16,2*1,0*16,2*2,0*16,2*3,0*16,2*4,0*16,2*5
0015++ 8CC1 00000002000400060008000A
0016++ 8CCD             		db	0*16,2*6,0*16,2*7,0*16,2*8,0*16,2*9,0*16,2*10,0*16,2*11
0016++ 8CCD 000C000E0010001200140016
0017++ 8CD9             		db	1*16,0,1*16,2*1,1*16,2*2,1*16,2*3,1*16,2*4,1*16,2*5
0017++ 8CD9 10001002100410061008100A
0018++ 8CE5             		db	1*16,2*6,1*16,2*7,1*16,2*8,1*16,2*9,1*16,2*10,1*16,2*11
0018++ 8CE5 100C100E1010101210141016
0019++ 8CF1             		db	2*16,0,2*16,2*1,2*16,2*2,2*16,2*3,2*16,2*4,2*16,2*5
0019++ 8CF1 20002002200420062008200A
0020++ 8CFD             		db	2*16,2*6,2*16,2*7,2*16,2*8,2*16,2*9,2*16,2*10,2*16,2*11
0020++ 8CFD 200C200E2010201220142016
0021++ 8D09             		db	3*16,0,3*16,2*1,3*16,2*2,3*16,2*3,3*16,2*4,3*16,2*5
0021++ 8D09 30003002300430063008300A
0022++ 8D15             		db	3*16,2*6,3*16,2*7,3*16,2*8,3*16,2*9,3*16,2*10,3*16,2*11
0022++ 8D15 300C300E3010301230143016
0023++ 8D21             		db	4*16,0,4*16,2*1,4*16,2*2,4*16,2*3,4*16,2*4,4*16,2*5
0023++ 8D21 40004002400440064008400A
0024++ 8D2D             		db	4*16,2*6,4*16,2*7,4*16,2*8,4*16,2*9,4*16,2*10,4*16,2*11
0024++ 8D2D 400C400E4010401240144016
0025++ 8D39             		db	5*16,0,5*16,2*1,5*16,2*2,5*16,2*3,5*16,2*4,5*16,2*5
0025++ 8D39 50005002500450065008500A
0026++ 8D45             		db	5*16,2*6,5*16,2*7,5*16,2*8,5*16,2*9,5*16,2*10,5*16,2*11
0026++ 8D45 500C500E5010501250145016
0027++ 8D51             		db	6*16,0,6*16,2*1,6*16,2*2,6*16,2*3,6*16,2*4,6*16,2*5
0027++ 8D51 60006002600460066008600A
0028++ 8D5D             		db	6*16,2*6,6*16,2*7,6*16,2*8,6*16,2*9,6*16,2*10,6*16,2*11
0028++ 8D5D 600C600E6010601260146016
0029++ 8D69             		db	7*16,0,7*16,2*1,7*16,2*2,7*16,2*3,7*16,2*4,7*16,2*5
0029++ 8D69 70007002700470067008700A
0030++ 8D75             		db	7*16,2*6,7*16,2*7,7*16,2*8,7*16,2*9,7*16,2*10,7*16,2*11
0030++ 8D75 700C700E7010701270147016
0031++ 8D81             		db	8*16,0,8*16,2*1,8*16,2*2,8*16,2*3,8*16,2*4,8*16,2*5
0031++ 8D81 80008002800480068008800A
0032++ 8D8D             		db	8*16,2*6,8*16,2*7,8*16,2*8,8*16,2*9,8*16,2*10,8*16,2*11
0032++ 8D8D 800C800E8010801280148016
0033++ 8D99             		db	9*16,0,9*16,2*1,9*16,2*2,9*16,2*3,9*16,2*4,9*16,2*5
0033++ 8D99 90009002900490069008900A
0034++ 8DA5             		db	9*16,2*6,9*16,2*7,9*16,2*8,9*16,2*9,9*16,2*10,9*16,2*11
0034++ 8DA5 900C900E9010901290149016
0035++ 8DB1             		db	10*16,0,10*16,2*1,10*16,2*2,10*16,2*3,10*16,2*4,10*16,2*5
0035++ 8DB1 A000A002A004A006A008A00A
0036++ 8DBD             		db	10*16,2*6,10*16,2*7,10*16,2*8,10*16,2*9,10*16,2*10,10*16,2*11
0036++ 8DBD A00CA00EA010A012A014A016
0037++ 8DC9             
0038++ 8DC9             
1582+  8DC9             		.include	"freq_table_1.inc"
0001++ 8DC9             ;-------------------------------------------------------------------
0002++ 8DC9             ; îïèñàíèå:  Òàáëèöà ÷àñòîò äëÿ 44.1 kHz
0003++ 8DC9             ;---------------------------------------------------------------------
0004++ 8DC9             MBPlayer_frqtab_441khz: 	
0005++ 8DC9 00 C0       		dw	(-4 * 2048 + 0) * 2
0006++ 8DCB 7A C0       		dw	(-4 * 2048 + 61) * 2
0007++ 8DCD FA C0       		dw	(-4 * 2048 + 125) * 2
0008++ 8DCF 84 C1       		dw	(-4 * 2048 + 194) * 2
0009++ 8DD1 14 C2       		dw	(-4 * 2048 + 266) * 2
0010++ 8DD3 AE C2       		dw	(-4 * 2048 + 343) * 2
0011++ 8DD5 50 C3       		dw	(-4 * 2048 + 424) * 2
0012++ 8DD7 FC C3       		dw	(-4 * 2048 + 510) * 2
0013++ 8DD9 B2 C4       		dw	(-4 * 2048 + 601) * 2
0014++ 8DDB 74 C5       		dw	(-4 * 2048 + 698) * 2
0015++ 8DDD 42 C6       		dw	(-4 * 2048 + 801) * 2
0016++ 8DDF 1A C7       		dw	(-4 * 2048 + 909) * 2
0017++ 8DE1 00 D0       		dw	(-3 * 2048 + 0) * 2
0018++ 8DE3 7A D0       		dw	(-3 * 2048 + 61) * 2
0019++ 8DE5 FA D0       		dw	(-3 * 2048 + 125) * 2
0020++ 8DE7 84 D1       		dw	(-3 * 2048 + 194) * 2
0021++ 8DE9 14 D2       		dw	(-3 * 2048 + 266) * 2
0022++ 8DEB AE D2       		dw	(-3 * 2048 + 343) * 2
0023++ 8DED 50 D3       		dw	(-3 * 2048 + 424) * 2
0024++ 8DEF FC D3       		dw	(-3 * 2048 + 510) * 2
0025++ 8DF1 B2 D4       		dw	(-3 * 2048 + 601) * 2
0026++ 8DF3 74 D5       		dw	(-3 * 2048 + 698) * 2
0027++ 8DF5 42 D6       		dw	(-3 * 2048 + 801) * 2
0028++ 8DF7 1A D7       		dw	(-3 * 2048 + 909) * 2
0029++ 8DF9 00 E0       		dw	(-2 * 2048 + 0) * 2
0030++ 8DFB 7A E0       		dw	(-2 * 2048 + 61) * 2
0031++ 8DFD FA E0       		dw	(-2 * 2048 + 125) * 2
0032++ 8DFF 84 E1       		dw	(-2 * 2048 + 194) * 2
0033++ 8E01 14 E2       		dw	(-2 * 2048 + 266) * 2
0034++ 8E03 AE E2       		dw	(-2 * 2048 + 343) * 2
0035++ 8E05 50 E3       		dw	(-2 * 2048 + 424) * 2
0036++ 8E07 FC E3       		dw	(-2 * 2048 + 510) * 2
0037++ 8E09 B2 E4       		dw	(-2 * 2048 + 601) * 2
0038++ 8E0B 74 E5       		dw	(-2 * 2048 + 698) * 2
0039++ 8E0D 42 E6       		dw	(-2 * 2048 + 801) * 2
0040++ 8E0F 1A E7       		dw	(-2 * 2048 + 909) * 2
0041++ 8E11 00 F0       		dw	(-1 * 2048 + 0) * 2
0042++ 8E13 7A F0       		dw	(-1 * 2048 + 61) * 2
0043++ 8E15 FA F0       		dw	(-1 * 2048 + 125) * 2
0044++ 8E17 84 F1       		dw	(-1 * 2048 + 194) * 2
0045++ 8E19 14 F2       		dw	(-1 * 2048 + 266) * 2
0046++ 8E1B AE F2       		dw	(-1 * 2048 + 343) * 2
0047++ 8E1D 50 F3       		dw	(-1 * 2048 + 424) * 2
0048++ 8E1F FC F3       		dw	(-1 * 2048 + 510) * 2
0049++ 8E21 B2 F4       		dw	(-1 * 2048 + 601) * 2
0050++ 8E23 74 F5       		dw	(-1 * 2048 + 698) * 2
0051++ 8E25 42 F6       		dw	(-1 * 2048 + 801) * 2
0052++ 8E27 1A F7       		dw	(-1 * 2048 + 909) * 2
0053++ 8E29 00 00       		dw	(-0 * 2048 + 0) * 2
0054++ 8E2B 7A 00       		dw	(-0 * 2048 + 61) * 2
0055++ 8E2D FA 00       		dw	(-0 * 2048 + 125) * 2
0056++ 8E2F 84 01       		dw	(-0 * 2048 + 194) * 2
0057++ 8E31 14 02       		dw	(-0 * 2048 + 266) * 2
0058++ 8E33 AE 02       		dw	(-0 * 2048 + 343) * 2
0059++ 8E35 50 03       		dw	(-0 * 2048 + 424) * 2
0060++ 8E37 FC 03       		dw	(-0 * 2048 + 510) * 2
0061++ 8E39 B2 04       		dw	(-0 * 2048 + 601) * 2
0062++ 8E3B 74 05       		dw	(-0 * 2048 + 698) * 2
0063++ 8E3D 42 06       		dw	(-0 * 2048 + 801) * 2
0064++ 8E3F 1A 07       		dw	(-0 * 2048 + 909) * 2
0065++ 8E41 00 10       		dw	(+1 * 2048 + 0) * 2
0066++ 8E43 7A 10       		dw	(+1 * 2048 + 61) * 2
0067++ 8E45 FA 10       		dw	(+1 * 2048 + 125) * 2
0068++ 8E47 84 11       		dw	(+1 * 2048 + 194) * 2
0069++ 8E49 14 12       		dw	(+1 * 2048 + 266) * 2
0070++ 8E4B AE 12       		dw	(+1 * 2048 + 343) * 2
0071++ 8E4D 50 13       		dw	(+1 * 2048 + 424) * 2
0072++ 8E4F FC 13       		dw	(+1 * 2048 + 510) * 2
0073++ 8E51 B2 14       		dw	(+1 * 2048 + 601) * 2
0074++ 8E53 74 15       		dw	(+1 * 2048 + 698) * 2
0075++ 8E55 42 16       		dw	(+1 * 2048 + 801) * 2
0076++ 8E57 1A 17       		dw	(+1 * 2048 + 909) * 2
0077++ 8E59 00 20       		dw	(+2 * 2048 + 0) * 2
0078++ 8E5B 7A 20       		dw	(+2 * 2048 + 61) * 2
0079++ 8E5D FA 20       		dw	(+2 * 2048 + 125) * 2
0080++ 8E5F 84 21       		dw	(+2 * 2048 + 194) * 2
0081++ 8E61 14 22       		dw	(+2 * 2048 + 266) * 2
0082++ 8E63 AE 22       		dw	(+2 * 2048 + 343) * 2
0083++ 8E65 50 23       		dw	(+2 * 2048 + 424) * 2
0084++ 8E67 FC 23       		dw	(+2 * 2048 + 510) * 2
0085++ 8E69 B2 24       		dw	(+2 * 2048 + 601) * 2
0086++ 8E6B 74 25       		dw	(+2 * 2048 + 698) * 2
0087++ 8E6D 42 26       		dw	(+2 * 2048 + 801) * 2
0088++ 8E6F 1A 27       		dw	(+2 * 2048 + 909) * 2
0089++ 8E71 00 30       		dw	(+3 * 2048 + 0) * 2
0090++ 8E73 7A 30       		dw	(+3 * 2048 + 61) * 2
0091++ 8E75 FA 30       		dw	(+3 * 2048 + 125) * 2
0092++ 8E77 84 31       		dw	(+3 * 2048 + 194) * 2
0093++ 8E79 14 32       		dw	(+3 * 2048 + 266) * 2
0094++ 8E7B AE 32       		dw	(+3 * 2048 + 343) * 2
0095++ 8E7D 50 33       		dw	(+3 * 2048 + 424) * 2
0096++ 8E7F FC 33       		dw	(+3 * 2048 + 510) * 2
0097++ 8E81 B2 34       		dw	(+3 * 2048 + 601) * 2
0098++ 8E83 74 35       		dw	(+3 * 2048 + 698) * 2
0099++ 8E85 42 36       		dw	(+3 * 2048 + 801) * 2
0100++ 8E87 1A 37       		dw	(+3 * 2048 + 909) * 2
0101++ 8E89             
1583+  8E89             		.include	"freq_table_2.inc"
0001++ 8E89             ;-------------------------------------------------------------------
0002++ 8E89             ; îïèñàíèå:  Òàáëèöà ÷àñòîò äëÿ Amiga
0003++ 8E89             ;---------------------------------------------------------------------
0004++ 8E89             MBPlayer_frqtab_amiga: 	
0005++ 8E89 22 B4       		dw	(-5 * 2048 + 529) * 2
0006++ 8E8B DA B4       		dw	(-5 * 2048 + 621) * 2
0007++ 8E8D A2 B5       		dw	(-5 * 2048 + 721) * 2
0008++ 8E8F 6E B6       		dw	(-5 * 2048 + 823) * 2
0009++ 8E91 52 B7       		dw	(-5 * 2048 + 937) * 2
0010++ 8E93 1C C0       		dw	(-4 * 2048 + 14) * 2
0011++ 8E95 98 C0       		dw	(-4 * 2048 + 76) * 2
0012++ 8E97 1C C1       		dw	(-4 * 2048 + 142) * 2
0013++ 8E99 A6 C1       		dw	(-4 * 2048 + 211) * 2
0014++ 8E9B 38 C2       		dw	(-4 * 2048 + 284) * 2
0015++ 8E9D D2 C2       		dw	(-4 * 2048 + 361) * 2
0016++ 8E9F 7E C3       		dw	(-4 * 2048 + 447) * 2
0017++ 8EA1             
0018++ 8EA1 22 C4       		dw	(-4 * 2048 + 529) * 2
0019++ 8EA3 DA C4       		dw	(-4 * 2048 + 621) * 2
0020++ 8EA5 A2 C5       		dw	(-4 * 2048 + 721) * 2
0021++ 8EA7 6E C6       		dw	(-4 * 2048 + 823) * 2
0022++ 8EA9 52 C7       		dw	(-4 * 2048 + 937) * 2
0023++ 8EAB 1C D0       		dw	(-3 * 2048 + 14) * 2
0024++ 8EAD 98 D0       		dw	(-3 * 2048 + 76) * 2
0025++ 8EAF 1C D1       		dw	(-3 * 2048 + 142) * 2
0026++ 8EB1 A6 D1       		dw	(-3 * 2048 + 211) * 2
0027++ 8EB3 38 D2       		dw	(-3 * 2048 + 284) * 2
0028++ 8EB5 D2 D2       		dw	(-3 * 2048 + 361) * 2
0029++ 8EB7 7E D3       		dw	(-3 * 2048 + 447) * 2
0030++ 8EB9             
0031++ 8EB9 22 D4       		dw	(-3 * 2048 + 529) * 2
0032++ 8EBB DA D4       		dw	(-3 * 2048 + 621) * 2
0033++ 8EBD A2 D5       		dw	(-3 * 2048 + 721) * 2
0034++ 8EBF 6E D6       		dw	(-3 * 2048 + 823) * 2
0035++ 8EC1 52 D7       		dw	(-3 * 2048 + 937) * 2
0036++ 8EC3 1C E0       		dw	(-2 * 2048 + 14) * 2
0037++ 8EC5 98 E0       		dw	(-2 * 2048 + 76) * 2
0038++ 8EC7 1C E1       		dw	(-2 * 2048 + 142) * 2
0039++ 8EC9 A6 E1       		dw	(-2 * 2048 + 211) * 2
0040++ 8ECB 38 E2       		dw	(-2 * 2048 + 284) * 2
0041++ 8ECD D2 E2       		dw	(-2 * 2048 + 361) * 2
0042++ 8ECF 7E E3       		dw	(-2 * 2048 + 447) * 2
0043++ 8ED1             
0044++ 8ED1 22 E4       		dw	(-2 * 2048 + 529) * 2
0045++ 8ED3 DA E4       		dw	(-2 * 2048 + 621) * 2
0046++ 8ED5 A2 E5       		dw	(-2 * 2048 + 721) * 2
0047++ 8ED7 6E E6       		dw	(-2 * 2048 + 823) * 2
0048++ 8ED9 52 E7       		dw	(-2 * 2048 + 937) * 2
0049++ 8EDB 1C F0       		dw	(-1 * 2048 + 14) * 2
0050++ 8EDD 98 F0       		dw	(-1 * 2048 + 76) * 2
0051++ 8EDF 1C F1       		dw	(-1 * 2048 + 142) * 2
0052++ 8EE1 A6 F1       		dw	(-1 * 2048 + 211) * 2
0053++ 8EE3 38 F2       		dw	(-1 * 2048 + 284) * 2
0054++ 8EE5 D2 F2       		dw	(-1 * 2048 + 361) * 2
0055++ 8EE7 7E F3       		dw	(-1 * 2048 + 447) * 2
0056++ 8EE9             
0057++ 8EE9 22 F4       		dw	(-1 * 2048 + 529) * 2
0058++ 8EEB DA F4       		dw	(-1 * 2048 + 621) * 2
0059++ 8EED A2 F5       		dw	(-1 * 2048 + 721) * 2
0060++ 8EEF 6E F6       		dw	(-1 * 2048 + 823) * 2
0061++ 8EF1 52 F7       		dw	(-1 * 2048 + 937) * 2
0062++ 8EF3 1C 00       		dw	(-0 * 2048 + 14) * 2
0063++ 8EF5 98 00       		dw	(-0 * 2048 + 76) * 2
0064++ 8EF7 1C 01       		dw	(-0 * 2048 + 142) * 2
0065++ 8EF9 A6 01       		dw	(-0 * 2048 + 211) * 2
0066++ 8EFB 38 02       		dw	(-0 * 2048 + 284) * 2
0067++ 8EFD D2 02       		dw	(-0 * 2048 + 361) * 2
0068++ 8EFF 7E 03       		dw	(-0 * 2048 + 447) * 2
0069++ 8F01             
0070++ 8F01 22 04       		dw	(-0 * 2048 + 529) * 2
0071++ 8F03 DA 04       		dw	(-0 * 2048 + 621) * 2
0072++ 8F05 A2 05       		dw	(-0 * 2048 + 721) * 2
0073++ 8F07 6E 06       		dw	(-0 * 2048 + 823) * 2
0074++ 8F09 52 07       		dw	(-0 * 2048 + 937) * 2
0075++ 8F0B 1C 10       		dw	(+1 * 2048 + 14) * 2
0076++ 8F0D 98 10       		dw	(+1 * 2048 + 76) * 2
0077++ 8F0F 1C 11       		dw	(+1 * 2048 + 142) * 2
0078++ 8F11 A6 11       		dw	(+1 * 2048 + 211) * 2
0079++ 8F13 38 12       		dw	(+1 * 2048 + 284) * 2
0080++ 8F15 D2 12       		dw	(+1 * 2048 + 361) * 2
0081++ 8F17 7E 13       		dw	(+1 * 2048 + 447) * 2
0082++ 8F19             
0083++ 8F19 22 14       		dw	(+1 * 2048 + 529) * 2
0084++ 8F1B DA 14       		dw	(+1 * 2048 + 621) * 2
0085++ 8F1D A2 15       		dw	(+1 * 2048 + 721) * 2
0086++ 8F1F 6E 16       		dw	(+1 * 2048 + 823) * 2
0087++ 8F21 52 17       		dw	(+1 * 2048 + 937) * 2
0088++ 8F23 1C 20       		dw	(+2 * 2048 + 14) * 2
0089++ 8F25 98 20       		dw	(+2 * 2048 + 76) * 2
0090++ 8F27 1C 21       		dw	(+2 * 2048 + 142) * 2
0091++ 8F29 A6 21       		dw	(+2 * 2048 + 211) * 2
0092++ 8F2B 38 22       		dw	(+2 * 2048 + 284) * 2
0093++ 8F2D D2 22       		dw	(+2 * 2048 + 361) * 2
0094++ 8F2F 7E 23       		dw	(+2 * 2048 + 447) * 2
0095++ 8F31             
0096++ 8F31 22 24       		dw	(+2 * 2048 + 529) * 2
0097++ 8F33 DA 24       		dw	(+2 * 2048 + 621) * 2
0098++ 8F35 A2 25       		dw	(+2 * 2048 + 721) * 2
0099++ 8F37 6E 26       		dw	(+2 * 2048 + 823) * 2
0100++ 8F39 52 27       		dw	(+2 * 2048 + 937) * 2
0101++ 8F3B 1C 30       		dw	(+3 * 2048 + 14) * 2
0102++ 8F3D 98 30       		dw	(+3 * 2048 + 76) * 2
0103++ 8F3F 1C 31       		dw	(+3 * 2048 + 142) * 2
0104++ 8F41 A6 31       		dw	(+3 * 2048 + 211) * 2
0105++ 8F43 38 32       		dw	(+3 * 2048 + 284) * 2
0106++ 8F45 D2 32       		dw	(+3 * 2048 + 361) * 2
0107++ 8F47 7E 33       		dw	(+3 * 2048 + 447) * 2
0108++ 8F49             
1584+  8F49             		.include	"freq_table_3.inc"
0001++ 8F49             ;-------------------------------------------------------------------
0002++ 8F49             ; îïèñàíèå:  Òàáëèöà ÷àñòîò äëÿ Turbo-R
0003++ 8F49             ;---------------------------------------------------------------------
0004++ 8F49             MBPlayer_frqtab_turbo: 
0005++ 8F49 6E B3       		dw	(-5 * 2048 + 439) * 2
0006++ 8F4B 1C B4       		dw	(-5 * 2048 + 526) * 2
0007++ 8F4D D4 B4       		dw	(-5 * 2048 + 618) * 2
0008++ 8F4F 98 B5       		dw	(-5 * 2048 + 716) * 2
0009++ 8F51 66 B6       		dw	(-5 * 2048 + 819) * 2
0010++ 8F53 42 B7       		dw	(-5 * 2048 + 929) * 2
0011++ 8F55 14 C0       		dw	(-4 * 2048 + 10) * 2
0012++ 8F57 90 C0       		dw	(-4 * 2048 + 72) * 2
0013++ 8F59 12 C1       		dw	(-4 * 2048 + 137) * 2
0014++ 8F5B 9C C1       		dw	(-4 * 2048 + 206) * 2
0015++ 8F5D 2E C2       		dw	(-4 * 2048 + 279) * 2
0016++ 8F5F CA C2       		dw	(-4 * 2048 + 357) * 2
0017++ 8F61             
0018++ 8F61 6E C3       		dw	(-4 * 2048 + 439) * 2
0019++ 8F63 1C C4       		dw	(-4 * 2048 + 526) * 2
0020++ 8F65 D4 C4       		dw	(-4 * 2048 + 618) * 2
0021++ 8F67 98 C5       		dw	(-4 * 2048 + 716) * 2
0022++ 8F69 66 C6       		dw	(-4 * 2048 + 819) * 2
0023++ 8F6B 42 C7       		dw	(-4 * 2048 + 929) * 2
0024++ 8F6D 14 D0       		dw	(-3 * 2048 + 10) * 2
0025++ 8F6F 90 D0       		dw	(-3 * 2048 + 72) * 2
0026++ 8F71 12 D1       		dw	(-3 * 2048 + 137) * 2
0027++ 8F73 9C D1       		dw	(-3 * 2048 + 206) * 2
0028++ 8F75 2E D2       		dw	(-3 * 2048 + 279) * 2
0029++ 8F77 CA D2       		dw	(-3 * 2048 + 357) * 2
0030++ 8F79             
0031++ 8F79 6E D3       		dw	(-3 * 2048 + 439) * 2
0032++ 8F7B 1C D4       		dw	(-3 * 2048 + 526) * 2
0033++ 8F7D D4 D4       		dw	(-3 * 2048 + 618) * 2
0034++ 8F7F 98 D5       		dw	(-3 * 2048 + 716) * 2
0035++ 8F81 66 D6       		dw	(-3 * 2048 + 819) * 2
0036++ 8F83 42 D7       		dw	(-3 * 2048 + 929) * 2
0037++ 8F85 14 E0       		dw	(-2 * 2048 + 10) * 2
0038++ 8F87 90 E0       		dw	(-2 * 2048 + 72) * 2
0039++ 8F89 12 E1       		dw	(-2 * 2048 + 137) * 2
0040++ 8F8B 9C E1       		dw	(-2 * 2048 + 206) * 2
0041++ 8F8D 2E E2       		dw	(-2 * 2048 + 279) * 2
0042++ 8F8F CA E2       		dw	(-2 * 2048 + 357) * 2
0043++ 8F91             
0044++ 8F91 6E E3       		dw	(-2 * 2048 + 439) * 2
0045++ 8F93 1C E4       		dw	(-2 * 2048 + 526) * 2
0046++ 8F95 D4 E4       		dw	(-2 * 2048 + 618) * 2
0047++ 8F97 98 E5       		dw	(-2 * 2048 + 716) * 2
0048++ 8F99 66 E6       		dw	(-2 * 2048 + 819) * 2
0049++ 8F9B 42 E7       		dw	(-2 * 2048 + 929) * 2
0050++ 8F9D 14 F0       		dw	(-1 * 2048 + 10) * 2
0051++ 8F9F 90 F0       		dw	(-1 * 2048 + 72) * 2
0052++ 8FA1 12 F1       		dw	(-1 * 2048 + 137) * 2
0053++ 8FA3 9C F1       		dw	(-1 * 2048 + 206) * 2
0054++ 8FA5 2E F2       		dw	(-1 * 2048 + 279) * 2
0055++ 8FA7 CA F2       		dw	(-1 * 2048 + 357) * 2
0056++ 8FA9             
0057++ 8FA9 6E F3       		dw	(-1 * 2048 + 439) * 2
0058++ 8FAB 1C F4       		dw	(-1 * 2048 + 526) * 2
0059++ 8FAD D4 F4       		dw	(-1 * 2048 + 618) * 2
0060++ 8FAF 98 F5       		dw	(-1 * 2048 + 716) * 2
0061++ 8FB1 66 F6       		dw	(-1 * 2048 + 819) * 2
0062++ 8FB3 42 F7       		dw	(-1 * 2048 + 929) * 2
0063++ 8FB5 14 00       		dw	(-0 * 2048 + 10) * 2
0064++ 8FB7 90 00       		dw	(-0 * 2048 + 72) * 2
0065++ 8FB9 12 01       		dw	(-0 * 2048 + 137) * 2
0066++ 8FBB 9C 01       		dw	(-0 * 2048 + 206) * 2
0067++ 8FBD 2E 02       		dw	(-0 * 2048 + 279) * 2
0068++ 8FBF CA 02       		dw	(-0 * 2048 + 357) * 2
0069++ 8FC1             
0070++ 8FC1 6E 03       		dw	(-0 * 2048 + 439) * 2
0071++ 8FC3 1C 04       		dw	(-0 * 2048 + 526) * 2
0072++ 8FC5 D4 04       		dw	(-0 * 2048 + 618) * 2
0073++ 8FC7 98 05       		dw	(-0 * 2048 + 716) * 2
0074++ 8FC9 66 06       		dw	(-0 * 2048 + 819) * 2
0075++ 8FCB 42 07       		dw	(-0 * 2048 + 929) * 2
0076++ 8FCD 14 10       		dw	(+1 * 2048 + 10) * 2
0077++ 8FCF 90 10       		dw	(+1 * 2048 + 72) * 2
0078++ 8FD1 12 11       		dw	(+1 * 2048 + 137) * 2
0079++ 8FD3 9C 11       		dw	(+1 * 2048 + 206) * 2
0080++ 8FD5 2E 12       		dw	(+1 * 2048 + 279) * 2
0081++ 8FD7 CA 12       		dw	(+1 * 2048 + 357) * 2
0082++ 8FD9             
0083++ 8FD9 6E 13       		dw	(+1 * 2048 + 439) * 2
0084++ 8FDB 1C 14       		dw	(+1 * 2048 + 526) * 2
0085++ 8FDD D4 14       		dw	(+1 * 2048 + 618) * 2
0086++ 8FDF 98 15       		dw	(+1 * 2048 + 716) * 2
0087++ 8FE1 66 16       		dw	(+1 * 2048 + 819) * 2
0088++ 8FE3 42 17       		dw	(+1 * 2048 + 929) * 2
0089++ 8FE5 14 20       		dw	(+2 * 2048 + 10) * 2
0090++ 8FE7 90 20       		dw	(+2 * 2048 + 72) * 2
0091++ 8FE9 12 21       		dw	(+2 * 2048 + 137) * 2
0092++ 8FEB 9C 21       		dw	(+2 * 2048 + 206) * 2
0093++ 8FED 2E 22       		dw	(+2 * 2048 + 279) * 2
0094++ 8FEF CA 22       		dw	(+2 * 2048 + 357) * 2
0095++ 8FF1             
0096++ 8FF1 6E 23       		dw	236Eh
0097++ 8FF3 1C 24       		dw  	241Ch ;  
0098++ 8FF5 D4 24       		dw 	24D4h
0099++ 8FF7 98 25       		dw  	2598h
0100++ 8FF9 66 26       		dw  	2666h
0101++ 8FFB 42 27       		dw  	2742h
0102++ 8FFD 14 30       		dw  	3014h ;  
0103++ 8FFF 90 30       		dw  	3090h
0104++ 9001 12 31       		dw  	3112h
0105++ 9003 9C 31       		dw  	319Ch
0106++ 9005 2E 32       		dw  	322Eh ; .
0107++ 9007 CA 32       		dw 	32CAh
0108++ 9009             
0109++ 9009             
1585+  9009             
1586+  9009             MBPlayer_waves: 
1587+  9009 00          		ds    1200
1588+  94B9             MBPlayer_tones_data: 	
1589+  94B9 00          		ds    64 
1590+  94F9             
1591+  94F9             		.include "patch_table.inc"
0001++ 94F9             ;-------------------------------------------------------------------
0002++ 94F9             ; îïèñàíèå:  Patch table
0003++ 94F9             ;---------------------------------------------------------------------
0004++ 94F9             MBPlayer_patch_table: 	
0005++ 94F9 59 96       		dw	patch_0
0006++ 94FB 90 96       		dw	patch_1
0007++ 94FD C5 96 FE 96 		dw	patch_2A, patch_2B
0008++ 9501 59 96       		dw	patch_0
0009++ 9503 08 97       		dw	patch_3B
0010++ 9505 3D 97       		dw	patch_4
0011++ 9507 49 97 80 97 		dw	patch_5A, patch_5B
0012++ 950B B5 97       		dw	patch_6
0013++ 950D D1 97       		dw	patch_7
0014++ 950F E2 97       		dw	patch_8
0015++ 9511 EE 97       		dw	patch_9
0016++ 9513 F6 97 02 98 		dw	patch_10A, patch_10B
0017++ 9517 0E 98       		dw	patch_11
0018++ 9519 16 98       		dw	patch_12
0019++ 951B 25 98       		dw	patch_13
0020++ 951D 2D 98       		dw	patch_14
0021++ 951F 39 98 43 98 		dw	patch_15A, patch_15B
0022++ 9523 4D 98       		dw	patch_16
0023++ 9525 57 98       		dw	patch_17
0024++ 9527 66 98       		dw	patch_18
0025++ 9529 84 98       		dw	patch_19
0026++ 952B A2 98       		dw	patch_20
0027++ 952D B3 98 C4 98 		dw	patch_21A, patch_21B
0028++ 9531 CE 98       		dw	patch_22
0029++ 9533 DA 98 E9 98 		dw	patch_23A, patch_23B
0030++ 9537 F7 98       		dw	patch_24
0031++ 9539 17 99       		dw	patch_25
0032++ 953B 36 99       		dw	patch_26
0033++ 953D 48 99       		dw	patch_27
0034++ 953F 75 99       		dw	patch_28
0035++ 9541 7D 99       		dw	patch_29
0036++ 9543 8A 99       		dw	patch_30
0037++ 9545 BC 99       		dw	patch_31
0038++ 9547 CE 99       		dw	patch_32
0039++ 9549 DD 99       		dw	patch_33
0040++ 954B F4 99       		dw	patch_34
0041++ 954D 10 9A       		dw	patch_35
0042++ 954F 20 9A       		dw	patch_36
0043++ 9551 2A 9A       		dw	patch_37
0044++ 9553 36 9A       		dw	patch_38
0045++ 9555 40 9A       		dw	patch_39
0046++ 9557 48 9A       		dw	patch_40
0047++ 9559 7F 9A       		dw	patch_41
0048++ 955B C2 9A       		dw	patch_42
0049++ 955D E2 9A       		dw	patch_43
0050++ 955F F3 9A       		dw	patch_44
0051++ 9561 13 9B       		dw	patch_45
0052++ 9563 2F 9B       		dw	patch_46
0053++ 9565 40 9B       		dw	patch_47
0054++ 9567 48 9B       		dw	patch_48
0055++ 9569 64 9B       		dw	patch_49
0056++ 956B 82 9B 92 9B 		dw	patch_50A, patch_50B
0057++ 956F A0 9B B0 9B 		dw	patch_51A, patch_51B
0058++ 9573 B8 9B       		dw	patch_52
0059++ 9575 D1 9B       		dw	patch_53
0060++ 9577 E1 9B       		dw	patch_54
0061++ 9579 F1 9B       		dw	patch_55
0062++ 957B FB 9B       		dw	patch_56
0063++ 957D 1E 9C       		dw	patch_57
0064++ 957F 32 9C       		dw	patch_58
0065++ 9581 3F 9C       		dw	patch_59
0066++ 9583 50 9C       		dw	patch_60
0067++ 9585 5F 9C       		dw	patch_61
0068++ 9587 6C 9C AD 9C 		dw	patch_62A, patch_62B
0069++ 958B F2 9C 33 9D 		dw	patch_63A, patch_63B
0070++ 958F 3D 9D       		dw	patch_64
0071++ 9591 5E 9D       		dw	patch_65
0072++ 9593 A6 9D       		dw	patch_66
0073++ 9595 CC 9D       		dw	patch_67
0074++ 9597 E3 9D       		dw	patch_68
0075++ 9599 06 9E       		dw	patch_69
0076++ 959B 1A 9E       		dw	patch_70
0077++ 959D 2C 9E       		dw	patch_71
0078++ 959F 45 9E       		dw	patch_72
0079++ 95A1 65 9E       		dw	patch_73
0080++ 95A3 77 9E       		dw	patch_74
0081++ 95A5 83 9E       		dw	patch_75
0082++ 95A7 8F 9E 9B 9E 		dw	patch_76A,patch_76B
0083++ 95AB A5 9E AD 9E 		dw	patch_77A,patch_77B
0084++ 95AF B9 9E       		dw	patch_78
0085++ 95B1 D1 9E F6 9E 		dw	patch_80A, patch_80B
0086++ 95B5 1B 9F 62 9F 		dw	patch_81A, patch_81B
0087++ 95B9 A1 9F AD 9F 		dw	patch_82A, patch_82B
0088++ 95BD BB 9F C7 9F 		dw	patch_83A, patch_83B
0089++ 95C1 CF 9F DE 9F 		dw	patch_84A, patch_84B
0090++ 95C5 25 A0 2F A0 		dw	patch_85A, patch_85B
0091++ 95C9 3D A0 80 A0 		dw	patch_86A, patch_86B
0092++ 95CD 90 A0 DE 9F 		dw	patch_87A, patch_84B
0093++ 95D1 98 A0 A2 A0 		dw	patch_88A, patch_88B
0094++ 95D5 B4 A0 C0 A0 		dw	patch_89A, patch_89B
0095++ 95D9 C8 A0 11 A1 		dw	patch_90A, patch_90B
0096++ 95DD 1D A1 38 A1 		dw	patch_91A, patch_91B
0097++ 95E1 46 A1 54 A1 		dw	patch_92A, patch_92B
0098++ 95E5 62 A1 7F A1 		dw	patch_93A, patch_93B
0099++ 95E9 8B A1 93 A1 		dw	patch_94A, patch_94B
0100++ 95ED 9B A1 E0 A1 		dw	patch_95A, patch_95B
0101++ 95F1 C5 9E       		dw	patch_79
0102++ 95F3 25 A2       		dw	patch_96
0103++ 95F5 2D A2 39 A2 		dw	patch_97A, patch_97B
0104++ 95F9 4B A2 55 A2 		dw	patch_98A, patch_98B
0105++ 95FD 6D A2 7F A2 		dw	patch_99A, patch_99B
0106++ 9601 A1 A2 A9 A2 		dw	patch_100A, patch_100B
0107++ 9605 B5 A2 C5 A2 		dw	patch_102A, patch_102B
0108++ 9609 D5 A2 F4 A2 		dw	patch_103A, patch_103B
0109++ 960D FC A2       		dw	patch_104
0110++ 960F 0E A3       		dw	patch_105
0111++ 9611 2F A3       		dw	patch_106
0112++ 9613 37 A3       		dw	patch_107
0113++ 9615 47 A3 56 A3 		dw	patch_109A,patch_109B
0114++ 9619 3F A3       		dw	patch_108
0115++ 961B 65 A3       		dw	patch_110
0116++ 961D 9A A3       		dw	patch_111
0117++ 961F A6 A3 B2 A3 		dw	patch_112A,patch_112B
0118++ 9623 BA A3       		dw	patch_113
0119++ 9625 C2 A3 CE A3 		dw	patch_114A,patch_114B
0120++ 9629 DE A3       		dw	patch_115
0121++ 962B E8 A3       		dw	patch_116
0122++ 962D F0 A3       		dw	patch_117
0123++ 962F FC A3       		dw	patch_118
0124++ 9631 04 A4       		dw	patch_119
0125++ 9633 10 A4       		dw	patch_120
0126++ 9635 18 A4       		dw	patch_121
0127++ 9637 20 A4 2C A4 		dw	patch_122A,patch_122B
0128++ 963B 3E A4       		dw	patch_124
0129++ 963D 4B A4 57 A4 		dw	patch_125A,patch_125B
0130++ 9641 65 A4 71 A4 		dw	patch_126A,patch_126B
0131++ 9645 7D A4       		dw	patch_127
0132++ 9647 8E A4       		dw	drum_1
0133++ 9649 A3 A4       		dw	drum_2
0134++ 964B B8 A4       		dw	drum_3
0135++ 964D C8 A4       		dw	drum_4
0136++ 964F D0 A4       		dw	drum_5
0137++ 9651 D8 A4       		dw	drum_6
0138++ 9653 E0 A4       		dw	drum_7
0139++ 9655 E8 A4       		dw	drum_8
0140++ 9657 3E A5       		dw	drum_midi
0141++ 9659                    	
0142++ 9659             
0143++ 9659             ;--- GM 0 = Ac. Piano ---
0144++ 9659             
0145++ 9659             patch_0: 	
0146++ 9659 01          		db	1	; transpose on
0147++ 965A 8E 96       		dw	patch_0hdr
0148++ 965C 10 2C 49    		db	16,02ch,1 + 36 * 2	; tone 300
0149++ 965F 35 B6       		dw	frq_842
0150++ 9661 16 2D 69    		db	22,02dh,1 + 52 * 2	; tone 301
0151++ 9664 CD AE       		dw	frq_363
0152++ 9666 1C 2E 5D    		db	28,02eh,1 + 46 * 2	; tone 302
0153++ 9669 15 B5       		dw	frq_810
0154++ 966B 22 2F 69    		db	34,02fh,1 + 52 * 2	; tone 303
0155++ 966E 45 AF       		dw	frq_369
0156++ 9670 28 30 5D    		db	40,030h,1 + 46 * 2	; tone 304
0157++ 9673 6D B4       		dw	frq_726
0158++ 9675 2E 31 69    		db	46,031h,1 + 52 * 2	; tone 305
0159++ 9678 8D AC       		dw	frq_290
0160++ 967A 34 32 75    		db	52,032h,1 + 58 * 2	; tone 306
0161++ 967D ED A6       		dw	frq_21
0162++ 967F 3B 33 69    		db	59,033h,1 + 52 * 2	; tone 307
0163++ 9682 45 AC       		dw	frq_286
0164++ 9684 41 34 5F    		db	65,034h,1 + 47 * 2	; tone 308
0165++ 9687 2D B8       		dw	frq_941
0166++ 9689 FF 35 83    		db	255,035h,1 + 65 * 2	; tone 309
0167++ 968C ED A9       		dw	frq_191
0168++ 968E                    	
0169++ 968E             patch_0hdr: 
0170++ 968E 20 FF       		db	020h,0ffh
0171++ 9690             
0172++ 9690             
0173++ 9690             ;--- GM 1 = Bright Acoustic Piano ---
0174++ 9690             
0175++ 9690             patch_1: 
0176++ 9690 01          		db	1	; transpose on
0177++ 9691 8E 96       		dw	patch_0hdr	
0178++ 9693 16 2C 49    		db	22,02ch,1 + 36 * 2	; tone 300
0179++ 9696 35 B6       		dw	frq_842
0180++ 9698 1C 2D 75    		db	28,02dh,1 + 58 * 2	; tone 301
0181++ 969B CD AE       		dw	frq_363
0182++ 969D 22 2E 69    		db	34,02eh,1 + 52 * 2	; tone 302
0183++ 96A0 FD B4       		dw	frq_809
0184++ 96A2 28 2F 75    		db	40,02fh,1 + 58 * 2	; tone 303
0185++ 96A5 45 AF       		dw	frq_369
0186++ 96A7 2E 30 69    		db	46,030h,1 + 52 * 2	; tone 304
0187++ 96AA 6D B4       		dw	frq_726
0188++ 96AC 34 31 75    		db	52,031h,1 + 58 * 2	; tone 305
0189++ 96AF 8D AC       		dw	frq_290
0190++ 96B1 3B 32 81    		db	59,032h,1 + 64 * 2	; tone 306
0191++ 96B4 ED A6       		dw	frq_21
0192++ 96B6 41 33 77    		db	65,033h,1 + 59 * 2	; tone 307
0193++ 96B9 45 AC       		dw	frq_286
0194++ 96BB 47 34 6B    		db	71,034h,1 + 53 * 2	; tone 308
0195++ 96BE 2D B8       		dw	frq_941
0196++ 96C0 FF 35 8F    		db	255,035h,1 + 71 * 2	; tone 309
0197++ 96C3 ED A9       		dw	frq_191
0198++ 96C5             
0199++ 96C5             
0200++ 96C5             ;--- GM 2 = Elec. Grand Piano ---
0201++ 96C5             ; A = v104
0202++ 96C5             ; B = v98
0203++ 96C5             
0204++ 96C5             patch_2A: 
0205++ 96C5 01          		db	1	; transpose on
0206++ 96C6 FA 96       		dw	patch_2Ahdr
0207++ 96C8 16 2C 49    		db	22,02ch,1 + 36 * 2	; tone 300
0208++ 96CB 65 B6       		dw	frq_844
0209++ 96CD 1C 2D 75    		db	28,02dh,1 + 58 * 2	; tone 301
0210++ 96D0 E5 AE       		dw	frq_364
0211++ 96D2 22 2E 69    		db	34,02eh,1 + 52 * 2	; tone 302
0212++ 96D5 2D B5       		dw	frq_811
0213++ 96D7 28 2F 75    		db	40,02fh,1 + 58 * 2	; tone 303
0214++ 96DA 5D AF       		dw	frq_370
0215++ 96DC 2E 30 69    		db	46,030h,1 + 52 * 2	; tone 304
0216++ 96DF 85 B4       		dw	frq_727
0217++ 96E1 34 31 75    		db	52,031h,1 + 58 * 2	; tone 305
0218++ 96E4 A5 AC       		dw	frq_291
0219++ 96E6 3B 32 81    		db	59,032h,1 + 64 * 2	; tone 306
0220++ 96E9 05 A7       		dw	frq_22
0221++ 96EB 41 33 77    		db	65,033h,1 + 59 * 2	; tone 307
0222++ 96EE 5D AC       		dw	frq_287
0223++ 96F0 47 34 6B    		db	71,034h,1 + 53 * 2	; tone 308
0224++ 96F3 45 B8       		dw	frq_942
0225++ 96F5 FF 35 8F    		db	255,035h,1 + 71 * 2	; tone 309
0226++ 96F8 05 AA       		dw	frq_192
0227++ 96FA                    	
0228++ 96FA             patch_2Ahdr: 
0229++ 96FA 20 C8 07 FF 		db	020h,0c8h,007h,0ffh
0230++ 96FE             
0231++ 96FE             patch_2B: 	
0232++ 96FE 01          		db	1	; transpose on
0233++ 96FF 06 97       		dw	patch_2Bhdr
0234++ 9701 FF 6C 48    		db	255,108,36 * 2
0235++ 9704 E5 A8       		dw	frq_113
0236++ 9706                    	
0237++ 9706             patch_2Bhdr: 	
0238++ 9706 28 FF       		db	028h,0ffh
0239++ 9708             
0240++ 9708             
0241++ 9708             ;--- GM 3 = Honky Tonk, met patch#0 ---
0242++ 9708             ; gelijk volume
0243++ 9708             
0244++ 9708             patch_3B: 	
0245++ 9708 01          		db	1	; transpose on
0246++ 9709 8E 96       		dw	patch_0hdr	
0247++ 970B 10 2C 49    		db	16,02ch,1 + 36 * 2	; tone 300
0248++ 970E 95 B6       		dw	frq_852
0249++ 9710 16 2D 69    		db	22,02dh,1 + 52 * 2	; tone 301
0250++ 9713 3D AE       		dw	frq_355
0251++ 9715 1C 2E 5D    		db	28,02eh,1 + 46 * 2	; tone 302
0252++ 9718 5D B5       		dw	frq_820
0253++ 971A 22 2F 69    		db	34,02fh,1 + 52 * 2	; tone 303
0254++ 971D 9D AE       		dw	frq_360
0255++ 971F 28 30 5D    		db	40,030h,1 + 46 * 2	; tone 304
0256++ 9722 B5 B4       		dw	frq_737
0257++ 9724 2E 31 69    		db	46,031h,1 + 52 * 2	; tone 305
0258++ 9727 2D AC       		dw	frq_282
0259++ 9729 34 32 75    		db	52,032h,1 + 58 * 2	; tone 306
0260++ 972C 4D A7       		dw	frq_27
0261++ 972E 3B 33 69    		db	59,033h,1 + 52 * 2	; tone 307
0262++ 9731 2D AC       		dw	frq_282
0263++ 9733 41 34 5F    		db	65,034h,1 + 47 * 2	; tone 308
0264++ 9736 BD B8       		dw	frq_952
0265++ 9738 FF 35 83    		db	255,035h,1 + 65 * 2	; tone 309
0266++ 973B A5 A9       		dw	frq_184
0267++ 973D                    	
0268++ 973D             ;--- GM 4 = Elec. Piano 1 (+ 2B?) ---
0269++ 973D             ; Eigenlijk samen met tone 11, maar slaat nergens op
0270++ 973D             
0271++ 973D             patch_4: 
0272++ 973D 01          		db	1	; transpose on
0273++ 973E 45 97       		dw	patch_4hdr
0274++ 9740 FF 6C 48    		db	255,108,36 * 2
0275++ 9743 E5 A8       		dw	frq_113
0276++ 9745                    	
0277++ 9745             patch_4hdr: 
0278++ 9745 22 C8 48 FF 		db	022h,0c8h,048h,0ffh
0279++ 9749                    	
0280++ 9749             
0281++ 9749             ;--- GM 5 = Elec. Piano 2 ---
0282++ 9749             ; volumes gelijk
0283++ 9749             
0284++ 9749             patch_5A: 	
0285++ 9749 01          		db	1	; transpose on
0286++ 974A 7E 97       		dw	patch_5Ahdr
0287++ 974C 10 2C 49    		db	16,02ch,1 + 36 * 2	; tone 300
0288++ 974F 65 B6       		dw	frq_844
0289++ 9751 16 2D 69    		db	22,02dh,1 + 52 * 2	; tone 301
0290++ 9754 E5 AE       		dw	frq_364
0291++ 9756 1C 2E 5D    		db	28,02eh,1 + 46 * 2	; tone 302
0292++ 9759 2D B5       		dw	frq_811
0293++ 975B 22 2F 69    		db	34,02fh,1 + 52 * 2	; tone 303
0294++ 975E 5D AF       		dw	frq_370
0295++ 9760 28 30 5D    		db	40,030h,1 + 46 * 2	; tone 304
0296++ 9763 85 B4       		dw	frq_727
0297++ 9765 2E 31 69    		db	46,031h,1 + 52 * 2	; tone 305
0298++ 9768 A5 AC       		dw	frq_291
0299++ 976A 34 32 75    		db	52,032h,1 + 58 * 2	; tone 306
0300++ 976D 05 A7       		dw	frq_22
0301++ 976F 3B 33 69    		db	59,033h,1 + 52 * 2	; tone 307
0302++ 9772 5D AC       		dw	frq_287
0303++ 9774 41 34 5F    		db	65,034h,1 + 47 * 2	; tone 308
0304++ 9777 45 B8       		dw	frq_942
0305++ 9779 FF 35 83    		db	255,035h,1 + 65 * 2	; tone 309
0306++ 977C 05 AA       		dw	frq_192
0307++ 977E             
0308++ 977E             patch_5Ahdr: 	
0309++ 977E 1B FF       		db	01bh,0ffh
0310++ 9780             
0311++ 9780             patch_5B: 	
0312++ 9780 01          		db	1	; transpose on
0313++ 9781 7E 97       		dw	patch_5Ahdr
0314++ 9783 16 2C 49    		db	22,02ch,1 + 36 * 2	; tone 300
0315++ 9786 35 B6       		dw	frq_842
0316++ 9788 1C 2D 75    		db	28,02dh,1 + 58 * 2	; tone 301
0317++ 978B CD AE       		dw	frq_363
0318++ 978D 22 2E 69    		db	34,02eh,1 + 52 * 2	; tone 302
0319++ 9790 FD B4       		dw	frq_809
0320++ 9792 28 2F 75    		db	40,02fh,1 + 58 * 2	; tone 303
0321++ 9795 45 AF       		dw	frq_369
0322++ 9797 2E 30 69    		db	46,030h,1 + 52 * 2	; tone 304
0323++ 979A 6D B4       		dw	frq_726
0324++ 979C 34 31 75    		db	52,031h,1 + 58 * 2	; tone 305
0325++ 979F 8D AC       		dw	frq_290
0326++ 97A1 3B 32 81    		db	59,032h,1 + 64 * 2	; tone 306
0327++ 97A4 ED A6       		dw	frq_21
0328++ 97A6 41 33 77    		db	65,033h,1 + 59 * 2	; tone 307
0329++ 97A9 45 AC       		dw	frq_286
0330++ 97AB 47 34 6B    		db	71,034h,1 + 53 * 2	; tone 308
0331++ 97AE 2D B8       		dw	frq_941
0332++ 97B0 FF 35 8F    		db	255,035h,1 + 71 * 2	; tone 309
0333++ 97B3 ED A9       		dw	frq_191
0334++ 97B5             
0335++ 97B5             
0336++ 97B5             ;--- GM 6 = Harpsichord ---
0337++ 97B5             
0338++ 97B5             patch_6: 	
0339++ 97B5 01          		db	1	; transpose on
0340++ 97B6 8E 96       		dw	patch_0hdr
0341++ 97B8 22 80 30    		db	34,128,24 * 2
0342++ 97BB 75 AC       		dw	frq_288
0343++ 97BD 28 81 5C    		db	40,129,46 * 2
0344++ 97C0 7D B6       		dw	frq_847
0345++ 97C2 2E 82 68    		db	46,130,52 * 2
0346++ 97C5 75 AC       		dw	frq_288
0347++ 97C7 36 83 5C    		db	54,131,46 * 2
0348++ 97CA 8D B5       		dw	frq_823
0349++ 97CC FF 84 54    		db	255,132,42 * 2
0350++ 97CF 8D B5       		dw	frq_823
0351++ 97D1             
0352++ 97D1             
0353++ 97D1             ;--- GM 7 = Clavi ---
0354++ 97D1             
0355++ 97D1             patch_7: 	
0356++ 97D1 01          		db	1	; transpose on
0357++ 97D2 DE 97       		dw	patch_7hdr
0358++ 97D4 3A 27 30    		db	58,39,24 * 2
0359++ 97D7 4D AA       		dw	frq_203
0360++ 97D9 FF 28 8C    		db	255,40,70 * 2	; was andere header!
0361++ 97DC DD AA       		dw	frq_215
0362++ 97DE             patch_7hdr: 	
0363++ 97DE 28 C8 2B FF 		db	028h,0c8h,02bh,0ffh
0364++ 97E2             
0365++ 97E2             
0366++ 97E2             ;--- GM 8 = Celesta ---
0367++ 97E2             
0368++ 97E2             patch_8: 	
0369++ 97E2 01          		db	1	; transpose on
0370++ 97E3 EA 97       		dw	patch_8hdr
0371++ 97E5 FF 2B 18    		db	255,43,12 * 2
0372++ 97E8 85 A8       		dw	frq_94
0373++ 97EA             patch_8hdr: 	
0374++ 97EA 20 E0 03 FF 		db	020h,0e0h,3,0ffh
0375++ 97EE             
0376++ 97EE             
0377++ 97EE             ;--- GM 9 = Glockenspiel ---
0378++ 97EE             
0379++ 97EE             patch_9: 	
0380++ 97EE 01          		db	1	; transpose on
0381++ 97EF 06 97       		dw	patch_2Bhdr
0382++ 97F1 FF F3 00    		db	255,243,0 * 2
0383++ 97F4 2D A9       		dw	frq_141
0384++ 97F6             
0385++ 97F6             ;--- GM 10 = Music Box ---
0386++ 97F6             
0387++ 97F6             patch_10A: 	
0388++ 97F6 01          		db	1	; transpose on
0389++ 97F7 FE 97       		dw	patch_10Ahdr
0390++ 97F9 FF F3 18    		db	255,243,12 * 2
0391++ 97FC 45 A9       		dw	frq_143
0392++ 97FE             patch_10Ahdr: 	
0393++ 97FE 20 98 A6 FF 		db	020h,098h,0a6h,0ffh
0394++ 9802             
0395++ 9802             patch_10B: 	
0396++ 9802 01          		db	1	; transpose on
0397++ 9803 0A 98       		dw	patch_10Bhdr
0398++ 9805 FF 01 31    		db	255,1,1 + 24 * 2	; tone 257
0399++ 9808 F5 A7       		dw	frq_79
0400++ 980A             patch_10Bhdr: 	
0401++ 980A 20 98 D4 FF 		db	020h,098h,0d4h,0ffh
0402++ 980E             
0403++ 980E             
0404++ 980E             ;--- GM 11 = Vibraphone ---
0405++ 980E             
0406++ 980E             patch_11: 	
0407++ 980E 01          		db	1	; transpose on
0408++ 980F 06 97       		dw	patch_2Bhdr
0409++ 9811 FF 01 31    		db	255,1,1 + 24 * 2	; tone 257
0410++ 9814 0D A8       		dw	frq_82
0411++ 9816             
0412++ 9816             ;--- GM 12 = Marimba ---
0413++ 9816             
0414++ 9816             patch_12: 	
0415++ 9816 01          		db	1	; transpose on
0416++ 9817 23 98       		dw	patch_12hdr
0417++ 9819 28 F4 30    		db	40,244, 24 * 2
0418++ 981C 0D A8       		dw	frq_82
0419++ 981E FF F5 68    		db	255,245, 52 * 2	; was andere header!
0420++ 9821 95 A7       		dw	frq_69
0421++ 9823             patch_12hdr: 	
0422++ 9823 38 FF       		db	038h,0ffh
0423++ 9825             
0424++ 9825             ;--- GM 13 = Xylophone ---
0425++ 9825             
0426++ 9825             patch_13: 	
0427++ 9825 01          		db	1	; transpose on
0428++ 9826 23 98       		dw	patch_12hdr
0429++ 9828 FF 36 01    		db	255,36h, 1 + 0 * 2	; tone 310
0430++ 982B 85 A8       		dw	frq_94
0431++ 982D             
0432++ 982D             
0433++ 982D             ;--- GM 14 = Tubular Bells ---
0434++ 982D             
0435++ 982D             patch_14: 	
0436++ 982D 01          		db	1	; transpose on
0437++ 982E 35 98       		dw	patch_14hdr
0438++ 9830 FF FF 18    		db	255,255, 12 * 2
0439++ 9833 9D B1       		dw	frq_532
0440++ 9835             patch_14hdr: 	
0441++ 9835 21 E0 01 FF 		db	021h,0e0h,1,0ffh
0442++ 9839             
0443++ 9839             ;--- GM 15 = Dulcimer ---
0444++ 9839             
0445++ 9839             patch_15A: 	
0446++ 9839 01          		db	1	; transpose on
0447++ 983A 41 98       		dw	patch_15Ahdr
0448++ 983C FF 3F 18    		db	255,63, 12 * 2
0449++ 983F 25 B4       		dw	frq_708
0450++ 9841             patch_15Ahdr: 	
0451++ 9841 29 FF       		db	029h,0ffh
0452++ 9843             
0453++ 9843             patch_15B: 	
0454++ 9843 01          		db	1
0455++ 9844 4B 98       		dw	patch_15Bhdr
0456++ 9846 FF 40 18    		db	255,64, 12 * 2
0457++ 9849 25 B4       		dw	frq_708
0458++ 984B             patch_15Bhdr: 	
0459++ 984B 2A FF       		db	02ah,0ffh
0460++ 984D             
0461++ 984D             ;--- GM 16 = Drawbar organ ---
0462++ 984D             
0463++ 984D             patch_16: 	
0464++ 984D 01          		db	1	; transpose on
0465++ 984E 55 98       		dw	patch_16hdr
0466++ 9850 FF 8E 18    		db	255,142,12 * 2
0467++ 9853 1D B6       		dw	frq_835
0468++ 9855             patch_16hdr: 	
0469++ 9855 3A FF       		db	03ah,0ffh
0470++ 9857             
0471++ 9857             ;--- GM 17 = Percussive organ ---
0472++ 9857             
0473++ 9857             patch_17: 	
0474++ 9857 01          		db	1	; transpose on
0475++ 9858 64 98       		dw	patch_17hdr
0476++ 985A 24 8C 30    		db	36,140, 24 * 2
0477++ 985D 8D B8       		dw	frq_950
0478++ 985F FF 8D 48    		db	255,141, 36 * 2
0479++ 9862 5D B8       		dw	frq_944
0480++ 9864             patch_17hdr: 	
0481++ 9864 3B FF       		db	03bh,0ffh
0482++ 9866             
0483++ 9866             ;--- GM 18 = Rock Organ ---
0484++ 9866             
0485++ 9866             patch_18: 	
0486++ 9866 01          		db	1	; transpose on
0487++ 9867 82 98       		dw	patch_18hdr
0488++ 9869 19 28 49    		db	25,28h, 1 + 36 * 2	; tone 296
0489++ 986C 25 AB       		dw	frq_219
0490++ 986E 25 29 63    		db	37,29h, 1 + 49 * 2	; tone 297
0491++ 9871 3D AB       		dw	frq_220
0492++ 9873 31 2A 63    		db	49,2ah, 1 + 49 * 2	; tone 298
0493++ 9876 0D AB       		dw	frq_217
0494++ 9878 3D 2B 63    		db	61,2bh, 1 + 49 * 2	; tone 299
0495++ 987B C5 AA       		dw	frq_214
0496++ 987D FF 27 63    		db	255,27h, 1 + 49 * 2	; tone 295
0497++ 9880 DD AA       		dw	frq_215
0498++ 9882             patch_18hdr: 	
0499++ 9882 39 FF       		db	039h,0ffh
0500++ 9884             
0501++ 9884             ;--- GM 19 = Church organ ---
0502++ 9884             
0503++ 9884             patch_19: 	
0504++ 9884 01          		db	1	; transpose on
0505++ 9885 A0 98       		dw	patch_19hdr
0506++ 9887 12 87 48    		db	18,135, 36 * 2
0507++ 988A 1D B6       		dw	frq_835
0508++ 988C 19 88 6C    		db	25,136, 54 * 2
0509++ 988F 5D A9       		dw	frq_155
0510++ 9891 21 89 62    		db	33,137, 49 * 2
0511++ 9894 C5 B0       		dw	frq_459
0512++ 9896 2A 8A 5A    		db	42,138, 45 * 2
0513++ 9899 7D B6       		dw	frq_847
0514++ 989B FF 8B 6C    		db	255,139, 54 * 2
0515++ 989E 8D A9       		dw	frq_167
0516++ 98A0             patch_19hdr: 	
0517++ 98A0 11 FF       		db	011h,0ffh
0518++ 98A2             
0519++ 98A2             
0520++ 98A2             ;--- GM 20 = Reed Organ ---
0521++ 98A2             
0522++ 98A2             patch_20: 	
0523++ 98A2 01          		db	1	; transpose on
0524++ 98A3 AF 98       		dw	patch_20hdr
0525++ 98A5 3C AC 30    		db	60,172, 24 * 2
0526++ 98A8 5D B2       		dw	frq_557
0527++ 98AA FF AD 78    		db	255,173, 60 * 2
0528++ 98AD 45 B2       		dw	frq_556
0529++ 98AF             patch_20hdr: 	
0530++ 98AF 38 E0 01 FF 		db	038h,0e0h,1,0ffh
0531++ 98B3             
0532++ 98B3             ;--- GM 21 = Accordion ---
0533++ 98B3             
0534++ 98B3             patch_21A: 	
0535++ 98B3 01          		db	1	; transpose on
0536++ 98B4 C0 98       		dw	patch_21Ahdr
0537++ 98B6 35 06 18    		db	53,6, 12 * 2
0538++ 98B9 85 B4       		dw	frq_727
0539++ 98BB FF 07 52    		db	255,7, 41 * 2
0540++ 98BE 7D B9       		dw	frq_1018
0541++ 98C0             patch_21Ahdr: 	
0542++ 98C0 22 E0 00 FF 		db	022h,0e0h,0,0ffh
0543++ 98C4             
0544++ 98C4             patch_21B: 	
0545++ 98C4 01          		db	1	; transpose on
0546++ 98C5 CC 98       		dw	patch_21Bhdr
0547++ 98C7 FF 70 18    		db	255,112, 12 * 2
0548++ 98CA 05 B6       		dw	frq_833
0549++ 98CC             patch_21Bhdr: 	
0550++ 98CC 23 FF       		db	023h,0ffh
0551++ 98CE             
0552++ 98CE             ;--- GM 22 = Harmonica ---
0553++ 98CE             
0554++ 98CE             patch_22: 	
0555++ 98CE 01          		db	1	; transpose on
0556++ 98CF D6 98       		dw	patch_22hdr
0557++ 98D1 FF 70 18    		db	255,112, 12 * 2
0558++ 98D4 7D B6       		dw	frq_847
0559++ 98D6             patch_22hdr: 	
0560++ 98D6 30 E0 02 FF 		db	030h,0e0h,2,0ffh
0561++ 98DA             
0562++ 98DA             ;--- GM 23 = Tango Accordion ---
0563++ 98DA             
0564++ 98DA             patch_23A: 	
0565++ 98DA 01          		db	1	; transpose on
0566++ 98DB E7 98       		dw	patch_23Ahdr
0567++ 98DD 3C AC 30    		db	60,172, 24 * 2
0568++ 98E0 8D B2       		dw	frq_559
0569++ 98E2 FF AD 78    		db	255,173, 60 * 2
0570++ 98E5 75 B2       		dw	frq_558
0571++ 98E7             patch_23Ahdr: 	
0572++ 98E7 38 FF       		db	038h,0ffh
0573++ 98E9             
0574++ 98E9             patch_23B: 	
0575++ 98E9 01          		db	1
0576++ 98EA F1 98       		dw	patch_23Bhdr
0577++ 98EC FF 41 60    		db	255,65, 48 * 2
0578++ 98EF 65 B0       		dw	frq_445
0579++ 98F1             patch_23Bhdr: 	
0580++ 98F1             		db	03ah,098h,075h,0B0h,000h,0ffh
0580++ 98F1 3A9875B000FF
0581++ 98F7             
0582++ 98F7             ;--- GM 24 = Nylon Ac. Gtr ---
0583++ 98F7             
0584++ 98F7             patch_24: 	
0585++ 98F7 01          		db	1	; transpose on
0586++ 98F8 13 99       		dw	patch_24hdr
0587++ 98FA 18 B3 48    		db	24,179, 36 * 2
0588++ 98FD C5 B0       		dw	frq_459
0589++ 98FF 1F B7 60    		db	31,183, 48 * 2
0590++ 9902 2D B2       		dw	frq_555
0591++ 9904 25 B5 6E    		db	37,181, 55 * 2
0592++ 9907 ED A6       		dw	frq_21
0593++ 9909 2C B4 62    		db	44,180, 49 * 2
0594++ 990C C5 B0       		dw	frq_459
0595++ 990E FF B6 58    		db	255,182, 44 * 2
0596++ 9911 6D B4       		dw	frq_726
0597++ 9913             patch_24hdr: 	
0598++ 9913 28 C8 09 FF 		db	028h,0c8h,9,0ffh
0599++ 9917             
0600++ 9917             
0601++ 9917             ;--- GM 26 = Steel Ac. Gtr ---
0602++ 9917             
0603++ 9917             patch_25: 	
0604++ 9917 01          		db	1	; transpose on
0605++ 9918 2E 99       		dw	patch_25hdr
0606++ 991A 1A 0C 48    		db	26,12,36 * 2	;was andere header
0607++ 991D 35 B0       		dw	frq_442
0608++ 991F 21 0D 64    		db	33,13,50 * 2	; "
0609++ 9922 7D B0       		dw	frq_448
0610++ 9924 30 0E 5A    		db	48,14,45 * 2	; "
0611++ 9927 8D B5       		dw	frq_823
0612++ 9929 FF 0F 60    		db	255,15,48 * 2	; "
0613++ 992C 8D B5       		dw	frq_823
0614++ 992E             patch_25hdr: 	
0615++ 992E             		db	028h,098h,0f6h,0b0h,034h,0c8h,9h,0ffh
0615++ 992E 2898F6B034C809FF
0616++ 9936             
0617++ 9936             
0618++ 9936             ;--- GM 26 = Elec Jazz Gtr ---
0619++ 9936             
0620++ 9936             patch_26: 	
0621++ 9936 01          		db	1	; transpose on
0622++ 9937 06 97       		dw	patch_2Bhdr
0623++ 9939 1A 5A 48    		db	26,90, 36 * 2
0624++ 993C 75 AF       		dw	frq_373
0625++ 993E 28 5B 64    		db	40,91, 50 * 2
0626++ 9941 45 A9       		dw	frq_143
0627++ 9943 FF 5C 68    		db	255,92, 52 * 2
0628++ 9946 AD A7       		dw	frq_70
0629++ 9948             
0630++ 9948             
0631++ 9948             ;--- GM 27 = Elec Clean Gtr ---
0632++ 9948             
0633++ 9948             patch_27: 	
0634++ 9948 01          		db	1	; transpose on
0635++ 9949 73 99       		dw	patch_27hdr
0636++ 994B 15 61 48    		db	21,97, 36 * 2
0637++ 994E 6D B1       		dw	frq_519
0638++ 9950 1A 60 72    		db	26,96, 57 * 2
0639++ 9953 45 A9       		dw	frq_143
0640++ 9955 21 63 64    		db	33,99, 50 * 2
0641++ 9958 F5 B3       		dw	frq_701
0642++ 995A 28 62 72    		db	40,98, 57 * 2
0643++ 995D 8D A6       		dw	frq_9
0644++ 995F 2D 65 68    		db	45,101, 52 * 2
0645++ 9962 55 B1       		dw	frq_508
0646++ 9964 34 64 72    		db	52,100, 57 * 2
0647++ 9967 FD A8       		dw	frq_118
0648++ 9969 3D 66 68    		db	61,102, 52 * 2
0649++ 996C 85 B1       		dw	frq_531
0650++ 996E FF 67 62    		db	255,103, 49 * 2
0651++ 9971 8D B5       		dw	frq_823
0652++ 9973             patch_27hdr: 	
0653++ 9973 29 FF       		db	029h,0ffh
0654++ 9975             
0655++ 9975             
0656++ 9975             ;--- GM 28 = Muted Gtr ---
0657++ 9975             
0658++ 9975             patch_28: 	
0659++ 9975 01          		db	1	; transpose on
0660++ 9976 06 97       		dw	patch_2Bhdr
0661++ 9978 FF 68 18    		db	255,104, 12 * 2
0662++ 997B 7D B6       		dw	frq_847
0663++ 997D             
0664++ 997D             
0665++ 997D             ;--- GM 29 = Overdriven Gtr ---
0666++ 997D             
0667++ 997D             patch_29: 	
0668++ 997D 01          		db	1	; transpose on
0669++ 997E 73 99       		dw	patch_27hdr
0670++ 9980 29 A5 48    		db	41,165, 36 * 2
0671++ 9983 6D AB       		dw	frq_228
0672++ 9985 FF A6 82    		db	255,166, 65 * 2
0673++ 9988 C5 B0       		dw	frq_459
0674++ 998A             
0675++ 998A             ;--- GM 30 = Distortion Gtr ---
0676++ 998A             
0677++ 998A             patch_30: 	
0678++ 998A 01          		db	1	; transpose on
0679++ 998B BA 99       		dw	patch_30hdr
0680++ 998D 13 51 48    		db	19,81, 36 * 2
0681++ 9990 05 B0       		dw	frq_434
0682++ 9992 17 52 6E    		db	23,82, 55 * 2
0683++ 9995 45 A9       		dw	frq_143
0684++ 9997 1B 53 5E    		db	27,83, 47 * 2
0685++ 999A 7D B6       		dw	frq_847
0686++ 999C 1F 54 66    		db	31,84, 51 * 2
0687++ 999F 05 B0       		dw	frq_434
0688++ 99A1 23 55 6E    		db	35,85, 55 * 2
0689++ 99A4 45 A9       		dw	frq_143
0690++ 99A6 27 56 5E    		db	39,86, 47 * 2
0691++ 99A9 7D B6       		dw	frq_847
0692++ 99AB 2B 57 66    		db	43,87, 51 * 2
0693++ 99AE C5 B0       		dw	frq_459
0694++ 99B0 2F 58 6E    		db	47,88, 55 * 2
0695++ 99B3 45 A9       		dw	frq_143
0696++ 99B5 FF 59 5E    		db	255,89, 47 * 2
0697++ 99B8 E5 B4       		dw	frq_775
0698++ 99BA             patch_30hdr: 	
0699++ 99BA 21 FF       		db	021h,0ffh
0700++ 99BC             
0701++ 99BC             ;--- GM 31 = Gtr Harmonics ---
0702++ 99BC             
0703++ 99BC             patch_31: 	
0704++ 99BC 01          		db	1	; transpose on
0705++ 99BD 06 97       		dw	patch_2Bhdr
0706++ 99BF 2D 5E 30    		db	45,94, 24 * 2
0707++ 99C2 3D B1       		dw	frq_507
0708++ 99C4 32 5D 8A    		db	50,93, 69 * 2
0709++ 99C7 FD A8       		dw	frq_118
0710++ 99C9 FF 5F 7C    		db	255,95, 62 * 2
0711++ 99CC 6D B4       		dw	frq_726
0712++ 99CE             
0713++ 99CE             ;--- GM 32 = Acoustic Bass ---
0714++ 99CE             
0715++ 99CE             patch_32: 	
0716++ 99CE 01          		db	1	; transpose on
0717++ 99CF DB 99       		dw	patch_32hdr
0718++ 99D1 19 04 60    		db	25,4, 48 * 2
0719++ 99D4 D5 A9       		dw	frq_188
0720++ 99D6 FF 05 62    		db	255,5, 49 * 2
0721++ 99D9 AD A7       		dw	frq_70
0722++ 99DB             patch_32hdr: 	
0723++ 99DB 18 FF       		db	018h,0ffh
0724++ 99DD             
0725++ 99DD             
0726++ 99DD             ;--- GM 33 = Elec. Bass (finger) ---
0727++ 99DD             
0728++ 99DD             patch_33: 	
0729++ 99DD 01          		db	1	; transpose on
0730++ 99DE DB 99       		dw	patch_32hdr
0731++ 99E0 09 4A 60    		db	9,74,48 * 2
0732++ 99E3 4D B3       		dw	frq_645
0733++ 99E5 0E 4B 72    		db	14,75,57 * 2
0734++ 99E8 55 AB       		dw	frq_221
0735++ 99EA 13 4C 64    		db	19,76,50 * 2
0736++ 99ED 4D B6       		dw	frq_843
0737++ 99EF FF 4D 6E    		db	255,77,55 * 2
0738++ 99F2 8D AF       		dw	frq_378
0739++ 99F4             
0740++ 99F4             
0741++ 99F4             ;--- GM 34 = Elec. Bass (pick) ---
0742++ 99F4             
0743++ 99F4             patch_34: 	
0744++ 99F4 01          		db	1	; transpose on
0745++ 99F5 DB 99       		dw	patch_32hdr
0746++ 99F7 0C 4F 60    		db	12,79,48 * 2
0747++ 99FA 15 A9       		dw	frq_135
0748++ 99FC 13 50 60    		db	19,80,48 * 2
0749++ 99FF 3D B4       		dw	frq_715
0750++ 9A01 18 6B 6E    		db	24,107,55 * 2
0751++ 9A04 E5 AB       		dw	frq_264
0752++ 9A06 30 69 60    		db	48,105,48 * 2
0753++ 9A09 3D B7       		dw	frq_921
0754++ 9A0B FF 6A 90    		db	255,106,72 * 2
0755++ 9A0E 05 B0       		dw	frq_434
0756++ 9A10             
0757++ 9A10             ;--- GM 35 = Fretless Bass ---
0758++ 9A10             
0759++ 9A10             patch_35: 	
0760++ 9A10 01          		db	1	; transpose on
0761++ 9A11 18 9A       		dw	patch_35hdr
0762++ 9A13 FF 4E 30    		db	255,78,24 * 2
0763++ 9A16 75 AF       		dw	frq_373
0764++ 9A18             patch_35hdr: 	
0765++ 9A18             		db	010h,098h,0f3h,0b0h,063h,0c8h,019h,0ffh
0765++ 9A18 1098F3B063C819FF
0766++ 9A20             
0767++ 9A20             ;--- GM 36 = Slap Bass 1 ---
0768++ 9A20             
0769++ 9A20             patch_36: 	
0770++ 9A20 01          		db	1	; transpose on
0771++ 9A21 28 9A       		dw	patch_36hdr
0772++ 9A23 FF A3 4E    		db	255,163,(36 + 3) * 2
0773++ 9A26 35 B3       		dw	frq_641
0774++ 9A28             patch_36hdr: 	
0775++ 9A28 19 FF       		db	019h,0ffh
0776++ 9A2A             
0777++ 9A2A             ;--- GM 37 = Slap bass 2 ---
0778++ 9A2A             
0779++ 9A2A             patch_37: 	
0780++ 9A2A 01          		db	1	; transpose on
0781++ 9A2B 32 9A       		dw	patch_37hdr
0782++ 9A2D FF A2 30    		db	255,162,24 * 2
0783++ 9A30 75 AC       		dw	frq_288
0784++ 9A32             patch_37hdr: 	
0785++ 9A32 20 98 B0 FF 		db	020h,098h,0b0h,0ffh
0786++ 9A36             
0787++ 9A36             ;--- GM 38 = Synth Bass 1 ---
0788++ 9A36             
0789++ 9A36             patch_38: 	
0790++ 9A36 01          		db	1	; transpose on
0791++ 9A37 3E 9A       		dw	patch_38hdr
0792++ 9A39 FF BE 48    		db	255,190,36 * 2
0793++ 9A3C 1D B6       		dw	frq_835
0794++ 9A3E             patch_38hdr: 	
0795++ 9A3E 39 FF       		db	039h,0ffh
0796++ 9A40             
0797++ 9A40             ;--- GM 39 = Synth Bass 2 ---
0798++ 9A40             
0799++ 9A40             patch_39: 	
0800++ 9A40 01          		db	1	; transpose on
0801++ 9A41 3E 9A       		dw	patch_38hdr
0802++ 9A43 FF 17 61    		db	255,17h,1 + 48 * 2	; tone 279
0803++ 9A46 DD AA       		dw	frq_215
0804++ 9A48             
0805++ 9A48             ;--- GM 40 = Violin ---
0806++ 9A48             
0807++ 9A48             patch_40: 	
0808++ 9A48 01          		db	1	; transpose on
0809++ 9A49 7D 9A       		dw	patch_40hdr
0810++ 9A4B 23 05 31    		db	35,5h,1 + 24 * 2	; tone 261
0811++ 9A4E 75 AC       		dw	frq_288
0812++ 9A50 28 02 77    		db	40,2h,1 + 59 * 2	; tone 258
0813++ 9A53 95 A7       		dw	frq_69
0814++ 9A55 2A 06 69    		db	42,6h,1 + 52 * 2	; tone 262
0815++ 9A58 ED B2       		dw	frq_627
0816++ 9A5A 2D 07 6D    		db	45,7h,1 + 54 * 2	; tone 263
0817++ 9A5D 45 B2       		dw	frq_556
0818++ 9A5F 30 08 73    		db	48,8h,1 + 57 * 2	; tone 264
0819++ 9A62 E5 AB       		dw	frq_264
0820++ 9A64 33 0A 61    		db	51,0ah,1 + 48 * 2	; tone 266
0821++ 9A67 25 B7       		dw	frq_920
0822++ 9A69 35 0B 67    		db	53,0bh,1 + 51 * 2	; tone 267
0823++ 9A6C 6D B4       		dw	frq_726
0824++ 9A6E 37 0C 6B    		db	55,0ch,1 + 53 * 2	; tone 268
0825++ 9A71 BD B2       		dw	frq_579
0826++ 9A73 3A 0D 6F    		db	58,0dh,1 + 55 * 2	; tone 269
0827++ 9A76 4D AD       		dw	frq_338
0828++ 9A78 FF 09 75    		db	255,09h,1 + 58	* 2	; tone 265
0829++ 9A7B 45 A9       		dw	frq_143
0830++ 9A7D             patch_40hdr: 	
0831++ 9A7D 3B FF       		db	03bh,0ffh
0832++ 9A7F             
0833++ 9A7F             
0834++ 9A7F             ;--- GM 41 = Viola ---
0835++ 9A7F             
0836++ 9A7F             patch_41: 	
0837++ 9A7F 01          		db	1	; transpose on
0838++ 9A80 BE 9A       		dw	patch_41hdr
0839++ 9A82 1B 03 31    		db	27,03h,1 + 24 * 2	; tone 259
0840++ 9A85 3D B4       		dw	frq_715
0841++ 9A87 1E 04 67    		db	30,04h,1 + 51 * 2	; tone 260
0842++ 9A8A 85 B1       		dw	frq_531
0843++ 9A8C 21 05 6D    		db	33,05h,1 + 54 * 2	; tone 261
0844++ 9A8F 75 AC       		dw	frq_288
0845++ 9A91 26 02 73    		db	38,02h,1 + 57 * 2	; tone 258
0846++ 9A94 95 A7       		dw	frq_69
0847++ 9A96 28 06 65    		db	40,06h,1 + 50 * 2	; tone 262
0848++ 9A99 ED B2       		dw	frq_627
0849++ 9A9B 2B 07 69    		db	43,07h,1 + 52 * 2	; tone 263
0850++ 9A9E 45 B2       		dw	frq_556
0851++ 9AA0 2E 08 6F    		db	46,08h,1 + 55 * 2	; tone 264
0852++ 9AA3 E5 AB       		dw	frq_264
0853++ 9AA5 31 0A 5D    		db	49,0ah,1 + 46 * 2	; tone 266
0854++ 9AA8 25 B7       		dw	frq_920
0855++ 9AAA 33 0B 63    		db	51,0bh,1 + 49 * 2	; tone 267
0856++ 9AAD 6D B4       		dw	frq_726
0857++ 9AAF 36 0C 67    		db	54,0ch,1 + 51 * 2	; tone 268
0858++ 9AB2 BD B2       		dw	frq_579
0859++ 9AB4 38 0D 6D    		db	56,0dh,1 + 54 * 2	; tone 269
0860++ 9AB7 4D AD       		dw	frq_338
0861++ 9AB9 FF 09 71    		db	255,09h,1 + 56 * 2	; tone 265
0862++ 9ABC 45 A9       		dw	frq_143
0863++ 9ABE             patch_41hdr: 	
0864++ 9ABE 3B 98 A3 FF 		db	03bh,098h,0a3h,0ffh
0865++ 9AC2             
0866++ 9AC2             
0867++ 9AC2             ;--- GM 42 = Cello ---
0868++ 9AC2             
0869++ 9AC2             patch_42: 	
0870++ 9AC2 01          		db	1	; transpose on
0871++ 9AC3 DE 9A       		dw	patch_42hdr
0872++ 9AC5 16 12 49    		db	22,12h,1 + 36 * 2	; tone 274
0873++ 9AC8 4D AA       		dw	frq_203
0874++ 9ACA 20 13 5D    		db	32,13h,1 + 46 * 2	; tone 275
0875++ 9ACD F5 B3       		dw	frq_701
0876++ 9ACF 27 15 59    		db	39,15h,1 + 44 * 2	; tone 277
0877++ 9AD2 75 B5       		dw	frq_822
0878++ 9AD4 2D 16 67    		db	45,16h,1 + 51 * 2	; tone 278
0879++ 9AD7 85 B1       		dw	frq_531
0880++ 9AD9 FF 14 73    		db	255,14h,1 + 57 * 2	; tone 276
0881++ 9ADC 95 A7       		dw	frq_69
0882++ 9ADE             patch_42hdr: 	
0883++ 9ADE 33 C8 08 FF 		db	033h,0c8h,8,0ffh
0884++ 9AE2             
0885++ 9AE2             ;--- GM 43 = Contrabass ---
0886++ 9AE2             
0887++ 9AE2             patch_43: 	
0888++ 9AE2 01          		db	1	; transpose on
0889++ 9AE3 EF 9A       		dw	patch_43hdr
0890++ 9AE5 12 10 61    		db	18,10h,1 + 48 * 2	; tone 272
0891++ 9AE8 BD A6       		dw	frq_15
0892++ 9AEA FF 11 6D    		db	255,11h,1 + 54 * 2	; tone 273
0893++ 9AED 75 A6       		dw	frq_8
0894++ 9AEF             patch_43hdr: 	
0895++ 9AEF 10 98 90 FF 		db	010h,098h,090h,0ffh
0896++ 9AF3             
0897++ 9AF3             ;--- GM 44 = Tremolo Strings ---
0898++ 9AF3             
0899++ 9AF3             patch_44: 	
0900++ 9AF3 01          		db	1	; transpose on
0901++ 9AF4 0F 9B       		dw	patch_44hdr
0902++ 9AF6 24 B0 30    		db	36,176,24 * 2
0903++ 9AF9 CD A8       		dw	frq_98
0904++ 9AFB 2A 35 60    		db	42,53,48 * 2
0905++ 9AFE 5D B2       		dw	frq_557
0906++ 9B00 30 33 6C    		db	48,51,54 * 2
0907++ 9B03 35 A7       		dw	frq_26
0908++ 9B05 3B 34 60    		db	59,52,48 * 2
0909++ 9B08 65 B3       		dw	frq_650
0910++ 9B0A FF AF 5E    		db	255,175,47 * 2
0911++ 9B0D B5 B1       		dw	frq_538
0912++ 9B0F             patch_44hdr: 	
0913++ 9B0F 38 E0 06 FF 		db	038h,0e0h,6,0ffh
0914++ 9B13             
0915++ 9B13             
0916++ 9B13             ;--- GM 45 = Pizzicato Strings ---
0917++ 9B13             
0918++ 9B13             patch_45: 	
0919++ 9B13 01          		db	1	; transpose on
0920++ 9B14 06 97       		dw	patch_2Bhdr
0921++ 9B16 1B B8 48    		db	27,184,36 * 2
0922++ 9B19 D5 A6       		dw	frq_20
0923++ 9B1B 24 B9 66    		db	36,185,51 * 2
0924++ 9B1E F5 AA       		dw	frq_216
0925++ 9B20 2B BB 60    		db	43,187,48 * 2
0926++ 9B23 1D B3       		dw	frq_639
0927++ 9B25 31 BA 6E    		db	49,186,55 * 2
0928++ 9B28 25 A8       		dw	frq_84
0929++ 9B2A FF BC 62    		db	255,188,49 * 2
0930++ 9B2D AD B0       		dw	frq_455
0931++ 9B2F             
0932++ 9B2F             ;--- GM 46 = Harp ---
0933++ 9B2F             
0934++ 9B2F             patch_46: 	
0935++ 9B2F 01          		db	1	; transpose on
0936++ 9B30 3C 9B       		dw	patch_46hdr
0937++ 9B32 2F 7E 18    		db	47,126,12 * 2
0938++ 9B35 9D AE       		dw	frq_360
0939++ 9B37 FF 7F 5E    		db	255,127,47 * 2
0940++ 9B3A 05 B0       		dw	frq_434
0941++ 9B3C             patch_46hdr: 	
0942++ 9B3C 29 C8 07 FF 		db	029h,0c8h,7,0ffh
0943++ 9B40             
0944++ 9B40             
0945++ 9B40             ;--- GM 47 = Timpani ---
0946++ 9B40             
0947++ 9B40             patch_47: 	
0948++ 9B40 01          		db	1	; transpose on
0949++ 9B41 06 97       		dw	patch_2Bhdr
0950++ 9B43 FF 00 49    		db	255,0,1 + 36 * 2	; tone 256
0951++ 9B46 0D AB       		dw	frq_217
0952++ 9B48             
0953++ 9B48             
0954++ 9B48             ;--- GM 48 = Strings ---
0955++ 9B48             
0956++ 9B48             patch_48: 	
0957++ 9B48 01          		db	1	; transpose on
0958++ 9B49 8E 96       		dw	patch_0hdr
0959++ 9B4B 24 3C 31    		db	36,03ch,1 + 24 * 2	; tone 316
0960++ 9B4E 9D A8       		dw	frq_96
0961++ 9B50 2A 3E 61    		db	42,03eh,1 + 48 * 2	; tone 318
0962++ 9B53 5D B2       		dw	frq_557
0963++ 9B55 30 3D 6D    		db	48,03dh,1 + 54 * 2	; tone 317
0964++ 9B58 1D A7       		dw	frq_24
0965++ 9B5A 3B 3F 61    		db	59,03fh,1 + 48 * 2	; tone 319
0966++ 9B5D 7D B3       		dw	frq_653
0967++ 9B5F FF 40 5F    		db	255,040h,1 + 47 * 2	; tone 320
0968++ 9B62 E5 B1       		dw	frq_548
0969++ 9B64             
0970++ 9B64             ;--- GM 49 = Slow Strings ---
0971++ 9B64             
0972++ 9B64             patch_49: 	
0973++ 9B64 01          		db	1	; transpose on
0974++ 9B65 80 9B       		dw	patch_49hdr
0975++ 9B67 24 B0 30    		db	36,176, 24 * 2
0976++ 9B6A CD A8       		dw	frq_98
0977++ 9B6C 2A 35 60    		db	42,53, 48 * 2
0978++ 9B6F 5D B2       		dw	frq_557
0979++ 9B71 30 33 6C    		db	48,51, 54 * 2
0980++ 9B74 4D A7       		dw	frq_27
0981++ 9B76 3B 34 60    		db	59,52, 48 * 2
0982++ 9B79 65 B3       		dw	frq_650
0983++ 9B7B FF AF 5E    		db	255,175, 47 * 2
0984++ 9B7E B5 B1       		dw	frq_538
0985++ 9B80             patch_49hdr: 	
0986++ 9B80 19 FF       		db	019h,0ffh
0987++ 9B82             
0988++ 9B82             
0989++ 9B82             ;--- GM 50 = Synth Strings 1 ---
0990++ 9B82             
0991++ 9B82             patch_50A: 	
0992++ 9B82 01          		db	1	; transpose on
0993++ 9B83 8A 9B       		dw	patch_50Ahdr
0994++ 9B85 FF 02 30    		db	255,2, 24 * 2
0995++ 9B88 CD B7       		dw	frq_935
0996++ 9B8A             patch_50Ahdr: 	
0997++ 9B8A             		db	020h,098h,093h,0b0h,022h,0c8h,06h,0ffh
0997++ 9B8A 209893B022C806FF
0998++ 9B92             
0999++ 9B92             patch_50B: 	
1000++ 9B92 01          		db	1	; transpose on
1001++ 9B93 9A 9B       		dw	patch_50Bhdr
1002++ 9B95 FF AE 18    		db	255,174, 12 * 2
1003++ 9B98 6D A8       		dw	frq_91
1004++ 9B9A             patch_50Bhdr: 	
1005++ 9B9A             		db	020h,098h,070h,0c8h,006h,0ffh
1005++ 9B9A 209870C806FF
1006++ 9BA0             
1007++ 9BA0             
1008++ 9BA0             ;--- GM 51 = Synth Strings 2 ---
1009++ 9BA0             
1010++ 9BA0             patch_51A: 	
1011++ 9BA0 01          		db	1	; transpose on
1012++ 9BA1 A8 9B       		dw	patch_51Ahdr
1013++ 9BA3 FF 02 18    		db	255,2, 12 * 2
1014++ 9BA6 CD B7       		dw	frq_935
1015++ 9BA8             patch_51Ahdr: 	
1016++ 9BA8             		db	019h,098h,070h,0b0h,000h,0c8h,06h,0ffh
1016++ 9BA8 199870B000C806FF
1017++ 9BB0             
1018++ 9BB0             patch_51B: 	
1019++ 9BB0 01          		db	1	; transpose on
1020++ 9BB1 A8 9B       		dw	patch_51Ahdr
1021++ 9BB3 FF 02 18    		db	255,2, 12 * 2
1022++ 9BB6 85 B7       		dw	frq_927
1023++ 9BB8             
1024++ 9BB8             
1025++ 9BB8             ;--- GM 52 = Choir Aahs ---
1026++ 9BB8             
1027++ 9BB8             patch_52: 	
1028++ 9BB8 01          		db	1	; transpose on
1029++ 9BB9 CF 9B       		dw	patch_52hdr
1030++ 9BBB 23 18 30    		db	35,24, 24 * 2
1031++ 9BBE 65 AA       		dw	frq_204
1032++ 9BC0 29 19 5E    		db	41,25, 47 * 2
1033++ 9BC3 45 B5       		dw	frq_815
1034++ 9BC5 30 1A 6A    		db	48,26, 53 * 2
1035++ 9BC8 7D AA       		dw	frq_206
1036++ 9BCA FF 1B 60    		db	255,27, 48 * 2
1037++ 9BCD 55 AE       		dw	frq_356
1038++ 9BCF             patch_52hdr: 	
1039++ 9BCF 1A FF       		db	01ah,0ffh
1040++ 9BD1             
1041++ 9BD1             ;--- GM 53 = Voice Oohs ---
1042++ 9BD1             
1043++ 9BD1             patch_53: 	
1044++ 9BD1 01          		db	1	; transpose on
1045++ 9BD2 D9 9B       		dw	patch_53hdr
1046++ 9BD4 FF 29 18    		db	255,41, 12 * 2
1047++ 9BD7 FD AB       		dw	frq_273
1048++ 9BD9             patch_53hdr: 	
1049++ 9BD9             		db	020h,098h,0f7h,0b0h,020h,0c8h,8,0ffh
1049++ 9BD9 2098F7B020C808FF
1050++ 9BE1             
1051++ 9BE1             ;--- GM 54 = Synth Voice ---
1052++ 9BE1             
1053++ 9BE1             patch_54: 	
1054++ 9BE1 01          		db	1	; transpose on
1055++ 9BE2 E9 9B       		dw	patch_54hdr
1056++ 9BE4 FF 2A 18    		db	255,42, 12 * 2
1057++ 9BE7 95 AA       		dw	frq_208
1058++ 9BE9             patch_54hdr: 	
1059++ 9BE9             		db	019h,098h,085h,0b0h,021h,0c8h,7,0ffh
1059++ 9BE9 199885B021C807FF
1060++ 9BF1             
1061++ 9BF1             ;--- GM 55 = Orchestra Hit ---
1062++ 9BF1             
1063++ 9BF1             patch_55: 	
1064++ 9BF1 01          		db	1	; transpose on
1065++ 9BF2 F9 9B       		dw	patch_55hdr
1066++ 9BF4 FF 49 18    		db	255,73, 12 * 2
1067++ 9BF7 1D B6       		dw	frq_835
1068++ 9BF9             patch_55hdr: 	
1069++ 9BF9 30 FF       		db	030h,0ffh
1070++ 9BFB             
1071++ 9BFB             ;--- GM 56 = Trumpet ---
1072++ 9BFB             
1073++ 9BFB             patch_56: 	
1074++ 9BFB 01          		db	1	; transpose on
1075++ 9BFC 1C 9C       		dw	patch_56hdr
1076++ 9BFE 25 F6 30    		db	37,246, 24 * 2
1077++ 9C01 7D A7       		dw	frq_46
1078++ 9C03 2C F8 62    		db	44,248, 49 * 2
1079++ 9C06 DD B0       		dw	frq_460
1080++ 9C08 31 F7 70    		db	49,247, 56 * 2
1081++ 9C0B 05 A7       		dw	frq_22
1082++ 9C0D 37 FA 62    		db	55,250, 49 * 2
1083++ 9C10 1D B0       		dw	frq_436
1084++ 9C12 3E F9 6E    		db	62,249, 55 * 2
1085++ 9C15 7D A7       		dw	frq_46
1086++ 9C17 FF FB 64    		db	255,251, 50 * 2
1087++ 9C1A 1D B0       		dw	frq_436
1088++ 9C1C             patch_56hdr: 	
1089++ 9C1C 32 FF       		db	032h,0ffh
1090++ 9C1E             
1091++ 9C1E             ;--- GM 57 = Trombone ---
1092++ 9C1E             
1093++ 9C1E             patch_57: 	
1094++ 9C1E 01          		db	1	; transpose on
1095++ 9C1F 30 9C       		dw	patch_57hdr
1096++ 9C21 23 F0 30    		db	35,240, 24 * 2
1097++ 9C24 6D AB       		dw	frq_228
1098++ 9C26 28 F1 5E    		db	40,241, 47 * 2
1099++ 9C29 CD B4       		dw	frq_750
1100++ 9C2B FF F2 68    		db	255,242, 52 * 2
1101++ 9C2E E5 AB       		dw	frq_264
1102++ 9C30             patch_57hdr: 	
1103++ 9C30 21 FF       		db	021h,0ffh
1104++ 9C32             
1105++ 9C32             ;--- GM 58 = Tuba ---
1106++ 9C32             
1107++ 9C32             patch_58: 	
1108++ 9C32 01          		db	1	; transpose on
1109++ 9C33 30 9C       		dw	patch_57hdr
1110++ 9C35 16 85 48    		db	22,133, 36 * 2
1111++ 9C38 FD B1       		dw	frq_550
1112++ 9C3A FF 86 5C    		db	255,134, 46 * 2
1113++ 9C3D C5 B6       		dw	frq_908
1114++ 9C3F             
1115++ 9C3F             ;--- GM 59 = Muted Trumpet ---
1116++ 9C3F             
1117++ 9C3F             patch_59: 	
1118++ 9C3F 01          		db	1	; transpose on
1119++ 9C40 4C 9C       		dw	patch_59hdr
1120++ 9C42 2E B1 18    		db	46,177, 12 * 2
1121++ 9C45 05 B3       		dw	frq_630
1122++ 9C47 FF B2 5C    		db	255,178, 46 * 2
1123++ 9C4A 05 B3       		dw	frq_630
1124++ 9C4C             patch_59hdr: 	
1125++ 9C4C 28 E0 01 FF 		db	28h,0e0h,1,0ffh
1126++ 9C50             
1127++ 9C50             ;--- GM 60 = French Horn ---
1128++ 9C50             
1129++ 9C50             patch_60: 	
1130++ 9C50 01          		db	1	; transpose on
1131++ 9C51 5D 9C       		dw	patch_60hdr
1132++ 9C53 32 7C 18    		db	50,124, 12 * 2
1133++ 9C56 8D AC       		dw	frq_290
1134++ 9C58 FF 7D 64    		db	255,125, 50 * 2
1135++ 9C5B C5 B3       		dw	frq_679
1136++ 9C5D             patch_60hdr: 	
1137++ 9C5D 1A FF       		db	01ah,0ffh
1138++ 9C5F             
1139++ 9C5F             ;--- GM 61 = Brass Section ---
1140++ 9C5F             
1141++ 9C5F             patch_61: 	
1142++ 9C5F 01          		db	1	; transpose on
1143++ 9C60 06 97       		dw	patch_2Bhdr
1144++ 9C62 2B FC 18    		db	43,252, 12 * 2
1145++ 9C65 5D B5       		dw	frq_820
1146++ 9C67 FF FD 56    		db	255,253, 43 * 2
1147++ 9C6A ED B5       		dw	frq_832
1148++ 9C6C             
1149++ 9C6C             ;--- GM 62 = Synth Brass 1 ---
1150++ 9C6C             
1151++ 9C6C             patch_62A: 	
1152++ 9C6C 01          		db	1	; transpose on
1153++ 9C6D AB 9C       		dw	patch_62Ahdr
1154++ 9C6F 10 D3 60    		db	16,211, 48 * 2
1155++ 9C72 F5 B6       		dw	frq_916
1156++ 9C74 16 DA 80    		db	22,218, 64 * 2
1157++ 9C77 25 AE       		dw	frq_354
1158++ 9C79 1C D4 74    		db	28,212, 58 * 2
1159++ 9C7C F5 B6       		dw	frq_916
1160++ 9C7E 22 DB 80    		db	34,219, 64 * 2
1161++ 9C81 C5 AD       		dw	frq_345
1162++ 9C83 28 D5 74    		db	40,213, 58 * 2
1163++ 9C86 CD B7       		dw	frq_935
1164++ 9C88 2E DC 80    		db	46,220, 64 * 2
1165++ 9C8B F5 AD       		dw	frq_350
1166++ 9C8D 34 D6 74    		db	52,214, 58 * 2
1167++ 9C90 55 B7       		dw	frq_925
1168++ 9C92 3A DD 80    		db	58,221, 64 * 2
1169++ 9C95 CD AE       		dw	frq_363
1170++ 9C97 40 D7 74    		db	64,215, 58 * 2
1171++ 9C9A 1D B9       		dw	frq_969
1172++ 9C9C 46 DE 80    		db	70,222, 64 * 2
1173++ 9C9F 4D AD       		dw	frq_338
1174++ 9CA1 4D D8 74    		db	77,216, 58 * 2
1175++ 9CA4 55 B7       		dw	frq_925
1176++ 9CA6 FF D9 6A    		db	255,217, 53 * 2
1177++ 9CA9 55 B7       		dw	frq_925
1178++ 9CAB             patch_62Ahdr: 	
1179++ 9CAB 18 FF       		db	018h,0ffh
1180++ 9CAD             
1181++ 9CAD             
1182++ 9CAD             patch_62B: 	
1183++ 9CAD 01          		db	1	; transpose on
1184++ 9CAE EC 9C       		dw	patch_62Bhdr
1185++ 9CB0 10 18 61    		db	16,18h, 1 + 48 * 2	; tone 280
1186++ 9CB3 9D B7       		dw	frq_929
1187++ 9CB5 16 19 81    		db	22,19h, 1 + 64 * 2	; tone 281
1188++ 9CB8 9D AE       		dw	frq_360
1189++ 9CBA 1C 1A 75    		db	28,1ah, 1 + 58 * 2	; tone 282
1190++ 9CBD 85 B7       		dw	frq_927
1191++ 9CBF 22 1B 81    		db	34,1bh, 1 + 64 * 2	; tone 283
1192++ 9CC2 9D AE       		dw	frq_360
1193++ 9CC4 28 1C 75    		db	40,1ch, 1 + 58 * 2	; tone 284
1194++ 9CC7 15 B8       		dw	frq_939
1195++ 9CC9 2E 1D 81    		db	46,1dh, 1 + 64 * 2	; tone 285
1196++ 9CCC 15 AF       		dw	frq_366
1197++ 9CCE 34 1E 75    		db	52,1eh, 1 + 58 * 2	; tone 286
1198++ 9CD1 A5 B8       		dw	frq_951
1199++ 9CD3 3A 1F 81    		db	58,1fh, 1 + 64 * 2	; tone 287
1200++ 9CD6 15 AF       		dw	frq_366
1201++ 9CD8 40 20 75    		db	64,20h, 1 + 58 * 2	; tone 288
1202++ 9CDB 4D B9       		dw	frq_977
1203++ 9CDD 46 21 81    		db	70,21h, 1 + 64 * 2	; tone 289
1204++ 9CE0 95 AD       		dw	frq_342
1205++ 9CE2 4D 22 75    		db	77,22h, 1 + 58 * 2	; tone 290
1206++ 9CE5 85 B7       		dw	frq_927
1207++ 9CE7 FF 23 6B    		db	255,23h, 1 + 53 * 2	; tone 291
1208++ 9CEA 85 B7       		dw	frq_927
1209++ 9CEC             patch_62Bhdr: 	
1210++ 9CEC             		db	018h,098h,0a5h,0b0h,011h,0ffh
1210++ 9CEC 1898A5B011FF
1211++ 9CF2             
1212++ 9CF2             
1213++ 9CF2             ;--- GM 63 = Synth Brass 2 ---
1214++ 9CF2             ; B zachter dan A, vals??
1215++ 9CF2             
1216++ 9CF2             patch_63A: 	
1217++ 9CF2 01          		db	1	; transpose on
1218++ 9CF3 31 9D       		dw	patch_63Ahdr
1219++ 9CF5 10 18 61    		db	16,18h, 1 + 48 * 2	; tone 280
1220++ 9CF8 B5 B7       		dw	frq_931
1221++ 9CFA 16 19 81    		db	22,19h, 1 + 64 * 2	; tone 281
1222++ 9CFD B5 AE       		dw	frq_361
1223++ 9CFF 1C 1A 75    		db	28,1ah, 1 + 58 * 2	; tone 282
1224++ 9D02 9D B7       		dw	frq_929
1225++ 9D04 22 1B 81    		db	34,1bh, 1 + 64 * 2	; tone 283
1226++ 9D07 B5 AE       		dw	frq_361
1227++ 9D09 28 1C 75    		db	40,1ch, 1 + 58 * 2	; tone 284
1228++ 9D0C 2D B8       		dw	frq_941
1229++ 9D0E 2E 1D 81    		db	46,1dh, 1 + 64 * 2	; tone 285
1230++ 9D11 2D AF       		dw	frq_367
1231++ 9D13 34 1E 75    		db	52,1eh, 1 + 58 * 2	; tone 286
1232++ 9D16 D5 B8       		dw	frq_953
1233++ 9D18 3A 1F 81    		db	58,1fh, 1 + 64 * 2	; tone 287
1234++ 9D1B 2D AF       		dw	frq_367
1235++ 9D1D 40 20 75    		db	64,20h, 1 + 58 * 2	; tone 288
1236++ 9D20 65 B9       		dw	frq_978
1237++ 9D22 46 21 81    		db	70,21h, 1 + 64 * 2	; tone 289
1238++ 9D25 AD AD       		dw	frq_343
1239++ 9D27 4D 22 75    		db	77,22h, 1 + 58 * 2	; tone 290
1240++ 9D2A 9D B7       		dw	frq_929
1241++ 9D2C FF 23 6B    		db	255,23h, 1 + 53 * 2	; tone 291
1242++ 9D2F 9D B7       		dw	frq_929
1243++ 9D31             patch_63Ahdr: 	
1244++ 9D31 26 FF       		db	026h,0ffh
1245++ 9D33             
1246++ 9D33             
1247++ 9D33             patch_63B: 	
1248++ 9D33 01          		db	1	; transpose on
1249++ 9D34 3B 9D       		dw	patch_63Bhdr
1250++ 9D36 FF 24 19    		db	255,24h, 1 + 12 * 2	; tone 292
1251++ 9D39 5D B2       		dw	frq_557
1252++ 9D3B             patch_63Bhdr: 	
1253++ 9D3B 22 FF       		db	022h,0ffh
1254++ 9D3D             
1255++ 9D3D             ;--- GM 64 = Soprano Sax ---
1256++ 9D3D             
1257++ 9D3D             patch_64: 	
1258++ 9D3D 01          		db	1	; transpose on
1259++ 9D3E BA 99       		dw	patch_30hdr
1260++ 9D40 28 E3 18    		db	40,227, 12 * 2
1261++ 9D43 F5 B3       		dw	frq_701
1262++ 9D45 2E E4 68    		db	46,228, 52 * 2
1263++ 9D48 F5 AA       		dw	frq_216
1264++ 9D4A 34 E5 5C    		db	52,229, 46 * 2
1265++ 9D4D AD B3       		dw	frq_677
1266++ 9D4F 3A E6 68    		db	58,230, 52 * 2
1267++ 9D52 9D AB       		dw	frq_242
1268++ 9D54 41 E7 5C    		db	65,231, 46 * 2
1269++ 9D57 6D B4       		dw	frq_726
1270++ 9D59 FF E8 82    		db	255,232, 65 * 2
1271++ 9D5C 85 A8       		dw	frq_94
1272++ 9D5E             
1273++ 9D5E             ;--- GM 65 = Alto Sax ---
1274++ 9D5E             
1275++ 9D5E             patch_65: 	
1276++ 9D5E 01          		db	1	; transpose on
1277++ 9D5F A2 9D       		dw	patch_65hdr
1278++ 9D61 1B 92 48    		db	27,146, 36 * 2
1279++ 9D64 4D A7       		dw	frq_27
1280++ 9D66 1E 96 66    		db	30,150, 51 * 2
1281++ 9D69 B5 B4       		dw	frq_737
1282++ 9D6B 23 99 6C    		db	35,153, 54 * 2
1283++ 9D6E D5 AF       		dw	frq_385
1284++ 9D70 24 8F 76    		db	36,143, 59 * 2
1285++ 9D73 9D AB       		dw	frq_242
1286++ 9D75 27 93 78    		db	39,147, 60 * 2
1287++ 9D78 7D A7       		dw	frq_46
1288++ 9D7A 2A 97 66    		db	42,151, 51 * 2
1289++ 9D7D E5 B4       		dw	frq_775
1290++ 9D7F 2D 9A 6C    		db	45,154, 54 * 2
1291++ 9D82 DD B0       		dw	frq_460
1292++ 9D84 30 90 72    		db	48,144, 57 * 2
1293++ 9D87 F5 AA       		dw	frq_216
1294++ 9D89 33 94 78    		db	51,148, 60 * 2
1295++ 9D8C 05 A7       		dw	frq_22
1296++ 9D8E 35 98 66    		db	53,152, 51 * 2
1297++ 9D91 85 B4       		dw	frq_727
1298++ 9D93 39 9B 6A    		db	57,155, 53 * 2
1299++ 9D96 25 B1       		dw	frq_480
1300++ 9D98 3C 91 72    		db	60,145, 57 * 2
1301++ 9D9B 8D AC       		dw	frq_290
1302++ 9D9D FF 95 78    		db	255,149, 60 * 2
1303++ 9DA0 85 A8       		dw	frq_94
1304++ 9DA2             patch_65hdr: 	
1305++ 9DA2 19 C8 0B FF 		db	019h,0c8h,000bh,0ffh
1306++ 9DA6             
1307++ 9DA6             ;--- GM 66 = Tenor Sax ---
1308++ 9DA6             
1309++ 9DA6             patch_66: 	
1310++ 9DA6 01          		db	1	; transpose on
1311++ 9DA7 28 9A       		dw	patch_36hdr
1312++ 9DA9 19 E9 48    		db	25,233, 36 * 2
1313++ 9DAC DD A7       		dw	frq_75
1314++ 9DAE 1D EA 62    		db	29,234, 49 * 2
1315++ 9DB1 3D B4       		dw	frq_715
1316++ 9DB3 23 EB 6A    		db	35,235, 53 * 2
1317++ 9DB6 6D AB       		dw	frq_228
1318++ 9DB8 2A ED 5E    		db	42,237, 47 * 2
1319++ 9DBB 7D B3       		dw	frq_653
1320++ 9DBD 30 EC 6C    		db	48,236, 54 * 2
1321++ 9DC0 AD A7       		dw	frq_70
1322++ 9DC2 3A EE 60    		db	58,238, 48 * 2
1323++ 9DC5 85 B1       		dw	frq_531
1324++ 9DC7 FF EF 5C    		db	255,239, 46 * 2
1325++ 9DCA 25 B7       		dw	frq_920
1326++ 9DCC             
1327++ 9DCC             
1328++ 9DCC             ;--- GM 67 = Baritone Sax ---
1329++ 9DCC             
1330++ 9DCC             patch_67: 	
1331++ 9DCC 01          		db	1	; transpose on
1332++ 9DCD 28 9A       		dw	patch_36hdr
1333++ 9DCF 16 DF 48    		db	22,223, 36 * 2
1334++ 9DD2 BD AC       		dw	frq_299
1335++ 9DD4 1D E1 5C    		db	29,225, 46 * 2
1336++ 9DD7 CD B1       		dw	frq_545
1337++ 9DD9 22 E2 6A    		db	34,226, 53 * 2
1338++ 9DDC BD AC       		dw	frq_299
1339++ 9DDE FF E0 5C    		db	255,224, 46 * 2
1340++ 9DE1 AD B6       		dw	frq_874
1341++ 9DE3             
1342++ 9DE3             ;--- GM 68 = Oboe ---
1343++ 9DE3             
1344++ 9DE3             patch_68: 	
1345++ 9DE3 01          		db	1	; transpose on
1346++ 9DE4 04 9E       		dw	patch_68hdr
1347++ 9DE6 25 42 18    		db	37,66, 12 * 2
1348++ 9DE9 25 B7       		dw	frq_920
1349++ 9DEB 2C 44 62    		db	44,68, 49 * 2
1350++ 9DEE 4D AD       		dw	frq_338
1351++ 9DF0 32 43 58    		db	50,67, 44 * 2
1352++ 9DF3 25 B7       		dw	frq_920
1353++ 9DF5 38 46 64    		db	56,70, 50 * 2
1354++ 9DF8 35 AD       		dw	frq_335
1355++ 9DFA 3E 45 58    		db	62,69, 44 * 2
1356++ 9DFD 25 B7       		dw	frq_920
1357++ 9DFF FF 47 64    		db	255,71, 50 * 2
1358++ 9E02 35 AD       		dw	frq_335
1359++ 9E04             patch_68hdr: 	
1360++ 9E04 39 FF       		db	039h,0ffh
1361++ 9E06             
1362++ 9E06             ;--- GM 69 = English Horn ---
1363++ 9E06             
1364++ 9E06             patch_69: 	
1365++ 9E06 01          		db	1	; transpose on
1366++ 9E07 18 9E       		dw	patch_69hdr
1367++ 9E09 21 3C 30    		db	33,60, 24 * 2
1368++ 9E0C B5 AB       		dw	frq_254
1369++ 9E0E 27 3B 5A    		db	39,59, 45 * 2
1370++ 9E11 CD B4       		dw	frq_750
1371++ 9E13 FF 3D 66    		db	255,61, 51 * 2
1372++ 9E16 9D AB       		dw	frq_242
1373++ 9E18             patch_69hdr: 	
1374++ 9E18 31 FF       		db	031h,0ffh
1375++ 9E1A             
1376++ 9E1A             ;--- GM 70 = Bassoon ---
1377++ 9E1A             
1378++ 9E1A             patch_70: 	
1379++ 9E1A 01          		db	1	; transpose on
1380++ 9E1B 18 9E       		dw	patch_69hdr
1381++ 9E1D 0B 38 60    		db	11,56, 48 * 2
1382++ 9E20 C5 A7       		dw	frq_73
1383++ 9E22 17 3A 5E    		db	23,58, 47 * 2
1384++ 9E25 9D B1       		dw	frq_532
1385++ 9E27 FF 39 76    		db	255,57, 59 * 2
1386++ 9E2A DD A7       		dw	frq_75
1387++ 9E2C             
1388++ 9E2C             ;--- GM 71 = Clarinet ---
1389++ 9E2C             
1390++ 9E2C             patch_71: 	
1391++ 9E2C 01          		db	1	; transpose on
1392++ 9E2D 43 9E       		dw	patch_71hdr
1393++ 9E2F 24 9E 30    		db	36,158, 24 * 2
1394++ 9E32 15 B5       		dw	frq_810
1395++ 9E34 2A A0 78    		db	42,160, 60 * 2
1396++ 9E37 75 AC       		dw	frq_288
1397++ 9E39 33 9F 6C    		db	51,159, 54 * 2
1398++ 9E3C 6D B4       		dw	frq_726
1399++ 9E3E FF A1 66    		db	255,161, 51 * 2
1400++ 9E41 25 B7       		dw	frq_920
1401++ 9E43             patch_71hdr: 	
1402++ 9E43 29 FF       		db	029h,0ffh
1403++ 9E45             
1404++ 9E45             ;--- GM 72 = Piccolo ---
1405++ 9E45             
1406++ 9E45             patch_72: 	
1407++ 9E45 01          		db	1	; transpose on
1408++ 9E46 61 9E       		dw	patch_72hdr
1409++ 9E48 29 71 30    		db	41,113, 24 * 2
1410++ 9E4B 85 A8       		dw	frq_94
1411++ 9E4D 36 72 6A    		db	54,114, 53 * 2
1412++ 9E50 FD A8       		dw	frq_118
1413++ 9E52 3C 73 6C    		db	60,115, 54 * 2
1414++ 9E55 85 A8       		dw	frq_94
1415++ 9E57 48 74 78    		db	72,116, 60 * 2
1416++ 9E5A 75 AC       		dw	frq_288
1417++ 9E5C FF 75 78    		db	255,117, 60 * 2
1418++ 9E5F 25 B7       		dw	frq_920
1419++ 9E61             patch_72hdr: 	
1420++ 9E61 38 E0 02 FF 		db	038h,0e0h,2,0ffh
1421++ 9E65             
1422++ 9E65             ;--- GM 73 = Flute ---
1423++ 9E65             
1424++ 9E65             patch_73: 	
1425++ 9E65 01          		db	1	; transpose on
1426++ 9E66 61 9E       		dw	patch_72hdr
1427++ 9E68 29 71 30    		db	41,113, 24 * 2
1428++ 9E6B 85 A8       		dw	frq_94
1429++ 9E6D 36 72 6A    		db	54,114, 53 * 2
1430++ 9E70 FD A8       		dw	frq_118
1431++ 9E72 FF 73 6C    		db	255,115, 54 * 2
1432++ 9E75 85 A8       		dw	frq_94
1433++ 9E77             
1434++ 9E77             ;--- GM 74 = Recorder ---
1435++ 9E77             
1436++ 9E77             patch_74: 	
1437++ 9E77 01          		db	1	; transpose on
1438++ 9E78 7F 9E       		dw	patch_74hdr
1439++ 9E7A FF BD 30    		db	255,189, 24 * 2
1440++ 9E7D 45 A9       		dw	frq_143
1441++ 9E7F             patch_74hdr: 	
1442++ 9E7F 30 E0 01 FF 		db	030h,0e0h,1,0ffh
1443++ 9E83             
1444++ 9E83             ;--- GM 75 = Pan Flute ---
1445++ 9E83             
1446++ 9E83             patch_75: 	
1447++ 9E83 01          		db	1	; transpose on
1448++ 9E84 8B 9E       		dw	patch_75hdr
1449++ 9E86 FF 77 00    		db	255,119, 0 * 2
1450++ 9E89 F5 B0       		dw	frq_461
1451++ 9E8B             patch_75hdr: 	
1452++ 9E8B 30 E0 03 FF 		db	030h,0e0h,3,0ffh
1453++ 9E8F             
1454++ 9E8F             ;--- GM 76 = Blown Bottle ---
1455++ 9E8F             
1456++ 9E8F             patch_76A: 	
1457++ 9E8F 01          		db	1	; transpose on
1458++ 9E90 97 9E       		dw	patch_76Ahdr
1459++ 9E92 FF 77 00    		db	255,119, 0 * 2
1460++ 9E95 F5 B0       		dw	frq_461
1461++ 9E97             patch_76Ahdr: 	
1462++ 9E97 38 E0 01 FF 		db	038h,0e0h,1,0ffh
1463++ 9E9B             
1464++ 9E9B             patch_76B: 	
1465++ 9E9B 01          		db	1	; transpose on
1466++ 9E9C A3 9E       		dw	patch_76Bhdr
1467++ 9E9E FF 25 31    		db	255,25h, 31h ;1 + (12 + 2) * 2	; tone 293
1468++ 9EA1 ED A6       		dw	frq_21
1469++ 9EA3             patch_76Bhdr: 	
1470++ 9EA3 00 FF       		db	0h,0ffh
1471++ 9EA5             
1472++ 9EA5             ;--- GM 77 = Shakuhachi ---
1473++ 9EA5             
1474++ 9EA5             patch_77A: 		
1475++ 9EA5 01          		db	1	; transpose on
1476++ 9EA6 8B 9E       		dw	patch_75hdr
1477++ 9EA8 FF AB 18    		db	255,171, 12 * 2
1478++ 9EAB 1D B9       		dw	frq_969
1479++ 9EAD             
1480++ 9EAD             patch_77B: 	
1481++ 9EAD 01          		db	1	; transpose on
1482++ 9EAE B5 9E       		dw	patch_77Bhdr
1483++ 9EB0 FF 76 18    		db	255,118, 12 * 2
1484++ 9EB3 C5 AD       		dw	frq_345
1485++ 9EB5             patch_77Bhdr: 	
1486++ 9EB5 28 E0 02 FF 		db	028h,0e0h,2,0ffh
1487++ 9EB9             
1488++ 9EB9             ;--- GM 78 = Whistle ---
1489++ 9EB9             
1490++ 9EB9             patch_78: 	
1491++ 9EB9 01          		db	1	; transpose on
1492++ 9EBA C1 9E       		dw	patch_78hdr
1493++ 9EBC FF AA 00    		db	255,170, 0 * 2
1494++ 9EBF 85 A8       		dw	frq_94
1495++ 9EC1             patch_78hdr: 	
1496++ 9EC1 2C 98 70 FF 		db	02ch,098h,070h,0ffh
1497++ 9EC5             
1498++ 9EC5             ;--- GM 79 = Ocarina ---
1499++ 9EC5             
1500++ 9EC5             patch_79: 	
1501++ 9EC5 01          		db	1	; transpose on
1502++ 9EC6 CD 9E       		dw	patch_79hdr
1503++ 9EC8 FF AA 00    		db	255,170, 0 * 2
1504++ 9ECB 85 A8       		dw	frq_94
1505++ 9ECD             patch_79hdr: 	
1506++ 9ECD 29 E0 01 FF 		db	029h,0e0h,1,0ffh
1507++ 9ED1             
1508++ 9ED1             ;--- GM 80 = Lead 1 (square) ---
1509++ 9ED1             
1510++ 9ED1             patch_80A: 	
1511++ 9ED1 01          		db	1	; transpose on
1512++ 9ED2 F2 9E       		dw	patch_80Ahdr
1513++ 9ED4 13 CC 78    		db	19,204, 60 * 2
1514++ 9ED7 7D AD       		dw	frq_341
1515++ 9ED9 1F CD 6E    		db	31,205, 55 * 2
1516++ 9EDC AD AD       		dw	frq_343
1517++ 9EDE 2B CA 6E    		db	43,202, 55 * 2
1518++ 9EE1 AD AD       		dw	frq_343
1519++ 9EE3 37 CF 6E    		db	55,207, 55 * 2
1520++ 9EE6 AD AD       		dw	frq_343
1521++ 9EE8 43 CE 6E    		db	67,206, 55 * 2
1522++ 9EEB AD AD       		dw	frq_343
1523++ 9EED FF CB 6E    		db	255,203, 55 * 2
1524++ 9EF0 AD AD       		dw	frq_343
1525++ 9EF2             patch_80Ahdr: 	
1526++ 9EF2 38 98 C6 FF 		db	038h,098h,0c6h,0ffh
1527++ 9EF6             
1528++ 9EF6             
1529++ 9EF6             patch_80B: 	
1530++ 9EF6 01          		db	1	; transpose on
1531++ 9EF7 17 9F       		dw	patch_80Bhdr
1532++ 9EF9 13 CC 78    		db	19,204, 60 * 2
1533++ 9EFC 35 AD       		dw	frq_335
1534++ 9EFE 1F CD 6E    		db	31,205, 55 * 2
1535++ 9F01 4D AD       		dw	frq_338
1536++ 9F03 2B CA 6E    		db	43,202, 55 * 2
1537++ 9F06 4D AD       		dw	frq_338
1538++ 9F08 37 CF 6E    		db	55,207, 55 * 2
1539++ 9F0B 4D AD       		dw	frq_338
1540++ 9F0D 43 CE 6E    		db	67,206, 55 * 2
1541++ 9F10 4D AD       		dw	frq_338
1542++ 9F12 FF CB 6E    		db	255,203, 55 * 2
1543++ 9F15 4D AD       		dw	frq_338
1544++ 9F17             patch_80Bhdr: 	
1545++ 9F17 08 98 C6 FF 		db	008h,098h,0c6h,0ffh
1546++ 9F1B             
1547++ 9F1B             
1548++ 9F1B             ;--- GM 81 = Lead 2 (sawtooth) ---
1549++ 9F1B             
1550++ 9F1B             patch_81A: 	
1551++ 9F1B 01          		db	1	; transpose on
1552++ 9F1C 5A 9F       		dw	patch_81Ahdr
1553++ 9F1E 10 18 61    		db	16,18h, 1 + 48 * 2	; tone 280
1554++ 9F21 85 B7       		dw	frq_927
1555++ 9F23 16 19 81    		db	22,19h, 1 + 64 * 2	; tone 281
1556++ 9F26 85 AE       		dw	frq_358
1557++ 9F28 1C 1A 75    		db	28,1ah, 1 + 58 * 2	; tone 282
1558++ 9F2B 55 B7       		dw	frq_925
1559++ 9F2D 22 1B 81    		db	34,1bh, 1 + 64 * 2	; tone 283
1560++ 9F30 85 AE       		dw	frq_358
1561++ 9F32 28 1C 75    		db	40,1ch, 1 + 58 * 2	; tone 284
1562++ 9F35 E5 B7       		dw	frq_936
1563++ 9F37 2E 1D 81    		db	46,1dh, 1 + 64 * 2	; tone 285
1564++ 9F3A E5 AE       		dw	frq_364
1565++ 9F3C 34 1E 75    		db	52,1eh, 1 + 58 * 2	; tone 286
1566++ 9F3F 75 B8       		dw	frq_949
1567++ 9F41 3A 1F 81    		db	58,1fh, 1 + 64 * 2	; tone 287
1568++ 9F44 E5 AE       		dw	frq_364
1569++ 9F46 40 20 75    		db	64,20h, 1 + 58 * 2	; tone 288
1570++ 9F49 35 B9       		dw	frq_974
1571++ 9F4B 46 21 81    		db	70,21h, 1 + 64 * 2	; tone 289
1572++ 9F4E 65 AD       		dw	frq_340
1573++ 9F50 4F 22 75    		db	79,22h, 1 + 58 * 2	; tone 290
1574++ 9F53 55 B7       		dw	frq_925
1575++ 9F55 FF 23 6F    		db	255,23h, 1 + 55 * 2	; tone 291
1576++ 9F58 55 B7       		dw	frq_925
1577++ 9F5A             patch_81Ahdr: 	
1578++ 9F5A             		db	030h,098h,0f2h,0b0h,022h,0c8h,00ah,0ffh
1578++ 9F5A 3098F2B022C80AFF
1579++ 9F62             
1580++ 9F62             patch_81B: 	
1581++ 9F62 01          		db	1	; transpose on
1582++ 9F63 5A 9F       		dw	patch_81Ahdr
1583++ 9F65 10 18 61    		db	16,18h, 1 + 48 * 2	; tone 280
1584++ 9F68 0D B7       		dw	frq_918
1585++ 9F6A 16 19 81    		db	22,19h, 1 + 64 * 2	; tone 281
1586++ 9F6D 0D AE       		dw	frq_352
1587++ 9F6F 1C 1A 75    		db	28,1ah, 1 + 58 * 2	; tone 282
1588++ 9F72 F5 B6       		dw	frq_916
1589++ 9F74 22 1B 81    		db	34,1bh, 1 + 64 * 2	; tone 283
1590++ 9F77 0D AE       		dw	frq_352
1591++ 9F79 28 1C 75    		db	40,1ch, 1 + 58 * 2	; tone 284
1592++ 9F7C 85 B7       		dw	frq_927
1593++ 9F7E 2E 1D 81    		db	46,1dh, 1 + 64 * 2	; tone 285
1594++ 9F81 85 AE       		dw	frq_358
1595++ 9F83 34 1E 75    		db	52,1eh, 1 + 58 * 2	; tone 286
1596++ 9F86 2D B8       		dw	frq_941
1597++ 9F88 3A 1F 81    		db	58,1fh, 1 + 64 * 2	; tone 287
1598++ 9F8B 85 AE       		dw	frq_358
1599++ 9F8D 40 20 75    		db	64,20h, 1 + 58 * 2	; tone 288
1600++ 9F90 05 B9       		dw	frq_966
1601++ 9F92 46 21 81    		db	70,21h, 1 + 64 * 2	; tone 289
1602++ 9F95 1D AD       		dw	frq_333
1603++ 9F97 4F 22 75    		db	79,22h, 1 + 58 * 2	; tone 290
1604++ 9F9A F5 B6       		dw	frq_916
1605++ 9F9C FF 23 6F    		db	255,23h, 1 + 55 * 2	; tone 291
1606++ 9F9F F5 B6       		dw	frq_916
1607++ 9FA1             
1608++ 9FA1             ;--- GM 82 = Lead 3 (calliope) ---
1609++ 9FA1             
1610++ 9FA1             patch_82A: 	
1611++ 9FA1 01          		db	1	; transpose on
1612++ 9FA2 A9 9F       		dw	patch_82Ahdr
1613++ 9FA4 FF AA 00    		db	255,170, 0 * 2
1614++ 9FA7 85 A8       		dw	frq_94
1615++ 9FA9             patch_82Ahdr: 	
1616++ 9FA9 28 E0 02 FF 		db	028h,0e0h,2,0ffh
1617++ 9FAD             
1618++ 9FAD             patch_82B: 	
1619++ 9FAD 01          		db	1	; transpose on
1620++ 9FAE B5 9F       		dw	patch_82Bhdr
1621++ 9FB0 FF 76 18    		db	255,118, 12 * 2
1622++ 9FB3 C5 AD       		dw	frq_345
1623++ 9FB5             patch_82Bhdr: 	
1624++ 9FB5             		db	028h,098h,0b0h,0e0h,2,0ffh
1624++ 9FB5 2898B0E002FF
1625++ 9FBB             
1626++ 9FBB             ;--- GM 83 = Lead 4 (chiff) ---
1627++ 9FBB             
1628++ 9FBB             patch_83A: 	
1629++ 9FBB 01          		db	1	; transpose on
1630++ 9FBC C3 9F       		dw	patch_83Ahdr
1631++ 9FBE FF 3A 19    		db	255,3ah, 1 + 12 * 2	; tone 314
1632++ 9FC1 ED AC       		dw	frq_314
1633++ 9FC3             patch_83Ahdr: 	
1634++ 9FC3 2A E0 01 FF 		db	02ah,0e0h,1,0ffh
1635++ 9FC7             
1636++ 9FC7             patch_83B: 	
1637++ 9FC7 01          		db	1	; transpose on
1638++ 9FC8 06 97       		dw	patch_2Bhdr
1639++ 9FCA FF FE 18    		db	255,254, 12 * 2
1640++ 9FCD D5 AC       		dw	frq_311
1641++ 9FCF             
1642++ 9FCF             
1643++ 9FCF             ;--- GM 84 = Lead 5 (charang) ---
1644++ 9FCF             
1645++ 9FCF             patch_84A: 	
1646++ 9FCF 01          		db	1	; transpose on
1647++ 9FD0 DC 9F       		dw	patch_84Ahdr
1648++ 9FD2 29 A5 48    		db	41,165, 36 * 2
1649++ 9FD5 85 AB       		dw	frq_231
1650++ 9FD7 FF A6 82    		db	255,166, 65 * 2
1651++ 9FDA 0D B1       		dw	frq_462
1652++ 9FDC             patch_84Ahdr: 	
1653++ 9FDC 33 FF       		db	033h,0ffh
1654++ 9FDE             
1655++ 9FDE             patch_84B: 	
1656++ 9FDE 01          		db	1	; transpose on
1657++ 9FDF 1D A0       		dw	patch_84Bhdr
1658++ 9FE1 10 18 61    		db	16,18h, 1 + 48 * 2	; tone 280
1659++ 9FE4 0D B7       		dw	frq_918
1660++ 9FE6 16 19 81    		db	22,19h, 1 + 64 * 2	; tone 281
1661++ 9FE9 0D AE       		dw	frq_352
1662++ 9FEB 1C 1A 75    		db	28,1ah, 1 + 58 * 2	; tone 282
1663++ 9FEE F5 B6       		dw	frq_916
1664++ 9FF0 22 1B 81    		db	34,1bh, 1 + 64 * 2	; tone 283
1665++ 9FF3 0D AE       		dw	frq_352
1666++ 9FF5 28 1C 75    		db	40,1ch, 1 + 58 * 2	; tone 284
1667++ 9FF8 85 B7       		dw	frq_927
1668++ 9FFA 2E 1D 81    		db	46,1dh, 1 + 64 * 2	; tone 285
1669++ 9FFD 85 AE       		dw	frq_358
1670++ 9FFF 34 1E 75    		db	52,1eh, 1 + 58 * 2	; tone 286
1671++ A002 2D B8       		dw	frq_941
1672++ A004 3A 1F 81    		db	58,1fh, 1 + 64 * 2	; tone 287
1673++ A007 85 AE       		dw	frq_358
1674++ A009 40 20 75    		db	64,20h, 1 + 58 * 2	; tone 288
1675++ A00C 05 B9       		dw	frq_966
1676++ A00E 46 21 81    		db	70,21h, 1 + 64 * 2	; tone 289
1677++ A011 1D AD       		dw	frq_333
1678++ A013 4F 22 75    		db	79,22h, 1 + 58 * 2	; tone 290
1679++ A016 F5 B6       		dw	frq_916
1680++ A018 FF 23 6F    		db	255,23h, 1 + 55 * 2	; tone 291
1681++ A01B F5 B6       		dw	frq_916
1682++ A01D             patch_84Bhdr: 	
1683++ A01D             		db	02ah,098h,0f2h,0b0h,022h,0c8h,00eh,0ffh
1683++ A01D 2A98F2B022C80EFF
1684++ A025             
1685++ A025             
1686++ A025             ;--- GM 85 = Lead 6 (voice) ---
1687++ A025             
1688++ A025             patch_85A: 	
1689++ A025 01          		db	1	; transpose on
1690++ A026 2D A0       		dw	patch_85Ahdr
1691++ A028 FF AA 00    		db	255,170, 0 * 2
1692++ A02B CD A8       		dw	frq_98
1693++ A02D             patch_85Ahdr: 	
1694++ A02D 2E FF       		db	02eh,0ffh
1695++ A02F             
1696++ A02F             patch_85B: 	
1697++ A02F 01          		db	1	; transpose on
1698++ A030 37 A0       		dw	patch_85Bhdr
1699++ A032 FF 2A 18    		db	255,42, 12 * 2
1700++ A035 65 AA       		dw	frq_204
1701++ A037             patch_85Bhdr: 	
1702++ A037             		db	029h,098h,0f0h,0c8h,00ah,0ffh
1702++ A037 2998F0C80AFF
1703++ A03D             
1704++ A03D             
1705++ A03D             ;--- GM 86 = Lead 7 (fifths) ---
1706++ A03D             
1707++ A03D             patch_86A: 	
1708++ A03D 01          		db	1	; transpose on
1709++ A03E 7C A0       		dw	patch_86Ahdr
1710++ A040 10 18 61    		db	16,18h, 1 + 48 * 2	; tone 280
1711++ A043 0D B7       		dw	frq_918
1712++ A045 16 19 81    		db	22,19h, 1 + 64 * 2	; tone 281
1713++ A048 0D AE       		dw	frq_352
1714++ A04A 1C 1A 75    		db	28,1ah, 1 + 58 * 2	; tone 282
1715++ A04D F5 B6       		dw	frq_916
1716++ A04F 22 1B 81    		db	34,1bh, 1 + 64 * 2	; tone 283
1717++ A052 0D AE       		dw	frq_352
1718++ A054 28 1C 75    		db	40,1ch, 1 + 58 * 2	; tone 284
1719++ A057 85 B7       		dw	frq_927
1720++ A059 2E 1D 81    		db	46,1dh, 1 + 64 * 2	; tone 285
1721++ A05C 85 AE       		dw	frq_358
1722++ A05E 34 1E 75    		db	52,1eh, 1 + 58 * 2	; tone 286
1723++ A061 2D B8       		dw	frq_941
1724++ A063 3A 1F 81    		db	58,1fh, 1 + 64 * 2	; tone 287
1725++ A066 85 AE       		dw	frq_358
1726++ A068 40 20 75    		db	64,20h, 1 + 58 * 2	; tone 288
1727++ A06B 05 B9       		dw	frq_966
1728++ A06D 46 21 81    		db	70,21h, 1 + 64 * 2	; tone 289
1729++ A070 1D AD       		dw	frq_333
1730++ A072 4F 22 75    		db	79,22h, 1 + 58 * 2	; tone 290
1731++ A075 F5 B6       		dw	frq_916
1732++ A077 FF 23 6F    		db	255,23h, 1 + 55 * 2	; tone 291
1733++ A07A F5 B6       		dw	frq_916
1734++ A07C             patch_86Ahdr: 	
1735++ A07C 32 98 F5 FF 		db	032h,098h,0f5h,0ffh
1736++ A080             
1737++ A080             patch_86B: 	
1738++ A080 01          		db	1	; transpose on
1739++ A081 88 A0       		dw	patch_86Bhdr
1740++ A083 FF 02 18    		db	255,2, 12 * 2
1741++ A086 9D B7       		dw	frq_929
1742++ A088             patch_86Bhdr: 	
1743++ A088             		db	031h,098h,0b3h,0b0h,022h,0c8h,00bh,0ffh
1743++ A088 3198B3B022C80BFF
1744++ A090             
1745++ A090             ;--- GM 87 = Lead 8 (bass + lead) ---
1746++ A090             
1747++ A090             patch_87A: 	
1748++ A090 01          		db	1	; transpose on
1749++ A091 73 99       		dw	patch_27hdr
1750++ A093 FF 17 61    		db	255,17h, 1 + 48 * 2	; tone 279
1751++ A096 25 AB       		dw	frq_219
1752++ A098             
1753++ A098             
1754++ A098             ;--- GM 88 = Pad 1 (new age) ---
1755++ A098             ; B zachter dan A
1756++ A098             patch_88A: 	
1757++ A098 01          		db	1	; transpose on
1758++ A099 A0 A0       		dw	patch_88Ahdr
1759++ A09B FF 02 18    		db	255,2, 12 * 2
1760++ A09E 85 B7       		dw	frq_927
1761++ A0A0             patch_88Ahdr: 	
1762++ A0A0 24 FF       		db	024h,0ffh
1763++ A0A2             
1764++ A0A2             patch_88B: 	
1765++ A0A2 01          		db	1	; transpose on
1766++ A0A3 AA A0       		dw	patch_88Bhdr
1767++ A0A5 FF F3 18    		db	255,243, 12 * 2
1768++ A0A8 55 B4       		dw	frq_721
1769++ A0AA             patch_88Bhdr: 	
1770++ A0AA             		db	023h,098h,0a2h,0b0h,014h,0c8h,6,0e0h,1,0ffh
1770++ A0AA 2398A2B014C806E001FF
1771++ A0B4             
1772++ A0B4             ;--- GM 89 = Pad 2 (warm) ---
1773++ A0B4             ; B zachter dan A
1774++ A0B4             patch_89A: 	
1775++ A0B4 01          		db	1	; transpose on
1776++ A0B5 BC A0       		dw	patch_89Ahdr
1777++ A0B7 FF 4E 30    		db	255,78, 24 * 2
1778++ A0BA A5 AF       		dw	frq_379
1779++ A0BC             patch_89Ahdr: 	
1780++ A0BC 2A E0 02 FF 		db	02ah,0e0h,2,0ffh
1781++ A0C0             
1782++ A0C0             patch_89B: 	
1783++ A0C0 01          		db	1	; transpose on
1784++ A0C1 3B 9D       		dw	patch_63Bhdr
1785++ A0C3 FF 29 18    		db	255,41, 12 * 2
1786++ A0C6 CD AB       		dw	frq_261
1787++ A0C8             
1788++ A0C8             
1789++ A0C8             ;--- GM 90 = Pad 3 (polysynth) ---
1790++ A0C8             
1791++ A0C8             patch_90A: 	
1792++ A0C8 01          		db	1	; transpose on
1793++ A0C9 07 A1       		dw	patch_90Ahdr
1794++ A0CB 10 18 61    		db	16,18h, 1 + 48 * 2	; tone 280
1795++ A0CE 9D B7       		dw	frq_929
1796++ A0D0 16 19 81    		db	22,19h, 1 + 64 * 2	; tone 281
1797++ A0D3 9D AE       		dw	frq_360
1798++ A0D5 1C 1A 75    		db	28,1ah, 1 + 58 * 2	; tone 282
1799++ A0D8 85 B7       		dw	frq_927
1800++ A0DA 22 1B 81    		db	34,1bh, 1 + 64 * 2	; tone 283
1801++ A0DD 9D AE       		dw	frq_360
1802++ A0DF 28 1C 75    		db	40,1ch, 1 + 58 * 2	; tone 284
1803++ A0E2 15 B8       		dw	frq_939
1804++ A0E4 2E 1D 81    		db	46,1dh, 1 + 64 * 2	; tone 285
1805++ A0E7 15 AF       		dw	frq_366
1806++ A0E9 34 1E 75    		db	52,1eh, 1 + 58 * 2	; tone 286
1807++ A0EC A5 B8       		dw	frq_951
1808++ A0EE 3A 1F 81    		db	58,1fh, 1 + 64 * 2	; tone 287
1809++ A0F1 15 AF       		dw	frq_366
1810++ A0F3 40 20 75    		db	64,20h, 1 + 58 * 2	; tone 288
1811++ A0F6 4D B9       		dw	frq_977
1812++ A0F8 46 21 81    		db	70,21h, 1 + 64 * 2	; tone 289
1813++ A0FB 7D AD       		dw	frq_341
1814++ A0FD 4F 22 75    		db	79,22h, 1 + 58 * 2	; tone 290
1815++ A100 85 B7       		dw	frq_927
1816++ A102 FF 23 6F    		db	255,23h, 1 + 55 * 2	; tone 291
1817++ A105 85 B7       		dw	frq_927
1818++ A107             patch_90Ahdr: 	
1819++ A107             		db	023h,098h,0f2h,0b0h,022h,0c8h,007h,0e0h,1,0ffh
1819++ A107 2398F2B022C807E001FF
1820++ A111             
1821++ A111             patch_90B: 	
1822++ A111 01          		db	1	; transpose on
1823++ A112 19 A1       		dw	patch_90Bhdr
1824++ A114 FF 24 19    		db	255,24h, 1 + 12 * 2	; tone 292
1825++ A117 FD B1       		dw	frq_550
1826++ A119             patch_90Bhdr: 	
1827++ A119 22 98 E5 FF 		db	022h,098h,0e5h,0ffh
1828++ A11D             
1829++ A11D             ;--- GM 91 = Pad 4 (choir) ---
1830++ A11D             
1831++ A11D             patch_91A: 	
1832++ A11D 01          		db	1	; transpose on
1833++ A11E 34 A1       		dw	patch_91Ahdr
1834++ A120 23 18 30    		db	35,24, 24 * 2
1835++ A123 65 AA       		dw	frq_204
1836++ A125 29 19 5E    		db	41,25, 47 * 2
1837++ A128 45 B5       		dw	frq_815
1838++ A12A 30 1A 6A    		db	48,26, 53 * 2
1839++ A12D 7D AA       		dw	frq_206
1840++ A12F FF 1B 60    		db	255,27, 48 * 2
1841++ A132 55 AE       		dw	frq_356
1842++ A134             patch_91Ahdr: 	
1843++ A134 25 C8 06 FF 		db	025h,0c8h,006h,0ffh
1844++ A138             
1845++ A138             patch_91B: 	
1846++ A138 01          		db	1	; transpose on
1847++ A139 40 A1       		dw	patch_91Bhdr
1848++ A13B FF 2A 18    		db	255,42, 12 * 2
1849++ A13E 95 AA       		dw	frq_208
1850++ A140             patch_91Bhdr: 	
1851++ A140             		db	024h,098h,065h,0b0h,021h,0ffh
1851++ A140 249865B021FF
1852++ A146             
1853++ A146             ;--- GM 92 = Pad 5 (bowed) ---
1854++ A146             
1855++ A146             patch_92A: 	
1856++ A146 01          		db	1	; transpose on
1857++ A147 4E A1       		dw	patch_92Ahdr
1858++ A149 FF 02 31    		db	255,2, 1 + 24 * 2	; tone 257
1859++ A14C 3D A8       		dw	frq_88
1860++ A14E             patch_92Ahdr: 	
1861++ A14E             		db	019h,098h,044h,0e0h,2,0ffh
1861++ A14E 199844E002FF
1862++ A154             
1863++ A154             patch_92B: 	
1864++ A154 01          		db	1	; transpose on
1865++ A155 5C A1       		dw	patch_92Bhdr
1866++ A157 FF AA 00    		db	255,170, 0 * 2
1867++ A15A 55 A8       		dw	frq_89
1868++ A15C             patch_92Bhdr: 	
1869++ A15C             		db	019h,098h,040h,0c8h,6,0ffh
1869++ A15C 199840C806FF
1870++ A162             
1871++ A162             ;--- GM 93 = Pad 6 (metallic) ---
1872++ A162             
1873++ A162             patch_93A: 	
1874++ A162 01          		db	1	; transpose on
1875++ A163 79 A1       		dw	patch_93Ahdr
1876++ A165 1A 0C 48    		db	26,12, 36 * 2
1877++ A168 65 B0       		dw	frq_445
1878++ A16A 21 0D 64    		db	33,13, 50 * 2
1879++ A16D 95 B0       		dw	frq_450
1880++ A16F 30 0E 5A    		db	48,14, 45 * 2
1881++ A172 BD B5       		dw	frq_828
1882++ A174 FF 0F 60    		db	255,15, 48 * 2
1883++ A177 BD B5       		dw	frq_828
1884++ A179             patch_93Ahdr: 	
1885++ A179             		db	00ah,0b0h,003h,0c8h,6,0ffh
1885++ A179 0AB003C806FF
1886++ A17F             
1887++ A17F             patch_93B: 	
1888++ A17F 01          		db	1	; transpose on
1889++ A180 87 A1       		dw	patch_93Bhdr
1890++ A182 FF 3F 18    		db	255,63, 12 * 2
1891++ A185 DD B3       		dw	frq_698
1892++ A187             patch_93Bhdr: 	
1893++ A187 31 98 85 FF 		db	031h,098h,085h,0ffh
1894++ A18B             
1895++ A18B             ;--- GM 94 = Pad 7 (halo) ---
1896++ A18B             patch_94A: 	
1897++ A18B 01          		db	1	; transpose on
1898++ A18C CF 9B       		dw	patch_52hdr
1899++ A18E FF 24 19    		db	255,24h, 1 + 12 * 2	; 292
1900++ A191 A5 B2       		dw	frq_560
1901++ A193             
1902++ A193             patch_94B: 	
1903++ A193 01          		db	1	; transpose on
1904++ A194 7E 97       		dw	patch_5Ahdr
1905++ A196 FF 2A 18    		db	255,42, 12 * 2
1906++ A199 35 AA       		dw	frq_202
1907++ A19B             
1908++ A19B             
1909++ A19B             ;--- GM 95 = Pad 8 (sweep) ---
1910++ A19B             
1911++ A19B             patch_95A: 	
1912++ A19B 01          		db	1	; transpose on
1913++ A19C DA A1       		dw	patch_95Ahdr
1914++ A19E 10 D3 60    		db	16,211, 48 * 2
1915++ A1A1 25 B7       		dw	frq_920
1916++ A1A3 16 DA 80    		db	22,218, 64 * 2
1917++ A1A6 55 AE       		dw	frq_356
1918++ A1A8 1C D4 74    		db	28,212, 58 * 2
1919++ A1AB 25 B7       		dw	frq_920
1920++ A1AD 22 DB 80    		db	34,219, 64 * 2
1921++ A1B0 DD AD       		dw	frq_348
1922++ A1B2 28 D5 74    		db	40,213, 58 * 2
1923++ A1B5 FD B7       		dw	frq_937
1924++ A1B7 2E DC 80    		db	46,220, 64 * 2
1925++ A1BA 0D AE       		dw	frq_352
1926++ A1BC 34 D6 74    		db	52,214, 58 * 2
1927++ A1BF 6D B7       		dw	frq_926
1928++ A1C1 3A DD 80    		db	58,221, 64 * 2
1929++ A1C4 FD AE       		dw	frq_365
1930++ A1C6 40 D7 74    		db	64,215, 58 * 2
1931++ A1C9 35 B9       		dw	frq_974	; 975
1932++ A1CB 46 DE 80    		db	70,222, 64 * 2
1933++ A1CE 7D AD       		dw	frq_341
1934++ A1D0 4C D8 74    		db	76,216, 58 * 2
1935++ A1D3 6D B7       		dw	frq_926
1936++ A1D5 FF D9 68    		db	255,217, 52 * 2
1937++ A1D8 6D B7       		dw	frq_926
1938++ A1DA             patch_95Ahdr: 	
1939++ A1DA             		db	019h,098h,015h,0c8h,6,0ffh
1939++ A1DA 199815C806FF
1940++ A1E0             
1941++ A1E0             patch_95B: 	
1942++ A1E0 01          		db	1	; transpose on
1943++ A1E1 1F A2       		dw	patch_95Bhdr
1944++ A1E3 10 D3 60    		db	16,211, 48 * 2
1945++ A1E6 DD B6       		dw	frq_909
1946++ A1E8 16 DA 80    		db	22,218, 64 * 2
1947++ A1EB F5 AD       		dw	frq_350
1948++ A1ED 1C D4 74    		db	28,212, 58 * 2
1949++ A1F0 DD B6       		dw	frq_909
1950++ A1F2 22 DB 80    		db	34,219, 64 * 2
1951++ A1F5 65 AD       		dw	frq_340
1952++ A1F7 28 D5 74    		db	40,213, 58 * 2
1953++ A1FA 85 B7       		dw	frq_927
1954++ A1FC 2E DC 80    		db	46,220, 64 * 2
1955++ A1FF C5 AD       		dw	frq_345
1956++ A201 34 D6 74    		db	52,214, 58 * 2
1957++ A204 F5 B6       		dw	frq_916
1958++ A206 3A DD 80    		db	58,221, 64 * 2
1959++ A209 6D AE       		dw	frq_357
1960++ A20B 40 D7 74    		db	64,215, 58 * 2
1961++ A20E ED B8       		dw	frq_964
1962++ A210 46 DE 80    		db	70,222, 64 * 2
1963++ A213 1D AD       		dw	frq_333
1964++ A215 4C D8 74    		db	76,216, 58 * 2
1965++ A218 6D B7       		dw	frq_926
1966++ A21A FF D9 68    		db	255,217, 52 * 2
1967++ A21D F5 B6       		dw	frq_916
1968++ A21F             
1969++ A21F             patch_95Bhdr: 	
1970++ A21F             		db	018h,098h,015h,0c8h,6,0ffh
1970++ A21F 189815C806FF
1971++ A225             
1972++ A225             ;--- GM 96 = Rain ---
1973++ A225             
1974++ A225             patch_96: 	
1975++ A225 00          		db	0	; transpose off
1976++ A226 4B 98       		dw	patch_15Bhdr
1977++ A228 FF 43 63    		db	255,43h, 1 + (48 + 1) * 2	; tone 323
1978++ A22B 7D B0       		dw	frq_448
1979++ A22D             
1980++ A22D             
1981++ A22D             ;--- GM 97 = Soundtrack ---
1982++ A22D             
1983++ A22D             patch_97A: 	
1984++ A22D 01          		db	1	; transpose on
1985++ A22E 35 A2       		dw	patch_97Ahdr
1986++ A230 FF 02 30    		db	255,2, 24 * 2
1987++ A233 85 B7       		dw	frq_927
1988++ A235             patch_97Ahdr: 	
1989++ A235 2A 98 60 FF 		db	02ah,098h,060h,0ffh
1990++ A239             
1991++ A239             patch_97B: 	
1992++ A239 01          		db	1	; transpose on
1993++ A23A 41 A2       		dw	patch_97Bhdr
1994++ A23C FF F3 00    		db	255,243, 0 * 2
1995++ A23F 0D B4       		dw	frq_704
1996++ A241             patch_97Bhdr: 	
1997++ A241             		db	02dh,098h,052h,0b0h,014h,0c8h,006h,0e0h,2,0ffh
1997++ A241 2D9852B014C806E002FF
1998++ A24B             
1999++ A24B             ;--- GM 98 = Crystal ---
2000++ A24B             
2001++ A24B             patch_98A: 	
2002++ A24B 01          		db	1	; transpose on
2003++ A24C 53 A2       		dw	patch_98Ahdr
2004++ A24E FF F3 00    		db	255,243, 0 * 2
2005++ A251 45 A9       		dw	frq_143
2006++ A253             patch_98Ahdr: 	
2007++ A253 33 FF       		db	033h,0ffh
2008++ A255             
2009++ A255             patch_98B: 	
2010++ A255 01          		db	1	; transpose on
2011++ A256 67 A2       		dw	patch_98Bhdr
2012++ A258 15 6D 48    		db	21,109, 36 * 2
2013++ A25B A5 B5       		dw	frq_824
2014++ A25D 1F 6E 5A    		db	31,110, 45 * 2
2015++ A260 D5 B5       		dw	frq_831
2016++ A262 FF 6F 56    		db	255,111, 43 * 2
2017++ A265 4D B6       		dw	frq_843
2018++ A267             patch_98Bhdr: 	
2019++ A267             		db	03bh,098h,085h,0c8h,6,0ffh
2019++ A267 3B9885C806FF
2020++ A26D             
2021++ A26D             ;--- GM 99 = Atmosphere ---
2022++ A26D             
2023++ A26D             patch_99A: 	
2024++ A26D 01          		db	1	; transpose on
2025++ A26E 75 A2       		dw	patch_99Ahdr
2026++ A270 FF 02 30    		db	255,2, 24 * 2
2027++ A273 85 B7       		dw	frq_927
2028++ A275             patch_99Ahdr: 	
2029++ A275             		db	032h,098h,073h,0b0h,022h,0c8h,6,0e0h,1,0ffh
2029++ A275 329873B022C806E001FF
2030++ A27F             
2031++ A27F             patch_99B: 	
2032++ A27F 01          		db	1	; transpose on
2033++ A280 9B A2       		dw	patch_99Bhdr
2034++ A282 18 B3 48    		db	24,179, 36 * 2
2035++ A285 C5 B0       		dw	frq_459
2036++ A287 1F B7 60    		db	31,183, 48 * 2
2037++ A28A 2D B2       		dw	frq_555
2038++ A28C 25 B5 6E    		db	37,181, 55 * 2
2039++ A28F ED A6       		dw	frq_21
2040++ A291 2C B4 62    		db	44,180, 49 * 2
2041++ A294 C5 B0       		dw	frq_459
2042++ A296 FF B6 58    		db	255,182, 44 * 2
2043++ A299 6D B4       		dw	frq_726
2044++ A29B             patch_99Bhdr: 	
2045++ A29B             		db	032h,0c8h,7,0e0h,2,0ffh
2045++ A29B 32C807E002FF
2046++ A2A1             
2047++ A2A1             ;--- GM 100 = Brightness ---
2048++ A2A1             
2049++ A2A1             patch_100A: 	
2050++ A2A1 01          		db	1	; transpose on
2051++ A2A2 4B 98       		dw	patch_15Bhdr
2052++ A2A4 FF 37 31    		db	255,37h, 1 + 24 * 2	; tone 311
2053++ A2A7 15 AF       		dw	frq_366
2054++ A2A9             
2055++ A2A9             patch_100B: 	
2056++ A2A9 01          		db	1	; transpose on
2057++ A2AA B1 A2       		dw	patch_100Bhdr
2058++ A2AC FF 2A 18    		db	255,42, 12 * 2
2059++ A2AF 95 AA       		dw	frq_208
2060++ A2B1             patch_100Bhdr: 	
2061++ A2B1 29 C8 06 FF 		db	029h,0c8h,6,0ffh
2062++ A2B5             
2063++ A2B5             ;--- GM 102 = Echoes ---
2064++ A2B5             
2065++ A2B5             patch_102A: 	
2066++ A2B5 01          		db	1	; transpose on
2067++ A2B6 BD A2       		dw	patch_102Ahdr
2068++ A2B8 FF 24 31    		db	255,24h, 1 + 24 * 2	; tone 292
2069++ A2BB 15 B2       		dw	frq_552
2070++ A2BD             patch_102Ahdr: 	
2071++ A2BD             		db	02bh,098h,0f5h,0b0h,021h,0c8h,6,0ffh
2071++ A2BD 2B98F5B021C806FF
2072++ A2C5             
2073++ A2C5             patch_102B: 	
2074++ A2C5 01          		db	1	; transpose on
2075++ A2C6 CD A2       		dw	patch_102Bhdr
2076++ A2C8 FF 2A 18    		db	255,42, 12 * 2
2077++ A2CB AD AA       		dw	frq_211
2078++ A2CD             patch_102Bhdr: 	
2079++ A2CD             		db	02bh,098h,085h,0b0h,023h,0c8h,7,0ffh
2079++ A2CD 2B9885B023C807FF
2080++ A2D5             
2081++ A2D5             ;--- GM 103 = FX 8 (sci-fi) ---
2082++ A2D5             
2083++ A2D5             patch_103A: 	
2084++ A2D5 01          		db	1	; transpose on
2085++ A2D6 EC A2       		dw	patch_103Ahdr
2086++ A2D8 1A 0C 48    		db	26,12, 36 * 2
2087++ A2DB 4D B0       		dw	frq_443
2088++ A2DD 21 0D 64    		db	33,13, 50 * 2
2089++ A2E0 7D B0       		dw	frq_448
2090++ A2E2 30 0E 5A    		db	48,14, 45 * 2
2091++ A2E5 A5 B5       		dw	frq_824
2092++ A2E7 FF 0F 60    		db	255,15, 48 * 2
2093++ A2EA A5 B5       		dw	frq_824
2094++ A2EC             patch_103Ahdr: 	
2095++ A2EC             		db	02bh,098h,090h,0c8h,6,0e0h,3,0ffh
2095++ A2EC 2B9890C806E003FF
2096++ A2F4             
2097++ A2F4             patch_103B: 	
2098++ A2F4 01          		db	1	; transpose on
2099++ A2F5 3B 9D       		dw	patch_63Bhdr
2100++ A2F7 FF 02 18    		db	255,2, 12 * 2
2101++ A2FA 55 B7       		dw	frq_925
2102++ A2FC             
2103++ A2FC             
2104++ A2FC             ;--- GM 104 = Sitar ---
2105++ A2FC             
2106++ A2FC             patch_104: 	
2107++ A2FC 01          		db	1	; transpose on
2108++ A2FD 04 A3       		dw	patch_104hdr
2109++ A2FF FF 0F 19    		db	255,0fh, 1 + 12 * 2	; tone 271
2110++ A302 7D B6       		dw	frq_847
2111++ A304             patch_104hdr: 	
2112++ A304             		db	032h,098h,0f4h,0b0h,015h,0c8h,016h,0e0h,1,0ffh
2112++ A304 3298F4B015C816E001FF
2113++ A30E             
2114++ A30E             ;--- GM 105 = Banjo ---
2115++ A30E             
2116++ A30E             patch_105: 	
2117++ A30E 01          		db	1	; transpose on
2118++ A30F E7 98       		dw	patch_23Ahdr
2119++ A311 1D 13 30    		db	29,19, 24 * 2
2120++ A314 35 B3       		dw	frq_641
2121++ A316 21 14 6A    		db	33,20, 53 * 2
2122++ A319 4D AA       		dw	frq_203
2123++ A31B 25 12 5A    		db	37,18, 45 * 2
2124++ A31E 5D B8       		dw	frq_944
2125++ A320 2D 15 62    		db	45,21, 49 * 2
2126++ A323 75 AC       		dw	frq_288
2127++ A325 35 17 5A    		db	53,23, 45 * 2
2128++ A328 AD B3       		dw	frq_677
2129++ A32A FF 16 6A    		db	255,22, 53 * 2
2130++ A32D 65 A7       		dw	frq_45
2131++ A32F             
2132++ A32F             ;--- GM 106 = Shamisen ---
2133++ A32F             
2134++ A32F             patch_106: 	
2135++ A32F 01          		db	1	; transpose on
2136++ A330 06 97       		dw	patch_2Bhdr
2137++ A332 FF 0E 19    		db	255,0eh, 1 + 12 * 2	; tone 270
2138++ A335 B5 A8       		dw	frq_97
2139++ A337             
2140++ A337             ;--- GM 107 = Koto ---
2141++ A337             
2142++ A337             patch_107: 	
2143++ A337 01          		db	1	; transpose on
2144++ A338 8E 96       		dw	patch_0hdr
2145++ A33A FF A9 18    		db	255,169, 12 * 2
2146++ A33D 45 B2       		dw	frq_556
2147++ A33F             
2148++ A33F             
2149++ A33F             ;--- GM 108 = Kalimba ---
2150++ A33F             
2151++ A33F             patch_108: 	
2152++ A33F 01          		db	1	; transpose on
2153++ A340 E7 98       		dw	patch_23Ahdr
2154++ A342 FF 37 19    		db	255,37h, 1 + 12 * 2	; tone 311
2155++ A345 15 AF       		dw	frq_366
2156++ A347             
2157++ A347             
2158++ A347             ;--- GM 109 = Bagpipes ---
2159++ A347             
2160++ A347             patch_109A: 	
2161++ A347 01          		db	1	; transpose on
2162++ A348 54 A3       		dw	patch_109Ahdr
2163++ A34A 22 A4 60    		db	34,164, 48 * 2
2164++ A34D 5D A6       		dw	frq_1
2165++ A34F FF A8 5C    		db	255,168, 46 * 2
2166++ A352 35 AD       		dw	frq_335
2167++ A354             patch_109Ahdr: 	
2168++ A354 1C FF       		db	01ch,0ffh
2169++ A356             
2170++ A356             
2171++ A356             patch_109B: 	
2172++ A356 01          		db	1	; transpose on
2173++ A357 63 A3       		dw	patch_109Bhdr
2174++ A359 22 A7 60    		db	34,167, 48 * 2
2175++ A35C 45 A6       		dw	frq_0
2176++ A35E FF A8 5C    		db	255,168, 46 * 2
2177++ A361 35 AD       		dw	frq_335
2178++ A363             patch_109Bhdr: 	
2179++ A363 19 FF       		db	019h,0ffh
2180++ A365             
2181++ A365             ;--- GM 110 = Fiddle ---
2182++ A365             
2183++ A365             patch_110: 	
2184++ A365 01          		db	1	; transpose on
2185++ A366 18 9E       		dw	patch_69hdr
2186++ A368 23 05 31    		db	35,05h, 1 + 24 * 2	; tone 261
2187++ A36B 75 AC       		dw	frq_288
2188++ A36D 28 02 77    		db	40,02h, 1 + 59 * 2	; tone 258
2189++ A370 95 A7       		dw	frq_69
2190++ A372 2A 06 69    		db	42,06h, 1 + 52 * 2	; tone 262
2191++ A375 05 B3       		dw	frq_630
2192++ A377 2D 07 6D    		db	45,07h, 1 + 54 * 2	; tone 263
2193++ A37A 45 B2       		dw	frq_556
2194++ A37C 30 08 73    		db	48,08h, 1 + 57 * 2	; tone 264
2195++ A37F E5 AB       		dw	frq_264
2196++ A381 33 0A 61    		db	51,0ah, 1 + 48 * 2	; tone 266
2197++ A384 25 B7       		dw	frq_920
2198++ A386 35 0B 67    		db	53,0bh, 1 + 51 * 2	; tone 267
2199++ A389 6D B4       		dw	frq_726
2200++ A38B 37 0C 6B    		db	55,0ch, 1 + 53 * 2	; tone 268
2201++ A38E BD B2       		dw	frq_579
2202++ A390 3A 0D 6F    		db	58,0dh, 1 + 55 * 2	; tone 269
2203++ A393 4D AD       		dw	frq_338
2204++ A395 FF 09 75    		db	255,09h, 1 + 58 * 2	; tone 265
2205++ A398 45 A9       		dw	frq_143
2206++ A39A             
2207++ A39A             ;--- GM 111 = Shanai ---
2208++ A39A             
2209++ A39A             patch_111: 	
2210++ A39A 01          		db	1	; transpose on
2211++ A39B A2 A3       		dw	patch_111hdr
2212++ A39D FF 41 48    		db	255,65, 36 * 2
2213++ A3A0 7D B0       		dw	frq_448
2214++ A3A2             patch_111hdr: 	
2215++ A3A2 31 C8 09 FF 		db	031h,0c8h,9,0ffh
2216++ A3A6             
2217++ A3A6             ;--- GM 112 = Tinkle Bell ---
2218++ A3A6             
2219++ A3A6             patch_112A: 	
2220++ A3A6 01          		db	1	; transpose on
2221++ A3A7 AE A3       		dw	patch_112Ahdr
2222++ A3A9 FF F3 00    		db	255,243, 0 * 2
2223++ A3AC 55 B4       		dw	frq_721
2224++ A3AE             patch_112Ahdr: 	
2225++ A3AE 3B 98 D6 FF 		db	03bh,098h,0d6h,0ffh
2226++ A3B2             
2227++ A3B2             patch_112B: 	
2228++ A3B2 01          		db	1	; transpose on
2229++ A3B3 64 98       		dw	patch_17hdr
2230++ A3B5 FF 37 49    		db	255,37h, 1 + 36 * 2	; 311
2231++ A3B8 C5 AA       		dw	frq_214
2232++ A3BA             
2233++ A3BA             ;--- GM 113 = Agogo ---
2234++ A3BA             
2235++ A3BA             patch_113: 	
2236++ A3BA 00          		db	0	; transpose off
2237++ A3BB E7 98       		dw	patch_23Ahdr
2238++ A3BD FF 0B 18    		db	255,11, 12 * 2
2239++ A3C0 0D AB       		dw	frq_217
2240++ A3C2             
2241++ A3C2             
2242++ A3C2             ;--- GM 114 = Steel Drums ---
2243++ A3C2             
2244++ A3C2             patch_114A: 	
2245++ A3C2 00          		db	0	; transpose off
2246++ A3C3 CA A3       		dw	patch_114Ahdr
2247++ A3C5 FF FE 18    		db	255,254, 12 * 2
2248++ A3C8 05 AD       		dw	frq_317
2249++ A3CA             patch_114Ahdr: 	
2250++ A3CA 38 E0 01 FF 		db	038h,0e0h,1,0ffh
2251++ A3CE             
2252++ A3CE             patch_114B: 	
2253++ A3CE 00          		db	0	; transpose off
2254++ A3CF D6 A3       		dw	patch_114Bhdr
2255++ A3D1 FF 01 49    		db	255,1, 1 + 36 * 2	; tone 257
2256++ A3D4 1D AA       		dw	frq_195
2257++ A3D6             patch_114Bhdr: 	
2258++ A3D6             		db	038h,098h,0b0h,0b0h,005h,0e0h,1,0ffh
2258++ A3D6 3898B0B005E001FF
2259++ A3DE             
2260++ A3DE             ;--- GM 115 = Woodblock ---
2261++ A3DE             
2262++ A3DE             patch_115: 	
2263++ A3DE 00          		db	0	; transpose off
2264++ A3DF E6 A3       		dw	patch_115hdr
2265++ A3E1 FF 2C 30    		db	255,44, 24 * 2
2266++ A3E4 3D AE       		dw	frq_355
2267++ A3E6             patch_115hdr: 	
2268++ A3E6 00 FF       		db	0,0ffh
2269++ A3E8             
2270++ A3E8             ;--- GM 116 = Taiko Drum ---
2271++ A3E8             
2272++ A3E8             patch_116: 	
2273++ A3E8 00          		db	0	; transpose off
2274++ A3E9 E7 98       		dw	patch_23Ahdr
2275++ A3EB FF 3E 18    		db	255,62, 12 * 2
2276++ A3EE 0D AB       		dw	frq_217
2277++ A3F0             
2278++ A3F0             ;--- GM 117 = Melodic Tom ---
2279++ A3F0             
2280++ A3F0             patch_117: 	
2281++ A3F0 00          		db	0	; transpose off
2282++ A3F1 F8 A3       		dw	patch_117hdr
2283++ A3F3 FF C7 48    		db	255,199, 36 * 2
2284++ A3F6 D5 B2       		dw	frq_616
2285++ A3F8             patch_117hdr: 	
2286++ A3F8 38 C8 01 FF 		db	038h,0c8h,1,0ffh
2287++ A3FC             
2288++ A3FC             ;--- GM 118 = Synth Drum ---
2289++ A3FC             
2290++ A3FC             patch_118: 	
2291++ A3FC 00          		db	0	; transpose off
2292++ A3FD E7 98       		dw	patch_23Ahdr
2293++ A3FF FF 26 30    		db	255,38, 24 * 2
2294++ A402 4D A7       		dw	frq_27
2295++ A404             
2296++ A404             ;--- GM 119 = Reverse Cymbal ---
2297++ A404             
2298++ A404             patch_119: 	
2299++ A404 00          		db	0	; transpose off
2300++ A405 0C A4       		dw	patch_119hdr
2301++ A407 FF 31 48    		db	255,49, 36 * 2
2302++ A40A 45 A9       		dw	frq_143
2303++ A40C             patch_119hdr: 	
2304++ A40C 38 C8 09 FF 		db	038h,0c8h,9,0ffh
2305++ A410             
2306++ A410             ;--- GM 120 = Gtr Fret Noise ---
2307++ A410             
2308++ A410             patch_120: 	
2309++ A410 00          		db	0	; transpose off
2310++ A411 E7 98       		dw	patch_23Ahdr
2311++ A413 FF 38 31    		db	255,38h, 1 + 24 * 2	; tone 312
2312++ A416 25 AE       		dw	frq_354
2313++ A418             
2314++ A418             ;--- GM 121 = Breath Noise ---
2315++ A418             
2316++ A418             patch_121: 	
2317++ A418 00          		db	0	; transpose off
2318++ A419 E7 98       		dw	patch_23Ahdr
2319++ A41B FF 25 31    		db	255,25h, 1 + 24 * 2	; tone 293
2320++ A41E 9D B4       		dw	frq_733
2321++ A420             
2322++ A420             ;--- GM 122 = Sea Shore ---
2323++ A420             
2324++ A420             patch_122A: 	
2325++ A420 00          		db	0	; transpose off
2326++ A421 28 A4       		dw	patch_122Ahdr
2327++ A423 FF 08 48    		db	255,8, 36 * 2
2328++ A426 E5 AB       		dw	frq_264
2329++ A428             patch_122Ahdr: 	
2330++ A428 00 C8 04 FF 		db	0,0c8h,4,0ffh
2331++ A42C             
2332++ A42C             patch_122B: 	
2333++ A42C 00          		db	0	; transpose off
2334++ A42D 34 A4       		dw	patch_122Bhdr
2335++ A42F FF 37 60    		db	255,55, 48 * 2
2336++ A432 4D AA       		dw	frq_203
2337++ A434             patch_122Bhdr: 	
2338++ A434             		db	0,098h,020h,0b0h,4,0c8h,5,0e0h,0,0ffh
2338++ A434 009820B004C805E000FF
2339++ A43E             
2340++ A43E             
2341++ A43E             ;--- GM 124 = Telephone / Bird ---
2342++ A43E             
2343++ A43E             patch_124: 	
2344++ A43E 00          		db	0	; transpose off
2345++ A43F E6 A3       		dw	patch_115hdr
2346++ A441 30 03 48    		db	48, 3, 36 * 2
2347++ A444 4D A7       		dw	frq_27
2348++ A446 FF 09 48    		db	255, 9, 36 * 2
2349++ A449 4D AA       		dw	frq_203
2350++ A44B             
2351++ A44B             
2352++ A44B             ;--- GM 125 = Helicopter ---
2353++ A44B             
2354++ A44B             patch_125A: 	
2355++ A44B 00          		db	0	; transpose off
2356++ A44C 53 A4       		dw	patch_125Ahdr
2357++ A44E FF 01 30    		db	255, 1, 24 * 2
2358++ A451 A5 B2       		dw	frq_560
2359++ A453             patch_125Ahdr: 	
2360++ A453 08 C8 07 FF 		db	8,0c8h,7,0ffh
2361++ A457             
2362++ A457 00          patch_125B: 	db	0	; transpose off
2363++ A458 5F A4       		dw	patch_125Bhdr
2364++ A45A FF 37 48    		db	255, 55, 36 * 2
2365++ A45D 0D B1       		dw	frq_462
2366++ A45F             patch_125Bhdr: 	
2367++ A45F             		db	0,0c8h,7,0e0h,0,0ffh
2367++ A45F 00C807E000FF
2368++ A465             
2369++ A465             
2370++ A465             ;--- GM 126 = Applause ---
2371++ A465             
2372++ A465             patch_126A: 	
2373++ A465 00          		db	0	; transpose off
2374++ A466 6D A4       		dw	patch_126Ahdr
2375++ A468 FF 36 30    		db	255, 54, 24 * 2
2376++ A46B F5 AA       		dw	frq_216
2377++ A46D             patch_126Ahdr: 	
2378++ A46D 0F 98 70 FF 		db	0fh,098h,070h,0ffh
2379++ A471             
2380++ A471             patch_126B: 	
2381++ A471 00          		db	0	; transpose off
2382++ A472 79 A4       		dw	patch_126Bhdr
2383++ A474 FF 36 30    		db	255, 54, 24 * 2
2384++ A477 0D B1       		dw	frq_462
2385++ A479             patch_126Bhdr: 	
2386++ A479 07 98 70 FF 		db	07h,098h,070h,0ffh
2387++ A47D             
2388++ A47D             ;--- GM 127 = Gunshot / Snare ---
2389++ A47D             
2390++ A47D             patch_127: 	
2391++ A47D 00          		db	0	; transpose off
2392++ A47E 8A A4       		dw	patch_127hdr
2393++ A480 30 39 31    		db	48,39h, 1 + 24 * 2	; tone 313
2394++ A483 4D AA       		dw	frq_203
2395++ A485             ;        	db      255, 59, 1 + 24 * 2
2396++ A485 FF 78 30    		db	255, 120, 0 + 24 * 2
2397++ A488 4D AA       		dw	frq_203
2398++ A48A             patch_127hdr: 	
2399++ A48A 38 C8 03 FF 		db	038h,0c8h,3,0ffh
2400++ A48E             
2401++ A48E             ;--- Drum patch 1 ---
2402++ A48E             
2403++ A48E             drum_1: 	
2404++ A48E 00          		db	0	; transpose off
2405++ A48F 9B A4       		dw	drum_1hdr
2406++ A491 30 11 30    		db	48,17, 24 * 2	; tone 17
2407++ A494 E5 AB       		dw	frq_264
2408++ A496 FF BF 48    		db	255,191, 36 * 2	; tone 191
2409++ A499 E5 AB       		dw	frq_264
2410++ A49B             drum_1hdr: 	
2411++ A49B             		db	0,098h,0f4h,0b0h,0feh,0c8h,6,0ffh
2411++ A49B 0098F4B0FEC806FF
2412++ A4A3             
2413++ A4A3             ;--- Drum patch 2 ---
2414++ A4A3             
2415++ A4A3             drum_2: 	
2416++ A4A3 00          		db	0	; transpose off
2417++ A4A4 B0 A4       		dw	drum_2hdr
2418++ A4A6 30 D1 30    		db	48,209, 24 * 2	; tone 209
2419++ A4A9 C5 B6       		dw	frq_908
2420++ A4AB FF C5 30    		db	255,197, 24 * 2	; tone 197
2421++ A4AE C5 B6       		dw	frq_908
2422++ A4B0             drum_2hdr: 	
2423++ A4B0             		db	0,098h,0f5h,0b0h,0f2h,0c8h,6,0ffh
2423++ A4B0 0098F5B0F2C806FF
2424++ A4B8             
2425++ A4B8             
2426++ A4B8             ;--- Drum patch 3 ---
2427++ A4B8             
2428++ A4B8             drum_3: 		
2429++ A4B8 00          		db	0	; transpose off
2430++ A4B9 C0 A4       		dw	drum_3hdr
2431++ A4BB FF 0A 30    		db	255,10, 24 * 2	; tone 10
2432++ A4BE 95 B3       		dw	frq_654
2433++ A4C0             drum_3hdr: 	
2434++ A4C0             		db	0,098h,0f4h,0b0h,0f2h,0c8h,6,0ffh
2434++ A4C0 0098F4B0F2C806FF
2435++ A4C8             
2436++ A4C8             ;--- Drum patch 4 ---
2437++ A4C8             
2438++ A4C8             drum_4: 		
2439++ A4C8 00          		db	0	; transpose off
2440++ A4C9 C0 A4       		dw	drum_3hdr
2441++ A4CB FF 1C 30    		db	255,28, 24 * 2	; tone 28
2442++ A4CE BD A9       		dw	frq_187
2443++ A4D0             
2444++ A4D0             ;--- Drum patch 5 ---
2445++ A4D0             
2446++ A4D0             drum_5: 	
2447++ A4D0 00          		db	0	; transpose off
2448++ A4D1 C0 A4       		dw	drum_3hdr
2449++ A4D3 FF 1F 30    		db	255,31, 24 * 2	; tone 31
2450++ A4D6 C5 B6       		dw	frq_908
2451++ A4D8             
2452++ A4D8             ;--- Drum patch 6 ---
2453++ A4D8             
2454++ A4D8             drum_6: 		
2455++ A4D8 00          		db	0	; transpose off
2456++ A4D9 C0 A4       		dw	drum_3hdr
2457++ A4DB FF 9C 30    		db	255,156, 24 * 2	; tone 156
2458++ A4DE 4D A7       		dw	frq_27
2459++ A4E0             
2460++ A4E0             ;--- Drum patch 7 ---
2461++ A4E0             
2462++ A4E0             drum_7: 	
2463++ A4E0 00          		db	0	; transpose off
2464++ A4E1 C0 A4       		dw	drum_3hdr
2465++ A4E3 FF 31 30    		db	255,49, 24 * 2	; tone 49
2466++ A4E6 1D A7       		dw	frq_24
2467++ A4E8             
2468++ A4E8             ;--- Drum patch 8 ---
2469++ A4E8             
2470++ A4E8             drum_8: 	
2471++ A4E8 00          		db	0	; transpose off
2472++ A4E9 F0 A4       		dw	drum_8hdr
2473++ A4EB FF 9D 30    		db	255,157, 24 * 2	; tone 157
2474++ A4EE B5 B4       		dw	frq_737
2475++ A4F0             drum_8hdr: 	
2476++ A4F0             		db	0,0b0h,027h,0c8h,6,0ffh
2476++ A4F0 00B027C806FF
2477++ A4F6             
2478++ A4F6             gmdrm_hdr1: 	
2479++ A4F6             		db	0,098h,0f4h,0b0h,0f2h,0c8h,6,0ffh
2479++ A4F6 0098F4B0F2C806FF
2480++ A4FE             gmdrm_hdr2: 	
2481++ A4FE             		db	0,098h,0f5h,0b0h,0f2h,0c8h,6,0ffh
2481++ A4FE 0098F5B0F2C806FF
2482++ A506             gmdrm_hdr3: 	
2483++ A506             		db	0,098h,0f2h,0b0h,0f2h,0c8h,6,0ffh
2483++ A506 0098F2B0F2C806FF
2484++ A50E             gmdrm_hdr4: 	
2485++ A50E             		db	0,098h,0f1h,0b0h,0f2h,0c8h,6,0ffh
2485++ A50E 0098F1B0F2C806FF
2486++ A516             gmdrm_hdr5: 	
2487++ A516             		db	0,098h,0f4h,0b0h,027h,0c8h,6,0ffh
2487++ A516 0098F4B027C806FF
2488++ A51E             gmdrm_hdr6: 	
2489++ A51E             		db	0,098h,0f4h,0b0h,0f2h,0c8h,7,0ffh
2489++ A51E 0098F4B0F2C807FF
2490++ A526             gmdrm_hdr7: 	
2491++ A526             		db	0,098h,0f6h,0b0h,0ffh,0c8h,6,0ffh
2491++ A526 0098F6B0FFC806FF
2492++ A52E             gmdrm_hdr8: 	
2493++ A52E             		db	0,098h,0f4h,0b0h,0f2h,0c8h,6,0ffh
2493++ A52E 0098F4B0F2C806FF
2494++ A536             gmdrm_hdr9: 	
2495++ A536             		db	0,098h,0f4h,0b0h,0f2h,0c8h,4,0ffh
2495++ A536 0098F4B0F2C804FF
2496++ A53E             
2497++ A53E             ;--- Midi Drum patch ---
2498++ A53E             
2499++ A53E             drum_midi: 	
2500++ A53E 00          		db	0	; transpose off
2501++ A53F F6 A4       		dw	gmdrm_hdr1
2502++ A541 24 10 1A    		db	36,16, (48 - 35) * 2	; tone 16
2503++ A544 D5 AC       		dw	frq_311
2504++ A546             
2505++ A546             MBPlayer_gmdrm_c4: 
2506++ A546             gmdrm_c4: 	
2507++ A546 11          		db	17
2508++ A547 18 F2       		db	018h,0f2h
2509++ A549 F6 A4       		dw	gmdrm_hdr1
2510++ A54B             gmdrm_cp4: 	
2511++ A54B D2          		db	210
2512++ A54C F6 00       		db	0f6h,0
2513++ A54E F6 A4       		dw	gmdrm_hdr1
2514++ A550             gmdrm_d4: 	
2515++ A550 D1          		db	209
2516++ A551 F4 F6       		db	0f4h,0f6h
2517++ A553 FE A4       		dw	gmdrm_hdr2
2518++ A555             gmdrm_dp4: 	
2519++ A555 0A          		db	10
2520++ A556 2A F5       		db	02ah,0f5h
2521++ A558 F6 A4       		dw	gmdrm_hdr1
2522++ A55A             gmdrm_e4: 	
2523++ A55A D1          		db	209
2524++ A55B 38 03       		db	038h,003h
2525++ A55D 06 A5       		dw	gmdrm_hdr3
2526++ A55F             gmdrm_f4: 	
2527++ A55F C8          		db	200
2528++ A560 60 00       		db	060h,0
2529++ A562 F6 A4       		dw	gmdrm_hdr1
2530++ A564             gmdrm_fp4: 	
2531++ A564 79          		db	121
2532++ A565 5C 01       		db	05ch,1
2533++ A567 F6 A4       		dw	gmdrm_hdr1
2534++ A569             gmdrm_g4: 	
2535++ A569 C8          		db	200
2536++ A56A A8 02       		db	0a8h,2
2537++ A56C F6 A4       		dw	gmdrm_hdr1
2538++ A56E             gmdrm_gp4: 	
2539++ A56E 7B          		db	123
2540++ A56F 34 05       		db	034h,5
2541++ A571 F6 A4       		dw	gmdrm_hdr1
2542++ A573             gmdrm_a4: 	
2543++ A573 C8          		db	200
2544++ A574 46 04       		db	046h,4
2545++ A576 F6 A4       		dw	gmdrm_hdr1
2546++ A578             gmdrm_ap4: 	
2547++ A578 7A          		db	122
2548++ A579 34 05       		db	034h,5
2549++ A57B 0E A5       		dw	gmdrm_hdr4
2550++ A57D C7          gmdrm_b4: 	db	199
2551++ A57E 0A 03       		db	00ah,3
2552++ A580 F6 A4       		dw	gmdrm_hdr1
2553++ A582             
2554++ A582             gmdrm_c5: 	
2555++ A582 C7          		db	199
2556++ A583 F4 04       		db	0f4h,4
2557++ A585 F6 A4       		dw	gmdrm_hdr1
2558++ A587             gmdrm_cp5: 	
2559++ A587 31          		db	49
2560++ A588 32 00       		db	032h,0
2561++ A58A F6 A4       		dw	gmdrm_hdr1
2562++ A58C             gmdrm_d5: 	
2563++ A58C C7          		db	199
2564++ A58D 90 10       		db	090h,010h
2565++ A58F F6 A4       		dw	gmdrm_hdr1
2566++ A591             gmdrm_dp5: 	
2567++ A591 2E          		db	46
2568++ A592 CE 01       		db	0ceh,1
2569++ A594 F6 A4       		dw	gmdrm_hdr1
2570++ A596             gmdrm_e5: 	
2571++ A596 7A          		db	122
2572++ A597 56 E1       		db	056h,0e1h
2573++ A599 F6 A4       		dw	gmdrm_hdr1
2574++ A59B             gmdrm_f5: 	
2575++ A59B 21          		db	33
2576++ A59C 3C 01       		db	03ch,1
2577++ A59E F6 A4       		dw	gmdrm_hdr1
2578++ A5A0             gmdrm_fp5: 	
2579++ A5A0 25          		db	37
2580++ A5A1 BA 00       		db	0bah,0
2581++ A5A3 06 A5       		dw	gmdrm_hdr3
2582++ A5A5             gmdrm_g5: 	
2583++ A5A5 31          		db	49
2584++ A5A6 CA 05       		db	0cah,5
2585++ A5A8 FE A4       		dw	gmdrm_hdr2
2586++ A5AA 1D          gmdrm_gp5: 	db	29
2587++ A5AB FE F6       		db	0feh,0f6h
2588++ A5AD F6 A4       		dw	gmdrm_hdr1
2589++ A5AF             gmdrm_a5: 	
2590++ A5AF 31          		db	49
2591++ A5B0 70 03       		db	070h,3
2592++ A5B2 F6 A4       		dw	gmdrm_hdr1
2593++ A5B4 9D          gmdrm_ap5: 	db	157
2594++ A5B5 CA F5       		db	0cah,0f5h
2595++ A5B7 16 A5       		dw	gmdrm_hdr5
2596++ A5B9             gmdrm_b5: 	
2597++ A5B9 2E          		db	46
2598++ A5BA 74 05       		db	074h,5
2599++ A5BC 1E A5       		dw	gmdrm_hdr6
2600++ A5BE             
2601++ A5BE             gmdrm_c6: 	
2602++ A5BE 1C          		db	28
2603++ A5BF 76 01       		db	076h,1
2604++ A5C1 F6 A4       		dw	gmdrm_hdr1
2605++ A5C3             gmdrm_cp6: 	
2606++ A5C3 1C          		db	28
2607++ A5C4 32 00       		db	032h,0
2608++ A5C6 F6 A4       		dw	gmdrm_hdr1
2609++ A5C8             gmdrm_d6: 	
2610++ A5C8 1E          		db	30
2611++ A5C9 DA F4       		db	0dah,0f4h
2612++ A5CB F6 A4       		dw	gmdrm_hdr1
2613++ A5CD             gmdrm_dp6: 	
2614++ A5CD 1F          		db	31
2615++ A5CE FE F6       		db	0feh,0f6h
2616++ A5D0 F6 A4       		dw	gmdrm_hdr1
2617++ A5D2             gmdrm_e6: 	
2618++ A5D2 1F          		db	31
2619++ A5D3 FC F2       		db	0fch,0f2h
2620++ A5D5 F6 A4       		dw	gmdrm_hdr1
2621++ A5D7             gmdrm_f6: 	
2622++ A5D7 9C          		db	156
2623++ A5D8 3E 00       		db	03eh,0
2624++ A5DA F6 A4       		dw	gmdrm_hdr1
2625++ A5DC             gmdrm_fp6: 	
2626++ A5DC 9C          		db	156
2627++ A5DD D0 F4       		db	0d0h,0f4h
2628++ A5DF F6 A4       		dw	gmdrm_hdr1
2629++ A5E1             gmdrm_g6: 	
2630++ A5E1 0B          		db	11
2631++ A5E2 16 00       		db	016h,0
2632++ A5E4 F6 A4       		dw	gmdrm_hdr1
2633++ A5E6             gmdrm_gp6: 	
2634++ A5E6 0B          		db	11
2635++ A5E7 3C F4       		db	03ch,0f4h
2636++ A5E9 F6 A4       		dw	gmdrm_hdr1
2637++ A5EB             gmdrm_a6: 	
2638++ A5EB 2F          		db	47
2639++ A5EC 50 03       		db	050h,3
2640++ A5EE F6 A4       		dw	gmdrm_hdr1
2641++ A5F0             gmdrm_ap6: 	
2642++ A5F0 30          		db	48
2643++ A5F1 4A 00       		db	04ah,0
2644++ A5F3 F6 A4       		dw	gmdrm_hdr1
2645++ A5F5             gmdrm_b6: 	
2646++ A5F5 2D          		db	45
2647++ A5F6 38 F3       		db	038h,0f3h
2648++ A5F8 F6 A4       		dw	gmdrm_hdr1
2649++ A5FA             
2650++ A5FA             gmdrm_c7: 	
2651++ A5FA 44          		db	044h
2652++ A5FB 53 F2       		db	053h,0f2h
2653++ A5FD 26 A5       		dw	gmdrm_hdr7
2654++ A5FF             gmdrm_cp7: 	
2655++ A5FF 24          		db	36
2656++ A600 74 05       		db	074h,5
2657++ A602 2E A5       		dw	gmdrm_hdr8
2658++ A604             gmdrm_d7: 	
2659++ A604 24          		db	36
2660++ A605 48 F6       		db	048h,0f6h
2661++ A607 F6 A4       		dw	gmdrm_hdr1
2662++ A609             gmdrm_dp7: 	
2663++ A609 20          		db	32
2664++ A60A 50 F5       		db	050h,0f5h
2665++ A60C F6 A4       		dw	gmdrm_hdr1
2666++ A60E             gmdrm_e7: 	
2667++ A60E 2C          		db	44
2668++ A60F 28 F2       		db	028h,0f2h
2669++ A611 F6 A4       		dw	gmdrm_hdr1
2670++ A613             gmdrm_f7: 	
2671++ A613 2C          		db	44
2672++ A614 5C E7       		db	05ch,0e7h
2673++ A616 F6 A4       		dw	gmdrm_hdr1
2674++ A618             gmdrm_fp7: 	
2675++ A618 22          		db	34
2676++ A619 22 10       		db	022h,010h
2677++ A61B F6 A4       		dw	gmdrm_hdr1
2678++ A61D             gmdrm_g7: 	
2679++ A61D 23          		db	35
2680++ A61E C0 F6       		db	0c0h,0f6h
2681++ A620 F6 A4       		dw	gmdrm_hdr1
2682++ A622             gmdrm_gp7: 	
2683++ A622 32          		db	50
2684++ A623 50 00       		db	050h,0
2685++ A625 F6 A4       		dw	gmdrm_hdr1
2686++ A627             gmdrm_a7: 	
2687++ A627 32          		db	50
2688++ A628 54 00       		db	054h,0
2689++ A62A 36 A5       		dw	gmdrm_hdr9
2690++ A62C             gmdrm_ap7: 	
2691++ A62C BF          		db	191
2692++ A62D 18 F2       		db	018h,0f2h
2693++ A62F F6 A4       		dw	gmdrm_hdr1
2694++ A631             gmdrm_b7: 	
2695++ A631 C5          		db	197
2696++ A632 18 F7       		db	018h,0f7h
2697++ A634 F6 A4       		dw	gmdrm_hdr1
2698++ A636             gmdrm_c8: 	
2699++ A636 C5          		db	197
2700++ A637 38 03       		db	038h,003h
2701++ A639 F6 A4       		dw	gmdrm_hdr1
2702++ A63B             gmdrm_cp8: 	
2703++ A63B D0          		db	208
2704++ A63C 18 F2       		db	018h,0f2h
2705++ A63E F6 A4       		dw	gmdrm_hdr1
2706++ A640             gmdrm_d8: 	
2707++ A640 78          		db	120
2708++ A641 18 F2       		db	018h,0f2h
2709++ A643 F6 A4       		dw	gmdrm_hdr1
2710++ A645             
1592+  A645             		.include "freq_table_4.inc"
0001++ A645             ;-------------------------------------------------------------------
0002++ A645             ; îïèñàíèå:  Òàáëèöà ÷àñòîò
0003++ A645             ;---------------------------------------------------------------------
0004++ A645             frq_0: 		
0005++ A645             		dw	0,61,125,194,266,343,424,510,601,698,801,909
0005++ A645 00003D007D00C2000A015701A801FE015902BA0221038D03
0006++ A65D             frq_1: 		
0007++ A65D             		dw	1,62,127,195,268,345,426,512,604,700,803,912
0007++ A65D 01003E007F00C3000C015901AA0100025C02BC0223039003
0008++ A675             frq_8: 		
0009++ A675             		dw	8,69,134,203,276,353,435,522,614,711,814,924
0009++ A675 080045008600CB0014016101B3010A026602C7022E039C03
0010++ A68D             frq_9: 		
0011++ A68D             		dw	9,70,135,204,277,355,437,524,616,713,816,926
0011++ A68D 090046008700CC0015016301B5010C026802C90230039E03
0012++ A6A5             frq_10: 		
0013++ A6A5             		dw	10,71,136,205,278,356,438,525,617,714,818,927
0013++ A6A5 0A0047008800CD0016016401B6010D026902CA0232039F03
0014++ A6BD             frq_15: 		
0015++ A6BD             		dw	15,77,143,212,286,364,446,533,626,724,828,938
0015++ A6BD 0F004D008F00D4001E016C01BE0115027202D4023C03AA03
0016++ A6D5             frq_20: 		
0017++ A6D5             		dw	20,82,148,217,291,369,452,540,633,731,836,946
0017++ A6D5 140052009400D90023017101C4011C027902DB024403B203
0018++ A6ED             frq_21: 		
0019++ A6ED             		dw	21,83,148,218,292,370,453,542,635,733,838,949
0019++ A6ED 150053009400DA0024017201C5011E027B02DD024603B503
0020++ A705             frq_22: 		
0021++ A705             		dw	22,84,150,219,293,372,455,542,636,734,839,950
0021++ A705 160054009600DB0025017401C7011E027C02DE024703B603
0022++ A71D             frq_24: 		
0023++ A71D             		dw	24,86,152,222,296,375,457,545,639,737,842,953
0023++ A71D 180056009800DE0028017701C90121027F02E1024A03B903
0024++ A735             frq_26: 		
0025++ A735             		dw	26,88,154,224,299,377,461,549,642,741,846,958
0025++ A735 1A0058009A00E0002B017901CD0125028202E5024E03BE03
0026++ A74D             frq_27: 		
0027++ A74D             		dw	27,89,155,225,300,378,462,550,644,743,848,959
0027++ A74D 1B0059009B00E1002C017A01CE0126028402E7025003BF03
0028++ A765             frq_45: 		
0029++ A765             		dw	45,109,176,248,324,403,488,578,673,774,881,995
0029++ A765 2D006D00B000F80044019301E8014202A10206037103E303
0030++ A77D             frq_46: 		
0031++ A77D             		dw	46,110,177,248,324,404,489,579,674,775,882,996
0031++ A77D 2E006E00B100F80044019401E9014302A20207037203E403
0032++ A795             frq_69: 		
0033++ A795             		dw	69,134,203,276,353,435,522,614,711,815,924,8+2048
0033++ A795 45008600CB0014016101B3010A026602C7022F039C030808
0034++ A7AD             frq_70: 		
0035++ A7AD             		dw	70,135,204,277,354,436,523,615,712,815,925,8+2048
0035++ A7AD 46008700CC0015016201B4010B026702C8022F039D030808
0036++ A7C5             frq_73: 		
0037++ A7C5             		dw	73,139,208,281,359,441,528,620,718,822,932,12+2048
0037++ A7C5 49008B00D00019016701B90110026C02CE023603A4030C08
0038++ A7DD             frq_75: 		
0039++ A7DD             		dw	75,141,210,283,361,444,531,623,721,825,935,14+2048
0039++ A7DD 4B008D00D2001B016901BC0113026F02D1023903A7030E08
0040++ A7F5             frq_79: 		
0041++ A7F5             		dw	79,145,214,288,366,449,536,629,727,831,942,17+2048
0041++ A7F5 4F009100D60020016E01C10118027502D7023F03AE031108
0042++ A80D             frq_82: 		
0043++ A80D             		dw	82,147,217,291,369,452,540,633,731,835,946,20+2048
0043++ A80D 52009300D90023017101C4011C027902DB024303B2031408
0044++ A825             frq_84: 		
0045++ A825             		dw	84,150,219,293,372,455,543,636,734,839,950,22+2048
0045++ A825 54009600DB0025017401C7011F027C02DE024703B6031608
0046++ A83D             frq_88: 		
0047++ A83D             		dw	88,154,224,298,377,460,548,642,741,846,957,25+2048
0047++ A83D 58009A00E0002A017901CC0124028202E5024E03BD031908
0048++ A855             frq_89: 		
0049++ A855             		dw	89,155,225,299,378,461,550,643,742,847,959,26+2048
0049++ A855 59009B00E1002B017A01CD0126028302E6024F03BF031A08
0050++ A86D             frq_91: 		
0051++ A86D             		dw	91,157,228,302,381,465,553,647,746,851,963,29+2048
0051++ A86D 5B009D00E4002E017D01D10129028702EA025303C3031D08
0052++ A885             frq_94: 		
0053++ A885             		dw	94,161,231,306,385,469,557,651,751,857,968,31+2048
0053++ A885 5E00A100E70032018101D5012D028B02EF025903C8031F08
0054++ A89D             frq_96: 		
0055++ A89D             		dw	96,162,233,308,387,471,560,654,753,859,971,33+2048
0055++ A89D 6000A200E90034018301D70130028E02F1025B03CB032108
0056++ A8B5             frq_97: 		
0057++ A8B5             		dw	97,164,235,309,389,473,562,656,756,862,974,34+2048
0057++ A8B5 6100A400EB0035018501D90132029002F4025E03CE032208
0058++ A8CD             frq_98: 		
0059++ A8CD             		dw	98,165,236,311,390,474,563,657,757,863,976,35+2048
0059++ A8CD 6200A500EC0037018601DA0133029102F5025F03D0032308
0060++ A8E5             frq_113: 	
0061++ A8E5             		dw	113,180,252,328,408,493,583,679,780,887,1001,49+2048
0061++ A8E5 7100B400FC0048019801ED014702A7020C037703E9033108
0062++ A8FD             frq_118: 	
0063++ A8FD             		dw	118,186,257,334,415,501,591,687,789,897,1011,54+2048
0063++ A8FD 7600BA0001014E019F01F5014F02AF0215038103F3033608
0064++ A915             frq_135: 	
0065++ A915             		dw	135,204,277,355,437,524,616,713,816,926,9+2048,70+2048
0065++ A915 8700CC0015016301B5010C026802C90230039E0309084608
0066++ A92D             frq_141: 	
0067++ A92D             		dw	141,210,283,361,443,530,623,721,825,935,13+2048,75+2048
0067++ A92D 8D00D2001B016901BB0112026F02D1023903A7030D084B08
0068++ A945             frq_143: 	
0069++ A945             		dw	143,212,286,363,446,533,626,724,828,938,15+2048,77+2048
0069++ A945 8F00D4001E016B01BE0115027202D4023C03AA030F084D08
0070++ A95D             frq_155: 	
0071++ A95D             		dw	155,225,299,376,461,549,643,742,847,959,26+2048,89+2048
0071++ A95D 9B00E1002B017801CD0125028302E6024F03BF031A085908
0072++ A975             frq_156: 	
0073++ A975             		dw	156,226,300,379,462,551,644,744,849,960,27+2048,89+2048
0073++ A975 9C00E2002C017B01CE0127028402E8025103C0031B085908
0074++ A98D             frq_167: 	
0075++ A98D             		dw	167,237,312,392,476,565,660,760,866,978,37+2048,100+2048
0075++ A98D A700ED0038018801DC0135029402F8026203D20325086408
0076++ A9A5             frq_184: 	
0077++ A9A5             		dw	184,256,332,413,499,589,685,787,894,1008,53+2048,117+2048
0077++ A9A5 B80000014C019D01F3014D02AD0213037E03F00335087508
0078++ A9BD             frq_187: 	
0079++ A9BD             		dw	187,259,336,417,502,593,689,791,899,1013,55+2048,119+2048
0079++ A9BD BB0003015001A101F6015102B10217038303F50337087708
0080++ A9D5             frq_188: 	
0081++ A9D5             		dw	188,260,336,417,503,593,690,792,899,1014,56+2048,120+2048
0081++ A9D5 BC0004015001A101F7015102B20218038303F60338087808
0082++ A9ED             frq_191: 	
0083++ A9ED             		dw	191,263,340,421,507,598,694,796,905,1019,58+2048,123+2048
0083++ A9ED BF0007015401A501FB015602B6021C038903FB033A087B08
0084++ AA05             frq_192: 	
0085++ AA05             		dw	192,264,341,422,508,599,696,798,906,1021,59+2048,124+2048
0085++ AA05 C00008015501A601FC015702B8021E038A03FD033B087C08
0086++ AA1D             frq_195: 	
0087++ AA1D             		dw	195,267,344,425,512,603,700,802,911,1+2048,62+2048,126+2048
0087++ AA1D C3000B015801A90100025B02BC0222038F0301083E087E08
0088++ AA35             frq_202: 	
0089++ AA35             		dw	202,275,352,434,521,613,710,813,922,7+2048,68+2048,133+2048
0089++ AA35 CA0013016001B20109026502C6022D039A03070844088508
0090++ AA4D             frq_203: 	
0091++ AA4D             		dw	203,276,353,435,522,614,711,815,924,8+2048,69+2048,134+2048
0091++ AA4D CB0014016101B3010A026602C7022F039C03080845088608
0092++ AA65             frq_204: 	
0093++ AA65             		dw	204,277,354,436,523,615,712,815,925,8+2048,70+2048,135+2048
0093++ AA65 CC0015016201B4010B026702C8022F039D03080846088708
0094++ AA7D             frq_206: 	
0095++ AA7D             		dw	206,279,356,438,525,618,715,819,928,10+2048,72+2048,137+2048
0095++ AA7D CE0017016401B6010D026A02CB023303A0030A0848088908
0096++ AA95             frq_208: 	
0097++ AA95             		dw	208,281,359,441,528,621,718,822,932,12+2048,74+2048,139+2048
0097++ AA95 D00019016701B90110026D02CE023603A4030C084A088B08
0098++ AAAD             frq_211: 	
0099++ AAAD             		dw	211,284,362,445,532,624,722,826,936,14+2048,76+2048,142+2048
0099++ AAAD D3001C016A01BD0114027002D2023A03A8030E084C088E08
0100++ AAC5             frq_214: 	
0101++ AAC5             		dw	214,288,366,449,536,629,727,831,942,17+2048,79+2048,145+2048
0101++ AAC5 D60020016E01C10118027502D7023F03AE0311084F089108
0102++ AADD             frq_215: 	
0103++ AADD             		dw	215,289,367,450,538,630,729,833,943,18+2048,80+2048,146+2048
0103++ AADD D70021016F01C2011A027602D9024103AF03120850089208
0104++ AAF5             frq_216: 	
0105++ AAF5             		dw	216,289,368,450,538,631,729,834,944,19+2048,80+2048,146+2048
0105++ AAF5 D80021017001C2011A027702D9024203B003130850089208
0106++ AB0D             frq_217: 	
0107++ AB0D             		dw	217,291,369,452,540,633,731,835,946,20+2048,82+2048,147+2048
0107++ AB0D D90023017101C4011C027902DB024303B203140852089308
0108++ AB25             frq_219: 	
0109++ AB25             		dw	219,293,372,455,543,636,734,839,950,22+2048,84+2048,150+2048
0109++ AB25 DB0025017401C7011F027C02DE024703B603160854089608
0110++ AB3D             frq_220: 	
0111++ AB3D             		dw	220,294,373,456,544,637,736,841,951,22+2048,85+2048,151+2048
0111++ AB3D DC0026017501C80120027D02E0024903B703160855089708
0112++ AB55             frq_221: 	
0113++ AB55             		dw	221,296,374,457,545,639,737,842,953,23+2048,86+2048,152+2048
0113++ AB55 DD0028017601C90121027F02E1024A03B903170856089808
0114++ AB6D             frq_228: 	
0115++ AB6D             		dw	228,302,381,465,553,647,747,852,963,29+2048,91+2048,158+2048
0115++ AB6D E4002E017D01D10129028702EB025403C3031D085B089E08
0116++ AB85             frq_231: 	
0117++ AB85             		dw	231,305,384,468,557,651,750,856,967,31+2048,94+2048,160+2048
0117++ AB85 E70031018001D4012D028B02EE025803C7031F085E08A008
0118++ AB9D             frq_242: 	
0119++ AB9D             		dw	242,317,397,481,571,666,766,873,985,40+2048,104+2048,171+2048
0119++ AB9D F2003D018D01E1013B029A02FE026903D90328086808AB08
0120++ ABB5             frq_254: 	
0121++ ABB5             		dw	254,330,410,495,586,681,783,890,1004,50+2048,114+2048,182+2048
0121++ ABB5 FE004A019A01EF014A02A9020F037A03EC0332087208B608
0122++ ABCD             frq_261: 	
0123++ ABCD             		dw	261,337,418,504,595,691,793,901,1016,56+2048,121+2048,189+2048
0123++ ABCD 05015101A201F8015302B30219038503F80338087908BD08
0124++ ABE5             frq_264: 	
0125++ ABE5             		dw	264,341,422,508,599,695,797,906,1020,59+2048,123+2048,192+2048
0125++ ABE5 08015501A601FC015702B7021D038A03FC033B087B08C008
0126++ ABFD             frq_273: 	
0127++ ABFD             		dw	273,350,432,519,610,708,810,920,6+2048,67+2048,132+2048,200+2048
0127++ ABFD 11015E01B00107026202C4022A039803060843088408C808
0128++ AC15             frq_274: 	
0129++ AC15             		dw	274,351,433,519,611,708,811,920,6+2048,67+2048,132+2048,201+2048
0129++ AC15 12015F01B10107026302C4022B039803060843088408C908
0130++ AC2D             frq_282: 	
0131++ AC2D             		dw	282,360,442,529,621,719,823,933,13+2048,74+2048,139+2048,209+2048
0131++ AC2D 1A016801BA0111026D02CF023703A5030D084A088B08D108
0132++ AC45             frq_286: 	
0133++ AC45             		dw	286,363,446,533,626,724,828,938,15+2048,77+2048,143+2048,212+2048
0133++ AC45 1E016B01BE0115027202D4023C03AA030F084D088F08D408
0134++ AC5D             frq_287: 	
0135++ AC5D             		dw	287,365,447,535,627,726,830,940,16+2048,78+2048,144+2048,213+2048
0135++ AC5D 1F016D01BF0117027302D6023E03AC0310084E089008D508
0136++ AC75             frq_288: 	
0137++ AC75             		dw	288,366,449,536,629,727,831,942,17+2048,79+2048,145+2048,214+2048
0137++ AC75 20016E01C10118027502D7023F03AE0311084F089108D608
0138++ AC8D             frq_290: 	
0139++ AC8D             		dw	290,368,451,539,632,730,835,945,19+2048,81+2048,147+2048,216+2048
0139++ AC8D 22017001C3011B027802DA024303B103130851089308D808
0140++ ACA5             frq_291: 	
0141++ ACA5             		dw	291,370,453,540,633,731,836,946,20+2048,82+2048,148+2048,217+2048
0141++ ACA5 23017201C5011C027902DB024403B203140852089408D908
0142++ ACBD             frq_299: 	
0143++ ACBD             		dw	299,378,461,550,643,742,848,959,26+2048,89+2048,155+2048,225+2048
0143++ ACBD 2B017A01CD0126028302E6025003BF031A0859089B08E108
0144++ ACD5             frq_311: 	
0145++ ACD5             		dw	311,391,475,564,658,758,864,977,36+2048,99+2048,166+2048,236+2048
0145++ ACD5 37018701DB0134029202F6026003D10324086308A608EC08
0146++ ACED             frq_314: 	
0147++ ACED             		dw	314,394,478,567,662,762,868,981,38+2048,101+2048,168+2048,239+2048
0147++ ACED 3A018A01DE0137029602FA026403D50326086508A808EF08
0148++ AD05             frq_317: 	
0149++ AD05             		dw	317,397,481,571,666,766,873,986,41+2048,104+2048,171+2048,242+2048
0149++ AD05 3D018D01E1013B029A02FE026903DA0329086808AB08F208
0150++ AD1D             frq_333: 	
0151++ AD1D             		dw	333,414,500,590,686,788,896,1010,53+2048,117+2048,185+2048,257+2048
0151++ AD1D 4D019E01F4014E02AE0214038003F20335087508B9080109
0152++ AD35             frq_335: 	
0153++ AD35             		dw	335,416,502,593,689,791,899,1013,55+2048,119+2048,187+2048,259+2048
0153++ AD35 4F01A001F6015102B10217038303F50337087708BB080309
0154++ AD4D             frq_338: 	
0155++ AD4D             		dw	338,419,505,596,692,794,902,1016,56+2048,121+2048,189+2048,261+2048
0155++ AD4D 5201A301F9015402B4021A038603F80338087908BD080509
0156++ AD65             frq_340: 	
0157++ AD65             		dw	340,421,507,598,694,796,905,1019,58+2048,123+2048,191+2048,263+2048
0157++ AD65 5401A501FB015602B6021C038903FB033A087B08BF080709
0158++ AD7D             frq_341: 	
0159++ AD7D             		dw	341,422,508,599,696,798,906,1021,59+2048,124+2048,192+2048,264+2048
0159++ AD7D 5501A601FC015702B8021E038A03FD033B087C08C0080809
0160++ AD95             frq_342: 	
0161++ AD95             		dw	342,423,509,600,697,799,907,1022,60+2048,125+2048,193+2048,265+2048
0161++ AD95 5601A701FD015802B9021F038B03FE033C087D08C1080909
0162++ ADAD             frq_343: 	
0163++ ADAD             		dw	343,425,511,602,699,801,910,0+2048,61+2048,126+2048,195+2048,267+2048
0163++ ADAD 5701A901FF015A02BB0221038E0300083D087E08C3080B09
0164++ ADC5             frq_345: 	
0165++ ADC5             		dw	345,427,513,604,701,804,913,2+2048,63+2048,127+2048,196+2048,268+2048
0165++ ADC5 5901AB0101025C02BD022403910302083F087F08C4080C09
0166++ ADDD             frq_348: 	
0167++ ADDD             		dw	348,429,516,607,704,806,915,3+2048,64+2048,129+2048,198+2048,271+2048
0167++ ADDD 5C01AD0104025F02C00226039303030840088108C6080F09
0168++ ADF5             frq_350: 	
0169++ ADF5             		dw	350,430,518,609,705,808,917,4+2048,65+2048,130+2048,199+2048,272+2048
0169++ ADF5 5E01AE0106026102C10228039503040841088208C7081009
0170++ AE0D             frq_352: 	
0171++ AE0D             		dw	352,434,521,613,710,813,922,7+2048,68+2048,133+2048,202+2048,275+2048
0171++ AE0D 6001B20109026502C6022D039A03070844088508CA081309
0172++ AE25             frq_354: 	
0173++ AE25             		dw	354,436,523,615,712,815,925,8+2048,70+2048,135+2048,204+2048,277+2048
0173++ AE25 6201B4010B026702C8022F039D03080846088708CC081509
0174++ AE3D             frq_355: 	
0175++ AE3D             		dw	355,437,524,616,713,816,926,9+2048,70+2048,135+2048,204+2048,277+2048
0175++ AE3D 6301B5010C026802C90230039E03090846088708CC081509
0176++ AE55             frq_356: 	
0177++ AE55             		dw	356,438,525,617,714,818,927,10+2048,71+2048,136+2048,205+2048,278+2048
0177++ AE55 6401B6010D026902CA0232039F030A0847088808CD081609
0178++ AE6D             frq_357: 	
0179++ AE6D             		dw	357,439,526,618,716,820,929,11+2048,72+2048,137+2048,206+2048,279+2048
0179++ AE6D 6501B7010E026A02CC023403A1030B0848088908CE081709
0180++ AE85             frq_358: 	
0181++ AE85             		dw	358,441,528,620,718,821,931,12+2048,73+2048,138+2048,207+2048,281+2048
0181++ AE85 6601B90110026C02CE023503A3030C0849088A08CF081909
0182++ AE9D             frq_360: 	
0183++ AE9D             		dw	360,443,530,622,720,824,934,13+2048,75+2048,140+2048,209+2048,283+2048
0183++ AE9D 6801BB0112026E02D0023803A6030D084B088C08D1081B09
0184++ AEB5             frq_361: 	
0185++ AEB5             		dw	361,443,531,623,722,825,935,14+2048,76+2048,141+2048,211+2048,284+2048
0185++ AEB5 6901BB0113026F02D2023903A7030E084C088D08D3081C09
0186++ AECD             frq_363: 	
0187++ AECD             		dw	363,445,533,625,723,827,937,15+2048,77+2048,142+2048,211+2048,285+2048
0187++ AECD 6B01BD0115027102D3023B03A9030F084D088E08D3081D09
0188++ AEE5             frq_364: 	
0189++ AEE5             		dw	364,447,534,627,725,829,939,16+2048,78+2048,144+2048,213+2048,286+2048
0189++ AEE5 6C01BF0116027302D5023D03AB0310084E089008D5081E09
0190++ AEFD             frq_365: 	
0191++ AEFD             		dw	365,447,535,627,726,830,940,16+2048,78+2048,144+2048,213+2048,287+2048
0191++ AEFD 6D01BF0117027302D6023E03AC0310084E089008D5081F09
0192++ AF15             frq_366: 	
0193++ AF15             		dw	366,449,536,629,727,831,942,17+2048,79+2048,145+2048,214+2048,288+2048
0193++ AF15 6E01C10118027502D7023F03AE0311084F089108D6082009
0194++ AF2D             frq_367: 	
0195++ AF2D             		dw	367,450,537,630,729,833,943,18+2048,80+2048,146+2048,216+2048,289+2048
0195++ AF2D 6F01C20119027602D9024103AF03120850089208D8082109
0196++ AF45             frq_369: 	
0197++ AF45             		dw	369,452,540,633,731,835,946,20+2048,82+2048,147+2048,217+2048,291+2048
0197++ AF45 7101C4011C027902DB024303B203140852089308D9082309
0198++ AF5D             frq_370: 	
0199++ AF5D             		dw	370,453,541,634,732,837,947,20+2048,82+2048,148+2048,218+2048,292+2048
0199++ AF5D 7201C5011D027A02DC024503B303140852089408DA082409
0200++ AF75             frq_373: 	
0201++ AF75             		dw	373,457,545,638,737,841,952,23+2048,85+2048,151+2048,221+2048,295+2048
0201++ AF75 7501C90121027E02E1024903B803170855089708DD082709
0202++ AF8D             frq_378: 	
0203++ AF8D             		dw	378,462,550,644,743,848,959,27+2048,89+2048,155+2048,225+2048,300+2048
0203++ AF8D 7A01CE0126028402E7025003BF031B0859089B08E1082C09
0204++ AFA5             frq_379: 	
0205++ AFA5             		dw	378,463,551,645,744,849,960,27+2048,90+2048,156+2048,226+2048,300+2048
0205++ AFA5 7A01CF0127028502E8025103C0031B085A089C08E2082C09
0206++ AFBD             frq_381: 	
0207++ AFBD             		dw	381,465,553,647,747,852,963,29+2048,91+2048,158+2048,228+2048,302+2048
0207++ AFBD 7D01D10129028702EB025403C3031D085B089E08E4082E09
0208++ AFD5             frq_385: 	
0209++ AFD5             		dw	385,469,558,652,752,857,969,32+2048,95+2048,161+2048,232+2048,306+2048
0209++ AFD5 8101D5012E028C02F0025903C90320085F08A108E8083209
0210++ AFED             frq_433: 	
0211++ AFED             		dw	433,520,612,709,812,921,7+2048,68+2048,133+2048,202+2048,274+2048,352+2048
0211++ AFED B10108026402C5022C039903070844088508CA0812096009
0212++ B005             frq_434: 	
0213++ B005             		dw	434,521,613,710,813,922,7+2048,68+2048,133+2048,202+2048,275+2048,352+2048
0213++ B005 B20109026502C6022D039A03070844088508CA0813096009
0214++ B01D             frq_436: 	
0215++ B01D             		dw	436,523,615,712,815,925,8+2048,70+2048,135+2048,204+2048,277+2048,354+2048
0215++ B01D B4010B026702C8022F039D03080846088708CC0815096209
0216++ B035             frq_442: 	
0217++ B035             		dw	442,529,621,719,823,933,12+2048,74+2048,139+2048,209+2048,282+2048,360+2048
0217++ B035 BA0111026D02CF023703A5030C084A088B08D1081A096809
0218++ B04D             frq_443: 	
0219++ B04D             		dw	443,530,622,720,824,934,13+2048,75+2048,140+2048,209+2048,283+2048,360+2048
0219++ B04D BB0112026E02D0023803A6030D084B088C08D1081B096809
0220++ B065             frq_445: 	
0221++ B065             		dw	445,532,624,723,826,936,14+2048,76+2048,142+2048,211+2048,284+2048,362+2048
0221++ B065 BD0114027002D3023A03A8030E084C088E08D3081C096A09
0222++ B07D             frq_448: 	
0223++ B07D             		dw	448,535,628,726,830,941,17+2048,79+2048,144+2048,214+2048,287+2048,365+2048
0223++ B07D C00117027402D6023E03AD0311084F089008D6081F096D09
0224++ B095             frq_450: 	
0225++ B095             		dw	450,538,631,730,834,944,19+2048,81+2048,146+2048,216+2048,290+2048,368+2048
0225++ B095 C2011A027702DA024203B003130851089208D80822097009
0226++ B0AD             frq_455: 	
0227++ B0AD             		dw	455,543,637,735,840,951,22+2048,84+2048,150+2048,220+2048,294+2048,372+2048
0227++ B0AD C7011F027D02DF024803B703160854089608DC0826097409
0228++ B0C5             frq_459: 	
0229++ B0C5             		dw	459,547,640,739,844,955,24+2048,87+2048,153+2048,223+2048,297+2048,375+2048
0229++ B0C5 CB0123028002E3024C03BB03180857089908DF0829097709
0230++ B0DD             frq_460: 	
0231++ B0DD             		dw	460,548,641,740,845,957,25+2048,88+2048,154+2048,224+2048,298+2048,376+2048
0231++ B0DD CC0124028102E4024D03BD03190858089A08E0082A097809
0232++ B0F5             frq_461: 	
0233++ B0F5             		dw	461,549,642,741,846,958,26+2048,88+2048,154+2048,224+2048,299+2048,377+2048
0233++ B0F5 CD0125028202E5024E03BE031A0858089A08E0082B097909
0234++ B10D             frq_462: 	
0235++ B10D             		dw	462,550,644,743,848,959,27+2048,89+2048,155+2048,225+2048,300+2048,378+2048
0235++ B10D CE0126028402E7025003BF031B0859089B08E1082C097A09
0236++ B125             frq_480: 	
0237++ B125             		dw	480,569,664,764,870,983,39+2048,102+2048,169+2048,240+2048,316+2048,395+2048
0237++ B125 E00139029802FC026603D70327086608A908F0083C098B09
0238++ B13D             frq_507: 	
0239++ B13D             		dw	507,598,694,796,905,1019,58+2048,123+2048,191+2048,263+2048,340+2048,421+2048
0239++ B13D FB015602B6021C038903FB033A087B08BF0807095409A509
0240++ B155             frq_508: 	
0241++ B155             		dw	508,599,695,797,905,1019,58+2048,123+2048,191+2048,264+2048,341+2048,422+2048
0241++ B155 FC015702B7021D038903FB033A087B08BF0808095509A609
0242++ B16D             frq_519: 	
0243++ B16D             		dw	519,611,708,811,920,6+2048,67+2048,132+2048,201+2048,274+2048,351+2048,433+2048
0243++ B16D 07026302C4022B039803060843088408C90812095F09B109
0244++ B185             frq_531: 	
0245++ B185             		dw	531,623,721,825,935,14+2048,76+2048,141+2048,210+2048,284+2048,362+2048,444+2048
0245++ B185 13026F02D1023903A7030E084C088D08D2081C096A09BC09
0246++ B19D             frq_532: 	
0247++ B19D             		dw	532,624,722,826,936,14+2048,76+2048,141+2048,211+2048,284+2048,362+2048,445+2048
0247++ B19D 14027002D2023A03A8030E084C088D08D3081C096A09BD09
0248++ B1B5             frq_538: 	
0249++ B1B5             		dw	538,631,730,834,944,19+2048,81+2048,146+2048,216+2048,290+2048,368+2048,451+2048
0249++ B1B5 1A027702DA024203B003130851089208D80822097009C309
0250++ B1CD             frq_545: 	
0251++ B1CD             		dw	545,639,737,842,953,23+2048,86+2048,152+2048,221+2048,296+2048,374+2048,457+2048
0251++ B1CD 21027F02E1024A03B903170856089808DD0828097609C909
0252++ B1E5             frq_548: 	
0253++ B1E5             		dw	548,642,741,846,957,25+2048,88+2048,154+2048,224+2048,298+2048,377+2048,460+2048
0253++ B1E5 24028202E5024E03BD03190858089A08E0082A097909CC09
0254++ B1FD             frq_550: 	
0255++ B1FD             		dw	550,643,742,848,959,26+2048,89+2048,155+2048,225+2048,299+2048,378+2048,461+2048
0255++ B1FD 26028302E6025003BF031A0859089B08E1082B097A09CD09
0256++ B215             frq_552: 	
0257++ B215             		dw	552,645,745,850,961,28+2048,90+2048,156+2048,227+2048,301+2048,380+2048,463+2048
0257++ B215 28028502E9025203C1031C085A089C08E3082D097C09CF09
0258++ B22D             frq_555: 	
0259++ B22D             		dw	555,648,748,853,965,30+2048,92+2048,159+2048,229+2048,304+2048,383+2048,467+2048
0259++ B22D 2B028802EC025503C5031E085C089F08E50830097F09D309
0260++ B245             frq_556: 	
0261++ B245             		dw	556,650,749,855,967,30+2048,93+2048,160+2048,231+2048,305+2048,384+2048,467+2048
0261++ B245 2C028A02ED025703C7031E085D08A008E70831098009D309
0262++ B25D             frq_557: 	
0263++ B25D             		dw	557,651,750,856,967,31+2048,94+2048,160+2048,231+2048,305+2048,384+2048,468+2048
0263++ B25D 2D028B02EE025803C7031F085E08A008E70831098009D409
0264++ B275             frq_558: 	
0265++ B275             		dw	558,652,752,857,969,32+2048,95+2048,161+2048,232+2048,306+2048,385+2048,469+2048
0265++ B275 2E028C02F0025903C90320085F08A108E80832098109D509
0266++ B28D             frq_559: 	
0267++ B28D             		dw	559,653,753,858,970,32+2048,95+2048,162+2048,232+2048,307+2048,386+2048,470+2048
0267++ B28D 2F028D02F1025A03CA0320085F08A208E80833098209D609
0268++ B2A5             frq_560: 	
0269++ B2A5             		dw	560,654,753,859,971,33+2048,96+2048,162+2048,233+2048,308+2048,387+2048,471+2048
0269++ B2A5 30028E02F1025B03CB0321086008A208E90834098309D709
0270++ B2BD             frq_579: 	
0271++ B2BD             		dw	579,674,775,882,996,46+2048,110+2048,177+2048,248+2048,324+2048,404+2048,489+2048
0271++ B2BD 4302A20207037203E4032E086E08B108F80844099409E909
0272++ B2D5             frq_616: 	
0273++ B2D5             		dw	616,713,816,926,9+2048,70+2048,135+2048,204+2048,277+2048,355+2048,437+2048,524+2048
0273++ B2D5 6802C90230039E03090846088708CC0815096309B5090C0A
0274++ B2ED             frq_627: 	
0275++ B2ED             		dw	627,725,829,939,16+2048,78+2048,143+2048,213+2048,286+2048,364+2048,447+2048,534+2048
0275++ B2ED 7302D5023D03AB0310084E088F08D5081E096C09BF09160A
0276++ B305             frq_630: 	
0277++ B305             		dw	630,729,833,943,18+2048,80+2048,146+2048,215+2048,289+2048,367+2048,450+2048,538+2048
0277++ B305 7602D9024103AF03120850089208D70821096F09C2091A0A
0278++ B31D             frq_639: 	
0279++ B31D             		dw	639,738,843,954,24+2048,86+2048,152+2048,222+2048,296+2048,375+2048,458+2048,546+2048
0279++ B31D 7F02E2024B03BA03180856089808DE0828097709CA09220A
0280++ B335             frq_641: 	
0281++ B335             		dw	641,740,845,957,25+2048,88+2048,154+2048,224+2048,298+2048,376+2048,460+2048,548+2048
0281++ B335 8102E4024D03BD03190858089A08E0082A097809CC09240A
0282++ B34D             frq_645: 	
0283++ B34D             		dw	645,744,849,960,27+2048,90+2048,156+2048,226+2048,300+2048,380+2048,463+2048,552+2048
0283++ B34D 8502E8025103C0031B085A089C08E2082C097C09CF09280A
0284++ B365             frq_650: 	
0285++ B365             		dw	650,749,855,967,30+2048,93+2048,160+2048,230+2048,305+2048,384+2048,467+2048,556+2048
0285++ B365 8A02ED025703C7031E085D08A008E60831098009D3092C0A
0286++ B37D             frq_653: 	
0287++ B37D             		dw	653,753,858,970,32+2048,95+2048,162+2048,232+2048,307+2048,386+2048,470+2048,559+2048
0287++ B37D 8D02F1025A03CA0320085F08A208E80833098209D6092F0A
0288++ B395             frq_654: 	
0289++ B395             		dw	654,754,859,971,33+2048,96+2048,163+2048,233+2048,308+2048,387+2048,471+2048,560+2048
0289++ B395 8E02F2025B03CB0321086008A308E90834098309D709300A
0290++ B3AD             frq_677: 	
0291++ B3AD             		dw	677,778,886,999,48+2048,112+2048,179+2048,251+2048,326+2048,407+2048,492+2048,582+2048
0291++ B3AD A5020A037603E70330087008B308FB0846099709EC09460A
0292++ B3C5             frq_679: 	
0293++ B3C5             		dw	679,781,888,1002,49+2048,113+2048,180+2048,252+2048,328+2048,408+2048,494+2048,584+2048
0293++ B3C5 A7020D037803EA0331087108B408FC0848099809EE09480A
0294++ B3DD             frq_698: 	
0295++ B3DD             		dw	698,801,909,0+2048,61+2048,125+2048,194+2048,266+2048,343+2048,424+2048,510+2048,601+2048
0295++ B3DD BA0221038D0300083D087D08C2080A095709A809FE09590A
0296++ B3F5             frq_701: 	
0297++ B3F5             		dw	701,805,913,2+2048,63+2048,127+2048,196+2048,268+2048,345+2048,427+2048,513+2048,604+2048
0297++ B3F5 BD022503910302083F087F08C4080C095909AB09010A5C0A
0298++ B40D             frq_704: 	
0299++ B40D             		dw	704,807,916,4+2048,65+2048,130+2048,198+2048,271+2048,348+2048,429+2048,516+2048,607+2048
0299++ B40D C00227039403040841088208C6080F095C09AD09040A5F0A
0300++ B425             frq_708: 	
0301++ B425             		dw	708,810,920,6+2048,67+2048,132+2048,200+2048,273+2048,350+2048,432+2048,519+2048,610+2048
0301++ B425 C4022A039803060843088408C80811095E09B009070A620A
0302++ B43D             frq_715: 	
0303++ B43D             		dw	715,819,928,10+2048,72+2048,137+2048,206+2048,279+2048,356+2048,438+2048,525+2048,618+2048
0303++ B43D CB023303A0030A0848088908CE0817096409B6090D0A6A0A
0304++ B455             frq_721: 	
0305++ B455             		dw	721,825,935,13+2048,75+2048,141+2048,210+2048,283+2048,361+2048,443+2048,530+2048,623+2048
0305++ B455 D1023903A7030D084B088D08D2081B096909BB09120A6F0A
0306++ B46D             frq_726: 	
0307++ B46D             		dw	726,830,941,17+2048,79+2048,144+2048,214+2048,287+2048,365+2048,448+2048,535+2048,628+2048
0307++ B46D D6023E03AD0311084F089008D6081F096D09C009170A740A
0308++ B485             frq_727: 	
0309++ B485             		dw	727,831,942,18+2048,80+2048,145+2048,215+2048,288+2048,367+2048,449+2048,536+2048,629+2048
0309++ B485 D7023F03AE03120850089108D70820096F09C109180A750A
0310++ B49D             frq_733: 	
0311++ B49D             		dw	733,838,949,21+2048,83+2048,149+2048,219+2048,293+2048,371+2048,454+2048,542+2048,635+2048
0311++ B49D DD024603B503150853089508DB0825097309C6091E0A7B0A
0312++ B4B5             frq_737: 	
0313++ B4B5             		dw	737,842,953,23+2048,86+2048,152+2048,221+2048,296+2048,374+2048,457+2048,545+2048,639+2048
0313++ B4B5 E1024A03B903170856089808DD0828097609C909210A7F0A
0314++ B4CD             frq_750: 	
0315++ B4CD             		dw	750,855,967,31+2048,93+2048,160+2048,230+2048,305+2048,384+2048,467+2048,556+2048,650+2048
0315++ B4CD EE025703C7031F085D08A008E60831098009D3092C0A8A0A
0316++ B4E5             frq_775: 	
0317++ B4E5             		dw	775,882,996,46+2048,110+2048,177+2048,248+2048,324+2048,404+2048,489+2048,579+2048,674+2048
0317++ B4E5 07037203E4032E086E08B108F80844099409E909430AA20A
0318++ B4FD             frq_809: 	
0319++ B4FD             		dw	809,918,5+2048,66+2048,131+2048,199+2048,272+2048,349+2048,431+2048,517+2048,609+2048,706+2048
0319++ B4FD 29039603050842088308C70810095D09AF09050A610AC20A
0320++ B515             frq_810: 	
0321++ B515             		dw	810,919,5+2048,66+2048,131+2048,200+2048,273+2048,350+2048,431+2048,518+2048,610+2048,707+2048
0321++ B515 2A039703050842088308C80811095E09AF09060A620AC30A
0322++ B52D             frq_811: 	
0323++ B52D             		dw	811,920,6+2048,67+2048,132+2048,201+2048,274+2048,351+2048,433+2048,519+2048,611+2048,708+2048
0323++ B52D 2B039803060843088408C90812095F09B109070A630AC40A
0324++ B545             frq_815: 	
0325++ B545             		dw	815,925,8+2048,70+2048,135+2048,204+2048,277+2048,354+2048,436+2048,523+2048,615+2048,712+2048
0325++ B545 2F039D03080846088708CC0815096209B4090B0A670AC80A
0326++ B55D             frq_820: 	
0327++ B55D             		dw	820,929,11+2048,72+2048,137+2048,206+2048,280+2048,357+2048,439+2048,526+2048,618+2048,716+2048
0327++ B55D 3403A1030B0848088908CE0818096509B7090E0A6A0ACC0A
0328++ B575             frq_822: 	
0329++ B575             		dw	822,932,12+2048,73+2048,139+2048,208+2048,281+2048,359+2048,441+2048,528+2048,620+2048,718+2048
0329++ B575 3603A4030C0849088B08D00819096709B909100A6C0ACE0A
0330++ B58D             frq_823: 	
0331++ B58D             		dw	823,933,13+2048,74+2048,139+2048,209+2048,282+2048,360+2048,442+2048,529+2048,621+2048,719+2048
0331++ B58D 3703A5030D084A088B08D1081A096809BA09110A6D0ACF0A
0332++ B5A5             frq_824: 	
0333++ B5A5             		dw	824,934,13+2048,75+2048,140+2048,209+2048,283+2048,360+2048,443+2048,530+2048,622+2048,720+2048
0333++ B5A5 3803A6030D084B088C08D1081B096809BB09120A6E0AD00A
0334++ B5BD             frq_828: 	
0335++ B5BD             		dw	828,938,15+2048,77+2048,143+2048,212+2048,286+2048,363+2048,446+2048,533+2048,626+2048,724+2048
0335++ B5BD 3C03AA030F084D088F08D4081E096B09BE09150A720AD40A
0336++ B5D5             frq_831: 	
0337++ B5D5             		dw	831,942,17+2048,79+2048,145+2048,214+2048,288+2048,366+2048,449+2048,536+2048,629+2048,727+2048
0337++ B5D5 3F03AE0311084F089108D60820096E09C109180A750AD70A
0338++ B5ED             frq_832: 	
0339++ B5ED             		dw	832,942,18+2048,80+2048,145+2048,215+2048,288+2048,367+2048,449+2048,537+2048,630+2048,728+2048
0339++ B5ED 4003AE03120850089108D70820096F09C109190A760AD80A
0340++ B605             frq_833: 	
0341++ B605             		dw	833,943,18+2048,80+2048,146+2048,215+2048,289+2048,367+2048,450+2048,538+2048,630+2048,729+2048
0341++ B605 4103AF03120850089208D70821096F09C2091A0A760AD90A
0342++ B61D             frq_835: 	
0343++ B61D             		dw	835,946,20+2048,82+2048,147+2048,217+2048,291+2048,369+2048,452+2048,540+2048,633+2048,731+2048
0343++ B61D 4303B203140852089308D90823097109C4091C0A790ADB0A
0344++ B635             frq_842: 	
0345++ B635             		dw	842,953,23+2048,86+2048,152+2048,222+2048,296+2048,374+2048,457+2048,545+2048,639+2048,737+2048
0345++ B635 4A03B903170856089808DE0828097609C909210A7F0AE10A
0346++ B64D             frq_843: 	
0347++ B64D             		dw	843,954,24+2048,86+2048,152+2048,222+2048,296+2048,375+2048,458+2048,546+2048,639+2048,738+2048
0347++ B64D 4B03BA03180856089808DE0828097709CA09220A7F0AE20A
0348++ B665             frq_844: 	
0349++ B665             		dw	844,955,24+2048,87+2048,153+2048,223+2048,297+2048,375+2048,459+2048,547+2048,640+2048,739+2048
0349++ B665 4C03BB03180857089908DF0829097709CB09230A800AE30A
0350++ B67D             frq_847: 	
0351++ B67D             		dw	847,959,26+2048,89+2048,155+2048,225+2048,299+2048,378+2048,461+2048,550+2048,643+2048,742+2048
0351++ B67D 4F03BF031A0859089B08E1082B097A09CD09260A830AE60A
0352++ B695             frq_852: 	
0353++ B695             		dw	852,964,29+2048,92+2048,158+2048,228+2048,303+2048,382+2048,465+2048,554+2048,648+2048,747+2048
0353++ B695 5403C4031D085C089E08E4082F097E09D1092A0A880AEB0A
0354++ B6AD             frq_874: 	
0355++ B6AD             		dw	874,986,41+2048,104+2048,171+2048,243+2048,318+2048,398+2048,482+2048,572+2048,667+2048,767+2048
0355++ B6AD 6A03DA0329086808AB08F3083E098E09E2093C0A9B0AFF0A
0356++ B6C5             frq_908: 	
0357++ B6C5             		dw	908,1023,60+2048,125+2048,193+2048,265+2048,342+2048,423+2048,509+2048,601+2048,697+2048,800+2048
0357++ B6C5 8C03FF033C087D08C10809095609A709FD09590AB90A200B
0358++ B6DD             frq_909: 	
0359++ B6DD             		dw	909,0+2048,61+1025,125+2048,194+2048,266+2048,343+2048,424+2048,510+2048,601+2048,698+2048,801+2048
0359++ B6DD 8D0300083E047D08C2080A095709A809FE09590ABA0A210B
0360++ B6F5             frq_916: 	
0361++ B6F5             		dw	916,4+2048,65+2048,130+2048,198+2048,271+2048,347+2048,429+2048,515+2048,607+2048,704+2048,807+2048
0361++ B6F5 9403040841088208C6080F095B09AD09030A5F0AC00A270B
0362++ B70D             frq_918: 	
0363++ B70D             		dw	918,5+2048,66+2048,131+2048,199+2048,272+2048,349+2048,431+2048,517+2048,609+2048,706+2048,809+2048
0363++ B70D 9603050842088308C70810095D09AF09050A610AC20A290B
0364++ B725             frq_920: 	
0365++ B725             		dw	920,6+2048,67+2048,132+2048,201+2048,274+2048,351+2048,433+2048,519+2048,611+2048,708+2048,811+2048
0365++ B725 9803060843088408C90812095F09B109070A630AC40A2B0B
0366++ B73D             frq_921: 	
0367++ B73D             		dw	921,7+2048,68+2048,133+2048,202+2048,274+2048,352+2048,433+2048,520+2048,612+2048,709+2048,812+2048
0367++ B73D 9903070844088508CA0812096009B109080A640AC50A2C0B
0368++ B755             frq_925: 	
0369++ B755             		dw	925,8+2048,70+2048,135+2048,204+2048,277+2048,354+2048,436+2048,523+2048,615+2048,712+2048,815+2048
0369++ B755 9D03080846088708CC0815096209B4090B0A670AC80A2F0B
0370++ B76D             frq_926: 	
0371++ B76D             		dw	926,9+2048,70+2048,135+2048,204+2048,277+2048,355+2048,437+2048,523+2048,615+2048,713+2048,816+2048
0371++ B76D 9E03090846088708CC0815096309B5090B0A670AC90A300B
0372++ B785             frq_927: 	
0373++ B785             		dw	927,10+2048,71+2048,136+2048,205+2048,278+2048,356+2048,438+2048,525+2048,617+2048,715+2048,818+2048
0373++ B785 9F030A0847088808CD0816096409B6090D0A690ACB0A320B
0374++ B79D             frq_929: 	
0375++ B79D             		dw	929,11+2048,72+2048,137+2048,206+2048,280+2048,357+2048,439+2048,526+2048,618+2048,716+2048,820+2048
0375++ B79D A1030B0848088908CE0818096509B7090E0A6A0ACC0A340B
0376++ B7B5             frq_931: 	
0377++ B7B5             		dw	931,12+2048,73+2048,138+2048,208+2048,281+2048,358+2048,441+2048,528+2048,620+2048,718+2048,821+2048
0377++ B7B5 A3030C0849088A08D00819096609B909100A6C0ACE0A350B
0378++ B7CD             frq_935: 	
0379++ B7CD             		dw	935,13+2048,75+2048,141+2048,210+2048,283+2048,361+2048,443+2048,530+2048,623+2048,721+2048,825+2048
0379++ B7CD A7030D084B088D08D2081B096909BB09120A6F0AD10A390B
0380++ B7E5             frq_936: 	
0381++ B7E5             		dw	936,14+2048,76+2048,142+2048,211+2048,284+2048,362+2048,444+2048,532+2048,624+2048,722+2048,826+2048
0381++ B7E5 A8030E084C088E08D3081C096A09BC09140A700AD20A3A0B
0382++ B7FD             frq_937: 	
0383++ B7FD             		dw	937,15+2048,77+2048,142+2048,211+2048,285+2048,363+2048,445+2048,533+2048,625+2048,723+2048,827+2048
0383++ B7FD A9030F084D088E08D3081D096B09BD09150A710AD30A3B0B
0384++ B815             frq_939: 	
0385++ B815             		dw	939,16+2048,78+2048,143+2048,213+2048,286+2048,364+2048,447+2048,534+2048,627+2048,725+2048,829+2048
0385++ B815 AB0310084E088F08D5081E096C09BF09160A730AD50A3D0B
0386++ B82D             frq_941: 	
0387++ B82D             		dw	941,17+2048,79+2048,144+2048,214+2048,287+2048,365+2048,448+2048,535+2048,628+2048,726+2048,830+2048
0387++ B82D AD0311084F089008D6081F096D09C009170A740AD60A3E0B
0388++ B845             frq_942: 	
0389++ B845             		dw	942,18+2048,80+2048,145+2048,215+2048,288+2048,367+2048,449+2048,537+2048,630+2048,728+2048,832+2048
0389++ B845 AE03120850089108D70820096F09C109190A760AD80A400B
0390++ B85D             frq_944: 	
0391++ B85D             		dw	944,19+2048,80+2048,146+2048,216+2048,289+2048,368+2048,450+2048,538+2048,631+2048,729+2048,834+2048
0391++ B85D B003130850089208D80821097009C2091A0A770AD90A420B
0392++ B875             frq_949: 	
0393++ B875             		dw	949,21+2048,83+2048,149+2048,218+2048,292+2048,371+2048,454+2048,542+2048,635+2048,733+2048,838+2048
0393++ B875 B503150853089508DA0824097309C6091E0A7B0ADD0A460B
0394++ B88D             frq_950: 	
0395++ B88D             		dw	950,22+2048,84+2048,150+2048,219+2048,293+2048,372+2048,455+2048,543+2048,636+2048,734+2048,839+2048
0395++ B88D B603160854089608DB0825097409C7091F0A7C0ADE0A470B
0396++ B8A5             frq_951: 	
0397++ B8A5             		dw	951,22+2048,85+2048,151+2048,220+2048,294+2048,372+2048,456+2048,543+2048,637+2048,736+2048,841+2048
0397++ B8A5 B703160855089708DC0826097409C8091F0A7D0AE00A490B
0398++ B8BD             frq_952: 	
0399++ B8BD             		dw	952,23+2048,85+2048,151+2048,221+2048,295+2048,373+2048,456+2048,544+2048,638+2048,736+2048,841+2048
0399++ B8BD B803170855089708DD0827097509C809200A7E0AE00A490B
0400++ B8D5             frq_953: 	
0401++ B8D5             		dw	953,23+2048,86+2048,152+2048,221+2048,296+2048,374+2048,457+2048,545+2048,639+2048,737+2048,842+2048
0401++ B8D5 B903170856089808DD0828097609C909210A7F0AE10A4A0B
0402++ B8ED             frq_964: 	
0403++ B8ED             		dw	964,29+2048,92+2048,158+2048,228+2048,303+2048,382+2048,466+2048,554+2048,648+2048,747+2048,852+2048
0403++ B8ED C4031D085C089E08E4082F097E09D2092A0A880AEB0A540B
0404++ B905             frq_966: 	
0405++ B905             		dw	966,30+2048,93+2048,159+2048,229+2048,304+2048,383+2048,467+2048,555+2048,649+2048,749+2048,854+2048
0405++ B905 C6031E085D089F08E50830097F09D3092B0A890AED0A560B
0406++ B91D             frq_969: 	
0407++ B91D             		dw	969,32+2048,95+2048,161+2048,232+2048,306+2048,385+2048,469+2048,558+2048,652+2048,752+2048,857+2048
0407++ B91D C90320085F08A108E80832098109D5092E0A8C0AF00A590B
0408++ B935             frq_974: 	
0409++ B935             		dw	974,34+2048,97+2048,164+2048,235+2048,310+2048,389+2048,473+2048,562+2048,656+2048,756+2048,862+2048
0409++ B935 CE0322086108A408EB0836098509D909320A900AF40A5E0B
0410++ B94D             frq_977: 	
0411++ B94D             		dw	977,36+2048,99+2048,166+2048,237+2048,312+2048,391+2048,475+2048,564+2048,659+2048,759+2048,865+2048
0411++ B94D D10324086308A608ED0838098709DB09340A930AF70A610B
0412++ B965             frq_978: 	
0413++ B965             		dw	978,37+2048,100+2048,167+2048,238+2048,313+2048,392+2048,476+2048,565+2048,660+2048,760+2048,866+2048
0413++ B965 D20325086408A708EE0839098809DC09350A940AF80A620B
0414++ B97D             frq_1018: 	
0415++ B97D             		dw	1018,58+2048,122+2048,190+2048,263+2048,339+2048,420+2048,506+2048,597+2048,693+2048,796+2048,904+2048
0415++ B97D FA033A087A08BE0807095309A409FA09550AB50A1C0B880B
0416++ B995             
0417++ B995             
1593+  B995             
0587   B995             
0588   B995             MoonSound_end: 
0589   B995             		.savebin "moonsound.bin",MoonSound_Start, MoonSound_end - MoonSound_Start
0590   B995             
0591   B995             
0592   B995             		.end
0593   B995             
0594   B995             
