0001   0000             ;--------------------------------------------------------------------
0002   0000             ; Ž¯¨á ­¨¥: à®£à ¬¬  ¯à®¨£àë¢ ­¨ï à §­ëå §¢ãª®¢ëå ¬®¤ã«¥© Amstrad CPC
0003   0000             ; ¯®¤¤¥à¦ª  ¢ ¦¥«¥§¥: ZXM-MoonSound
0004   0000             ; €¢â®à ¯®àâ : ’ à á®¢ Œ..(Mick),2014
0005   0000             ;--------------------------------------------------------------------
0006   0000             		DEVICE ZXSPECTRUM128
0007   0000             
0008   0000             		.org 	6200h
0009   6200             
0010   6200             ;-------------------------------------------------------------------
0011   6200             ; ®¯¨á ­¨¥: ’®çª  ¢å®¤  ¢ ¯à®£à ¬¬ã ¯®á«¥ ¯¥à¥¤ ç¨ ã¯à ¢«¥­¨ï ¨§ Ž‘
0012   6200             ;---------------------------------------------------------------------
0013   6200             MoonSound_Start: 		
0014   6200 AF          		xor	a               		;¡®à¤¥à ¢ ç¥à­ë© æ¢¥â
0015   6201 D3 FE       		out	(0feh),a	
0016   6203 32 EB 64    		ld	(MoonSound_count_music),a	;áç¥âç¨ª ­®¬¥à  ¬ã§ëª¨
0017   6206 32 EA 64    		ld	(MoonSound_number_music),a
0018   6209 32 E9 64                    ld	(MoonSound_flg_next),a
0019   620C             
0020   620C 21 00 40    		ld	hl,4000h
0021   620F 11 01 40    		ld	de,4001h
0022   6212 01 00 1B    		ld	bc,1b00h
0023   6215 71          		ld	(hl),c
0024   6216 ED B0       		ldir
0025   6218             		
0026   6218 21 00 40    		ld	hl,4000h			;£àã§¨¬ íªà ­
0027   621B ED 5B F4 5C 		ld	de,(5CF4h)
0028   621F 01 05 1B    		ld	bc,1B05h
0029   6222 CD 13 3D    		call	3d13h
0030   6225 CD 0F 67    		call	Str_init_load
0031   6228 FB          		ei
0032   6229             MoonSound_loading: 
0033   6229 76          		halt
0034   622A 06 00       		ld	b,0
0035   622C             MoonSound_wait: 
0036   622C 10 FE       		djnz	MoonSound_wait			
0037   622E CD 21 67    		call	Str_play
0038   6231 38 02       		jr	c,MoonSound_load
0039   6233 30 F4       		jr	nc,MoonSound_loading	
0040   6235             MoonSound_load: 
0041   6235 F3          		di                                      ;­  ¢áïª¨© ¯®¦ à­ë© § ¯à¥â¨¬ ¯à¥àë¢ ­¨ï
0042   6236             
0043   6236 3E 11       		ld	a,11h 
0044   6238 01 FD 7F    		ld	bc,7ffdh
0045   623B ED 79       		out	(c),a
0046   623D 21 00 C0    		ld	hl,0C000h			;£àã§¨¬ ¬ã§ëª «ì­ë© ¯ ª 0.
0047   6240 ED 5B F4 5C 		ld	de,(5CF4h)
0048   6244 01 05 38    		ld	bc,3805h
0049   6247 CD 13 3D    		call	3d13h
0050   624A             
0051   624A 3E 13       		ld	a,13h 
0052   624C 01 FD 7F    		ld	bc,7ffdh
0053   624F ED 79       		out	(c),a
0054   6251 21 00 C0    		ld	hl,0C000h			;£àã§¨¬ ¬ã§ëª «ì­ë© ¯ ª 1.
0055   6254 ED 5B F4 5C 		ld	de,(5CF4h)
0056   6258 01 05 3A    		ld	bc,3A05h
0057   625B CD 13 3D    		call	3d13h
0058   625E             
0059   625E 3E 14       		ld	a,14h 
0060   6260 01 FD 7F    		ld	bc,7ffdh
0061   6263 ED 79       		out	(c),a
0062   6265 21 00 C0    		ld	hl,0C000h			;£àã§¨¬ ¬ã§ëª «ì­ë© ¯ ª 2.
0063   6268 ED 5B F4 5C 		ld	de,(5CF4h)
0064   626C 01 05 3D    		ld	bc,3D05h
0065   626F CD 13 3D    		call	3d13h
0066   6272             		
0067   6272 3E 16       		ld	a,16h 
0068   6274 01 FD 7F    		ld	bc,7ffdh
0069   6277 ED 79       		out	(c),a
0070   6279 21 00 C0    		ld	hl,0C000h			;£àã§¨¬ ¬ã§ëª «ì­ë© ¯ ª 3
0071   627C ED 5B F4 5C 		ld	de,(5CF4h)
0072   6280 01 05 3C    		ld	bc,3C05h
0073   6283 CD 13 3D    		call	3d13h
0074   6286             
0075   6286 3E 17       		ld	a,17h 
0076   6288 01 FD 7F    		ld	bc,7ffdh
0077   628B ED 79       		out	(c),a
0078   628D 21 00 C0    		ld	hl,0C000h			;£àã§¨¬ ¬ã§ëª «ì­ë© ¯ ª 4
0079   6290 ED 5B F4 5C 		ld	de,(5CF4h)
0080   6294 01 05 3E    		ld	bc,3E05h
0081   6297 CD 13 3D    		call	3d13h
0082   629A             
0083   629A 3E 10       		ld	a,10h 
0084   629C 01 FD 7F    		ld	bc,7ffdh
0085   629F ED 79       		out	(c),a
0086   62A1             
0087   62A1 CD 4A 64    		call	MoonSound_init_opl4
0088   62A4 CD D8 63    		call	MoonSound_mwkload
0089   62A7             
0090   62A7 31 FF 5F    		ld	sp,5fffh
0091   62AA             
0092   62AA CD 02 67    		call	Str_init			;¨­¨æ¨ «¨§ æ¨ï ¡¥£ãé¥© áâà®ª¨
0093   62AD CD D2 66    		call	Analyzer_init			
0094   62B0             
0095   62B0 21 00 60    		ld	hl,6000h                       	
0096   62B3 11 01 60    		ld	de,6001h
0097   62B6 01 00 01    		ld	bc,0100h
0098   62B9 36 61       		ld	(hl),61h
0099   62BB ED B0       		ldir
0100   62BD 3E C3       		ld	a,0c3h                          
0101   62BF 32 61 61    		ld	(6161h),a
0102   62C2 21 F9 65    		ld	hl,Interrupt_handle
0103   62C5 22 62 61    		ld	(6162h),hl
0104   62C8             
0105   62C8 3E 60       		ld	a,60h                          
0106   62CA ED 47       		ld	i,a
0107   62CC ED 5E       		im	2
0108   62CE             
0109   62CE AF          		xor	a
0110   62CF C3 11 63    		jp	MoonSound_next_music
0111   62D2             
0112   62D2             ;		ei
0113   62D2             
0114   62D2             MoonSound_key: 		
0115   62D2 AF          		xor	a
0116   62D3 32 ED 64                    ld	(MoonSound_key_press),a
0117   62D6             MoonSound_loop: 		
0118   62D6 76          		halt
0119   62D7             
0120   62D7 3A E9 64                    ld	a,(MoonSound_flg_next)
0121   62DA A7          		and	a
0122   62DB 20 27       		jr	nz,MoonSound_select_next 	
0123   62DD             
0124   62DD 3E 7F       		ld	a,7fh				;®¦¨¤ ¥¬ ¯à®¡¥« - ¯¥à¥å®¤ ª á«¥¤ãîé¥© ª®¬¯®§¨æ¨¨
0125   62DF DB FE       		in	a,(0feh)
0126   62E1 1F          		rra	
0127   62E2 38 EE       		jr	c,MoonSound_key
0128   62E4             
0129   62E4 3E FE       		ld	a,0FEh
0130   62E6 DB FE       		in	a,(0FEh)
0131   62E8 1F          		rra	    
0132   62E9 D2 CD 63    		jp	nc,MoonSound_exit
0133   62EC             
0134   62EC 3A ED 64    		ld	a,(MoonSound_key_press)
0135   62EF A7          		and	a
0136   62F0 20 E4       		jr	nz,MoonSound_loop
0137   62F2             
0138   62F2 3C          		inc	a
0139   62F3 32 ED 64                    ld	(MoonSound_key_press),a
0140   62F6             
0141   62F6 3E 08       		ld	a,8
0142   62F8 CD EE 83    		call	MBPlayer_fade			;§ âãå ­¨¥ ¬¥«®¤¨¨
0143   62FB             		
0144   62FB             MoonSound_fade_wait: 	
0145   62FB 3A 69 8B    		ld	a,(MBPlayer_play_busy)		;¦¤¥¬ ¯®ª  ®áâ ­®¢¨âáï ¯à®¨£àë¢ â¥«ì
0146   62FE B7          		or	a
0147   62FF 20 FA       		jr	nz,MoonSound_fade_wait
0148   6301 CD EB 83    		call	MBPlayer_stop
0149   6304             
0150   6304             
0151   6304             MoonSound_select_next: 
0152   6304 AF          		xor	a
0153   6305 32 E9 64                    ld	(MoonSound_flg_next),a
0154   6308             
0155   6308 3A EB 64    		ld	a,(MoonSound_count_music)
0156   630B 3C          		inc	a
0157   630C FE 0C       		cp	12
0158   630E 38 01       		jr	c,MoonSound_next_music
0159   6310 AF          		xor	a
0160   6311             
0161   6311             MoonSound_next_music: 
0162   6311 F3          		di	
0163   6312 32 EB 64    		ld	(MoonSound_count_music),a
0164   6315 6F          		ld	l,a
0165   6316 5F          		ld	e,a
0166   6317 26 00       		ld	h,0
0167   6319 54          		ld	d,h
0168   631A 29          		add	hl,hl
0169   631B 29          		add	hl,hl
0170   631C 19          		add	hl,de
0171   631D 11 91 63    		ld	de,MoonSound_tabl_music
0172   6320 19          		add	hl,de
0173   6321 7E          		ld	a,(hl)				;­®¬¥à áâà ­¨æë ¯ ¬ïâ¨
0174   6322 32 EC 64    		ld	(MoonSound_page_memory),a
0175   6325 23          		inc	hl
0176   6326 5E          		ld	e,(hl)				; ¤à¥á âà¥ª                           
0177   6327 23          		inc	hl
0178   6328 56          		ld	d,(hl)
0179   6329 23          		inc	hl
0180   632A 7E          		ld	a,(hl)                          ;ç¨á«® ­¥¯®«­ëå ¡ ©â
0181   632B 23          		inc	hl
0182   632C 46          		ld	b,(hl)				;ç¨á«® á¥ªâ®à®¢
0183   632D A7          		and	a
0184   632E 28 01       		jr	z,MoonSound_copy_block
0185   6330 04          		inc	b	
0186   6331             
0187   6331             MoonSound_copy_block: 
0188   6331 21 00 C8    		ld	hl,0C800h
0189   6334 22 EE 64    		ld	(MoonSound_copy_addr),hl
0190   6337 EB          		ex	hl,de
0191   6338             
0192   6338             MoonSound_copy_loop: 
0193   6338 C5          		push	bc
0194   6339 3A EC 64    		ld	a,(MoonSound_page_memory)	;§ £àã§¨¬ ­®¬¥à áâà ­¨æë ¯ ¬ïâ¨
0195   633C 01 FD 7F    		ld	bc,7ffdh
0196   633F ED 79       		out	(c),a
0197   6341             
0198   6341 11 F0 64    		ld	de,MoonSound_copy_buffer
0199   6344 01 00 01    		ld	bc,100h
0200   6347 ED B0       		ldir
0201   6349 E5          		push	hl
0202   634A 3E 10       		ld	a,10h
0203   634C 01 FD 7F    		ld	bc,7ffdh
0204   634F ED 79       		out	(c),a
0205   6351 2A EE 64    		ld	hl,(MoonSound_copy_addr)
0206   6354 11 F0 64    		ld	de,MoonSound_copy_buffer
0207   6357 EB          		ex	hl,de
0208   6358 01 00 01    		ld	bc,100h
0209   635B ED B0       		ldir
0210   635D EB          		ex	hl,de
0211   635E 22 EE 64    		ld	(MoonSound_copy_addr),hl
0212   6361 E1          		pop	hl
0213   6362 C1          		pop	bc
0214   6363 10 D3       		djnz	MoonSound_copy_loop
0215   6365             
0216   6365 CD 5B 64    		call	MoonSound_mwmload
0217   6368             
0218   6368 21 00 C0    		ld	hl,0C000h
0219   636B 22 6E 8B    		ld	(MBPlayer_songdata_addres),hl
0220   636E CD E5 83    		call	MBPlayer_init
0221   6371             
0222   6371 3A EA 64    		ld	a,(MoonSound_number_music)
0223   6374 3C          		inc	a
0224   6375 4F          		ld	c,a
0225   6376 E6 0F       		and	0Fh
0226   6378 FE 0A       		cp	10
0227   637A 38 04       		jr	c,MoonSound_number_correct
0228   637C 3E 06       		ld	a,6
0229   637E 81          		add	c
0230   637F 4F          		ld	c,a
0231   6380             
0232   6380             MoonSound_number_correct: 
0233   6380 79          		ld	a,c
0234   6381 32 EA 64    		ld	(MoonSound_number_music),a
0235   6384 FE 13       		cp	13h
0236   6386 38 02       		jr	c,MoonSound_number_valid
0237   6388 3E 01       		ld	a,1
0238   638A             
0239   638A             MoonSound_number_valid: 
0240   638A 32 EA 64    		ld	(MoonSound_number_music),a
0241   638D             
0242   638D FB          		ei
0243   638E C3 D6 62    		jp      MoonSound_loop
0244   6391             
0245   6391             MoonSound_tabl_music: 
0246   6391             
0247   6391             
0248   6391 11          		db	11h   				; 1 ¬ã§ëª «ì­®¥ ¯à®¨§¢¥¤¥­¨¥
0249   6392 00 C0       		dw	0C000h
0250   6394 30 25       		dw	2530h
0251   6396 11          		db	11h   				; 2 ¬ã§ëª «ì­®¥ ¯à®¨§¢¥¤¥­¨¥
0252   6397 30 E5       		dw	0E530h
0253   6399 B0 12       		dw	12B0h
0254   639B             
0255   639B             
0256   639B 13          		db	13h   				; 3 ¬ã§ëª «ì­®¥ ¯à®¨§¢¥¤¥­¨¥
0257   639C 00 C0       		dw	0C000h
0258   639E B0 1D       		dw	1DB0h
0259   63A0 13          		db	13h   				; 4 ¬ã§ëª «ì­®¥ ¯à®¨§¢¥¤¥­¨¥
0260   63A1 B0 DD       		dw	0DDB0h
0261   63A3 80 1B       		dw	1B80h
0262   63A5             
0263   63A5 14          		db	14h   				; 5 ¬ã§ëª «ì­®¥ ¯à®¨§¢¥¤¥­¨¥
0264   63A6 00 C0       		dw	0C000h
0265   63A8 F0 0E       		dw	0EF0h
0266   63AA 14          		db	14h   				; 6 ¬ã§ëª «ì­®¥ ¯à®¨§¢¥¤¥­¨¥
0267   63AB F0 CE       		dw	0CEF0h
0268   63AD D0 1D       		dw	1DD0h
0269   63AF 14          		db	14h   				; 7 ¬ã§ëª «ì­®¥ ¯à®¨§¢¥¤¥­¨¥
0270   63B0 C0 EC       		dw	0ECC0h
0271   63B2 20 10       		dw	1020h
0272   63B4             
0273   63B4 16          		db	16h   				; 8 ¬ã§ëª «ì­®¥ ¯à®¨§¢¥¤¥­¨¥
0274   63B5 00 C0       		dw	0C000h
0275   63B7 F0 14       		dw	14F0h
0276   63B9 16          		db	16h   				; 9 ¬ã§ëª «ì­®¥ ¯à®¨§¢¥¤¥­¨¥
0277   63BA F0 D4       		dw	0D4F0h
0278   63BC 40 12       		dw	1240h
0279   63BE 16          		db	16h   				; 10 ¬ã§ëª «ì­®¥ ¯à®¨§¢¥¤¥­¨¥
0280   63BF 30 E7       		dw	0E730h
0281   63C1 10 14       		dw	1410h
0282   63C3             
0283   63C3 17          		db	17h   				; 11 ¬ã§ëª «ì­®¥ ¯à®¨§¢¥¤¥­¨¥
0284   63C4 00 C0       		dw	0C000h
0285   63C6 50 23       		dw	2350h
0286   63C8 17          		db	17h   				; 12 ¬ã§ëª «ì­®¥ ¯à®¨§¢¥¤¥­¨¥
0287   63C9 50 E3       		dw	0E350h
0288   63CB 80 1A       		dw	1A80h
0289   63CD             		
0290   63CD             
0291   63CD             MoonSound_exit: 		
0292   63CD F3          		di	
0293   63CE CD EB 83    		call	MBPlayer_stop
0294   63D1 21 00 00    		ld	hl,0	
0295   63D4 E5          		push	hl
0296   63D5 C3 2F 3D          		jp  	3d2fh				;¢ëå®¤ ¢ TR-DOS
0297   63D8             
0298   63D8             MoonSound_mwkload: 
0299   63D8 11 11 02    		ld	de,0211h			;®âªàë¢ ¥¬ Ž‡“ ­  § ¯¨áì
0300   63DB CD 3B 64    		call	MoonSound_wave_out
0301   63DE             	
0302   63DE 11 20 03    		ld	de,0320h			;ãáâ ­ ¢«¨¢ ¥¬  ¤à¥á 200000h
0303   63E1 CD 3B 64    		call	MoonSound_wave_out
0304   63E4 11 00 04    		ld	de,0400h                        ;áâ àè¨© ¡ ©â
0305   63E7 CD 3B 64    		call	MoonSound_wave_out		
0306   63EA 14          		inc	d                               ;05 - ¬« ¤è¨© ¡ ©â  ¤à¥á 
0307   63EB CD 3B 64    		call	MoonSound_wave_out
0308   63EE             
0309   63EE 06 07       		ld	b,7				;ç¨á«® ¡«®ª®¢ ¯® 16ª¡
0310   63F0             MoonSound_loop_block: 
0311   63F0             
0312   63F0 C5          		push	bc
0313   63F1 21 00 C0    		ld	hl,0C000h			;£àã§¨¬ ¡«®ª á¥¬¯«®¢
0314   63F4 ED 5B F4 5C 		ld	de,(5CF4h)
0315   63F8 01 05 40    		ld	bc,4005h			
0316   63FB CD 13 3D    		call	3d13h
0317   63FE             
0318   63FE 21 00 C0    		ld	hl,0C000h
0319   6401 01 00 40    		ld	bc,4000h
0320   6404 16 06       		ld	d,06h                        	;06 -§ ¯¨è¥¬ ¤ ­­ë¥ ¤ ­­ë¥
0321   6406             
0322   6406             MoonSound_loop_write: 
0323   6406 5E          		ld	e,(hl)
0324   6407 CD 3B 64    		call	MoonSound_wave_out		
0325   640A CD 44 64    		call	MoonSound_busy			;¯à®¢¥à¨¬ £®â®¢­®áâì ¬¨ªà®áå¥¬ë
0326   640D 23          		inc	hl
0327   640E 0B          		dec	bc
0328   640F 78          		ld	a,b
0329   6410 B1          		or	c
0330   6411 20 F3       		jr	nz, MoonSound_loop_write
0331   6413 C1          		pop	bc
0332   6414 10 DA       		djnz	MoonSound_loop_block
0333   6416             
0334   6416 21 00 C0    		ld	hl,0C000h			;£àã§¨¬ ¡«®ª á¥¬¯«®¢
0335   6419 ED 5B F4 5C 		ld	de,(5CF4h)
0336   641D 01 05 30    		ld	bc,3005h			
0337   6420 CD 13 3D    		call	3d13h
0338   6423             
0339   6423 21 00 C0    		ld	hl,0C000h
0340   6426 01 00 30    		ld	bc,3000h
0341   6429 16 06       		ld	d,06h                        	;06 -§ ¯¨è¥¬ ¤ ­­ë¥ ¤ ­­ë¥
0342   642B             
0343   642B             MoonSound_loop_write1: 
0344   642B 5E          		ld	e,(hl)
0345   642C CD 3B 64    		call	MoonSound_wave_out		
0346   642F CD 44 64    		call	MoonSound_busy			;¯à®¢¥à¨¬ £®â®¢­®áâì ¬¨ªà®áå¥¬ë
0347   6432 23          		inc	hl
0348   6433 0B          		dec	bc
0349   6434 78          		ld	a,b
0350   6435 B1          		or	c
0351   6436 20 F3       		jr	nz, MoonSound_loop_write1
0352   6438             
0353   6438 11 10 02    		ld	de, 0210h			;§ ªàë¢ ¥¬ ¤®áâã¯ ª Ž‡“ ª àâë
0354   643B             ;-------------------------------------------------------------------
0355   643B             ; ®¯¨á ­¨¥: ‡ ¯¨áì ¢ à¥£¨áâàë Wave
0356   643B             ; ¯ à ¬¥âàë: D =  ¤à¥á à¥£¨áâà  
0357   643B             ;	     E = ¤ ­­ë¥
0358   643B             ; ¢®§¢à é ¥¬®¥  §­ ç¥­¨¥: ­¥â
0359   643B             ;-------------------------------------------------------------------
0360   643B             MoonSound_wave_out: 
0361   643B 7A          		ld	a, d
0362   643C D3 7E       		out	(MOON_WREG),a
0363   643E             		
0364   643E 00          		nop
0365   643F 00          		nop	
0366   6440             
0367   6440 7B          		ld	a, e
0368   6441 D3 7F       		out	(MOON_WDAT),a
0369   6443 C9          		ret
0370   6444             ;-------------------------------------------------------------------
0371   6444             ; ®¯¨á ­¨¥: Ž¦¨¤ ­¨¥ £®â®¢­®áâ¨ ¬¨ªà®áå¥¬ë
0372   6444             ; ¯ à ¬¥âàë: ­¥â
0373   6444             ; ¢®§¢à é ¥¬®¥  §­ ç¥­¨¥: ­¥â
0374   6444             ;-------------------------------------------------------------------
0375   6444             MoonSound_busy: 
0376   6444 DB C4       		in	a,(MOON_STAT)
0377   6446 1F          		rra
0378   6447 38 FB       		jr	c,MoonSound_busy		
0379   6449 C9          		ret
0380   644A             ;-------------------------------------------------------------------
0381   644A             ; ®¯¨á ­¨¥: ˆ­¨æ¨ «¨§ æ¨ï OPL4 à¥£¨áâà®¢
0382   644A             ; ¯ à ¬¥âàë: ­¥â
0383   644A             ; ¢®§¢à é ¥¬®¥  §­ ç¥­¨¥: ­¥â
0384   644A             ;---------------------------------------------------------------------
0385   644A             MoonSound_init_opl4: 
0386   644A 3E 05       		ld	a, 5
0387   644C D3 C6       		out	(0C6h),	a
0388   644E C5          		push	bc
0389   644F C1          		pop	bc
0390   6450 3E 03       		ld	a, 3
0391   6452 D3 C7       		out	(0C7h),	a
0392   6454 16 02       		ld	d, 2
0393   6456 1E 10       		ld	e, 10h
0394   6458 C3 3B 64    		jp	MoonSound_wave_out
0395   645B             
0396   645B             MoonSound_mwmload: 
0397   645B 21 00 C8    		ld	hl,0C800h
0398   645E 22 F4 65    		ld	(load_position),hl
0399   6461 21 00 C0    		ld	hl,0C000h
0400   6464 22 6E 8B    		ld	(MBPlayer_songdata_addres),hl
0401   6467             
0402   6467             ;--- Load MWM file ---
0403   6467             
0404   6467             ; Note: The routine below is a bit complex because it supports
0405   6467             ; songs > 16K. However, if you know that your song will always be < 16K you
0406   6467             ; can simplify it a lot:
0407   6467             ; - read the header and trash it!
0408   6467             ; - read the rest of the file
0409   6467             ; - modify the play_nextpos routine so that 3 is added to the pattern address
0410   6467             
0411   6467             mbload: 
0412   6467             
0413   6467 21 6D 8B    		ld	hl,MBPlayer_songdata_bank1	; select first song bank
0414   646A 22 F2 65    		ld	(load_bank),hl
0415   646D 7E          		ld	a,(hl)
0416   646E             
0417   646E 21 06 00    		ld	hl,6
0418   6471 ED 5B 6E 8B 		ld	de,(MBPlayer_songdata_addres)
0419   6475 CD C5 64    		call	load_file			; read header
0420   6478             
0421   6478 21 16 01    		ld	hl,278
0422   647B ED 5B 6E 8B 		ld	de,(MBPlayer_songdata_addres)		; read settings
0423   647F CD C5 64    		call	load_file
0424   6482 1A          		ld	a,(de)
0425   6483 19          		add	hl,de
0426   6484 EB          		ex	de,hl
0427   6485 3C          		inc	a
0428   6486 6F          		ld	l,a
0429   6487 26 00       		ld	h,0
0430   6489 CD C5 64    		call	load_file			; read positions
0431   648C CD D9 64    		call	check_pats
0432   648F 19          		add	hl,de
0433   6490 EB          		ex	de,hl
0434   6491 87          		add	a,a
0435   6492 6F          		ld	l,a
0436   6493 26 00       		ld	h,0
0437   6495 CD C5 64    		call	load_file			; read pattern addresses
0438   6498 19          		add	hl,de
0439   6499 22 F0 65    		ld	(load_adres),hl
0440   649C             
0441   649C             mbload_lp: 
0442   649C 11 F6 65    		ld	de,load_buffer
0443   649F 21 03 00    		ld	hl,3
0444   64A2 CD C5 64    		call	load_file
0445   64A5 3A F8 65    		ld	a,(load_buffer + 2)
0446   64A8 B7          		or	a
0447   64A9 C8          		ret	z
0448   64AA ED 5B F0 65 		ld	de,(load_adres)
0449   64AE 2A F6 65    		ld	hl,(load_buffer)
0450   64B1 CD C5 64    		call	load_file
0451   64B4             
0452   64B4 11 00 C0    		ld	de,0C000h
0453   64B7 ED 53 F0 65 		ld	(load_adres),de
0454   64BB 2A F2 65    		ld	hl,(load_bank)
0455   64BE 23          		inc	hl
0456   64BF 7E          		ld	a,(hl)
0457   64C0 22 F2 65    		ld	(load_bank),hl
0458   64C3 18 D7       		jr	mbload_lp
0459   64C5             
0460   64C5             
0461   64C5             
0462   64C5             ;--- Load (part of) file ---
0463   64C5             ; In: HL = number of bytes to read
0464   64C5             ;     DE = transfer address
0465   64C5             
0466   64C5             load_file: 	
0467   64C5 7D          		ld	a,l
0468   64C6 B4          		or	h
0469   64C7 C8          		ret	z
0470   64C8             
0471   64C8 E5          		push	hl
0472   64C9 D5          		push	de
0473   64CA C5          		push	bc
0474   64CB             
0475   64CB E5          		push	hl
0476   64CC C1          		pop	bc
0477   64CD 2A F4 65    		ld	hl,(load_position)
0478   64D0 ED B0       		ldir
0479   64D2 22 F4 65    		ld	(load_position),hl
0480   64D5 C1          		pop	bc
0481   64D6 D1          		pop	de
0482   64D7 E1          		pop	hl
0483   64D8 C9          		ret
0484   64D9             
0485   64D9             ;--- search highest pattern ---
0486   64D9             ; In: L = #positions, DE = pointer to patterns
0487   64D9             ; Out: A = highest pattern
0488   64D9             
0489   64D9             check_pats: 	
0490   64D9 E5          		push	hl
0491   64DA D5          		push	de
0492   64DB 45          		ld	b,l
0493   64DC EB          		ex	de,hl
0494   64DD AF          		xor	a
0495   64DE             check_patslp: 	
0496   64DE BE          		cp	(hl)
0497   64DF 30 01       		jr	nc,check_pats2
0498   64E1 7E          		ld	a,(hl)
0499   64E2 23          check_pats2: 	inc	hl
0500   64E3 10 F9       		djnz	check_patslp
0501   64E5 3C          		inc	a
0502   64E6 D1          		pop	de
0503   64E7 E1          		pop	hl
0504   64E8 C9          		ret
0505   64E9             
0506   64E9             MoonSound_flg_next: 
0507   64E9 00          		db	0
0508   64EA             MoonSound_number_music: 
0509   64EA 00          		db	0
0510   64EB             
0511   64EB             MoonSound_count_music: 
0512   64EB 00          		db	0
0513   64EC             
0514   64EC             MoonSound_page_memory: 
0515   64EC 00          		db	0		
0516   64ED             MoonSound_key_press: 
0517   64ED 00          		db	0
0518   64EE             
0519   64EE             
0520   64EE             MoonSound_copy_addr: 
0521   64EE 00 00       		dw	0
0522   64F0             MoonSound_copy_buffer: 
0523   64F0 00          		ds	256
0524   65F0             
0525   65F0 00 00       load_adres: 	dw	0
0526   65F2 00 00       load_bank: 	dw	0
0527   65F4 00 00       load_position: 	dw	0
0528   65F6 00 00 00    load_buffer: 	db	0,0,0
0529   65F9             
0530   65F9             
0531   65F9             Interrupt_handle: 
0532   65F9 E5          		push	hl
0533   65FA D5          		push	de
0534   65FB C5          		push	bc
0535   65FC F5          		push	af
0536   65FD             
0537   65FD DB C4       		in	a, (0C4h)
0538   65FF 17          		rla	
0539   6600 30 15       		jr	nc, Interrupt_exit
0540   6602             
0541   6602 3E 04       		ld	a,4
0542   6604 D3 C4       		out	(0C4h),a
0543   6606 00          		nop	
0544   6607 3E 81       		ld	a,128+1
0545   6609 D3 C5       		out	(0C5h),a			; reset opl4 IRQ
0546   660B             
0547   660B             
0548   660B             
0549   660B CD 1D 66    		call 	Analyzer_update
0550   660E CD 21 67    		call	Str_play
0551   6611             
0552   6611 CD E8 83    		call	MBPlayer_play
0553   6614             
0554   6614 CD 5E 66    		call 	Analyzer_view
0555   6617             
0556   6617             Interrupt_exit: 
0557   6617             
0558   6617 F1          		pop	af
0559   6618 C1          		pop	bc
0560   6619 D1          		pop	de
0561   661A E1          		pop	hl
0562   661B FB          		ei
0563   661C C9          		ret
0564   661D             
0565   661D             
0566   661D             		.include  analyzer.asm
0001+  661D             ;--------------------------------------------------------------------
0002+  661D             ; Ž¯¨á ­¨¥: Œ®¤ã«ì ®â®¡à ¦¥­¨ï  ­ «¨§ â®à 
0003+  661D             ; €¢â®à: ’ à á®¢ Œ..(Mick),2016
0004+  661D             ;--------------------------------------------------------------------
0005+  661D             
0006+  661D             ;-------------------------------------------------------------------
0007+  661D             ; ®¯¨á ­¨¥: Ž¡­®¢«¥­¨¥ ¯ à ¬¥âà®¢  ­ «¨§ â®à 
0008+  661D             ; ¯ à ¬¥âàë: ­¥â
0009+  661D             ; ¢®§¢à é ¥¬®¥  §­ ç¥­¨¥: ­¥â
0010+  661D             ;---------------------------------------------------------------------
0011+  661D             Analyzer_update: 
0012+  661D 3E 0C       		ld	a, 0Ch
0013+  661F 32 DD 66    		ld	(byte_0_CF9), a
0014+  6622 11 23 97    		ld	de, MBPlayer_volume_buffer_2
0015+  6625 21 DE 66    		ld	hl, Analyzer_vol_table_1
0016+  6628 3E 18       		ld	a, 24
0017+  662A             
0018+  662A             loc_0_5D8: 
0019+  662A 08          		ex	af, af'
0020+  662B E5          		push	hl
0021+  662C 1A          		ld	a, (de)
0022+  662D             
0023+  662D E6 0F       		and	0Fh
0024+  662F 4F          		ld	c,a
0025+  6630 1A          		ld	a,(de)
0026+  6631 E6 F0       		and	0F0h
0027+  6633 0F          		rrca	
0028+  6634 0F          		rrca	
0029+  6635 0F          		rrca
0030+  6636 0F          		rrca	
0031+  6637 B9          		cp	c
0032+  6638 30 01       		jr	nc,Analyzer_up_ch0
0033+  663A 79          		ld	a,c	
0034+  663B             
0035+  663B             Analyzer_up_ch0: 
0036+  663B E6 0F       		and	0Fh
0037+  663D 28 07       		jr	z, loc_0_5EA
0038+  663F ED 44       		neg	
0039+  6641 C6 11       		add	a, 11h
0040+  6643 C3 4C 66    		jp	loc_0_5F0
0041+  6646             
0042+  6646             loc_0_5EA: 
0043+  6646 7E          		ld	a, (hl)
0044+  6647 FE 01       		cp	1
0045+  6649 38 02       		jr	c, loc_0_5FA
0046+  664B 3D          		dec	a
0047+  664C             loc_0_5F0: 
0048+  664C 77          		ld	(hl), a
0049+  664D             loc_0_5FA: 
0050+  664D 3E 04       		ld	a, 4
0051+  664F 21 DD 66    		ld	hl, byte_0_CF9
0052+  6652 86          		add	a, (hl)
0053+  6653 77          		ld	(hl), a
0054+  6654 E1          		pop	hl
0055+  6655 23          		inc	hl
0056+  6656 AF          		xor	a
0057+  6657 12          		ld	(de), a
0058+  6658 13          		inc	de
0059+  6659 08          		ex	af, af'
0060+  665A 3D          		dec	a
0061+  665B 20 CD       		jr	nz, loc_0_5D8
0062+  665D C9          		ret
0063+  665E             ;-------------------------------------------------------------------
0064+  665E             ; ®¯¨á ­¨¥: Žâ®¡à ¦¥­¨¥  ­ «¨§ â®à 
0065+  665E             ; ¯ à ¬¥âàë: ­¥â
0066+  665E             ; ¢®§¢à é ¥¬®¥  §­ ç¥­¨¥: ­¥â
0067+  665E             ;---------------------------------------------------------------------
0068+  665E             Analyzer_view: 
0069+  665E             
0070+  665E 0E 0E       		ld	c,14
0071+  6660 21 C0 51    		ld	hl,51C0h
0072+  6663 CD 9D 66    		call	Analyzer_draw
0073+  6666             
0074+  6666 0E 0C       		ld	c,12
0075+  6668 21 C0 53    		ld	hl,53C0h
0076+  666B CD 9D 66    		call	Analyzer_draw
0077+  666E                                                                     
0078+  666E             
0079+  666E 0E 0A       		ld	c,10
0080+  6670 21 C0 55    		ld	hl,55C0h
0081+  6673 CD 9D 66    		call	Analyzer_draw
0082+  6676                                                                    
0083+  6676             
0084+  6676 0E 08       		ld	c,8
0085+  6678 21 C0 57    		ld	hl,57C0h
0086+  667B CD 9D 66    		call	Analyzer_draw
0087+  667E             
0088+  667E 0E 06       		ld	c,6
0089+  6680 21 E0 51    		ld	hl,51E0h
0090+  6683 CD 9D 66    		call	Analyzer_draw
0091+  6686             
0092+  6686 0E 04       		ld	c,4
0093+  6688 21 E0 53    		ld	hl,53E0h
0094+  668B CD 9D 66    		call	Analyzer_draw
0095+  668E             
0096+  668E 0E 02       		ld	c,2
0097+  6690 21 E0 55    		ld	hl,55E0h
0098+  6693 CD 9D 66    		call	Analyzer_draw
0099+  6696             
0100+  6696 21 E0 57    		ld	hl,57E0h
0101+  6699 CD C1 66    		call	Analyzer_fill
0102+  669C C9          		ret
0103+  669D             ;-------------------------------------------------------------------
0104+  669D             ; ®¯¨á ­¨¥: Žâà¨á®¢ª  «¥¢®£® ª ­ «   ­ «¨§ â®à 
0105+  669D             ; ¯ à ¬¥âàë: HL -  ¤à¥á íªà ­ 
0106+  669D             ;            C - ¯®§¨æ¨ï ¢ ¨­¤¨ª â®à¥
0107+  669D             ; ¢®§¢à é ¥¬®¥  §­ ç¥­¨¥: ­¥â
0108+  669D             ;---------------------------------------------------------------------
0109+  669D             Analyzer_draw: 
0110+  669D 06 0C       		ld	b,12
0111+  669F 11 DE 66    		ld	de, Analyzer_vol_table_1
0112+  66A2             Analyzer_loop: 
0113+  66A2             
0114+  66A2 78          		ld	a,b
0115+  66A3 FE 06       		cp	6
0116+  66A5 20 04       		jr	nz,Analyzer_skip_2
0117+  66A7 3E 14       		ld	a,14h
0118+  66A9 85          		add	a,l
0119+  66AA 6F          		ld	l,a
0120+  66AB             Analyzer_skip_2: 
0121+  66AB             
0122+  66AB 36 00       		ld	(hl),0
0123+  66AD 1A          		ld	a,(de)
0124+  66AE B9          		cp	c
0125+  66AF 38 02       		jr	c,Analyzer_skip_0
0126+  66B1 36 70       		ld	(hl),70h
0127+  66B3             Analyzer_skip_0: 
0128+  66B3 13          		inc	de
0129+  66B4             
0130+  66B4 1A          		ld	a,(de)
0131+  66B5 B9          		cp	c
0132+  66B6 38 04       		jr	c,Analyzer_skip_1
0133+  66B8 3E 07       		ld	a,07h
0134+  66BA B6          		or	(hl)
0135+  66BB 77          		ld	(hl),a
0136+  66BC             Analyzer_skip_1: 
0137+  66BC 2C          		inc	l
0138+  66BD 13          		inc	de
0139+  66BE 10 E2       		djnz	Analyzer_loop
0140+  66C0 C9          		ret	
0141+  66C1             ;-------------------------------------------------------------------
0142+  66C1             ; ®¯¨á ­¨¥: Žâà¨á®¢ª  «¥¢®£® ª ­ «   ­ «¨§ â®à 
0143+  66C1             ; ¯ à ¬¥âàë: HL -  ¤à¥á íªà ­ 
0144+  66C1             ; ¢®§¢à é ¥¬®¥  §­ ç¥­¨¥: ­¥â
0145+  66C1             ;---------------------------------------------------------------------
0146+  66C1             Analyzer_fill: 
0147+  66C1 06 0C       		ld	b,12
0148+  66C3             
0149+  66C3             Analyzer_fill_loop: 
0150+  66C3 78          		ld	a,b
0151+  66C4 FE 06       		cp	6
0152+  66C6 20 04       		jr	nz,Analyzer_fill_2
0153+  66C8 3E 14       		ld	a,14h
0154+  66CA 85          		add	a,l
0155+  66CB 6F          		ld	l,a
0156+  66CC             Analyzer_fill_2: 
0157+  66CC             
0158+  66CC 36 77       		ld	(hl),77h
0159+  66CE 2C          		inc	l
0160+  66CF 10 F2       		djnz	Analyzer_fill_loop
0161+  66D1 C9          		ret	
0162+  66D2             ;-------------------------------------------------------------------
0163+  66D2             ; ®¯¨á ­¨¥: Ž¡­®¢«¥­¨¥ ¯ à ¬¥âà®¢  ­ «¨§ â®à 
0164+  66D2             ; ¯ à ¬¥âàë: ­¥â
0165+  66D2             ; ¢®§¢à é ¥¬®¥  §­ ç¥­¨¥: ­¥â
0166+  66D2             ;---------------------------------------------------------------------
0167+  66D2             Analyzer_init: 
0168+  66D2 06 18                     	ld	b, 24
0169+  66D4 21 DE 66    		ld	hl,Analyzer_vol_table_1
0170+  66D7             
0171+  66D7             Analyzer_init_loop: 
0172+  66D7 36 00                       ld	(hl),0
0173+  66D9 23          		inc	hl
0174+  66DA 10 FB       		djnz	Analyzer_init_loop
0175+  66DC C9          		ret
0176+  66DD             
0177+  66DD             ;-------------------------------------------------------------------
0178+  66DD             ; ®¯¨á ­¨¥:  ¥à¥¬¥­­ë¥ ¯à ¢®£® ¨ «¥¢®£® ª ­ «®¢  ­ «¨§ â®à 
0179+  66DD             ;---------------------------------------------------------------------
0180+  66DD             byte_0_CF9: 
0181+  66DD 00          		ds	1
0182+  66DE             Analyzer_vol_table_1: 
0183+  66DE 00          		ds	24
0184+  66F6             
0567   66F6             		.include  string.asm
0001+  66F6             ;--------------------------------------------------------------------
0002+  66F6             ; Îïèñàíèå: Áåãóùàÿ ñòðîêà
0003+  66F6             ; Àâòîð ïîðòà: îñíîâà âûäðàíà èç çàïèëÿòîðà
0004+  66F6             ;--------------------------------------------------------------------
0005+  66F6             Str_reload: 
0006+  66F6 3A 0C 68    		ld	a,(Str_flg_end)
0007+  66F9 A7          		and	a
0008+  66FA 28 06       		jr 	z,Str_init
0009+  66FC AF          		xor	a
0010+  66FD 32 0C 68    		ld	(Str_flg_end),a
0011+  6700 37          		scf
0012+  6701 C9          		ret
0013+  6702             
0014+  6702             Str_init: 
0015+  6702 3E 0F       		ld	a,0Fh
0016+  6704 32 0D 68    		ld	(Str_count_bit),a
0017+  6707 21 1B 69    		ld	hl,Str_addr_text
0018+  670A 22 0E 68    		ld	(Str_addr_work),hl
0019+  670D 7E          		ld	a,(hl)
0020+  670E C9          		ret
0021+  670F             
0022+  670F             
0023+  670F             Str_init_load: 
0024+  670F 3E 0F       		ld	a,0Fh
0025+  6711 32 0D 68    		ld	(Str_count_bit),a
0026+  6714 21 10 69    		ld	hl,Str_addr_load
0027+  6717 22 0E 68    		ld	(Str_addr_work),hl
0028+  671A 3E 01       		ld	a,1
0029+  671C 32 0C 68    		ld	(Str_flg_end),a
0030+  671F 7E          		ld	a,(hl)
0031+  6720 C9          		ret	
0032+  6721             
0033+  6721             Str_play: 
0034+  6721 3A 0D 68    		ld	a,(Str_count_bit)
0035+  6724 3C          		inc	a
0036+  6725 E6 0F       		and	0Fh
0037+  6727 32 0D 68    		ld	(Str_count_bit),a
0038+  672A B7          		or	a
0039+  672B 20 10       		jr	nz, Str_move_string
0040+  672D             
0041+  672D             Str_next_symbol: 
0042+  672D 2A 0E 68    		ld	hl,(Str_addr_work)
0043+  6730 7E          		ld	a,(hl)
0044+  6731 A7          		and	a
0045+  6732 CC F6 66    		call	z,Str_reload
0046+  6735 D8          		ret	c
0047+  6736 23          		inc	hl
0048+  6737 22 0E 68    		ld	(Str_addr_work),hl
0049+  673A CD 9C 67    		call	Str_load_symbol
0050+  673D             
0051+  673D             Str_move_string: 
0052+  673D 11 D8 50    		ld	de, 50D8h
0053+  6740 21 11 68    		ld	hl, Str_buf_data +1 
0054+  6743 06 10       		ld	b, 10h
0055+  6745             
0056+  6745             Str_move_line: 
0057+  6745 37          		scf	
0058+  6746 3F          		ccf	
0059+  6747 CB 16       		rl	(hl)
0060+  6749 2B          		dec	hl
0061+  674A CB 16       		rl	(hl)
0062+  674C 23          		inc	hl
0063+  674D 23          		inc	hl
0064+  674E 23          		inc	hl
0065+  674F EB          		ex	de, hl
0066+  6750 E5          		push	hl
0067+  6751 CB 16       		rl	(hl)
0068+  6753 2B          		dec	hl
0069+  6754 CB 16       		rl	(hl)
0070+  6756 2B          		dec	hl
0071+  6757 CB 16       		rl	(hl)
0072+  6759 2B          		dec	hl
0073+  675A CB 16       		rl	(hl)
0074+  675C 2B          		dec	hl
0075+  675D CB 16       		rl	(hl)
0076+  675F 2B          		dec	hl
0077+  6760 CB 16       		rl	(hl)
0078+  6762 2B          		dec	hl
0079+  6763 CB 16       		rl	(hl)
0080+  6765 2B          		dec	hl
0081+  6766 CB 16       		rl	(hl)
0082+  6768 2B          		dec	hl
0083+  6769 CB 16       		rl	(hl)
0084+  676B 2B          		dec	hl
0085+  676C CB 16       		rl	(hl)
0086+  676E 2B          		dec	hl
0087+  676F CB 16       		rl	(hl)
0088+  6771 2B          		dec	hl
0089+  6772 CB 16       		rl	(hl)
0090+  6774 2B          		dec	hl
0091+  6775 CB 16       		rl	(hl)
0092+  6777 2B          		dec	hl
0093+  6778 CB 16       		rl	(hl)
0094+  677A 2B          		dec	hl
0095+  677B CB 16       		rl	(hl)
0096+  677D 2B          		dec	hl
0097+  677E CB 16       		rl	(hl)
0098+  6780 2B          		dec	hl
0099+  6781 CB 16       		rl	(hl)
0100+  6783 2B          		dec	hl
0101+  6784 CB 16       		rl	(hl)
0102+  6786 2B          		dec	hl
0103+  6787             
0104+  6787 E1          		pop	hl
0105+  6788 24          		inc	h
0106+  6789 7C          		ld	a, h
0107+  678A E6 07       		and	7
0108+  678C 20 09       		jr	nz, Str_next_line
0109+  678E 7D          		ld	a, l
0110+  678F D6 E0       		sub	0E0h ; 'à'
0111+  6791 6F          		ld	l, a
0112+  6792 9F          		sbc	a, a
0113+  6793 E6 F8       		and	0F8h ; 'ø'
0114+  6795 84          		add	a, h
0115+  6796 67          		ld	h, a
0116+  6797             Str_next_line: 
0117+  6797 EB          		ex	de, hl
0118+  6798 10 AB       		djnz	Str_move_line
0119+  679A A7          		and	a
0120+  679B C9          		ret
0121+  679C             
0122+  679C             Str_load_symbol: 
0123+  679C D6 20       		sub	20h
0124+  679E FE 60       		cp	60h
0125+  67A0 38 02       		jr	c, Str_load_data
0126+  67A2 D6 60       		sub	60h
0127+  67A4             
0128+  67A4             Str_load_data: 
0129+  67A4 26 00       		ld	h, 0
0130+  67A6 6F          		ld	l, a
0131+  67A7 29          		add	hl, hl
0132+  67A8 29          		add	hl, hl
0133+  67A9 29          		add	hl, hl
0134+  67AA 29          		add	hl, hl
0135+  67AB 29          		add	hl, hl
0136+  67AC 01 E5 77    		ld	bc, Str_addr_font
0137+  67AF 09          		add	hl, bc
0138+  67B0 ED 73 09 68 		ld	(Str_save_stack + 1),sp
0139+  67B4 F9          		ld	sp, hl
0140+  67B5 21 10 68    		ld	hl, Str_buf_data
0141+  67B8 C1          		pop	bc
0142+  67B9 71          		ld	(hl), c
0143+  67BA 23          		inc	hl
0144+  67BB 70          		ld	(hl), b
0145+  67BC 23          		inc	hl
0146+  67BD C1          		pop	bc
0147+  67BE 71          		ld	(hl), c
0148+  67BF 23          		inc	hl
0149+  67C0 70          		ld	(hl), b
0150+  67C1 23          		inc	hl
0151+  67C2 C1          		pop	bc
0152+  67C3 71          		ld	(hl), c
0153+  67C4 23          		inc	hl
0154+  67C5 70          		ld	(hl), b
0155+  67C6 23          		inc	hl
0156+  67C7 C1          		pop	bc
0157+  67C8 71          		ld	(hl), c
0158+  67C9 23          		inc	hl
0159+  67CA 70          		ld	(hl), b
0160+  67CB 23          		inc	hl
0161+  67CC C1          		pop	bc
0162+  67CD 71          		ld	(hl), c
0163+  67CE 23          		inc	hl
0164+  67CF 70          		ld	(hl), b
0165+  67D0 23          		inc	hl
0166+  67D1 C1          		pop	bc
0167+  67D2 71          		ld	(hl), c
0168+  67D3 23          		inc	hl
0169+  67D4 70          		ld	(hl), b
0170+  67D5 23          		inc	hl
0171+  67D6 C1          		pop	bc
0172+  67D7 71          		ld	(hl), c
0173+  67D8 23          		inc	hl
0174+  67D9 70          		ld	(hl), b
0175+  67DA 23          		inc	hl
0176+  67DB C1          		pop	bc
0177+  67DC 71          		ld	(hl), c
0178+  67DD 23          		inc	hl
0179+  67DE 70          		ld	(hl), b
0180+  67DF 23          		inc	hl
0181+  67E0 C1          		pop	bc
0182+  67E1 71          		ld	(hl), c
0183+  67E2 23          		inc	hl
0184+  67E3 70          		ld	(hl), b
0185+  67E4 23          		inc	hl
0186+  67E5 C1          		pop	bc
0187+  67E6 71          		ld	(hl), c
0188+  67E7 23          		inc	hl
0189+  67E8 70          		ld	(hl), b
0190+  67E9 23          		inc	hl
0191+  67EA C1          		pop	bc
0192+  67EB 71          		ld	(hl), c
0193+  67EC 23          		inc	hl
0194+  67ED 70          		ld	(hl), b
0195+  67EE 23          		inc	hl
0196+  67EF C1          		pop	bc
0197+  67F0 71          		ld	(hl), c
0198+  67F1 23          		inc	hl
0199+  67F2 70          		ld	(hl), b
0200+  67F3 23          		inc	hl
0201+  67F4 C1          		pop	bc
0202+  67F5 71          		ld	(hl), c
0203+  67F6 23          		inc	hl
0204+  67F7 70          		ld	(hl), b
0205+  67F8 23          		inc	hl
0206+  67F9 C1          		pop	bc
0207+  67FA 71          		ld	(hl), c
0208+  67FB 23          		inc	hl
0209+  67FC 70          		ld	(hl), b
0210+  67FD 23          		inc	hl
0211+  67FE C1          		pop	bc
0212+  67FF 71          		ld	(hl), c
0213+  6800 23          		inc	hl
0214+  6801 70          		ld	(hl), b
0215+  6802 23          		inc	hl
0216+  6803 C1          		pop	bc
0217+  6804 71          		ld	(hl), c
0218+  6805 23          		inc	hl
0219+  6806 70          		ld	(hl), b
0220+  6807 23          		inc	hl
0221+  6808             Str_save_stack: 
0222+  6808 31 00 00    		ld	sp, 0
0223+  680B C9          		ret	
0224+  680C             
0225+  680C             
0226+  680C             Str_flg_end: 
0227+  680C 00          		db 	0
0228+  680D             
0229+  680D             Str_count_bit: 
0230+  680D 00          		db 	0
0231+  680E             Str_addr_work: 
0232+  680E 00 00       		dw 	0
0233+  6810             
0234+  6810             Str_buf_data:    
0235+  6810 00          		ds	256
0236+  6910             ;		ds	512
0237+  6910             
0238+  6910             Str_addr_load: 
0239+  6910             		db	'   *LOAD* ',0
0239+  6910 2020202A4C4F41442A2000
0240+  691B             
0241+  691B             Str_addr_text: 
0242+  691B             		db 	'                << SPACE TO CHANGE MUSIC >>       '
0242+  691B 202020202020202020202020202020203C3C20535041434520544F204348414E
0242+  693B 4745204D55534943203E3E20202020202020
0243+  694D             		db 	'                ÏÐÈÂÅÒ, ÏÐÈÂÅÒ! È ÅÙÅ ÍÅÌÍÎÃÎ MICK ÂÀÌ ÏÎÍÀÄÎÅÄÀÅÒ !'
0243+  694D 20202020202020202020202020202020CFD0C8C2C5D22C20CFD0C8C2C5D22120
0243+  696D C820C5D9C520CDC5CCCDCEC3CE204D49434B20C2C0CC20CFCECDC0C4CEC5C4C0
0243+  698D C5D22021
0244+  6991             		db	' ÍÀ ÑÅÉ ÐÀÇ ÑÁÎÐÍÈÊ ÏÎÑÂßÙÅÍ ÊÀÐÒÈÍÊÅ, ÏÐÅÄÎÑÒÀÂËÅÍÍÎÉ ÂÅËÈÊÈÌ ÑÏÅÊÒÐÓÌÎÂÑÊÈÌ ÕÓÄÎÆÍÈÊÎÌ - ROBAT.'
0244+  6991 20CDC020D1C5C920D0C0C720D1C1CED0CDC8CA20CFCED1C2DFD9C5CD20CAC0D0
0244+  69B1 D2C8CDCAC52C20CFD0C5C4CED1D2C0C2CBC5CDCDCEC920C2C5CBC8CAC8CC20D1
0244+  69D1 CFC5CAD2D0D3CCCEC2D1CAC8CC20D5D3C4CEC6CDC8CACECC202D20524F424154
0244+  69F1 2E
0245+  69F2             		db	' ÎÍ ÅÙÅ ÂÅÑÍÎÉ ÎÒÊËÈÊÍÓËÑß ÍÀ ÌÎÉ ÊÐÈÊ ÏÎ ÏÎÂÎÄÓ ÊÀÐÒÈÍÎÊ ÄËß ÑÁÎÐÍÈÊÎÂ È ÍÀÐÈÑÎÂÀË ÊÐÓÒÓÞ ÊÀÐÒÈÍÊÓ,'
0245+  69F2 20CECD20C5D9C520C2C5D1CDCEC920CED2CACBC8CACDD3CBD1DF20CDC020CCCE
0245+  6A12 C920CAD0C8CA20CFCE20CFCEC2CEC4D320CAC0D0D2C8CDCECA20C4CBDF20D1C1
0245+  6A32 CED0CDC8CACEC220C820CDC0D0C8D1CEC2C0CB20CAD0D3D2D3DE20CAC0D0D2C8
0245+  6A52 CDCAD32C
0246+  6A56             		db	' ×ÒÎ ÒÀÊ ÑÊÀÇÀÒÜ Â ÇÎÁÓ ÄÛÕÀÍÈÅ ÑÏÅÐËÎ. ß ÏÎÄÓÌÀË, ×ÒÎ ÄËß ÒÀÊÎÉ ÊÀÐÒÈÍÊÈ ÍÓÆÍÀ È ÑÎÎÒÂÅÒÑÒÂÓÞÙÀß'
0246+  6A56 20D7D2CE20D2C0CA20D1CAC0C7C0D2DC20C220C7CEC1D320C4DBD5C0CDC8C520
0246+  6A76 D1CFC5D0CBCE2E20DF20CFCEC4D3CCC0CB2C20D7D2CE20C4CBDF20D2C0CACEC9
0246+  6A96 20CAC0D0D2C8CDCAC820CDD3C6CDC020C820D1CECED2C2C5D2D1D2C2D3DED9C0
0246+  6AB6 DF
0247+  6AB7             		db	' ÑËÀÄÊÀß ÌÓÇÛÊÀ. ÏÎÈÑÊÈ ÌÎÈ ÍÅÌÍÎÃÎ ÇÀÒßÍÓËÈÑÜ, ×ÒÎ ÂÛÇÂÀËÎ ÍÅÊÓÞ ÎÁÅÑÏÎÊÎÅÍÍÎÑÒÜ, ÍÎ ÌÍÅ ÍÅ ÕÎÒÅËÎÑÜ'
0247+  6AB7 20D1CBC0C4CAC0DF20CCD3C7DBCAC02E20CFCEC8D1CAC820CCCEC820CDC5CCCD
0247+  6AD7 CEC3CE20C7C0D2DFCDD3CBC8D1DC2C20D7D2CE20C2DBC7C2C0CBCE20CDC5CAD3
0247+  6AF7 DE20CEC1C5D1CFCECACEC5CDCDCED1D2DC2C20CDCE20CCCDC520CDC520D5CED2
0247+  6B17 C5CBCED1DC
0248+  6B1C             		db	' ÏÎÊÀÇÛÂÀÒÜ ÊÀÐÒÈÍÊÓ Ñ ÎÁÛ×ÍÛÌÈ ÌÅËÎÄÈßÌÈ, ÕÎÒÅËÎÑÜ ×ÒÎ ÒÎ ÈÍÒÅÐÅÑÍÅÍÜÊÎÅ.'
0248+  6B1C 20CFCECAC0C7DBC2C0D2DC20CAC0D0D2C8CDCAD320D120CEC1DBD7CDDBCCC820
0248+  6B3C CCC5CBCEC4C8DFCCC82C20D5CED2C5CBCED1DC20D7D2CE20D2CE20C8CDD2C5D0
0248+  6B5C C5D1CDC5CDDCCACEC52E
0249+  6B66             		db	' È ÈÍÒÅÐÅÑÍÅÍÜÊÎÅ ÍÀØËÎÑÜ, ÏÐÀÂÄÀ ÌÓÇÛÊÀ ÐÀÑ×ÈÒÀÍÀ ÍÀ 60ÃÖ ÏÐÅÐÛÂÀÍÈß È ÇÀÃÐÓÆÀÅÌÛÅ ÑÝÌÏËÛ.'
0249+  6B66 20C820C8CDD2C5D0C5D1CDC5CDDCCACEC520CDC0D8CBCED1DC2C20CFD0C0C2C4
0249+  6B86 C020CCD3C7DBCAC020D0C0D1D7C8D2C0CDC020CDC0203630C3D620CFD0C5D0DB
0249+  6BA6 C2C0CDC8DF20C820C7C0C3D0D3C6C0C5CCDBC520D1DDCCCFCBDB2E
0250+  6BC1             		db	' Ñ ÇÀÃÐÓÇÊÎÉ ÑÝÌÏËÎÂ ÏÎÑÒÓÏÈË ÏÐÎÑÒÎ. Â ÝÌÓËßÒÎÐÅ MSX 2 ÑÍßË ÄÀÌÏ ÏÀÌßÒÈ ÑÝÌÏËÎÂ YM278 È ÒÓÏÎ ÇÀÊÀ×ÀË'
0250+  6BC1 20D120C7C0C3D0D3C7CACEC920D1DDCCCFCBCEC220CFCED1D2D3CFC8CB20CFD0
0250+  6BE1 CED1D2CE2E20C220DDCCD3CBDFD2CED0C5204D5358203220D1CDDFCB20C4C0CC
0250+  6C01 CF20CFC0CCDFD2C820D1DDCCCFCBCEC220594D32373820C820D2D3CFCE20C7C0
0250+  6C21 CAC0D7C0CB
0251+  6C26             		db	' ÅÃÎ Â ÊÀÐÒÓ, ÁÅÇ ÂÑßÊÎÃÎ ÏÎÒÐÎØÅÍÈß È ÒÀÍÖÅÂ Ñ ÁÓÁÍÎÌ. À ÂÎÒ Ñ 60ÃÖ ÌÎÃÓÒ Ó ËÞÄÅÉ ÂÎÇÍÈÊÍÓÒÜ ÏÐÎÁËÅÌÛ. ÒÀÊ ÊÀÊ Ó ÌÅÍß'
0251+  6C26 20C5C3CE20C220CAC0D0D2D32C20C1C5C720C2D1DFCACEC3CE20CFCED2D0CED8
0251+  6C46 C5CDC8DF20C820D2C0CDD6C5C220D120C1D3C1CDCECC2E20C020C2CED220D120
0251+  6C66 3630C3D620CCCEC3D3D220D320CBDEC4C5C920C2CEC7CDC8CACDD3D2DC20CFD0
0251+  6C86 CEC1CBC5CCDB2E20D2C0CA20CAC0CA20D320CCC5CDDF
0252+  6C9C             		db	' Â ÊÀ×ÅÑÒÂÅ ÐÀÁÎ×ÅÉ ËÎØÀÄÊÈ ÂÛÑÒÓÏÀÅÒ ÌÎÉ ÄÈÑÊÐÅÒÍÛÉ ÔÅÍß, ÒÎ ÄËß ÍÅÃÎ ÍÅ ÑÒÀËÎ ÏÐÎÁËÅÌÎÉ ÏÐÅÐÛÂÀÒÜÑß'
0252+  6C9C 20C220CAC0D7C5D1D2C2C520D0C0C1CED7C5C920CBCED8C0C4CAC820C2DBD1D2
0252+  6CBC D3CFC0C5D220CCCEC920C4C8D1CAD0C5D2CDDBC920D4C5CDDF2C20D2CE20C4CB
0252+  6CDC DF20CDC5C3CE20CDC520D1D2C0CBCE20CFD0CEC1CBC5CCCEC920CFD0C5D0DBC2
0252+  6CFC C0D2DCD1DF
0253+  6D01             		db	' Ñ ×ÀÑÒÎÒÎÉ 60ÃÖ ÎÒ ÌÓÍÑÀÓÍÄÀ. ÄÀ ÊÎÍÅ×ÍÎ ÌÎÃÓÒ ÁÛÒÜ ÏÐÎÁËÅÌÛ Ñ ÁÅÃÓÙÅÉ ÑÒÐÎÊÎÉ, ÌÎÆÅÒ ×ÓÒÊÀ ÐÂÀÒÜ,'
0253+  6D01 20D120D7C0D1D2CED2CEC9203630C3D620CED220CCD3CDD1C0D3CDC4C02E20C4
0253+  6D21 C020CACECDC5D7CDCE20CCCEC3D3D220C1DBD2DC20CFD0CEC1CBC5CCDB20D120
0253+  6D41 C1C5C3D3D9C5C920D1D2D0CECACEC92C20CCCEC6C5D220D7D3D2CAC020D0C2C0
0253+  6D61 D2DC2C
0254+  6D64             		db	' ÍÎ ÇÀÒÎ ÌÓÇÎÍ ÈÃÐÀÅÒ È ÝÒÎ ÊÐÓÒÎ. ÒÀÊ ÂÎÒ ÅÑÒÜ ÏÎÄÎÇÐÅÍÈÅ, ×ÒÎ ÑÓÏÅÐ ÏÓÏÅÐ ÊÎÌÏÓÒÅÐ ÝÂÀ ÍÅ ÌÎÆÅÒ ÑÅÁÅ'
0254+  6D64 20CDCE20C7C0D2CE20CCD3C7CECD20C8C3D0C0C5D220C820DDD2CE20CAD0D3D2
0254+  6D84 CE2E20D2C0CA20C2CED220C5D1D2DC20CFCEC4CEC7D0C5CDC8C52C20D7D2CE20
0254+  6DA4 D1D3CFC5D020CFD3CFC5D020CACECCCFD3D2C5D020DDC2C020CDC520CCCEC6C5
0254+  6DC4 D220D1C5C1C5
0255+  6DCA             		db	' ÒÀÊÎÃÎ ÏÎÇÂÎËÈÒÜ, À ÈÌÅÍÍÎ ÏÐÅÐÛÂÀÒÜÑß ÎÒ ÂÍÅØÍÈÕ ÈÑÒÎ×ÍÈÊÎÂ - ÏÎÇÎÐ ÊÀÊÎÉ ÒÎ. ÔÅÍß ÏÎËÓ×ÀÅÒÑß ÊÐÓ×Å.'
0255+  6DCA 20D2C0CACEC3CE20CFCEC7C2CECBC8D2DC2C20C020C8CCC5CDCDCE20CFD0C5D0
0255+  6DEA DBC2C0D2DCD1DF20CED220C2CDC5D8CDC8D520C8D1D2CED7CDC8CACEC2202D20
0255+  6E0A CFCEC7CED020CAC0CACEC920D2CE2E20D4C5CDDF20CFCECBD3D7C0C5D2D1DF20
0255+  6E2A CAD0D3D7C52E
0256+  6E30             		db	' ÓÐÀ ÒÎÂÀÐÈÙÈ!. ÍÎ ÄÓÌÀÞ ÈÍÆÅÍÅÐÛ ÝÂÛ ÍÅ ÄÎÏÓÑÒßÒ, ×ÒÎÁÛ ÊÀÊÎÉ ÒÎ ÄÈÑÊÐÅÒÍÛÉ ÊÎÌÏ ÓÄÅËÀË Â ×ÅÌ ÒÎ ÑÓÏÅÐ'
0256+  6E30 20D3D0C020D2CEC2C0D0C8D9C8212E20CDCE20C4D3CCC0DE20C8CDC6C5CDC5D0
0256+  6E50 DB20DDC2DB20CDC520C4CECFD3D1D2DFD22C20D7D2CEC1DB20CAC0CACEC920D2
0256+  6E70 CE20C4C8D1CAD0C5D2CDDBC920CACECCCF20D3C4C5CBC0CB20C220D7C5CC20D2
0256+  6E90 CE20D1D3CFC5D0
0257+  6E97             		db	' ÊÎÌÏÜÞÒÅÐ ÍÀ FPGA. ×ÒÎ ÆÅ, ÇÀÄÀÄÈÌ ÇÀÄÀ×ÊÓ ÈÌ :)'
0257+  6E97 20CACECCCFDCDED2C5D020CDC020465047412E20D7D2CE20C6C52C20C7C0C4C0
0257+  6EB7 C4C8CC20C7C0C4C0D7CAD320C8CC203A29
0258+  6EC8             		db	' È ÅÙÅ ÐÀÇ ÍÀÏÎÌÍÞ, ÊÀÐÒÈÍÊÓ ÄËß ÑÁÎÐÍÈÊÀ ÏÐÅÄÎÑÒÀÂÈË ROBAT, ÇÀ ×ÒÎ ÅÌÓ ÁÎËÜÙÓÙÈÉ ÐÅÑÏÅÊÒ.'
0258+  6EC8 20C820C5D9C520D0C0C720CDC0CFCECCCDDE2C20CAC0D0D2C8CDCAD320C4CBDF
0258+  6EE8 20D1C1CED0CDC8CAC020CFD0C5C4CED1D2C0C2C8CB20524F4241542C20C7C020
0258+  6F08 D7D2CE20C5CCD320C1CECBDCD9D3D9C8C920D0C5D1CFC5CAD22E
0259+  6F22             		db	' ÌÓÇÛÊÀ, ÇÂÓ×ÀÙÀß Â ÑÁÎÐÍÈÊÅ Â ÂÀÐÈÀÍÒÅ OPL4 ÍÀÏÈÑÀÍÀ BART ROYMANS.'
0259+  6F22 20CCD3C7DBCAC02C20C7C2D3D7C0D9C0DF20C220D1C1CED0CDC8CAC520C220C2
0259+  6F42 C0D0C8C0CDD2C5204F504C3420CDC0CFC8D1C0CDC0204241525420524F594D41
0259+  6F62 4E532E
0260+  6F65             
0261+  6F65             		db	' ÈÒÀÊ, Â ÝÒÎÌ ÑÁÎÐÍÈÊÅ ÄÂÅÍÀÄÖÀÒÜ ÌÅËÎÄÈÉ, ÊÎÒÎÐÛÅ'
0261+  6F65 20C8D2C0CA2C20C220DDD2CECC20D1C1CED0CDC8CAC520C4C2C5CDC0C4D6C0D2
0261+  6F85 DC20CCC5CBCEC4C8C92C20CACED2CED0DBC5
0262+  6F97             		db	' ÏÅÐÅÊËÞ×ÀÞÒÑß ÏÓÒÅÌ ÍÀÆÀÒÈß ÊËÀÂÈØÈ "SPACE", ËÈÁÎ ÆÄÅÒÅ ÏÎÊÀ ÍÅ ÇÀÊÎÍ×ÈÒÑß ÌÅËÎÄÈß.'
0262+  6F97 20CFC5D0C5CACBDED7C0DED2D1DF20CFD3D2C5CC20CDC0C6C0D2C8DF20CACBC0
0262+  6FB7 C2C8D8C820225350414345222C20CBC8C1CE20C6C4C5D2C520CFCECAC020CDC5
0262+  6FD7 20C7C0CACECDD7C8D2D1DF20CCC5CBCEC4C8DF2E
0263+  6FEB             		db	' ÑÏÈÑÎÊ ÌÅËÎÄÈÉ ÈÄÅÒ ÑËÅÄÎÌ: '
0263+  6FEB 20D1CFC8D1CECA20CCC5CBCEC4C8C920C8C4C5D220D1CBC5C4CECC3A20
0264+  7008             
0265+  7008             		db	' CHILDREN.MWM (CHILDREN - ROBERT MILES - BART ROYMANS),'
0265+  7008 204348494C4452454E2E4D574D20284348494C4452454E202D20524F42455254
0265+  7028 204D494C4553202D204241525420524F594D414E53292C
0266+  703F             		db	' ROCKDAWN.MWM (ROCK ROCK DAWN),'
0266+  703F 20524F434B4441574E2E4D574D2028524F434B20524F434B204441574E292C
0267+  705E             		db	' STILLBEL.MWM (I STILL BELIEVE - BART ROYMANS),'
0267+  705E 205354494C4C42454C2E4D574D202849205354494C4C2042454C49455645202D
0267+  707E 204241525420524F594D414E53292C
0268+  708D             		db	' YS4LAVA.MWM (THE LAVA AREA, KISS TO ELDIL - BART ROYMANS),'
0268+  708D 205953344C4156412E4D574D2028544845204C41564120415245412C204B4953
0268+  70AD 5320544F20454C44494C202D204241525420524F594D414E53292C
0269+  70C8             		db	' BELAIR.MWM (BEL AIR HOUSE - (ANTWERPEN) - BART ROYMANS),'
0269+  70C8 2042454C4149522E4D574D202842454C2041495220484F555345202D2028414E
0269+  70E8 5457455250454E29202D204241525420524F594D414E53292C
0270+  7101             		db	' CRYSISTE.MWM (CRY LITTLE SISTER - BART ROYMANS),'
0270+  7101 2043525953495354452E4D574D2028435259204C4954544C4520534953544552
0270+  7121 202D204241525420524F594D414E53292C
0271+  7132             		db	' PARADISE.MWM (SEARCH FOR A CLOUD - BART ROYMANS),'
0271+  7132 2050415241444953452E4D574D202853454152434820464F52204120434C4F55
0271+  7152 44202D204241525420524F594D414E53292C
0272+  7164             		db	' PALACE2.MWM (THE PALACE - BART ROYMANS),'
0272+  7164 2050414C414345322E4D574D20285448452050414C414345202D204241525420
0272+  7184 524F594D414E53292C
0273+  718D             		db	' YS2BATTL.MWM (YS2 BATTLE THEME 3 - BART ROYMANS),'
0273+  718D 20595332424154544C2E4D574D202859533220424154544C45205448454D4520
0273+  71AD 33202D204241525420524F594D414E53292C
0274+  71BF             		db	' INTRO2.MWM (THE INTRO JV880 / JD990 - BART ROYMANS),'
0274+  71BF 20494E54524F322E4D574D202854484520494E54524F204A56383830202F204A
0274+  71DF 44393930202D204241525420524F594D414E53292C
0275+  71F4             		db	' SOLVOID.MWM (SOLITARY VOID - BART ROYMANS),'
0275+  71F4 20534F4C564F49442E4D574D2028534F4C495441525920564F4944202D204241
0275+  7214 525420524F594D414E53292C
0276+  7220             		db	' YS2ROAD.MWM (YS 2 ROAD - BART ROYMANS).'	
0276+  7220 20595332524F41442E4D574D20285953203220524F4144202D20424152542052
0276+  7240 4F594D414E53292E
0277+  7248             
0278+  7248             		db	' ÊÐÎÌÅ ÒÎÃÎ ÅÑÒÜ ÅÙÅ ÎÄÍÀ ÊÍÎÏÊÀ "BREAK" - ÂÛÕÎÄ Â TR-DOS.'
0278+  7248 20CAD0CECCC520D2CEC3CE20C5D1D2DC20C5D9C520CEC4CDC020CACDCECFCAC0
0278+  7268 2022425245414B22202D20C2DBD5CEC420C22054522D444F532E
0279+  7282             		db 	' Î ÏÐÎÃÐÀÌÌÅ: ÎÑÍÎÂÍÛÅ ÌÀÒÅÐÈÀËÛ ÁÛËÈ ÏÎÇÀÈÌÑÒÂÎÂÀÍÛ Ñ ÏÐÎÃÐÀÌÌ ÊÎÌÏÜÞÒÅÐÀ "MSX" È ÂÅËÈÊÎÉ'
0279+  7282 20CE20CFD0CEC3D0C0CCCCC53A20CED1CDCEC2CDDBC520CCC0D2C5D0C8C0CBDB
0279+  72A2 20C1DBCBC820CFCEC7C0C8CCD1D2C2CEC2C0CDDB20D120CFD0CEC3D0C0CCCC20
0279+  72C2 CACECCCFDCDED2C5D0C020224D53582220C820C2C5CBC8CACEC9
0280+  72DC             		db	' ÌÓÑÎÐÊÈ ÏÎÄ ÍÀÇÂÀÍÈÅÌ ÈÍÒÅÐÍÅÒ.' 
0280+  72DC 20CCD3D1CED0CAC820CFCEC420CDC0C7C2C0CDC8C5CC20C8CDD2C5D0CDC5D22E
0281+  72FC             		db 	' ÂÑÅ ÝÒÎ ÑÎÁÈÐÀËÎÑÜ ÍÀ ÐÑ ÏÐÈ ÏÎÌÎÙÈ ÀÑÑÅÌÁËÅÐÀ  SJASMPLUS.'
0281+  72FC 20C2D1C520DDD2CE20D1CEC1C8D0C0CBCED1DC20CDC020D0D120CFD0C820CFCE
0281+  731C CCCED9C820C0D1D1C5CCC1CBC5D0C02020534A41534D504C55532E
0282+  7337             		db	' ÍÀÏÎÌÍÞ, ÅÑËÈ Ó ÂÀÑ ÊÀÐÒÈÍÊÈ, ÊÎÒÎÐÛÅ ÕÎÒÈÒÅ ÎÏÓÁËÈÊÎÂÀÒÜ ÏÎÄ ÌÓÇÛÊÓ, ÒÎ ÌÈËÎÑÒÈ ÏÐÎÑÈÌ Â ÑËÅÄÓÞÙÈÉ ÂÛÏÓÑÊ.'
0282+  7337 20CDC0CFCECCCDDE2C20C5D1CBC820D320C2C0D120CAC0D0D2C8CDCAC82C20CA
0282+  7357 CED2CED0DBC520D5CED2C8D2C520CECFD3C1CBC8CACEC2C0D2DC20CFCEC420CC
0282+  7377 D3C7DBCAD32C20D2CE20CCC8CBCED1D2C820CFD0CED1C8CC20C220D1CBC5C4D3
0282+  7397 DED9C8C920C2DBCFD3D1CA2E
0283+  73A3             		db	' ÊÎÐÎ×Å, ÆÄÅÌ ÍÎÂÛÕ ÒÂÎÐÅÍÈÉ ÎÒ ÕÓÄÎÆÍÈÊÎÂ ÏÐÎÔÅÑÑÈÎÍÀËÜÍÛÕ È ÍÅ Î×ÅÍÜ. ÇÀÑÈÌ ÏÐÎÑÈÌ ÎÒÊËÀÍßÒÑß, ÄÀËÅÅ ÈÄÅÒ'
0283+  73A3 20CACED0CED7C52C20C6C4C5CC20CDCEC2DBD520D2C2CED0C5CDC8C920CED220
0283+  73C3 D5D3C4CEC6CDC8CACEC220CFD0CED4C5D1D1C8CECDC0CBDCCDDBD520C820CDC5
0283+  73E3 20CED7C5CDDC2E20C7C0D1C8CC20CFD0CED1C8CC20CED2CACBC0CDDFD2D1DF2C
0283+  7403 20C4C0CBC5C520C8C4C5D2
0284+  740E             		db	' ÒÐÀÄÈÖÈÎÍÍÀß ÐÓÁÐÈÊÀ.'
0284+  740E 20D2D0C0C4C8D6C8CECDCDC0DF20D0D3C1D0C8CAC02E
0285+  7424             		db	'             ÏÐÈÂÅÒÛ È ÑÏÀÑÈÁÛ!     '
0285+  7424 20202020202020202020202020CFD0C8C2C5D2DB20C820D1CFC0D1C8C1DB2120
0285+  7444 20202020
0286+  7448             		db	' ÀÀÀ, TÅÁÅ ÏÐÎÑÒÎ ÏÐÈÂÅÒ ÊÀÊ ÂÅËÈÊÎÌÓ ÁÎÃÓ ÄÅÌÎÑÖÅÍÛ :).'
0286+  7448 20C0C0C02C2054C5C1C520CFD0CED1D2CE20CFD0C8C2C5D220CAC0CA20C2C5CB
0286+  7468 C8CACECCD320C1CEC3D320C4C5CCCED1D6C5CDDB203A292E
0287+  7480             		db	' TS-LABS, ÑÏÀÑÈÁÎ ÇÀ ÒÎ, ×ÒÎ ÏÐÈÞÒÈË ÍÀ ÑÂÎÅÌ ÔÎÐÓÌÅ ÁÅÑÕÎÇÍÎÃÎ ÏËÞØÅÂÎÃÎ ÌÅÄÂÅÄß.'
0287+  7480 2054532D4C4142532C20D1CFC0D1C8C1CE20C7C020D2CE2C20D7D2CE20CFD0C8
0287+  74A0 DED2C8CB20CDC020D1C2CEC5CC20D4CED0D3CCC520C1C5D1D5CEC7CDCEC3CE20
0287+  74C0 CFCBDED8C5C2CEC3CE20CCC5C4C2C5C4DF2E
0288+  74D2             		db	' ROBAT, ÍÅ ÏÐÎÑÒÎ ÑÏÀÑÈÁÎ, À ÑÏÀÑÈÁÈÙÅ ÇÀ ÏÎÒÐßÑÀÞÙÓÞ ÊÀÐÒÈÍÊÓ, ÎÍÀ ÊÐÓÒÀ.'
0288+  74D2 20524F4241542C20CDC520CFD0CED1D2CE20D1CFC0D1C8C1CE2C20C020D1CFC0
0288+  74F2 D1C8C1C8D9C520C7C020CFCED2D0DFD1C0DED9D3DE20CAC0D0D2C8CDCAD32C20
0288+  7512 CECDC020CAD0D3D2C02E
0289+  751C             		db	' CREATOR È LESSNIK (BREEZE), ÑÏÀÑÈÁÎ ÇÀ ÎÒÇÛÂÛ ÏÎ ÏÐÅÄÛÄÓÙÅÌÓ ÂÛÏÓÑÊÓ.'
0289+  751C 2043524541544F5220C8204C4553534E494B2028425245455A45292C20D1CFC0
0289+  753C D1C8C1CE20C7C020CED2C7DBC2DB20CFCE20CFD0C5C4DBC4D3D9C5CCD320C2DB
0289+  755C CFD3D1CAD32E
0290+  7562             		db	' BART ROYMANS ÑÏÀÑÈÁÎ ÇÀ ÌÓÇÛÊÓ, ÇÂÓ×ÀÙÅÉ Â ÑÁÎÐÍÈÊÅ, ÎÃÐÎÌÍÛÉ ÐÅÑÏÅÊÒ È ÓÂÀÆÓÕÀ.'
0290+  7562 204241525420524F594D414E5320D1CFC0D1C8C1CE20C7C020CCD3C7DBCAD32C
0290+  7582 20C7C2D3D7C0D9C5C920C220D1C1CED0CDC8CAC52C20CEC3D0CECCCDDBC920D0
0290+  75A2 C5D1CFC5CAD220C820D3C2C0C6D3D5C02E
0291+  75B3             		db	' ÂÑÅÌ ÂËÀÄÅËÜÖÀÌ ÏÐÎÄÓÊÖÈÈ ÏÎÄ ÁÐÅÍÄÎÌ "ZXM" ÁÎËÜØÓÙÈÉ ÏÐÈÂÅÒ. ÂÀÑ ÌÍÎÃÎ, ÌÎÆÍÎ ÍÅ ÁÓÄÓ ÂÀÑ ÍÀÇÛÂÀÒÜ ÂÑÅÕ ÏÎÈÌÅÍÍÎ.'
0291+  75B3 20C2D1C5CC20C2CBC0C4C5CBDCD6C0CC20CFD0CEC4D3CAD6C8C820CFCEC420C1
0291+  75D3 D0C5CDC4CECC20225A584D2220C1CECBDCD8D3D9C8C920CFD0C8C2C5D22E20C2
0291+  75F3 C0D120CCCDCEC3CE2C20CCCEC6CDCE20CDC520C1D3C4D320C2C0D120CDC0C7DB
0291+  7613 C2C0D2DC20C2D1C5D520CFCEC8CCC5CDCDCE2E
0292+  7626             		db	' ÏÐÈÂÅÒ ÒÀÊÆÅ ÂÑÅÌ ÑÏÅÊÒÐÓÌÈÑÒÀÌ, ÁÛÂØÈÌ, ÍÀÑÒÎßÙÈÌ È ÂÎÇÌÎÆÍÎ ÁÓÄÓÙÈÌ.'
0292+  7626 20CFD0C8C2C5D220D2C0CAC6C520C2D1C5CC20D1CFC5CAD2D0D3CCC8D1D2C0CC
0292+  7646 2C20C1DBC2D8C8CC2C20CDC0D1D2CEDFD9C8CC20C820C2CEC7CCCEC6CDCE20C1
0292+  7666 D3C4D3D9C8CC2E
0293+  766D             		db	'       È ÏÎÑËÅÄÍÈÉ ÀÁÇÀÖ :) :)'
0293+  766D 20202020202020C820CFCED1CBC5C4CDC8C920C0C1C7C0D6203A29203A29
0294+  768B             		db	' ÂÑß ÈÍÔÀ ÏÎ ÌÎÈÌ ÏÐÎÅÊÒÀÌ ÍÀ ÑÀÉÒÅ WWW.MICKLAB.RU, '
0294+  768B 20C2D1DF20C8CDD4C020CFCE20CCCEC8CC20CFD0CEC5CAD2C0CC20CDC020D1C0
0294+  76AB C9D2C5205757572E4D49434B4C41422E52552C20
0295+  76BF             		db	' ÑÂßÇÀÒÜÑß ÑÎ ÌÍÎÉ ÌÎÆÍÎ ×ÅÐÅÇ ÔÎÐÓÌ WWW.TS-LABS.INFO - ÍÈÊÍÅÉÌ MICK ÈËÈ ×ÅÐÅÇ ÌÛËÎ'
0295+  76BF 20D1C2DFC7C0D2DCD1DF20D1CE20CCCDCEC920CCCEC6CDCE20D7C5D0C5C720D4
0295+  76DF CED0D3CC205757572E54532D4C4142532E494E464F202D20CDC8CACDC5C9CC20
0295+  76FF 4D49434B20C8CBC820D7C5D0C5C720CCDBCBCE
0296+  7712             		db	' MICKLAB(ÃÀÂ-ÃÀÂ)MAIL.RU.' 
0296+  7712 204D49434B4C414228C3C0C22DC3C0C2294D41494C2E52552E
0297+  772B             		db	' ÏÎÐÀ ÏÐÎÙÀÒÜÑß. ÏÎÑÌÎÐÒÈÌ ÁÓÄÓÒ ËÈ ÅÙÅ ÏÐÎÃÐÀÌÌÊÈ ÎÒ ÌÅÍß :) ÏÎÊÀ! ÏÎÊÀ!      '
0297+  772B 20CFCED0C020CFD0CED9C0D2DCD1DF2E20CFCED1CCCED0D2C8CC20C1D3C4D3D2
0297+  774B 20CBC820C5D9C520CFD0CEC3D0C0CCCCCAC820CED220CCC5CDDF203A2920CFCE
0297+  776B CAC02120CFCECAC021202020202020
0298+  777A             		db	'            JULY *2016*    GRAPHICS AND CODE BY MICK         '
0298+  777A 2020202020202020202020204A554C59202A323031362A202020204752415048
0298+  779A 49435320414E4420434F4445204259204D49434B202020202020202020
0299+  77B7             		db	'                                             ',0           		
0299+  77B7 2020202020202020202020202020202020202020202020202020202020202020
0299+  77D7 2020202020202020202020202000
0300+  77E5             Str_addr_font: 
0301+  77E5             		incbin "demo2.fnt"
0302+  83E5             Str_end_font: 
0303+  83E5             
0568   83E5             		.include  mwm_player.asm
0001+  83E5             ;--------------------------------------------------------------------
0002+  83E5             ; Îïèñàíèå: Ïðîèãðûâàþùèé ìîäóëü ìóçûêàëüíûõ ôàéëîâ MWM c êîìïüþòåðà MSX
0003+  83E5             ; Àâòîð ïîðòà: Òàðàñîâ Ì.Í.(Mick),2015
0004+  83E5             ;--------------------------------------------------------------------
0005+  83E5             MOON_BASE: 	equ	0C4h
0006+  83E5             MOON_REG1: 	equ	MOON_BASE
0007+  83E5             MOON_DAT1: 	equ	MOON_BASE+1
0008+  83E5             MOON_REG2: 	equ	MOON_BASE+2
0009+  83E5             MOON_DAT2: 	equ	MOON_BASE+3
0010+  83E5             MOON_STAT: 	equ	MOON_BASE
0011+  83E5             
0012+  83E5             MOON_WREG: 	equ	7Eh
0013+  83E5             MOON_WDAT: 	equ	MOON_WREG+1
0014+  83E5             
0015+  83E5             PTW_SIZE: 	equ	20	; size of Wave playtable line
0016+  83E5             WAVCHNS: 	equ	24
0017+  83E5             
0018+  83E5             ;-------------------------------------------------------------------
0019+  83E5             ; îïèñàíèå: Èíèöèàëèçàöèÿ ïðîèãðûâàòåëÿ
0020+  83E5             ; ïàðàìåòðû: íåò
0021+  83E5             ; âîçâðàùàåìîå  çíà÷åíèå: íåò
0022+  83E5             ;---------------------------------------------------------------------
0023+  83E5             MBPlayer_init: 
0024+  83E5 C3 F1 83    		jp	MBPlayer_start_music
0025+  83E8             ;-------------------------------------------------------------------
0026+  83E8             ; îïèñàíèå: Ïðîèãðûâàíèå íîòû
0027+  83E8             ; ïàðàìåòðû: íåò
0028+  83E8             ; âîçâðàùàåìîå  çíà÷åíèå: íåò
0029+  83E8             ;---------------------------------------------------------------------
0030+  83E8             MBPlayer_play: 
0031+  83E8 C3 E9 84    		jp	MBPlayer_play_music
0032+  83EB             ;-------------------------------------------------------------------
0033+  83EB             ; îïèñàíèå: Îñòàíîâêà ïðîèãðûâàíèÿ
0034+  83EB             ; ïàðàìåòðû: íåò
0035+  83EB             ; âîçâðàùàåìîå  çíà÷åíèå: íåò
0036+  83EB             ;---------------------------------------------------------------------
0037+  83EB             MBPlayer_stop: 
0038+  83EB C3 BF 84    		jp	MBPlayer_stop_music
0039+  83EE             ;-------------------------------------------------------------------
0040+  83EE             ; îïèñàíèå: Óñòàíîâêà òèøèíû â çâóêîâîé ÷èï
0041+  83EE             ; ïàðàìåòðû: íåò
0042+  83EE             ; âîçâðàùàåìîå  çíà÷åíèå: íåò
0043+  83EE             ;---------------------------------------------------------------------
0044+  83EE             MBPlayer_fade: 
0045+  83EE C3 D9 84    		jp	MBPlayer_fade_music
0046+  83F1             ;-------------------------------------------------------------------
0047+  83F1             ; îïèñàíèå: Èíèöèàëèçàöèÿ ïðîèãðûâàòåëÿ
0048+  83F1             ; ïàðàìåòðû: íåò
0049+  83F1             ; âîçâðàùàåìîå  çíà÷åíèå: íåò
0050+  83F1             ;---------------------------------------------------------------------
0051+  83F1             MBPlayer_start_music: 
0052+  83F1 F3          		di	
0053+  83F2 3A 69 8B    		ld	a, (MBPlayer_play_busy)
0054+  83F5 B7          		or	a
0055+  83F6 C0          		ret	nz				; already playing?
0056+  83F7             
0057+  83F7 3E FF       		ld	a, 0FFh
0058+  83F9 32 69 8B    		ld	(MBPlayer_play_busy), a 	; set busy playing
0059+  83FC             
0060+  83FC AF          		xor	a
0061+  83FD 32 8D 8B    		ld	(MBPlayer_play_intcnt), a
0062+  8400 3E 0F       		ld	a, 15
0063+  8402 32 6B 8B    		ld	(MBPlayer_play_step), a 	; set step and position
0064+  8405 3E FF       		ld	a, 0FFh
0065+  8407 32 6A 8B    		ld	(MBPlayer_play_pos), a
0066+  840A             
0067+  840A             ;		call	MBPlayer_getbank_FE
0068+  840A             ;		ld	(MBPlayer_save_curbank), a
0069+  840A             
0070+  840A             ;		ld	a, (MBPlayer_songdata_bank1)
0071+  840A             ;		call	MBPlayer_selbank_FE
0072+  840A             
0073+  840A 2A 6E 8B    		ld	hl, (MBPlayer_songdata_addres)
0074+  840D 11 99 8B    		ld	de, MBPlayer_xleng
0075+  8410 01 DC 00    		ld	bc, 220
0076+  8413 ED B0       		ldir	
0077+  8415 11 3A 00    		ld	de, 58
0078+  8418 19          		add	hl, de
0079+  8419 22 77 8C    		ld	(MBPlayer_pos_address), hl
0080+  841C 3A 99 8B    		ld	a, (MBPlayer_xleng)
0081+  841F 3C          		inc	a
0082+  8420 5F          		ld	e, a
0083+  8421 19          		add	hl, de
0084+  8422 22 75 8C    		ld	(MBPlayer_pat_address), hl
0085+  8425             
0086+  8425             ;		ld	a, (MBPlayer_save_curbank)
0087+  8425             ;		call	MBPlayer_selbank_FE
0088+  8425             
0089+  8425 CD 69 84    		call	MBPlayer_init_opl4 		;initialise OPL4
0090+  8428 CD 77 84    		call	MBPlayer_init_voices
0091+  842B 3A B3 8B    		ld	a, (MBPlayer_xtempo)
0092+  842E 32 8A 8B    		ld	(MBPlayer_play_speed), a
0093+  8431 3A 8A 8B    		ld	a, (MBPlayer_play_speed)
0094+  8434 D6 03       		sub	3
0095+  8436 32 8C 8B    		ld	(MBPlayer_play_timercnt), a
0096+  8439 AF          		xor	a
0097+  843A 32 8B 8B    		ld	(MBPlayer_play_tspval), a
0098+  843D 32 8F 8B    		ld	(MBPlayer_play_fading), a
0099+  8440 32 90 8B    		ld	(MBPlayer_play_fadecnt), a
0100+  8443 32 92 8B    		ld	(MBPlayer_play_fadetcnt), a
0101+  8446             
0102+  8446             loc_0_4378: 
0103+  8446 3E 02       		ld	a,2
0104+  8448 D3 C4       		out	(MOON_REG1),a
0105+  844A 3A B4 8B    		ld	a,(MBPlayer_xhzequal)
0106+  844D B7          		or	a
0107+  844E 28 08       		jr	z,Speed60Hz
0108+  8450 FE 01       		cp	1
0109+  8452 20 06       		jr	nz,Speedxhz
0110+  8454 3E F8       		ld	a,248
0111+  8456 18 02       		jr	Speedxhz
0112+  8458             Speed60Hz: 
0113+  8458 3E D0       		ld	a,208
0114+  845A             Speedxhz: 
0115+  845A ED 44       		neg
0116+  845C D3 C5       		out	(MOON_DAT1),a
0117+  845E 00          		nop
0118+  845F 3E 04       		ld	a,4
0119+  8461 D3 C4       		out	(MOON_REG1),a
0120+  8463 00          		nop
0121+  8464 3E 21       		ld	a,00100001b
0122+  8466 D3 C5       		out	(MOON_DAT1),a
0123+  8468             
0124+  8468             ;		di	
0125+  8468             ;		ld	hl, 0FD9Fh
0126+  8468             ;		ld	de, locret_0_455C
0127+  8468             ;		ld	bc, 5
0128+  8468             ;		ldir	
0129+  8468             ;		ld	a, 0C3h	; 'Ã'
0130+  8468             ;		ld	(0FD9Fh), a
0131+  8468             ;		ld	hl, MBPlayer_play_music
0132+  8468             ;		ld	(0FDA0h), hl
0133+  8468             ;		ei	
0134+  8468 C9          		ret	
0135+  8469             ;-------------------------------------------------------------------
0136+  8469             ; îïèñàíèå: Èíèöèàëèçàöèÿ OPL4 ðåãèñòðîâ
0137+  8469             ; ïàðàìåòðû: íåò
0138+  8469             ; âîçâðàùàåìîå  çíà÷åíèå: íåò
0139+  8469             ;---------------------------------------------------------------------
0140+  8469             MBPlayer_init_opl4: 
0141+  8469 3E 03       		ld	a, 3
0142+  846B 0E 05       		ld	c, 5
0143+  846D CD 46 8B    		call	sub_0_4A3F
0144+  8470 0E 02       		ld	c, 2
0145+  8472 3E 10       		ld	a, 10h
0146+  8474 C3 52 8B    		jp	MBPlayer_out_wave
0147+  8477             ;-------------------------------------------------------------------
0148+  8477             ; îïèñàíèå: Èíèöèàëèçàöèÿ OPL4 êàíàëîâ
0149+  8477             ; ïàðàìåòðû: íåò
0150+  8477             ; âîçâðàùàåìîå  çíà÷åíèå: íåò
0151+  8477             ;---------------------------------------------------------------------
0152+  8477             MBPlayer_init_voices: 
0153+  8477 06 18       		ld	b, WAVCHNS			; # wave channels
0154+  8479 FD 21 7B 8C 		ld	iy, MBPlayer_play_table_wav
0155+  847D DD 21 FD 8B 		ld	ix, MBPlayer_xbegwav
0156+  8481 11 14 00    		ld	de, PTW_SIZE
0157+  8484             loc_0_43AC: 
0158+  8484 D5          		push	de
0159+  8485 C5          		push	bc
0160+  8486 DD 7E B8    		ld	a,(ix - 48h)			; xdetune!
0161+  8489 87          		add	a, a
0162+  848A FD 77 05    		ld	(iy + 5), a			; detune!
0163+  848D DD 7E 00    		ld	a, (ix + 0)                     ; wave/patchnr
0164+  8490 F5          		push	af
0165+  8491 CD 25 89    		call	MBPlayer_play_wwavevt2
0166+  8494 F1          		pop	af
0167+  8495 21 44 8C    		ld	hl, MBPlayer_xwavvols - 1
0168+  8498 85          		add	a, l
0169+  8499 30 01       		jr	nc, loc_0_43C4
0170+  849B 24          		inc	h
0171+  849C             
0172+  849C             loc_0_43C4: 
0173+  849C 6F          		ld	l, a
0174+  849D 7E          		ld	a, (hl)
0175+  849E FD 77 0F    		ld	(iy + 0Fh), a
0176+  84A1 CD 64 89    		call	MBPlayer_play_wchgvol2
0177+  84A4 DD 7E 9E    		ld	a, (ix - 62h)
0178+  84A7 CD 14 8A    		call	MBPlayer_play_wchgste2
0179+  84AA DD 23       		inc	ix
0180+  84AC C1          		pop	bc
0181+  84AD D1          		pop	de
0182+  84AE FD 19       		add	iy, de
0183+  84B0 10 D2       		djnz	loc_0_43AC
0184+  84B2 C9          		ret	
0185+  84B3             
0186+  84B3             loc_0_43DB: 
0187+  84B3 3A 69 8B    		ld	a, (MBPlayer_play_busy)
0188+  84B6 B7          		or	a
0189+  84B7 C0          		ret	nz
0190+  84B8 3D          		dec	a
0191+  84B9 32 69 8B    		ld	(MBPlayer_play_busy), a
0192+  84BC C3 46 84    		jp	loc_0_4378
0193+  84BF             ;-------------------------------------------------------------------
0194+  84BF             ; îïèñàíèå: Îñòàíîâêà ïðîèãðûâàíèÿ
0195+  84BF             ; ïàðàìåòðû: íåò
0196+  84BF             ; âîçâðàùàåìîå  çíà÷åíèå: íåò
0197+  84BF             ;---------------------------------------------------------------------
0198+  84BF             MBPlayer_stop_music: 
0199+  84BF             ;		ld	a, (MBPlayer_play_busy)
0200+  84BF             ;		or	a
0201+  84BF             ;		ret	z
0202+  84BF             
0203+  84BF F3          		di	
0204+  84C0 AF          		xor	a
0205+  84C1 32 69 8B    		ld	(MBPlayer_play_busy), a
0206+  84C4             
0207+  84C4             ;		ld	hl, locret_0_455C
0208+  84C4             ;		ld	de, 0FD9Fh
0209+  84C4             ;		ld	bc, 5
0210+  84C4             ;		ldir	
0211+  84C4 06 18       		ld	b, WAVCHNS			; # wave channels
0212+  84C6 FD 21 7B 8C 		ld	iy, MBPlayer_play_table_wav
0213+  84CA 11 14 00    		ld	de, PTW_SIZE
0214+  84CD             
0215+  84CD             loc_0_4405: 
0216+  84CD CD 0F 89    		call	MBPlayer_play_woffevt
0217+  84D0 CD 6D 8A    		call	MBPlayer_play_wchgdmp
0218+  84D3 FD 19       		add	iy, de
0219+  84D5 10 F6       		djnz	loc_0_4405
0220+  84D7 FB          		ei	
0221+  84D8 C9          		ret	
0222+  84D9             ;-------------------------------------------------------------------
0223+  84D9             ; îïèñàíèå: Óñòàíîâêà çàòóõàíèÿ
0224+  84D9             ; ïàðàìåòðû: B - ñêîðîñòü çàòóõàíèÿ
0225+  84D9             ; âîçâðàùàåìîå  çíà÷åíèå: íåò
0226+  84D9             ;---------------------------------------------------------------------
0227+  84D9             MBPlayer_fade_music: 
0228+  84D9 47          		ld	b, a
0229+  84DA 3A 69 8B    		ld	a, (MBPlayer_play_busy)		; already stopped?
0230+  84DD B7          		or	a
0231+  84DE C8          		ret	z
0232+  84DF 3E FF       		ld	a, 255
0233+  84E1 32 8F 8B    		ld	(MBPlayer_play_fading), a 	; fading on
0234+  84E4 78          		ld	a, b
0235+  84E5 32 91 8B    		ld	(MBPlayer_play_fadespd), a      ; set fade speed
0236+  84E8 C9          		ret	
0237+  84E9             ;-------------------------------------------------------------------
0238+  84E9             ; îïèñàíèå: Ïðîèãðûâàíèå ìóçûêè ïî ïðåðûâàíèÿì
0239+  84E9             ; ïàðàìåòðû: íåò
0240+  84E9             ; âîçâðàùàåìîå  çíà÷åíèå: íåò
0241+  84E9             ;---------------------------------------------------------------------
0242+  84E9             MBPlayer_play_music: 
0243+  84E9 F3          		di	
0244+  84EA             ;		ld	a, (MBPlayer_xhzequal)
0245+  84EA             ;		or	a
0246+  84EA             ;		jr	z, loc_0_443E
0247+  84EA             
0248+  84EA             ;		ld	a, (0FFE8h)
0249+  84EA             ;		and	2
0250+  84EA             ;		jr	nz, loc_0_443E
0251+  84EA             
0252+  84EA             ;		ld	hl, MBPlayer_play_intcnt
0253+  84EA             ;		ld	a, (hl)
0254+  84EA             ;		inc	a
0255+  84EA             ;		cp	6
0256+  84EA             ;		jr	c, loc_0_443D
0257+  84EA             ;		ld	(hl), 0
0258+  84EA             ;		jp	locret_0_455C
0259+  84EA             ;
0260+  84EA             ;loc_0_443D:
0261+  84EA             ;		ld	(hl), a
0262+  84EA             
0263+  84EA             loc_0_443E: 
0264+  84EA CD 81 8A    		call	MBPlayer_play_pitch
0265+  84ED             
0266+  84ED 3A 8F 8B    		ld	a, (MBPlayer_play_fading)
0267+  84F0 B7          		or	a
0268+  84F1 28 0A       		jr	z, loc_0_4451
0269+  84F3 CD 07 8B    		call	MBPlayer_play_fade
0270+  84F6 3A 8F 8B    		ld	a, (MBPlayer_play_fading)
0271+  84F9 B7          		or	a
0272+  84FA CA 4D 86    		jp	z, locret_0_455C
0273+  84FD             
0274+  84FD             loc_0_4451: 
0275+  84FD             ;		call	MBPlayer_getbank_FE
0276+  84FD             ;		ld	(MBPlayer_save_curbank), a
0277+  84FD             
0278+  84FD 3A 8A 8B    		ld	a, (MBPlayer_play_speed) 	; speed
0279+  8500 21 8C 8B    		ld	hl, MBPlayer_play_timercnt
0280+  8503 34          		inc	(hl)
0281+  8504 BE          		cp	(hl)
0282+  8505 C2 52 86    		jp	nz, MBPlayer_play_int_sec	; almost there?
0283+  8508 36 00       		ld	(hl), 0
0284+  850A             
0285+  850A FD 21 BB 8D 		ld	iy, unk_0_4E30
0286+  850E 21 81 8B    		ld	hl, unk_0_4B98
0287+  8511 01 60 08    		ld	bc, 860h
0288+  8514 11 14 00    		ld	de, PTW_SIZE
0289+  8517             
0290+  8517             loc_0_4471: 
0291+  8517 7E          		ld	a, (hl)
0292+  8518 3D          		dec	a
0293+  8519 B9          		cp	c
0294+  851A DC 3D 87    		call	c, MBPlayer_calc_wave
0295+  851D FD 19       		add	iy, de
0296+  851F 23          		inc	hl
0297+  8520 10 F5       		djnz	loc_0_4471
0298+  8522             
0299+  8522             ;		ld	a, (MBPlayer_songdata_bank)
0300+  8522             ;		call	MBPlayer_selbank_FE
0301+  8522             
0302+  8522 21 71 8B    		ld	hl, MBPlayer_step_buffer        ;WAVE Event routines
0303+  8525 06 18       		ld	b, WAVCHNS			; # channels
0304+  8527 FD 21 7B 8C 		ld	iy, MBPlayer_play_table_wav
0305+  852B 11 14 00    		ld	de, PTW_SIZE
0306+  852E 0E 60       		ld	c, 96
0307+  8530             
0308+  8530             loc_0_4490: 
0309+  8530 7E          		ld	a, (hl)
0310+  8531 3D          		dec	a
0311+  8532 B9          		cp	c
0312+  8533 D2 73 85    		jp	nc, loc_0_44D3
0313+  8536 3E 67       		ld	a, 67h
0314+  8538 80          		add	a, b 				; calc. register
0315+  8539 D3 7E       		out	(MOON_WREG), a
0316+  853B AF          		xor	a
0317+  853C             loc_0_449C: 
0318+  853C C5          		push	bc
0319+  853D C1          		pop	bc
0320+  853E D3 7F       		out	(MOON_WDAT), a			; off
0321+  8540             
0322+  8540 3E 1F       		ld	a, 1Fh
0323+  8542 80          		add	a, b
0324+  8543             loc_0_44A3: 
0325+  8543 C5          		push	bc
0326+  8544 C1          		pop	bc
0327+  8545 D3 7E       		out	(MOON_WREG), a
0328+  8547 FD 7E 08    		ld	a, (iy + 8)
0329+  854A FD 77 12    		ld	(iy + 12h), a
0330+  854D FD B6 06    		or	(iy + 6)
0331+  8550             loc_0_44B0: 
0332+  8550 C5          		push	bc
0333+  8551 C1          		pop	bc
0334+  8552 D3 7F       		out	(MOON_WDAT), a			; freq + tone
0335+  8554             
0336+  8554 3E 07       		ld	a, 7
0337+  8556 80          		add	a, b
0338+  8557             loc_0_44B7: 
0339+  8557 C5          		push	bc
0340+  8558 C1          		pop	bc
0341+  8559 D3 7E       		out	(MOON_WREG), a
0342+  855B FD 7E 07    		ld	a, (iy + 7)
0343+  855E             loc_0_44BE: 
0344+  855E C5          		push	bc
0345+  855F C1          		pop	bc
0346+  8560 D3 7F       		out	(MOON_WDAT), a 			; tone
0347+  8562             
0348+  8562 3E 37       		ld	a, 37h
0349+  8564 80          		add	a, b
0350+  8565             loc_0_44C5: 
0351+  8565 C5          		push	bc
0352+  8566 C1          		pop	bc
0353+  8567 D3 7E       		out	(MOON_WREG), a
0354+  8569 FD 7E 09    		ld	a, (iy + 9)
0355+  856C FD 77 13    		ld	(iy + 13h), a
0356+  856F             loc_0_44CF: 
0357+  856F C5          		push	bc
0358+  8570 C1          		pop	bc
0359+  8571 D3 7F       		out	(MOON_WDAT), a
0360+  8573             loc_0_44D3: 
0361+  8573 23          		inc	hl
0362+  8574 FD 19       		add	iy, de
0363+  8576 10 B8       		djnz	loc_0_4490
0364+  8578             
0365+  8578 21 71 8B    		ld	hl, MBPlayer_step_buffer		; songdata-adres 
0366+  857B DD 21 0B 97 		ld	ix, MBPlayer_volume_buffer_1
0367+  857F FD 21 7B 8C 		ld	iy, MBPlayer_play_table_wav
0368+  8583 06 18       		ld	b,WAVCHNS
0369+  8585 11 14 00    		ld	de,PTW_SIZE
0370+  8588             loc_0_44E4: 
0371+  8588 DB C4       		in	a, (MOON_STAT)
0372+  858A E6 02       		and	2
0373+  858C 20 FA       		jr	nz, loc_0_44E4
0374+  858E             
0375+  858E             MBPlayer_play_int_wlus: 
0376+  858E AF          		xor	a
0377+  858F DD 77 00    		ld	(ix + 0), a
0378+  8592 DD 77 18    		ld	(ix + 18h), a
0379+  8595             
0380+  8595             
0381+  8595 7E          		ld	a, (hl)
0382+  8596 B7          		or	a
0383+  8597 28 3A       		jr	z, MBPlayer_play_int_wend2		; empty
0384+  8599             
0385+  8599 08          		ex	af, af'
0386+  859A 78          		ld	a, b
0387+  859B D9          		exx	
0388+  859C 47          		ld	b, a
0389+  859D 08          		ex	af, af'
0390+  859E             
0391+  859E 11 D2 85    		ld	de, MBPlayer_play_int_wend
0392+  85A1 D5          		push	de
0393+  85A2             
0394+  85A2 FE 61       		cp	97
0395+  85A4 DA B4 88    		jp	c, MBPlayer_play_wonevt		; wave on
0396+  85A7 CA 0F 89    		jp	z, MBPlayer_play_woffevt	; wave off 
0397+  85AA FE 92       		cp	146
0398+  85AC DA 23 89    		jp	c, MBPlayer_play_wwavevt	; wave 
0399+  85AF FE B2       		cp	178
0400+  85B1 DA 5F 89    		jp	c, MBPlayer_play_wchgvol	; volume 
0401+  85B4 FE C1       		cp	193
0402+  85B6 DA 12 8A    		jp	c, MBPlayer_play_wchgste	; stereo 
0403+  85B9 FE D4       		cp	212
0404+  85BB DA 87 89    		jp	c, MBPlayer_play_wlnk		; link 
0405+  85BE FE E7       		cp	231
0406+  85C0 DA 35 8A    		jp	c, MBPlayer_play_wchgpit	; pitch bending 
0407+  85C3 FE EE       		cp	238
0408+  85C5 DA 65 8A    		jp	c, MBPlayer_play_wchgdet	; detune 
0409+  85C8 FE F1       		cp	241
0410+  85CA DA 4D 8A    		jp	c, MBPlayer_play_wchgmod	; modulation 
0411+  85CD FE F3       		cp	243
0412+  85CF DA 6D 8A    		jp	c, MBPlayer_play_wchgdmp	; damp 
0413+  85D2             
0414+  85D2             MBPlayer_play_int_wend: 
0415+  85D2 D9          		exx	
0416+  85D3             
0417+  85D3             MBPlayer_play_int_wend2: 
0418+  85D3             ;		ld	a, (byte_0_4C6F)
0419+  85D3             ;		or	a
0420+  85D3             ;		jr	z, loc_0_45A6
0421+  85D3 DD 7E 00    		ld	a, (ix + 0)
0422+  85D6 B7          		or	a
0423+  85D7 CA 1D 86    		jp	z, loc_0_45A6
0424+  85DA E5          		push	hl
0425+  85DB 67          		ld	h, a
0426+  85DC 6F          		ld	l, a
0427+  85DD FD 7E 0B    		ld	a, (iy + 0Bh)
0428+  85E0 E6 0F       		and	0Fh
0429+  85E2 28 2B       		jr	z, loc_0_4598
0430+  85E4 FE 08       		cp	8
0431+  85E6 28 24       		jr	z, loc_0_4595
0432+  85E8 30 0A       		jr	nc, loc_0_457D
0433+  85EA FE 07       		cp	7
0434+  85EC 28 19       		jr	z, loc_0_4590
0435+  85EE 87          		add	a, a
0436+  85EF 84          		add	a, h
0437+  85F0 67          		ld	h, a
0438+  85F1 C3 0F 86    		jp	loc_0_4598
0439+  85F4             
0440+  85F4             loc_0_457D: 
0441+  85F4 FE 09       		cp	9
0442+  85F6 28 0A       		jr	z, loc_0_458B
0443+  85F8 ED 44       		neg	
0444+  85FA C6 10       		add	a, 10h
0445+  85FC 87          		add	a, a
0446+  85FD 85          		add	a, l
0447+  85FE 6F          		ld	l, a
0448+  85FF C3 0F 86    		jp	loc_0_4598
0449+  8602             
0450+  8602             loc_0_458B: 
0451+  8602 2E 00       		ld	l, 0
0452+  8604 C3 0F 86    		jp	loc_0_4598
0453+  8607             
0454+  8607             loc_0_4590: 
0455+  8607 26 00       		ld	h, 0
0456+  8609 C3 0F 86    		jp	loc_0_4598
0457+  860C             
0458+  860C             loc_0_4595: 
0459+  860C 21 00 00    		ld	hl, 0
0460+  860F             loc_0_4598: 
0461+  860F 7C          		ld	a, h
0462+  8610 17          		rla	
0463+  8611 17          		rla	
0464+  8612 17          		rla	
0465+  8613 17          		rla	
0466+  8614 E6 F0       		and	0F0h
0467+  8616 B5          		or	l
0468+  8617 28 03       		jr	z, loc_0_45A5
0469+  8619 DD 77 18    		ld	(ix + 18h), a
0470+  861C             loc_0_45A5: 
0471+  861C E1          		pop	hl
0472+  861D             
0473+  861D             loc_0_45A6: 
0474+  861D FD 19       		add	iy, de
0475+  861F 23          		inc	hl
0476+  8620 DD 23       		inc	ix
0477+  8622 05          		dec	b
0478+  8623 C2 8E 85    		jp	nz, MBPlayer_play_int_wlus
0479+  8626             
0480+  8626 7E          		ld	a, (hl)
0481+  8627 B7          		or	a
0482+  8628 28 23       		jr	z, loc_0_4556
0483+  862A             
0484+  862A FE 18       		cp	24			
0485+  862C DA 46 86    		jp	c, MBPlayer_play_chgtmp         ; change tempo
0486+  862F 28 0D       		jr	z, MBPlayer_play_endop  	; end of pattern
0487+  8631 FE 4C       		cp	76
0488+  8633 D2 4D 86    		jp	nc, loc_0_4556
0489+  8636 D6 34       		sub	52				; set transpose
0490+  8638 32 8B 8B    		ld	(MBPlayer_play_tspval), a
0491+  863B C3 4D 86    		jp	loc_0_4556
0492+  863E             
0493+  863E             MBPlayer_play_endop: 
0494+  863E 3E 0F       		ld	a, 0Fh
0495+  8640 32 6B 8B    		ld	(MBPlayer_play_step), a
0496+  8643 C3 4D 86    		jp	loc_0_4556
0497+  8646             
0498+  8646             MBPlayer_play_chgtmp: 
0499+  8646 C6 E7       		add	a, 0E7h				; change tempo
0500+  8648 ED 44       		neg	
0501+  864A 32 8A 8B    		ld	(MBPlayer_play_speed), a
0502+  864D             loc_0_4556: 
0503+  864D             ;		ld	a,(MBPlayer_save_curbank)
0504+  864D             ;		call	MBPlayer_selbank_FE
0505+  864D             locret_0_455C: 
0506+  864D C9          		ret	
0507+  864E C9          		ret
0508+  864F C9          		ret
0509+  8650 C9          		ret
0510+  8651 C9          		ret
0511+  8652             ;-------------------------------------------------------------------
0512+  8652             ; îïèñàíèå: Interrupt routine BEFORE play-interrupt
0513+  8652             ; ïàðàìåòðû: íåò
0514+  8652             ; âîçâðàùàåìîå  çíà÷åíèå: íåò
0515+  8652             ;---------------------------------------------------------------------
0516+  8652             MBPlayer_play_int_sec: 
0517+  8652 3D          		dec	a
0518+  8653 BE          		cp	(hl)
0519+  8654 CA 06 87    		jp	z, loc_0_461F
0520+  8657 3D          		dec	a
0521+  8658 BE          		cp	(hl)
0522+  8659 C2 4D 86    		jp	nz, loc_0_4556
0523+  865C             
0524+  865C 3A 6B 8B    		ld	a, (MBPlayer_play_step)
0525+  865F 3C          		inc	a
0526+  8660 E6 0F       		and	0Fh
0527+  8662 32 6B 8B    		ld	(MBPlayer_play_step), a
0528+  8665 2A 79 8C    		ld	hl, (MBPlayer_songdata_ptr)
0529+  8668 C2 BC 86    		jp	nz, loc_0_45CF
0530+  866B             
0531+  866B             ;		ld	a, (MBPlayer_songdata_bank1)
0532+  866B             ;		call	MBPlayer_selbank_FE 		; this bank contains pattern addresses
0533+  866B             
0534+  866B 3A 99 8B    		ld	a, (MBPlayer_xleng)		; next position
0535+  866E 3C          		inc	a
0536+  866F 47          		ld	b, a
0537+  8670 3A 6A 8B    		ld	a, (MBPlayer_play_pos)
0538+  8673 3C          		inc	a
0539+  8674 B8          		cp	b
0540+  8675 DA 86 86    		jp	c, loc_0_4599
0541+  8678             
0542+  8678             
0543+  8678             ;		ld	a, (MBPlayer_xloop)
0544+  8678             ;		cp	255
0545+  8678             ;		jp	nz, loc_0_4599
0546+  8678             
0547+  8678             ;               ld	a,(MoonSound_key_press)
0548+  8678             ;		and	a
0549+  8678             ;		jr	z,loc_0_4597 
0550+  8678             
0551+  8678 3E 01       		ld	a,1
0552+  867A 32 E9 64                    ld	(MoonSound_flg_next),a
0553+  867D             		
0554+  867D C3 BF 84    		jp	MBPlayer_stop_music		; stop song, want loop OFF
0555+  8680             
0556+  8680             			
0557+  8680             loc_0_4597: 
0558+  8680 CD BF 84    		call	MBPlayer_stop_music		; stop song, want loop OFF
0559+  8683 C3 F1 83    		jp	MBPlayer_start_music		
0560+  8686             
0561+  8686             ;		xor	a
0562+  8686             
0563+  8686             loc_0_4599: 
0564+  8686 32 6A 8B    		ld	(MBPlayer_play_pos), a
0565+  8689 2A 77 8C    		ld	hl, (MBPlayer_pos_address)
0566+  868C 85          		add	a, l
0567+  868D 30 01       		jr	nc, loc_0_45A3
0568+  868F 24          		inc	h
0569+  8690             loc_0_45A3: 
0570+  8690 6F          		ld	l, a
0571+  8691 7E          		ld	a, (hl)
0572+  8692 32 8E 8B    		ld	(MBPlayer_current_pat), a
0573+  8695 87          		add	a, a
0574+  8696 2A 75 8C    		ld	hl, (MBPlayer_pat_address)
0575+  8699 85          		add	a, l
0576+  869A 30 01       		jr	nc, loc_0_45B0
0577+  869C 24          		inc	h
0578+  869D             
0579+  869D             loc_0_45B0: 
0580+  869D 6F          		ld	l, a
0581+  869E 5E          		ld	e, (hl)
0582+  869F 23          		inc	hl
0583+  86A0 56          		ld	d, (hl)
0584+  86A1 EB          		ex	de, hl
0585+  86A2 7C          		ld	a, h
0586+  86A3 07          		rlca	
0587+  86A4 07          		rlca	
0588+  86A5 E6 03       		and	3
0589+  86A7 11 6D 8B    		ld	de, MBPlayer_songdata_bank1
0590+  86AA 83          		add	a, e
0591+  86AB 30 01       		jr	nc, loc_0_45C1
0592+  86AD 14          		inc	d
0593+  86AE             loc_0_45C1: 
0594+  86AE 5F          		ld	e, a
0595+  86AF 1A          		ld	a, (de)
0596+  86B0 32 70 8B    		ld	(MBPlayer_songdata_bank), a
0597+  86B3 7C          		ld	a, h
0598+  86B4 E6 3F       		and	3Fh
0599+  86B6 67          		ld	h, a
0600+  86B7 ED 5B 6E 8B 		ld	de, (MBPlayer_songdata_addres)
0601+  86BB 19          		add	hl, de
0602+  86BC             loc_0_45CF: 
0603+  86BC             ;		ld	a, (MBPlayer_songdata_bank)
0604+  86BC             ;		call	MBPlayer_selbank_FE
0605+  86BC             
0606+  86BC 11 71 8B    		ld	de, MBPlayer_step_buffer
0607+  86BF             
0608+  86BF 7E          		ld	a, (hl)
0609+  86C0 23          		inc	hl
0610+  86C1 FE FF       		cp	0FFh				; 0FFh => completely empty
0611+  86C3 C2 D7 86    		jp	nz, loc_0_45F0
0612+  86C6 D9          		exx	
0613+  86C7 21 71 8B    		ld	hl, MBPlayer_step_buffer
0614+  86CA 11 72 8B    		ld	de, MBPlayer_step_buffer + 1
0615+  86CD 01 18 00    		ld	bc, 24
0616+  86D0 70          		ld	(hl), b
0617+  86D1 ED B0       		ldir	
0618+  86D3 D9          		exx	
0619+  86D4 C3 F6 86    		jp	loc_0_460F
0620+  86D7             loc_0_45F0: 
0621+  86D7 12          		ld	(de), a				; 1st byte uncrunched
0622+  86D8 13          		inc	de
0623+  86D9 E5          		push	hl
0624+  86DA 23          		inc	hl
0625+  86DB 23          		inc	hl
0626+  86DC 23          		inc	hl
0627+  86DD D9          		exx	
0628+  86DE E1          		pop	hl
0629+  86DF 06 03       		ld	b, 3				; decrunch 3 * 8 bytes
0630+  86E1             loc_0_45FA: 
0631+  86E1 7E          		ld	a, (hl)
0632+  86E2 D9          		exx	
0633+  86E3 06 08       		ld	b, 8				; decrunch 8 bytes
0634+  86E5 4F          		ld	c, a
0635+  86E6             loc_0_45FF: 
0636+  86E6 AF          		xor	a
0637+  86E7 CB 01       		rlc	c
0638+  86E9 30 02       		jr	nc, loc_0_4606			; no carry? then empty event
0639+  86EB 7E          		ld	a, (hl)
0640+  86EC 23          		inc	hl
0641+  86ED             loc_0_4606: 
0642+  86ED 12          		ld	(de), a
0643+  86EE 13          		inc	de
0644+  86EF 10 F5       		djnz	loc_0_45FF
0645+  86F1 D9          		exx	
0646+  86F2 23          		inc	hl
0647+  86F3 10 EC       		djnz	loc_0_45FA
0648+  86F5 D9          		exx	
0649+  86F6             loc_0_460F:                                          ;Calculate freq. & note nr of wave to play
0650+  86F6 22 79 8C    		ld	(MBPlayer_songdata_ptr), hl
0651+  86F9             
0652+  86F9 FD 21 7B 8C 		ld	iy, MBPlayer_play_table_wav
0653+  86FD 21 71 8B    		ld	hl, MBPlayer_step_buffer    ; third interrupt
0654+  8700 01 60 08    		ld	bc, 860h                    ;(256 * (WAVCHNS/2)) + 96	; Wave channels
0655+  8703 C3 2C 87    		jp	loc_0_4645
0656+  8706             
0657+  8706             loc_0_461F: 
0658+  8706 06 18       		ld	b, WAVCHNS
0659+  8708 21 71 8B    		ld	hl, MBPlayer_step_buffer
0660+  870B FD 21 7B 8C 		ld	iy, MBPlayer_play_table_wav
0661+  870F 11 14 00    		ld	de, PTW_SIZE
0662+  8712 0E 60       		ld	c, 96
0663+  8714             loc_0_462D: 
0664+  8714 7E          		ld	a, (hl)
0665+  8715 3D          		dec	a
0666+  8716 B9          		cp	c
0667+  8717 30 04       		jr	nc, loc_0_4636
0668+  8719 FD 36 02 00 		ld	(iy + 2), 0
0669+  871D             loc_0_4636: 
0670+  871D 23          		inc	hl
0671+  871E FD 19       		add	iy, de
0672+  8720 10 F2       		djnz	loc_0_462D
0673+  8722             
0674+  8722 FD 21 1B 8D 		ld	iy, unk_0_4D90		;play_table_wav + (WAVCHNS/2) * PTW_SIZE
0675+  8726 21 79 8B    		ld	hl, unk_0_4B90		;step_buffer + WAVCHNS / 2	; second interrupt
0676+  8729 01 60 08    		ld	bc, 860h                ;(256 * (WAVCHNS/2)) + 96	; Wave channels
0677+  872C             loc_0_4645: 
0678+  872C 11 14 00    		ld	de, PTW_SIZE
0679+  872F             loc_0_4648: 
0680+  872F 7E          		ld	a, (hl)
0681+  8730 3D          		dec	a
0682+  8731 B9          		cp	c
0683+  8732 DC 3D 87    		call	c, MBPlayer_calc_wave
0684+  8735 FD 19       		add	iy, de
0685+  8737 23          		inc	hl
0686+  8738 10 F5       		djnz	loc_0_4648
0687+  873A C3 4D 86    		jp	loc_0_4556
0688+  873D             ;-------------------------------------------------------------------
0689+  873D             ; îïèñàíèå: calc wave stuff
0690+  873D             ; ïàðàìåòðû: íåò
0691+  873D             ; âîçâðàùàåìîå  çíà÷åíèå: íåò
0692+  873D             ;---------------------------------------------------------------------
0693+  873D             MBPlayer_calc_wave: 
0694+  873D D9          		exx	
0695+  873E 57          		ld	d, a
0696+  873F             
0697+  873F 21 3B 97    		ld	hl, MBPlayer_patch_table	; dit stuk verandert A niet!
0698+  8742 06 00       		ld	b, 0
0699+  8744 FD 4E 0A    		ld	c, (iy + 0Ah)
0700+  8747 79          		ld	a, c
0701+  8748 FE AF       		cp	175
0702+  874A CA 06 88    		jp	z, MBPlayer_calc_drm		; gm drum patch
0703+  874D FE B0       		cp	176
0704+  874F D2 3C 88    		jp	nc, loc_0_4755			; own wave
0705+  8752             
0706+  8752             loc_0_466B: 
0707+  8752 7A          		ld	a, d
0708+  8753 09          		add	hl, bc
0709+  8754 09          		add	hl, bc
0710+  8755 5E          		ld	e, (hl)
0711+  8756 23          		inc	hl
0712+  8757 56          		ld	d, (hl)				; to patch
0713+  8758 EB          		ex	de, hl
0714+  8759 5E          		ld	e, (hl)
0715+  875A 23          		inc	hl
0716+  875B 4E          		ld	c, (hl)
0717+  875C 23          		inc	hl
0718+  875D 46          		ld	b, (hl)
0719+  875E 23          		inc	hl
0720+  875F FD 71 0D    		ld	(iy + 0Dh), c			; pointer to header bytes
0721+  8762 FD 70 0E    		ld	(iy + 0Eh), b
0722+  8765             
0723+  8765 CB 43       		bit	0, e				; search right patch part
0724+  8767 28 05       		jr	z, loc_0_4687			; transpose
0725+  8769             
0726+  8769 47          		ld	b, a
0727+  876A 3A 8B 8B    		ld	a, (MBPlayer_play_tspval)
0728+  876D 80          		add	a, b
0729+  876E             loc_0_4687: 
0730+  876E 06 00       		ld	b, 0
0731+  8770 11 05 00    		ld	de, 5
0732+  8773             loc_0_468C: 
0733+  8773 BE          		cp	(hl)
0734+  8774 38 3C       		jr	c, loc_0_46CB
0735+  8776 46          		ld	b, (hl)
0736+  8777 19          		add	hl, de
0737+  8778 BE          		cp	(hl)
0738+  8779 38 37       		jr	c, loc_0_46CB
0739+  877B 46          		ld	b, (hl)
0740+  877C 19          		add	hl, de
0741+  877D BE          		cp	(hl)
0742+  877E 38 32       		jr	c, loc_0_46CB
0743+  8780 46          		ld	b, (hl)
0744+  8781 19          		add	hl, de
0745+  8782 BE          		cp	(hl)
0746+  8783 38 2D       		jr	c, loc_0_46CB
0747+  8785 46          		ld	b, (hl)
0748+  8786 19          		add	hl, de
0749+  8787 BE          		cp	(hl)
0750+  8788 38 28       		jr	c, loc_0_46CB
0751+  878A 46          		ld	b, (hl)
0752+  878B 19          		add	hl, de
0753+  878C BE          		cp	(hl)
0754+  878D 38 23       		jr	c, loc_0_46CB
0755+  878F 46          		ld	b, (hl)
0756+  8790 19          		add	hl, de
0757+  8791 BE          		cp	(hl)
0758+  8792 38 1E       		jr	c, loc_0_46CB
0759+  8794 46          		ld	b, (hl)
0760+  8795 19          		add	hl, de
0761+  8796 BE          		cp	(hl)
0762+  8797 38 19       		jr	c, loc_0_46CB
0763+  8799 46          		ld	b, (hl)
0764+  879A 19          		add	hl, de
0765+  879B BE          		cp	(hl)
0766+  879C 38 14       		jr	c, loc_0_46CB
0767+  879E 46          		ld	b, (hl)
0768+  879F 19          		add	hl, de
0769+  87A0 BE          		cp	(hl)
0770+  87A1 38 0F       		jr	c, loc_0_46CB
0771+  87A3 46          		ld	b, (hl)
0772+  87A4 19          		add	hl, de
0773+  87A5 BE          		cp	(hl)
0774+  87A6 38 0A       		jr	c, loc_0_46CB
0775+  87A8 46          		ld	b, (hl)
0776+  87A9 19          		add	hl, de
0777+  87AA BE          		cp	(hl)
0778+  87AB 38 05       		jr	c, loc_0_46CB
0779+  87AD 46          		ld	b, (hl)
0780+  87AE 19          		add	hl, de
0781+  87AF C3 73 87    		jp	loc_0_468C
0782+  87B2             loc_0_46CB: 
0783+  87B2 57          		ld	d, a                    ; save note...
0784+  87B3 23          		inc	hl
0785+  87B4 7E          		ld	a, (hl)			; low byte tone
0786+  87B5 FD 77 07    		ld	(iy + 7), a
0787+  87B8             
0788+  87B8 23          		inc	hl
0789+  87B9 7E          		ld	a, (hl)
0790+  87BA E6 01       		and	1                       ; also resets carry!
0791+  87BC FD 77 06    		ld	(iy + 6), a             ; high byte tone
0792+  87BF             
0793+  87BF 7E          		ld	a, (hl)                 ; tone-note
0794+  87C0 1F          		rra				; note that carry was set 0 earlier!!	
0795+  87C1 82          		add	a, d
0796+  87C2 90          		sub	b
0797+  87C3 FD 77 00    		ld	(iy + 0), a		; last note
0798+  87C6             
0799+  87C6 23          		inc	hl
0800+  87C7 5E          		ld	e, (hl)
0801+  87C8 23          		inc	hl
0802+  87C9 56          		ld	d, (hl)
0803+  87CA FD 72 11    		ld	(iy + 11h), d		; pointer to freqtab
0804+  87CD FD 73 10    		ld	(iy + 10h), e
0805+  87D0             
0806+  87D0 21 5B 8E    		ld	hl, MBPlayer_tabdiv12
0807+  87D3 4F          		ld	c, a
0808+  87D4 06 00       		ld	b, 0
0809+  87D6 09          		add	hl, bc
0810+  87D7 09          		add	hl, bc
0811+  87D8 4E          		ld	c, (hl)
0812+  87D9 23          		inc	hl
0813+  87DA 7E          		ld	a, (hl)
0814+  87DB EB          		ex	de, hl
0815+  87DC             
0816+  87DC 85          		add	a, l
0817+  87DD 30 01       		jr	nc, loc_0_46F9
0818+  87DF 24          		inc	h
0819+  87E0             loc_0_46F9: 
0820+  87E0 6F          		ld	l, a
0821+  87E1 5E          		ld	e, (hl)
0822+  87E2 23          		inc	hl
0823+  87E3 56          		ld	d, (hl)
0824+  87E4             
0825+  87E4 CB 23       		sla	e   			; freq fine
0826+  87E6 7A          		ld	a, d
0827+  87E7 17          		rla	      			; freq rotated 1 left
0828+  87E8 81          		add	a, c                    ; octave
0829+  87E9             
0830+  87E9 57          		ld	d, a                    ; high byte freq
0831+  87EA 60          		ld	h, b
0832+  87EB             loc_0_4704: 
0833+  87EB FD 6E 05    		ld	l, (iy + 5)
0834+  87EE CB 7D       		bit	7, l
0835+  87F0 28 0D       		jr	z, loc_0_4718
0836+  87F2 25          		dec	h
0837+  87F3 29          		add	hl, hl			; detune...
0838+  87F4             loc_0_470D: 
0839+  87F4 19          		add	hl, de
0840+  87F5 CB 9C       		res	3, h
0841+  87F7 FD 75 08    		ld	(iy + 8), l		; freq fine
0842+  87FA FD 74 09    		ld	(iy + 9), h
0843+  87FD D9          		exx				; Yes! Finally, finished...	
0844+  87FE C9          		ret	
0845+  87FF             loc_0_4718: 
0846+  87FF EB          		ex	de, hl
0847+  8800 19          		add	hl, de 			; detune...
0848+  8801 16 08       		ld	d, 8
0849+  8803 C3 F4 87    		jp	loc_0_470D
0850+  8806             ;-------------------------------------------------------------------
0851+  8806             ; îïèñàíèå: Calc GM drums
0852+  8806             ; ïàðàìåòðû: íåò
0853+  8806             ; âîçâðàùàåìîå  çíà÷åíèå: íåò
0854+  8806             ;---------------------------------------------------------------------
0855+  8806             MBPlayer_calc_drm: 
0856+  8806 7A          		ld	a, d
0857+  8807 FE 24       		cp	36			
0858+  8809 DA 52 87    		jp	c, loc_0_466B		; < 36 => first drum handled as patch
0859+  880C FE 57       		cp	57h
0860+  880E DA 13 88    		jp	c, loc_0_472C
0861+  8811 3E 56       		ld	a, 56h
0862+  8813             loc_0_472C: 
0863+  8813 21 88 A7    		ld	hl, MBPlayer_gmdrm_c4
0864+  8816 D6 24       		sub	36
0865+  8818 47          		ld	b, a
0866+  8819 87          		add	a, a
0867+  881A 87          		add	a, a
0868+  881B 80          		add	a, b
0869+  881C 85          		add	a, l
0870+  881D 30 01       		jr	nc, loc_0_4739
0871+  881F 24          		inc	h
0872+  8820             
0873+  8820             loc_0_4739: 
0874+  8820 6F          		ld	l, a
0875+  8821 7E          		ld	a, (hl)
0876+  8822 FD 77 07    		ld	(iy + 7), a
0877+  8825 FD 36 06 00 		ld	(iy + 6), 0
0878+  8829 23          		inc	hl
0879+  882A 5E          		ld	e, (hl)
0880+  882B 23          		inc	hl
0881+  882C 56          		ld	d, (hl)
0882+  882D 23          		inc	hl
0883+  882E 7E          		ld	a, (hl)
0884+  882F FD 77 0D    		ld	(iy + 0Dh), a
0885+  8832 23          		inc	hl
0886+  8833 7E          		ld	a, (hl)
0887+  8834 FD 77 0E    		ld	(iy + 0Eh), a
0888+  8837 26 00       		ld	h, 0
0889+  8839 C3 EB 87    		jp	loc_0_4704
0890+  883C             
0891+  883C             loc_0_4755: 
0892+  883C D6 B0       		sub	176
0893+  883E 4F          		ld	c, a
0894+  883F 87          		add	a, a
0895+  8840 87          		add	a, a
0896+  8841 87          		add	a, a
0897+  8842 6F          		ld	l, a
0898+  8843 26 00       		ld	h, 0
0899+  8845 29          		add	hl, hl
0900+  8846 85          		add	a, l
0901+  8847 30 01       		jr	nc, loc_0_4763
0902+  8849 24          		inc	h
0903+  884A             loc_0_4763: 
0904+  884A 6F          		ld	l, a
0905+  884B 79          		ld	a, c
0906+  884C 85          		add	a, l
0907+  884D 30 01       		jr	nc, loc_0_4769
0908+  884F 24          		inc	h
0909+  8850             loc_0_4769: 
0910+  8850 6F          		ld	l, a
0911+  8851 01 1B 92    		ld	bc, MBPlayer_waves
0912+  8854 09          		add	hl, bc                          ; pointer to patch
0913+  8855             
0914+  8855 5E          		ld	e, (hl)                         ; transpose
0915+  8856 23          		inc	hl
0916+  8857 7A          		ld	a, d
0917+  8858 CB 43       		bit	0, e 				; transpose
0918+  885A 28 04       		jr	z, loc_0_4779
0919+  885C 3A 8B 8B    		ld	a, (MBPlayer_play_tspval)
0920+  885F 82          		add	a, d
0921+  8860             loc_0_4779: 
0922+  8860 16 00       		ld	d, 0
0923+  8862 01 03 00    		ld	bc, 3
0924+  8865             loc_0_477E: 
0925+  8865 BE          		cp	(hl)
0926+  8866 38 05       		jr	c, loc_0_4786
0927+  8868 56          		ld	d, (hl)
0928+  8869 09          		add	hl, bc
0929+  886A C3 65 88    		jp	loc_0_477E
0930+  886D             
0931+  886D             loc_0_4786: 
0932+  886D 47          		ld	b, a 				; save note...
0933+  886E 23          		inc	hl
0934+  886F 7E          		ld	a, (hl)				; low byte tone
0935+  8870 5F          		ld	e, a
0936+  8871 C6 80       		add	a, 80h 				; tone 384 and above 
0937+  8873 FD 77 07    		ld	(iy + 7), a
0938+  8876 FD 36 06 01 		ld	(iy + 6), 1			; RAM wave is altijd > 256
0939+  887A 23          		inc	hl
0940+  887B             
0941+  887B 7E          		ld	a, (hl)				; tone-note
0942+  887C 80          		add	a, b
0943+  887D 92          		sub	d
0944+  887E FD 77 00    		ld	(iy + 0), a			; last note
0945+  8881 F5          		push	af
0946+  8882             
0947+  8882 FD 36 0D 00 		ld	(iy + 0Dh), 0			; no header
0948+  8886 FD 36 0E 00 		ld	(iy + 0Eh), 0
0949+  888A             
0950+  888A 21 CB 96    		ld	hl, MBPlayer_tones_data
0951+  888D 16 00       		ld	d, 0
0952+  888F 19          		add	hl, de
0953+  8890 7E          		ld	a, (hl)
0954+  8891 E6 06       		and	6
0955+  8893 21 9B 90    		ld	hl, MBPlayer_frqtab_amiga
0956+  8896 28 0A       		jr	z, loc_0_47BB
0957+  8898 21 DB 8F    		ld	hl, MBPlayer_frqtab_441khz
0958+  889B FE 02       		cp	2
0959+  889D 28 03       		jr	z, loc_0_47BB
0960+  889F 21 5B 91    		ld	hl, MBPlayer_frqtab_turbo
0961+  88A2             loc_0_47BB: 
0962+  88A2 F1          		pop	af
0963+  88A3 FD 75 10    		ld	(iy + 10h), l
0964+  88A6 FD 74 11    		ld	(iy + 11h), h
0965+  88A9             
0966+  88A9 5F          		ld	e, a			; D is still 0
0967+  88AA 19          		add	hl, de
0968+  88AB 19          		add	hl, de
0969+  88AC 5E          		ld	e, (hl)
0970+  88AD 23          		inc	hl
0971+  88AE 56          		ld	d, (hl)
0972+  88AF 26 00       		ld	h, 0
0973+  88B1 C3 EB 87    		jp	loc_0_4704
0974+  88B4             ;-------------------------------------------------------------------
0975+  88B4             ; îïèñàíèå: Play ON event
0976+  88B4             ; ïàðàìåòðû: íåò
0977+  88B4             ; âîçâðàùàåìîå  çíà÷åíèå: íåò
0978+  88B4             ;---------------------------------------------------------------------
0979+  88B4             MBPlayer_play_wonevt: 
0980+  88B4 F5          		push	af
0981+  88B5 FD 7E 0F    		ld	a, (iy++0Fh)
0982+  88B8 E6 1F       		and	1Fh
0983+  88BA 1F          		rra	
0984+  88BB B7          		or	a
0985+  88BC C2 C0 88    		jp	nz, loc_0_4857
0986+  88BF 3C          		inc	a
0987+  88C0             
0988+  88C0             loc_0_4857: 
0989+  88C0 DD 77 00    		ld	(ix++0), a
0990+  88C3 F1          		pop	af
0991+  88C4             
0992+  88C4 05          		dec	b
0993+  88C5 FD 6E 0D    		ld	l, (iy + 0Dh)
0994+  88C8 FD 66 0E    		ld	h, (iy + 0Eh)
0995+  88CB 7D          		ld	a, l
0996+  88CC B4          		or	h 			
0997+  88CD 28 1F       		jr	z, loc_0_47F7           
0998+  88CF             
0999+  88CF 3E 80       		ld	a, 80h
1000+  88D1 80          		add	a, b
1001+  88D2 D3 7E       		out	(MOON_WREG), a
1002+  88D4 7E          		ld	a, (hl)
1003+  88D5             loc_0_47DE: 
1004+  88D5 C5          		push	bc
1005+  88D6 C1          		pop	bc
1006+  88D7 D3 7F       		out	(MOON_WDAT), a
1007+  88D9 23          		inc	hl
1008+  88DA             loc_0_47E3: 
1009+  88DA 7E          		ld	a, (hl)
1010+  88DB FE FF       		cp	0FFh
1011+  88DD 28 0F       		jr	z, loc_0_47F7
1012+  88DF 80          		add	a, b
1013+  88E0             loc_0_47E9: 
1014+  88E0 C5          		push	bc
1015+  88E1 C1          		pop	bc
1016+  88E2 D3 7E       		out	(MOON_WREG), a
1017+  88E4 23          		inc	hl
1018+  88E5 7E          		ld	a, (hl)
1019+  88E6             loc_0_47EF: 
1020+  88E6 C5          		push	bc
1021+  88E7 C1          		pop	bc
1022+  88E8 D3 7F       		out	(MOON_WDAT), a 		; header byte
1023+  88EA 23          		inc	hl
1024+  88EB C3 DA 88    		jp	loc_0_47E3
1025+  88EE             
1026+  88EE             loc_0_47F7: 
1027+  88EE 3E 50       		ld	a, 50h 			; set volume back to normal
1028+  88F0 80          		add	a, b
1029+  88F1             loc_0_47FA: 
1030+  88F1 C5          		push	bc
1031+  88F2 C1          		pop	bc
1032+  88F3 D3 7E       		out	(MOON_WREG), a
1033+  88F5 FD 7E 0F    		ld	a, (iy + 0Fh)
1034+  88F8 F6 01       		or	1			; level direct
1035+  88FA             loc_0_4803: 
1036+  88FA C5          		push	bc
1037+  88FB C1          		pop	bc
1038+  88FC D3 7F       		out	(MOON_WDAT), a
1039+  88FE             
1040+  88FE 3E 68       		ld	a, 68h 			
1041+  8900 80          		add	a, b
1042+  8901             loc_0_480A: 
1043+  8901 C5          		push	bc
1044+  8902 C1          		pop	bc
1045+  8903 D3 7E       		out	(MOON_WREG), a
1046+  8905 3E 80       		ld	a, 80h
1047+  8907 FD B6 0B    		or	(iy + 0Bh)             ; pan pot
1048+  890A             loc_0_4813: 
1049+  890A C5          		push	bc
1050+  890B C1          		pop	bc
1051+  890C D3 7F       		out	(MOON_WDAT), a		; key on
1052+  890E             
1053+  890E C9          		ret
1054+  890F             ;-------------------------------------------------------------------
1055+  890F             ; îïèñàíèå: Play OFF event
1056+  890F             ; ïàðàìåòðû: íåò
1057+  890F             ; âîçâðàùàåìîå  çíà÷åíèå: íåò
1058+  890F             ;---------------------------------------------------------------------
1059+  890F             MBPlayer_play_woffevt: 
1060+  890F 3E 67       		ld	a, 67h
1061+  8911 80          		add	a, b 			; calc. register
1062+  8912 D3 7E       		out	(MOON_WREG), a
1063+  8914             
1064+  8914 FD 36 02 00 		ld	(iy + 2), 0 		; pb/mod off
1065+  8918             loc_0_4821: 
1066+  8918 C5          		push	bc
1067+  8919 C1          		pop	bc
1068+  891A DB 7F       		in	a, (MOON_WDAT)
1069+  891C E6 7F       		and	7Fh
1070+  891E             loc_0_4827: 
1071+  891E C5          		push	bc
1072+  891F C1          		pop	bc
1073+  8920 D3 7F       		out	(MOON_WDAT), a
1074+  8922 C9          		ret	
1075+  8923             ;-------------------------------------------------------------------
1076+  8923             ; îïèñàíèå: Play Wave event
1077+  8923             ; ïàðàìåòðû: íåò
1078+  8923             ; âîçâðàùàåìîå  çíà÷åíèå: íåò
1079+  8923             ;---------------------------------------------------------------------
1080+  8923             MBPlayer_play_wwavevt: 
1081+  8923 D6 61       		sub	61h
1082+  8925             MBPlayer_play_wwavevt2: 
1083+  8925 FD 36 02 00 		ld	(iy + 2), 0 		; pb off
1084+  8929 4F          		ld	c, a
1085+  892A 21 14 8C    		ld	hl, MBPlayer_xwavnrs - 1
1086+  892D 85          		add	a, l
1087+  892E 30 01       		jr	nc, loc_0_483A
1088+  8930 24          		inc	h
1089+  8931             loc_0_483A: 
1090+  8931 6F          		ld	l, a
1091+  8932 7E          		ld	a, (hl)
1092+  8933 FD 77 0A    		ld	(iy + 0Ah), a
1093+  8936 79          		ld	a, c
1094+  8937 21 44 8C    		ld	hl, MBPlayer_xwavvols - 1
1095+  893A 85          		add	a, l
1096+  893B 30 01       		jr	nc, loc_0_4847
1097+  893D 24          		inc	h
1098+  893E             loc_0_4847: 
1099+  893E 6F          		ld	l, a
1100+  893F FD 7E 0F    		ld	a, (iy + 0Fh)
1101+  8942 E6 01       		and	1
1102+  8944 57          		ld	d, a
1103+  8945 3A 8F 8B    		ld	a, (MBPlayer_play_fading)
1104+  8948 B7          		or	a
1105+  8949 20 08       		jr	nz, loc_0_485C
1106+  894B             
1107+  894B 7E          		ld	a, (hl)
1108+  894C 87          		add	a, a
1109+  894D 87          		add	a, a
1110+  894E B2          		or	d
1111+  894F FD 77 0F    		ld	(iy + 0Fh), a
1112+  8952 C9          		ret	
1113+  8953             
1114+  8953             loc_0_485C: 
1115+  8953 7E          		ld	a, (hl)
1116+  8954 87          		add	a, a
1117+  8955 87          		add	a, a
1118+  8956 B2          		or	d
1119+  8957 FD BE 0F    		cp	(iy + 0Fh)
1120+  895A D8          		ret	c
1121+  895B FD 77 0F    		ld	(iy + 0Fh), a
1122+  895E C9          		ret	
1123+  895F             ;-------------------------------------------------------------------
1124+  895F             ; îïèñàíèå: Play volume event
1125+  895F             ; ïàðàìåòðû: íåò
1126+  895F             ; âîçâðàùàåìîå  çíà÷åíèå: íåò
1127+  895F             ;---------------------------------------------------------------------
1128+  895F             MBPlayer_play_wchgvol: 
1129+  895F D6 92       		sub	146
1130+  8961 EE 1F       		xor	1Fh
1131+  8963 87          		add	a, a
1132+  8964             MBPlayer_play_wchgvol2: 
1133+  8964 87          		add	a, a			;OPL4 can handle 0-127
1134+  8965 87          		add	a, a
1135+  8966 4F          		ld	c, a
1136+  8967             
1137+  8967 3A 8F 8B    		ld	a, (MBPlayer_play_fading)
1138+  896A B7          		or	a
1139+  896B 28 07       		jr	z, loc_0_487D
1140+  896D 79          		ld	a, c
1141+  896E F6 01       		or	1
1142+  8970 FD BE 0F    		cp	(iy + 0Fh)
1143+  8973 D8          		ret	c
1144+  8974             
1145+  8974             loc_0_487D: 
1146+  8974 3E 4F       		ld	a, 4Fh			
1147+  8976 80          		add	a, b
1148+  8977 D3 7E       		out	(MOON_WREG), a
1149+  8979 FD 7E 0F    		ld	a, (iy + 0Fh) 		; level direct
1150+  897C E6 01       		and	1
1151+  897E B1          		or	c
1152+  897F FD 77 0F    		ld	(iy + 0Fh), a
1153+  8982             
1154+  8982             loc_0_488B: 
1155+  8982 C5          		push	bc
1156+  8983 C1          		pop	bc
1157+  8984 D3 7F       		out	(MOON_WDAT), a
1158+  8986 C9          		ret	
1159+  8987             ;-------------------------------------------------------------------
1160+  8987             ; îïèñàíèå: Link note
1161+  8987             ; ïàðàìåòðû: íåò
1162+  8987             ; âîçâðàùàåìîå  çíà÷åíèå: íåò
1163+  8987             ;---------------------------------------------------------------------
1164+  8987             MBPlayer_play_wlnk: 
1165+  8987 F5          		push	af
1166+  8988 FD 7E 0F    		ld	a, (iy++0Fh)
1167+  898B E6 1F       		and	1Fh
1168+  898D 1F          		rra	
1169+  898E B7          		or	a
1170+  898F C2 93 89    		jp	nz, loc_0_492A
1171+  8992 3C          		inc	a
1172+  8993             
1173+  8993             loc_0_492A: 
1174+  8993 DD 77 00    		ld	(ix++0), a
1175+  8996 F1          		pop	af
1176+  8997             
1177+  8997             
1178+  8997 FD 36 02 00 		ld	(iy + 2), 0
1179+  899B C5          		push	bc
1180+  899C D6 CA       		sub	202
1181+  899E FD 86 00    		add	a, (iy + 0)
1182+  89A1 FD 77 00    		ld	(iy + 0), a
1183+  89A4             
1184+  89A4 FD CB 06 46 		bit	0, (iy + 6)
1185+  89A8 28 06       		jr	z, loc_0_48A9
1186+  89AA FD CB 07 7E 		bit	7, (iy + 7)
1187+  89AE 20 50       		jr	nz, loc_0_48F9
1188+  89B0             loc_0_48A9: 
1189+  89B0 21 5B 8E    		ld	hl, MBPlayer_tabdiv12
1190+  89B3 4F          		ld	c, a
1191+  89B4 06 00       		ld	b, 0
1192+  89B6 09          		add	hl, bc
1193+  89B7 09          		add	hl, bc
1194+  89B8 4E          		ld	c, (hl)
1195+  89B9 23          		inc	hl
1196+  89BA 7E          		ld	a, (hl)
1197+  89BB FD 6E 10    		ld	l, (iy + 10h)
1198+  89BE FD 66 11    		ld	h, (iy + 11h)
1199+  89C1 85          		add	a, l
1200+  89C2 30 01       		jr	nc, loc_0_48BE
1201+  89C4 24          		inc	h
1202+  89C5             loc_0_48BE: 
1203+  89C5 6F          		ld	l, a
1204+  89C6 5E          		ld	e, (hl)
1205+  89C7 23          		inc	hl
1206+  89C8 56          		ld	d, (hl)
1207+  89C9 EB          		ex	de, hl 			; HL = freq
1208+  89CA             
1209+  89CA CB 25       		sla	l
1210+  89CC 7C          		ld	a, h
1211+  89CD 17          		rla	
1212+  89CE 81          		add	a, c
1213+  89CF 67          		ld	h, a
1214+  89D0             loc_0_48C9: 
1215+  89D0 16 00       		ld	d, 0
1216+  89D2 FD 5E 05    		ld	e, (iy + 5)
1217+  89D5 CB 7B       		bit	7, e
1218+  89D7 28 01       		jr	z, loc_0_48D3
1219+  89D9 15          		dec	d
1220+  89DA             loc_0_48D3: 
1221+  89DA 19          		add	hl, de			; detune...
1222+  89DB 19          		add	hl, de
1223+  89DC             
1224+  89DC FD 75 12    		ld	(iy + 12h), l		; freq fine
1225+  89DF FD 74 13    		ld	(iy + 13h), h
1226+  89E2             
1227+  89E2 C1          		pop	bc
1228+  89E3 3E 1F       		ld	a, 1Fh
1229+  89E5 80          		add	a, b
1230+  89E6 D3 7E       		out	(MOON_WREG), a
1231+  89E8 7D          		ld	a, l
1232+  89E9 FD B6 06    		or	(iy + 6)
1233+  89EC             loc_0_48E5: 
1234+  89EC C5          		push	bc
1235+  89ED C1          		pop	bc
1236+  89EE D3 7F       		out	(MOON_WDAT), a		; freq + tone
1237+  89F0             
1238+  89F0 3E 37       		ld	a, 37h
1239+  89F2 80          		add	a, b
1240+  89F3             loc_0_48EC: 
1241+  89F3 C5          		push	bc
1242+  89F4 C1          		pop	bc
1243+  89F5 D3 7E       		out	(MOON_WREG), a
1244+  89F7 7C          		ld	a, h
1245+  89F8 FD B6 0C    		or	(iy + 0Ch)
1246+  89FB             loc_0_48F4: 
1247+  89FB C5          		push	bc
1248+  89FC C1          		pop	bc
1249+  89FD D3 7F       		out	(MOON_WDAT), a 		; freq
1250+  89FF C9          		ret	
1251+  8A00             
1252+  8A00             loc_0_48F9: 
1253+  8A00 FD 6E 10    		ld	l, (iy + 10h)		; link own wave
1254+  8A03 FD 66 11    		ld	h, (iy + 11h)
1255+  8A06 5F          		ld	e, a
1256+  8A07 16 00       		ld	d, 0
1257+  8A09 19          		add	hl, de
1258+  8A0A 19          		add	hl, de
1259+  8A0B 5E          		ld	e, (hl)
1260+  8A0C 23          		inc	hl
1261+  8A0D 56          		ld	d, (hl)
1262+  8A0E EB          		ex	de, hl			; freq
1263+  8A0F C3 D0 89    		jp	loc_0_48C9
1264+  8A12             ;-------------------------------------------------------------------
1265+  8A12             ; îïèñàíèå: Play stereo event
1266+  8A12             ; ïàðàìåòðû: íåò
1267+  8A12             ; âîçâðàùàåìîå  çíà÷åíèå: íåò
1268+  8A12             ;---------------------------------------------------------------------
1269+  8A12             MBPlayer_play_wchgste: 
1270+  8A12 D6 B9       		sub	0B9h 		; 178 + 7
1271+  8A14             MBPlayer_play_wchgste2: 
1272+  8A14 E6 0F       		and	0Fh
1273+  8A16 57          		ld	d, a
1274+  8A17 FD 7E 0B    		ld	a, (iy + 0Bh)
1275+  8A1A E6 F0       		and	0F0h
1276+  8A1C B2          		or	d
1277+  8A1D FD 77 0B    		ld	(iy + 0Bh), a
1278+  8A20 3E 67       		ld	a, 67h
1279+  8A22 80          		add	a, b
1280+  8A23 D3 7E       		out	(MOON_WREG), a
1281+  8A25 FD 36 02 00 		ld	(iy + 2), 0
1282+  8A29             loc_0_4922: 
1283+  8A29 C5          		push	bc
1284+  8A2A C1          		pop	bc
1285+  8A2B DB 7F       		in	a, (MOON_WDAT)
1286+  8A2D E6 F0       		and	0F0h
1287+  8A2F B2          		or	d
1288+  8A30             loc_0_4929: 
1289+  8A30 C5          		push	bc
1290+  8A31 C1          		pop	bc
1291+  8A32 D3 7F       		out	(MOON_WDAT), a
1292+  8A34 C9          		ret	
1293+  8A35             ;-------------------------------------------------------------------
1294+  8A35             ; îïèñàíèå: Pitch bending
1295+  8A35             ; ïàðàìåòðû: íåò
1296+  8A35             ; âîçâðàùàåìîå  çíà÷åíèå: íåò
1297+  8A35             ;---------------------------------------------------------------------
1298+  8A35             MBPlayer_play_wchgpit: 
1299+  8A35 D6 DD       		sub	221
1300+  8A37 FD 36 02 01 		ld	(iy + 2), 1		; Pitch bending on
1301+  8A3B 87          		add	a, a
1302+  8A3C 87          		add	a, a
1303+  8A3D FD 77 03    		ld	(iy + 3), a		; Set pitch bend speed
1304+  8A40 07          		rlca	
1305+  8A41 38 05       		jr	c, loc_0_4941
1306+  8A43 FD 36 04 00 		ld	(iy + 4), 0
1307+  8A47 C9          		ret	
1308+  8A48             loc_0_4941: 
1309+  8A48 FD 36 04 FF 		ld	(iy + 4), 0FFh
1310+  8A4C C9          		ret	
1311+  8A4D             ;-------------------------------------------------------------------
1312+  8A4D             ; îïèñàíèå: Modulation event
1313+  8A4D             ; ïàðàìåòðû: íåò
1314+  8A4D             ; âîçâðàùàåìîå  çíà÷åíèå: íåò
1315+  8A4D             ;---------------------------------------------------------------------
1316+  8A4D             MBPlayer_play_wchgmod: 
1317+  8A4D D6 EC       		sub	0ECh		;238 - 2
1318+  8A4F FD 77 02    		ld	(iy + 2), a
1319+  8A52 87          		add	a, a
1320+  8A53 87          		add	a, a
1321+  8A54 87          		add	a, a
1322+  8A55 87          		add	a, a
1323+  8A56 21 AD 8B    		ld	hl, MBPlayer_xmodtab - 2 * 16
1324+  8A59 85          		add	a, l
1325+  8A5A 30 01       		jr	nc, loc_0_4956
1326+  8A5C 24          		inc	h
1327+  8A5D             loc_0_4956: 
1328+  8A5D 6F          		ld	l, a
1329+  8A5E FD 75 03    		ld	(iy + 3), l
1330+  8A61 FD 74 04    		ld	(iy + 4), h
1331+  8A64 C9          		ret	
1332+  8A65             ;-------------------------------------------------------------------
1333+  8A65             ; îïèñàíèå: Set detune
1334+  8A65             ; ïàðàìåòðû: íåò
1335+  8A65             ; âîçâðàùàåìîå  çíà÷åíèå: íåò
1336+  8A65             ;---------------------------------------------------------------------
1337+  8A65             MBPlayer_play_wchgdet: 
1338+  8A65 D6 EA       		sub	234
1339+  8A67 87          		add	a, a
1340+  8A68 87          		add	a, a
1341+  8A69 FD 77 05    		ld	(iy + 5), a
1342+  8A6C C9          		ret	
1343+  8A6D             ;-------------------------------------------------------------------
1344+  8A6D             ; îïèñàíèå: Damp
1345+  8A6D             ; ïàðàìåòðû: íåò
1346+  8A6D             ; âîçâðàùàåìîå  çíà÷åíèå: íåò
1347+  8A6D             ;---------------------------------------------------------------------
1348+  8A6D             MBPlayer_play_wchgdmp: 
1349+  8A6D 3E 67       		ld	a, 67h
1350+  8A6F 80          		add	a, b			; calc. register
1351+  8A70 D3 7E       		out	(MOON_WREG), a
1352+  8A72 FD 36 02 00 		ld	(iy + 2), 0
1353+  8A76             loc_0_496F: 
1354+  8A76 C5          		push	bc
1355+  8A77 C1          		pop	bc
1356+  8A78 DB 7F       		in	a, (MOON_WDAT)
1357+  8A7A F6 40       		or	40h			; pb/mod off
1358+  8A7C             loc_0_4975: 
1359+  8A7C C5          		push	bc
1360+  8A7D C1          		pop	bc
1361+  8A7E D3 7F       		out	(MOON_WDAT), a
1362+  8A80 C9          		ret	
1363+  8A81             ;-------------------------------------------------------------------
1364+  8A81             ; îïèñàíèå: pitch bending/modulation
1365+  8A81             ; ïàðàìåòðû: íåò
1366+  8A81             ; âîçâðàùàåìîå  çíà÷åíèå: íåò
1367+  8A81             ;---------------------------------------------------------------------
1368+  8A81             MBPlayer_play_pitch: 
1369+  8A81 FD 21 7B 8C 		ld	iy, MBPlayer_play_table_wav
1370+  8A85 11 14 00    		ld	de,PTW_SIZE
1371+  8A88 21 94 8A    		ld	hl,MBPlayer_play_pitchwvl2
1372+  8A8B 06 18       		ld	b,WAVCHNS		; wave channels
1373+  8A8D             MBPlayer_play_pitchwlus: 
1374+  8A8D FD 7E 02    		ld	a, (iy + 2)
1375+  8A90 B7          		or	a
1376+  8A91 C2 99 8A    		jp	nz, MBPlayer_play_pitch_wdo
1377+  8A94             MBPlayer_play_pitchwvl2: 
1378+  8A94 FD 19       		add	iy, de
1379+  8A96 10 F5       		djnz	MBPlayer_play_pitchwlus
1380+  8A98 C9          		ret	
1381+  8A99             ;-------------------------------------------------------------------
1382+  8A99             ; îïèñàíèå: pitch bending
1383+  8A99             ; ïàðàìåòðû: íåò
1384+  8A99             ; âîçâðàùàåìîå  çíà÷åíèå: íåò
1385+  8A99             ;---------------------------------------------------------------------
1386+  8A99             MBPlayer_play_pitch_wdo: 
1387+  8A99 D9          		exx	
1388+  8A9A             
1389+  8A9A 4F          		ld	c, a
1390+  8A9B             
1391+  8A9B FD 6E 03    		ld	l, (iy + 3)		; pitch bend speed
1392+  8A9E FD 66 04    		ld	h, (iy + 4)
1393+  8AA1 0D          		dec	c
1394+  8AA2 C2 E0 8A    		jp	nz, MBPlayer_play_mod_wdo ; modulation
1395+  8AA5 EB          		ex	de, hl
1396+  8AA6             loc_0_499F: 
1397+  8AA6 FD 66 13    		ld	h, (iy + 13h)
1398+  8AA9 FD 6E 12    		ld	l, (iy + 12h)
1399+  8AAC 19          		add	hl, de			; sliding
1400+  8AAD CB 5C       		bit	3, h
1401+  8AAF 28 0D       		jr	z, loc_0_49B7
1402+  8AB1 CB 7A       		bit	7, d
1403+  8AB3 20 07       		jr	nz, loc_0_49B5
1404+  8AB5 7C          		ld	a, h
1405+  8AB6 C6 08       		add	a, 8
1406+  8AB8 67          		ld	h, a
1407+  8AB9 C3 BE 8A    		jp	loc_0_49B7
1408+  8ABC             loc_0_49B5: 
1409+  8ABC CB 9C       		res	3, h
1410+  8ABE             loc_0_49B7: 
1411+  8ABE FD 75 12    		ld	(iy + 12h), l		; freq fine
1412+  8AC1 FD 74 13    		ld	(iy + 13h), h
1413+  8AC4 FD 7E 01    		ld	a, (iy + 1)
1414+  8AC7 4F          		ld	c, a
1415+  8AC8 D3 7E       		out	(MOON_WREG), a
1416+  8ACA 7D          		ld	a, l
1417+  8ACB FD B6 06    		or	(iy + 6)
1418+  8ACE             loc_0_49C7: 
1419+  8ACE C5          		push	bc
1420+  8ACF C1          		pop	bc
1421+  8AD0 D3 7F       		out	(MOON_WDAT), a		; freq + tone
1422+  8AD2             
1423+  8AD2 79          		ld	a, c
1424+  8AD3 C6 18       		add	a, 24
1425+  8AD5             loc_0_49CE: 
1426+  8AD5 C5          		push	bc
1427+  8AD6 C1          		pop	bc
1428+  8AD7 D3 7E       		out	(MOON_WREG), a
1429+  8AD9 7C          		ld	a, h
1430+  8ADA             loc_0_49D3: 
1431+  8ADA C5          		push	bc
1432+  8ADB C1          		pop	bc
1433+  8ADC D3 7F       		out	(MOON_WDAT), a 		; freq
1434+  8ADE D9          		exx	
1435+  8ADF E9          		jp	(hl)
1436+  8AE0             ;-------------------------------------------------------------------
1437+  8AE0             ; îïèñàíèå: Ìîäóëÿöèÿ
1438+  8AE0             ; ïàðàìåòðû: íåò
1439+  8AE0             ; âîçâðàùàåìîå  çíà÷åíèå: íåò
1440+  8AE0             ;---------------------------------------------------------------------
1441+  8AE0             MBPlayer_play_mod_wdo: 
1442+  8AE0 16 00       		ld	d, 0
1443+  8AE2 5E          		ld	e, (hl)
1444+  8AE3 CB 23       		sla	e
1445+  8AE5 CB 23       		sla	e
1446+  8AE7 30 01       		jr	nc, loc_0_49E3
1447+  8AE9 15          		dec	d
1448+  8AEA             loc_0_49E3: 
1449+  8AEA 23          		inc	hl
1450+  8AEB 7E          		ld	a, (hl)
1451+  8AEC FE 0A       		cp	10
1452+  8AEE C2 FE 8A    		jp	nz, loc_0_49F7
1453+  8AF1 79          		ld	a, c
1454+  8AF2             
1455+  8AF2 21 BD 8B    		ld	hl, MBPlayer_xmodtab - 16
1456+  8AF5 87          		add	a, a
1457+  8AF6 87          		add	a, a
1458+  8AF7 87          		add	a, a
1459+  8AF8 87          		add	a, a
1460+  8AF9 85          		add	a, l
1461+  8AFA 30 01       		jr	nc, loc_0_49F6
1462+  8AFC 24          		inc	h
1463+  8AFD             loc_0_49F6: 
1464+  8AFD 6F          		ld	l, a
1465+  8AFE             loc_0_49F7: 
1466+  8AFE FD 75 03    		ld	(iy + 3), l
1467+  8B01 FD 74 04    		ld	(iy + 4), h
1468+  8B04 C3 A6 8A    		jp	loc_0_499F
1469+  8B07             ;-------------------------------------------------------------------
1470+  8B07             ; îïèñàíèå: Çàòóõàíèå ìåëîäèè
1471+  8B07             ; ïàðàìåòðû: íåò
1472+  8B07             ; âîçâðàùàåìîå  çíà÷åíèå: íåò
1473+  8B07             ;---------------------------------------------------------------------
1474+  8B07             MBPlayer_play_fade: 	
1475+  8B07 3A 91 8B    		ld	a,(MBPlayer_play_fadespd)	; speed
1476+  8B0A 21 90 8B    		ld	hl,MBPlayer_play_fadecnt
1477+  8B0D 34          		inc	(hl)
1478+  8B0E BE          		cp	(hl)
1479+  8B0F C0          		ret	nz
1480+  8B10 36 00       		ld	(hl), 0
1481+  8B12             
1482+  8B12 06 18       		ld	b,WAVCHNS
1483+  8B14 FD 21 7B 8C 		ld	iy,MBPlayer_play_table_wav
1484+  8B18 11 14 00    		ld	de,PTW_SIZE
1485+  8B1B             loc_0_4A14: 
1486+  8B1B FD 7E 0F    		ld	a, (iy + 0Fh)		
1487+  8B1E C6 08       		add	a, 8                    ; -4, but bit 0 is not for volume
1488+  8B20 30 02       		jr	nc, loc_0_4A1D
1489+  8B22 3E FF       		ld	a, 255
1490+  8B24             loc_0_4A1D: 
1491+  8B24 FD 77 0F    		ld	(iy + 0Fh), a
1492+  8B27 3E 4F       		ld	a, 4Fh
1493+  8B29 80          		add	a, b
1494+  8B2A D3 7E       		out	(MOON_WREG), a
1495+  8B2C FD 7E 0F    		ld	a, (iy + 0Fh)		; level direct
1496+  8B2F             loc_0_4A28: 
1497+  8B2F C5          		push	bc
1498+  8B30 C1          		pop	bc
1499+  8B31 D3 7F       		out	(MOON_WDAT), a
1500+  8B33 FD 19       		add	iy, de
1501+  8B35 10 E4       		djnz	loc_0_4A14
1502+  8B37             
1503+  8B37 21 92 8B    		ld	hl, MBPlayer_play_fadetcnt 	; total counter
1504+  8B3A 34          		inc	(hl)
1505+  8B3B 7E          		ld	a, (hl)
1506+  8B3C FE 21       		cp	33			; will always be faded out in 33 steps
1507+  8B3E C0          		ret	nz
1508+  8B3F AF          		xor	a
1509+  8B40 32 8F 8B    		ld	(MBPlayer_play_fading), a
1510+  8B43 C3 BF 84    		jp	MBPlayer_stop_music
1511+  8B46             
1512+  8B46             sub_0_4A3F: 
1513+  8B46 08          		ex	af, af'
1514+  8B47 79          		ld	a, c
1515+  8B48             loc_0_4A41: 
1516+  8B48 C5          		push	bc
1517+  8B49 C1          		pop	bc
1518+  8B4A D3 C6       		out	(MOON_REG2),a
1519+  8B4C 08          		ex	af, af'
1520+  8B4D             loc_0_4A46: 
1521+  8B4D C5          		push	bc
1522+  8B4E C1          		pop	bc
1523+  8B4F D3 C7       		out	(MOON_DAT2),a
1524+  8B51 C9          		ret	
1525+  8B52             ;-------------------------------------------------------------------
1526+  8B52             ; îïèñàíèå: Âûâîä äàííûõ â ðåãèñòðû Wave ÷àñòè
1527+  8B52             ; ïàðàìåòðû: C - íîìåð ðåãèñòðà
1528+  8B52             ;	     A - âûâîäèìûé áàéò
1529+  8B52             ; âîçâðàùàåìîå  çíà÷åíèå: íåò
1530+  8B52             ;---------------------------------------------------------------------
1531+  8B52             MBPlayer_out_wave: 	
1532+  8B52 08          		ex	af, af'
1533+  8B53 79          		ld	a, c
1534+  8B54             loc_0_4A4D: 
1535+  8B54 C5          		push	bc
1536+  8B55 C1          		pop	bc
1537+  8B56 D3 7E       		out	(MOON_WREG), a
1538+  8B58 08          		ex	af, af'
1539+  8B59             loc_0_4A52: 
1540+  8B59 C5          		push	bc
1541+  8B5A C1          		pop	bc
1542+  8B5B D3 7F       		out	(MOON_WDAT), a
1543+  8B5D C9          		ret	
1544+  8B5E             ;-------------------------------------------------------------------
1545+  8B5E             ; îïèñàíèå: ×òåíèå äàííûõ èç ðåãèñòðà Wave ÷àñòè
1546+  8B5E             ; ïàðàìåòðû: C - íîìåð ðåãèñòðà
1547+  8B5E             ; âîçâðàùàåìîå  çíà÷åíèå: A - áàéò äàííûõ
1548+  8B5E             ;---------------------------------------------------------------------
1549+  8B5E             MBPlayer_in_wave: 	
1550+  8B5E C5          		push	bc
1551+  8B5F C1          		pop	bc
1552+  8B60 79          		ld	a, c
1553+  8B61 D3 7E       		out	(MOON_WREG), a
1554+  8B63 00          		nop	
1555+  8B64             loc_0_4A5D: 
1556+  8B64 C5          		push	bc
1557+  8B65 C1          		pop	bc
1558+  8B66 DB 7F       		in	a, (MOON_WDAT)
1559+  8B68 C9          		ret	
1560+  8B69             
1561+  8B69             MBPlayer_play_busy: 
1562+  8B69 00          		db	0
1563+  8B6A             MBPlayer_play_pos: 	
1564+  8B6A 00          		db 	0
1565+  8B6B             MBPlayer_play_step: 	
1566+  8B6B 00          		db 	0
1567+  8B6C             MBPlayer_save_curbank: 	
1568+  8B6C 00          		db	0
1569+  8B6D             MBPlayer_songdata_bank1: 	
1570+  8B6D 00          		db 	0
1571+  8B6E             MBPlayer_songdata_addres: 	
1572+  8B6E 00 00       		dw 	0
1573+  8B70             MBPlayer_songdata_bank: 	
1574+  8B70 00          		db 	0
1575+  8B71             
1576+  8B71             MBPlayer_step_buffer: 	
1577+  8B71 00          		db    	0
1578+  8B72 00          		db    	0
1579+  8B73 00          		db    	0 ;  
1580+  8B74 00          		db    	0 ;  
1581+  8B75 00          		db    	0 ;  
1582+  8B76 00          		db    	0 ;  
1583+  8B77 00          		db    	0 ;  
1584+  8B78 00          		db    	0 ;  
1585+  8B79             unk_0_4B90: 	
1586+  8B79 00          		db    	0
1587+  8B7A 00          		db    	0 ;  
1588+  8B7B 00          		db    	0 ;  
1589+  8B7C 00          		db    	0 ;  
1590+  8B7D 00          		db    	0 ;  
1591+  8B7E 00          		db    	0 ;  
1592+  8B7F 00          		db    	0 ;  
1593+  8B80 00          		db    	0 ;  
1594+  8B81             unk_0_4B98: 	
1595+  8B81 00          		db    	0
1596+  8B82 00          		db    	0 ;  
1597+  8B83 00          		db    	0 ;  
1598+  8B84 00          		db    	0 ;  
1599+  8B85 00          		db    	0 ;  
1600+  8B86 00          		db    	0 ;  
1601+  8B87 00          		db    	0 ;  
1602+  8B88 00          		db    	0 ;  
1603+  8B89 00          		db    	0 ;  
1604+  8B8A             MBPlayer_play_speed: 	
1605+  8B8A 00          		db 	0
1606+  8B8B             MBPlayer_play_tspval: 	
1607+  8B8B 00          		db 	0
1608+  8B8C             MBPlayer_play_timercnt: 	
1609+  8B8C 00          		db 	0
1610+  8B8D             MBPlayer_play_intcnt: 
1611+  8B8D 00          		db 	0
1612+  8B8E             MBPlayer_current_pat: 	
1613+  8B8E 00          		db 	0
1614+  8B8F             MBPlayer_play_fading: 	
1615+  8B8F 00          		db 	0
1616+  8B90             MBPlayer_play_fadecnt: 	
1617+  8B90 00          		db 	0
1618+  8B91             MBPlayer_play_fadespd: 	
1619+  8B91 00          		db 	0
1620+  8B92             MBPlayer_play_fadetcnt: 	
1621+  8B92 00          		db 	0
1622+  8B93             MBPlayer_sample_address: 	
1623+  8B93 00          		db    	0
1624+  8B94 00          		db    	0 ;  
1625+  8B95 00          		db    	0 ;  
1626+  8B96 00          		db    	0 ;  
1627+  8B97             MBPlayer_samplesize: 	
1628+  8B97 00 00       		dw 	0
1629+  8B99             ;-------------------------------------------------------------------
1630+  8B99             ; îïèñàíèå: Èíôîðìàöèÿ î òðåêå = 220 áàéò
1631+  8B99             ; ïàðàìåòðû: íåò
1632+  8B99             ; âîçâðàùàåìîå  çíà÷åíèå: íåò
1633+  8B99             ;---------------------------------------------------------------------
1634+  8B99             MBPlayer_xleng: 	
1635+  8B99 00          		ds	1		; Song length
1636+  8B9A             MBPlayer_xloop: 		
1637+  8B9A 00          		ds	1		; Loop position
1638+  8B9B             MBPlayer_xwvstpr: 	
1639+  8B9B 00          		ds	24		; Stereo settings Wave
1640+  8BB3             MBPlayer_xtempo: 		
1641+  8BB3 00          		ds	1		; Tempo
1642+  8BB4             MBPlayer_xhzequal: 	
1643+  8BB4 00          		ds	1		; Base frequency
1644+  8BB5             MBPlayer_xdetune: 		
1645+  8BB5 00          		ds	24		; Detune settings
1646+  8BCD             MBPlayer_xmodtab: 		
1647+  8BCD 00          		ds	3*16		; Modulation tables
1648+  8BFD             MBPlayer_xbegwav: 		
1649+  8BFD 00          		ds	24		; Start waves
1650+  8C15             MBPlayer_xwavnrs: 	
1651+  8C15 00          		ds	48		; Wave numbers
1652+  8C45             MBPlayer_xwavvols: 	                	
1653+  8C45 00          		ds	48		; Wave volumes
1654+  8C75             
1655+  8C75             
1656+  8C75             MBPlayer_pat_address: 	
1657+  8C75 00 00       		dw 	0
1658+  8C77             MBPlayer_pos_address: 	
1659+  8C77 00 00       		dw 	0
1660+  8C79             MBPlayer_songdata_ptr: 	
1661+  8C79 00 00       		dw 	0
1662+  8C7B             
1663+  8C7B             ;--- smart table: --
1664+  8C7B             
1665+  8C7B             ;    - last note played                 01: + 0
1666+  8C7B             ;    - frequency register               01: + 1
1667+  8C7B             ;    - pitch bending on/off             01: + 2
1668+  8C7B             ;    - pitch bend speed                 02: + 3
1669+  8C7B             ;    - detune value                     01: + 5
1670+  8C7B             ;    - tone nr for next interrupt       02: + 6
1671+  8C7B             ;    - freq for next interrupt          02: + 8
1672+  8C7B             ;    - current patch                    01  + 10
1673+  8C7B             ;    - current stereo setting           01  + 11
1674+  8C7B             ;    - pseudo reverb                    01  + 12
1675+  8C7B             ;    - Pointer to header bytes          02  + 13
1676+  8C7B             ;    - Volume                           01  + 15
1677+  8C7B             ;    - Pointer to used freq table       01  + 16
1678+  8C7B             ;    - Current pitch freq.              02  + 18
1679+  8C7B             ;                               --
1680+  8C7B             ;    Total:                             20
1681+  8C7B             
1682+  8C7B             MBPlayer_play_table_wav: 
1683+  8C7B             		db	0,037h,0,0,0,0,0,0,0,0,0,0,0,0,0,0,0,0,0,0	; ch1
1683+  8C7B 0037000000000000000000000000000000000000
1684+  8C8F             		db	0,036h,0,0,0,0,0,0,0,0,0,0,0,0,0,0,0,0,0,0	; ch2
1684+  8C8F 0036000000000000000000000000000000000000
1685+  8CA3             		db	0,035h,0,0,0,0,0,0,0,0,0,0,0,0,0,0,0,0,0,0	; ch3
1685+  8CA3 0035000000000000000000000000000000000000
1686+  8CB7             		db	0,034h,0,0,0,0,0,0,0,0,0,0,0,0,0,0,0,0,0,0	; ch4
1686+  8CB7 0034000000000000000000000000000000000000
1687+  8CCB             		db	0,033h,0,0,0,0,0,0,0,0,0,0,0,0,0,0,0,0,0,0	; ch5
1687+  8CCB 0033000000000000000000000000000000000000
1688+  8CDF             		db	0,032h,0,0,0,0,0,0,0,0,0,0,0,0,0,0,0,0,0,0	; ch6
1688+  8CDF 0032000000000000000000000000000000000000
1689+  8CF3             		db	0,031h,0,0,0,0,0,0,0,0,0,0,0,0,0,0,0,0,0,0	; ch7
1689+  8CF3 0031000000000000000000000000000000000000
1690+  8D07             		db	0,030h,0,0,0,0,0,0,0,0,0,0,0,0,0,0,0,0,0,0	; ch8
1690+  8D07 0030000000000000000000000000000000000000
1691+  8D1B             unk_0_4D90: 	
1692+  8D1B             		db	0,02fh,0,0,0,0,0,0,0,0,0,0,0,0,0,0,0,0,0,0	; ch9
1692+  8D1B 002F000000000000000000000000000000000000
1693+  8D2F             		db	0,02eh,0,0,0,0,0,0,0,0,0,0,0,0,0,0,0,0,0,0	; ch10
1693+  8D2F 002E000000000000000000000000000000000000
1694+  8D43             		db	0,02dh,0,0,0,0,0,0,0,0,0,0,0,0,0,0,0,0,0,0	; ch11
1694+  8D43 002D000000000000000000000000000000000000
1695+  8D57             		db	0,02ch,0,0,0,0,0,0,0,0,0,0,0,0,0,0,0,0,0,0	; ch12
1695+  8D57 002C000000000000000000000000000000000000
1696+  8D6B             		db	0,02bh,0,0,0,0,0,0,0,0,0,0,0,0,0,0,0,0,0,0	; ch13
1696+  8D6B 002B000000000000000000000000000000000000
1697+  8D7F             		db	0,02ah,0,0,0,0,0,0,0,0,0,0,0,0,0,0,0,0,0,0	; ch14
1697+  8D7F 002A000000000000000000000000000000000000
1698+  8D93             		db	0,029h,0,0,0,0,0,0,0,0,0,0,0,0,0,0,0,0,0,0	; ch15
1698+  8D93 0029000000000000000000000000000000000000
1699+  8DA7             		db	0,028h,0,0,0,0,0,0,0,0,0,0,0,0,0,0,0,0,0,0	; ch16
1699+  8DA7 0028000000000000000000000000000000000000
1700+  8DBB             unk_0_4E30: 	
1701+  8DBB             		db	0,027h,0,0,0,0,0,0,0,0,0,0,0,0,0,0,0,0,0,0	; ch17
1701+  8DBB 0027000000000000000000000000000000000000
1702+  8DCF             		db	0,026h,0,0,0,0,0,0,0,0,0,0,0,0,0,0,0,0,0,0	; ch18
1702+  8DCF 0026000000000000000000000000000000000000
1703+  8DE3             		db	0,025h,0,0,0,0,0,0,0,0,0,0,0,0,0,0,0,0,0,0	; ch19
1703+  8DE3 0025000000000000000000000000000000000000
1704+  8DF7             		db	0,024h,0,0,0,0,0,0,0,0,0,0,0,0,0,0,0,0,0,0	; ch20
1704+  8DF7 0024000000000000000000000000000000000000
1705+  8E0B             		db	0,023h,0,0,0,0,0,0,0,0,0,0,0,0,0,0,0,0,0,0	; ch21
1705+  8E0B 0023000000000000000000000000000000000000
1706+  8E1F             		db	0,022h,0,0,0,0,0,0,0,0,0,0,0,0,0,0,0,0,0,0	; ch22
1706+  8E1F 0022000000000000000000000000000000000000
1707+  8E33             		db	0,021h,0,0,0,0,0,0,0,0,0,0,0,0,0,0,0,0,0,0	; ch23
1707+  8E33 0021000000000000000000000000000000000000
1708+  8E47             		db	0,020h,0,0,0,0,0,0,0,0,0,0,0,0,0,0,0,0,0,0	; ch24
1708+  8E47 0020000000000000000000000000000000000000
1709+  8E5B             
1710+  8E5B             		.include	"freq_table_0.inc"
0001++ 8E5B             ;-------------------------------------------------------------------
0002++ 8E5B             ; îïèñàíèå:  Òàáëèöà äåëèòåëåé
0003++ 8E5B             ;---------------------------------------------------------------------
0004++ 8E5B             MBPlayer_tabdiv12: 
0005++ 8E5B             		db	-5*16,0,-5*16,2*1,-5*16,2*2,-5*16,2*3,-5*16,2*4,-5*16,2*5
0005++ 8E5B B000B002B004B006B008B00A
0006++ 8E67             		db	-5*16,2*6,-5*16,2*7,-5*16,2*8,-5*16,2*9,-5*16,2*10,-5*16,2*11
0006++ 8E67 B00CB00EB010B012B014B016
0007++ 8E73             		db	-4*16,0,-4*16,2*1,-4*16,2*2,-4*16,2*3,-4*16,2*4,-4*16,2*5
0007++ 8E73 C000C002C004C006C008C00A
0008++ 8E7F             		db	-4*16,2*6,-4*16,2*7,-4*16,2*8,-4*16,2*9,-4*16,2*10,-4*16,2*11
0008++ 8E7F C00CC00EC010C012C014C016
0009++ 8E8B             		db	-3*16,0,-3*16,2*1,-3*16,2*2,-3*16,2*3,-3*16,2*4,-3*16,2*5
0009++ 8E8B D000D002D004D006D008D00A
0010++ 8E97             		db	-3*16,2*6,-3*16,2*7,-3*16,2*8,-3*16,2*9,-3*16,2*10,-3*16,2*11
0010++ 8E97 D00CD00ED010D012D014D016
0011++ 8EA3             		db	-2*16,0,-2*16,2*1,-2*16,2*2,-2*16,2*3,-2*16,2*4,-2*16,2*5
0011++ 8EA3 E000E002E004E006E008E00A
0012++ 8EAF             		db	-2*16,2*6,-2*16,2*7,-2*16,2*8,-2*16,2*9,-2*16,2*10,-2*16,2*11
0012++ 8EAF E00CE00EE010E012E014E016
0013++ 8EBB             		db	-1*16,0,-1*16,2*1,-1*16,2*2,-1*16,2*3,-1*16,2*4,-1*16,2*5
0013++ 8EBB F000F002F004F006F008F00A
0014++ 8EC7             		db	-1*16,2*6,-1*16,2*7,-1*16,2*8,-1*16,2*9,-1*16,2*10,-1*16,2*11
0014++ 8EC7 F00CF00EF010F012F014F016
0015++ 8ED3             		db	0*16,0,0*16,2*1,0*16,2*2,0*16,2*3,0*16,2*4,0*16,2*5
0015++ 8ED3 00000002000400060008000A
0016++ 8EDF             		db	0*16,2*6,0*16,2*7,0*16,2*8,0*16,2*9,0*16,2*10,0*16,2*11
0016++ 8EDF 000C000E0010001200140016
0017++ 8EEB             		db	1*16,0,1*16,2*1,1*16,2*2,1*16,2*3,1*16,2*4,1*16,2*5
0017++ 8EEB 10001002100410061008100A
0018++ 8EF7             		db	1*16,2*6,1*16,2*7,1*16,2*8,1*16,2*9,1*16,2*10,1*16,2*11
0018++ 8EF7 100C100E1010101210141016
0019++ 8F03             		db	2*16,0,2*16,2*1,2*16,2*2,2*16,2*3,2*16,2*4,2*16,2*5
0019++ 8F03 20002002200420062008200A
0020++ 8F0F             		db	2*16,2*6,2*16,2*7,2*16,2*8,2*16,2*9,2*16,2*10,2*16,2*11
0020++ 8F0F 200C200E2010201220142016
0021++ 8F1B             		db	3*16,0,3*16,2*1,3*16,2*2,3*16,2*3,3*16,2*4,3*16,2*5
0021++ 8F1B 30003002300430063008300A
0022++ 8F27             		db	3*16,2*6,3*16,2*7,3*16,2*8,3*16,2*9,3*16,2*10,3*16,2*11
0022++ 8F27 300C300E3010301230143016
0023++ 8F33             		db	4*16,0,4*16,2*1,4*16,2*2,4*16,2*3,4*16,2*4,4*16,2*5
0023++ 8F33 40004002400440064008400A
0024++ 8F3F             		db	4*16,2*6,4*16,2*7,4*16,2*8,4*16,2*9,4*16,2*10,4*16,2*11
0024++ 8F3F 400C400E4010401240144016
0025++ 8F4B             		db	5*16,0,5*16,2*1,5*16,2*2,5*16,2*3,5*16,2*4,5*16,2*5
0025++ 8F4B 50005002500450065008500A
0026++ 8F57             		db	5*16,2*6,5*16,2*7,5*16,2*8,5*16,2*9,5*16,2*10,5*16,2*11
0026++ 8F57 500C500E5010501250145016
0027++ 8F63             		db	6*16,0,6*16,2*1,6*16,2*2,6*16,2*3,6*16,2*4,6*16,2*5
0027++ 8F63 60006002600460066008600A
0028++ 8F6F             		db	6*16,2*6,6*16,2*7,6*16,2*8,6*16,2*9,6*16,2*10,6*16,2*11
0028++ 8F6F 600C600E6010601260146016
0029++ 8F7B             		db	7*16,0,7*16,2*1,7*16,2*2,7*16,2*3,7*16,2*4,7*16,2*5
0029++ 8F7B 70007002700470067008700A
0030++ 8F87             		db	7*16,2*6,7*16,2*7,7*16,2*8,7*16,2*9,7*16,2*10,7*16,2*11
0030++ 8F87 700C700E7010701270147016
0031++ 8F93             		db	8*16,0,8*16,2*1,8*16,2*2,8*16,2*3,8*16,2*4,8*16,2*5
0031++ 8F93 80008002800480068008800A
0032++ 8F9F             		db	8*16,2*6,8*16,2*7,8*16,2*8,8*16,2*9,8*16,2*10,8*16,2*11
0032++ 8F9F 800C800E8010801280148016
0033++ 8FAB             		db	9*16,0,9*16,2*1,9*16,2*2,9*16,2*3,9*16,2*4,9*16,2*5
0033++ 8FAB 90009002900490069008900A
0034++ 8FB7             		db	9*16,2*6,9*16,2*7,9*16,2*8,9*16,2*9,9*16,2*10,9*16,2*11
0034++ 8FB7 900C900E9010901290149016
0035++ 8FC3             		db	10*16,0,10*16,2*1,10*16,2*2,10*16,2*3,10*16,2*4,10*16,2*5
0035++ 8FC3 A000A002A004A006A008A00A
0036++ 8FCF             		db	10*16,2*6,10*16,2*7,10*16,2*8,10*16,2*9,10*16,2*10,10*16,2*11
0036++ 8FCF A00CA00EA010A012A014A016
0037++ 8FDB             
0038++ 8FDB             
1711+  8FDB             		.include	"freq_table_1.inc"
0001++ 8FDB             ;-------------------------------------------------------------------
0002++ 8FDB             ; îïèñàíèå:  Òàáëèöà ÷àñòîò äëÿ 44.1 kHz
0003++ 8FDB             ;---------------------------------------------------------------------
0004++ 8FDB             MBPlayer_frqtab_441khz: 	
0005++ 8FDB 00 C0       		dw	(-4 * 2048 + 0) * 2
0006++ 8FDD 7A C0       		dw	(-4 * 2048 + 61) * 2
0007++ 8FDF FA C0       		dw	(-4 * 2048 + 125) * 2
0008++ 8FE1 84 C1       		dw	(-4 * 2048 + 194) * 2
0009++ 8FE3 14 C2       		dw	(-4 * 2048 + 266) * 2
0010++ 8FE5 AE C2       		dw	(-4 * 2048 + 343) * 2
0011++ 8FE7 50 C3       		dw	(-4 * 2048 + 424) * 2
0012++ 8FE9 FC C3       		dw	(-4 * 2048 + 510) * 2
0013++ 8FEB B2 C4       		dw	(-4 * 2048 + 601) * 2
0014++ 8FED 74 C5       		dw	(-4 * 2048 + 698) * 2
0015++ 8FEF 42 C6       		dw	(-4 * 2048 + 801) * 2
0016++ 8FF1 1A C7       		dw	(-4 * 2048 + 909) * 2
0017++ 8FF3 00 D0       		dw	(-3 * 2048 + 0) * 2
0018++ 8FF5 7A D0       		dw	(-3 * 2048 + 61) * 2
0019++ 8FF7 FA D0       		dw	(-3 * 2048 + 125) * 2
0020++ 8FF9 84 D1       		dw	(-3 * 2048 + 194) * 2
0021++ 8FFB 14 D2       		dw	(-3 * 2048 + 266) * 2
0022++ 8FFD AE D2       		dw	(-3 * 2048 + 343) * 2
0023++ 8FFF 50 D3       		dw	(-3 * 2048 + 424) * 2
0024++ 9001 FC D3       		dw	(-3 * 2048 + 510) * 2
0025++ 9003 B2 D4       		dw	(-3 * 2048 + 601) * 2
0026++ 9005 74 D5       		dw	(-3 * 2048 + 698) * 2
0027++ 9007 42 D6       		dw	(-3 * 2048 + 801) * 2
0028++ 9009 1A D7       		dw	(-3 * 2048 + 909) * 2
0029++ 900B 00 E0       		dw	(-2 * 2048 + 0) * 2
0030++ 900D 7A E0       		dw	(-2 * 2048 + 61) * 2
0031++ 900F FA E0       		dw	(-2 * 2048 + 125) * 2
0032++ 9011 84 E1       		dw	(-2 * 2048 + 194) * 2
0033++ 9013 14 E2       		dw	(-2 * 2048 + 266) * 2
0034++ 9015 AE E2       		dw	(-2 * 2048 + 343) * 2
0035++ 9017 50 E3       		dw	(-2 * 2048 + 424) * 2
0036++ 9019 FC E3       		dw	(-2 * 2048 + 510) * 2
0037++ 901B B2 E4       		dw	(-2 * 2048 + 601) * 2
0038++ 901D 74 E5       		dw	(-2 * 2048 + 698) * 2
0039++ 901F 42 E6       		dw	(-2 * 2048 + 801) * 2
0040++ 9021 1A E7       		dw	(-2 * 2048 + 909) * 2
0041++ 9023 00 F0       		dw	(-1 * 2048 + 0) * 2
0042++ 9025 7A F0       		dw	(-1 * 2048 + 61) * 2
0043++ 9027 FA F0       		dw	(-1 * 2048 + 125) * 2
0044++ 9029 84 F1       		dw	(-1 * 2048 + 194) * 2
0045++ 902B 14 F2       		dw	(-1 * 2048 + 266) * 2
0046++ 902D AE F2       		dw	(-1 * 2048 + 343) * 2
0047++ 902F 50 F3       		dw	(-1 * 2048 + 424) * 2
0048++ 9031 FC F3       		dw	(-1 * 2048 + 510) * 2
0049++ 9033 B2 F4       		dw	(-1 * 2048 + 601) * 2
0050++ 9035 74 F5       		dw	(-1 * 2048 + 698) * 2
0051++ 9037 42 F6       		dw	(-1 * 2048 + 801) * 2
0052++ 9039 1A F7       		dw	(-1 * 2048 + 909) * 2
0053++ 903B 00 00       		dw	(-0 * 2048 + 0) * 2
0054++ 903D 7A 00       		dw	(-0 * 2048 + 61) * 2
0055++ 903F FA 00       		dw	(-0 * 2048 + 125) * 2
0056++ 9041 84 01       		dw	(-0 * 2048 + 194) * 2
0057++ 9043 14 02       		dw	(-0 * 2048 + 266) * 2
0058++ 9045 AE 02       		dw	(-0 * 2048 + 343) * 2
0059++ 9047 50 03       		dw	(-0 * 2048 + 424) * 2
0060++ 9049 FC 03       		dw	(-0 * 2048 + 510) * 2
0061++ 904B B2 04       		dw	(-0 * 2048 + 601) * 2
0062++ 904D 74 05       		dw	(-0 * 2048 + 698) * 2
0063++ 904F 42 06       		dw	(-0 * 2048 + 801) * 2
0064++ 9051 1A 07       		dw	(-0 * 2048 + 909) * 2
0065++ 9053 00 10       		dw	(+1 * 2048 + 0) * 2
0066++ 9055 7A 10       		dw	(+1 * 2048 + 61) * 2
0067++ 9057 FA 10       		dw	(+1 * 2048 + 125) * 2
0068++ 9059 84 11       		dw	(+1 * 2048 + 194) * 2
0069++ 905B 14 12       		dw	(+1 * 2048 + 266) * 2
0070++ 905D AE 12       		dw	(+1 * 2048 + 343) * 2
0071++ 905F 50 13       		dw	(+1 * 2048 + 424) * 2
0072++ 9061 FC 13       		dw	(+1 * 2048 + 510) * 2
0073++ 9063 B2 14       		dw	(+1 * 2048 + 601) * 2
0074++ 9065 74 15       		dw	(+1 * 2048 + 698) * 2
0075++ 9067 42 16       		dw	(+1 * 2048 + 801) * 2
0076++ 9069 1A 17       		dw	(+1 * 2048 + 909) * 2
0077++ 906B 00 20       		dw	(+2 * 2048 + 0) * 2
0078++ 906D 7A 20       		dw	(+2 * 2048 + 61) * 2
0079++ 906F FA 20       		dw	(+2 * 2048 + 125) * 2
0080++ 9071 84 21       		dw	(+2 * 2048 + 194) * 2
0081++ 9073 14 22       		dw	(+2 * 2048 + 266) * 2
0082++ 9075 AE 22       		dw	(+2 * 2048 + 343) * 2
0083++ 9077 50 23       		dw	(+2 * 2048 + 424) * 2
0084++ 9079 FC 23       		dw	(+2 * 2048 + 510) * 2
0085++ 907B B2 24       		dw	(+2 * 2048 + 601) * 2
0086++ 907D 74 25       		dw	(+2 * 2048 + 698) * 2
0087++ 907F 42 26       		dw	(+2 * 2048 + 801) * 2
0088++ 9081 1A 27       		dw	(+2 * 2048 + 909) * 2
0089++ 9083 00 30       		dw	(+3 * 2048 + 0) * 2
0090++ 9085 7A 30       		dw	(+3 * 2048 + 61) * 2
0091++ 9087 FA 30       		dw	(+3 * 2048 + 125) * 2
0092++ 9089 84 31       		dw	(+3 * 2048 + 194) * 2
0093++ 908B 14 32       		dw	(+3 * 2048 + 266) * 2
0094++ 908D AE 32       		dw	(+3 * 2048 + 343) * 2
0095++ 908F 50 33       		dw	(+3 * 2048 + 424) * 2
0096++ 9091 FC 33       		dw	(+3 * 2048 + 510) * 2
0097++ 9093 B2 34       		dw	(+3 * 2048 + 601) * 2
0098++ 9095 74 35       		dw	(+3 * 2048 + 698) * 2
0099++ 9097 42 36       		dw	(+3 * 2048 + 801) * 2
0100++ 9099 1A 37       		dw	(+3 * 2048 + 909) * 2
0101++ 909B             
1712+  909B             		.include	"freq_table_2.inc"
0001++ 909B             ;-------------------------------------------------------------------
0002++ 909B             ; îïèñàíèå:  Òàáëèöà ÷àñòîò äëÿ Amiga
0003++ 909B             ;---------------------------------------------------------------------
0004++ 909B             MBPlayer_frqtab_amiga: 	
0005++ 909B 22 B4       		dw	(-5 * 2048 + 529) * 2
0006++ 909D DA B4       		dw	(-5 * 2048 + 621) * 2
0007++ 909F A2 B5       		dw	(-5 * 2048 + 721) * 2
0008++ 90A1 6E B6       		dw	(-5 * 2048 + 823) * 2
0009++ 90A3 52 B7       		dw	(-5 * 2048 + 937) * 2
0010++ 90A5 1C C0       		dw	(-4 * 2048 + 14) * 2
0011++ 90A7 98 C0       		dw	(-4 * 2048 + 76) * 2
0012++ 90A9 1C C1       		dw	(-4 * 2048 + 142) * 2
0013++ 90AB A6 C1       		dw	(-4 * 2048 + 211) * 2
0014++ 90AD 38 C2       		dw	(-4 * 2048 + 284) * 2
0015++ 90AF D2 C2       		dw	(-4 * 2048 + 361) * 2
0016++ 90B1 7E C3       		dw	(-4 * 2048 + 447) * 2
0017++ 90B3             
0018++ 90B3 22 C4       		dw	(-4 * 2048 + 529) * 2
0019++ 90B5 DA C4       		dw	(-4 * 2048 + 621) * 2
0020++ 90B7 A2 C5       		dw	(-4 * 2048 + 721) * 2
0021++ 90B9 6E C6       		dw	(-4 * 2048 + 823) * 2
0022++ 90BB 52 C7       		dw	(-4 * 2048 + 937) * 2
0023++ 90BD 1C D0       		dw	(-3 * 2048 + 14) * 2
0024++ 90BF 98 D0       		dw	(-3 * 2048 + 76) * 2
0025++ 90C1 1C D1       		dw	(-3 * 2048 + 142) * 2
0026++ 90C3 A6 D1       		dw	(-3 * 2048 + 211) * 2
0027++ 90C5 38 D2       		dw	(-3 * 2048 + 284) * 2
0028++ 90C7 D2 D2       		dw	(-3 * 2048 + 361) * 2
0029++ 90C9 7E D3       		dw	(-3 * 2048 + 447) * 2
0030++ 90CB             
0031++ 90CB 22 D4       		dw	(-3 * 2048 + 529) * 2
0032++ 90CD DA D4       		dw	(-3 * 2048 + 621) * 2
0033++ 90CF A2 D5       		dw	(-3 * 2048 + 721) * 2
0034++ 90D1 6E D6       		dw	(-3 * 2048 + 823) * 2
0035++ 90D3 52 D7       		dw	(-3 * 2048 + 937) * 2
0036++ 90D5 1C E0       		dw	(-2 * 2048 + 14) * 2
0037++ 90D7 98 E0       		dw	(-2 * 2048 + 76) * 2
0038++ 90D9 1C E1       		dw	(-2 * 2048 + 142) * 2
0039++ 90DB A6 E1       		dw	(-2 * 2048 + 211) * 2
0040++ 90DD 38 E2       		dw	(-2 * 2048 + 284) * 2
0041++ 90DF D2 E2       		dw	(-2 * 2048 + 361) * 2
0042++ 90E1 7E E3       		dw	(-2 * 2048 + 447) * 2
0043++ 90E3             
0044++ 90E3 22 E4       		dw	(-2 * 2048 + 529) * 2
0045++ 90E5 DA E4       		dw	(-2 * 2048 + 621) * 2
0046++ 90E7 A2 E5       		dw	(-2 * 2048 + 721) * 2
0047++ 90E9 6E E6       		dw	(-2 * 2048 + 823) * 2
0048++ 90EB 52 E7       		dw	(-2 * 2048 + 937) * 2
0049++ 90ED 1C F0       		dw	(-1 * 2048 + 14) * 2
0050++ 90EF 98 F0       		dw	(-1 * 2048 + 76) * 2
0051++ 90F1 1C F1       		dw	(-1 * 2048 + 142) * 2
0052++ 90F3 A6 F1       		dw	(-1 * 2048 + 211) * 2
0053++ 90F5 38 F2       		dw	(-1 * 2048 + 284) * 2
0054++ 90F7 D2 F2       		dw	(-1 * 2048 + 361) * 2
0055++ 90F9 7E F3       		dw	(-1 * 2048 + 447) * 2
0056++ 90FB             
0057++ 90FB 22 F4       		dw	(-1 * 2048 + 529) * 2
0058++ 90FD DA F4       		dw	(-1 * 2048 + 621) * 2
0059++ 90FF A2 F5       		dw	(-1 * 2048 + 721) * 2
0060++ 9101 6E F6       		dw	(-1 * 2048 + 823) * 2
0061++ 9103 52 F7       		dw	(-1 * 2048 + 937) * 2
0062++ 9105 1C 00       		dw	(-0 * 2048 + 14) * 2
0063++ 9107 98 00       		dw	(-0 * 2048 + 76) * 2
0064++ 9109 1C 01       		dw	(-0 * 2048 + 142) * 2
0065++ 910B A6 01       		dw	(-0 * 2048 + 211) * 2
0066++ 910D 38 02       		dw	(-0 * 2048 + 284) * 2
0067++ 910F D2 02       		dw	(-0 * 2048 + 361) * 2
0068++ 9111 7E 03       		dw	(-0 * 2048 + 447) * 2
0069++ 9113             
0070++ 9113 22 04       		dw	(-0 * 2048 + 529) * 2
0071++ 9115 DA 04       		dw	(-0 * 2048 + 621) * 2
0072++ 9117 A2 05       		dw	(-0 * 2048 + 721) * 2
0073++ 9119 6E 06       		dw	(-0 * 2048 + 823) * 2
0074++ 911B 52 07       		dw	(-0 * 2048 + 937) * 2
0075++ 911D 1C 10       		dw	(+1 * 2048 + 14) * 2
0076++ 911F 98 10       		dw	(+1 * 2048 + 76) * 2
0077++ 9121 1C 11       		dw	(+1 * 2048 + 142) * 2
0078++ 9123 A6 11       		dw	(+1 * 2048 + 211) * 2
0079++ 9125 38 12       		dw	(+1 * 2048 + 284) * 2
0080++ 9127 D2 12       		dw	(+1 * 2048 + 361) * 2
0081++ 9129 7E 13       		dw	(+1 * 2048 + 447) * 2
0082++ 912B             
0083++ 912B 22 14       		dw	(+1 * 2048 + 529) * 2
0084++ 912D DA 14       		dw	(+1 * 2048 + 621) * 2
0085++ 912F A2 15       		dw	(+1 * 2048 + 721) * 2
0086++ 9131 6E 16       		dw	(+1 * 2048 + 823) * 2
0087++ 9133 52 17       		dw	(+1 * 2048 + 937) * 2
0088++ 9135 1C 20       		dw	(+2 * 2048 + 14) * 2
0089++ 9137 98 20       		dw	(+2 * 2048 + 76) * 2
0090++ 9139 1C 21       		dw	(+2 * 2048 + 142) * 2
0091++ 913B A6 21       		dw	(+2 * 2048 + 211) * 2
0092++ 913D 38 22       		dw	(+2 * 2048 + 284) * 2
0093++ 913F D2 22       		dw	(+2 * 2048 + 361) * 2
0094++ 9141 7E 23       		dw	(+2 * 2048 + 447) * 2
0095++ 9143             
0096++ 9143 22 24       		dw	(+2 * 2048 + 529) * 2
0097++ 9145 DA 24       		dw	(+2 * 2048 + 621) * 2
0098++ 9147 A2 25       		dw	(+2 * 2048 + 721) * 2
0099++ 9149 6E 26       		dw	(+2 * 2048 + 823) * 2
0100++ 914B 52 27       		dw	(+2 * 2048 + 937) * 2
0101++ 914D 1C 30       		dw	(+3 * 2048 + 14) * 2
0102++ 914F 98 30       		dw	(+3 * 2048 + 76) * 2
0103++ 9151 1C 31       		dw	(+3 * 2048 + 142) * 2
0104++ 9153 A6 31       		dw	(+3 * 2048 + 211) * 2
0105++ 9155 38 32       		dw	(+3 * 2048 + 284) * 2
0106++ 9157 D2 32       		dw	(+3 * 2048 + 361) * 2
0107++ 9159 7E 33       		dw	(+3 * 2048 + 447) * 2
0108++ 915B             
1713+  915B             		.include	"freq_table_3.inc"
0001++ 915B             ;-------------------------------------------------------------------
0002++ 915B             ; îïèñàíèå:  Òàáëèöà ÷àñòîò äëÿ Turbo-R
0003++ 915B             ;---------------------------------------------------------------------
0004++ 915B             MBPlayer_frqtab_turbo: 
0005++ 915B 6E B3       		dw	(-5 * 2048 + 439) * 2
0006++ 915D 1C B4       		dw	(-5 * 2048 + 526) * 2
0007++ 915F D4 B4       		dw	(-5 * 2048 + 618) * 2
0008++ 9161 98 B5       		dw	(-5 * 2048 + 716) * 2
0009++ 9163 66 B6       		dw	(-5 * 2048 + 819) * 2
0010++ 9165 42 B7       		dw	(-5 * 2048 + 929) * 2
0011++ 9167 14 C0       		dw	(-4 * 2048 + 10) * 2
0012++ 9169 90 C0       		dw	(-4 * 2048 + 72) * 2
0013++ 916B 12 C1       		dw	(-4 * 2048 + 137) * 2
0014++ 916D 9C C1       		dw	(-4 * 2048 + 206) * 2
0015++ 916F 2E C2       		dw	(-4 * 2048 + 279) * 2
0016++ 9171 CA C2       		dw	(-4 * 2048 + 357) * 2
0017++ 9173             
0018++ 9173 6E C3       		dw	(-4 * 2048 + 439) * 2
0019++ 9175 1C C4       		dw	(-4 * 2048 + 526) * 2
0020++ 9177 D4 C4       		dw	(-4 * 2048 + 618) * 2
0021++ 9179 98 C5       		dw	(-4 * 2048 + 716) * 2
0022++ 917B 66 C6       		dw	(-4 * 2048 + 819) * 2
0023++ 917D 42 C7       		dw	(-4 * 2048 + 929) * 2
0024++ 917F 14 D0       		dw	(-3 * 2048 + 10) * 2
0025++ 9181 90 D0       		dw	(-3 * 2048 + 72) * 2
0026++ 9183 12 D1       		dw	(-3 * 2048 + 137) * 2
0027++ 9185 9C D1       		dw	(-3 * 2048 + 206) * 2
0028++ 9187 2E D2       		dw	(-3 * 2048 + 279) * 2
0029++ 9189 CA D2       		dw	(-3 * 2048 + 357) * 2
0030++ 918B             
0031++ 918B 6E D3       		dw	(-3 * 2048 + 439) * 2
0032++ 918D 1C D4       		dw	(-3 * 2048 + 526) * 2
0033++ 918F D4 D4       		dw	(-3 * 2048 + 618) * 2
0034++ 9191 98 D5       		dw	(-3 * 2048 + 716) * 2
0035++ 9193 66 D6       		dw	(-3 * 2048 + 819) * 2
0036++ 9195 42 D7       		dw	(-3 * 2048 + 929) * 2
0037++ 9197 14 E0       		dw	(-2 * 2048 + 10) * 2
0038++ 9199 90 E0       		dw	(-2 * 2048 + 72) * 2
0039++ 919B 12 E1       		dw	(-2 * 2048 + 137) * 2
0040++ 919D 9C E1       		dw	(-2 * 2048 + 206) * 2
0041++ 919F 2E E2       		dw	(-2 * 2048 + 279) * 2
0042++ 91A1 CA E2       		dw	(-2 * 2048 + 357) * 2
0043++ 91A3             
0044++ 91A3 6E E3       		dw	(-2 * 2048 + 439) * 2
0045++ 91A5 1C E4       		dw	(-2 * 2048 + 526) * 2
0046++ 91A7 D4 E4       		dw	(-2 * 2048 + 618) * 2
0047++ 91A9 98 E5       		dw	(-2 * 2048 + 716) * 2
0048++ 91AB 66 E6       		dw	(-2 * 2048 + 819) * 2
0049++ 91AD 42 E7       		dw	(-2 * 2048 + 929) * 2
0050++ 91AF 14 F0       		dw	(-1 * 2048 + 10) * 2
0051++ 91B1 90 F0       		dw	(-1 * 2048 + 72) * 2
0052++ 91B3 12 F1       		dw	(-1 * 2048 + 137) * 2
0053++ 91B5 9C F1       		dw	(-1 * 2048 + 206) * 2
0054++ 91B7 2E F2       		dw	(-1 * 2048 + 279) * 2
0055++ 91B9 CA F2       		dw	(-1 * 2048 + 357) * 2
0056++ 91BB             
0057++ 91BB 6E F3       		dw	(-1 * 2048 + 439) * 2
0058++ 91BD 1C F4       		dw	(-1 * 2048 + 526) * 2
0059++ 91BF D4 F4       		dw	(-1 * 2048 + 618) * 2
0060++ 91C1 98 F5       		dw	(-1 * 2048 + 716) * 2
0061++ 91C3 66 F6       		dw	(-1 * 2048 + 819) * 2
0062++ 91C5 42 F7       		dw	(-1 * 2048 + 929) * 2
0063++ 91C7 14 00       		dw	(-0 * 2048 + 10) * 2
0064++ 91C9 90 00       		dw	(-0 * 2048 + 72) * 2
0065++ 91CB 12 01       		dw	(-0 * 2048 + 137) * 2
0066++ 91CD 9C 01       		dw	(-0 * 2048 + 206) * 2
0067++ 91CF 2E 02       		dw	(-0 * 2048 + 279) * 2
0068++ 91D1 CA 02       		dw	(-0 * 2048 + 357) * 2
0069++ 91D3             
0070++ 91D3 6E 03       		dw	(-0 * 2048 + 439) * 2
0071++ 91D5 1C 04       		dw	(-0 * 2048 + 526) * 2
0072++ 91D7 D4 04       		dw	(-0 * 2048 + 618) * 2
0073++ 91D9 98 05       		dw	(-0 * 2048 + 716) * 2
0074++ 91DB 66 06       		dw	(-0 * 2048 + 819) * 2
0075++ 91DD 42 07       		dw	(-0 * 2048 + 929) * 2
0076++ 91DF 14 10       		dw	(+1 * 2048 + 10) * 2
0077++ 91E1 90 10       		dw	(+1 * 2048 + 72) * 2
0078++ 91E3 12 11       		dw	(+1 * 2048 + 137) * 2
0079++ 91E5 9C 11       		dw	(+1 * 2048 + 206) * 2
0080++ 91E7 2E 12       		dw	(+1 * 2048 + 279) * 2
0081++ 91E9 CA 12       		dw	(+1 * 2048 + 357) * 2
0082++ 91EB             
0083++ 91EB 6E 13       		dw	(+1 * 2048 + 439) * 2
0084++ 91ED 1C 14       		dw	(+1 * 2048 + 526) * 2
0085++ 91EF D4 14       		dw	(+1 * 2048 + 618) * 2
0086++ 91F1 98 15       		dw	(+1 * 2048 + 716) * 2
0087++ 91F3 66 16       		dw	(+1 * 2048 + 819) * 2
0088++ 91F5 42 17       		dw	(+1 * 2048 + 929) * 2
0089++ 91F7 14 20       		dw	(+2 * 2048 + 10) * 2
0090++ 91F9 90 20       		dw	(+2 * 2048 + 72) * 2
0091++ 91FB 12 21       		dw	(+2 * 2048 + 137) * 2
0092++ 91FD 9C 21       		dw	(+2 * 2048 + 206) * 2
0093++ 91FF 2E 22       		dw	(+2 * 2048 + 279) * 2
0094++ 9201 CA 22       		dw	(+2 * 2048 + 357) * 2
0095++ 9203             
0096++ 9203 6E 23       		dw	236Eh
0097++ 9205 1C 24       		dw  	241Ch ;  
0098++ 9207 D4 24       		dw 	24D4h
0099++ 9209 98 25       		dw  	2598h
0100++ 920B 66 26       		dw  	2666h
0101++ 920D 42 27       		dw  	2742h
0102++ 920F 14 30       		dw  	3014h ;  
0103++ 9211 90 30       		dw  	3090h
0104++ 9213 12 31       		dw  	3112h
0105++ 9215 9C 31       		dw  	319Ch
0106++ 9217 2E 32       		dw  	322Eh ; .
0107++ 9219 CA 32       		dw 	32CAh
0108++ 921B             
0109++ 921B             
1714+  921B             
1715+  921B             MBPlayer_waves: 
1716+  921B             		.incbin	"powerkit_wave.bin"
1717+  96CB             MBPlayer_tones_data: 	
1718+  96CB             		.incbin	"powerkit_table.bin" 
1719+  970B             
1720+  970B             MBPlayer_volume_buffer_1: 	
1721+  970B 00          		ds    24
1722+  9723             MBPlayer_volume_buffer_2: 	
1723+  9723 00          		ds    24
1724+  973B             
1725+  973B             		.include "patch_table.inc"
0001++ 973B             ;-------------------------------------------------------------------
0002++ 973B             ; îïèñàíèå:  Patch table
0003++ 973B             ;---------------------------------------------------------------------
0004++ 973B             MBPlayer_patch_table: 	
0005++ 973B 9B 98       		dw	patch_0
0006++ 973D D2 98       		dw	patch_1
0007++ 973F 07 99 40 99 		dw	patch_2A, patch_2B
0008++ 9743 9B 98       		dw	patch_0
0009++ 9745 4A 99       		dw	patch_3B
0010++ 9747 7F 99       		dw	patch_4
0011++ 9749 8B 99 C2 99 		dw	patch_5A, patch_5B
0012++ 974D F7 99       		dw	patch_6
0013++ 974F 13 9A       		dw	patch_7
0014++ 9751 24 9A       		dw	patch_8
0015++ 9753 30 9A       		dw	patch_9
0016++ 9755 38 9A 44 9A 		dw	patch_10A, patch_10B
0017++ 9759 50 9A       		dw	patch_11
0018++ 975B 58 9A       		dw	patch_12
0019++ 975D 67 9A       		dw	patch_13
0020++ 975F 6F 9A       		dw	patch_14
0021++ 9761 7B 9A 85 9A 		dw	patch_15A, patch_15B
0022++ 9765 8F 9A       		dw	patch_16
0023++ 9767 99 9A       		dw	patch_17
0024++ 9769 A8 9A       		dw	patch_18
0025++ 976B C6 9A       		dw	patch_19
0026++ 976D E4 9A       		dw	patch_20
0027++ 976F F5 9A 06 9B 		dw	patch_21A, patch_21B
0028++ 9773 10 9B       		dw	patch_22
0029++ 9775 1C 9B 2B 9B 		dw	patch_23A, patch_23B
0030++ 9779 39 9B       		dw	patch_24
0031++ 977B 59 9B       		dw	patch_25
0032++ 977D 78 9B       		dw	patch_26
0033++ 977F 8A 9B       		dw	patch_27
0034++ 9781 B7 9B       		dw	patch_28
0035++ 9783 BF 9B       		dw	patch_29
0036++ 9785 CC 9B       		dw	patch_30
0037++ 9787 FE 9B       		dw	patch_31
0038++ 9789 10 9C       		dw	patch_32
0039++ 978B 1F 9C       		dw	patch_33
0040++ 978D 36 9C       		dw	patch_34
0041++ 978F 52 9C       		dw	patch_35
0042++ 9791 62 9C       		dw	patch_36
0043++ 9793 6C 9C       		dw	patch_37
0044++ 9795 78 9C       		dw	patch_38
0045++ 9797 82 9C       		dw	patch_39
0046++ 9799 8A 9C       		dw	patch_40
0047++ 979B C1 9C       		dw	patch_41
0048++ 979D 04 9D       		dw	patch_42
0049++ 979F 24 9D       		dw	patch_43
0050++ 97A1 35 9D       		dw	patch_44
0051++ 97A3 55 9D       		dw	patch_45
0052++ 97A5 71 9D       		dw	patch_46
0053++ 97A7 82 9D       		dw	patch_47
0054++ 97A9 8A 9D       		dw	patch_48
0055++ 97AB A6 9D       		dw	patch_49
0056++ 97AD C4 9D D4 9D 		dw	patch_50A, patch_50B
0057++ 97B1 E2 9D F2 9D 		dw	patch_51A, patch_51B
0058++ 97B5 FA 9D       		dw	patch_52
0059++ 97B7 13 9E       		dw	patch_53
0060++ 97B9 23 9E       		dw	patch_54
0061++ 97BB 33 9E       		dw	patch_55
0062++ 97BD 3D 9E       		dw	patch_56
0063++ 97BF 60 9E       		dw	patch_57
0064++ 97C1 74 9E       		dw	patch_58
0065++ 97C3 81 9E       		dw	patch_59
0066++ 97C5 92 9E       		dw	patch_60
0067++ 97C7 A1 9E       		dw	patch_61
0068++ 97C9 AE 9E EF 9E 		dw	patch_62A, patch_62B
0069++ 97CD 34 9F 75 9F 		dw	patch_63A, patch_63B
0070++ 97D1 7F 9F       		dw	patch_64
0071++ 97D3 A0 9F       		dw	patch_65
0072++ 97D5 E8 9F       		dw	patch_66
0073++ 97D7 0E A0       		dw	patch_67
0074++ 97D9 25 A0       		dw	patch_68
0075++ 97DB 48 A0       		dw	patch_69
0076++ 97DD 5C A0       		dw	patch_70
0077++ 97DF 6E A0       		dw	patch_71
0078++ 97E1 87 A0       		dw	patch_72
0079++ 97E3 A7 A0       		dw	patch_73
0080++ 97E5 B9 A0       		dw	patch_74
0081++ 97E7 C5 A0       		dw	patch_75
0082++ 97E9 D1 A0 DD A0 		dw	patch_76A,patch_76B
0083++ 97ED E7 A0 EF A0 		dw	patch_77A,patch_77B
0084++ 97F1 FB A0       		dw	patch_78
0085++ 97F3 13 A1 38 A1 		dw	patch_80A, patch_80B
0086++ 97F7 5D A1 A4 A1 		dw	patch_81A, patch_81B
0087++ 97FB E3 A1 EF A1 		dw	patch_82A, patch_82B
0088++ 97FF FD A1 09 A2 		dw	patch_83A, patch_83B
0089++ 9803 11 A2 20 A2 		dw	patch_84A, patch_84B
0090++ 9807 67 A2 71 A2 		dw	patch_85A, patch_85B
0091++ 980B 7F A2 C2 A2 		dw	patch_86A, patch_86B
0092++ 980F D2 A2 20 A2 		dw	patch_87A, patch_84B
0093++ 9813 DA A2 E4 A2 		dw	patch_88A, patch_88B
0094++ 9817 F6 A2 02 A3 		dw	patch_89A, patch_89B
0095++ 981B 0A A3 53 A3 		dw	patch_90A, patch_90B
0096++ 981F 5F A3 7A A3 		dw	patch_91A, patch_91B
0097++ 9823 88 A3 96 A3 		dw	patch_92A, patch_92B
0098++ 9827 A4 A3 C1 A3 		dw	patch_93A, patch_93B
0099++ 982B CD A3 D5 A3 		dw	patch_94A, patch_94B
0100++ 982F DD A3 22 A4 		dw	patch_95A, patch_95B
0101++ 9833 07 A1       		dw	patch_79
0102++ 9835 67 A4       		dw	patch_96
0103++ 9837 6F A4 7B A4 		dw	patch_97A, patch_97B
0104++ 983B 8D A4 97 A4 		dw	patch_98A, patch_98B
0105++ 983F AF A4 C1 A4 		dw	patch_99A, patch_99B
0106++ 9843 E3 A4 EB A4 		dw	patch_100A, patch_100B
0107++ 9847 F7 A4 07 A5 		dw	patch_102A, patch_102B
0108++ 984B 17 A5 36 A5 		dw	patch_103A, patch_103B
0109++ 984F 3E A5       		dw	patch_104
0110++ 9851 50 A5       		dw	patch_105
0111++ 9853 71 A5       		dw	patch_106
0112++ 9855 79 A5       		dw	patch_107
0113++ 9857 89 A5 98 A5 		dw	patch_109A,patch_109B
0114++ 985B 81 A5       		dw	patch_108
0115++ 985D A7 A5       		dw	patch_110
0116++ 985F DC A5       		dw	patch_111
0117++ 9861 E8 A5 F4 A5 		dw	patch_112A,patch_112B
0118++ 9865 FC A5       		dw	patch_113
0119++ 9867 04 A6 10 A6 		dw	patch_114A,patch_114B
0120++ 986B 20 A6       		dw	patch_115
0121++ 986D 2A A6       		dw	patch_116
0122++ 986F 32 A6       		dw	patch_117
0123++ 9871 3E A6       		dw	patch_118
0124++ 9873 46 A6       		dw	patch_119
0125++ 9875 52 A6       		dw	patch_120
0126++ 9877 5A A6       		dw	patch_121
0127++ 9879 62 A6 6E A6 		dw	patch_122A,patch_122B
0128++ 987D 80 A6       		dw	patch_124
0129++ 987F 8D A6 99 A6 		dw	patch_125A,patch_125B
0130++ 9883 A7 A6 B3 A6 		dw	patch_126A,patch_126B
0131++ 9887 BF A6       		dw	patch_127
0132++ 9889 D0 A6       		dw	drum_1
0133++ 988B E5 A6       		dw	drum_2
0134++ 988D FA A6       		dw	drum_3
0135++ 988F 0A A7       		dw	drum_4
0136++ 9891 12 A7       		dw	drum_5
0137++ 9893 1A A7       		dw	drum_6
0138++ 9895 22 A7       		dw	drum_7
0139++ 9897 2A A7       		dw	drum_8
0140++ 9899 80 A7       		dw	drum_midi
0141++ 989B                    	
0142++ 989B             
0143++ 989B             ;--- GM 0 = Ac. Piano ---
0144++ 989B             
0145++ 989B             patch_0: 	
0146++ 989B 01          		db	1	; transpose on
0147++ 989C D0 98       		dw	patch_0hdr
0148++ 989E 10 2C 49    		db	16,02ch,1 + 36 * 2	; tone 300
0149++ 98A1 77 B8       		dw	frq_842
0150++ 98A3 16 2D 69    		db	22,02dh,1 + 52 * 2	; tone 301
0151++ 98A6 0F B1       		dw	frq_363
0152++ 98A8 1C 2E 5D    		db	28,02eh,1 + 46 * 2	; tone 302
0153++ 98AB 57 B7       		dw	frq_810
0154++ 98AD 22 2F 69    		db	34,02fh,1 + 52 * 2	; tone 303
0155++ 98B0 87 B1       		dw	frq_369
0156++ 98B2 28 30 5D    		db	40,030h,1 + 46 * 2	; tone 304
0157++ 98B5 AF B6       		dw	frq_726
0158++ 98B7 2E 31 69    		db	46,031h,1 + 52 * 2	; tone 305
0159++ 98BA CF AE       		dw	frq_290
0160++ 98BC 34 32 75    		db	52,032h,1 + 58 * 2	; tone 306
0161++ 98BF 2F A9       		dw	frq_21
0162++ 98C1 3B 33 69    		db	59,033h,1 + 52 * 2	; tone 307
0163++ 98C4 87 AE       		dw	frq_286
0164++ 98C6 41 34 5F    		db	65,034h,1 + 47 * 2	; tone 308
0165++ 98C9 6F BA       		dw	frq_941
0166++ 98CB FF 35 83    		db	255,035h,1 + 65 * 2	; tone 309
0167++ 98CE 2F AC       		dw	frq_191
0168++ 98D0                    	
0169++ 98D0             patch_0hdr: 
0170++ 98D0 20 FF       		db	020h,0ffh
0171++ 98D2             
0172++ 98D2             
0173++ 98D2             ;--- GM 1 = Bright Acoustic Piano ---
0174++ 98D2             
0175++ 98D2             patch_1: 
0176++ 98D2 01          		db	1	; transpose on
0177++ 98D3 D0 98       		dw	patch_0hdr	
0178++ 98D5 16 2C 49    		db	22,02ch,1 + 36 * 2	; tone 300
0179++ 98D8 77 B8       		dw	frq_842
0180++ 98DA 1C 2D 75    		db	28,02dh,1 + 58 * 2	; tone 301
0181++ 98DD 0F B1       		dw	frq_363
0182++ 98DF 22 2E 69    		db	34,02eh,1 + 52 * 2	; tone 302
0183++ 98E2 3F B7       		dw	frq_809
0184++ 98E4 28 2F 75    		db	40,02fh,1 + 58 * 2	; tone 303
0185++ 98E7 87 B1       		dw	frq_369
0186++ 98E9 2E 30 69    		db	46,030h,1 + 52 * 2	; tone 304
0187++ 98EC AF B6       		dw	frq_726
0188++ 98EE 34 31 75    		db	52,031h,1 + 58 * 2	; tone 305
0189++ 98F1 CF AE       		dw	frq_290
0190++ 98F3 3B 32 81    		db	59,032h,1 + 64 * 2	; tone 306
0191++ 98F6 2F A9       		dw	frq_21
0192++ 98F8 41 33 77    		db	65,033h,1 + 59 * 2	; tone 307
0193++ 98FB 87 AE       		dw	frq_286
0194++ 98FD 47 34 6B    		db	71,034h,1 + 53 * 2	; tone 308
0195++ 9900 6F BA       		dw	frq_941
0196++ 9902 FF 35 8F    		db	255,035h,1 + 71 * 2	; tone 309
0197++ 9905 2F AC       		dw	frq_191
0198++ 9907             
0199++ 9907             
0200++ 9907             ;--- GM 2 = Elec. Grand Piano ---
0201++ 9907             ; A = v104
0202++ 9907             ; B = v98
0203++ 9907             
0204++ 9907             patch_2A: 
0205++ 9907 01          		db	1	; transpose on
0206++ 9908 3C 99       		dw	patch_2Ahdr
0207++ 990A 16 2C 49    		db	22,02ch,1 + 36 * 2	; tone 300
0208++ 990D A7 B8       		dw	frq_844
0209++ 990F 1C 2D 75    		db	28,02dh,1 + 58 * 2	; tone 301
0210++ 9912 27 B1       		dw	frq_364
0211++ 9914 22 2E 69    		db	34,02eh,1 + 52 * 2	; tone 302
0212++ 9917 6F B7       		dw	frq_811
0213++ 9919 28 2F 75    		db	40,02fh,1 + 58 * 2	; tone 303
0214++ 991C 9F B1       		dw	frq_370
0215++ 991E 2E 30 69    		db	46,030h,1 + 52 * 2	; tone 304
0216++ 9921 C7 B6       		dw	frq_727
0217++ 9923 34 31 75    		db	52,031h,1 + 58 * 2	; tone 305
0218++ 9926 E7 AE       		dw	frq_291
0219++ 9928 3B 32 81    		db	59,032h,1 + 64 * 2	; tone 306
0220++ 992B 47 A9       		dw	frq_22
0221++ 992D 41 33 77    		db	65,033h,1 + 59 * 2	; tone 307
0222++ 9930 9F AE       		dw	frq_287
0223++ 9932 47 34 6B    		db	71,034h,1 + 53 * 2	; tone 308
0224++ 9935 87 BA       		dw	frq_942
0225++ 9937 FF 35 8F    		db	255,035h,1 + 71 * 2	; tone 309
0226++ 993A 47 AC       		dw	frq_192
0227++ 993C                    	
0228++ 993C             patch_2Ahdr: 
0229++ 993C 20 C8 07 FF 		db	020h,0c8h,007h,0ffh
0230++ 9940             
0231++ 9940             patch_2B: 	
0232++ 9940 01          		db	1	; transpose on
0233++ 9941 48 99       		dw	patch_2Bhdr
0234++ 9943 FF 6C 48    		db	255,108,36 * 2
0235++ 9946 27 AB       		dw	frq_113
0236++ 9948                    	
0237++ 9948             patch_2Bhdr: 	
0238++ 9948 28 FF       		db	028h,0ffh
0239++ 994A             
0240++ 994A             
0241++ 994A             ;--- GM 3 = Honky Tonk, met patch#0 ---
0242++ 994A             ; gelijk volume
0243++ 994A             
0244++ 994A             patch_3B: 	
0245++ 994A 01          		db	1	; transpose on
0246++ 994B D0 98       		dw	patch_0hdr	
0247++ 994D 10 2C 49    		db	16,02ch,1 + 36 * 2	; tone 300
0248++ 9950 D7 B8       		dw	frq_852
0249++ 9952 16 2D 69    		db	22,02dh,1 + 52 * 2	; tone 301
0250++ 9955 7F B0       		dw	frq_355
0251++ 9957 1C 2E 5D    		db	28,02eh,1 + 46 * 2	; tone 302
0252++ 995A 9F B7       		dw	frq_820
0253++ 995C 22 2F 69    		db	34,02fh,1 + 52 * 2	; tone 303
0254++ 995F DF B0       		dw	frq_360
0255++ 9961 28 30 5D    		db	40,030h,1 + 46 * 2	; tone 304
0256++ 9964 F7 B6       		dw	frq_737
0257++ 9966 2E 31 69    		db	46,031h,1 + 52 * 2	; tone 305
0258++ 9969 6F AE       		dw	frq_282
0259++ 996B 34 32 75    		db	52,032h,1 + 58 * 2	; tone 306
0260++ 996E 8F A9       		dw	frq_27
0261++ 9970 3B 33 69    		db	59,033h,1 + 52 * 2	; tone 307
0262++ 9973 6F AE       		dw	frq_282
0263++ 9975 41 34 5F    		db	65,034h,1 + 47 * 2	; tone 308
0264++ 9978 FF BA       		dw	frq_952
0265++ 997A FF 35 83    		db	255,035h,1 + 65 * 2	; tone 309
0266++ 997D E7 AB       		dw	frq_184
0267++ 997F                    	
0268++ 997F             ;--- GM 4 = Elec. Piano 1 (+ 2B?) ---
0269++ 997F             ; Eigenlijk samen met tone 11, maar slaat nergens op
0270++ 997F             
0271++ 997F             patch_4: 
0272++ 997F 01          		db	1	; transpose on
0273++ 9980 87 99       		dw	patch_4hdr
0274++ 9982 FF 6C 48    		db	255,108,36 * 2
0275++ 9985 27 AB       		dw	frq_113
0276++ 9987                    	
0277++ 9987             patch_4hdr: 
0278++ 9987 22 C8 48 FF 		db	022h,0c8h,048h,0ffh
0279++ 998B                    	
0280++ 998B             
0281++ 998B             ;--- GM 5 = Elec. Piano 2 ---
0282++ 998B             ; volumes gelijk
0283++ 998B             
0284++ 998B             patch_5A: 	
0285++ 998B 01          		db	1	; transpose on
0286++ 998C C0 99       		dw	patch_5Ahdr
0287++ 998E 10 2C 49    		db	16,02ch,1 + 36 * 2	; tone 300
0288++ 9991 A7 B8       		dw	frq_844
0289++ 9993 16 2D 69    		db	22,02dh,1 + 52 * 2	; tone 301
0290++ 9996 27 B1       		dw	frq_364
0291++ 9998 1C 2E 5D    		db	28,02eh,1 + 46 * 2	; tone 302
0292++ 999B 6F B7       		dw	frq_811
0293++ 999D 22 2F 69    		db	34,02fh,1 + 52 * 2	; tone 303
0294++ 99A0 9F B1       		dw	frq_370
0295++ 99A2 28 30 5D    		db	40,030h,1 + 46 * 2	; tone 304
0296++ 99A5 C7 B6       		dw	frq_727
0297++ 99A7 2E 31 69    		db	46,031h,1 + 52 * 2	; tone 305
0298++ 99AA E7 AE       		dw	frq_291
0299++ 99AC 34 32 75    		db	52,032h,1 + 58 * 2	; tone 306
0300++ 99AF 47 A9       		dw	frq_22
0301++ 99B1 3B 33 69    		db	59,033h,1 + 52 * 2	; tone 307
0302++ 99B4 9F AE       		dw	frq_287
0303++ 99B6 41 34 5F    		db	65,034h,1 + 47 * 2	; tone 308
0304++ 99B9 87 BA       		dw	frq_942
0305++ 99BB FF 35 83    		db	255,035h,1 + 65 * 2	; tone 309
0306++ 99BE 47 AC       		dw	frq_192
0307++ 99C0             
0308++ 99C0             patch_5Ahdr: 	
0309++ 99C0 1B FF       		db	01bh,0ffh
0310++ 99C2             
0311++ 99C2             patch_5B: 	
0312++ 99C2 01          		db	1	; transpose on
0313++ 99C3 C0 99       		dw	patch_5Ahdr
0314++ 99C5 16 2C 49    		db	22,02ch,1 + 36 * 2	; tone 300
0315++ 99C8 77 B8       		dw	frq_842
0316++ 99CA 1C 2D 75    		db	28,02dh,1 + 58 * 2	; tone 301
0317++ 99CD 0F B1       		dw	frq_363
0318++ 99CF 22 2E 69    		db	34,02eh,1 + 52 * 2	; tone 302
0319++ 99D2 3F B7       		dw	frq_809
0320++ 99D4 28 2F 75    		db	40,02fh,1 + 58 * 2	; tone 303
0321++ 99D7 87 B1       		dw	frq_369
0322++ 99D9 2E 30 69    		db	46,030h,1 + 52 * 2	; tone 304
0323++ 99DC AF B6       		dw	frq_726
0324++ 99DE 34 31 75    		db	52,031h,1 + 58 * 2	; tone 305
0325++ 99E1 CF AE       		dw	frq_290
0326++ 99E3 3B 32 81    		db	59,032h,1 + 64 * 2	; tone 306
0327++ 99E6 2F A9       		dw	frq_21
0328++ 99E8 41 33 77    		db	65,033h,1 + 59 * 2	; tone 307
0329++ 99EB 87 AE       		dw	frq_286
0330++ 99ED 47 34 6B    		db	71,034h,1 + 53 * 2	; tone 308
0331++ 99F0 6F BA       		dw	frq_941
0332++ 99F2 FF 35 8F    		db	255,035h,1 + 71 * 2	; tone 309
0333++ 99F5 2F AC       		dw	frq_191
0334++ 99F7             
0335++ 99F7             
0336++ 99F7             ;--- GM 6 = Harpsichord ---
0337++ 99F7             
0338++ 99F7             patch_6: 	
0339++ 99F7 01          		db	1	; transpose on
0340++ 99F8 D0 98       		dw	patch_0hdr
0341++ 99FA 22 80 30    		db	34,128,24 * 2
0342++ 99FD B7 AE       		dw	frq_288
0343++ 99FF 28 81 5C    		db	40,129,46 * 2
0344++ 9A02 BF B8       		dw	frq_847
0345++ 9A04 2E 82 68    		db	46,130,52 * 2
0346++ 9A07 B7 AE       		dw	frq_288
0347++ 9A09 36 83 5C    		db	54,131,46 * 2
0348++ 9A0C CF B7       		dw	frq_823
0349++ 9A0E FF 84 54    		db	255,132,42 * 2
0350++ 9A11 CF B7       		dw	frq_823
0351++ 9A13             
0352++ 9A13             
0353++ 9A13             ;--- GM 7 = Clavi ---
0354++ 9A13             
0355++ 9A13             patch_7: 	
0356++ 9A13 01          		db	1	; transpose on
0357++ 9A14 20 9A       		dw	patch_7hdr
0358++ 9A16 3A 27 30    		db	58,39,24 * 2
0359++ 9A19 8F AC       		dw	frq_203
0360++ 9A1B FF 28 8C    		db	255,40,70 * 2	; was andere header!
0361++ 9A1E 1F AD       		dw	frq_215
0362++ 9A20             patch_7hdr: 	
0363++ 9A20 28 C8 2B FF 		db	028h,0c8h,02bh,0ffh
0364++ 9A24             
0365++ 9A24             
0366++ 9A24             ;--- GM 8 = Celesta ---
0367++ 9A24             
0368++ 9A24             patch_8: 	
0369++ 9A24 01          		db	1	; transpose on
0370++ 9A25 2C 9A       		dw	patch_8hdr
0371++ 9A27 FF 2B 18    		db	255,43,12 * 2
0372++ 9A2A C7 AA       		dw	frq_94
0373++ 9A2C             patch_8hdr: 	
0374++ 9A2C 20 E0 03 FF 		db	020h,0e0h,3,0ffh
0375++ 9A30             
0376++ 9A30             
0377++ 9A30             ;--- GM 9 = Glockenspiel ---
0378++ 9A30             
0379++ 9A30             patch_9: 	
0380++ 9A30 01          		db	1	; transpose on
0381++ 9A31 48 99       		dw	patch_2Bhdr
0382++ 9A33 FF F3 00    		db	255,243,0 * 2
0383++ 9A36 6F AB       		dw	frq_141
0384++ 9A38             
0385++ 9A38             ;--- GM 10 = Music Box ---
0386++ 9A38             
0387++ 9A38             patch_10A: 	
0388++ 9A38 01          		db	1	; transpose on
0389++ 9A39 40 9A       		dw	patch_10Ahdr
0390++ 9A3B FF F3 18    		db	255,243,12 * 2
0391++ 9A3E 87 AB       		dw	frq_143
0392++ 9A40             patch_10Ahdr: 	
0393++ 9A40 20 98 A6 FF 		db	020h,098h,0a6h,0ffh
0394++ 9A44             
0395++ 9A44             patch_10B: 	
0396++ 9A44 01          		db	1	; transpose on
0397++ 9A45 4C 9A       		dw	patch_10Bhdr
0398++ 9A47 FF 01 31    		db	255,1,1 + 24 * 2	; tone 257
0399++ 9A4A 37 AA       		dw	frq_79
0400++ 9A4C             patch_10Bhdr: 	
0401++ 9A4C 20 98 D4 FF 		db	020h,098h,0d4h,0ffh
0402++ 9A50             
0403++ 9A50             
0404++ 9A50             ;--- GM 11 = Vibraphone ---
0405++ 9A50             
0406++ 9A50             patch_11: 	
0407++ 9A50 01          		db	1	; transpose on
0408++ 9A51 48 99       		dw	patch_2Bhdr
0409++ 9A53 FF 01 31    		db	255,1,1 + 24 * 2	; tone 257
0410++ 9A56 4F AA       		dw	frq_82
0411++ 9A58             
0412++ 9A58             ;--- GM 12 = Marimba ---
0413++ 9A58             
0414++ 9A58             patch_12: 	
0415++ 9A58 01          		db	1	; transpose on
0416++ 9A59 65 9A       		dw	patch_12hdr
0417++ 9A5B 28 F4 30    		db	40,244, 24 * 2
0418++ 9A5E 4F AA       		dw	frq_82
0419++ 9A60 FF F5 68    		db	255,245, 52 * 2	; was andere header!
0420++ 9A63 D7 A9       		dw	frq_69
0421++ 9A65             patch_12hdr: 	
0422++ 9A65 38 FF       		db	038h,0ffh
0423++ 9A67             
0424++ 9A67             ;--- GM 13 = Xylophone ---
0425++ 9A67             
0426++ 9A67             patch_13: 	
0427++ 9A67 01          		db	1	; transpose on
0428++ 9A68 65 9A       		dw	patch_12hdr
0429++ 9A6A FF 36 01    		db	255,36h, 1 + 0 * 2	; tone 310
0430++ 9A6D C7 AA       		dw	frq_94
0431++ 9A6F             
0432++ 9A6F             
0433++ 9A6F             ;--- GM 14 = Tubular Bells ---
0434++ 9A6F             
0435++ 9A6F             patch_14: 	
0436++ 9A6F 01          		db	1	; transpose on
0437++ 9A70 77 9A       		dw	patch_14hdr
0438++ 9A72 FF FF 18    		db	255,255, 12 * 2
0439++ 9A75 DF B3       		dw	frq_532
0440++ 9A77             patch_14hdr: 	
0441++ 9A77 21 E0 01 FF 		db	021h,0e0h,1,0ffh
0442++ 9A7B             
0443++ 9A7B             ;--- GM 15 = Dulcimer ---
0444++ 9A7B             
0445++ 9A7B             patch_15A: 	
0446++ 9A7B 01          		db	1	; transpose on
0447++ 9A7C 83 9A       		dw	patch_15Ahdr
0448++ 9A7E FF 3F 18    		db	255,63, 12 * 2
0449++ 9A81 67 B6       		dw	frq_708
0450++ 9A83             patch_15Ahdr: 	
0451++ 9A83 29 FF       		db	029h,0ffh
0452++ 9A85             
0453++ 9A85             patch_15B: 	
0454++ 9A85 01          		db	1
0455++ 9A86 8D 9A       		dw	patch_15Bhdr
0456++ 9A88 FF 40 18    		db	255,64, 12 * 2
0457++ 9A8B 67 B6       		dw	frq_708
0458++ 9A8D             patch_15Bhdr: 	
0459++ 9A8D 2A FF       		db	02ah,0ffh
0460++ 9A8F             
0461++ 9A8F             ;--- GM 16 = Drawbar organ ---
0462++ 9A8F             
0463++ 9A8F             patch_16: 	
0464++ 9A8F 01          		db	1	; transpose on
0465++ 9A90 97 9A       		dw	patch_16hdr
0466++ 9A92 FF 8E 18    		db	255,142,12 * 2
0467++ 9A95 5F B8       		dw	frq_835
0468++ 9A97             patch_16hdr: 	
0469++ 9A97 3A FF       		db	03ah,0ffh
0470++ 9A99             
0471++ 9A99             ;--- GM 17 = Percussive organ ---
0472++ 9A99             
0473++ 9A99             patch_17: 	
0474++ 9A99 01          		db	1	; transpose on
0475++ 9A9A A6 9A       		dw	patch_17hdr
0476++ 9A9C 24 8C 30    		db	36,140, 24 * 2
0477++ 9A9F CF BA       		dw	frq_950
0478++ 9AA1 FF 8D 48    		db	255,141, 36 * 2
0479++ 9AA4 9F BA       		dw	frq_944
0480++ 9AA6             patch_17hdr: 	
0481++ 9AA6 3B FF       		db	03bh,0ffh
0482++ 9AA8             
0483++ 9AA8             ;--- GM 18 = Rock Organ ---
0484++ 9AA8             
0485++ 9AA8             patch_18: 	
0486++ 9AA8 01          		db	1	; transpose on
0487++ 9AA9 C4 9A       		dw	patch_18hdr
0488++ 9AAB 19 28 49    		db	25,28h, 1 + 36 * 2	; tone 296
0489++ 9AAE 67 AD       		dw	frq_219
0490++ 9AB0 25 29 63    		db	37,29h, 1 + 49 * 2	; tone 297
0491++ 9AB3 7F AD       		dw	frq_220
0492++ 9AB5 31 2A 63    		db	49,2ah, 1 + 49 * 2	; tone 298
0493++ 9AB8 4F AD       		dw	frq_217
0494++ 9ABA 3D 2B 63    		db	61,2bh, 1 + 49 * 2	; tone 299
0495++ 9ABD 07 AD       		dw	frq_214
0496++ 9ABF FF 27 63    		db	255,27h, 1 + 49 * 2	; tone 295
0497++ 9AC2 1F AD       		dw	frq_215
0498++ 9AC4             patch_18hdr: 	
0499++ 9AC4 39 FF       		db	039h,0ffh
0500++ 9AC6             
0501++ 9AC6             ;--- GM 19 = Church organ ---
0502++ 9AC6             
0503++ 9AC6             patch_19: 	
0504++ 9AC6 01          		db	1	; transpose on
0505++ 9AC7 E2 9A       		dw	patch_19hdr
0506++ 9AC9 12 87 48    		db	18,135, 36 * 2
0507++ 9ACC 5F B8       		dw	frq_835
0508++ 9ACE 19 88 6C    		db	25,136, 54 * 2
0509++ 9AD1 9F AB       		dw	frq_155
0510++ 9AD3 21 89 62    		db	33,137, 49 * 2
0511++ 9AD6 07 B3       		dw	frq_459
0512++ 9AD8 2A 8A 5A    		db	42,138, 45 * 2
0513++ 9ADB BF B8       		dw	frq_847
0514++ 9ADD FF 8B 6C    		db	255,139, 54 * 2
0515++ 9AE0 CF AB       		dw	frq_167
0516++ 9AE2             patch_19hdr: 	
0517++ 9AE2 11 FF       		db	011h,0ffh
0518++ 9AE4             
0519++ 9AE4             
0520++ 9AE4             ;--- GM 20 = Reed Organ ---
0521++ 9AE4             
0522++ 9AE4             patch_20: 	
0523++ 9AE4 01          		db	1	; transpose on
0524++ 9AE5 F1 9A       		dw	patch_20hdr
0525++ 9AE7 3C AC 30    		db	60,172, 24 * 2
0526++ 9AEA 9F B4       		dw	frq_557
0527++ 9AEC FF AD 78    		db	255,173, 60 * 2
0528++ 9AEF 87 B4       		dw	frq_556
0529++ 9AF1             patch_20hdr: 	
0530++ 9AF1 38 E0 01 FF 		db	038h,0e0h,1,0ffh
0531++ 9AF5             
0532++ 9AF5             ;--- GM 21 = Accordion ---
0533++ 9AF5             
0534++ 9AF5             patch_21A: 	
0535++ 9AF5 01          		db	1	; transpose on
0536++ 9AF6 02 9B       		dw	patch_21Ahdr
0537++ 9AF8 35 06 18    		db	53,6, 12 * 2
0538++ 9AFB C7 B6       		dw	frq_727
0539++ 9AFD FF 07 52    		db	255,7, 41 * 2
0540++ 9B00 BF BB       		dw	frq_1018
0541++ 9B02             patch_21Ahdr: 	
0542++ 9B02 22 E0 00 FF 		db	022h,0e0h,0,0ffh
0543++ 9B06             
0544++ 9B06             patch_21B: 	
0545++ 9B06 01          		db	1	; transpose on
0546++ 9B07 0E 9B       		dw	patch_21Bhdr
0547++ 9B09 FF 70 18    		db	255,112, 12 * 2
0548++ 9B0C 47 B8       		dw	frq_833
0549++ 9B0E             patch_21Bhdr: 	
0550++ 9B0E 23 FF       		db	023h,0ffh
0551++ 9B10             
0552++ 9B10             ;--- GM 22 = Harmonica ---
0553++ 9B10             
0554++ 9B10             patch_22: 	
0555++ 9B10 01          		db	1	; transpose on
0556++ 9B11 18 9B       		dw	patch_22hdr
0557++ 9B13 FF 70 18    		db	255,112, 12 * 2
0558++ 9B16 BF B8       		dw	frq_847
0559++ 9B18             patch_22hdr: 	
0560++ 9B18 30 E0 02 FF 		db	030h,0e0h,2,0ffh
0561++ 9B1C             
0562++ 9B1C             ;--- GM 23 = Tango Accordion ---
0563++ 9B1C             
0564++ 9B1C             patch_23A: 	
0565++ 9B1C 01          		db	1	; transpose on
0566++ 9B1D 29 9B       		dw	patch_23Ahdr
0567++ 9B1F 3C AC 30    		db	60,172, 24 * 2
0568++ 9B22 CF B4       		dw	frq_559
0569++ 9B24 FF AD 78    		db	255,173, 60 * 2
0570++ 9B27 B7 B4       		dw	frq_558
0571++ 9B29             patch_23Ahdr: 	
0572++ 9B29 38 FF       		db	038h,0ffh
0573++ 9B2B             
0574++ 9B2B             patch_23B: 	
0575++ 9B2B 01          		db	1
0576++ 9B2C 33 9B       		dw	patch_23Bhdr
0577++ 9B2E FF 41 60    		db	255,65, 48 * 2
0578++ 9B31 A7 B2       		dw	frq_445
0579++ 9B33             patch_23Bhdr: 	
0580++ 9B33             		db	03ah,098h,075h,0B0h,000h,0ffh
0580++ 9B33 3A9875B000FF
0581++ 9B39             
0582++ 9B39             ;--- GM 24 = Nylon Ac. Gtr ---
0583++ 9B39             
0584++ 9B39             patch_24: 	
0585++ 9B39 01          		db	1	; transpose on
0586++ 9B3A 55 9B       		dw	patch_24hdr
0587++ 9B3C 18 B3 48    		db	24,179, 36 * 2
0588++ 9B3F 07 B3       		dw	frq_459
0589++ 9B41 1F B7 60    		db	31,183, 48 * 2
0590++ 9B44 6F B4       		dw	frq_555
0591++ 9B46 25 B5 6E    		db	37,181, 55 * 2
0592++ 9B49 2F A9       		dw	frq_21
0593++ 9B4B 2C B4 62    		db	44,180, 49 * 2
0594++ 9B4E 07 B3       		dw	frq_459
0595++ 9B50 FF B6 58    		db	255,182, 44 * 2
0596++ 9B53 AF B6       		dw	frq_726
0597++ 9B55             patch_24hdr: 	
0598++ 9B55 28 C8 09 FF 		db	028h,0c8h,9,0ffh
0599++ 9B59             
0600++ 9B59             
0601++ 9B59             ;--- GM 26 = Steel Ac. Gtr ---
0602++ 9B59             
0603++ 9B59             patch_25: 	
0604++ 9B59 01          		db	1	; transpose on
0605++ 9B5A 70 9B       		dw	patch_25hdr
0606++ 9B5C 1A 0C 48    		db	26,12,36 * 2	;was andere header
0607++ 9B5F 77 B2       		dw	frq_442
0608++ 9B61 21 0D 64    		db	33,13,50 * 2	; "
0609++ 9B64 BF B2       		dw	frq_448
0610++ 9B66 30 0E 5A    		db	48,14,45 * 2	; "
0611++ 9B69 CF B7       		dw	frq_823
0612++ 9B6B FF 0F 60    		db	255,15,48 * 2	; "
0613++ 9B6E CF B7       		dw	frq_823
0614++ 9B70             patch_25hdr: 	
0615++ 9B70             		db	028h,098h,0f6h,0b0h,034h,0c8h,9h,0ffh
0615++ 9B70 2898F6B034C809FF
0616++ 9B78             
0617++ 9B78             
0618++ 9B78             ;--- GM 26 = Elec Jazz Gtr ---
0619++ 9B78             
0620++ 9B78             patch_26: 	
0621++ 9B78 01          		db	1	; transpose on
0622++ 9B79 48 99       		dw	patch_2Bhdr
0623++ 9B7B 1A 5A 48    		db	26,90, 36 * 2
0624++ 9B7E B7 B1       		dw	frq_373
0625++ 9B80 28 5B 64    		db	40,91, 50 * 2
0626++ 9B83 87 AB       		dw	frq_143
0627++ 9B85 FF 5C 68    		db	255,92, 52 * 2
0628++ 9B88 EF A9       		dw	frq_70
0629++ 9B8A             
0630++ 9B8A             
0631++ 9B8A             ;--- GM 27 = Elec Clean Gtr ---
0632++ 9B8A             
0633++ 9B8A             patch_27: 	
0634++ 9B8A 01          		db	1	; transpose on
0635++ 9B8B B5 9B       		dw	patch_27hdr
0636++ 9B8D 15 61 48    		db	21,97, 36 * 2
0637++ 9B90 AF B3       		dw	frq_519
0638++ 9B92 1A 60 72    		db	26,96, 57 * 2
0639++ 9B95 87 AB       		dw	frq_143
0640++ 9B97 21 63 64    		db	33,99, 50 * 2
0641++ 9B9A 37 B6       		dw	frq_701
0642++ 9B9C 28 62 72    		db	40,98, 57 * 2
0643++ 9B9F CF A8       		dw	frq_9
0644++ 9BA1 2D 65 68    		db	45,101, 52 * 2
0645++ 9BA4 97 B3       		dw	frq_508
0646++ 9BA6 34 64 72    		db	52,100, 57 * 2
0647++ 9BA9 3F AB       		dw	frq_118
0648++ 9BAB 3D 66 68    		db	61,102, 52 * 2
0649++ 9BAE C7 B3       		dw	frq_531
0650++ 9BB0 FF 67 62    		db	255,103, 49 * 2
0651++ 9BB3 CF B7       		dw	frq_823
0652++ 9BB5             patch_27hdr: 	
0653++ 9BB5 29 FF       		db	029h,0ffh
0654++ 9BB7             
0655++ 9BB7             
0656++ 9BB7             ;--- GM 28 = Muted Gtr ---
0657++ 9BB7             
0658++ 9BB7             patch_28: 	
0659++ 9BB7 01          		db	1	; transpose on
0660++ 9BB8 48 99       		dw	patch_2Bhdr
0661++ 9BBA FF 68 18    		db	255,104, 12 * 2
0662++ 9BBD BF B8       		dw	frq_847
0663++ 9BBF             
0664++ 9BBF             
0665++ 9BBF             ;--- GM 29 = Overdriven Gtr ---
0666++ 9BBF             
0667++ 9BBF             patch_29: 	
0668++ 9BBF 01          		db	1	; transpose on
0669++ 9BC0 B5 9B       		dw	patch_27hdr
0670++ 9BC2 29 A5 48    		db	41,165, 36 * 2
0671++ 9BC5 AF AD       		dw	frq_228
0672++ 9BC7 FF A6 82    		db	255,166, 65 * 2
0673++ 9BCA 07 B3       		dw	frq_459
0674++ 9BCC             
0675++ 9BCC             ;--- GM 30 = Distortion Gtr ---
0676++ 9BCC             
0677++ 9BCC             patch_30: 	
0678++ 9BCC 01          		db	1	; transpose on
0679++ 9BCD FC 9B       		dw	patch_30hdr
0680++ 9BCF 13 51 48    		db	19,81, 36 * 2
0681++ 9BD2 47 B2       		dw	frq_434
0682++ 9BD4 17 52 6E    		db	23,82, 55 * 2
0683++ 9BD7 87 AB       		dw	frq_143
0684++ 9BD9 1B 53 5E    		db	27,83, 47 * 2
0685++ 9BDC BF B8       		dw	frq_847
0686++ 9BDE 1F 54 66    		db	31,84, 51 * 2
0687++ 9BE1 47 B2       		dw	frq_434
0688++ 9BE3 23 55 6E    		db	35,85, 55 * 2
0689++ 9BE6 87 AB       		dw	frq_143
0690++ 9BE8 27 56 5E    		db	39,86, 47 * 2
0691++ 9BEB BF B8       		dw	frq_847
0692++ 9BED 2B 57 66    		db	43,87, 51 * 2
0693++ 9BF0 07 B3       		dw	frq_459
0694++ 9BF2 2F 58 6E    		db	47,88, 55 * 2
0695++ 9BF5 87 AB       		dw	frq_143
0696++ 9BF7 FF 59 5E    		db	255,89, 47 * 2
0697++ 9BFA 27 B7       		dw	frq_775
0698++ 9BFC             patch_30hdr: 	
0699++ 9BFC 21 FF       		db	021h,0ffh
0700++ 9BFE             
0701++ 9BFE             ;--- GM 31 = Gtr Harmonics ---
0702++ 9BFE             
0703++ 9BFE             patch_31: 	
0704++ 9BFE 01          		db	1	; transpose on
0705++ 9BFF 48 99       		dw	patch_2Bhdr
0706++ 9C01 2D 5E 30    		db	45,94, 24 * 2
0707++ 9C04 7F B3       		dw	frq_507
0708++ 9C06 32 5D 8A    		db	50,93, 69 * 2
0709++ 9C09 3F AB       		dw	frq_118
0710++ 9C0B FF 5F 7C    		db	255,95, 62 * 2
0711++ 9C0E AF B6       		dw	frq_726
0712++ 9C10             
0713++ 9C10             ;--- GM 32 = Acoustic Bass ---
0714++ 9C10             
0715++ 9C10             patch_32: 	
0716++ 9C10 01          		db	1	; transpose on
0717++ 9C11 1D 9C       		dw	patch_32hdr
0718++ 9C13 19 04 60    		db	25,4, 48 * 2
0719++ 9C16 17 AC       		dw	frq_188
0720++ 9C18 FF 05 62    		db	255,5, 49 * 2
0721++ 9C1B EF A9       		dw	frq_70
0722++ 9C1D             patch_32hdr: 	
0723++ 9C1D 18 FF       		db	018h,0ffh
0724++ 9C1F             
0725++ 9C1F             
0726++ 9C1F             ;--- GM 33 = Elec. Bass (finger) ---
0727++ 9C1F             
0728++ 9C1F             patch_33: 	
0729++ 9C1F 01          		db	1	; transpose on
0730++ 9C20 1D 9C       		dw	patch_32hdr
0731++ 9C22 09 4A 60    		db	9,74,48 * 2
0732++ 9C25 8F B5       		dw	frq_645
0733++ 9C27 0E 4B 72    		db	14,75,57 * 2
0734++ 9C2A 97 AD       		dw	frq_221
0735++ 9C2C 13 4C 64    		db	19,76,50 * 2
0736++ 9C2F 8F B8       		dw	frq_843
0737++ 9C31 FF 4D 6E    		db	255,77,55 * 2
0738++ 9C34 CF B1       		dw	frq_378
0739++ 9C36             
0740++ 9C36             
0741++ 9C36             ;--- GM 34 = Elec. Bass (pick) ---
0742++ 9C36             
0743++ 9C36             patch_34: 	
0744++ 9C36 01          		db	1	; transpose on
0745++ 9C37 1D 9C       		dw	patch_32hdr
0746++ 9C39 0C 4F 60    		db	12,79,48 * 2
0747++ 9C3C 57 AB       		dw	frq_135
0748++ 9C3E 13 50 60    		db	19,80,48 * 2
0749++ 9C41 7F B6       		dw	frq_715
0750++ 9C43 18 6B 6E    		db	24,107,55 * 2
0751++ 9C46 27 AE       		dw	frq_264
0752++ 9C48 30 69 60    		db	48,105,48 * 2
0753++ 9C4B 7F B9       		dw	frq_921
0754++ 9C4D FF 6A 90    		db	255,106,72 * 2
0755++ 9C50 47 B2       		dw	frq_434
0756++ 9C52             
0757++ 9C52             ;--- GM 35 = Fretless Bass ---
0758++ 9C52             
0759++ 9C52             patch_35: 	
0760++ 9C52 01          		db	1	; transpose on
0761++ 9C53 5A 9C       		dw	patch_35hdr
0762++ 9C55 FF 4E 30    		db	255,78,24 * 2
0763++ 9C58 B7 B1       		dw	frq_373
0764++ 9C5A             patch_35hdr: 	
0765++ 9C5A             		db	010h,098h,0f3h,0b0h,063h,0c8h,019h,0ffh
0765++ 9C5A 1098F3B063C819FF
0766++ 9C62             
0767++ 9C62             ;--- GM 36 = Slap Bass 1 ---
0768++ 9C62             
0769++ 9C62             patch_36: 	
0770++ 9C62 01          		db	1	; transpose on
0771++ 9C63 6A 9C       		dw	patch_36hdr
0772++ 9C65 FF A3 4E    		db	255,163,(36 + 3) * 2
0773++ 9C68 77 B5       		dw	frq_641
0774++ 9C6A             patch_36hdr: 	
0775++ 9C6A 19 FF       		db	019h,0ffh
0776++ 9C6C             
0777++ 9C6C             ;--- GM 37 = Slap bass 2 ---
0778++ 9C6C             
0779++ 9C6C             patch_37: 	
0780++ 9C6C 01          		db	1	; transpose on
0781++ 9C6D 74 9C       		dw	patch_37hdr
0782++ 9C6F FF A2 30    		db	255,162,24 * 2
0783++ 9C72 B7 AE       		dw	frq_288
0784++ 9C74             patch_37hdr: 	
0785++ 9C74 20 98 B0 FF 		db	020h,098h,0b0h,0ffh
0786++ 9C78             
0787++ 9C78             ;--- GM 38 = Synth Bass 1 ---
0788++ 9C78             
0789++ 9C78             patch_38: 	
0790++ 9C78 01          		db	1	; transpose on
0791++ 9C79 80 9C       		dw	patch_38hdr
0792++ 9C7B FF BE 48    		db	255,190,36 * 2
0793++ 9C7E 5F B8       		dw	frq_835
0794++ 9C80             patch_38hdr: 	
0795++ 9C80 39 FF       		db	039h,0ffh
0796++ 9C82             
0797++ 9C82             ;--- GM 39 = Synth Bass 2 ---
0798++ 9C82             
0799++ 9C82             patch_39: 	
0800++ 9C82 01          		db	1	; transpose on
0801++ 9C83 80 9C       		dw	patch_38hdr
0802++ 9C85 FF 17 61    		db	255,17h,1 + 48 * 2	; tone 279
0803++ 9C88 1F AD       		dw	frq_215
0804++ 9C8A             
0805++ 9C8A             ;--- GM 40 = Violin ---
0806++ 9C8A             
0807++ 9C8A             patch_40: 	
0808++ 9C8A 01          		db	1	; transpose on
0809++ 9C8B BF 9C       		dw	patch_40hdr
0810++ 9C8D 23 05 31    		db	35,5h,1 + 24 * 2	; tone 261
0811++ 9C90 B7 AE       		dw	frq_288
0812++ 9C92 28 02 77    		db	40,2h,1 + 59 * 2	; tone 258
0813++ 9C95 D7 A9       		dw	frq_69
0814++ 9C97 2A 06 69    		db	42,6h,1 + 52 * 2	; tone 262
0815++ 9C9A 2F B5       		dw	frq_627
0816++ 9C9C 2D 07 6D    		db	45,7h,1 + 54 * 2	; tone 263
0817++ 9C9F 87 B4       		dw	frq_556
0818++ 9CA1 30 08 73    		db	48,8h,1 + 57 * 2	; tone 264
0819++ 9CA4 27 AE       		dw	frq_264
0820++ 9CA6 33 0A 61    		db	51,0ah,1 + 48 * 2	; tone 266
0821++ 9CA9 67 B9       		dw	frq_920
0822++ 9CAB 35 0B 67    		db	53,0bh,1 + 51 * 2	; tone 267
0823++ 9CAE AF B6       		dw	frq_726
0824++ 9CB0 37 0C 6B    		db	55,0ch,1 + 53 * 2	; tone 268
0825++ 9CB3 FF B4       		dw	frq_579
0826++ 9CB5 3A 0D 6F    		db	58,0dh,1 + 55 * 2	; tone 269
0827++ 9CB8 8F AF       		dw	frq_338
0828++ 9CBA FF 09 75    		db	255,09h,1 + 58	* 2	; tone 265
0829++ 9CBD 87 AB       		dw	frq_143
0830++ 9CBF             patch_40hdr: 	
0831++ 9CBF 3B FF       		db	03bh,0ffh
0832++ 9CC1             
0833++ 9CC1             
0834++ 9CC1             ;--- GM 41 = Viola ---
0835++ 9CC1             
0836++ 9CC1             patch_41: 	
0837++ 9CC1 01          		db	1	; transpose on
0838++ 9CC2 00 9D       		dw	patch_41hdr
0839++ 9CC4 1B 03 31    		db	27,03h,1 + 24 * 2	; tone 259
0840++ 9CC7 7F B6       		dw	frq_715
0841++ 9CC9 1E 04 67    		db	30,04h,1 + 51 * 2	; tone 260
0842++ 9CCC C7 B3       		dw	frq_531
0843++ 9CCE 21 05 6D    		db	33,05h,1 + 54 * 2	; tone 261
0844++ 9CD1 B7 AE       		dw	frq_288
0845++ 9CD3 26 02 73    		db	38,02h,1 + 57 * 2	; tone 258
0846++ 9CD6 D7 A9       		dw	frq_69
0847++ 9CD8 28 06 65    		db	40,06h,1 + 50 * 2	; tone 262
0848++ 9CDB 2F B5       		dw	frq_627
0849++ 9CDD 2B 07 69    		db	43,07h,1 + 52 * 2	; tone 263
0850++ 9CE0 87 B4       		dw	frq_556
0851++ 9CE2 2E 08 6F    		db	46,08h,1 + 55 * 2	; tone 264
0852++ 9CE5 27 AE       		dw	frq_264
0853++ 9CE7 31 0A 5D    		db	49,0ah,1 + 46 * 2	; tone 266
0854++ 9CEA 67 B9       		dw	frq_920
0855++ 9CEC 33 0B 63    		db	51,0bh,1 + 49 * 2	; tone 267
0856++ 9CEF AF B6       		dw	frq_726
0857++ 9CF1 36 0C 67    		db	54,0ch,1 + 51 * 2	; tone 268
0858++ 9CF4 FF B4       		dw	frq_579
0859++ 9CF6 38 0D 6D    		db	56,0dh,1 + 54 * 2	; tone 269
0860++ 9CF9 8F AF       		dw	frq_338
0861++ 9CFB FF 09 71    		db	255,09h,1 + 56 * 2	; tone 265
0862++ 9CFE 87 AB       		dw	frq_143
0863++ 9D00             patch_41hdr: 	
0864++ 9D00 3B 98 A3 FF 		db	03bh,098h,0a3h,0ffh
0865++ 9D04             
0866++ 9D04             
0867++ 9D04             ;--- GM 42 = Cello ---
0868++ 9D04             
0869++ 9D04             patch_42: 	
0870++ 9D04 01          		db	1	; transpose on
0871++ 9D05 20 9D       		dw	patch_42hdr
0872++ 9D07 16 12 49    		db	22,12h,1 + 36 * 2	; tone 274
0873++ 9D0A 8F AC       		dw	frq_203
0874++ 9D0C 20 13 5D    		db	32,13h,1 + 46 * 2	; tone 275
0875++ 9D0F 37 B6       		dw	frq_701
0876++ 9D11 27 15 59    		db	39,15h,1 + 44 * 2	; tone 277
0877++ 9D14 B7 B7       		dw	frq_822
0878++ 9D16 2D 16 67    		db	45,16h,1 + 51 * 2	; tone 278
0879++ 9D19 C7 B3       		dw	frq_531
0880++ 9D1B FF 14 73    		db	255,14h,1 + 57 * 2	; tone 276
0881++ 9D1E D7 A9       		dw	frq_69
0882++ 9D20             patch_42hdr: 	
0883++ 9D20 33 C8 08 FF 		db	033h,0c8h,8,0ffh
0884++ 9D24             
0885++ 9D24             ;--- GM 43 = Contrabass ---
0886++ 9D24             
0887++ 9D24             patch_43: 	
0888++ 9D24 01          		db	1	; transpose on
0889++ 9D25 31 9D       		dw	patch_43hdr
0890++ 9D27 12 10 61    		db	18,10h,1 + 48 * 2	; tone 272
0891++ 9D2A FF A8       		dw	frq_15
0892++ 9D2C FF 11 6D    		db	255,11h,1 + 54 * 2	; tone 273
0893++ 9D2F B7 A8       		dw	frq_8
0894++ 9D31             patch_43hdr: 	
0895++ 9D31 10 98 90 FF 		db	010h,098h,090h,0ffh
0896++ 9D35             
0897++ 9D35             ;--- GM 44 = Tremolo Strings ---
0898++ 9D35             
0899++ 9D35             patch_44: 	
0900++ 9D35 01          		db	1	; transpose on
0901++ 9D36 51 9D       		dw	patch_44hdr
0902++ 9D38 24 B0 30    		db	36,176,24 * 2
0903++ 9D3B 0F AB       		dw	frq_98
0904++ 9D3D 2A 35 60    		db	42,53,48 * 2
0905++ 9D40 9F B4       		dw	frq_557
0906++ 9D42 30 33 6C    		db	48,51,54 * 2
0907++ 9D45 77 A9       		dw	frq_26
0908++ 9D47 3B 34 60    		db	59,52,48 * 2
0909++ 9D4A A7 B5       		dw	frq_650
0910++ 9D4C FF AF 5E    		db	255,175,47 * 2
0911++ 9D4F F7 B3       		dw	frq_538
0912++ 9D51             patch_44hdr: 	
0913++ 9D51 38 E0 06 FF 		db	038h,0e0h,6,0ffh
0914++ 9D55             
0915++ 9D55             
0916++ 9D55             ;--- GM 45 = Pizzicato Strings ---
0917++ 9D55             
0918++ 9D55             patch_45: 	
0919++ 9D55 01          		db	1	; transpose on
0920++ 9D56 48 99       		dw	patch_2Bhdr
0921++ 9D58 1B B8 48    		db	27,184,36 * 2
0922++ 9D5B 17 A9       		dw	frq_20
0923++ 9D5D 24 B9 66    		db	36,185,51 * 2
0924++ 9D60 37 AD       		dw	frq_216
0925++ 9D62 2B BB 60    		db	43,187,48 * 2
0926++ 9D65 5F B5       		dw	frq_639
0927++ 9D67 31 BA 6E    		db	49,186,55 * 2
0928++ 9D6A 67 AA       		dw	frq_84
0929++ 9D6C FF BC 62    		db	255,188,49 * 2
0930++ 9D6F EF B2       		dw	frq_455
0931++ 9D71             
0932++ 9D71             ;--- GM 46 = Harp ---
0933++ 9D71             
0934++ 9D71             patch_46: 	
0935++ 9D71 01          		db	1	; transpose on
0936++ 9D72 7E 9D       		dw	patch_46hdr
0937++ 9D74 2F 7E 18    		db	47,126,12 * 2
0938++ 9D77 DF B0       		dw	frq_360
0939++ 9D79 FF 7F 5E    		db	255,127,47 * 2
0940++ 9D7C 47 B2       		dw	frq_434
0941++ 9D7E             patch_46hdr: 	
0942++ 9D7E 29 C8 07 FF 		db	029h,0c8h,7,0ffh
0943++ 9D82             
0944++ 9D82             
0945++ 9D82             ;--- GM 47 = Timpani ---
0946++ 9D82             
0947++ 9D82             patch_47: 	
0948++ 9D82 01          		db	1	; transpose on
0949++ 9D83 48 99       		dw	patch_2Bhdr
0950++ 9D85 FF 00 49    		db	255,0,1 + 36 * 2	; tone 256
0951++ 9D88 4F AD       		dw	frq_217
0952++ 9D8A             
0953++ 9D8A             
0954++ 9D8A             ;--- GM 48 = Strings ---
0955++ 9D8A             
0956++ 9D8A             patch_48: 	
0957++ 9D8A 01          		db	1	; transpose on
0958++ 9D8B D0 98       		dw	patch_0hdr
0959++ 9D8D 24 3C 31    		db	36,03ch,1 + 24 * 2	; tone 316
0960++ 9D90 DF AA       		dw	frq_96
0961++ 9D92 2A 3E 61    		db	42,03eh,1 + 48 * 2	; tone 318
0962++ 9D95 9F B4       		dw	frq_557
0963++ 9D97 30 3D 6D    		db	48,03dh,1 + 54 * 2	; tone 317
0964++ 9D9A 5F A9       		dw	frq_24
0965++ 9D9C 3B 3F 61    		db	59,03fh,1 + 48 * 2	; tone 319
0966++ 9D9F BF B5       		dw	frq_653
0967++ 9DA1 FF 40 5F    		db	255,040h,1 + 47 * 2	; tone 320
0968++ 9DA4 27 B4       		dw	frq_548
0969++ 9DA6             
0970++ 9DA6             ;--- GM 49 = Slow Strings ---
0971++ 9DA6             
0972++ 9DA6             patch_49: 	
0973++ 9DA6 01          		db	1	; transpose on
0974++ 9DA7 C2 9D       		dw	patch_49hdr
0975++ 9DA9 24 B0 30    		db	36,176, 24 * 2
0976++ 9DAC 0F AB       		dw	frq_98
0977++ 9DAE 2A 35 60    		db	42,53, 48 * 2
0978++ 9DB1 9F B4       		dw	frq_557
0979++ 9DB3 30 33 6C    		db	48,51, 54 * 2
0980++ 9DB6 8F A9       		dw	frq_27
0981++ 9DB8 3B 34 60    		db	59,52, 48 * 2
0982++ 9DBB A7 B5       		dw	frq_650
0983++ 9DBD FF AF 5E    		db	255,175, 47 * 2
0984++ 9DC0 F7 B3       		dw	frq_538
0985++ 9DC2             patch_49hdr: 	
0986++ 9DC2 19 FF       		db	019h,0ffh
0987++ 9DC4             
0988++ 9DC4             
0989++ 9DC4             ;--- GM 50 = Synth Strings 1 ---
0990++ 9DC4             
0991++ 9DC4             patch_50A: 	
0992++ 9DC4 01          		db	1	; transpose on
0993++ 9DC5 CC 9D       		dw	patch_50Ahdr
0994++ 9DC7 FF 02 30    		db	255,2, 24 * 2
0995++ 9DCA 0F BA       		dw	frq_935
0996++ 9DCC             patch_50Ahdr: 	
0997++ 9DCC             		db	020h,098h,093h,0b0h,022h,0c8h,06h,0ffh
0997++ 9DCC 209893B022C806FF
0998++ 9DD4             
0999++ 9DD4             patch_50B: 	
1000++ 9DD4 01          		db	1	; transpose on
1001++ 9DD5 DC 9D       		dw	patch_50Bhdr
1002++ 9DD7 FF AE 18    		db	255,174, 12 * 2
1003++ 9DDA AF AA       		dw	frq_91
1004++ 9DDC             patch_50Bhdr: 	
1005++ 9DDC             		db	020h,098h,070h,0c8h,006h,0ffh
1005++ 9DDC 209870C806FF
1006++ 9DE2             
1007++ 9DE2             
1008++ 9DE2             ;--- GM 51 = Synth Strings 2 ---
1009++ 9DE2             
1010++ 9DE2             patch_51A: 	
1011++ 9DE2 01          		db	1	; transpose on
1012++ 9DE3 EA 9D       		dw	patch_51Ahdr
1013++ 9DE5 FF 02 18    		db	255,2, 12 * 2
1014++ 9DE8 0F BA       		dw	frq_935
1015++ 9DEA             patch_51Ahdr: 	
1016++ 9DEA             		db	019h,098h,070h,0b0h,000h,0c8h,06h,0ffh
1016++ 9DEA 199870B000C806FF
1017++ 9DF2             
1018++ 9DF2             patch_51B: 	
1019++ 9DF2 01          		db	1	; transpose on
1020++ 9DF3 EA 9D       		dw	patch_51Ahdr
1021++ 9DF5 FF 02 18    		db	255,2, 12 * 2
1022++ 9DF8 C7 B9       		dw	frq_927
1023++ 9DFA             
1024++ 9DFA             
1025++ 9DFA             ;--- GM 52 = Choir Aahs ---
1026++ 9DFA             
1027++ 9DFA             patch_52: 	
1028++ 9DFA 01          		db	1	; transpose on
1029++ 9DFB 11 9E       		dw	patch_52hdr
1030++ 9DFD 23 18 30    		db	35,24, 24 * 2
1031++ 9E00 A7 AC       		dw	frq_204
1032++ 9E02 29 19 5E    		db	41,25, 47 * 2
1033++ 9E05 87 B7       		dw	frq_815
1034++ 9E07 30 1A 6A    		db	48,26, 53 * 2
1035++ 9E0A BF AC       		dw	frq_206
1036++ 9E0C FF 1B 60    		db	255,27, 48 * 2
1037++ 9E0F 97 B0       		dw	frq_356
1038++ 9E11             patch_52hdr: 	
1039++ 9E11 1A FF       		db	01ah,0ffh
1040++ 9E13             
1041++ 9E13             ;--- GM 53 = Voice Oohs ---
1042++ 9E13             
1043++ 9E13             patch_53: 	
1044++ 9E13 01          		db	1	; transpose on
1045++ 9E14 1B 9E       		dw	patch_53hdr
1046++ 9E16 FF 29 18    		db	255,41, 12 * 2
1047++ 9E19 3F AE       		dw	frq_273
1048++ 9E1B             patch_53hdr: 	
1049++ 9E1B             		db	020h,098h,0f7h,0b0h,020h,0c8h,8,0ffh
1049++ 9E1B 2098F7B020C808FF
1050++ 9E23             
1051++ 9E23             ;--- GM 54 = Synth Voice ---
1052++ 9E23             
1053++ 9E23             patch_54: 	
1054++ 9E23 01          		db	1	; transpose on
1055++ 9E24 2B 9E       		dw	patch_54hdr
1056++ 9E26 FF 2A 18    		db	255,42, 12 * 2
1057++ 9E29 D7 AC       		dw	frq_208
1058++ 9E2B             patch_54hdr: 	
1059++ 9E2B             		db	019h,098h,085h,0b0h,021h,0c8h,7,0ffh
1059++ 9E2B 199885B021C807FF
1060++ 9E33             
1061++ 9E33             ;--- GM 55 = Orchestra Hit ---
1062++ 9E33             
1063++ 9E33             patch_55: 	
1064++ 9E33 01          		db	1	; transpose on
1065++ 9E34 3B 9E       		dw	patch_55hdr
1066++ 9E36 FF 49 18    		db	255,73, 12 * 2
1067++ 9E39 5F B8       		dw	frq_835
1068++ 9E3B             patch_55hdr: 	
1069++ 9E3B 30 FF       		db	030h,0ffh
1070++ 9E3D             
1071++ 9E3D             ;--- GM 56 = Trumpet ---
1072++ 9E3D             
1073++ 9E3D             patch_56: 	
1074++ 9E3D 01          		db	1	; transpose on
1075++ 9E3E 5E 9E       		dw	patch_56hdr
1076++ 9E40 25 F6 30    		db	37,246, 24 * 2
1077++ 9E43 BF A9       		dw	frq_46
1078++ 9E45 2C F8 62    		db	44,248, 49 * 2
1079++ 9E48 1F B3       		dw	frq_460
1080++ 9E4A 31 F7 70    		db	49,247, 56 * 2
1081++ 9E4D 47 A9       		dw	frq_22
1082++ 9E4F 37 FA 62    		db	55,250, 49 * 2
1083++ 9E52 5F B2       		dw	frq_436
1084++ 9E54 3E F9 6E    		db	62,249, 55 * 2
1085++ 9E57 BF A9       		dw	frq_46
1086++ 9E59 FF FB 64    		db	255,251, 50 * 2
1087++ 9E5C 5F B2       		dw	frq_436
1088++ 9E5E             patch_56hdr: 	
1089++ 9E5E 32 FF       		db	032h,0ffh
1090++ 9E60             
1091++ 9E60             ;--- GM 57 = Trombone ---
1092++ 9E60             
1093++ 9E60             patch_57: 	
1094++ 9E60 01          		db	1	; transpose on
1095++ 9E61 72 9E       		dw	patch_57hdr
1096++ 9E63 23 F0 30    		db	35,240, 24 * 2
1097++ 9E66 AF AD       		dw	frq_228
1098++ 9E68 28 F1 5E    		db	40,241, 47 * 2
1099++ 9E6B 0F B7       		dw	frq_750
1100++ 9E6D FF F2 68    		db	255,242, 52 * 2
1101++ 9E70 27 AE       		dw	frq_264
1102++ 9E72             patch_57hdr: 	
1103++ 9E72 21 FF       		db	021h,0ffh
1104++ 9E74             
1105++ 9E74             ;--- GM 58 = Tuba ---
1106++ 9E74             
1107++ 9E74             patch_58: 	
1108++ 9E74 01          		db	1	; transpose on
1109++ 9E75 72 9E       		dw	patch_57hdr
1110++ 9E77 16 85 48    		db	22,133, 36 * 2
1111++ 9E7A 3F B4       		dw	frq_550
1112++ 9E7C FF 86 5C    		db	255,134, 46 * 2
1113++ 9E7F 07 B9       		dw	frq_908
1114++ 9E81             
1115++ 9E81             ;--- GM 59 = Muted Trumpet ---
1116++ 9E81             
1117++ 9E81             patch_59: 	
1118++ 9E81 01          		db	1	; transpose on
1119++ 9E82 8E 9E       		dw	patch_59hdr
1120++ 9E84 2E B1 18    		db	46,177, 12 * 2
1121++ 9E87 47 B5       		dw	frq_630
1122++ 9E89 FF B2 5C    		db	255,178, 46 * 2
1123++ 9E8C 47 B5       		dw	frq_630
1124++ 9E8E             patch_59hdr: 	
1125++ 9E8E 28 E0 01 FF 		db	28h,0e0h,1,0ffh
1126++ 9E92             
1127++ 9E92             ;--- GM 60 = French Horn ---
1128++ 9E92             
1129++ 9E92             patch_60: 	
1130++ 9E92 01          		db	1	; transpose on
1131++ 9E93 9F 9E       		dw	patch_60hdr
1132++ 9E95 32 7C 18    		db	50,124, 12 * 2
1133++ 9E98 CF AE       		dw	frq_290
1134++ 9E9A FF 7D 64    		db	255,125, 50 * 2
1135++ 9E9D 07 B6       		dw	frq_679
1136++ 9E9F             patch_60hdr: 	
1137++ 9E9F 1A FF       		db	01ah,0ffh
1138++ 9EA1             
1139++ 9EA1             ;--- GM 61 = Brass Section ---
1140++ 9EA1             
1141++ 9EA1             patch_61: 	
1142++ 9EA1 01          		db	1	; transpose on
1143++ 9EA2 48 99       		dw	patch_2Bhdr
1144++ 9EA4 2B FC 18    		db	43,252, 12 * 2
1145++ 9EA7 9F B7       		dw	frq_820
1146++ 9EA9 FF FD 56    		db	255,253, 43 * 2
1147++ 9EAC 2F B8       		dw	frq_832
1148++ 9EAE             
1149++ 9EAE             ;--- GM 62 = Synth Brass 1 ---
1150++ 9EAE             
1151++ 9EAE             patch_62A: 	
1152++ 9EAE 01          		db	1	; transpose on
1153++ 9EAF ED 9E       		dw	patch_62Ahdr
1154++ 9EB1 10 D3 60    		db	16,211, 48 * 2
1155++ 9EB4 37 B9       		dw	frq_916
1156++ 9EB6 16 DA 80    		db	22,218, 64 * 2
1157++ 9EB9 67 B0       		dw	frq_354
1158++ 9EBB 1C D4 74    		db	28,212, 58 * 2
1159++ 9EBE 37 B9       		dw	frq_916
1160++ 9EC0 22 DB 80    		db	34,219, 64 * 2
1161++ 9EC3 07 B0       		dw	frq_345
1162++ 9EC5 28 D5 74    		db	40,213, 58 * 2
1163++ 9EC8 0F BA       		dw	frq_935
1164++ 9ECA 2E DC 80    		db	46,220, 64 * 2
1165++ 9ECD 37 B0       		dw	frq_350
1166++ 9ECF 34 D6 74    		db	52,214, 58 * 2
1167++ 9ED2 97 B9       		dw	frq_925
1168++ 9ED4 3A DD 80    		db	58,221, 64 * 2
1169++ 9ED7 0F B1       		dw	frq_363
1170++ 9ED9 40 D7 74    		db	64,215, 58 * 2
1171++ 9EDC 5F BB       		dw	frq_969
1172++ 9EDE 46 DE 80    		db	70,222, 64 * 2
1173++ 9EE1 8F AF       		dw	frq_338
1174++ 9EE3 4D D8 74    		db	77,216, 58 * 2
1175++ 9EE6 97 B9       		dw	frq_925
1176++ 9EE8 FF D9 6A    		db	255,217, 53 * 2
1177++ 9EEB 97 B9       		dw	frq_925
1178++ 9EED             patch_62Ahdr: 	
1179++ 9EED 18 FF       		db	018h,0ffh
1180++ 9EEF             
1181++ 9EEF             
1182++ 9EEF             patch_62B: 	
1183++ 9EEF 01          		db	1	; transpose on
1184++ 9EF0 2E 9F       		dw	patch_62Bhdr
1185++ 9EF2 10 18 61    		db	16,18h, 1 + 48 * 2	; tone 280
1186++ 9EF5 DF B9       		dw	frq_929
1187++ 9EF7 16 19 81    		db	22,19h, 1 + 64 * 2	; tone 281
1188++ 9EFA DF B0       		dw	frq_360
1189++ 9EFC 1C 1A 75    		db	28,1ah, 1 + 58 * 2	; tone 282
1190++ 9EFF C7 B9       		dw	frq_927
1191++ 9F01 22 1B 81    		db	34,1bh, 1 + 64 * 2	; tone 283
1192++ 9F04 DF B0       		dw	frq_360
1193++ 9F06 28 1C 75    		db	40,1ch, 1 + 58 * 2	; tone 284
1194++ 9F09 57 BA       		dw	frq_939
1195++ 9F0B 2E 1D 81    		db	46,1dh, 1 + 64 * 2	; tone 285
1196++ 9F0E 57 B1       		dw	frq_366
1197++ 9F10 34 1E 75    		db	52,1eh, 1 + 58 * 2	; tone 286
1198++ 9F13 E7 BA       		dw	frq_951
1199++ 9F15 3A 1F 81    		db	58,1fh, 1 + 64 * 2	; tone 287
1200++ 9F18 57 B1       		dw	frq_366
1201++ 9F1A 40 20 75    		db	64,20h, 1 + 58 * 2	; tone 288
1202++ 9F1D 8F BB       		dw	frq_977
1203++ 9F1F 46 21 81    		db	70,21h, 1 + 64 * 2	; tone 289
1204++ 9F22 D7 AF       		dw	frq_342
1205++ 9F24 4D 22 75    		db	77,22h, 1 + 58 * 2	; tone 290
1206++ 9F27 C7 B9       		dw	frq_927
1207++ 9F29 FF 23 6B    		db	255,23h, 1 + 53 * 2	; tone 291
1208++ 9F2C C7 B9       		dw	frq_927
1209++ 9F2E             patch_62Bhdr: 	
1210++ 9F2E             		db	018h,098h,0a5h,0b0h,011h,0ffh
1210++ 9F2E 1898A5B011FF
1211++ 9F34             
1212++ 9F34             
1213++ 9F34             ;--- GM 63 = Synth Brass 2 ---
1214++ 9F34             ; B zachter dan A, vals??
1215++ 9F34             
1216++ 9F34             patch_63A: 	
1217++ 9F34 01          		db	1	; transpose on
1218++ 9F35 73 9F       		dw	patch_63Ahdr
1219++ 9F37 10 18 61    		db	16,18h, 1 + 48 * 2	; tone 280
1220++ 9F3A F7 B9       		dw	frq_931
1221++ 9F3C 16 19 81    		db	22,19h, 1 + 64 * 2	; tone 281
1222++ 9F3F F7 B0       		dw	frq_361
1223++ 9F41 1C 1A 75    		db	28,1ah, 1 + 58 * 2	; tone 282
1224++ 9F44 DF B9       		dw	frq_929
1225++ 9F46 22 1B 81    		db	34,1bh, 1 + 64 * 2	; tone 283
1226++ 9F49 F7 B0       		dw	frq_361
1227++ 9F4B 28 1C 75    		db	40,1ch, 1 + 58 * 2	; tone 284
1228++ 9F4E 6F BA       		dw	frq_941
1229++ 9F50 2E 1D 81    		db	46,1dh, 1 + 64 * 2	; tone 285
1230++ 9F53 6F B1       		dw	frq_367
1231++ 9F55 34 1E 75    		db	52,1eh, 1 + 58 * 2	; tone 286
1232++ 9F58 17 BB       		dw	frq_953
1233++ 9F5A 3A 1F 81    		db	58,1fh, 1 + 64 * 2	; tone 287
1234++ 9F5D 6F B1       		dw	frq_367
1235++ 9F5F 40 20 75    		db	64,20h, 1 + 58 * 2	; tone 288
1236++ 9F62 A7 BB       		dw	frq_978
1237++ 9F64 46 21 81    		db	70,21h, 1 + 64 * 2	; tone 289
1238++ 9F67 EF AF       		dw	frq_343
1239++ 9F69 4D 22 75    		db	77,22h, 1 + 58 * 2	; tone 290
1240++ 9F6C DF B9       		dw	frq_929
1241++ 9F6E FF 23 6B    		db	255,23h, 1 + 53 * 2	; tone 291
1242++ 9F71 DF B9       		dw	frq_929
1243++ 9F73             patch_63Ahdr: 	
1244++ 9F73 26 FF       		db	026h,0ffh
1245++ 9F75             
1246++ 9F75             
1247++ 9F75             patch_63B: 	
1248++ 9F75 01          		db	1	; transpose on
1249++ 9F76 7D 9F       		dw	patch_63Bhdr
1250++ 9F78 FF 24 19    		db	255,24h, 1 + 12 * 2	; tone 292
1251++ 9F7B 9F B4       		dw	frq_557
1252++ 9F7D             patch_63Bhdr: 	
1253++ 9F7D 22 FF       		db	022h,0ffh
1254++ 9F7F             
1255++ 9F7F             ;--- GM 64 = Soprano Sax ---
1256++ 9F7F             
1257++ 9F7F             patch_64: 	
1258++ 9F7F 01          		db	1	; transpose on
1259++ 9F80 FC 9B       		dw	patch_30hdr
1260++ 9F82 28 E3 18    		db	40,227, 12 * 2
1261++ 9F85 37 B6       		dw	frq_701
1262++ 9F87 2E E4 68    		db	46,228, 52 * 2
1263++ 9F8A 37 AD       		dw	frq_216
1264++ 9F8C 34 E5 5C    		db	52,229, 46 * 2
1265++ 9F8F EF B5       		dw	frq_677
1266++ 9F91 3A E6 68    		db	58,230, 52 * 2
1267++ 9F94 DF AD       		dw	frq_242
1268++ 9F96 41 E7 5C    		db	65,231, 46 * 2
1269++ 9F99 AF B6       		dw	frq_726
1270++ 9F9B FF E8 82    		db	255,232, 65 * 2
1271++ 9F9E C7 AA       		dw	frq_94
1272++ 9FA0             
1273++ 9FA0             ;--- GM 65 = Alto Sax ---
1274++ 9FA0             
1275++ 9FA0             patch_65: 	
1276++ 9FA0 01          		db	1	; transpose on
1277++ 9FA1 E4 9F       		dw	patch_65hdr
1278++ 9FA3 1B 92 48    		db	27,146, 36 * 2
1279++ 9FA6 8F A9       		dw	frq_27
1280++ 9FA8 1E 96 66    		db	30,150, 51 * 2
1281++ 9FAB F7 B6       		dw	frq_737
1282++ 9FAD 23 99 6C    		db	35,153, 54 * 2
1283++ 9FB0 17 B2       		dw	frq_385
1284++ 9FB2 24 8F 76    		db	36,143, 59 * 2
1285++ 9FB5 DF AD       		dw	frq_242
1286++ 9FB7 27 93 78    		db	39,147, 60 * 2
1287++ 9FBA BF A9       		dw	frq_46
1288++ 9FBC 2A 97 66    		db	42,151, 51 * 2
1289++ 9FBF 27 B7       		dw	frq_775
1290++ 9FC1 2D 9A 6C    		db	45,154, 54 * 2
1291++ 9FC4 1F B3       		dw	frq_460
1292++ 9FC6 30 90 72    		db	48,144, 57 * 2
1293++ 9FC9 37 AD       		dw	frq_216
1294++ 9FCB 33 94 78    		db	51,148, 60 * 2
1295++ 9FCE 47 A9       		dw	frq_22
1296++ 9FD0 35 98 66    		db	53,152, 51 * 2
1297++ 9FD3 C7 B6       		dw	frq_727
1298++ 9FD5 39 9B 6A    		db	57,155, 53 * 2
1299++ 9FD8 67 B3       		dw	frq_480
1300++ 9FDA 3C 91 72    		db	60,145, 57 * 2
1301++ 9FDD CF AE       		dw	frq_290
1302++ 9FDF FF 95 78    		db	255,149, 60 * 2
1303++ 9FE2 C7 AA       		dw	frq_94
1304++ 9FE4             patch_65hdr: 	
1305++ 9FE4 19 C8 0B FF 		db	019h,0c8h,000bh,0ffh
1306++ 9FE8             
1307++ 9FE8             ;--- GM 66 = Tenor Sax ---
1308++ 9FE8             
1309++ 9FE8             patch_66: 	
1310++ 9FE8 01          		db	1	; transpose on
1311++ 9FE9 6A 9C       		dw	patch_36hdr
1312++ 9FEB 19 E9 48    		db	25,233, 36 * 2
1313++ 9FEE 1F AA       		dw	frq_75
1314++ 9FF0 1D EA 62    		db	29,234, 49 * 2
1315++ 9FF3 7F B6       		dw	frq_715
1316++ 9FF5 23 EB 6A    		db	35,235, 53 * 2
1317++ 9FF8 AF AD       		dw	frq_228
1318++ 9FFA 2A ED 5E    		db	42,237, 47 * 2
1319++ 9FFD BF B5       		dw	frq_653
1320++ 9FFF 30 EC 6C    		db	48,236, 54 * 2
1321++ A002 EF A9       		dw	frq_70
1322++ A004 3A EE 60    		db	58,238, 48 * 2
1323++ A007 C7 B3       		dw	frq_531
1324++ A009 FF EF 5C    		db	255,239, 46 * 2
1325++ A00C 67 B9       		dw	frq_920
1326++ A00E             
1327++ A00E             
1328++ A00E             ;--- GM 67 = Baritone Sax ---
1329++ A00E             
1330++ A00E             patch_67: 	
1331++ A00E 01          		db	1	; transpose on
1332++ A00F 6A 9C       		dw	patch_36hdr
1333++ A011 16 DF 48    		db	22,223, 36 * 2
1334++ A014 FF AE       		dw	frq_299
1335++ A016 1D E1 5C    		db	29,225, 46 * 2
1336++ A019 0F B4       		dw	frq_545
1337++ A01B 22 E2 6A    		db	34,226, 53 * 2
1338++ A01E FF AE       		dw	frq_299
1339++ A020 FF E0 5C    		db	255,224, 46 * 2
1340++ A023 EF B8       		dw	frq_874
1341++ A025             
1342++ A025             ;--- GM 68 = Oboe ---
1343++ A025             
1344++ A025             patch_68: 	
1345++ A025 01          		db	1	; transpose on
1346++ A026 46 A0       		dw	patch_68hdr
1347++ A028 25 42 18    		db	37,66, 12 * 2
1348++ A02B 67 B9       		dw	frq_920
1349++ A02D 2C 44 62    		db	44,68, 49 * 2
1350++ A030 8F AF       		dw	frq_338
1351++ A032 32 43 58    		db	50,67, 44 * 2
1352++ A035 67 B9       		dw	frq_920
1353++ A037 38 46 64    		db	56,70, 50 * 2
1354++ A03A 77 AF       		dw	frq_335
1355++ A03C 3E 45 58    		db	62,69, 44 * 2
1356++ A03F 67 B9       		dw	frq_920
1357++ A041 FF 47 64    		db	255,71, 50 * 2
1358++ A044 77 AF       		dw	frq_335
1359++ A046             patch_68hdr: 	
1360++ A046 39 FF       		db	039h,0ffh
1361++ A048             
1362++ A048             ;--- GM 69 = English Horn ---
1363++ A048             
1364++ A048             patch_69: 	
1365++ A048 01          		db	1	; transpose on
1366++ A049 5A A0       		dw	patch_69hdr
1367++ A04B 21 3C 30    		db	33,60, 24 * 2
1368++ A04E F7 AD       		dw	frq_254
1369++ A050 27 3B 5A    		db	39,59, 45 * 2
1370++ A053 0F B7       		dw	frq_750
1371++ A055 FF 3D 66    		db	255,61, 51 * 2
1372++ A058 DF AD       		dw	frq_242
1373++ A05A             patch_69hdr: 	
1374++ A05A 31 FF       		db	031h,0ffh
1375++ A05C             
1376++ A05C             ;--- GM 70 = Bassoon ---
1377++ A05C             
1378++ A05C             patch_70: 	
1379++ A05C 01          		db	1	; transpose on
1380++ A05D 5A A0       		dw	patch_69hdr
1381++ A05F 0B 38 60    		db	11,56, 48 * 2
1382++ A062 07 AA       		dw	frq_73
1383++ A064 17 3A 5E    		db	23,58, 47 * 2
1384++ A067 DF B3       		dw	frq_532
1385++ A069 FF 39 76    		db	255,57, 59 * 2
1386++ A06C 1F AA       		dw	frq_75
1387++ A06E             
1388++ A06E             ;--- GM 71 = Clarinet ---
1389++ A06E             
1390++ A06E             patch_71: 	
1391++ A06E 01          		db	1	; transpose on
1392++ A06F 85 A0       		dw	patch_71hdr
1393++ A071 24 9E 30    		db	36,158, 24 * 2
1394++ A074 57 B7       		dw	frq_810
1395++ A076 2A A0 78    		db	42,160, 60 * 2
1396++ A079 B7 AE       		dw	frq_288
1397++ A07B 33 9F 6C    		db	51,159, 54 * 2
1398++ A07E AF B6       		dw	frq_726
1399++ A080 FF A1 66    		db	255,161, 51 * 2
1400++ A083 67 B9       		dw	frq_920
1401++ A085             patch_71hdr: 	
1402++ A085 29 FF       		db	029h,0ffh
1403++ A087             
1404++ A087             ;--- GM 72 = Piccolo ---
1405++ A087             
1406++ A087             patch_72: 	
1407++ A087 01          		db	1	; transpose on
1408++ A088 A3 A0       		dw	patch_72hdr
1409++ A08A 29 71 30    		db	41,113, 24 * 2
1410++ A08D C7 AA       		dw	frq_94
1411++ A08F 36 72 6A    		db	54,114, 53 * 2
1412++ A092 3F AB       		dw	frq_118
1413++ A094 3C 73 6C    		db	60,115, 54 * 2
1414++ A097 C7 AA       		dw	frq_94
1415++ A099 48 74 78    		db	72,116, 60 * 2
1416++ A09C B7 AE       		dw	frq_288
1417++ A09E FF 75 78    		db	255,117, 60 * 2
1418++ A0A1 67 B9       		dw	frq_920
1419++ A0A3             patch_72hdr: 	
1420++ A0A3 38 E0 02 FF 		db	038h,0e0h,2,0ffh
1421++ A0A7             
1422++ A0A7             ;--- GM 73 = Flute ---
1423++ A0A7             
1424++ A0A7             patch_73: 	
1425++ A0A7 01          		db	1	; transpose on
1426++ A0A8 A3 A0       		dw	patch_72hdr
1427++ A0AA 29 71 30    		db	41,113, 24 * 2
1428++ A0AD C7 AA       		dw	frq_94
1429++ A0AF 36 72 6A    		db	54,114, 53 * 2
1430++ A0B2 3F AB       		dw	frq_118
1431++ A0B4 FF 73 6C    		db	255,115, 54 * 2
1432++ A0B7 C7 AA       		dw	frq_94
1433++ A0B9             
1434++ A0B9             ;--- GM 74 = Recorder ---
1435++ A0B9             
1436++ A0B9             patch_74: 	
1437++ A0B9 01          		db	1	; transpose on
1438++ A0BA C1 A0       		dw	patch_74hdr
1439++ A0BC FF BD 30    		db	255,189, 24 * 2
1440++ A0BF 87 AB       		dw	frq_143
1441++ A0C1             patch_74hdr: 	
1442++ A0C1 30 E0 01 FF 		db	030h,0e0h,1,0ffh
1443++ A0C5             
1444++ A0C5             ;--- GM 75 = Pan Flute ---
1445++ A0C5             
1446++ A0C5             patch_75: 	
1447++ A0C5 01          		db	1	; transpose on
1448++ A0C6 CD A0       		dw	patch_75hdr
1449++ A0C8 FF 77 00    		db	255,119, 0 * 2
1450++ A0CB 37 B3       		dw	frq_461
1451++ A0CD             patch_75hdr: 	
1452++ A0CD 30 E0 03 FF 		db	030h,0e0h,3,0ffh
1453++ A0D1             
1454++ A0D1             ;--- GM 76 = Blown Bottle ---
1455++ A0D1             
1456++ A0D1             patch_76A: 	
1457++ A0D1 01          		db	1	; transpose on
1458++ A0D2 D9 A0       		dw	patch_76Ahdr
1459++ A0D4 FF 77 00    		db	255,119, 0 * 2
1460++ A0D7 37 B3       		dw	frq_461
1461++ A0D9             patch_76Ahdr: 	
1462++ A0D9 38 E0 01 FF 		db	038h,0e0h,1,0ffh
1463++ A0DD             
1464++ A0DD             patch_76B: 	
1465++ A0DD 01          		db	1	; transpose on
1466++ A0DE E5 A0       		dw	patch_76Bhdr
1467++ A0E0 FF 25 31    		db	255,25h, 31h ;1 + (12 + 2) * 2	; tone 293
1468++ A0E3 2F A9       		dw	frq_21
1469++ A0E5             patch_76Bhdr: 	
1470++ A0E5 00 FF       		db	0h,0ffh
1471++ A0E7             
1472++ A0E7             ;--- GM 77 = Shakuhachi ---
1473++ A0E7             
1474++ A0E7             patch_77A: 		
1475++ A0E7 01          		db	1	; transpose on
1476++ A0E8 CD A0       		dw	patch_75hdr
1477++ A0EA FF AB 18    		db	255,171, 12 * 2
1478++ A0ED 5F BB       		dw	frq_969
1479++ A0EF             
1480++ A0EF             patch_77B: 	
1481++ A0EF 01          		db	1	; transpose on
1482++ A0F0 F7 A0       		dw	patch_77Bhdr
1483++ A0F2 FF 76 18    		db	255,118, 12 * 2
1484++ A0F5 07 B0       		dw	frq_345
1485++ A0F7             patch_77Bhdr: 	
1486++ A0F7 28 E0 02 FF 		db	028h,0e0h,2,0ffh
1487++ A0FB             
1488++ A0FB             ;--- GM 78 = Whistle ---
1489++ A0FB             
1490++ A0FB             patch_78: 	
1491++ A0FB 01          		db	1	; transpose on
1492++ A0FC 03 A1       		dw	patch_78hdr
1493++ A0FE FF AA 00    		db	255,170, 0 * 2
1494++ A101 C7 AA       		dw	frq_94
1495++ A103             patch_78hdr: 	
1496++ A103 2C 98 70 FF 		db	02ch,098h,070h,0ffh
1497++ A107             
1498++ A107             ;--- GM 79 = Ocarina ---
1499++ A107             
1500++ A107             patch_79: 	
1501++ A107 01          		db	1	; transpose on
1502++ A108 0F A1       		dw	patch_79hdr
1503++ A10A FF AA 00    		db	255,170, 0 * 2
1504++ A10D C7 AA       		dw	frq_94
1505++ A10F             patch_79hdr: 	
1506++ A10F 29 E0 01 FF 		db	029h,0e0h,1,0ffh
1507++ A113             
1508++ A113             ;--- GM 80 = Lead 1 (square) ---
1509++ A113             
1510++ A113             patch_80A: 	
1511++ A113 01          		db	1	; transpose on
1512++ A114 34 A1       		dw	patch_80Ahdr
1513++ A116 13 CC 78    		db	19,204, 60 * 2
1514++ A119 BF AF       		dw	frq_341
1515++ A11B 1F CD 6E    		db	31,205, 55 * 2
1516++ A11E EF AF       		dw	frq_343
1517++ A120 2B CA 6E    		db	43,202, 55 * 2
1518++ A123 EF AF       		dw	frq_343
1519++ A125 37 CF 6E    		db	55,207, 55 * 2
1520++ A128 EF AF       		dw	frq_343
1521++ A12A 43 CE 6E    		db	67,206, 55 * 2
1522++ A12D EF AF       		dw	frq_343
1523++ A12F FF CB 6E    		db	255,203, 55 * 2
1524++ A132 EF AF       		dw	frq_343
1525++ A134             patch_80Ahdr: 	
1526++ A134 38 98 C6 FF 		db	038h,098h,0c6h,0ffh
1527++ A138             
1528++ A138             
1529++ A138             patch_80B: 	
1530++ A138 01          		db	1	; transpose on
1531++ A139 59 A1       		dw	patch_80Bhdr
1532++ A13B 13 CC 78    		db	19,204, 60 * 2
1533++ A13E 77 AF       		dw	frq_335
1534++ A140 1F CD 6E    		db	31,205, 55 * 2
1535++ A143 8F AF       		dw	frq_338
1536++ A145 2B CA 6E    		db	43,202, 55 * 2
1537++ A148 8F AF       		dw	frq_338
1538++ A14A 37 CF 6E    		db	55,207, 55 * 2
1539++ A14D 8F AF       		dw	frq_338
1540++ A14F 43 CE 6E    		db	67,206, 55 * 2
1541++ A152 8F AF       		dw	frq_338
1542++ A154 FF CB 6E    		db	255,203, 55 * 2
1543++ A157 8F AF       		dw	frq_338
1544++ A159             patch_80Bhdr: 	
1545++ A159 08 98 C6 FF 		db	008h,098h,0c6h,0ffh
1546++ A15D             
1547++ A15D             
1548++ A15D             ;--- GM 81 = Lead 2 (sawtooth) ---
1549++ A15D             
1550++ A15D             patch_81A: 	
1551++ A15D 01          		db	1	; transpose on
1552++ A15E 9C A1       		dw	patch_81Ahdr
1553++ A160 10 18 61    		db	16,18h, 1 + 48 * 2	; tone 280
1554++ A163 C7 B9       		dw	frq_927
1555++ A165 16 19 81    		db	22,19h, 1 + 64 * 2	; tone 281
1556++ A168 C7 B0       		dw	frq_358
1557++ A16A 1C 1A 75    		db	28,1ah, 1 + 58 * 2	; tone 282
1558++ A16D 97 B9       		dw	frq_925
1559++ A16F 22 1B 81    		db	34,1bh, 1 + 64 * 2	; tone 283
1560++ A172 C7 B0       		dw	frq_358
1561++ A174 28 1C 75    		db	40,1ch, 1 + 58 * 2	; tone 284
1562++ A177 27 BA       		dw	frq_936
1563++ A179 2E 1D 81    		db	46,1dh, 1 + 64 * 2	; tone 285
1564++ A17C 27 B1       		dw	frq_364
1565++ A17E 34 1E 75    		db	52,1eh, 1 + 58 * 2	; tone 286
1566++ A181 B7 BA       		dw	frq_949
1567++ A183 3A 1F 81    		db	58,1fh, 1 + 64 * 2	; tone 287
1568++ A186 27 B1       		dw	frq_364
1569++ A188 40 20 75    		db	64,20h, 1 + 58 * 2	; tone 288
1570++ A18B 77 BB       		dw	frq_974
1571++ A18D 46 21 81    		db	70,21h, 1 + 64 * 2	; tone 289
1572++ A190 A7 AF       		dw	frq_340
1573++ A192 4F 22 75    		db	79,22h, 1 + 58 * 2	; tone 290
1574++ A195 97 B9       		dw	frq_925
1575++ A197 FF 23 6F    		db	255,23h, 1 + 55 * 2	; tone 291
1576++ A19A 97 B9       		dw	frq_925
1577++ A19C             patch_81Ahdr: 	
1578++ A19C             		db	030h,098h,0f2h,0b0h,022h,0c8h,00ah,0ffh
1578++ A19C 3098F2B022C80AFF
1579++ A1A4             
1580++ A1A4             patch_81B: 	
1581++ A1A4 01          		db	1	; transpose on
1582++ A1A5 9C A1       		dw	patch_81Ahdr
1583++ A1A7 10 18 61    		db	16,18h, 1 + 48 * 2	; tone 280
1584++ A1AA 4F B9       		dw	frq_918
1585++ A1AC 16 19 81    		db	22,19h, 1 + 64 * 2	; tone 281
1586++ A1AF 4F B0       		dw	frq_352
1587++ A1B1 1C 1A 75    		db	28,1ah, 1 + 58 * 2	; tone 282
1588++ A1B4 37 B9       		dw	frq_916
1589++ A1B6 22 1B 81    		db	34,1bh, 1 + 64 * 2	; tone 283
1590++ A1B9 4F B0       		dw	frq_352
1591++ A1BB 28 1C 75    		db	40,1ch, 1 + 58 * 2	; tone 284
1592++ A1BE C7 B9       		dw	frq_927
1593++ A1C0 2E 1D 81    		db	46,1dh, 1 + 64 * 2	; tone 285
1594++ A1C3 C7 B0       		dw	frq_358
1595++ A1C5 34 1E 75    		db	52,1eh, 1 + 58 * 2	; tone 286
1596++ A1C8 6F BA       		dw	frq_941
1597++ A1CA 3A 1F 81    		db	58,1fh, 1 + 64 * 2	; tone 287
1598++ A1CD C7 B0       		dw	frq_358
1599++ A1CF 40 20 75    		db	64,20h, 1 + 58 * 2	; tone 288
1600++ A1D2 47 BB       		dw	frq_966
1601++ A1D4 46 21 81    		db	70,21h, 1 + 64 * 2	; tone 289
1602++ A1D7 5F AF       		dw	frq_333
1603++ A1D9 4F 22 75    		db	79,22h, 1 + 58 * 2	; tone 290
1604++ A1DC 37 B9       		dw	frq_916
1605++ A1DE FF 23 6F    		db	255,23h, 1 + 55 * 2	; tone 291
1606++ A1E1 37 B9       		dw	frq_916
1607++ A1E3             
1608++ A1E3             ;--- GM 82 = Lead 3 (calliope) ---
1609++ A1E3             
1610++ A1E3             patch_82A: 	
1611++ A1E3 01          		db	1	; transpose on
1612++ A1E4 EB A1       		dw	patch_82Ahdr
1613++ A1E6 FF AA 00    		db	255,170, 0 * 2
1614++ A1E9 C7 AA       		dw	frq_94
1615++ A1EB             patch_82Ahdr: 	
1616++ A1EB 28 E0 02 FF 		db	028h,0e0h,2,0ffh
1617++ A1EF             
1618++ A1EF             patch_82B: 	
1619++ A1EF 01          		db	1	; transpose on
1620++ A1F0 F7 A1       		dw	patch_82Bhdr
1621++ A1F2 FF 76 18    		db	255,118, 12 * 2
1622++ A1F5 07 B0       		dw	frq_345
1623++ A1F7             patch_82Bhdr: 	
1624++ A1F7             		db	028h,098h,0b0h,0e0h,2,0ffh
1624++ A1F7 2898B0E002FF
1625++ A1FD             
1626++ A1FD             ;--- GM 83 = Lead 4 (chiff) ---
1627++ A1FD             
1628++ A1FD             patch_83A: 	
1629++ A1FD 01          		db	1	; transpose on
1630++ A1FE 05 A2       		dw	patch_83Ahdr
1631++ A200 FF 3A 19    		db	255,3ah, 1 + 12 * 2	; tone 314
1632++ A203 2F AF       		dw	frq_314
1633++ A205             patch_83Ahdr: 	
1634++ A205 2A E0 01 FF 		db	02ah,0e0h,1,0ffh
1635++ A209             
1636++ A209             patch_83B: 	
1637++ A209 01          		db	1	; transpose on
1638++ A20A 48 99       		dw	patch_2Bhdr
1639++ A20C FF FE 18    		db	255,254, 12 * 2
1640++ A20F 17 AF       		dw	frq_311
1641++ A211             
1642++ A211             
1643++ A211             ;--- GM 84 = Lead 5 (charang) ---
1644++ A211             
1645++ A211             patch_84A: 	
1646++ A211 01          		db	1	; transpose on
1647++ A212 1E A2       		dw	patch_84Ahdr
1648++ A214 29 A5 48    		db	41,165, 36 * 2
1649++ A217 C7 AD       		dw	frq_231
1650++ A219 FF A6 82    		db	255,166, 65 * 2
1651++ A21C 4F B3       		dw	frq_462
1652++ A21E             patch_84Ahdr: 	
1653++ A21E 33 FF       		db	033h,0ffh
1654++ A220             
1655++ A220             patch_84B: 	
1656++ A220 01          		db	1	; transpose on
1657++ A221 5F A2       		dw	patch_84Bhdr
1658++ A223 10 18 61    		db	16,18h, 1 + 48 * 2	; tone 280
1659++ A226 4F B9       		dw	frq_918
1660++ A228 16 19 81    		db	22,19h, 1 + 64 * 2	; tone 281
1661++ A22B 4F B0       		dw	frq_352
1662++ A22D 1C 1A 75    		db	28,1ah, 1 + 58 * 2	; tone 282
1663++ A230 37 B9       		dw	frq_916
1664++ A232 22 1B 81    		db	34,1bh, 1 + 64 * 2	; tone 283
1665++ A235 4F B0       		dw	frq_352
1666++ A237 28 1C 75    		db	40,1ch, 1 + 58 * 2	; tone 284
1667++ A23A C7 B9       		dw	frq_927
1668++ A23C 2E 1D 81    		db	46,1dh, 1 + 64 * 2	; tone 285
1669++ A23F C7 B0       		dw	frq_358
1670++ A241 34 1E 75    		db	52,1eh, 1 + 58 * 2	; tone 286
1671++ A244 6F BA       		dw	frq_941
1672++ A246 3A 1F 81    		db	58,1fh, 1 + 64 * 2	; tone 287
1673++ A249 C7 B0       		dw	frq_358
1674++ A24B 40 20 75    		db	64,20h, 1 + 58 * 2	; tone 288
1675++ A24E 47 BB       		dw	frq_966
1676++ A250 46 21 81    		db	70,21h, 1 + 64 * 2	; tone 289
1677++ A253 5F AF       		dw	frq_333
1678++ A255 4F 22 75    		db	79,22h, 1 + 58 * 2	; tone 290
1679++ A258 37 B9       		dw	frq_916
1680++ A25A FF 23 6F    		db	255,23h, 1 + 55 * 2	; tone 291
1681++ A25D 37 B9       		dw	frq_916
1682++ A25F             patch_84Bhdr: 	
1683++ A25F             		db	02ah,098h,0f2h,0b0h,022h,0c8h,00eh,0ffh
1683++ A25F 2A98F2B022C80EFF
1684++ A267             
1685++ A267             
1686++ A267             ;--- GM 85 = Lead 6 (voice) ---
1687++ A267             
1688++ A267             patch_85A: 	
1689++ A267 01          		db	1	; transpose on
1690++ A268 6F A2       		dw	patch_85Ahdr
1691++ A26A FF AA 00    		db	255,170, 0 * 2
1692++ A26D 0F AB       		dw	frq_98
1693++ A26F             patch_85Ahdr: 	
1694++ A26F 2E FF       		db	02eh,0ffh
1695++ A271             
1696++ A271             patch_85B: 	
1697++ A271 01          		db	1	; transpose on
1698++ A272 79 A2       		dw	patch_85Bhdr
1699++ A274 FF 2A 18    		db	255,42, 12 * 2
1700++ A277 A7 AC       		dw	frq_204
1701++ A279             patch_85Bhdr: 	
1702++ A279             		db	029h,098h,0f0h,0c8h,00ah,0ffh
1702++ A279 2998F0C80AFF
1703++ A27F             
1704++ A27F             
1705++ A27F             ;--- GM 86 = Lead 7 (fifths) ---
1706++ A27F             
1707++ A27F             patch_86A: 	
1708++ A27F 01          		db	1	; transpose on
1709++ A280 BE A2       		dw	patch_86Ahdr
1710++ A282 10 18 61    		db	16,18h, 1 + 48 * 2	; tone 280
1711++ A285 4F B9       		dw	frq_918
1712++ A287 16 19 81    		db	22,19h, 1 + 64 * 2	; tone 281
1713++ A28A 4F B0       		dw	frq_352
1714++ A28C 1C 1A 75    		db	28,1ah, 1 + 58 * 2	; tone 282
1715++ A28F 37 B9       		dw	frq_916
1716++ A291 22 1B 81    		db	34,1bh, 1 + 64 * 2	; tone 283
1717++ A294 4F B0       		dw	frq_352
1718++ A296 28 1C 75    		db	40,1ch, 1 + 58 * 2	; tone 284
1719++ A299 C7 B9       		dw	frq_927
1720++ A29B 2E 1D 81    		db	46,1dh, 1 + 64 * 2	; tone 285
1721++ A29E C7 B0       		dw	frq_358
1722++ A2A0 34 1E 75    		db	52,1eh, 1 + 58 * 2	; tone 286
1723++ A2A3 6F BA       		dw	frq_941
1724++ A2A5 3A 1F 81    		db	58,1fh, 1 + 64 * 2	; tone 287
1725++ A2A8 C7 B0       		dw	frq_358
1726++ A2AA 40 20 75    		db	64,20h, 1 + 58 * 2	; tone 288
1727++ A2AD 47 BB       		dw	frq_966
1728++ A2AF 46 21 81    		db	70,21h, 1 + 64 * 2	; tone 289
1729++ A2B2 5F AF       		dw	frq_333
1730++ A2B4 4F 22 75    		db	79,22h, 1 + 58 * 2	; tone 290
1731++ A2B7 37 B9       		dw	frq_916
1732++ A2B9 FF 23 6F    		db	255,23h, 1 + 55 * 2	; tone 291
1733++ A2BC 37 B9       		dw	frq_916
1734++ A2BE             patch_86Ahdr: 	
1735++ A2BE 32 98 F5 FF 		db	032h,098h,0f5h,0ffh
1736++ A2C2             
1737++ A2C2             patch_86B: 	
1738++ A2C2 01          		db	1	; transpose on
1739++ A2C3 CA A2       		dw	patch_86Bhdr
1740++ A2C5 FF 02 18    		db	255,2, 12 * 2
1741++ A2C8 DF B9       		dw	frq_929
1742++ A2CA             patch_86Bhdr: 	
1743++ A2CA             		db	031h,098h,0b3h,0b0h,022h,0c8h,00bh,0ffh
1743++ A2CA 3198B3B022C80BFF
1744++ A2D2             
1745++ A2D2             ;--- GM 87 = Lead 8 (bass + lead) ---
1746++ A2D2             
1747++ A2D2             patch_87A: 	
1748++ A2D2 01          		db	1	; transpose on
1749++ A2D3 B5 9B       		dw	patch_27hdr
1750++ A2D5 FF 17 61    		db	255,17h, 1 + 48 * 2	; tone 279
1751++ A2D8 67 AD       		dw	frq_219
1752++ A2DA             
1753++ A2DA             
1754++ A2DA             ;--- GM 88 = Pad 1 (new age) ---
1755++ A2DA             ; B zachter dan A
1756++ A2DA             patch_88A: 	
1757++ A2DA 01          		db	1	; transpose on
1758++ A2DB E2 A2       		dw	patch_88Ahdr
1759++ A2DD FF 02 18    		db	255,2, 12 * 2
1760++ A2E0 C7 B9       		dw	frq_927
1761++ A2E2             patch_88Ahdr: 	
1762++ A2E2 24 FF       		db	024h,0ffh
1763++ A2E4             
1764++ A2E4             patch_88B: 	
1765++ A2E4 01          		db	1	; transpose on
1766++ A2E5 EC A2       		dw	patch_88Bhdr
1767++ A2E7 FF F3 18    		db	255,243, 12 * 2
1768++ A2EA 97 B6       		dw	frq_721
1769++ A2EC             patch_88Bhdr: 	
1770++ A2EC             		db	023h,098h,0a2h,0b0h,014h,0c8h,6,0e0h,1,0ffh
1770++ A2EC 2398A2B014C806E001FF
1771++ A2F6             
1772++ A2F6             ;--- GM 89 = Pad 2 (warm) ---
1773++ A2F6             ; B zachter dan A
1774++ A2F6             patch_89A: 	
1775++ A2F6 01          		db	1	; transpose on
1776++ A2F7 FE A2       		dw	patch_89Ahdr
1777++ A2F9 FF 4E 30    		db	255,78, 24 * 2
1778++ A2FC E7 B1       		dw	frq_379
1779++ A2FE             patch_89Ahdr: 	
1780++ A2FE 2A E0 02 FF 		db	02ah,0e0h,2,0ffh
1781++ A302             
1782++ A302             patch_89B: 	
1783++ A302 01          		db	1	; transpose on
1784++ A303 7D 9F       		dw	patch_63Bhdr
1785++ A305 FF 29 18    		db	255,41, 12 * 2
1786++ A308 0F AE       		dw	frq_261
1787++ A30A             
1788++ A30A             
1789++ A30A             ;--- GM 90 = Pad 3 (polysynth) ---
1790++ A30A             
1791++ A30A             patch_90A: 	
1792++ A30A 01          		db	1	; transpose on
1793++ A30B 49 A3       		dw	patch_90Ahdr
1794++ A30D 10 18 61    		db	16,18h, 1 + 48 * 2	; tone 280
1795++ A310 DF B9       		dw	frq_929
1796++ A312 16 19 81    		db	22,19h, 1 + 64 * 2	; tone 281
1797++ A315 DF B0       		dw	frq_360
1798++ A317 1C 1A 75    		db	28,1ah, 1 + 58 * 2	; tone 282
1799++ A31A C7 B9       		dw	frq_927
1800++ A31C 22 1B 81    		db	34,1bh, 1 + 64 * 2	; tone 283
1801++ A31F DF B0       		dw	frq_360
1802++ A321 28 1C 75    		db	40,1ch, 1 + 58 * 2	; tone 284
1803++ A324 57 BA       		dw	frq_939
1804++ A326 2E 1D 81    		db	46,1dh, 1 + 64 * 2	; tone 285
1805++ A329 57 B1       		dw	frq_366
1806++ A32B 34 1E 75    		db	52,1eh, 1 + 58 * 2	; tone 286
1807++ A32E E7 BA       		dw	frq_951
1808++ A330 3A 1F 81    		db	58,1fh, 1 + 64 * 2	; tone 287
1809++ A333 57 B1       		dw	frq_366
1810++ A335 40 20 75    		db	64,20h, 1 + 58 * 2	; tone 288
1811++ A338 8F BB       		dw	frq_977
1812++ A33A 46 21 81    		db	70,21h, 1 + 64 * 2	; tone 289
1813++ A33D BF AF       		dw	frq_341
1814++ A33F 4F 22 75    		db	79,22h, 1 + 58 * 2	; tone 290
1815++ A342 C7 B9       		dw	frq_927
1816++ A344 FF 23 6F    		db	255,23h, 1 + 55 * 2	; tone 291
1817++ A347 C7 B9       		dw	frq_927
1818++ A349             patch_90Ahdr: 	
1819++ A349             		db	023h,098h,0f2h,0b0h,022h,0c8h,007h,0e0h,1,0ffh
1819++ A349 2398F2B022C807E001FF
1820++ A353             
1821++ A353             patch_90B: 	
1822++ A353 01          		db	1	; transpose on
1823++ A354 5B A3       		dw	patch_90Bhdr
1824++ A356 FF 24 19    		db	255,24h, 1 + 12 * 2	; tone 292
1825++ A359 3F B4       		dw	frq_550
1826++ A35B             patch_90Bhdr: 	
1827++ A35B 22 98 E5 FF 		db	022h,098h,0e5h,0ffh
1828++ A35F             
1829++ A35F             ;--- GM 91 = Pad 4 (choir) ---
1830++ A35F             
1831++ A35F             patch_91A: 	
1832++ A35F 01          		db	1	; transpose on
1833++ A360 76 A3       		dw	patch_91Ahdr
1834++ A362 23 18 30    		db	35,24, 24 * 2
1835++ A365 A7 AC       		dw	frq_204
1836++ A367 29 19 5E    		db	41,25, 47 * 2
1837++ A36A 87 B7       		dw	frq_815
1838++ A36C 30 1A 6A    		db	48,26, 53 * 2
1839++ A36F BF AC       		dw	frq_206
1840++ A371 FF 1B 60    		db	255,27, 48 * 2
1841++ A374 97 B0       		dw	frq_356
1842++ A376             patch_91Ahdr: 	
1843++ A376 25 C8 06 FF 		db	025h,0c8h,006h,0ffh
1844++ A37A             
1845++ A37A             patch_91B: 	
1846++ A37A 01          		db	1	; transpose on
1847++ A37B 82 A3       		dw	patch_91Bhdr
1848++ A37D FF 2A 18    		db	255,42, 12 * 2
1849++ A380 D7 AC       		dw	frq_208
1850++ A382             patch_91Bhdr: 	
1851++ A382             		db	024h,098h,065h,0b0h,021h,0ffh
1851++ A382 249865B021FF
1852++ A388             
1853++ A388             ;--- GM 92 = Pad 5 (bowed) ---
1854++ A388             
1855++ A388             patch_92A: 	
1856++ A388 01          		db	1	; transpose on
1857++ A389 90 A3       		dw	patch_92Ahdr
1858++ A38B FF 02 31    		db	255,2, 1 + 24 * 2	; tone 257
1859++ A38E 7F AA       		dw	frq_88
1860++ A390             patch_92Ahdr: 	
1861++ A390             		db	019h,098h,044h,0e0h,2,0ffh
1861++ A390 199844E002FF
1862++ A396             
1863++ A396             patch_92B: 	
1864++ A396 01          		db	1	; transpose on
1865++ A397 9E A3       		dw	patch_92Bhdr
1866++ A399 FF AA 00    		db	255,170, 0 * 2
1867++ A39C 97 AA       		dw	frq_89
1868++ A39E             patch_92Bhdr: 	
1869++ A39E             		db	019h,098h,040h,0c8h,6,0ffh
1869++ A39E 199840C806FF
1870++ A3A4             
1871++ A3A4             ;--- GM 93 = Pad 6 (metallic) ---
1872++ A3A4             
1873++ A3A4             patch_93A: 	
1874++ A3A4 01          		db	1	; transpose on
1875++ A3A5 BB A3       		dw	patch_93Ahdr
1876++ A3A7 1A 0C 48    		db	26,12, 36 * 2
1877++ A3AA A7 B2       		dw	frq_445
1878++ A3AC 21 0D 64    		db	33,13, 50 * 2
1879++ A3AF D7 B2       		dw	frq_450
1880++ A3B1 30 0E 5A    		db	48,14, 45 * 2
1881++ A3B4 FF B7       		dw	frq_828
1882++ A3B6 FF 0F 60    		db	255,15, 48 * 2
1883++ A3B9 FF B7       		dw	frq_828
1884++ A3BB             patch_93Ahdr: 	
1885++ A3BB             		db	00ah,0b0h,003h,0c8h,6,0ffh
1885++ A3BB 0AB003C806FF
1886++ A3C1             
1887++ A3C1             patch_93B: 	
1888++ A3C1 01          		db	1	; transpose on
1889++ A3C2 C9 A3       		dw	patch_93Bhdr
1890++ A3C4 FF 3F 18    		db	255,63, 12 * 2
1891++ A3C7 1F B6       		dw	frq_698
1892++ A3C9             patch_93Bhdr: 	
1893++ A3C9 31 98 85 FF 		db	031h,098h,085h,0ffh
1894++ A3CD             
1895++ A3CD             ;--- GM 94 = Pad 7 (halo) ---
1896++ A3CD             patch_94A: 	
1897++ A3CD 01          		db	1	; transpose on
1898++ A3CE 11 9E       		dw	patch_52hdr
1899++ A3D0 FF 24 19    		db	255,24h, 1 + 12 * 2	; 292
1900++ A3D3 E7 B4       		dw	frq_560
1901++ A3D5             
1902++ A3D5             patch_94B: 	
1903++ A3D5 01          		db	1	; transpose on
1904++ A3D6 C0 99       		dw	patch_5Ahdr
1905++ A3D8 FF 2A 18    		db	255,42, 12 * 2
1906++ A3DB 77 AC       		dw	frq_202
1907++ A3DD             
1908++ A3DD             
1909++ A3DD             ;--- GM 95 = Pad 8 (sweep) ---
1910++ A3DD             
1911++ A3DD             patch_95A: 	
1912++ A3DD 01          		db	1	; transpose on
1913++ A3DE 1C A4       		dw	patch_95Ahdr
1914++ A3E0 10 D3 60    		db	16,211, 48 * 2
1915++ A3E3 67 B9       		dw	frq_920
1916++ A3E5 16 DA 80    		db	22,218, 64 * 2
1917++ A3E8 97 B0       		dw	frq_356
1918++ A3EA 1C D4 74    		db	28,212, 58 * 2
1919++ A3ED 67 B9       		dw	frq_920
1920++ A3EF 22 DB 80    		db	34,219, 64 * 2
1921++ A3F2 1F B0       		dw	frq_348
1922++ A3F4 28 D5 74    		db	40,213, 58 * 2
1923++ A3F7 3F BA       		dw	frq_937
1924++ A3F9 2E DC 80    		db	46,220, 64 * 2
1925++ A3FC 4F B0       		dw	frq_352
1926++ A3FE 34 D6 74    		db	52,214, 58 * 2
1927++ A401 AF B9       		dw	frq_926
1928++ A403 3A DD 80    		db	58,221, 64 * 2
1929++ A406 3F B1       		dw	frq_365
1930++ A408 40 D7 74    		db	64,215, 58 * 2
1931++ A40B 77 BB       		dw	frq_974	; 975
1932++ A40D 46 DE 80    		db	70,222, 64 * 2
1933++ A410 BF AF       		dw	frq_341
1934++ A412 4C D8 74    		db	76,216, 58 * 2
1935++ A415 AF B9       		dw	frq_926
1936++ A417 FF D9 68    		db	255,217, 52 * 2
1937++ A41A AF B9       		dw	frq_926
1938++ A41C             patch_95Ahdr: 	
1939++ A41C             		db	019h,098h,015h,0c8h,6,0ffh
1939++ A41C 199815C806FF
1940++ A422             
1941++ A422             patch_95B: 	
1942++ A422 01          		db	1	; transpose on
1943++ A423 61 A4       		dw	patch_95Bhdr
1944++ A425 10 D3 60    		db	16,211, 48 * 2
1945++ A428 1F B9       		dw	frq_909
1946++ A42A 16 DA 80    		db	22,218, 64 * 2
1947++ A42D 37 B0       		dw	frq_350
1948++ A42F 1C D4 74    		db	28,212, 58 * 2
1949++ A432 1F B9       		dw	frq_909
1950++ A434 22 DB 80    		db	34,219, 64 * 2
1951++ A437 A7 AF       		dw	frq_340
1952++ A439 28 D5 74    		db	40,213, 58 * 2
1953++ A43C C7 B9       		dw	frq_927
1954++ A43E 2E DC 80    		db	46,220, 64 * 2
1955++ A441 07 B0       		dw	frq_345
1956++ A443 34 D6 74    		db	52,214, 58 * 2
1957++ A446 37 B9       		dw	frq_916
1958++ A448 3A DD 80    		db	58,221, 64 * 2
1959++ A44B AF B0       		dw	frq_357
1960++ A44D 40 D7 74    		db	64,215, 58 * 2
1961++ A450 2F BB       		dw	frq_964
1962++ A452 46 DE 80    		db	70,222, 64 * 2
1963++ A455 5F AF       		dw	frq_333
1964++ A457 4C D8 74    		db	76,216, 58 * 2
1965++ A45A AF B9       		dw	frq_926
1966++ A45C FF D9 68    		db	255,217, 52 * 2
1967++ A45F 37 B9       		dw	frq_916
1968++ A461             
1969++ A461             patch_95Bhdr: 	
1970++ A461             		db	018h,098h,015h,0c8h,6,0ffh
1970++ A461 189815C806FF
1971++ A467             
1972++ A467             ;--- GM 96 = Rain ---
1973++ A467             
1974++ A467             patch_96: 	
1975++ A467 00          		db	0	; transpose off
1976++ A468 8D 9A       		dw	patch_15Bhdr
1977++ A46A FF 43 63    		db	255,43h, 1 + (48 + 1) * 2	; tone 323
1978++ A46D BF B2       		dw	frq_448
1979++ A46F             
1980++ A46F             
1981++ A46F             ;--- GM 97 = Soundtrack ---
1982++ A46F             
1983++ A46F             patch_97A: 	
1984++ A46F 01          		db	1	; transpose on
1985++ A470 77 A4       		dw	patch_97Ahdr
1986++ A472 FF 02 30    		db	255,2, 24 * 2
1987++ A475 C7 B9       		dw	frq_927
1988++ A477             patch_97Ahdr: 	
1989++ A477 2A 98 60 FF 		db	02ah,098h,060h,0ffh
1990++ A47B             
1991++ A47B             patch_97B: 	
1992++ A47B 01          		db	1	; transpose on
1993++ A47C 83 A4       		dw	patch_97Bhdr
1994++ A47E FF F3 00    		db	255,243, 0 * 2
1995++ A481 4F B6       		dw	frq_704
1996++ A483             patch_97Bhdr: 	
1997++ A483             		db	02dh,098h,052h,0b0h,014h,0c8h,006h,0e0h,2,0ffh
1997++ A483 2D9852B014C806E002FF
1998++ A48D             
1999++ A48D             ;--- GM 98 = Crystal ---
2000++ A48D             
2001++ A48D             patch_98A: 	
2002++ A48D 01          		db	1	; transpose on
2003++ A48E 95 A4       		dw	patch_98Ahdr
2004++ A490 FF F3 00    		db	255,243, 0 * 2
2005++ A493 87 AB       		dw	frq_143
2006++ A495             patch_98Ahdr: 	
2007++ A495 33 FF       		db	033h,0ffh
2008++ A497             
2009++ A497             patch_98B: 	
2010++ A497 01          		db	1	; transpose on
2011++ A498 A9 A4       		dw	patch_98Bhdr
2012++ A49A 15 6D 48    		db	21,109, 36 * 2
2013++ A49D E7 B7       		dw	frq_824
2014++ A49F 1F 6E 5A    		db	31,110, 45 * 2
2015++ A4A2 17 B8       		dw	frq_831
2016++ A4A4 FF 6F 56    		db	255,111, 43 * 2
2017++ A4A7 8F B8       		dw	frq_843
2018++ A4A9             patch_98Bhdr: 	
2019++ A4A9             		db	03bh,098h,085h,0c8h,6,0ffh
2019++ A4A9 3B9885C806FF
2020++ A4AF             
2021++ A4AF             ;--- GM 99 = Atmosphere ---
2022++ A4AF             
2023++ A4AF             patch_99A: 	
2024++ A4AF 01          		db	1	; transpose on
2025++ A4B0 B7 A4       		dw	patch_99Ahdr
2026++ A4B2 FF 02 30    		db	255,2, 24 * 2
2027++ A4B5 C7 B9       		dw	frq_927
2028++ A4B7             patch_99Ahdr: 	
2029++ A4B7             		db	032h,098h,073h,0b0h,022h,0c8h,6,0e0h,1,0ffh
2029++ A4B7 329873B022C806E001FF
2030++ A4C1             
2031++ A4C1             patch_99B: 	
2032++ A4C1 01          		db	1	; transpose on
2033++ A4C2 DD A4       		dw	patch_99Bhdr
2034++ A4C4 18 B3 48    		db	24,179, 36 * 2
2035++ A4C7 07 B3       		dw	frq_459
2036++ A4C9 1F B7 60    		db	31,183, 48 * 2
2037++ A4CC 6F B4       		dw	frq_555
2038++ A4CE 25 B5 6E    		db	37,181, 55 * 2
2039++ A4D1 2F A9       		dw	frq_21
2040++ A4D3 2C B4 62    		db	44,180, 49 * 2
2041++ A4D6 07 B3       		dw	frq_459
2042++ A4D8 FF B6 58    		db	255,182, 44 * 2
2043++ A4DB AF B6       		dw	frq_726
2044++ A4DD             patch_99Bhdr: 	
2045++ A4DD             		db	032h,0c8h,7,0e0h,2,0ffh
2045++ A4DD 32C807E002FF
2046++ A4E3             
2047++ A4E3             ;--- GM 100 = Brightness ---
2048++ A4E3             
2049++ A4E3             patch_100A: 	
2050++ A4E3 01          		db	1	; transpose on
2051++ A4E4 8D 9A       		dw	patch_15Bhdr
2052++ A4E6 FF 37 31    		db	255,37h, 1 + 24 * 2	; tone 311
2053++ A4E9 57 B1       		dw	frq_366
2054++ A4EB             
2055++ A4EB             patch_100B: 	
2056++ A4EB 01          		db	1	; transpose on
2057++ A4EC F3 A4       		dw	patch_100Bhdr
2058++ A4EE FF 2A 18    		db	255,42, 12 * 2
2059++ A4F1 D7 AC       		dw	frq_208
2060++ A4F3             patch_100Bhdr: 	
2061++ A4F3 29 C8 06 FF 		db	029h,0c8h,6,0ffh
2062++ A4F7             
2063++ A4F7             ;--- GM 102 = Echoes ---
2064++ A4F7             
2065++ A4F7             patch_102A: 	
2066++ A4F7 01          		db	1	; transpose on
2067++ A4F8 FF A4       		dw	patch_102Ahdr
2068++ A4FA FF 24 31    		db	255,24h, 1 + 24 * 2	; tone 292
2069++ A4FD 57 B4       		dw	frq_552
2070++ A4FF             patch_102Ahdr: 	
2071++ A4FF             		db	02bh,098h,0f5h,0b0h,021h,0c8h,6,0ffh
2071++ A4FF 2B98F5B021C806FF
2072++ A507             
2073++ A507             patch_102B: 	
2074++ A507 01          		db	1	; transpose on
2075++ A508 0F A5       		dw	patch_102Bhdr
2076++ A50A FF 2A 18    		db	255,42, 12 * 2
2077++ A50D EF AC       		dw	frq_211
2078++ A50F             patch_102Bhdr: 	
2079++ A50F             		db	02bh,098h,085h,0b0h,023h,0c8h,7,0ffh
2079++ A50F 2B9885B023C807FF
2080++ A517             
2081++ A517             ;--- GM 103 = FX 8 (sci-fi) ---
2082++ A517             
2083++ A517             patch_103A: 	
2084++ A517 01          		db	1	; transpose on
2085++ A518 2E A5       		dw	patch_103Ahdr
2086++ A51A 1A 0C 48    		db	26,12, 36 * 2
2087++ A51D 8F B2       		dw	frq_443
2088++ A51F 21 0D 64    		db	33,13, 50 * 2
2089++ A522 BF B2       		dw	frq_448
2090++ A524 30 0E 5A    		db	48,14, 45 * 2
2091++ A527 E7 B7       		dw	frq_824
2092++ A529 FF 0F 60    		db	255,15, 48 * 2
2093++ A52C E7 B7       		dw	frq_824
2094++ A52E             patch_103Ahdr: 	
2095++ A52E             		db	02bh,098h,090h,0c8h,6,0e0h,3,0ffh
2095++ A52E 2B9890C806E003FF
2096++ A536             
2097++ A536             patch_103B: 	
2098++ A536 01          		db	1	; transpose on
2099++ A537 7D 9F       		dw	patch_63Bhdr
2100++ A539 FF 02 18    		db	255,2, 12 * 2
2101++ A53C 97 B9       		dw	frq_925
2102++ A53E             
2103++ A53E             
2104++ A53E             ;--- GM 104 = Sitar ---
2105++ A53E             
2106++ A53E             patch_104: 	
2107++ A53E 01          		db	1	; transpose on
2108++ A53F 46 A5       		dw	patch_104hdr
2109++ A541 FF 0F 19    		db	255,0fh, 1 + 12 * 2	; tone 271
2110++ A544 BF B8       		dw	frq_847
2111++ A546             patch_104hdr: 	
2112++ A546             		db	032h,098h,0f4h,0b0h,015h,0c8h,016h,0e0h,1,0ffh
2112++ A546 3298F4B015C816E001FF
2113++ A550             
2114++ A550             ;--- GM 105 = Banjo ---
2115++ A550             
2116++ A550             patch_105: 	
2117++ A550 01          		db	1	; transpose on
2118++ A551 29 9B       		dw	patch_23Ahdr
2119++ A553 1D 13 30    		db	29,19, 24 * 2
2120++ A556 77 B5       		dw	frq_641
2121++ A558 21 14 6A    		db	33,20, 53 * 2
2122++ A55B 8F AC       		dw	frq_203
2123++ A55D 25 12 5A    		db	37,18, 45 * 2
2124++ A560 9F BA       		dw	frq_944
2125++ A562 2D 15 62    		db	45,21, 49 * 2
2126++ A565 B7 AE       		dw	frq_288
2127++ A567 35 17 5A    		db	53,23, 45 * 2
2128++ A56A EF B5       		dw	frq_677
2129++ A56C FF 16 6A    		db	255,22, 53 * 2
2130++ A56F A7 A9       		dw	frq_45
2131++ A571             
2132++ A571             ;--- GM 106 = Shamisen ---
2133++ A571             
2134++ A571             patch_106: 	
2135++ A571 01          		db	1	; transpose on
2136++ A572 48 99       		dw	patch_2Bhdr
2137++ A574 FF 0E 19    		db	255,0eh, 1 + 12 * 2	; tone 270
2138++ A577 F7 AA       		dw	frq_97
2139++ A579             
2140++ A579             ;--- GM 107 = Koto ---
2141++ A579             
2142++ A579             patch_107: 	
2143++ A579 01          		db	1	; transpose on
2144++ A57A D0 98       		dw	patch_0hdr
2145++ A57C FF A9 18    		db	255,169, 12 * 2
2146++ A57F 87 B4       		dw	frq_556
2147++ A581             
2148++ A581             
2149++ A581             ;--- GM 108 = Kalimba ---
2150++ A581             
2151++ A581             patch_108: 	
2152++ A581 01          		db	1	; transpose on
2153++ A582 29 9B       		dw	patch_23Ahdr
2154++ A584 FF 37 19    		db	255,37h, 1 + 12 * 2	; tone 311
2155++ A587 57 B1       		dw	frq_366
2156++ A589             
2157++ A589             
2158++ A589             ;--- GM 109 = Bagpipes ---
2159++ A589             
2160++ A589             patch_109A: 	
2161++ A589 01          		db	1	; transpose on
2162++ A58A 96 A5       		dw	patch_109Ahdr
2163++ A58C 22 A4 60    		db	34,164, 48 * 2
2164++ A58F 9F A8       		dw	frq_1
2165++ A591 FF A8 5C    		db	255,168, 46 * 2
2166++ A594 77 AF       		dw	frq_335
2167++ A596             patch_109Ahdr: 	
2168++ A596 1C FF       		db	01ch,0ffh
2169++ A598             
2170++ A598             
2171++ A598             patch_109B: 	
2172++ A598 01          		db	1	; transpose on
2173++ A599 A5 A5       		dw	patch_109Bhdr
2174++ A59B 22 A7 60    		db	34,167, 48 * 2
2175++ A59E 87 A8       		dw	frq_0
2176++ A5A0 FF A8 5C    		db	255,168, 46 * 2
2177++ A5A3 77 AF       		dw	frq_335
2178++ A5A5             patch_109Bhdr: 	
2179++ A5A5 19 FF       		db	019h,0ffh
2180++ A5A7             
2181++ A5A7             ;--- GM 110 = Fiddle ---
2182++ A5A7             
2183++ A5A7             patch_110: 	
2184++ A5A7 01          		db	1	; transpose on
2185++ A5A8 5A A0       		dw	patch_69hdr
2186++ A5AA 23 05 31    		db	35,05h, 1 + 24 * 2	; tone 261
2187++ A5AD B7 AE       		dw	frq_288
2188++ A5AF 28 02 77    		db	40,02h, 1 + 59 * 2	; tone 258
2189++ A5B2 D7 A9       		dw	frq_69
2190++ A5B4 2A 06 69    		db	42,06h, 1 + 52 * 2	; tone 262
2191++ A5B7 47 B5       		dw	frq_630
2192++ A5B9 2D 07 6D    		db	45,07h, 1 + 54 * 2	; tone 263
2193++ A5BC 87 B4       		dw	frq_556
2194++ A5BE 30 08 73    		db	48,08h, 1 + 57 * 2	; tone 264
2195++ A5C1 27 AE       		dw	frq_264
2196++ A5C3 33 0A 61    		db	51,0ah, 1 + 48 * 2	; tone 266
2197++ A5C6 67 B9       		dw	frq_920
2198++ A5C8 35 0B 67    		db	53,0bh, 1 + 51 * 2	; tone 267
2199++ A5CB AF B6       		dw	frq_726
2200++ A5CD 37 0C 6B    		db	55,0ch, 1 + 53 * 2	; tone 268
2201++ A5D0 FF B4       		dw	frq_579
2202++ A5D2 3A 0D 6F    		db	58,0dh, 1 + 55 * 2	; tone 269
2203++ A5D5 8F AF       		dw	frq_338
2204++ A5D7 FF 09 75    		db	255,09h, 1 + 58 * 2	; tone 265
2205++ A5DA 87 AB       		dw	frq_143
2206++ A5DC             
2207++ A5DC             ;--- GM 111 = Shanai ---
2208++ A5DC             
2209++ A5DC             patch_111: 	
2210++ A5DC 01          		db	1	; transpose on
2211++ A5DD E4 A5       		dw	patch_111hdr
2212++ A5DF FF 41 48    		db	255,65, 36 * 2
2213++ A5E2 BF B2       		dw	frq_448
2214++ A5E4             patch_111hdr: 	
2215++ A5E4 31 C8 09 FF 		db	031h,0c8h,9,0ffh
2216++ A5E8             
2217++ A5E8             ;--- GM 112 = Tinkle Bell ---
2218++ A5E8             
2219++ A5E8             patch_112A: 	
2220++ A5E8 01          		db	1	; transpose on
2221++ A5E9 F0 A5       		dw	patch_112Ahdr
2222++ A5EB FF F3 00    		db	255,243, 0 * 2
2223++ A5EE 97 B6       		dw	frq_721
2224++ A5F0             patch_112Ahdr: 	
2225++ A5F0 3B 98 D6 FF 		db	03bh,098h,0d6h,0ffh
2226++ A5F4             
2227++ A5F4             patch_112B: 	
2228++ A5F4 01          		db	1	; transpose on
2229++ A5F5 A6 9A       		dw	patch_17hdr
2230++ A5F7 FF 37 49    		db	255,37h, 1 + 36 * 2	; 311
2231++ A5FA 07 AD       		dw	frq_214
2232++ A5FC             
2233++ A5FC             ;--- GM 113 = Agogo ---
2234++ A5FC             
2235++ A5FC             patch_113: 	
2236++ A5FC 00          		db	0	; transpose off
2237++ A5FD 29 9B       		dw	patch_23Ahdr
2238++ A5FF FF 0B 18    		db	255,11, 12 * 2
2239++ A602 4F AD       		dw	frq_217
2240++ A604             
2241++ A604             
2242++ A604             ;--- GM 114 = Steel Drums ---
2243++ A604             
2244++ A604             patch_114A: 	
2245++ A604 00          		db	0	; transpose off
2246++ A605 0C A6       		dw	patch_114Ahdr
2247++ A607 FF FE 18    		db	255,254, 12 * 2
2248++ A60A 47 AF       		dw	frq_317
2249++ A60C             patch_114Ahdr: 	
2250++ A60C 38 E0 01 FF 		db	038h,0e0h,1,0ffh
2251++ A610             
2252++ A610             patch_114B: 	
2253++ A610 00          		db	0	; transpose off
2254++ A611 18 A6       		dw	patch_114Bhdr
2255++ A613 FF 01 49    		db	255,1, 1 + 36 * 2	; tone 257
2256++ A616 5F AC       		dw	frq_195
2257++ A618             patch_114Bhdr: 	
2258++ A618             		db	038h,098h,0b0h,0b0h,005h,0e0h,1,0ffh
2258++ A618 3898B0B005E001FF
2259++ A620             
2260++ A620             ;--- GM 115 = Woodblock ---
2261++ A620             
2262++ A620             patch_115: 	
2263++ A620 00          		db	0	; transpose off
2264++ A621 28 A6       		dw	patch_115hdr
2265++ A623 FF 2C 30    		db	255,44, 24 * 2
2266++ A626 7F B0       		dw	frq_355
2267++ A628             patch_115hdr: 	
2268++ A628 00 FF       		db	0,0ffh
2269++ A62A             
2270++ A62A             ;--- GM 116 = Taiko Drum ---
2271++ A62A             
2272++ A62A             patch_116: 	
2273++ A62A 00          		db	0	; transpose off
2274++ A62B 29 9B       		dw	patch_23Ahdr
2275++ A62D FF 3E 18    		db	255,62, 12 * 2
2276++ A630 4F AD       		dw	frq_217
2277++ A632             
2278++ A632             ;--- GM 117 = Melodic Tom ---
2279++ A632             
2280++ A632             patch_117: 	
2281++ A632 00          		db	0	; transpose off
2282++ A633 3A A6       		dw	patch_117hdr
2283++ A635 FF C7 48    		db	255,199, 36 * 2
2284++ A638 17 B5       		dw	frq_616
2285++ A63A             patch_117hdr: 	
2286++ A63A 38 C8 01 FF 		db	038h,0c8h,1,0ffh
2287++ A63E             
2288++ A63E             ;--- GM 118 = Synth Drum ---
2289++ A63E             
2290++ A63E             patch_118: 	
2291++ A63E 00          		db	0	; transpose off
2292++ A63F 29 9B       		dw	patch_23Ahdr
2293++ A641 FF 26 30    		db	255,38, 24 * 2
2294++ A644 8F A9       		dw	frq_27
2295++ A646             
2296++ A646             ;--- GM 119 = Reverse Cymbal ---
2297++ A646             
2298++ A646             patch_119: 	
2299++ A646 00          		db	0	; transpose off
2300++ A647 4E A6       		dw	patch_119hdr
2301++ A649 FF 31 48    		db	255,49, 36 * 2
2302++ A64C 87 AB       		dw	frq_143
2303++ A64E             patch_119hdr: 	
2304++ A64E 38 C8 09 FF 		db	038h,0c8h,9,0ffh
2305++ A652             
2306++ A652             ;--- GM 120 = Gtr Fret Noise ---
2307++ A652             
2308++ A652             patch_120: 	
2309++ A652 00          		db	0	; transpose off
2310++ A653 29 9B       		dw	patch_23Ahdr
2311++ A655 FF 38 31    		db	255,38h, 1 + 24 * 2	; tone 312
2312++ A658 67 B0       		dw	frq_354
2313++ A65A             
2314++ A65A             ;--- GM 121 = Breath Noise ---
2315++ A65A             
2316++ A65A             patch_121: 	
2317++ A65A 00          		db	0	; transpose off
2318++ A65B 29 9B       		dw	patch_23Ahdr
2319++ A65D FF 25 31    		db	255,25h, 1 + 24 * 2	; tone 293
2320++ A660 DF B6       		dw	frq_733
2321++ A662             
2322++ A662             ;--- GM 122 = Sea Shore ---
2323++ A662             
2324++ A662             patch_122A: 	
2325++ A662 00          		db	0	; transpose off
2326++ A663 6A A6       		dw	patch_122Ahdr
2327++ A665 FF 08 48    		db	255,8, 36 * 2
2328++ A668 27 AE       		dw	frq_264
2329++ A66A             patch_122Ahdr: 	
2330++ A66A 00 C8 04 FF 		db	0,0c8h,4,0ffh
2331++ A66E             
2332++ A66E             patch_122B: 	
2333++ A66E 00          		db	0	; transpose off
2334++ A66F 76 A6       		dw	patch_122Bhdr
2335++ A671 FF 37 60    		db	255,55, 48 * 2
2336++ A674 8F AC       		dw	frq_203
2337++ A676             patch_122Bhdr: 	
2338++ A676             		db	0,098h,020h,0b0h,4,0c8h,5,0e0h,0,0ffh
2338++ A676 009820B004C805E000FF
2339++ A680             
2340++ A680             
2341++ A680             ;--- GM 124 = Telephone / Bird ---
2342++ A680             
2343++ A680             patch_124: 	
2344++ A680 00          		db	0	; transpose off
2345++ A681 28 A6       		dw	patch_115hdr
2346++ A683 30 03 48    		db	48, 3, 36 * 2
2347++ A686 8F A9       		dw	frq_27
2348++ A688 FF 09 48    		db	255, 9, 36 * 2
2349++ A68B 8F AC       		dw	frq_203
2350++ A68D             
2351++ A68D             
2352++ A68D             ;--- GM 125 = Helicopter ---
2353++ A68D             
2354++ A68D             patch_125A: 	
2355++ A68D 00          		db	0	; transpose off
2356++ A68E 95 A6       		dw	patch_125Ahdr
2357++ A690 FF 01 30    		db	255, 1, 24 * 2
2358++ A693 E7 B4       		dw	frq_560
2359++ A695             patch_125Ahdr: 	
2360++ A695 08 C8 07 FF 		db	8,0c8h,7,0ffh
2361++ A699             
2362++ A699 00          patch_125B: 	db	0	; transpose off
2363++ A69A A1 A6       		dw	patch_125Bhdr
2364++ A69C FF 37 48    		db	255, 55, 36 * 2
2365++ A69F 4F B3       		dw	frq_462
2366++ A6A1             patch_125Bhdr: 	
2367++ A6A1             		db	0,0c8h,7,0e0h,0,0ffh
2367++ A6A1 00C807E000FF
2368++ A6A7             
2369++ A6A7             
2370++ A6A7             ;--- GM 126 = Applause ---
2371++ A6A7             
2372++ A6A7             patch_126A: 	
2373++ A6A7 00          		db	0	; transpose off
2374++ A6A8 AF A6       		dw	patch_126Ahdr
2375++ A6AA FF 36 30    		db	255, 54, 24 * 2
2376++ A6AD 37 AD       		dw	frq_216
2377++ A6AF             patch_126Ahdr: 	
2378++ A6AF 0F 98 70 FF 		db	0fh,098h,070h,0ffh
2379++ A6B3             
2380++ A6B3             patch_126B: 	
2381++ A6B3 00          		db	0	; transpose off
2382++ A6B4 BB A6       		dw	patch_126Bhdr
2383++ A6B6 FF 36 30    		db	255, 54, 24 * 2
2384++ A6B9 4F B3       		dw	frq_462
2385++ A6BB             patch_126Bhdr: 	
2386++ A6BB 07 98 70 FF 		db	07h,098h,070h,0ffh
2387++ A6BF             
2388++ A6BF             ;--- GM 127 = Gunshot / Snare ---
2389++ A6BF             
2390++ A6BF             patch_127: 	
2391++ A6BF 00          		db	0	; transpose off
2392++ A6C0 CC A6       		dw	patch_127hdr
2393++ A6C2 30 39 31    		db	48,39h, 1 + 24 * 2	; tone 313
2394++ A6C5 8F AC       		dw	frq_203
2395++ A6C7             ;        	db      255, 59, 1 + 24 * 2
2396++ A6C7 FF 78 30    		db	255, 120, 0 + 24 * 2
2397++ A6CA 8F AC       		dw	frq_203
2398++ A6CC             patch_127hdr: 	
2399++ A6CC 38 C8 03 FF 		db	038h,0c8h,3,0ffh
2400++ A6D0             
2401++ A6D0             ;--- Drum patch 1 ---
2402++ A6D0             
2403++ A6D0             drum_1: 	
2404++ A6D0 00          		db	0	; transpose off
2405++ A6D1 DD A6       		dw	drum_1hdr
2406++ A6D3 30 11 30    		db	48,17, 24 * 2	; tone 17
2407++ A6D6 27 AE       		dw	frq_264
2408++ A6D8 FF BF 48    		db	255,191, 36 * 2	; tone 191
2409++ A6DB 27 AE       		dw	frq_264
2410++ A6DD             drum_1hdr: 	
2411++ A6DD             		db	0,098h,0f4h,0b0h,0feh,0c8h,6,0ffh
2411++ A6DD 0098F4B0FEC806FF
2412++ A6E5             
2413++ A6E5             ;--- Drum patch 2 ---
2414++ A6E5             
2415++ A6E5             drum_2: 	
2416++ A6E5 00          		db	0	; transpose off
2417++ A6E6 F2 A6       		dw	drum_2hdr
2418++ A6E8 30 D1 30    		db	48,209, 24 * 2	; tone 209
2419++ A6EB 07 B9       		dw	frq_908
2420++ A6ED FF C5 30    		db	255,197, 24 * 2	; tone 197
2421++ A6F0 07 B9       		dw	frq_908
2422++ A6F2             drum_2hdr: 	
2423++ A6F2             		db	0,098h,0f5h,0b0h,0f2h,0c8h,6,0ffh
2423++ A6F2 0098F5B0F2C806FF
2424++ A6FA             
2425++ A6FA             
2426++ A6FA             ;--- Drum patch 3 ---
2427++ A6FA             
2428++ A6FA             drum_3: 		
2429++ A6FA 00          		db	0	; transpose off
2430++ A6FB 02 A7       		dw	drum_3hdr
2431++ A6FD FF 0A 30    		db	255,10, 24 * 2	; tone 10
2432++ A700 D7 B5       		dw	frq_654
2433++ A702             drum_3hdr: 	
2434++ A702             		db	0,098h,0f4h,0b0h,0f2h,0c8h,6,0ffh
2434++ A702 0098F4B0F2C806FF
2435++ A70A             
2436++ A70A             ;--- Drum patch 4 ---
2437++ A70A             
2438++ A70A             drum_4: 		
2439++ A70A 00          		db	0	; transpose off
2440++ A70B 02 A7       		dw	drum_3hdr
2441++ A70D FF 1C 30    		db	255,28, 24 * 2	; tone 28
2442++ A710 FF AB       		dw	frq_187
2443++ A712             
2444++ A712             ;--- Drum patch 5 ---
2445++ A712             
2446++ A712             drum_5: 	
2447++ A712 00          		db	0	; transpose off
2448++ A713 02 A7       		dw	drum_3hdr
2449++ A715 FF 1F 30    		db	255,31, 24 * 2	; tone 31
2450++ A718 07 B9       		dw	frq_908
2451++ A71A             
2452++ A71A             ;--- Drum patch 6 ---
2453++ A71A             
2454++ A71A             drum_6: 		
2455++ A71A 00          		db	0	; transpose off
2456++ A71B 02 A7       		dw	drum_3hdr
2457++ A71D FF 9C 30    		db	255,156, 24 * 2	; tone 156
2458++ A720 8F A9       		dw	frq_27
2459++ A722             
2460++ A722             ;--- Drum patch 7 ---
2461++ A722             
2462++ A722             drum_7: 	
2463++ A722 00          		db	0	; transpose off
2464++ A723 02 A7       		dw	drum_3hdr
2465++ A725 FF 31 30    		db	255,49, 24 * 2	; tone 49
2466++ A728 5F A9       		dw	frq_24
2467++ A72A             
2468++ A72A             ;--- Drum patch 8 ---
2469++ A72A             
2470++ A72A             drum_8: 	
2471++ A72A 00          		db	0	; transpose off
2472++ A72B 32 A7       		dw	drum_8hdr
2473++ A72D FF 9D 30    		db	255,157, 24 * 2	; tone 157
2474++ A730 F7 B6       		dw	frq_737
2475++ A732             drum_8hdr: 	
2476++ A732             		db	0,0b0h,027h,0c8h,6,0ffh
2476++ A732 00B027C806FF
2477++ A738             
2478++ A738             gmdrm_hdr1: 	
2479++ A738             		db	0,098h,0f4h,0b0h,0f2h,0c8h,6,0ffh
2479++ A738 0098F4B0F2C806FF
2480++ A740             gmdrm_hdr2: 	
2481++ A740             		db	0,098h,0f5h,0b0h,0f2h,0c8h,6,0ffh
2481++ A740 0098F5B0F2C806FF
2482++ A748             gmdrm_hdr3: 	
2483++ A748             		db	0,098h,0f2h,0b0h,0f2h,0c8h,6,0ffh
2483++ A748 0098F2B0F2C806FF
2484++ A750             gmdrm_hdr4: 	
2485++ A750             		db	0,098h,0f1h,0b0h,0f2h,0c8h,6,0ffh
2485++ A750 0098F1B0F2C806FF
2486++ A758             gmdrm_hdr5: 	
2487++ A758             		db	0,098h,0f4h,0b0h,027h,0c8h,6,0ffh
2487++ A758 0098F4B027C806FF
2488++ A760             gmdrm_hdr6: 	
2489++ A760             		db	0,098h,0f4h,0b0h,0f2h,0c8h,7,0ffh
2489++ A760 0098F4B0F2C807FF
2490++ A768             gmdrm_hdr7: 	
2491++ A768             		db	0,098h,0f6h,0b0h,0ffh,0c8h,6,0ffh
2491++ A768 0098F6B0FFC806FF
2492++ A770             gmdrm_hdr8: 	
2493++ A770             		db	0,098h,0f4h,0b0h,0f2h,0c8h,6,0ffh
2493++ A770 0098F4B0F2C806FF
2494++ A778             gmdrm_hdr9: 	
2495++ A778             		db	0,098h,0f4h,0b0h,0f2h,0c8h,4,0ffh
2495++ A778 0098F4B0F2C804FF
2496++ A780             
2497++ A780             ;--- Midi Drum patch ---
2498++ A780             
2499++ A780             drum_midi: 	
2500++ A780 00          		db	0	; transpose off
2501++ A781 38 A7       		dw	gmdrm_hdr1
2502++ A783 24 10 1A    		db	36,16, (48 - 35) * 2	; tone 16
2503++ A786 17 AF       		dw	frq_311
2504++ A788             
2505++ A788             MBPlayer_gmdrm_c4: 
2506++ A788             gmdrm_c4: 	
2507++ A788 11          		db	17
2508++ A789 18 F2       		db	018h,0f2h
2509++ A78B 38 A7       		dw	gmdrm_hdr1
2510++ A78D             gmdrm_cp4: 	
2511++ A78D D2          		db	210
2512++ A78E F6 00       		db	0f6h,0
2513++ A790 38 A7       		dw	gmdrm_hdr1
2514++ A792             gmdrm_d4: 	
2515++ A792 D1          		db	209
2516++ A793 F4 F6       		db	0f4h,0f6h
2517++ A795 40 A7       		dw	gmdrm_hdr2
2518++ A797             gmdrm_dp4: 	
2519++ A797 0A          		db	10
2520++ A798 2A F5       		db	02ah,0f5h
2521++ A79A 38 A7       		dw	gmdrm_hdr1
2522++ A79C             gmdrm_e4: 	
2523++ A79C D1          		db	209
2524++ A79D 38 03       		db	038h,003h
2525++ A79F 48 A7       		dw	gmdrm_hdr3
2526++ A7A1             gmdrm_f4: 	
2527++ A7A1 C8          		db	200
2528++ A7A2 60 00       		db	060h,0
2529++ A7A4 38 A7       		dw	gmdrm_hdr1
2530++ A7A6             gmdrm_fp4: 	
2531++ A7A6 79          		db	121
2532++ A7A7 5C 01       		db	05ch,1
2533++ A7A9 38 A7       		dw	gmdrm_hdr1
2534++ A7AB             gmdrm_g4: 	
2535++ A7AB C8          		db	200
2536++ A7AC A8 02       		db	0a8h,2
2537++ A7AE 38 A7       		dw	gmdrm_hdr1
2538++ A7B0             gmdrm_gp4: 	
2539++ A7B0 7B          		db	123
2540++ A7B1 34 05       		db	034h,5
2541++ A7B3 38 A7       		dw	gmdrm_hdr1
2542++ A7B5             gmdrm_a4: 	
2543++ A7B5 C8          		db	200
2544++ A7B6 46 04       		db	046h,4
2545++ A7B8 38 A7       		dw	gmdrm_hdr1
2546++ A7BA             gmdrm_ap4: 	
2547++ A7BA 7A          		db	122
2548++ A7BB 34 05       		db	034h,5
2549++ A7BD 50 A7       		dw	gmdrm_hdr4
2550++ A7BF C7          gmdrm_b4: 	db	199
2551++ A7C0 0A 03       		db	00ah,3
2552++ A7C2 38 A7       		dw	gmdrm_hdr1
2553++ A7C4             
2554++ A7C4             gmdrm_c5: 	
2555++ A7C4 C7          		db	199
2556++ A7C5 F4 04       		db	0f4h,4
2557++ A7C7 38 A7       		dw	gmdrm_hdr1
2558++ A7C9             gmdrm_cp5: 	
2559++ A7C9 31          		db	49
2560++ A7CA 32 00       		db	032h,0
2561++ A7CC 38 A7       		dw	gmdrm_hdr1
2562++ A7CE             gmdrm_d5: 	
2563++ A7CE C7          		db	199
2564++ A7CF 90 10       		db	090h,010h
2565++ A7D1 38 A7       		dw	gmdrm_hdr1
2566++ A7D3             gmdrm_dp5: 	
2567++ A7D3 2E          		db	46
2568++ A7D4 CE 01       		db	0ceh,1
2569++ A7D6 38 A7       		dw	gmdrm_hdr1
2570++ A7D8             gmdrm_e5: 	
2571++ A7D8 7A          		db	122
2572++ A7D9 56 E1       		db	056h,0e1h
2573++ A7DB 38 A7       		dw	gmdrm_hdr1
2574++ A7DD             gmdrm_f5: 	
2575++ A7DD 21          		db	33
2576++ A7DE 3C 01       		db	03ch,1
2577++ A7E0 38 A7       		dw	gmdrm_hdr1
2578++ A7E2             gmdrm_fp5: 	
2579++ A7E2 25          		db	37
2580++ A7E3 BA 00       		db	0bah,0
2581++ A7E5 48 A7       		dw	gmdrm_hdr3
2582++ A7E7             gmdrm_g5: 	
2583++ A7E7 31          		db	49
2584++ A7E8 CA 05       		db	0cah,5
2585++ A7EA 40 A7       		dw	gmdrm_hdr2
2586++ A7EC 1D          gmdrm_gp5: 	db	29
2587++ A7ED FE F6       		db	0feh,0f6h
2588++ A7EF 38 A7       		dw	gmdrm_hdr1
2589++ A7F1             gmdrm_a5: 	
2590++ A7F1 31          		db	49
2591++ A7F2 70 03       		db	070h,3
2592++ A7F4 38 A7       		dw	gmdrm_hdr1
2593++ A7F6 9D          gmdrm_ap5: 	db	157
2594++ A7F7 CA F5       		db	0cah,0f5h
2595++ A7F9 58 A7       		dw	gmdrm_hdr5
2596++ A7FB             gmdrm_b5: 	
2597++ A7FB 2E          		db	46
2598++ A7FC 74 05       		db	074h,5
2599++ A7FE 60 A7       		dw	gmdrm_hdr6
2600++ A800             
2601++ A800             gmdrm_c6: 	
2602++ A800 1C          		db	28
2603++ A801 76 01       		db	076h,1
2604++ A803 38 A7       		dw	gmdrm_hdr1
2605++ A805             gmdrm_cp6: 	
2606++ A805 1C          		db	28
2607++ A806 32 00       		db	032h,0
2608++ A808 38 A7       		dw	gmdrm_hdr1
2609++ A80A             gmdrm_d6: 	
2610++ A80A 1E          		db	30
2611++ A80B DA F4       		db	0dah,0f4h
2612++ A80D 38 A7       		dw	gmdrm_hdr1
2613++ A80F             gmdrm_dp6: 	
2614++ A80F 1F          		db	31
2615++ A810 FE F6       		db	0feh,0f6h
2616++ A812 38 A7       		dw	gmdrm_hdr1
2617++ A814             gmdrm_e6: 	
2618++ A814 1F          		db	31
2619++ A815 FC F2       		db	0fch,0f2h
2620++ A817 38 A7       		dw	gmdrm_hdr1
2621++ A819             gmdrm_f6: 	
2622++ A819 9C          		db	156
2623++ A81A 3E 00       		db	03eh,0
2624++ A81C 38 A7       		dw	gmdrm_hdr1
2625++ A81E             gmdrm_fp6: 	
2626++ A81E 9C          		db	156
2627++ A81F D0 F4       		db	0d0h,0f4h
2628++ A821 38 A7       		dw	gmdrm_hdr1
2629++ A823             gmdrm_g6: 	
2630++ A823 0B          		db	11
2631++ A824 16 00       		db	016h,0
2632++ A826 38 A7       		dw	gmdrm_hdr1
2633++ A828             gmdrm_gp6: 	
2634++ A828 0B          		db	11
2635++ A829 3C F4       		db	03ch,0f4h
2636++ A82B 38 A7       		dw	gmdrm_hdr1
2637++ A82D             gmdrm_a6: 	
2638++ A82D 2F          		db	47
2639++ A82E 50 03       		db	050h,3
2640++ A830 38 A7       		dw	gmdrm_hdr1
2641++ A832             gmdrm_ap6: 	
2642++ A832 30          		db	48
2643++ A833 4A 00       		db	04ah,0
2644++ A835 38 A7       		dw	gmdrm_hdr1
2645++ A837             gmdrm_b6: 	
2646++ A837 2D          		db	45
2647++ A838 38 F3       		db	038h,0f3h
2648++ A83A 38 A7       		dw	gmdrm_hdr1
2649++ A83C             
2650++ A83C             gmdrm_c7: 	
2651++ A83C 44          		db	044h
2652++ A83D 53 F2       		db	053h,0f2h
2653++ A83F 68 A7       		dw	gmdrm_hdr7
2654++ A841             gmdrm_cp7: 	
2655++ A841 24          		db	36
2656++ A842 74 05       		db	074h,5
2657++ A844 70 A7       		dw	gmdrm_hdr8
2658++ A846             gmdrm_d7: 	
2659++ A846 24          		db	36
2660++ A847 48 F6       		db	048h,0f6h
2661++ A849 38 A7       		dw	gmdrm_hdr1
2662++ A84B             gmdrm_dp7: 	
2663++ A84B 20          		db	32
2664++ A84C 50 F5       		db	050h,0f5h
2665++ A84E 38 A7       		dw	gmdrm_hdr1
2666++ A850             gmdrm_e7: 	
2667++ A850 2C          		db	44
2668++ A851 28 F2       		db	028h,0f2h
2669++ A853 38 A7       		dw	gmdrm_hdr1
2670++ A855             gmdrm_f7: 	
2671++ A855 2C          		db	44
2672++ A856 5C E7       		db	05ch,0e7h
2673++ A858 38 A7       		dw	gmdrm_hdr1
2674++ A85A             gmdrm_fp7: 	
2675++ A85A 22          		db	34
2676++ A85B 22 10       		db	022h,010h
2677++ A85D 38 A7       		dw	gmdrm_hdr1
2678++ A85F             gmdrm_g7: 	
2679++ A85F 23          		db	35
2680++ A860 C0 F6       		db	0c0h,0f6h
2681++ A862 38 A7       		dw	gmdrm_hdr1
2682++ A864             gmdrm_gp7: 	
2683++ A864 32          		db	50
2684++ A865 50 00       		db	050h,0
2685++ A867 38 A7       		dw	gmdrm_hdr1
2686++ A869             gmdrm_a7: 	
2687++ A869 32          		db	50
2688++ A86A 54 00       		db	054h,0
2689++ A86C 78 A7       		dw	gmdrm_hdr9
2690++ A86E             gmdrm_ap7: 	
2691++ A86E BF          		db	191
2692++ A86F 18 F2       		db	018h,0f2h
2693++ A871 38 A7       		dw	gmdrm_hdr1
2694++ A873             gmdrm_b7: 	
2695++ A873 C5          		db	197
2696++ A874 18 F7       		db	018h,0f7h
2697++ A876 38 A7       		dw	gmdrm_hdr1
2698++ A878             gmdrm_c8: 	
2699++ A878 C5          		db	197
2700++ A879 38 03       		db	038h,003h
2701++ A87B 38 A7       		dw	gmdrm_hdr1
2702++ A87D             gmdrm_cp8: 	
2703++ A87D D0          		db	208
2704++ A87E 18 F2       		db	018h,0f2h
2705++ A880 38 A7       		dw	gmdrm_hdr1
2706++ A882             gmdrm_d8: 	
2707++ A882 78          		db	120
2708++ A883 18 F2       		db	018h,0f2h
2709++ A885 38 A7       		dw	gmdrm_hdr1
2710++ A887             
1726+  A887             		.include "freq_table_4.inc"
0001++ A887             ;-------------------------------------------------------------------
0002++ A887             ; îïèñàíèå:  Òàáëèöà ÷àñòîò
0003++ A887             ;---------------------------------------------------------------------
0004++ A887             frq_0: 		
0005++ A887             		dw	0,61,125,194,266,343,424,510,601,698,801,909
0005++ A887 00003D007D00C2000A015701A801FE015902BA0221038D03
0006++ A89F             frq_1: 		
0007++ A89F             		dw	1,62,127,195,268,345,426,512,604,700,803,912
0007++ A89F 01003E007F00C3000C015901AA0100025C02BC0223039003
0008++ A8B7             frq_8: 		
0009++ A8B7             		dw	8,69,134,203,276,353,435,522,614,711,814,924
0009++ A8B7 080045008600CB0014016101B3010A026602C7022E039C03
0010++ A8CF             frq_9: 		
0011++ A8CF             		dw	9,70,135,204,277,355,437,524,616,713,816,926
0011++ A8CF 090046008700CC0015016301B5010C026802C90230039E03
0012++ A8E7             frq_10: 		
0013++ A8E7             		dw	10,71,136,205,278,356,438,525,617,714,818,927
0013++ A8E7 0A0047008800CD0016016401B6010D026902CA0232039F03
0014++ A8FF             frq_15: 		
0015++ A8FF             		dw	15,77,143,212,286,364,446,533,626,724,828,938
0015++ A8FF 0F004D008F00D4001E016C01BE0115027202D4023C03AA03
0016++ A917             frq_20: 		
0017++ A917             		dw	20,82,148,217,291,369,452,540,633,731,836,946
0017++ A917 140052009400D90023017101C4011C027902DB024403B203
0018++ A92F             frq_21: 		
0019++ A92F             		dw	21,83,148,218,292,370,453,542,635,733,838,949
0019++ A92F 150053009400DA0024017201C5011E027B02DD024603B503
0020++ A947             frq_22: 		
0021++ A947             		dw	22,84,150,219,293,372,455,542,636,734,839,950
0021++ A947 160054009600DB0025017401C7011E027C02DE024703B603
0022++ A95F             frq_24: 		
0023++ A95F             		dw	24,86,152,222,296,375,457,545,639,737,842,953
0023++ A95F 180056009800DE0028017701C90121027F02E1024A03B903
0024++ A977             frq_26: 		
0025++ A977             		dw	26,88,154,224,299,377,461,549,642,741,846,958
0025++ A977 1A0058009A00E0002B017901CD0125028202E5024E03BE03
0026++ A98F             frq_27: 		
0027++ A98F             		dw	27,89,155,225,300,378,462,550,644,743,848,959
0027++ A98F 1B0059009B00E1002C017A01CE0126028402E7025003BF03
0028++ A9A7             frq_45: 		
0029++ A9A7             		dw	45,109,176,248,324,403,488,578,673,774,881,995
0029++ A9A7 2D006D00B000F80044019301E8014202A10206037103E303
0030++ A9BF             frq_46: 		
0031++ A9BF             		dw	46,110,177,248,324,404,489,579,674,775,882,996
0031++ A9BF 2E006E00B100F80044019401E9014302A20207037203E403
0032++ A9D7             frq_69: 		
0033++ A9D7             		dw	69,134,203,276,353,435,522,614,711,815,924,8+2048
0033++ A9D7 45008600CB0014016101B3010A026602C7022F039C030808
0034++ A9EF             frq_70: 		
0035++ A9EF             		dw	70,135,204,277,354,436,523,615,712,815,925,8+2048
0035++ A9EF 46008700CC0015016201B4010B026702C8022F039D030808
0036++ AA07             frq_73: 		
0037++ AA07             		dw	73,139,208,281,359,441,528,620,718,822,932,12+2048
0037++ AA07 49008B00D00019016701B90110026C02CE023603A4030C08
0038++ AA1F             frq_75: 		
0039++ AA1F             		dw	75,141,210,283,361,444,531,623,721,825,935,14+2048
0039++ AA1F 4B008D00D2001B016901BC0113026F02D1023903A7030E08
0040++ AA37             frq_79: 		
0041++ AA37             		dw	79,145,214,288,366,449,536,629,727,831,942,17+2048
0041++ AA37 4F009100D60020016E01C10118027502D7023F03AE031108
0042++ AA4F             frq_82: 		
0043++ AA4F             		dw	82,147,217,291,369,452,540,633,731,835,946,20+2048
0043++ AA4F 52009300D90023017101C4011C027902DB024303B2031408
0044++ AA67             frq_84: 		
0045++ AA67             		dw	84,150,219,293,372,455,543,636,734,839,950,22+2048
0045++ AA67 54009600DB0025017401C7011F027C02DE024703B6031608
0046++ AA7F             frq_88: 		
0047++ AA7F             		dw	88,154,224,298,377,460,548,642,741,846,957,25+2048
0047++ AA7F 58009A00E0002A017901CC0124028202E5024E03BD031908
0048++ AA97             frq_89: 		
0049++ AA97             		dw	89,155,225,299,378,461,550,643,742,847,959,26+2048
0049++ AA97 59009B00E1002B017A01CD0126028302E6024F03BF031A08
0050++ AAAF             frq_91: 		
0051++ AAAF             		dw	91,157,228,302,381,465,553,647,746,851,963,29+2048
0051++ AAAF 5B009D00E4002E017D01D10129028702EA025303C3031D08
0052++ AAC7             frq_94: 		
0053++ AAC7             		dw	94,161,231,306,385,469,557,651,751,857,968,31+2048
0053++ AAC7 5E00A100E70032018101D5012D028B02EF025903C8031F08
0054++ AADF             frq_96: 		
0055++ AADF             		dw	96,162,233,308,387,471,560,654,753,859,971,33+2048
0055++ AADF 6000A200E90034018301D70130028E02F1025B03CB032108
0056++ AAF7             frq_97: 		
0057++ AAF7             		dw	97,164,235,309,389,473,562,656,756,862,974,34+2048
0057++ AAF7 6100A400EB0035018501D90132029002F4025E03CE032208
0058++ AB0F             frq_98: 		
0059++ AB0F             		dw	98,165,236,311,390,474,563,657,757,863,976,35+2048
0059++ AB0F 6200A500EC0037018601DA0133029102F5025F03D0032308
0060++ AB27             frq_113: 	
0061++ AB27             		dw	113,180,252,328,408,493,583,679,780,887,1001,49+2048
0061++ AB27 7100B400FC0048019801ED014702A7020C037703E9033108
0062++ AB3F             frq_118: 	
0063++ AB3F             		dw	118,186,257,334,415,501,591,687,789,897,1011,54+2048
0063++ AB3F 7600BA0001014E019F01F5014F02AF0215038103F3033608
0064++ AB57             frq_135: 	
0065++ AB57             		dw	135,204,277,355,437,524,616,713,816,926,9+2048,70+2048
0065++ AB57 8700CC0015016301B5010C026802C90230039E0309084608
0066++ AB6F             frq_141: 	
0067++ AB6F             		dw	141,210,283,361,443,530,623,721,825,935,13+2048,75+2048
0067++ AB6F 8D00D2001B016901BB0112026F02D1023903A7030D084B08
0068++ AB87             frq_143: 	
0069++ AB87             		dw	143,212,286,363,446,533,626,724,828,938,15+2048,77+2048
0069++ AB87 8F00D4001E016B01BE0115027202D4023C03AA030F084D08
0070++ AB9F             frq_155: 	
0071++ AB9F             		dw	155,225,299,376,461,549,643,742,847,959,26+2048,89+2048
0071++ AB9F 9B00E1002B017801CD0125028302E6024F03BF031A085908
0072++ ABB7             frq_156: 	
0073++ ABB7             		dw	156,226,300,379,462,551,644,744,849,960,27+2048,89+2048
0073++ ABB7 9C00E2002C017B01CE0127028402E8025103C0031B085908
0074++ ABCF             frq_167: 	
0075++ ABCF             		dw	167,237,312,392,476,565,660,760,866,978,37+2048,100+2048
0075++ ABCF A700ED0038018801DC0135029402F8026203D20325086408
0076++ ABE7             frq_184: 	
0077++ ABE7             		dw	184,256,332,413,499,589,685,787,894,1008,53+2048,117+2048
0077++ ABE7 B80000014C019D01F3014D02AD0213037E03F00335087508
0078++ ABFF             frq_187: 	
0079++ ABFF             		dw	187,259,336,417,502,593,689,791,899,1013,55+2048,119+2048
0079++ ABFF BB0003015001A101F6015102B10217038303F50337087708
0080++ AC17             frq_188: 	
0081++ AC17             		dw	188,260,336,417,503,593,690,792,899,1014,56+2048,120+2048
0081++ AC17 BC0004015001A101F7015102B20218038303F60338087808
0082++ AC2F             frq_191: 	
0083++ AC2F             		dw	191,263,340,421,507,598,694,796,905,1019,58+2048,123+2048
0083++ AC2F BF0007015401A501FB015602B6021C038903FB033A087B08
0084++ AC47             frq_192: 	
0085++ AC47             		dw	192,264,341,422,508,599,696,798,906,1021,59+2048,124+2048
0085++ AC47 C00008015501A601FC015702B8021E038A03FD033B087C08
0086++ AC5F             frq_195: 	
0087++ AC5F             		dw	195,267,344,425,512,603,700,802,911,1+2048,62+2048,126+2048
0087++ AC5F C3000B015801A90100025B02BC0222038F0301083E087E08
0088++ AC77             frq_202: 	
0089++ AC77             		dw	202,275,352,434,521,613,710,813,922,7+2048,68+2048,133+2048
0089++ AC77 CA0013016001B20109026502C6022D039A03070844088508
0090++ AC8F             frq_203: 	
0091++ AC8F             		dw	203,276,353,435,522,614,711,815,924,8+2048,69+2048,134+2048
0091++ AC8F CB0014016101B3010A026602C7022F039C03080845088608
0092++ ACA7             frq_204: 	
0093++ ACA7             		dw	204,277,354,436,523,615,712,815,925,8+2048,70+2048,135+2048
0093++ ACA7 CC0015016201B4010B026702C8022F039D03080846088708
0094++ ACBF             frq_206: 	
0095++ ACBF             		dw	206,279,356,438,525,618,715,819,928,10+2048,72+2048,137+2048
0095++ ACBF CE0017016401B6010D026A02CB023303A0030A0848088908
0096++ ACD7             frq_208: 	
0097++ ACD7             		dw	208,281,359,441,528,621,718,822,932,12+2048,74+2048,139+2048
0097++ ACD7 D00019016701B90110026D02CE023603A4030C084A088B08
0098++ ACEF             frq_211: 	
0099++ ACEF             		dw	211,284,362,445,532,624,722,826,936,14+2048,76+2048,142+2048
0099++ ACEF D3001C016A01BD0114027002D2023A03A8030E084C088E08
0100++ AD07             frq_214: 	
0101++ AD07             		dw	214,288,366,449,536,629,727,831,942,17+2048,79+2048,145+2048
0101++ AD07 D60020016E01C10118027502D7023F03AE0311084F089108
0102++ AD1F             frq_215: 	
0103++ AD1F             		dw	215,289,367,450,538,630,729,833,943,18+2048,80+2048,146+2048
0103++ AD1F D70021016F01C2011A027602D9024103AF03120850089208
0104++ AD37             frq_216: 	
0105++ AD37             		dw	216,289,368,450,538,631,729,834,944,19+2048,80+2048,146+2048
0105++ AD37 D80021017001C2011A027702D9024203B003130850089208
0106++ AD4F             frq_217: 	
0107++ AD4F             		dw	217,291,369,452,540,633,731,835,946,20+2048,82+2048,147+2048
0107++ AD4F D90023017101C4011C027902DB024303B203140852089308
0108++ AD67             frq_219: 	
0109++ AD67             		dw	219,293,372,455,543,636,734,839,950,22+2048,84+2048,150+2048
0109++ AD67 DB0025017401C7011F027C02DE024703B603160854089608
0110++ AD7F             frq_220: 	
0111++ AD7F             		dw	220,294,373,456,544,637,736,841,951,22+2048,85+2048,151+2048
0111++ AD7F DC0026017501C80120027D02E0024903B703160855089708
0112++ AD97             frq_221: 	
0113++ AD97             		dw	221,296,374,457,545,639,737,842,953,23+2048,86+2048,152+2048
0113++ AD97 DD0028017601C90121027F02E1024A03B903170856089808
0114++ ADAF             frq_228: 	
0115++ ADAF             		dw	228,302,381,465,553,647,747,852,963,29+2048,91+2048,158+2048
0115++ ADAF E4002E017D01D10129028702EB025403C3031D085B089E08
0116++ ADC7             frq_231: 	
0117++ ADC7             		dw	231,305,384,468,557,651,750,856,967,31+2048,94+2048,160+2048
0117++ ADC7 E70031018001D4012D028B02EE025803C7031F085E08A008
0118++ ADDF             frq_242: 	
0119++ ADDF             		dw	242,317,397,481,571,666,766,873,985,40+2048,104+2048,171+2048
0119++ ADDF F2003D018D01E1013B029A02FE026903D90328086808AB08
0120++ ADF7             frq_254: 	
0121++ ADF7             		dw	254,330,410,495,586,681,783,890,1004,50+2048,114+2048,182+2048
0121++ ADF7 FE004A019A01EF014A02A9020F037A03EC0332087208B608
0122++ AE0F             frq_261: 	
0123++ AE0F             		dw	261,337,418,504,595,691,793,901,1016,56+2048,121+2048,189+2048
0123++ AE0F 05015101A201F8015302B30219038503F80338087908BD08
0124++ AE27             frq_264: 	
0125++ AE27             		dw	264,341,422,508,599,695,797,906,1020,59+2048,123+2048,192+2048
0125++ AE27 08015501A601FC015702B7021D038A03FC033B087B08C008
0126++ AE3F             frq_273: 	
0127++ AE3F             		dw	273,350,432,519,610,708,810,920,6+2048,67+2048,132+2048,200+2048
0127++ AE3F 11015E01B00107026202C4022A039803060843088408C808
0128++ AE57             frq_274: 	
0129++ AE57             		dw	274,351,433,519,611,708,811,920,6+2048,67+2048,132+2048,201+2048
0129++ AE57 12015F01B10107026302C4022B039803060843088408C908
0130++ AE6F             frq_282: 	
0131++ AE6F             		dw	282,360,442,529,621,719,823,933,13+2048,74+2048,139+2048,209+2048
0131++ AE6F 1A016801BA0111026D02CF023703A5030D084A088B08D108
0132++ AE87             frq_286: 	
0133++ AE87             		dw	286,363,446,533,626,724,828,938,15+2048,77+2048,143+2048,212+2048
0133++ AE87 1E016B01BE0115027202D4023C03AA030F084D088F08D408
0134++ AE9F             frq_287: 	
0135++ AE9F             		dw	287,365,447,535,627,726,830,940,16+2048,78+2048,144+2048,213+2048
0135++ AE9F 1F016D01BF0117027302D6023E03AC0310084E089008D508
0136++ AEB7             frq_288: 	
0137++ AEB7             		dw	288,366,449,536,629,727,831,942,17+2048,79+2048,145+2048,214+2048
0137++ AEB7 20016E01C10118027502D7023F03AE0311084F089108D608
0138++ AECF             frq_290: 	
0139++ AECF             		dw	290,368,451,539,632,730,835,945,19+2048,81+2048,147+2048,216+2048
0139++ AECF 22017001C3011B027802DA024303B103130851089308D808
0140++ AEE7             frq_291: 	
0141++ AEE7             		dw	291,370,453,540,633,731,836,946,20+2048,82+2048,148+2048,217+2048
0141++ AEE7 23017201C5011C027902DB024403B203140852089408D908
0142++ AEFF             frq_299: 	
0143++ AEFF             		dw	299,378,461,550,643,742,848,959,26+2048,89+2048,155+2048,225+2048
0143++ AEFF 2B017A01CD0126028302E6025003BF031A0859089B08E108
0144++ AF17             frq_311: 	
0145++ AF17             		dw	311,391,475,564,658,758,864,977,36+2048,99+2048,166+2048,236+2048
0145++ AF17 37018701DB0134029202F6026003D10324086308A608EC08
0146++ AF2F             frq_314: 	
0147++ AF2F             		dw	314,394,478,567,662,762,868,981,38+2048,101+2048,168+2048,239+2048
0147++ AF2F 3A018A01DE0137029602FA026403D50326086508A808EF08
0148++ AF47             frq_317: 	
0149++ AF47             		dw	317,397,481,571,666,766,873,986,41+2048,104+2048,171+2048,242+2048
0149++ AF47 3D018D01E1013B029A02FE026903DA0329086808AB08F208
0150++ AF5F             frq_333: 	
0151++ AF5F             		dw	333,414,500,590,686,788,896,1010,53+2048,117+2048,185+2048,257+2048
0151++ AF5F 4D019E01F4014E02AE0214038003F20335087508B9080109
0152++ AF77             frq_335: 	
0153++ AF77             		dw	335,416,502,593,689,791,899,1013,55+2048,119+2048,187+2048,259+2048
0153++ AF77 4F01A001F6015102B10217038303F50337087708BB080309
0154++ AF8F             frq_338: 	
0155++ AF8F             		dw	338,419,505,596,692,794,902,1016,56+2048,121+2048,189+2048,261+2048
0155++ AF8F 5201A301F9015402B4021A038603F80338087908BD080509
0156++ AFA7             frq_340: 	
0157++ AFA7             		dw	340,421,507,598,694,796,905,1019,58+2048,123+2048,191+2048,263+2048
0157++ AFA7 5401A501FB015602B6021C038903FB033A087B08BF080709
0158++ AFBF             frq_341: 	
0159++ AFBF             		dw	341,422,508,599,696,798,906,1021,59+2048,124+2048,192+2048,264+2048
0159++ AFBF 5501A601FC015702B8021E038A03FD033B087C08C0080809
0160++ AFD7             frq_342: 	
0161++ AFD7             		dw	342,423,509,600,697,799,907,1022,60+2048,125+2048,193+2048,265+2048
0161++ AFD7 5601A701FD015802B9021F038B03FE033C087D08C1080909
0162++ AFEF             frq_343: 	
0163++ AFEF             		dw	343,425,511,602,699,801,910,0+2048,61+2048,126+2048,195+2048,267+2048
0163++ AFEF 5701A901FF015A02BB0221038E0300083D087E08C3080B09
0164++ B007             frq_345: 	
0165++ B007             		dw	345,427,513,604,701,804,913,2+2048,63+2048,127+2048,196+2048,268+2048
0165++ B007 5901AB0101025C02BD022403910302083F087F08C4080C09
0166++ B01F             frq_348: 	
0167++ B01F             		dw	348,429,516,607,704,806,915,3+2048,64+2048,129+2048,198+2048,271+2048
0167++ B01F 5C01AD0104025F02C00226039303030840088108C6080F09
0168++ B037             frq_350: 	
0169++ B037             		dw	350,430,518,609,705,808,917,4+2048,65+2048,130+2048,199+2048,272+2048
0169++ B037 5E01AE0106026102C10228039503040841088208C7081009
0170++ B04F             frq_352: 	
0171++ B04F             		dw	352,434,521,613,710,813,922,7+2048,68+2048,133+2048,202+2048,275+2048
0171++ B04F 6001B20109026502C6022D039A03070844088508CA081309
0172++ B067             frq_354: 	
0173++ B067             		dw	354,436,523,615,712,815,925,8+2048,70+2048,135+2048,204+2048,277+2048
0173++ B067 6201B4010B026702C8022F039D03080846088708CC081509
0174++ B07F             frq_355: 	
0175++ B07F             		dw	355,437,524,616,713,816,926,9+2048,70+2048,135+2048,204+2048,277+2048
0175++ B07F 6301B5010C026802C90230039E03090846088708CC081509
0176++ B097             frq_356: 	
0177++ B097             		dw	356,438,525,617,714,818,927,10+2048,71+2048,136+2048,205+2048,278+2048
0177++ B097 6401B6010D026902CA0232039F030A0847088808CD081609
0178++ B0AF             frq_357: 	
0179++ B0AF             		dw	357,439,526,618,716,820,929,11+2048,72+2048,137+2048,206+2048,279+2048
0179++ B0AF 6501B7010E026A02CC023403A1030B0848088908CE081709
0180++ B0C7             frq_358: 	
0181++ B0C7             		dw	358,441,528,620,718,821,931,12+2048,73+2048,138+2048,207+2048,281+2048
0181++ B0C7 6601B90110026C02CE023503A3030C0849088A08CF081909
0182++ B0DF             frq_360: 	
0183++ B0DF             		dw	360,443,530,622,720,824,934,13+2048,75+2048,140+2048,209+2048,283+2048
0183++ B0DF 6801BB0112026E02D0023803A6030D084B088C08D1081B09
0184++ B0F7             frq_361: 	
0185++ B0F7             		dw	361,443,531,623,722,825,935,14+2048,76+2048,141+2048,211+2048,284+2048
0185++ B0F7 6901BB0113026F02D2023903A7030E084C088D08D3081C09
0186++ B10F             frq_363: 	
0187++ B10F             		dw	363,445,533,625,723,827,937,15+2048,77+2048,142+2048,211+2048,285+2048
0187++ B10F 6B01BD0115027102D3023B03A9030F084D088E08D3081D09
0188++ B127             frq_364: 	
0189++ B127             		dw	364,447,534,627,725,829,939,16+2048,78+2048,144+2048,213+2048,286+2048
0189++ B127 6C01BF0116027302D5023D03AB0310084E089008D5081E09
0190++ B13F             frq_365: 	
0191++ B13F             		dw	365,447,535,627,726,830,940,16+2048,78+2048,144+2048,213+2048,287+2048
0191++ B13F 6D01BF0117027302D6023E03AC0310084E089008D5081F09
0192++ B157             frq_366: 	
0193++ B157             		dw	366,449,536,629,727,831,942,17+2048,79+2048,145+2048,214+2048,288+2048
0193++ B157 6E01C10118027502D7023F03AE0311084F089108D6082009
0194++ B16F             frq_367: 	
0195++ B16F             		dw	367,450,537,630,729,833,943,18+2048,80+2048,146+2048,216+2048,289+2048
0195++ B16F 6F01C20119027602D9024103AF03120850089208D8082109
0196++ B187             frq_369: 	
0197++ B187             		dw	369,452,540,633,731,835,946,20+2048,82+2048,147+2048,217+2048,291+2048
0197++ B187 7101C4011C027902DB024303B203140852089308D9082309
0198++ B19F             frq_370: 	
0199++ B19F             		dw	370,453,541,634,732,837,947,20+2048,82+2048,148+2048,218+2048,292+2048
0199++ B19F 7201C5011D027A02DC024503B303140852089408DA082409
0200++ B1B7             frq_373: 	
0201++ B1B7             		dw	373,457,545,638,737,841,952,23+2048,85+2048,151+2048,221+2048,295+2048
0201++ B1B7 7501C90121027E02E1024903B803170855089708DD082709
0202++ B1CF             frq_378: 	
0203++ B1CF             		dw	378,462,550,644,743,848,959,27+2048,89+2048,155+2048,225+2048,300+2048
0203++ B1CF 7A01CE0126028402E7025003BF031B0859089B08E1082C09
0204++ B1E7             frq_379: 	
0205++ B1E7             		dw	378,463,551,645,744,849,960,27+2048,90+2048,156+2048,226+2048,300+2048
0205++ B1E7 7A01CF0127028502E8025103C0031B085A089C08E2082C09
0206++ B1FF             frq_381: 	
0207++ B1FF             		dw	381,465,553,647,747,852,963,29+2048,91+2048,158+2048,228+2048,302+2048
0207++ B1FF 7D01D10129028702EB025403C3031D085B089E08E4082E09
0208++ B217             frq_385: 	
0209++ B217             		dw	385,469,558,652,752,857,969,32+2048,95+2048,161+2048,232+2048,306+2048
0209++ B217 8101D5012E028C02F0025903C90320085F08A108E8083209
0210++ B22F             frq_433: 	
0211++ B22F             		dw	433,520,612,709,812,921,7+2048,68+2048,133+2048,202+2048,274+2048,352+2048
0211++ B22F B10108026402C5022C039903070844088508CA0812096009
0212++ B247             frq_434: 	
0213++ B247             		dw	434,521,613,710,813,922,7+2048,68+2048,133+2048,202+2048,275+2048,352+2048
0213++ B247 B20109026502C6022D039A03070844088508CA0813096009
0214++ B25F             frq_436: 	
0215++ B25F             		dw	436,523,615,712,815,925,8+2048,70+2048,135+2048,204+2048,277+2048,354+2048
0215++ B25F B4010B026702C8022F039D03080846088708CC0815096209
0216++ B277             frq_442: 	
0217++ B277             		dw	442,529,621,719,823,933,12+2048,74+2048,139+2048,209+2048,282+2048,360+2048
0217++ B277 BA0111026D02CF023703A5030C084A088B08D1081A096809
0218++ B28F             frq_443: 	
0219++ B28F             		dw	443,530,622,720,824,934,13+2048,75+2048,140+2048,209+2048,283+2048,360+2048
0219++ B28F BB0112026E02D0023803A6030D084B088C08D1081B096809
0220++ B2A7             frq_445: 	
0221++ B2A7             		dw	445,532,624,723,826,936,14+2048,76+2048,142+2048,211+2048,284+2048,362+2048
0221++ B2A7 BD0114027002D3023A03A8030E084C088E08D3081C096A09
0222++ B2BF             frq_448: 	
0223++ B2BF             		dw	448,535,628,726,830,941,17+2048,79+2048,144+2048,214+2048,287+2048,365+2048
0223++ B2BF C00117027402D6023E03AD0311084F089008D6081F096D09
0224++ B2D7             frq_450: 	
0225++ B2D7             		dw	450,538,631,730,834,944,19+2048,81+2048,146+2048,216+2048,290+2048,368+2048
0225++ B2D7 C2011A027702DA024203B003130851089208D80822097009
0226++ B2EF             frq_455: 	
0227++ B2EF             		dw	455,543,637,735,840,951,22+2048,84+2048,150+2048,220+2048,294+2048,372+2048
0227++ B2EF C7011F027D02DF024803B703160854089608DC0826097409
0228++ B307             frq_459: 	
0229++ B307             		dw	459,547,640,739,844,955,24+2048,87+2048,153+2048,223+2048,297+2048,375+2048
0229++ B307 CB0123028002E3024C03BB03180857089908DF0829097709
0230++ B31F             frq_460: 	
0231++ B31F             		dw	460,548,641,740,845,957,25+2048,88+2048,154+2048,224+2048,298+2048,376+2048
0231++ B31F CC0124028102E4024D03BD03190858089A08E0082A097809
0232++ B337             frq_461: 	
0233++ B337             		dw	461,549,642,741,846,958,26+2048,88+2048,154+2048,224+2048,299+2048,377+2048
0233++ B337 CD0125028202E5024E03BE031A0858089A08E0082B097909
0234++ B34F             frq_462: 	
0235++ B34F             		dw	462,550,644,743,848,959,27+2048,89+2048,155+2048,225+2048,300+2048,378+2048
0235++ B34F CE0126028402E7025003BF031B0859089B08E1082C097A09
0236++ B367             frq_480: 	
0237++ B367             		dw	480,569,664,764,870,983,39+2048,102+2048,169+2048,240+2048,316+2048,395+2048
0237++ B367 E00139029802FC026603D70327086608A908F0083C098B09
0238++ B37F             frq_507: 	
0239++ B37F             		dw	507,598,694,796,905,1019,58+2048,123+2048,191+2048,263+2048,340+2048,421+2048
0239++ B37F FB015602B6021C038903FB033A087B08BF0807095409A509
0240++ B397             frq_508: 	
0241++ B397             		dw	508,599,695,797,905,1019,58+2048,123+2048,191+2048,264+2048,341+2048,422+2048
0241++ B397 FC015702B7021D038903FB033A087B08BF0808095509A609
0242++ B3AF             frq_519: 	
0243++ B3AF             		dw	519,611,708,811,920,6+2048,67+2048,132+2048,201+2048,274+2048,351+2048,433+2048
0243++ B3AF 07026302C4022B039803060843088408C90812095F09B109
0244++ B3C7             frq_531: 	
0245++ B3C7             		dw	531,623,721,825,935,14+2048,76+2048,141+2048,210+2048,284+2048,362+2048,444+2048
0245++ B3C7 13026F02D1023903A7030E084C088D08D2081C096A09BC09
0246++ B3DF             frq_532: 	
0247++ B3DF             		dw	532,624,722,826,936,14+2048,76+2048,141+2048,211+2048,284+2048,362+2048,445+2048
0247++ B3DF 14027002D2023A03A8030E084C088D08D3081C096A09BD09
0248++ B3F7             frq_538: 	
0249++ B3F7             		dw	538,631,730,834,944,19+2048,81+2048,146+2048,216+2048,290+2048,368+2048,451+2048
0249++ B3F7 1A027702DA024203B003130851089208D80822097009C309
0250++ B40F             frq_545: 	
0251++ B40F             		dw	545,639,737,842,953,23+2048,86+2048,152+2048,221+2048,296+2048,374+2048,457+2048
0251++ B40F 21027F02E1024A03B903170856089808DD0828097609C909
0252++ B427             frq_548: 	
0253++ B427             		dw	548,642,741,846,957,25+2048,88+2048,154+2048,224+2048,298+2048,377+2048,460+2048
0253++ B427 24028202E5024E03BD03190858089A08E0082A097909CC09
0254++ B43F             frq_550: 	
0255++ B43F             		dw	550,643,742,848,959,26+2048,89+2048,155+2048,225+2048,299+2048,378+2048,461+2048
0255++ B43F 26028302E6025003BF031A0859089B08E1082B097A09CD09
0256++ B457             frq_552: 	
0257++ B457             		dw	552,645,745,850,961,28+2048,90+2048,156+2048,227+2048,301+2048,380+2048,463+2048
0257++ B457 28028502E9025203C1031C085A089C08E3082D097C09CF09
0258++ B46F             frq_555: 	
0259++ B46F             		dw	555,648,748,853,965,30+2048,92+2048,159+2048,229+2048,304+2048,383+2048,467+2048
0259++ B46F 2B028802EC025503C5031E085C089F08E50830097F09D309
0260++ B487             frq_556: 	
0261++ B487             		dw	556,650,749,855,967,30+2048,93+2048,160+2048,231+2048,305+2048,384+2048,467+2048
0261++ B487 2C028A02ED025703C7031E085D08A008E70831098009D309
0262++ B49F             frq_557: 	
0263++ B49F             		dw	557,651,750,856,967,31+2048,94+2048,160+2048,231+2048,305+2048,384+2048,468+2048
0263++ B49F 2D028B02EE025803C7031F085E08A008E70831098009D409
0264++ B4B7             frq_558: 	
0265++ B4B7             		dw	558,652,752,857,969,32+2048,95+2048,161+2048,232+2048,306+2048,385+2048,469+2048
0265++ B4B7 2E028C02F0025903C90320085F08A108E80832098109D509
0266++ B4CF             frq_559: 	
0267++ B4CF             		dw	559,653,753,858,970,32+2048,95+2048,162+2048,232+2048,307+2048,386+2048,470+2048
0267++ B4CF 2F028D02F1025A03CA0320085F08A208E80833098209D609
0268++ B4E7             frq_560: 	
0269++ B4E7             		dw	560,654,753,859,971,33+2048,96+2048,162+2048,233+2048,308+2048,387+2048,471+2048
0269++ B4E7 30028E02F1025B03CB0321086008A208E90834098309D709
0270++ B4FF             frq_579: 	
0271++ B4FF             		dw	579,674,775,882,996,46+2048,110+2048,177+2048,248+2048,324+2048,404+2048,489+2048
0271++ B4FF 4302A20207037203E4032E086E08B108F80844099409E909
0272++ B517             frq_616: 	
0273++ B517             		dw	616,713,816,926,9+2048,70+2048,135+2048,204+2048,277+2048,355+2048,437+2048,524+2048
0273++ B517 6802C90230039E03090846088708CC0815096309B5090C0A
0274++ B52F             frq_627: 	
0275++ B52F             		dw	627,725,829,939,16+2048,78+2048,143+2048,213+2048,286+2048,364+2048,447+2048,534+2048
0275++ B52F 7302D5023D03AB0310084E088F08D5081E096C09BF09160A
0276++ B547             frq_630: 	
0277++ B547             		dw	630,729,833,943,18+2048,80+2048,146+2048,215+2048,289+2048,367+2048,450+2048,538+2048
0277++ B547 7602D9024103AF03120850089208D70821096F09C2091A0A
0278++ B55F             frq_639: 	
0279++ B55F             		dw	639,738,843,954,24+2048,86+2048,152+2048,222+2048,296+2048,375+2048,458+2048,546+2048
0279++ B55F 7F02E2024B03BA03180856089808DE0828097709CA09220A
0280++ B577             frq_641: 	
0281++ B577             		dw	641,740,845,957,25+2048,88+2048,154+2048,224+2048,298+2048,376+2048,460+2048,548+2048
0281++ B577 8102E4024D03BD03190858089A08E0082A097809CC09240A
0282++ B58F             frq_645: 	
0283++ B58F             		dw	645,744,849,960,27+2048,90+2048,156+2048,226+2048,300+2048,380+2048,463+2048,552+2048
0283++ B58F 8502E8025103C0031B085A089C08E2082C097C09CF09280A
0284++ B5A7             frq_650: 	
0285++ B5A7             		dw	650,749,855,967,30+2048,93+2048,160+2048,230+2048,305+2048,384+2048,467+2048,556+2048
0285++ B5A7 8A02ED025703C7031E085D08A008E60831098009D3092C0A
0286++ B5BF             frq_653: 	
0287++ B5BF             		dw	653,753,858,970,32+2048,95+2048,162+2048,232+2048,307+2048,386+2048,470+2048,559+2048
0287++ B5BF 8D02F1025A03CA0320085F08A208E80833098209D6092F0A
0288++ B5D7             frq_654: 	
0289++ B5D7             		dw	654,754,859,971,33+2048,96+2048,163+2048,233+2048,308+2048,387+2048,471+2048,560+2048
0289++ B5D7 8E02F2025B03CB0321086008A308E90834098309D709300A
0290++ B5EF             frq_677: 	
0291++ B5EF             		dw	677,778,886,999,48+2048,112+2048,179+2048,251+2048,326+2048,407+2048,492+2048,582+2048
0291++ B5EF A5020A037603E70330087008B308FB0846099709EC09460A
0292++ B607             frq_679: 	
0293++ B607             		dw	679,781,888,1002,49+2048,113+2048,180+2048,252+2048,328+2048,408+2048,494+2048,584+2048
0293++ B607 A7020D037803EA0331087108B408FC0848099809EE09480A
0294++ B61F             frq_698: 	
0295++ B61F             		dw	698,801,909,0+2048,61+2048,125+2048,194+2048,266+2048,343+2048,424+2048,510+2048,601+2048
0295++ B61F BA0221038D0300083D087D08C2080A095709A809FE09590A
0296++ B637             frq_701: 	
0297++ B637             		dw	701,805,913,2+2048,63+2048,127+2048,196+2048,268+2048,345+2048,427+2048,513+2048,604+2048
0297++ B637 BD022503910302083F087F08C4080C095909AB09010A5C0A
0298++ B64F             frq_704: 	
0299++ B64F             		dw	704,807,916,4+2048,65+2048,130+2048,198+2048,271+2048,348+2048,429+2048,516+2048,607+2048
0299++ B64F C00227039403040841088208C6080F095C09AD09040A5F0A
0300++ B667             frq_708: 	
0301++ B667             		dw	708,810,920,6+2048,67+2048,132+2048,200+2048,273+2048,350+2048,432+2048,519+2048,610+2048
0301++ B667 C4022A039803060843088408C80811095E09B009070A620A
0302++ B67F             frq_715: 	
0303++ B67F             		dw	715,819,928,10+2048,72+2048,137+2048,206+2048,279+2048,356+2048,438+2048,525+2048,618+2048
0303++ B67F CB023303A0030A0848088908CE0817096409B6090D0A6A0A
0304++ B697             frq_721: 	
0305++ B697             		dw	721,825,935,13+2048,75+2048,141+2048,210+2048,283+2048,361+2048,443+2048,530+2048,623+2048
0305++ B697 D1023903A7030D084B088D08D2081B096909BB09120A6F0A
0306++ B6AF             frq_726: 	
0307++ B6AF             		dw	726,830,941,17+2048,79+2048,144+2048,214+2048,287+2048,365+2048,448+2048,535+2048,628+2048
0307++ B6AF D6023E03AD0311084F089008D6081F096D09C009170A740A
0308++ B6C7             frq_727: 	
0309++ B6C7             		dw	727,831,942,18+2048,80+2048,145+2048,215+2048,288+2048,367+2048,449+2048,536+2048,629+2048
0309++ B6C7 D7023F03AE03120850089108D70820096F09C109180A750A
0310++ B6DF             frq_733: 	
0311++ B6DF             		dw	733,838,949,21+2048,83+2048,149+2048,219+2048,293+2048,371+2048,454+2048,542+2048,635+2048
0311++ B6DF DD024603B503150853089508DB0825097309C6091E0A7B0A
0312++ B6F7             frq_737: 	
0313++ B6F7             		dw	737,842,953,23+2048,86+2048,152+2048,221+2048,296+2048,374+2048,457+2048,545+2048,639+2048
0313++ B6F7 E1024A03B903170856089808DD0828097609C909210A7F0A
0314++ B70F             frq_750: 	
0315++ B70F             		dw	750,855,967,31+2048,93+2048,160+2048,230+2048,305+2048,384+2048,467+2048,556+2048,650+2048
0315++ B70F EE025703C7031F085D08A008E60831098009D3092C0A8A0A
0316++ B727             frq_775: 	
0317++ B727             		dw	775,882,996,46+2048,110+2048,177+2048,248+2048,324+2048,404+2048,489+2048,579+2048,674+2048
0317++ B727 07037203E4032E086E08B108F80844099409E909430AA20A
0318++ B73F             frq_809: 	
0319++ B73F             		dw	809,918,5+2048,66+2048,131+2048,199+2048,272+2048,349+2048,431+2048,517+2048,609+2048,706+2048
0319++ B73F 29039603050842088308C70810095D09AF09050A610AC20A
0320++ B757             frq_810: 	
0321++ B757             		dw	810,919,5+2048,66+2048,131+2048,200+2048,273+2048,350+2048,431+2048,518+2048,610+2048,707+2048
0321++ B757 2A039703050842088308C80811095E09AF09060A620AC30A
0322++ B76F             frq_811: 	
0323++ B76F             		dw	811,920,6+2048,67+2048,132+2048,201+2048,274+2048,351+2048,433+2048,519+2048,611+2048,708+2048
0323++ B76F 2B039803060843088408C90812095F09B109070A630AC40A
0324++ B787             frq_815: 	
0325++ B787             		dw	815,925,8+2048,70+2048,135+2048,204+2048,277+2048,354+2048,436+2048,523+2048,615+2048,712+2048
0325++ B787 2F039D03080846088708CC0815096209B4090B0A670AC80A
0326++ B79F             frq_820: 	
0327++ B79F             		dw	820,929,11+2048,72+2048,137+2048,206+2048,280+2048,357+2048,439+2048,526+2048,618+2048,716+2048
0327++ B79F 3403A1030B0848088908CE0818096509B7090E0A6A0ACC0A
0328++ B7B7             frq_822: 	
0329++ B7B7             		dw	822,932,12+2048,73+2048,139+2048,208+2048,281+2048,359+2048,441+2048,528+2048,620+2048,718+2048
0329++ B7B7 3603A4030C0849088B08D00819096709B909100A6C0ACE0A
0330++ B7CF             frq_823: 	
0331++ B7CF             		dw	823,933,13+2048,74+2048,139+2048,209+2048,282+2048,360+2048,442+2048,529+2048,621+2048,719+2048
0331++ B7CF 3703A5030D084A088B08D1081A096809BA09110A6D0ACF0A
0332++ B7E7             frq_824: 	
0333++ B7E7             		dw	824,934,13+2048,75+2048,140+2048,209+2048,283+2048,360+2048,443+2048,530+2048,622+2048,720+2048
0333++ B7E7 3803A6030D084B088C08D1081B096809BB09120A6E0AD00A
0334++ B7FF             frq_828: 	
0335++ B7FF             		dw	828,938,15+2048,77+2048,143+2048,212+2048,286+2048,363+2048,446+2048,533+2048,626+2048,724+2048
0335++ B7FF 3C03AA030F084D088F08D4081E096B09BE09150A720AD40A
0336++ B817             frq_831: 	
0337++ B817             		dw	831,942,17+2048,79+2048,145+2048,214+2048,288+2048,366+2048,449+2048,536+2048,629+2048,727+2048
0337++ B817 3F03AE0311084F089108D60820096E09C109180A750AD70A
0338++ B82F             frq_832: 	
0339++ B82F             		dw	832,942,18+2048,80+2048,145+2048,215+2048,288+2048,367+2048,449+2048,537+2048,630+2048,728+2048
0339++ B82F 4003AE03120850089108D70820096F09C109190A760AD80A
0340++ B847             frq_833: 	
0341++ B847             		dw	833,943,18+2048,80+2048,146+2048,215+2048,289+2048,367+2048,450+2048,538+2048,630+2048,729+2048
0341++ B847 4103AF03120850089208D70821096F09C2091A0A760AD90A
0342++ B85F             frq_835: 	
0343++ B85F             		dw	835,946,20+2048,82+2048,147+2048,217+2048,291+2048,369+2048,452+2048,540+2048,633+2048,731+2048
0343++ B85F 4303B203140852089308D90823097109C4091C0A790ADB0A
0344++ B877             frq_842: 	
0345++ B877             		dw	842,953,23+2048,86+2048,152+2048,222+2048,296+2048,374+2048,457+2048,545+2048,639+2048,737+2048
0345++ B877 4A03B903170856089808DE0828097609C909210A7F0AE10A
0346++ B88F             frq_843: 	
0347++ B88F             		dw	843,954,24+2048,86+2048,152+2048,222+2048,296+2048,375+2048,458+2048,546+2048,639+2048,738+2048
0347++ B88F 4B03BA03180856089808DE0828097709CA09220A7F0AE20A
0348++ B8A7             frq_844: 	
0349++ B8A7             		dw	844,955,24+2048,87+2048,153+2048,223+2048,297+2048,375+2048,459+2048,547+2048,640+2048,739+2048
0349++ B8A7 4C03BB03180857089908DF0829097709CB09230A800AE30A
0350++ B8BF             frq_847: 	
0351++ B8BF             		dw	847,959,26+2048,89+2048,155+2048,225+2048,299+2048,378+2048,461+2048,550+2048,643+2048,742+2048
0351++ B8BF 4F03BF031A0859089B08E1082B097A09CD09260A830AE60A
0352++ B8D7             frq_852: 	
0353++ B8D7             		dw	852,964,29+2048,92+2048,158+2048,228+2048,303+2048,382+2048,465+2048,554+2048,648+2048,747+2048
0353++ B8D7 5403C4031D085C089E08E4082F097E09D1092A0A880AEB0A
0354++ B8EF             frq_874: 	
0355++ B8EF             		dw	874,986,41+2048,104+2048,171+2048,243+2048,318+2048,398+2048,482+2048,572+2048,667+2048,767+2048
0355++ B8EF 6A03DA0329086808AB08F3083E098E09E2093C0A9B0AFF0A
0356++ B907             frq_908: 	
0357++ B907             		dw	908,1023,60+2048,125+2048,193+2048,265+2048,342+2048,423+2048,509+2048,601+2048,697+2048,800+2048
0357++ B907 8C03FF033C087D08C10809095609A709FD09590AB90A200B
0358++ B91F             frq_909: 	
0359++ B91F             		dw	909,0+2048,61+1025,125+2048,194+2048,266+2048,343+2048,424+2048,510+2048,601+2048,698+2048,801+2048
0359++ B91F 8D0300083E047D08C2080A095709A809FE09590ABA0A210B
0360++ B937             frq_916: 	
0361++ B937             		dw	916,4+2048,65+2048,130+2048,198+2048,271+2048,347+2048,429+2048,515+2048,607+2048,704+2048,807+2048
0361++ B937 9403040841088208C6080F095B09AD09030A5F0AC00A270B
0362++ B94F             frq_918: 	
0363++ B94F             		dw	918,5+2048,66+2048,131+2048,199+2048,272+2048,349+2048,431+2048,517+2048,609+2048,706+2048,809+2048
0363++ B94F 9603050842088308C70810095D09AF09050A610AC20A290B
0364++ B967             frq_920: 	
0365++ B967             		dw	920,6+2048,67+2048,132+2048,201+2048,274+2048,351+2048,433+2048,519+2048,611+2048,708+2048,811+2048
0365++ B967 9803060843088408C90812095F09B109070A630AC40A2B0B
0366++ B97F             frq_921: 	
0367++ B97F             		dw	921,7+2048,68+2048,133+2048,202+2048,274+2048,352+2048,433+2048,520+2048,612+2048,709+2048,812+2048
0367++ B97F 9903070844088508CA0812096009B109080A640AC50A2C0B
0368++ B997             frq_925: 	
0369++ B997             		dw	925,8+2048,70+2048,135+2048,204+2048,277+2048,354+2048,436+2048,523+2048,615+2048,712+2048,815+2048
0369++ B997 9D03080846088708CC0815096209B4090B0A670AC80A2F0B
0370++ B9AF             frq_926: 	
0371++ B9AF             		dw	926,9+2048,70+2048,135+2048,204+2048,277+2048,355+2048,437+2048,523+2048,615+2048,713+2048,816+2048
0371++ B9AF 9E03090846088708CC0815096309B5090B0A670AC90A300B
0372++ B9C7             frq_927: 	
0373++ B9C7             		dw	927,10+2048,71+2048,136+2048,205+2048,278+2048,356+2048,438+2048,525+2048,617+2048,715+2048,818+2048
0373++ B9C7 9F030A0847088808CD0816096409B6090D0A690ACB0A320B
0374++ B9DF             frq_929: 	
0375++ B9DF             		dw	929,11+2048,72+2048,137+2048,206+2048,280+2048,357+2048,439+2048,526+2048,618+2048,716+2048,820+2048
0375++ B9DF A1030B0848088908CE0818096509B7090E0A6A0ACC0A340B
0376++ B9F7             frq_931: 	
0377++ B9F7             		dw	931,12+2048,73+2048,138+2048,208+2048,281+2048,358+2048,441+2048,528+2048,620+2048,718+2048,821+2048
0377++ B9F7 A3030C0849088A08D00819096609B909100A6C0ACE0A350B
0378++ BA0F             frq_935: 	
0379++ BA0F             		dw	935,13+2048,75+2048,141+2048,210+2048,283+2048,361+2048,443+2048,530+2048,623+2048,721+2048,825+2048
0379++ BA0F A7030D084B088D08D2081B096909BB09120A6F0AD10A390B
0380++ BA27             frq_936: 	
0381++ BA27             		dw	936,14+2048,76+2048,142+2048,211+2048,284+2048,362+2048,444+2048,532+2048,624+2048,722+2048,826+2048
0381++ BA27 A8030E084C088E08D3081C096A09BC09140A700AD20A3A0B
0382++ BA3F             frq_937: 	
0383++ BA3F             		dw	937,15+2048,77+2048,142+2048,211+2048,285+2048,363+2048,445+2048,533+2048,625+2048,723+2048,827+2048
0383++ BA3F A9030F084D088E08D3081D096B09BD09150A710AD30A3B0B
0384++ BA57             frq_939: 	
0385++ BA57             		dw	939,16+2048,78+2048,143+2048,213+2048,286+2048,364+2048,447+2048,534+2048,627+2048,725+2048,829+2048
0385++ BA57 AB0310084E088F08D5081E096C09BF09160A730AD50A3D0B
0386++ BA6F             frq_941: 	
0387++ BA6F             		dw	941,17+2048,79+2048,144+2048,214+2048,287+2048,365+2048,448+2048,535+2048,628+2048,726+2048,830+2048
0387++ BA6F AD0311084F089008D6081F096D09C009170A740AD60A3E0B
0388++ BA87             frq_942: 	
0389++ BA87             		dw	942,18+2048,80+2048,145+2048,215+2048,288+2048,367+2048,449+2048,537+2048,630+2048,728+2048,832+2048
0389++ BA87 AE03120850089108D70820096F09C109190A760AD80A400B
0390++ BA9F             frq_944: 	
0391++ BA9F             		dw	944,19+2048,80+2048,146+2048,216+2048,289+2048,368+2048,450+2048,538+2048,631+2048,729+2048,834+2048
0391++ BA9F B003130850089208D80821097009C2091A0A770AD90A420B
0392++ BAB7             frq_949: 	
0393++ BAB7             		dw	949,21+2048,83+2048,149+2048,218+2048,292+2048,371+2048,454+2048,542+2048,635+2048,733+2048,838+2048
0393++ BAB7 B503150853089508DA0824097309C6091E0A7B0ADD0A460B
0394++ BACF             frq_950: 	
0395++ BACF             		dw	950,22+2048,84+2048,150+2048,219+2048,293+2048,372+2048,455+2048,543+2048,636+2048,734+2048,839+2048
0395++ BACF B603160854089608DB0825097409C7091F0A7C0ADE0A470B
0396++ BAE7             frq_951: 	
0397++ BAE7             		dw	951,22+2048,85+2048,151+2048,220+2048,294+2048,372+2048,456+2048,543+2048,637+2048,736+2048,841+2048
0397++ BAE7 B703160855089708DC0826097409C8091F0A7D0AE00A490B
0398++ BAFF             frq_952: 	
0399++ BAFF             		dw	952,23+2048,85+2048,151+2048,221+2048,295+2048,373+2048,456+2048,544+2048,638+2048,736+2048,841+2048
0399++ BAFF B803170855089708DD0827097509C809200A7E0AE00A490B
0400++ BB17             frq_953: 	
0401++ BB17             		dw	953,23+2048,86+2048,152+2048,221+2048,296+2048,374+2048,457+2048,545+2048,639+2048,737+2048,842+2048
0401++ BB17 B903170856089808DD0828097609C909210A7F0AE10A4A0B
0402++ BB2F             frq_964: 	
0403++ BB2F             		dw	964,29+2048,92+2048,158+2048,228+2048,303+2048,382+2048,466+2048,554+2048,648+2048,747+2048,852+2048
0403++ BB2F C4031D085C089E08E4082F097E09D2092A0A880AEB0A540B
0404++ BB47             frq_966: 	
0405++ BB47             		dw	966,30+2048,93+2048,159+2048,229+2048,304+2048,383+2048,467+2048,555+2048,649+2048,749+2048,854+2048
0405++ BB47 C6031E085D089F08E50830097F09D3092B0A890AED0A560B
0406++ BB5F             frq_969: 	
0407++ BB5F             		dw	969,32+2048,95+2048,161+2048,232+2048,306+2048,385+2048,469+2048,558+2048,652+2048,752+2048,857+2048
0407++ BB5F C90320085F08A108E80832098109D5092E0A8C0AF00A590B
0408++ BB77             frq_974: 	
0409++ BB77             		dw	974,34+2048,97+2048,164+2048,235+2048,310+2048,389+2048,473+2048,562+2048,656+2048,756+2048,862+2048
0409++ BB77 CE0322086108A408EB0836098509D909320A900AF40A5E0B
0410++ BB8F             frq_977: 	
0411++ BB8F             		dw	977,36+2048,99+2048,166+2048,237+2048,312+2048,391+2048,475+2048,564+2048,659+2048,759+2048,865+2048
0411++ BB8F D10324086308A608ED0838098709DB09340A930AF70A610B
0412++ BBA7             frq_978: 	
0413++ BBA7             		dw	978,37+2048,100+2048,167+2048,238+2048,313+2048,392+2048,476+2048,565+2048,660+2048,760+2048,866+2048
0413++ BBA7 D20325086408A708EE0839098809DC09350A940AF80A620B
0414++ BBBF             frq_1018: 	
0415++ BBBF             		dw	1018,58+2048,122+2048,190+2048,263+2048,339+2048,420+2048,506+2048,597+2048,693+2048,796+2048,904+2048
0415++ BBBF FA033A087A08BE0807095309A409FA09550AB50A1C0B880B
0416++ BBD7             
0417++ BBD7             
1727+  BBD7             
0569   BBD7             
0570   BBD7             MoonSound_end: 
0571   BBD7             		.savebin "moonsound.bin",MoonSound_Start, MoonSound_end - MoonSound_Start
0572   BBD7             
0573   BBD7             
0574   BBD7             		.end
0575   BBD7             
0576   BBD7             
