0001   0000             ;--------------------------------------------------------------------
0002   0000             ; Ž¯¨á ­¨¥: à®£à ¬¬  ¯à®¨£àë¢ ­¨ï à §­ëå §¢ãª®¢ëå ¬®¤ã«¥© Amstrad CPC
0003   0000             ; ¯®¤¤¥à¦ª  ¢ ¦¥«¥§¥: ZXM-MoonSound
0004   0000             ; €¢â®à ¯®àâ : ’ à á®¢ Œ..(Mick),2014
0005   0000             ;--------------------------------------------------------------------
0006   0000             		DEVICE ZXSPECTRUM128
0007   0000             
0008   0000             		.org 	6200h
0009   6200             
0010   6200             ;-------------------------------------------------------------------
0011   6200             ; ®¯¨á ­¨¥: ’®çª  ¢å®¤  ¢ ¯à®£à ¬¬ã ¯®á«¥ ¯¥à¥¤ ç¨ ã¯à ¢«¥­¨ï ¨§ Ž‘
0012   6200             ;---------------------------------------------------------------------
0013   6200             MoonSound_Start: 		
0014   6200 AF          		xor	a               		;¡®à¤¥à ¢ ç¥à­ë© æ¢¥â
0015   6201 D3 FE       		out	(0feh),a	
0016   6203 32 54 65    		ld	(MoonSound_count_music),a	;áç¥âç¨ª ­®¬¥à  ¬ã§ëª¨
0017   6206 32 53 65    		ld	(MoonSound_number_music),a
0018   6209             
0019   6209 21 00 40    		ld	hl,4000h
0020   620C 11 01 40    		ld	de,4001h
0021   620F 01 00 1B    		ld	bc,1b00h
0022   6212 71          		ld	(hl),c
0023   6213 ED B0       		ldir
0024   6215             		
0025   6215 21 00 40    		ld	hl,4000h			;£àã§¨¬ íªà ­
0026   6218 ED 5B F4 5C 		ld	de,(5CF4h)
0027   621C 01 05 1B    		ld	bc,1B05h
0028   621F CD 13 3D    		call	3d13h
0029   6222 CD 96 67    		call	Str_init_load
0030   6225 FB          		ei
0031   6226             MoonSound_loading: 
0032   6226 76          		halt
0033   6227 06 00       		ld	b,0
0034   6229             MoonSound_wait: 
0035   6229 10 FE       		djnz	MoonSound_wait			
0036   622B CD A8 67    		call	Str_play
0037   622E 38 02       		jr	c,MoonSound_load
0038   6230 30 F4       		jr	nc,MoonSound_loading	
0039   6232             MoonSound_load: 
0040   6232 F3          		di                                      ;­  ¢áïª¨© ¯®¦ à­ë© § ¯à¥â¨¬ ¯à¥àë¢ ­¨ï
0041   6233             
0042   6233 3E 11       		ld	a,11h 
0043   6235 01 FD 7F    		ld	bc,7ffdh
0044   6238 ED 79       		out	(c),a
0045   623A 21 00 C0    		ld	hl,0C000h			;£àã§¨¬ ¬ã§ëª «ì­ë© ¯ ª 0.
0046   623D ED 5B F4 5C 		ld	de,(5CF4h)
0047   6241 01 05 3C    		ld	bc,3C05h
0048   6244 CD 13 3D    		call	3d13h
0049   6247             
0050   6247 3E 13       		ld	a,13h 
0051   6249 01 FD 7F    		ld	bc,7ffdh
0052   624C ED 79       		out	(c),a
0053   624E 21 00 C0    		ld	hl,0C000h			;£àã§¨¬ ¬ã§ëª «ì­ë© ¯ ª 1.
0054   6251 ED 5B F4 5C 		ld	de,(5CF4h)
0055   6255 01 05 3A    		ld	bc,3A05h
0056   6258 CD 13 3D    		call	3d13h
0057   625B             
0058   625B 3E 14       		ld	a,14h 
0059   625D 01 FD 7F    		ld	bc,7ffdh
0060   6260 ED 79       		out	(c),a
0061   6262 21 00 C0    		ld	hl,0C000h			;£àã§¨¬ ¬ã§ëª «ì­ë© ¯ ª 2.
0062   6265 ED 5B F4 5C 		ld	de,(5CF4h)
0063   6269 01 05 40    		ld	bc,4005h
0064   626C CD 13 3D    		call	3d13h
0065   626F             		
0066   626F 3E 16       		ld	a,16h 
0067   6271 01 FD 7F    		ld	bc,7ffdh
0068   6274 ED 79       		out	(c),a
0069   6276 21 00 C0    		ld	hl,0C000h			;£àã§¨¬ ¬ã§ëª «ì­ë© ¯ ª 3
0070   6279 ED 5B F4 5C 		ld	de,(5CF4h)
0071   627D 01 05 3C    		ld	bc,3C05h
0072   6280 CD 13 3D    		call	3d13h
0073   6283             
0074   6283 3E 17       		ld	a,17h 
0075   6285 01 FD 7F    		ld	bc,7ffdh
0076   6288 ED 79       		out	(c),a
0077   628A 21 00 C0    		ld	hl,0C000h			;£àã§¨¬ ¬ã§ëª «ì­ë© ¯ ª 4
0078   628D ED 5B F4 5C 		ld	de,(5CF4h)
0079   6291 01 05 3A    		ld	bc,3A05h
0080   6294 CD 13 3D    		call	3d13h
0081   6297             
0082   6297             
0083   6297 31 FF 5F    		ld	sp,5fffh
0084   629A 3E 10       		ld	a,10h 
0085   629C 01 FD 7F    		ld	bc,7ffdh
0086   629F ED 79       		out	(c),a
0087   62A1             
0088   62A1 CD 89 67    		call	Str_init			;¨­¨æ¨ «¨§ æ¨ï ¡¥£ãé¥© áâà®ª¨
0089   62A4 CD 59 67    		call	Analyzer_init			
0090   62A7             
0091   62A7 CD 3D 64    		call	MoonSound_view_number
0092   62AA CD D6 63    		call	MoonSound_time_init
0093   62AD             
0094   62AD 21 00 60    		ld	hl,6000h                       	
0095   62B0 11 01 60    		ld	de,6001h
0096   62B3 01 00 01    		ld	bc,0100h
0097   62B6 36 61       		ld	(hl),61h
0098   62B8 ED B0       		ldir
0099   62BA 3E C3       		ld	a,0c3h                          
0100   62BC 32 61 61    		ld	(6161h),a
0101   62BF 21 65 66    		ld	hl,Interrupt_handle
0102   62C2 22 62 61    		ld	(6162h),hl
0103   62C5             
0104   62C5 3E 60       		ld	a,60h                          
0105   62C7 ED 47       		ld	i,a
0106   62C9 ED 5E       		im	2
0107   62CB             
0108   62CB AF          		xor	a
0109   62CC C3 04 63    		jp	MoonSound_next_music
0110   62CF             
0111   62CF             ;		ei
0112   62CF             
0113   62CF             MoonSound_key: 		
0114   62CF AF          		xor	a
0115   62D0 32 56 65                    ld	(MoonSound_key_press),a
0116   62D3             MoonSound_loop: 		
0117   62D3 76          		halt
0118   62D4             
0119   62D4 3E 7F       		ld	a,7fh				;®¦¨¤ ¥¬ ¯à®¡¥« - ¯¥à¥å®¤ ª á«¥¤ãîé¥© ª®¬¯®§¨æ¨¨
0120   62D6 DB FE       		in	a,(0feh)
0121   62D8 1F          		rra	
0122   62D9 38 F4       		jr	c,MoonSound_key
0123   62DB             
0124   62DB 3E FE       		ld	a,0FEh
0125   62DD DB FE       		in	a,(0FEh)
0126   62DF 1F          		rra	    
0127   62E0 D2 CB 63    		jp	nc,MoonSound_exit
0128   62E3             
0129   62E3 3A 56 65    		ld	a,(MoonSound_key_press)
0130   62E6 A7          		and	a
0131   62E7 20 EA       		jr	nz,MoonSound_loop
0132   62E9             
0133   62E9 3C          		inc	a
0134   62EA 32 56 65                    ld	(MoonSound_key_press),a
0135   62ED             
0136   62ED 3E 08       		ld	a,8
0137   62EF CD A7 83    		call	MBPlayer_fade			;§ âãå ­¨¥ ¬¥«®¤¨¨
0138   62F2             		
0139   62F2             MoonSound_fade_wait: 	
0140   62F2 3A F8 8A    		ld	a,(MBPlayer_play_busy)		;¦¤¥¬ ¯®ª  ®áâ ­®¢¨âáï ¯à®¨£àë¢ â¥«ì
0141   62F5 B7          		or	a
0142   62F6 20 FA       		jr	nz,MoonSound_fade_wait
0143   62F8 CD A4 83    		call	MBPlayer_stop
0144   62FB             
0145   62FB 3A 54 65    		ld	a,(MoonSound_count_music)
0146   62FE 3C          		inc	a
0147   62FF FE 0D       		cp	13
0148   6301 38 01       		jr	c,MoonSound_next_music
0149   6303 AF          		xor	a
0150   6304             
0151   6304             MoonSound_next_music: 
0152   6304 F3          		di	
0153   6305 32 54 65    		ld	(MoonSound_count_music),a
0154   6308 6F          		ld	l,a
0155   6309 5F          		ld	e,a
0156   630A 26 00       		ld	h,0
0157   630C 54          		ld	d,h
0158   630D 29          		add	hl,hl
0159   630E 29          		add	hl,hl
0160   630F 19          		add	hl,de
0161   6310 11 8A 63    		ld	de,MoonSound_tabl_music
0162   6313 19          		add	hl,de
0163   6314 7E          		ld	a,(hl)				;­®¬¥à áâà ­¨æë ¯ ¬ïâ¨
0164   6315 32 55 65    		ld	(MoonSound_page_memory),a
0165   6318 23          		inc	hl
0166   6319 5E          		ld	e,(hl)				; ¤à¥á âà¥ª                           
0167   631A 23          		inc	hl
0168   631B 56          		ld	d,(hl)
0169   631C 23          		inc	hl
0170   631D 7E          		ld	a,(hl)                          ;ç¨á«® ­¥¯®«­ëå ¡ ©â
0171   631E 23          		inc	hl
0172   631F 46          		ld	b,(hl)				;ç¨á«® á¥ªâ®à®¢
0173   6320 A7          		and	a
0174   6321 28 01       		jr	z,MoonSound_copy_block
0175   6323 04          		inc	b	
0176   6324             
0177   6324             MoonSound_copy_block: 
0178   6324 21 00 D0    		ld	hl,0D000h
0179   6327 22 5A 65    		ld	(MoonSound_copy_addr),hl
0180   632A EB          		ex	hl,de
0181   632B             
0182   632B             MoonSound_copy_loop: 
0183   632B C5          		push	bc
0184   632C 3A 55 65    		ld	a,(MoonSound_page_memory)	;§ £àã§¨¬ ­®¬¥à áâà ­¨æë ¯ ¬ïâ¨
0185   632F 01 FD 7F    		ld	bc,7ffdh
0186   6332 ED 79       		out	(c),a
0187   6334             
0188   6334 11 5C 65    		ld	de,MoonSound_copy_buffer
0189   6337 01 00 01    		ld	bc,100h
0190   633A ED B0       		ldir
0191   633C E5          		push	hl
0192   633D 3E 10       		ld	a,10h
0193   633F 01 FD 7F    		ld	bc,7ffdh
0194   6342 ED 79       		out	(c),a
0195   6344 2A 5A 65    		ld	hl,(MoonSound_copy_addr)
0196   6347 11 5C 65    		ld	de,MoonSound_copy_buffer
0197   634A EB          		ex	hl,de
0198   634B 01 00 01    		ld	bc,100h
0199   634E ED B0       		ldir
0200   6350 EB          		ex	hl,de
0201   6351 22 5A 65    		ld	(MoonSound_copy_addr),hl
0202   6354 E1          		pop	hl
0203   6355 C1          		pop	bc
0204   6356 10 D3       		djnz	MoonSound_copy_loop
0205   6358             
0206   6358 CD 75 64    		call	MoonSound_mwmload
0207   635B             
0208   635B 21 00 C0    		ld	hl,0C000h
0209   635E 22 FD 8A    		ld	(MBPlayer_songdata_addres),hl
0210   6361 CD 9E 83    		call	MBPlayer_init
0211   6364             
0212   6364 3A 53 65    		ld	a,(MoonSound_number_music)
0213   6367 3C          		inc	a
0214   6368 4F          		ld	c,a
0215   6369 E6 0F       		and	0Fh
0216   636B FE 0A       		cp	10
0217   636D 38 04       		jr	c,MoonSound_number_correct
0218   636F 3E 06       		ld	a,6
0219   6371 81          		add	c
0220   6372 4F          		ld	c,a
0221   6373             
0222   6373             MoonSound_number_correct: 
0223   6373 79          		ld	a,c
0224   6374 32 53 65    		ld	(MoonSound_number_music),a
0225   6377 FE 14       		cp	14h
0226   6379 38 02       		jr	c,MoonSound_number_valid
0227   637B 3E 01       		ld	a,1
0228   637D             
0229   637D             MoonSound_number_valid: 
0230   637D 32 53 65    		ld	(MoonSound_number_music),a
0231   6380 CD 3D 64    		call	MoonSound_view_number
0232   6383 CD D6 63    		call	MoonSound_time_init
0233   6386             
0234   6386 FB          		ei
0235   6387 C3 D3 62    		jp      MoonSound_loop
0236   638A             
0237   638A             MoonSound_tabl_music: 
0238   638A             
0239   638A 11          		db	11h   				; 1 ¬ã§ëª «ì­®¥ ¯à®¨§¢¥¤¥­¨¥
0240   638B 00 C0       		dw	0C000h
0241   638D 00 17       		dw	1700h
0242   638F 11          		db	11h   				; 2 ¬ã§ëª «ì­®¥ ¯à®¨§¢¥¤¥­¨¥
0243   6390 00 D7       		dw	0D700h
0244   6392 80 1C       		dw	1C80h
0245   6394 11          		db	11h   				; 3 ¬ã§ëª «ì­®¥ ¯à®¨§¢¥¤¥­¨¥
0246   6395 80 F3       		dw	0F380h
0247   6397 30 08       		dw	0830h
0248   6399             
0249   6399 13          		db	13h   				; 4 ¬ã§ëª «ì­®¥ ¯à®¨§¢¥¤¥­¨¥
0250   639A 00 C0       		dw	0C000h
0251   639C 00 0E       		dw	0E00h
0252   639E 13          		db	13h   				; 5 ¬ã§ëª «ì­®¥ ¯à®¨§¢¥¤¥­¨¥
0253   639F 00 CE       		dw	0CE00h
0254   63A1 70 03       		dw	0370h
0255   63A3 13          		db	13h   				; 6 ¬ã§ëª «ì­®¥ ¯à®¨§¢¥¤¥­¨¥
0256   63A4 70 D1       		dw	0D170h
0257   63A6 F0 27       		dw	27F0h
0258   63A8             
0259   63A8 14          		db	14h   				; 7 ¬ã§ëª «ì­®¥ ¯à®¨§¢¥¤¥­¨¥
0260   63A9 00 C0       		dw	0C000h
0261   63AB A0 14       		dw	14A0h
0262   63AD 14          		db	14h   				; 8 ¬ã§ëª «ì­®¥ ¯à®¨§¢¥¤¥­¨¥
0263   63AE A0 D4       		dw	0D4A0h
0264   63B0 80 2A       		dw	2A80h
0265   63B2             
0266   63B2 16          		db	16h   				; 9 ¬ã§ëª «ì­®¥ ¯à®¨§¢¥¤¥­¨¥
0267   63B3 00 C0       		dw	0C000h
0268   63B5 A0 0E       		dw	0EA0h
0269   63B7 16          		db	16h   				; 10 ¬ã§ëª «ì­®¥ ¯à®¨§¢¥¤¥­¨¥
0270   63B8 A0 CE       		dw	0CEA0h
0271   63BA 50 2D       		dw	2D50h
0272   63BC             
0273   63BC 17          		db	17h   				; 11 ¬ã§ëª «ì­®¥ ¯à®¨§¢¥¤¥­¨¥
0274   63BD 00 C0       		dw	0C000h
0275   63BF 00 0E       		dw	0E00h
0276   63C1 17          		db	17h   				; 12 ¬ã§ëª «ì­®¥ ¯à®¨§¢¥¤¥­¨¥
0277   63C2 00 CE       		dw	0CE00h
0278   63C4 90 0C       		dw	0C90h
0279   63C6 17          		db	17h   				; 13 ¬ã§ëª «ì­®¥ ¯à®¨§¢¥¤¥­¨¥
0280   63C7 90 DA       		dw	0DA90h
0281   63C9 10 1F       		dw	1F10h
0282   63CB             
0283   63CB             
0284   63CB             
0285   63CB             MoonSound_exit: 		
0286   63CB F3          		di	
0287   63CC CD A4 83    		call	MBPlayer_stop
0288   63CF 21 00 00    		ld	hl,0	
0289   63D2 E5          		push	hl
0290   63D3 C3 2F 3D          		jp  	3d2fh				;¢ëå®¤ ¢ TR-DOS
0291   63D6             
0292   63D6             
0293   63D6             MoonSound_time_init: 
0294   63D6 AF          		xor	a
0295   63D7 32 57 65                    ld	(MoonSound_time_int),a
0296   63DA 32 58 65    		ld	(MoonSound_time_count),a		
0297   63DD 32 59 65    		ld	(MoonSound_time_minute),a
0298   63E0 18 38       		jr	MoonSound_time_draw
0299   63E2             
0300   63E2             MoonSound_time_view: 
0301   63E2 3A 57 65                    ld	a,(MoonSound_time_int)
0302   63E5 3C          		inc	a
0303   63E6 32 57 65                    ld	(MoonSound_time_int),a
0304   63E9 FE 32       		cp	50
0305   63EB D8          		ret	c
0306   63EC AF          		xor	a
0307   63ED 32 57 65                    ld	(MoonSound_time_int),a
0308   63F0 3A 58 65                    ld	a,(MoonSound_time_count)
0309   63F3 3C          		inc	a
0310   63F4 4F          		ld	c,a
0311   63F5 E6 0F       		and	0Fh
0312   63F7 FE 0A       		cp	10
0313   63F9 38 04       		jr	c,MoonSound_time_next
0314   63FB 3E 06       		ld	a,6
0315   63FD 81          		add	c
0316   63FE 4F          		ld	c,a
0317   63FF             MoonSound_time_next: 
0318   63FF 79          		ld	a,c
0319   6400 32 58 65    		ld	(MoonSound_time_count),a		
0320   6403 FE 60       		cp	60h
0321   6405 38 13       		jr	c,MoonSound_time_draw
0322   6407 AF          		xor	a
0323   6408 32 58 65    		ld	(MoonSound_time_count),a		
0324   640B 3A 59 65    		ld	a,(MoonSound_time_minute)
0325   640E 3C          		inc	a
0326   640F 32 59 65    		ld	(MoonSound_time_minute),a
0327   6412 FE 0A       		cp	10
0328   6414 38 04       		jr	c,MoonSound_time_draw
0329   6416 AF          		xor	a
0330   6417 32 59 65    		ld	(MoonSound_time_minute),a
0331   641A             MoonSound_time_draw: 
0332   641A 3A 59 65    		ld	a,(MoonSound_time_minute)
0333   641D E6 0F       		and	0Fh
0334   641F 21 1C 40    		ld	hl,401Ch
0335   6422 CD 50 64    		call 	MoonSound_view_symbol
0336   6425 3A 58 65    		ld	a,(MoonSound_time_count)
0337   6428 4F          		ld	c,a
0338   6429 E6 F0       		and	0F0h
0339   642B 0F          		rrca
0340   642C 0F          		rrca
0341   642D 0F          		rrca
0342   642E 0F          		rrca
0343   642F 21 1E 40    		ld	hl,401Eh
0344   6432 CD 50 64    		call	MoonSound_view_symbol
0345   6435 79          		ld	a,c
0346   6436 E6 0F       		and	0Fh
0347   6438 21 1F 40    		ld	hl,401Fh
0348   643B 18 13       		jr	MoonSound_view_symbol
0349   643D              
0350   643D             MoonSound_view_number: 
0351   643D 4F          		ld	c,a
0352   643E E6 F0       		and	0F0h
0353   6440 0F          		rrca
0354   6441 0F          		rrca
0355   6442 0F          		rrca
0356   6443 0F          		rrca
0357   6444 21 07 40    		ld	hl,4007h
0358   6447 CD 50 64    		call	MoonSound_view_symbol
0359   644A 79          		ld	a,c
0360   644B E6 0F       		and	0Fh
0361   644D 21 08 40    		ld	hl,4008h
0362   6450             MoonSound_view_symbol: 
0363   6450 E5          		push	hl
0364   6451 26 00       		ld	h,0
0365   6453 6F          		ld	l,a
0366   6454 29          		add	hl,hl
0367   6455 29          		add	hl,hl
0368   6456 29          		add	hl,hl
0369   6457 11 03 65    		ld	de,MoonSound_table_symbol
0370   645A 19          	        add	hl,de	
0371   645B EB          		ex	de,hl
0372   645C E1          		pop	hl
0373   645D 06 08       		ld	b,8
0374   645F             
0375   645F             MoonSound_view_loop: 
0376   645F 1A          		ld	a,(de)
0377   6460 77          		ld	(hl),a
0378   6461 13          		inc	de		
0379   6462 24          		inc	h
0380   6463 7C          		ld	a,h
0381   6464 E6 07       		and	7
0382   6466 20 0A       		jr	nz,MoonSound_next_line
0383   6468 7D          		ld	a,l
0384   6469 C6 20       		add	a,20h
0385   646B 6F          		ld	l,a
0386   646C 38 04       		jr	c,MoonSound_next_line
0387   646E 7C          		ld	a,h
0388   646F D6 08       		sub	8
0389   6471 67          		ld	h,a
0390   6472             MoonSound_next_line: 
0391   6472 10 EB       		djnz	MoonSound_view_loop
0392   6474 C9          		ret	
0393   6475             
0394   6475             MoonSound_mwmload: 
0395   6475 21 00 D0    		ld	hl,0D000h
0396   6478 22 60 66    		ld	(load_position),hl
0397   647B 21 00 C0    		ld	hl,0C000h
0398   647E 22 FD 8A    		ld	(MBPlayer_songdata_addres),hl
0399   6481             
0400   6481             ;--- Load MWM file ---
0401   6481             
0402   6481             ; Note: The routine below is a bit complex because it supports
0403   6481             ; songs > 16K. However, if you know that your song will always be < 16K you
0404   6481             ; can simplify it a lot:
0405   6481             ; - read the header and trash it!
0406   6481             ; - read the rest of the file
0407   6481             ; - modify the play_nextpos routine so that 3 is added to the pattern address
0408   6481             
0409   6481             mbload: 
0410   6481             
0411   6481 21 FC 8A    		ld	hl,MBPlayer_songdata_bank1	; select first song bank
0412   6484 22 5E 66    		ld	(load_bank),hl
0413   6487 7E          		ld	a,(hl)
0414   6488             
0415   6488 21 06 00    		ld	hl,6
0416   648B ED 5B FD 8A 		ld	de,(MBPlayer_songdata_addres)
0417   648F CD DF 64    		call	load_file			; read header
0418   6492             
0419   6492 21 16 01    		ld	hl,278
0420   6495 ED 5B FD 8A 		ld	de,(MBPlayer_songdata_addres)		; read settings
0421   6499 CD DF 64    		call	load_file
0422   649C 1A          		ld	a,(de)
0423   649D 19          		add	hl,de
0424   649E EB          		ex	de,hl
0425   649F 3C          		inc	a
0426   64A0 6F          		ld	l,a
0427   64A1 26 00       		ld	h,0
0428   64A3 CD DF 64    		call	load_file			; read positions
0429   64A6 CD F3 64    		call	check_pats
0430   64A9 19          		add	hl,de
0431   64AA EB          		ex	de,hl
0432   64AB 87          		add	a,a
0433   64AC 6F          		ld	l,a
0434   64AD 26 00       		ld	h,0
0435   64AF CD DF 64    		call	load_file			; read pattern addresses
0436   64B2 19          		add	hl,de
0437   64B3 22 5C 66    		ld	(load_adres),hl
0438   64B6             
0439   64B6             mbload_lp: 
0440   64B6 11 62 66    		ld	de,load_buffer
0441   64B9 21 03 00    		ld	hl,3
0442   64BC CD DF 64    		call	load_file
0443   64BF 3A 64 66    		ld	a,(load_buffer + 2)
0444   64C2 B7          		or	a
0445   64C3 C8          		ret	z
0446   64C4 ED 5B 5C 66 		ld	de,(load_adres)
0447   64C8 2A 62 66    		ld	hl,(load_buffer)
0448   64CB CD DF 64    		call	load_file
0449   64CE             
0450   64CE 11 00 C0    		ld	de,0C000h
0451   64D1 ED 53 5C 66 		ld	(load_adres),de
0452   64D5 2A 5E 66    		ld	hl,(load_bank)
0453   64D8 23          		inc	hl
0454   64D9 7E          		ld	a,(hl)
0455   64DA 22 5E 66    		ld	(load_bank),hl
0456   64DD 18 D7       		jr	mbload_lp
0457   64DF             
0458   64DF             
0459   64DF             
0460   64DF             ;--- Load (part of) file ---
0461   64DF             ; In: HL = number of bytes to read
0462   64DF             ;     DE = transfer address
0463   64DF             
0464   64DF             load_file: 	
0465   64DF 7D          		ld	a,l
0466   64E0 B4          		or	h
0467   64E1 C8          		ret	z
0468   64E2             
0469   64E2 E5          		push	hl
0470   64E3 D5          		push	de
0471   64E4 C5          		push	bc
0472   64E5             
0473   64E5 E5          		push	hl
0474   64E6 C1          		pop	bc
0475   64E7 2A 60 66    		ld	hl,(load_position)
0476   64EA ED B0       		ldir
0477   64EC 22 60 66    		ld	(load_position),hl
0478   64EF C1          		pop	bc
0479   64F0 D1          		pop	de
0480   64F1 E1          		pop	hl
0481   64F2 C9          		ret
0482   64F3             
0483   64F3             ;--- search highest pattern ---
0484   64F3             ; In: L = #positions, DE = pointer to patterns
0485   64F3             ; Out: A = highest pattern
0486   64F3             
0487   64F3             check_pats: 	
0488   64F3 E5          		push	hl
0489   64F4 D5          		push	de
0490   64F5 45          		ld	b,l
0491   64F6 EB          		ex	de,hl
0492   64F7 AF          		xor	a
0493   64F8             check_patslp: 	
0494   64F8 BE          		cp	(hl)
0495   64F9 30 01       		jr	nc,check_pats2
0496   64FB 7E          		ld	a,(hl)
0497   64FC 23          check_pats2: 	inc	hl
0498   64FD 10 F9       		djnz	check_patslp
0499   64FF 3C          		inc	a
0500   6500 D1          		pop	de
0501   6501 E1          		pop	hl
0502   6502 C9          		ret
0503   6503             
0504   6503             MoonSound_table_symbol: 
0505   6503               		db 	0,3Ch,66h,6Eh,76h,66h,3Ch,0
0505   6503 003C666E76663C00
0506   650B               		db 	0,18h,38h,18h,18h,18h,7Eh,0
0506   650B 0018381818187E00
0507   6513               		db 	0,3Ch,66h,0Ch,18h,30h,7Eh,0
0507   6513 003C660C18307E00
0508   651B               		db 	0,7Eh,0Ch,18h,0Ch,66h,3Ch,0
0508   651B 007E0C180C663C00
0509   6523               		db 	0,0Ch,1Ch,3Ch,6Ch,7Eh,0Ch,0
0509   6523 000C1C3C6C7E0C00
0510   652B               		db 	0,7Eh,60h,7Ch,06h,66h,3Ch,0
0510   652B 007E607C06663C00
0511   6533               		db 	0,3Ch,60h,7Ch,66h,66h,3Ch,0
0511   6533 003C607C66663C00
0512   653B               		db 	0,7Eh,06h,0Ch,18h,30h,30h,0
0512   653B 007E060C18303000
0513   6543               		db 	0,3Ch,66h,3Ch,66h,66h,3Ch,0
0513   6543 003C663C66663C00
0514   654B             		db 	0,3Ch,66h,3Eh,06h,0Ch,38h,0
0514   654B 003C663E060C3800
0515   6553             
0516   6553             MoonSound_number_music: 
0517   6553 00          		db	0
0518   6554             
0519   6554             MoonSound_count_music: 
0520   6554 00          		db	0
0521   6555             
0522   6555             MoonSound_page_memory: 
0523   6555 00          		db	0		
0524   6556             MoonSound_key_press: 
0525   6556 00          		db	0
0526   6557             
0527   6557             MoonSound_time_int: 
0528   6557 00          		db	0
0529   6558             MoonSound_time_count: 
0530   6558 00          		db	0		
0531   6559             MoonSound_time_minute: 
0532   6559 00          		db	0
0533   655A             
0534   655A             
0535   655A             MoonSound_copy_addr: 
0536   655A 00 00       		dw	0
0537   655C             MoonSound_copy_buffer: 
0538   655C 00          		ds	256
0539   665C             
0540   665C 00 00       load_adres: 	dw	0
0541   665E 00 00       load_bank: 	dw	0
0542   6660 00 00       load_position: 	dw	0
0543   6662 00 00 00    load_buffer: 	db	0,0,0
0544   6665             
0545   6665             
0546   6665             Interrupt_handle: 
0547   6665 E5          		push	hl
0548   6666 D5          		push	de
0549   6667 C5          		push	bc
0550   6668 F5          		push	af
0551   6669             
0552   6669 CD 7E 66    		call 	Analyzer_update
0553   666C CD A8 67    		call	Str_play
0554   666F CD E2 63    		call	MoonSound_time_view
0555   6672             
0556   6672             ;		ld	a,(MoonSound_page_memory)	;§ £àã§¨¬ ­®¬¥à áâà ­¨æë ¯ ¬ïâ¨ â¥ªãé¥© ¬ã§ëª¨
0557   6672             ;		ld	bc,7ffdh
0558   6672             ;		out	(c),a
0559   6672 CD A1 83    		call	MBPlayer_play
0560   6675             
0561   6675 CD BF 66    		call 	Analyzer_view
0562   6678             
0563   6678             ;		ld	a,10h
0564   6678             ;		ld	bc,7ffdh
0565   6678             ;		out	(c),a
0566   6678             
0567   6678             Interrupt_exit: 
0568   6678             
0569   6678 F1          		pop	af
0570   6679 C1          		pop	bc
0571   667A D1          		pop	de
0572   667B E1          		pop	hl
0573   667C FB          		ei
0574   667D C9          		ret
0575   667E             
0576   667E             
0577   667E             		.include  analyzer.asm
0001+  667E             ;--------------------------------------------------------------------
0002+  667E             ; Ž¯¨á ­¨¥: Œ®¤ã«ì ®â®¡à ¦¥­¨ï  ­ «¨§ â®à 
0003+  667E             ; €¢â®à: ’ à á®¢ Œ..(Mick),2016
0004+  667E             ;--------------------------------------------------------------------
0005+  667E             
0006+  667E             ;-------------------------------------------------------------------
0007+  667E             ; ®¯¨á ­¨¥: Ž¡­®¢«¥­¨¥ ¯ à ¬¥âà®¢  ­ «¨§ â®à 
0008+  667E             ; ¯ à ¬¥âàë: ­¥â
0009+  667E             ; ¢®§¢à é ¥¬®¥  §­ ç¥­¨¥: ­¥â
0010+  667E             ;---------------------------------------------------------------------
0011+  667E             Analyzer_update: 
0012+  667E 3E 0C       		ld	a, 0Ch
0013+  6680 32 64 67    		ld	(byte_0_CF9), a
0014+  6683 11 B2 96    		ld	de, MBPlayer_volume_buffer_2
0015+  6686 21 65 67    		ld	hl, Analyzer_vol_table_1
0016+  6689 3E 18       		ld	a, 24
0017+  668B             
0018+  668B             loc_0_5D8: 
0019+  668B 08          		ex	af, af'
0020+  668C E5          		push	hl
0021+  668D 1A          		ld	a, (de)
0022+  668E             
0023+  668E E6 0F       		and	0Fh
0024+  6690 4F          		ld	c,a
0025+  6691 1A          		ld	a,(de)
0026+  6692 E6 F0       		and	0F0h
0027+  6694 0F          		rrca	
0028+  6695 0F          		rrca	
0029+  6696 0F          		rrca
0030+  6697 0F          		rrca	
0031+  6698 B9          		cp	c
0032+  6699 30 01       		jr	nc,Analyzer_up_ch0
0033+  669B 79          		ld	a,c	
0034+  669C             
0035+  669C             Analyzer_up_ch0: 
0036+  669C E6 0F       		and	0Fh
0037+  669E 28 07       		jr	z, loc_0_5EA
0038+  66A0 ED 44       		neg	
0039+  66A2 C6 11       		add	a, 11h
0040+  66A4 C3 AD 66    		jp	loc_0_5F0
0041+  66A7             
0042+  66A7             loc_0_5EA: 
0043+  66A7 7E          		ld	a, (hl)
0044+  66A8 FE 01       		cp	1
0045+  66AA 38 02       		jr	c, loc_0_5FA
0046+  66AC 3D          		dec	a
0047+  66AD             loc_0_5F0: 
0048+  66AD 77          		ld	(hl), a
0049+  66AE             loc_0_5FA: 
0050+  66AE 3E 04       		ld	a, 4
0051+  66B0 21 64 67    		ld	hl, byte_0_CF9
0052+  66B3 86          		add	a, (hl)
0053+  66B4 77          		ld	(hl), a
0054+  66B5 E1          		pop	hl
0055+  66B6 23          		inc	hl
0056+  66B7 AF          		xor	a
0057+  66B8 12          		ld	(de), a
0058+  66B9 13          		inc	de
0059+  66BA 08          		ex	af, af'
0060+  66BB 3D          		dec	a
0061+  66BC 20 CD       		jr	nz, loc_0_5D8
0062+  66BE C9          		ret
0063+  66BF             ;-------------------------------------------------------------------
0064+  66BF             ; ®¯¨á ­¨¥: Žâ®¡à ¦¥­¨¥  ­ «¨§ â®à 
0065+  66BF             ; ¯ à ¬¥âàë: ­¥â
0066+  66BF             ; ¢®§¢à é ¥¬®¥  §­ ç¥­¨¥: ­¥â
0067+  66BF             ;---------------------------------------------------------------------
0068+  66BF             Analyzer_view: 
0069+  66BF 0E 0F       		ld	c,15
0070+  66C1 21 44 50    		ld	hl,5044h
0071+  66C4 CD 3E 67    		call	Analyzer_draw
0072+  66C7             
0073+  66C7 0E 0E       		ld	c,14
0074+  66C9 21 44 51    		ld	hl,5144h
0075+  66CC CD 3E 67    		call	Analyzer_draw
0076+  66CF             
0077+  66CF 0E 0D       		ld	c,13
0078+  66D1 21 44 52    		ld	hl,5244h
0079+  66D4 CD 3E 67    		call	Analyzer_draw
0080+  66D7             
0081+  66D7 0E 0C       		ld	c,12
0082+  66D9 21 44 53    		ld	hl,5344h
0083+  66DC CD 3E 67    		call	Analyzer_draw
0084+  66DF                                                                     
0085+  66DF 0E 0B       		ld	c,11
0086+  66E1 21 44 54    		ld	hl,5444h
0087+  66E4 CD 3E 67    		call	Analyzer_draw
0088+  66E7             
0089+  66E7 0E 0A       		ld	c,10
0090+  66E9 21 44 55    		ld	hl,5544h
0091+  66EC CD 3E 67    		call	Analyzer_draw
0092+  66EF                                                                     
0093+  66EF 0E 09       		ld	c,9
0094+  66F1 21 44 56    		ld	hl,5644h
0095+  66F4 CD 3E 67    		call	Analyzer_draw
0096+  66F7             
0097+  66F7 0E 08       		ld	c,8
0098+  66F9 21 44 57    		ld	hl,5744h
0099+  66FC CD 3E 67    		call	Analyzer_draw
0100+  66FF             
0101+  66FF 0E 07       		ld	c,7
0102+  6701 21 64 50    		ld	hl,5064h
0103+  6704 CD 3E 67    		call	Analyzer_draw
0104+  6707             
0105+  6707 0E 06       		ld	c,6
0106+  6709 21 64 51    		ld	hl,5164h
0107+  670C CD 3E 67    		call	Analyzer_draw
0108+  670F             
0109+  670F 0E 05       		ld	c,5
0110+  6711 21 64 52    		ld	hl,5264h
0111+  6714 CD 3E 67    		call	Analyzer_draw
0112+  6717             
0113+  6717 0E 04       		ld	c,4
0114+  6719 21 64 53    		ld	hl,5364h
0115+  671C CD 3E 67    		call	Analyzer_draw
0116+  671F             
0117+  671F 0E 03       		ld	c,3
0118+  6721 21 64 54    		ld	hl,5464h
0119+  6724 CD 3E 67    		call	Analyzer_draw
0120+  6727             
0121+  6727 0E 02       		ld	c,2
0122+  6729 21 64 55    		ld	hl,5564h
0123+  672C CD 3E 67    		call	Analyzer_draw
0124+  672F             
0125+  672F 0E 01       		ld	c,1
0126+  6731 21 64 56    		ld	hl,5664h
0127+  6734 CD 3E 67    		call	Analyzer_draw
0128+  6737             
0129+  6737 21 64 57    		ld	hl,5764h
0130+  673A CD 50 67    		call	Analyzer_fill
0131+  673D C9          		ret
0132+  673E             ;-------------------------------------------------------------------
0133+  673E             ; ®¯¨á ­¨¥: Žâà¨á®¢ª  «¥¢®£® ª ­ «   ­ «¨§ â®à 
0134+  673E             ; ¯ à ¬¥âàë: HL -  ¤à¥á íªà ­ 
0135+  673E             ;            C - ¯®§¨æ¨ï ¢ ¨­¤¨ª â®à¥
0136+  673E             ; ¢®§¢à é ¥¬®¥  §­ ç¥­¨¥: ­¥â
0137+  673E             ;---------------------------------------------------------------------
0138+  673E             Analyzer_draw: 
0139+  673E 06 18       		ld	b,24
0140+  6740 11 65 67    		ld	de, Analyzer_vol_table_1
0141+  6743             Analyzer_loop: 
0142+  6743 36 00       		ld	(hl),0
0143+  6745 1A          		ld	a,(de)
0144+  6746 B9          		cp	c
0145+  6747 38 02       		jr	c,Analyzer_skip
0146+  6749 36 0F       		ld	(hl),0Fh
0147+  674B             Analyzer_skip: 
0148+  674B 2C          		inc	l
0149+  674C 13          		inc	de
0150+  674D 10 F4       		djnz	Analyzer_loop
0151+  674F C9          		ret	
0152+  6750             ;-------------------------------------------------------------------
0153+  6750             ; ®¯¨á ­¨¥: Žâà¨á®¢ª  «¥¢®£® ª ­ «   ­ «¨§ â®à 
0154+  6750             ; ¯ à ¬¥âàë: HL -  ¤à¥á íªà ­ 
0155+  6750             ; ¢®§¢à é ¥¬®¥  §­ ç¥­¨¥: ­¥â
0156+  6750             ;---------------------------------------------------------------------
0157+  6750             Analyzer_fill: 
0158+  6750 06 18       		ld	b,24
0159+  6752 3E 0F       		ld	a,0Fh
0160+  6754             Analyzer_fill_loop: 
0161+  6754 77          		ld	(hl),a
0162+  6755 2C          		inc	l
0163+  6756 10 FC       		djnz	Analyzer_fill_loop
0164+  6758 C9          		ret	
0165+  6759             ;-------------------------------------------------------------------
0166+  6759             ; ®¯¨á ­¨¥: Ž¡­®¢«¥­¨¥ ¯ à ¬¥âà®¢  ­ «¨§ â®à 
0167+  6759             ; ¯ à ¬¥âàë: ­¥â
0168+  6759             ; ¢®§¢à é ¥¬®¥  §­ ç¥­¨¥: ­¥â
0169+  6759             ;---------------------------------------------------------------------
0170+  6759             Analyzer_init: 
0171+  6759 06 18                     	ld	b, 24
0172+  675B 21 65 67    		ld	hl,Analyzer_vol_table_1
0173+  675E             
0174+  675E             Analyzer_init_loop: 
0175+  675E 36 00                       ld	(hl),0
0176+  6760 23          		inc	hl
0177+  6761 10 FB       		djnz	Analyzer_init_loop
0178+  6763 C9          		ret
0179+  6764             
0180+  6764             ;-------------------------------------------------------------------
0181+  6764             ; ®¯¨á ­¨¥:  ¥à¥¬¥­­ë¥ ¯à ¢®£® ¨ «¥¢®£® ª ­ «®¢  ­ «¨§ â®à 
0182+  6764             ;---------------------------------------------------------------------
0183+  6764             byte_0_CF9: 
0184+  6764 00          		ds	1
0185+  6765             Analyzer_vol_table_1: 
0186+  6765 00          		ds	24
0187+  677D             
0578   677D             		.include  string.asm
0001+  677D             ;--------------------------------------------------------------------
0002+  677D             ; Îïèñàíèå: Áåãóùàÿ ñòðîêà
0003+  677D             ; Àâòîð ïîðòà: îñíîâà âûäðàíà èç çàïèëÿòîðà
0004+  677D             ;--------------------------------------------------------------------
0005+  677D             Str_reload: 
0006+  677D 3A BD 68    		ld	a,(Str_flg_end)
0007+  6780 A7          		and	a
0008+  6781 28 06       		jr 	z,Str_init
0009+  6783 AF          		xor	a
0010+  6784 32 BD 68    		ld	(Str_flg_end),a
0011+  6787 37          		scf
0012+  6788 C9          		ret
0013+  6789             
0014+  6789             Str_init: 
0015+  6789 3E 0F       		ld	a,0Fh
0016+  678B 32 BE 68    		ld	(Str_count_bit),a
0017+  678E 21 D9 6A    		ld	hl,Str_addr_text
0018+  6791 22 BF 68    		ld	(Str_addr_work),hl
0019+  6794 7E          		ld	a,(hl)
0020+  6795 C9          		ret
0021+  6796             
0022+  6796             
0023+  6796             Str_init_load: 
0024+  6796 3E 0F       		ld	a,0Fh
0025+  6798 32 BE 68    		ld	(Str_count_bit),a
0026+  679B 21 C1 6A    		ld	hl,Str_addr_load
0027+  679E 22 BF 68    		ld	(Str_addr_work),hl
0028+  67A1 3E 01       		ld	a,1
0029+  67A3 32 BD 68    		ld	(Str_flg_end),a
0030+  67A6 7E          		ld	a,(hl)
0031+  67A7 C9          		ret	
0032+  67A8             
0033+  67A8             Str_play: 
0034+  67A8 3A BE 68    		ld	a,(Str_count_bit)
0035+  67AB 3C          		inc	a
0036+  67AC E6 0F       		and	0Fh
0037+  67AE 32 BE 68    		ld	(Str_count_bit),a
0038+  67B1 B7          		or	a
0039+  67B2 20 10       		jr	nz, Str_move_string
0040+  67B4             
0041+  67B4             Str_next_symbol: 
0042+  67B4 2A BF 68    		ld	hl,(Str_addr_work)
0043+  67B7 7E          		ld	a,(hl)
0044+  67B8 A7          		and	a
0045+  67B9 CC 7D 67    		call	z,Str_reload
0046+  67BC D8          		ret	c
0047+  67BD 23          		inc	hl
0048+  67BE 22 BF 68    		ld	(Str_addr_work),hl
0049+  67C1 CD 4D 68    		call	Str_load_symbol
0050+  67C4             
0051+  67C4             Str_move_string: 
0052+  67C4 11 BF 54    		ld	de, 54BFh
0053+  67C7 21 C2 68    		ld	hl, Str_buf_data +1 
0054+  67CA 06 10       		ld	b, 10h
0055+  67CC             
0056+  67CC             Str_move_line: 
0057+  67CC 37          		scf	
0058+  67CD 3F          		ccf	
0059+  67CE CB 16       		rl	(hl)
0060+  67D0 2B          		dec	hl
0061+  67D1 CB 16       		rl	(hl)
0062+  67D3 23          		inc	hl
0063+  67D4 23          		inc	hl
0064+  67D5 23          		inc	hl
0065+  67D6 EB          		ex	de, hl
0066+  67D7 E5          		push	hl
0067+  67D8 CB 16       		rl	(hl)
0068+  67DA 2B          		dec	hl
0069+  67DB CB 16       		rl	(hl)
0070+  67DD 2B          		dec	hl
0071+  67DE CB 16       		rl	(hl)
0072+  67E0 2B          		dec	hl
0073+  67E1 CB 16       		rl	(hl)
0074+  67E3 2B          		dec	hl
0075+  67E4 CB 16       		rl	(hl)
0076+  67E6 2B          		dec	hl
0077+  67E7 CB 16       		rl	(hl)
0078+  67E9 2B          		dec	hl
0079+  67EA CB 16       		rl	(hl)
0080+  67EC 2B          		dec	hl
0081+  67ED CB 16       		rl	(hl)
0082+  67EF 2B          		dec	hl
0083+  67F0 CB 16       		rl	(hl)
0084+  67F2 2B          		dec	hl
0085+  67F3 CB 16       		rl	(hl)
0086+  67F5 2B          		dec	hl
0087+  67F6 CB 16       		rl	(hl)
0088+  67F8 2B          		dec	hl
0089+  67F9 CB 16       		rl	(hl)
0090+  67FB 2B          		dec	hl
0091+  67FC CB 16       		rl	(hl)
0092+  67FE 2B          		dec	hl
0093+  67FF CB 16       		rl	(hl)
0094+  6801 2B          		dec	hl
0095+  6802 CB 16       		rl	(hl)
0096+  6804 2B          		dec	hl
0097+  6805 CB 16       		rl	(hl)
0098+  6807 2B          		dec	hl
0099+  6808 CB 16       		rl	(hl)
0100+  680A 2B          		dec	hl
0101+  680B CB 16       		rl	(hl)
0102+  680D 2B          		dec	hl
0103+  680E CB 16       		rl	(hl)
0104+  6810 2B          		dec	hl
0105+  6811 CB 16       		rl	(hl)
0106+  6813 2B          		dec	hl
0107+  6814 CB 16       		rl	(hl)
0108+  6816 2B          		dec	hl
0109+  6817 CB 16       		rl	(hl)
0110+  6819 2B          		dec	hl
0111+  681A CB 16       		rl	(hl)
0112+  681C 2B          		dec	hl
0113+  681D CB 16       		rl	(hl)
0114+  681F 2B          		dec	hl
0115+  6820 CB 16       		rl	(hl)
0116+  6822 2B          		dec	hl
0117+  6823 CB 16       		rl	(hl)
0118+  6825 2B          		dec	hl
0119+  6826 CB 16       		rl	(hl)
0120+  6828 2B          		dec	hl
0121+  6829 CB 16       		rl	(hl)
0122+  682B 2B          		dec	hl
0123+  682C CB 16       		rl	(hl)
0124+  682E 2B          		dec	hl
0125+  682F CB 16       		rl	(hl)
0126+  6831 2B          		dec	hl
0127+  6832 CB 16       		rl	(hl)
0128+  6834 2B          		dec	hl
0129+  6835 CB 16       		rl	(hl)
0130+  6837 2B          		dec	hl
0131+  6838 E1          		pop	hl
0132+  6839 24          		inc	h
0133+  683A 7C          		ld	a, h
0134+  683B E6 07       		and	7
0135+  683D 20 09       		jr	nz, Str_next_line
0136+  683F 7D          		ld	a, l
0137+  6840 D6 E0       		sub	0E0h ; 'à'
0138+  6842 6F          		ld	l, a
0139+  6843 9F          		sbc	a, a
0140+  6844 E6 F8       		and	0F8h ; 'ø'
0141+  6846 84          		add	a, h
0142+  6847 67          		ld	h, a
0143+  6848             Str_next_line: 
0144+  6848 EB          		ex	de, hl
0145+  6849 10 81       		djnz	Str_move_line
0146+  684B A7          		and	a
0147+  684C C9          		ret
0148+  684D             
0149+  684D             Str_load_symbol: 
0150+  684D D6 20       		sub	20h
0151+  684F FE 60       		cp	60h
0152+  6851 38 02       		jr	c, Str_load_data
0153+  6853 D6 60       		sub	60h
0154+  6855             
0155+  6855             Str_load_data: 
0156+  6855 26 00       		ld	h, 0
0157+  6857 6F          		ld	l, a
0158+  6858 29          		add	hl, hl
0159+  6859 29          		add	hl, hl
0160+  685A 29          		add	hl, hl
0161+  685B 29          		add	hl, hl
0162+  685C 29          		add	hl, hl
0163+  685D 01 9E 77    		ld	bc, Str_addr_font
0164+  6860 09          		add	hl, bc
0165+  6861 ED 73 BA 68 		ld	(Str_save_stack + 1),sp
0166+  6865 F9          		ld	sp, hl
0167+  6866 21 C1 68    		ld	hl, Str_buf_data
0168+  6869 C1          		pop	bc
0169+  686A 71          		ld	(hl), c
0170+  686B 23          		inc	hl
0171+  686C 70          		ld	(hl), b
0172+  686D 23          		inc	hl
0173+  686E C1          		pop	bc
0174+  686F 71          		ld	(hl), c
0175+  6870 23          		inc	hl
0176+  6871 70          		ld	(hl), b
0177+  6872 23          		inc	hl
0178+  6873 C1          		pop	bc
0179+  6874 71          		ld	(hl), c
0180+  6875 23          		inc	hl
0181+  6876 70          		ld	(hl), b
0182+  6877 23          		inc	hl
0183+  6878 C1          		pop	bc
0184+  6879 71          		ld	(hl), c
0185+  687A 23          		inc	hl
0186+  687B 70          		ld	(hl), b
0187+  687C 23          		inc	hl
0188+  687D C1          		pop	bc
0189+  687E 71          		ld	(hl), c
0190+  687F 23          		inc	hl
0191+  6880 70          		ld	(hl), b
0192+  6881 23          		inc	hl
0193+  6882 C1          		pop	bc
0194+  6883 71          		ld	(hl), c
0195+  6884 23          		inc	hl
0196+  6885 70          		ld	(hl), b
0197+  6886 23          		inc	hl
0198+  6887 C1          		pop	bc
0199+  6888 71          		ld	(hl), c
0200+  6889 23          		inc	hl
0201+  688A 70          		ld	(hl), b
0202+  688B 23          		inc	hl
0203+  688C C1          		pop	bc
0204+  688D 71          		ld	(hl), c
0205+  688E 23          		inc	hl
0206+  688F 70          		ld	(hl), b
0207+  6890 23          		inc	hl
0208+  6891 C1          		pop	bc
0209+  6892 71          		ld	(hl), c
0210+  6893 23          		inc	hl
0211+  6894 70          		ld	(hl), b
0212+  6895 23          		inc	hl
0213+  6896 C1          		pop	bc
0214+  6897 71          		ld	(hl), c
0215+  6898 23          		inc	hl
0216+  6899 70          		ld	(hl), b
0217+  689A 23          		inc	hl
0218+  689B C1          		pop	bc
0219+  689C 71          		ld	(hl), c
0220+  689D 23          		inc	hl
0221+  689E 70          		ld	(hl), b
0222+  689F 23          		inc	hl
0223+  68A0 C1          		pop	bc
0224+  68A1 71          		ld	(hl), c
0225+  68A2 23          		inc	hl
0226+  68A3 70          		ld	(hl), b
0227+  68A4 23          		inc	hl
0228+  68A5 C1          		pop	bc
0229+  68A6 71          		ld	(hl), c
0230+  68A7 23          		inc	hl
0231+  68A8 70          		ld	(hl), b
0232+  68A9 23          		inc	hl
0233+  68AA C1          		pop	bc
0234+  68AB 71          		ld	(hl), c
0235+  68AC 23          		inc	hl
0236+  68AD 70          		ld	(hl), b
0237+  68AE 23          		inc	hl
0238+  68AF C1          		pop	bc
0239+  68B0 71          		ld	(hl), c
0240+  68B1 23          		inc	hl
0241+  68B2 70          		ld	(hl), b
0242+  68B3 23          		inc	hl
0243+  68B4 C1          		pop	bc
0244+  68B5 71          		ld	(hl), c
0245+  68B6 23          		inc	hl
0246+  68B7 70          		ld	(hl), b
0247+  68B8 23          		inc	hl
0248+  68B9             Str_save_stack: 
0249+  68B9 31 00 00    		ld	sp, 0
0250+  68BC C9          		ret	
0251+  68BD             
0252+  68BD             
0253+  68BD             Str_flg_end: 
0254+  68BD 00          		db 	0
0255+  68BE             
0256+  68BE             Str_count_bit: 
0257+  68BE 00          		db 	0
0258+  68BF             Str_addr_work: 
0259+  68BF 00 00       		dw 	0
0260+  68C1             
0261+  68C1             Str_buf_data:    
0262+  68C1 00          		ds	512
0263+  6AC1             
0264+  6AC1             Str_addr_load: 
0265+  6AC1             		db	'            *LOAD*     ',0
0265+  6AC1 2020202020202020202020202A4C4F41442A202020202000
0266+  6AD9             
0267+  6AD9             Str_addr_text: 
0268+  6AD9             		db 	'                << SPACE TO CHANGE MUSIC >>       '
0268+  6AD9 202020202020202020202020202020203C3C20535041434520544F204348414E
0268+  6AF9 4745204D55534943203E3E20202020202020
0269+  6B0B             		db 	'                ÏÐÈÂÅÒ, ÏÐÈÂÅÒ! MICK ÎÏßÒÜ Ñ ÂÀÌÈ!'
0269+  6B0B 20202020202020202020202020202020CFD0C8C2C5D22C20CFD0C8C2C5D22120
0269+  6B2B 4D49434B20CECFDFD2DC20D120C2C0CCC821
0270+  6B3D             		db	' ÂÎÒ ÐÀÇÐÎÄÈËÑß ÅÙÅ ÍÀ ÎÄÈÍ ÌÓÇÛÊÀËÜÍÛÉ ÑÁÎÐÍÈÊ ÄËß ÇÂÓÊÎÂÎÉ ÊÀÐÒÛ *ZXM-MOONSOUND*.'
0270+  6B3D 20C2CED220D0C0C7D0CEC4C8CBD1DF20C5D9C520CDC020CEC4C8CD20CCD3C7DB
0270+  6B5D CAC0CBDCCDDBC920D1C1CED0CDC8CA20C4CBDF20C7C2D3CACEC2CEC920CAC0D0
0270+  6B7D D2DB202A5A584D2D4D4F4F4E534F554E442A2E
0271+  6B90             		db	' È ÊÀÊ ÎÁÛ×ÍÎ, Î×ÅÐÅÄÍÀß ÏÎÐÖÈß ÔÀÉËÎÂ Ñ ÐÀÑØÈÐÅÍÈÅÌ MWM, ÊÎÒÎÐÛÅ ÍÅ ÒÐÅÁÓÞÒ ÇÀÃÐÓÇÊÈ'
0271+  6B90 20C820CAC0CA20CEC1DBD7CDCE2C20CED7C5D0C5C4CDC0DF20CFCED0D6C8DF20
0271+  6BB0 D4C0C9CBCEC220D120D0C0D1D8C8D0C5CDC8C5CC204D574D2C20CACED2CED0DB
0271+  6BD0 C520CDC520D2D0C5C1D3DED220C7C0C3D0D3C7CAC8
0272+  6BE5             		db	' ÑÝÌÏËÎÂ. ÊÀÐÒÈÍÊÀ ÈÇ ÈÍÅÒÀ, ÑËÅÃÊÀ ÑÊÎÍÂÅÐ×ÅÍÀ È ÏÎÄÐÈÕÒÎÂÀÍÀ Â ÌÅÐÓ ÌÎÈÕ ÓÌÅÍÈÉ.'
0272+  6BE5 20D1DDCCCFCBCEC22E20CAC0D0D2C8CDCAC020C8C720C8CDC5D2C02C20D1CBC5
0272+  6C05 C3CAC020D1CACECDC2C5D0D7C5CDC020C820CFCEC4D0C8D5D2CEC2C0CDC020C2
0272+  6C25 20CCC5D0D320CCCEC8D520D3CCC5CDC8C92E
0273+  6C37             		db	' ÈÇ ÍÎÂÜÅÖÀ ÏÎÆÀËÓÉ ÎÒÌÅ×Ó, ×ÒÎ ÏÐÈÊÐÓÒÈË ÒÈÏÀ ÀÍÀËÈÇÀÒÎÐ. ÏÐÈØËÎÑÜ ÄËß ÝÒÎÃÎ ÐÀÑÏÎÒÐÎØÈÒÜ'
0273+  6C37 20C8C720CDCEC2DCC5D6C020CFCEC6C0CBD3C920CED2CCC5D7D32C20D7D2CE20
0273+  6C57 CFD0C8CAD0D3D2C8CB20D2C8CFC020C0CDC0CBC8C7C0D2CED02E20CFD0C8D8CB
0273+  6C77 CED1DC20C4CBDF20DDD2CEC3CE20D0C0D1CFCED2D0CED8C8D2DC
0274+  6C91             		db	' ÄÅÌÊÓ Ñ ÊÎÌÏÜÞÒÅÐÀ MSX 2.  È ÏÎÊÀ ß ÑÎÎÁÐÀÆÀË ÊÀÊ ÑÎÒÂÎÐÈÒÜ ÍÎÂÛÉ ÑÁÎÐÍÈÊ Â ÌÈÐÅ ÑÏÅÊÒÐÓÌÀ'
0274+  6C91 20C4C5CCCAD320D120CACECCCFDCDED2C5D0C0204D535820322E2020C820CFCE
0274+  6CB1 CAC020DF20D1CECEC1D0C0C6C0CB20CAC0CA20D1CED2C2CED0C8D2DC20CDCEC2
0274+  6CD1 DBC920D1C1CED0CDC8CA20C220CCC8D0C520D1CFC5CAD2D0D3CCC0
0275+  6CEC             		db	' ÒÂÎÐÈËÈÑÜ ÑÎÂÑÅÌ ÍÅØÓÒÎ×ÍÛÅ ÑÎÁÛÒÈß. ÂÅËÈÊÈÉ È ÓÆÀÑÍÛÉ ÁÎÃ ÄÅÌÎÑÖÅÍÛ ÀÀÀ ÑÒÀË ËÈ×ÍÎÑÒÍÎ'
0275+  6CEC 20D2C2CED0C8CBC8D1DC20D1CEC2D1C5CC20CDC5D8D3D2CED7CDDBC520D1CEC1
0275+  6D0C DBD2C8DF2E20C2C5CBC8CAC8C920C820D3C6C0D1CDDBC920C1CEC320C4C5CCCE
0275+  6D2C D1D6C5CDDB20C0C0C020D1D2C0CB20CBC8D7CDCED1D2CDCE
0276+  6D44             		db	' ÐÀÇÄÂÀÈÂÀÒÜÑß È ÑÒÀÂ ÌÀÐÈÅÉ ÁÐÀÕÌÀÒÓËËÈÍÎÉ ÎÒÆÈÃÀË ÒÀÊÈÅ ÏÅÐËÛ ÏÎ ÏÎÂÎÄÓ ÕÀÉÏÀ È ÄÅÌÎÑÖÅÍÛ,'
0276+  6D44 20D0C0C7C4C2C0C8C2C0D2DCD1DF20C820D1D2C0C220CCC0D0C8C5C920C1D0C0
0276+  6D64 D5CCC0D2D3CBCBC8CDCEC920CED2C6C8C3C0CB20D2C0CAC8C520CFC5D0CBDB20
0276+  6D84 CFCE20CFCEC2CEC4D320D5C0C9CFC020C820C4C5CCCED1D6C5CDDB2C
0277+  6DA0             		db	' ×ÒÎ ÂÏÎÐÓ ÈÇÄÀÂÀÒÜ ÑÁÎÐÍÈÊ ÅÃÎ ÈÇÐÅ×ÅÍÈÉ. ÕÎÒß ÂÐÎÄÅ ÍÀ ÄÀÍÍÛÉ ÌÎÌÅÍÒ ÀÀÀ ÓÑÏÎÊÎÈËÑß, ÂÅÐÍÓË'
0277+  6DA0 20D7D2CE20C2CFCED0D320C8C7C4C0C2C0D2DC20D1C1CED0CDC8CA20C5C3CE20
0277+  6DC0 C8C7D0C5D7C5CDC8C92E20D5CED2DF20C2D0CEC4C520CDC020C4C0CDCDDBC920
0277+  6DE0 CCCECCC5CDD220C0C0C020D3D1CFCECACEC8CBD1DF2C20C2C5D0CDD3CB
0278+  6DFD             		db	' ÑÂÎÉ ÑÀÉÒ È ÄÀÆÅ ÑÒÀË ÏÈÑÀÒÜ ÍÀ ZX.PK.RU. ÂÎÎÁÙÅÌ ÑÏËÎØÍÀß Ó ÍÀÑ ÑÀÍÒÀ-ÁÀÐÁÀÐÀ. È ÝÒÎ ÍÀÂÅÐÍÎÅ'
0278+  6DFD 20D1C2CEC920D1C0C9D220C820C4C0C6C520D1D2C0CB20CFC8D1C0D2DC20CDC0
0278+  6E1D 205A582E504B2E52552E20C2CECEC1D9C5CC20D1CFCBCED8CDC0DF20D320CDC0
0278+  6E3D D120D1C0CDD2C02DC1C0D0C1C0D0C02E20C820DDD2CE20CDC0C2C5D0CDCEC5
0279+  6E5C             		db	' ÕÎÐÎØÎ :)    ' 
0279+  6E5C 20D5CED0CED8CE203A2920202020
0280+  6E6A             		db	' ÀÕ ÄÀ, ÑÎÂÑÅÌ ÇÀÁÛË ÑÊÀÇÀÒÜ, ×ÒÎ ÎÄÈÍ ÈÇÂÅÑÒÍÛÉ Â ÌÈÐÅ ÑÏÅÊÒÐÓÌÀ ÕÓÄÎÆÍÈÊ ÏÐÅÇÅÍÒÎÂÀË ÏÎÒÐßÑÍÓÞ'
0280+  6E6A 20C0D520C4C02C20D1CEC2D1C5CC20C7C0C1DBCB20D1CAC0C7C0D2DC2C20D7D2
0280+  6E8A CE20CEC4C8CD20C8C7C2C5D1D2CDDBC920C220CCC8D0C520D1CFC5CAD2D0D3CC
0280+  6EAA C020D5D3C4CEC6CDC8CA20CFD0C5C7C5CDD2CEC2C0CB20CFCED2D0DFD1CDD3DE
0281+  6ECA             		db	' ÊÀÐÒÈÍÊÓ. ÒÅÏÅÐÜ ÎÑÒÀËÎÑÜ ÍÀÉÒÈ ÄËß ÍÅÅ ÏÎÄÕÎÄßÙÓÞÞ ÊÐÓÒÓÞ ÌÓÇÛÊÓ. È ÏÎÊÀ ß ÝÒÓ ÌÓÇÛÊÓ ÈÙÓ, ÑÊÀÆÓ ÝÒÎÌÓ ÕÓÄÎÆÍÈÊÓ' 
0281+  6ECA 20CAC0D0D2C8CDCAD32E20D2C5CFC5D0DC20CED1D2C0CBCED1DC20CDC0C9D2C8
0281+  6EEA 20C4CBDF20CDC5C520CFCEC4D5CEC4DFD9D3DEDE20CAD0D3D2D3DE20CCD3C7DB
0281+  6F0A CAD32E20C820CFCECAC020DF20DDD2D320CCD3C7DBCAD320C8D9D32C20D1CAC0
0281+  6F2A C6D320DDD2CECCD320D5D3C4CEC6CDC8CAD3
0282+  6F3C             		db	' ÁÎËÜØÓÙÅÅ ÑÏÀÑÈÁÎ - ÊÀÐÒÈÍÊÀ ÏÐÎÑÒÎ ÊÐÓÒÎÒÅÍÅ×ÊÀ.'
0282+  6F3C 20C1CECBDCD8D3D9C5C520D1CFC0D1C8C1CE202D20CAC0D0D2C8CDCAC020CFD0
0282+  6F5C CED1D2CE20CAD0D3D2CED2C5CDC5D7CAC02E
0283+  6F6E             
0284+  6F6E             		db	' ÈÒÀÊ, Â ÝÒÎÌ ÑÁÎÐÍÈÊÅ ÒÐÈÍÀÄÖÀÒÜ ÌÅËÎÄÈÉ, ÊÎÒÎÐÛÅ'
0284+  6F6E 20C8D2C0CA2C20C220DDD2CECC20D1C1CED0CDC8CAC520D2D0C8CDC0C4D6C0D2
0284+  6F8E DC20CCC5CBCEC4C8C92C20CACED2CED0DBC5
0285+  6FA0             		db	' ÏÅÐÅÊËÞ×ÀÞÒÑß ÏÓÒÅÌ ÍÀÆÀÒÈß ÊËÀÂÈØÈ "SPACE". ÑÏÈÑÎÊ ÌÅËÎÄÈÉ ÈÄÅÒ ÑËÅÄÎÌ: '
0285+  6FA0 20CFC5D0C5CACBDED7C0DED2D1DF20CFD3D2C5CC20CDC0C6C0D2C8DF20CACBC0
0285+  6FC0 C2C8D8C820225350414345222E20D1CFC8D1CECA20CCC5CBCEC4C8C920C8C4C5
0285+  6FE0 D220D1CBC5C4CECC3A20
0286+  6FEA             
0287+  6FEA             		db	' ALEXF.MWM (AXELF: TOTAL REMIX VERSION 2.0 FRANS J.W.KOLLER ),'
0287+  6FEA 20414C4558462E4D574D20284158454C463A20544F54414C2052454D49582056
0287+  700A 455253494F4E20322E30204652414E53204A2E572E4B4F4C4C455220292C
0288+  7028             		db	' CYNTHIA.MWM (CYNTHIA: ODE TO CYNTHIA EXPERIES, FRANS J.W. KOLLER),'
0288+  7028 2043594E544849412E4D574D202843594E544849413A204F444520544F204359
0288+  7048 4E544849412045585045524945532C204652414E53204A2E572E204B4F4C4C45
0288+  7068 52292C
0289+  706B             		db	' SNOUT5.MWM (SNOUTRIEDEL 5 / R.VD. MOOSDIJK & A.DE RAAD / 1996),'
0289+  706B 20534E4F5554352E4D574D2028534E4F555452494544454C2035202F20522E56
0289+  708B 442E204D4F4F5344494A4B202620412E44452052414144202F2031393936292C
0290+  70AB             		db	' ENDLESSN.MWM (ENDLESS NIGHT - DG - COMPJOETANIA),'
0290+  70AB 20454E444C4553534E2E4D574D2028454E444C455353204E49474854202D2044
0290+  70CB 47202D20434F4D504A4F4554414E4941292C
0291+  70DD             		db	' MISTYHEA.MWM (MISTY HERAT - DAVE GROENEN),'
0291+  70DD 204D495354594845412E4D574D20284D49535459204845524154202D20444156
0291+  70FD 452047524F454E454E292C
0292+  7108             		db	' POPCORN.MWM (POPCORN: FRANS J.W. KOLLER),'
0292+  7108 20504F50434F524E2E4D574D2028504F50434F524E3A204652414E53204A2E57
0292+  7128 2E204B4F4C4C4552292C
0293+  7132             		db	' DISCUSS.MWM (DISS-CUSS),'
0293+  7132 20444953435553532E4D574D2028444953532D43555353292C
0294+  714B             		db	' NEOKOBE.MWM (ONE NIGHT IN NEO-KOBE-CITY / MASAHIRO IKARIKO),'
0294+  714B 204E454F4B4F42452E4D574D20284F4E45204E4947485420494E204E454F2D4B
0294+  716B 4F42452D43495459202F204D4153414849524F20494B4152494B4F292C
0295+  7188             		db	' MACGYVER.MWM (MACGYVER - HANS SCHOORMANS),'
0295+  7188 204D414347595645522E4D574D20284D41434759564552202D2048414E532053
0295+  71A8 43484F4F524D414E53292C
0296+  71B3             		db	' SILENT.MWM (SILENT WAITING - F!R3B0Y),'
0296+  71B3 2053494C454E542E4D574D202853494C454E542057414954494E47202D204621
0296+  71D3 5233423059292C
0297+  71DA             		db	' SNOUT4.MWM (SNOUTRIEDEL 4 / R.VD. MOOSDIJK & A.DE RAAD / 1996),'
0297+  71DA 20534E4F5554342E4D574D2028534E4F555452494544454C2034202F20522E56
0297+  71FA 442E204D4F4F5344494A4B202620412E44452052414144202F2031393936292C
0298+  721A             		db	' THEMA1.MWM (THEMA1: M. HOLDORP / FRANS J.W. KOLLER),'
0298+  721A 205448454D41312E4D574D20285448454D41313A204D2E20484F4C444F525020
0298+  723A 2F204652414E53204A2E572E204B4F4C4C4552292C
0299+  724F             		db	' TRYOUT1.MWM (FIRST OPL4_24 WAVES TRY-OUT ANNE DE RAAD -FB- 1995).'
0299+  724F 205452594F5554312E4D574D20284649525354204F504C345F32342057415645
0299+  726F 53205452592D4F555420414E4E452044452052414144202D46422D2031393935
0299+  728F 292E
0300+  7291             
0301+  7291             		db	' ÊÐÎÌÅ ÒÎÃÎ ÅÑÒÜ ÅÙÅ ÎÄÍÀ ÊÍÎÏÊÀ "BREAK" - ÂÛÕÎÄ Â TR-DOS.'
0301+  7291 20CAD0CECCC520D2CEC3CE20C5D1D2DC20C5D9C520CEC4CDC020CACDCECFCAC0
0301+  72B1 2022425245414B22202D20C2DBD5CEC420C22054522D444F532E
0302+  72CB             		db 	' Î ÏÐÎÃÐÀÌÌÅ: ÎÑÍÎÂÍÛÅ ÌÀÒÅÐÈÀËÛ ÁÛËÈ ÏÎÇÀÈÌÑÒÂÎÂÀÍÛ Ñ ÏÐÎÃÐÀÌÌ ÊÎÌÏÜÞÒÅÐÀ "MSX" È ÂÅËÈÊÎÉ'
0302+  72CB 20CE20CFD0CEC3D0C0CCCCC53A20CED1CDCEC2CDDBC520CCC0D2C5D0C8C0CBDB
0302+  72EB 20C1DBCBC820CFCEC7C0C8CCD1D2C2CEC2C0CDDB20D120CFD0CEC3D0C0CCCC20
0302+  730B CACECCCFDCDED2C5D0C020224D53582220C820C2C5CBC8CACEC9
0303+  7325             		db	' ÌÓÑÎÐÊÈ ÏÎÄ ÍÀÇÂÀÍÈÅÌ ÈÍÒÅÐÍÅÒ.' 
0303+  7325 20CCD3D1CED0CAC820CFCEC420CDC0C7C2C0CDC8C5CC20C8CDD2C5D0CDC5D22E
0304+  7345             		db 	' ÂÑÅ ÝÒÎ ÑÎÁÈÐÀËÎÑÜ ÍÀ ÐÑ ÏÐÈ ÏÎÌÎÙÈ ÀÑÑÅÌÁËÅÐÀ  SJASMPLUS.'
0304+  7345 20C2D1C520DDD2CE20D1CEC1C8D0C0CBCED1DC20CDC020D0D120CFD0C820CFCE
0304+  7365 CCCED9C820C0D1D1C5CCC1CBC5D0C02020534A41534D504C55532E
0305+  7380             		db	' ÍÀÏÎÌÍÞ, ÅÑËÈ Ó ÂÀÑ ÊÀÐÒÈÍÊÀ ÃÄÅ ÅÑÒÜ ÒÅÌÀ ËÓÍÛ È ÏÅÉÇÀÉÆÅÉ, ÒÎ ÌÈËÎÑÒÈ ÏÐÎÑÈÌ Â ÑËÅÄÓÞÙÈÉ ÂÛÏÓÑÊ.'
0305+  7380 20CDC0CFCECCCDDE2C20C5D1CBC820D320C2C0D120CAC0D0D2C8CDCAC020C3C4
0305+  73A0 C520C5D1D2DC20D2C5CCC020CBD3CDDB20C820CFC5C9C7C0C9C6C5C92C20D2CE
0305+  73C0 20CCC8CBCED1D2C820CFD0CED1C8CC20C220D1CBC5C4D3DED9C8C920C2DBCFD3
0305+  73E0 D1CA2E
0306+  73E3             		db	' ÊÎÐÎ×Å, ÆÄÅÌ ÍÎÂÛÕ ÒÂÎÐÅÍÈÉ ÎÒ ÕÓÄÎÆÍÈÊÎÂ ÏÐÎÔÅÑÑÈÎÍÀËÜÍÛÕ È ÍÅ Î×ÅÍÜ. ÇÀÑÈÌ ÏÐÎÑÈÌ ÎÒÊËÀÍßÒÑß, ÄÀËÅÅ ÈÄÅÒ'
0306+  73E3 20CACED0CED7C52C20C6C4C5CC20CDCEC2DBD520D2C2CED0C5CDC8C920CED220
0306+  7403 D5D3C4CEC6CDC8CACEC220CFD0CED4C5D1D1C8CECDC0CBDCCDDBD520C820CDC5
0306+  7423 20CED7C5CDDC2E20C7C0D1C8CC20CFD0CED1C8CC20CED2CACBC0CDDFD2D1DF2C
0306+  7443 20C4C0CBC5C520C8C4C5D2
0307+  744E             		db	' ÒÐÀÄÈÖÈÎÍÍÀß ÐÓÁÐÈÊÀ.'
0307+  744E 20D2D0C0C4C8D6C8CECDCDC0DF20D0D3C1D0C8CAC02E
0308+  7464             		db	'             ÏÐÈÂÅÒÛ È ÑÏÀÑÈÁÛ!     '
0308+  7464 20202020202020202020202020CFD0C8C2C5D2DB20C820D1CFC0D1C8C1DB2120
0308+  7484 20202020
0309+  7488             		db	' ÀÀÀ, ÒÛ ÂÅÐÍÓÑËß È ÇÀ ÝÒÎ ÒÅÁÅ ÏÐÈÂÅÒ. ÊÒÎ ÆÅ ÁÓÄÅÒ ÁÎÐÎÒÜÑß Ñ ÕÀÉÏÎÌ, ÊÀÊ ÍÅ ÒÛ.'
0309+  7488 20C0C0C02C20D2DB20C2C5D0CDD3D1CBDF20C820C7C020DDD2CE20D2C5C1C520
0309+  74A8 CFD0C8C2C5D22E20CAD2CE20C6C520C1D3C4C5D220C1CED0CED2DCD1DF20D120
0309+  74C8 D5C0C9CFCECC2C20CAC0CA20CDC520D2DB2E
0310+  74DA             		db	' TS-LABS, ÑÏÀÑÈÁÎ ÇÀ ÒÎ, ×ÒÎ ÏÐÈÞÒÈË ÍÀ ÑÂÎÅÌ ÔÎÐÓÌÅ ÁÅÑÕÎÇÍÎÃÎ ÏËÞØÅÂÎÃÎ ÌÅÄÂÅÄß.'
0310+  74DA 2054532D4C4142532C20D1CFC0D1C8C1CE20C7C020D2CE2C20D7D2CE20CFD0C8
0310+  74FA DED2C8CB20CDC020D1C2CEC5CC20D4CED0D3CCC520C1C5D1D5CEC7CDCEC3CE20
0310+  751A CFCBDED8C5C2CEC3CE20CCC5C4C2C5C4DF2E
0311+  752C             		db	' ÀÂÒÎÐÀÌ ÌÓÇÛÊÈ, ÇÂÓ×ÀÙÅÉ Â ÑÁÎÐÍÈÊÅ ÎÃÐÎÌÍÛÉ ÐÅÑÏÅÊÒ È ÓÂÀÆÓÕÀ.'
0311+  752C 20C0C2D2CED0C0CC20CCD3C7DBCAC82C20C7C2D3D7C0D9C5C920C220D1C1CED0
0311+  754C CDC8CAC520CEC3D0CECCCDDBC920D0C5D1CFC5CAD220C820D3C2C0C6D3D5C02E
0312+  756C             		db	' ÂÑÅÌ ÂËÀÄÅËÜÖÀÌ ÏÐÎÄÓÊÖÈÈ ÏÎÄ ÁÐÅÍÄÎÌ "ZXM" ÁÎËÜØÓÙÈÉ ÏÐÈÂÅÒ. ÂÀÑ ÌÍÎÃÎ, ÌÎÆÍÎ ÍÅ ÁÓÄÓ ÂÀÑ ÍÀÇÛÂÀÒÜ ÂÑÅÕ ÏÎÈÌÅÍÍÎ.'
0312+  756C 20C2D1C5CC20C2CBC0C4C5CBDCD6C0CC20CFD0CEC4D3CAD6C8C820CFCEC420C1
0312+  758C D0C5CDC4CECC20225A584D2220C1CECBDCD8D3D9C8C920CFD0C8C2C5D22E20C2
0312+  75AC C0D120CCCDCEC3CE2C20CCCEC6CDCE20CDC520C1D3C4D320C2C0D120CDC0C7DB
0312+  75CC C2C0D2DC20C2D1C5D520CFCEC8CCC5CDCDCE2E
0313+  75DF             		db	' ÏÐÈÂÅÒ ÒÀÊÆÅ ÂÑÅÌ ÑÏÅÊÒÐÓÌÈÑÒÀÌ, ÁÛÂØÈÌ, ÍÀÑÒÎßÙÈÌ È ÂÎÇÌÎÆÍÎ ÁÓÄÓÙÈÌ.'
0313+  75DF 20CFD0C8C2C5D220D2C0CAC6C520C2D1C5CC20D1CFC5CAD2D0D3CCC8D1D2C0CC
0313+  75FF 2C20C1DBC2D8C8CC2C20CDC0D1D2CEDFD9C8CC20C820C2CEC7CCCEC6CDCE20C1
0313+  761F D3C4D3D9C8CC2E
0314+  7626             		db	'       È ÏÎÑËÅÄÍÈÉ ÀÁÇÀÖ :) :)'
0314+  7626 20202020202020C820CFCED1CBC5C4CDC8C920C0C1C7C0D6203A29203A29
0315+  7644             		db	' ÂÑß ÈÍÔÀ ÏÎ ÌÎÈÌ ÏÐÎÅÊÒÀÌ ÍÀ ÑÀÉÒÅ WWW.MICKLAB.RU, '
0315+  7644 20C2D1DF20C8CDD4C020CFCE20CCCEC8CC20CFD0CEC5CAD2C0CC20CDC020D1C0
0315+  7664 C9D2C5205757572E4D49434B4C41422E52552C20
0316+  7678             		db	' ÑÂßÇÀÒÜÑß ÑÎ ÌÍÎÉ ÌÎÆÍÎ ×ÅÐÅÇ ÔÎÐÓÌ WWW.TS-LABS.INFO - ÍÈÊÍÅÉÌ MICK ÈËÈ ×ÅÐÅÇ ÌÛËÎ'
0316+  7678 20D1C2DFC7C0D2DCD1DF20D1CE20CCCDCEC920CCCEC6CDCE20D7C5D0C5C720D4
0316+  7698 CED0D3CC205757572E54532D4C4142532E494E464F202D20CDC8CACDC5C9CC20
0316+  76B8 4D49434B20C8CBC820D7C5D0C5C720CCDBCBCE
0317+  76CB             		db	' MICKLAB(ÃÀÂ-ÃÀÂ)MAIL.RU.' 
0317+  76CB 204D49434B4C414228C3C0C22DC3C0C2294D41494C2E52552E
0318+  76E4             		db	' ÏÎÐÀ ÏÐÎÙÀÒÜÑß. ÏÎÑÌÎÐÒÈÌ ÁÓÄÓÒ ËÈ ÅÙÅ ÏÐÎÃÐÀÌÌÊÈ ÎÒ ÌÅÍß :) ÏÎÊÀ! ÏÎÊÀ!      '
0318+  76E4 20CFCED0C020CFD0CED9C0D2DCD1DF2E20CFCED1CCCED0D2C8CC20C1D3C4D3D2
0318+  7704 20CBC820C5D9C520CFD0CEC3D0C0CCCCCAC820CED220CCC5CDDF203A2920CFCE
0318+  7724 CAC02120CFCECAC021202020202020
0319+  7733             		db	'            JULY *2016*    GRAPHICS AND CODE BY MICK         '
0319+  7733 2020202020202020202020204A554C59202A323031362A202020204752415048
0319+  7753 49435320414E4420434F4445204259204D49434B202020202020202020
0320+  7770             		db	'                                             ',0           		
0320+  7770 2020202020202020202020202020202020202020202020202020202020202020
0320+  7790 2020202020202020202020202000
0321+  779E             Str_addr_font: 
0322+  779E             		incbin "demo2.fnt"
0323+  839E             Str_end_font: 
0324+  839E             
0579   839E             		.include  mwm_player.asm
0001+  839E             ;--------------------------------------------------------------------
0002+  839E             ; Îïèñàíèå: Ïðîèãðûâàþùèé ìîäóëü ìóçûêàëüíûõ ôàéëîâ MWM c êîìïüþòåðà MSX
0003+  839E             ; Àâòîð ïîðòà: Òàðàñîâ Ì.Í.(Mick),2015
0004+  839E             ;--------------------------------------------------------------------
0005+  839E             MOON_BASE: 	equ	0C4h
0006+  839E             MOON_REG1: 	equ	MOON_BASE
0007+  839E             MOON_DAT1: 	equ	MOON_BASE+1
0008+  839E             MOON_REG2: 	equ	MOON_BASE+2
0009+  839E             MOON_DAT2: 	equ	MOON_BASE+3
0010+  839E             MOON_STAT: 	equ	MOON_BASE
0011+  839E             
0012+  839E             MOON_WREG: 	equ	7Eh
0013+  839E             MOON_WDAT: 	equ	MOON_WREG+1
0014+  839E             
0015+  839E             PTW_SIZE: 	equ	20	; size of Wave playtable line
0016+  839E             WAVCHNS: 	equ	24
0017+  839E             
0018+  839E             ;-------------------------------------------------------------------
0019+  839E             ; îïèñàíèå: Èíèöèàëèçàöèÿ ïðîèãðûâàòåëÿ
0020+  839E             ; ïàðàìåòðû: íåò
0021+  839E             ; âîçâðàùàåìîå  çíà÷åíèå: íåò
0022+  839E             ;---------------------------------------------------------------------
0023+  839E             MBPlayer_init: 
0024+  839E C3 AA 83    		jp	MBPlayer_start_music
0025+  83A1             ;-------------------------------------------------------------------
0026+  83A1             ; îïèñàíèå: Ïðîèãðûâàíèå íîòû
0027+  83A1             ; ïàðàìåòðû: íåò
0028+  83A1             ; âîçâðàùàåìîå  çíà÷åíèå: íåò
0029+  83A1             ;---------------------------------------------------------------------
0030+  83A1             MBPlayer_play: 
0031+  83A1 C3 80 84    		jp	MBPlayer_play_music
0032+  83A4             ;-------------------------------------------------------------------
0033+  83A4             ; îïèñàíèå: Îñòàíîâêà ïðîèãðûâàíèÿ
0034+  83A4             ; ïàðàìåòðû: íåò
0035+  83A4             ; âîçâðàùàåìîå  çíà÷åíèå: íåò
0036+  83A4             ;---------------------------------------------------------------------
0037+  83A4             MBPlayer_stop: 
0038+  83A4 C3 56 84    		jp	MBPlayer_stop_music
0039+  83A7             ;-------------------------------------------------------------------
0040+  83A7             ; îïèñàíèå: Óñòàíîâêà òèøèíû â çâóêîâîé ÷èï
0041+  83A7             ; ïàðàìåòðû: íåò
0042+  83A7             ; âîçâðàùàåìîå  çíà÷åíèå: íåò
0043+  83A7             ;---------------------------------------------------------------------
0044+  83A7             MBPlayer_fade: 
0045+  83A7 C3 70 84    		jp	MBPlayer_fade_music
0046+  83AA             ;-------------------------------------------------------------------
0047+  83AA             ; îïèñàíèå: Èíèöèàëèçàöèÿ ïðîèãðûâàòåëÿ
0048+  83AA             ; ïàðàìåòðû: íåò
0049+  83AA             ; âîçâðàùàåìîå  çíà÷åíèå: íåò
0050+  83AA             ;---------------------------------------------------------------------
0051+  83AA             MBPlayer_start_music: 
0052+  83AA F3          		di	
0053+  83AB 3A F8 8A    		ld	a, (MBPlayer_play_busy)
0054+  83AE B7          		or	a
0055+  83AF C0          		ret	nz				; already playing?
0056+  83B0             
0057+  83B0 3E FF       		ld	a, 0FFh
0058+  83B2 32 F8 8A    		ld	(MBPlayer_play_busy), a 	; set busy playing
0059+  83B5             
0060+  83B5 AF          		xor	a
0061+  83B6 32 1C 8B    		ld	(MBPlayer_play_intcnt), a
0062+  83B9 3E 0F       		ld	a, 15
0063+  83BB 32 FA 8A    		ld	(MBPlayer_play_step), a 	; set step and position
0064+  83BE 3E FF       		ld	a, 0FFh
0065+  83C0 32 F9 8A    		ld	(MBPlayer_play_pos), a
0066+  83C3             
0067+  83C3             ;		call	MBPlayer_getbank_FE
0068+  83C3             ;		ld	(MBPlayer_save_curbank), a
0069+  83C3             
0070+  83C3             ;		ld	a, (MBPlayer_songdata_bank1)
0071+  83C3             ;		call	MBPlayer_selbank_FE
0072+  83C3             
0073+  83C3 2A FD 8A    		ld	hl, (MBPlayer_songdata_addres)
0074+  83C6 11 28 8B    		ld	de, MBPlayer_xleng
0075+  83C9 01 DC 00    		ld	bc, 220
0076+  83CC ED B0       		ldir	
0077+  83CE 11 3A 00    		ld	de, 58
0078+  83D1 19          		add	hl, de
0079+  83D2 22 06 8C    		ld	(MBPlayer_pos_address), hl
0080+  83D5 3A 28 8B    		ld	a, (MBPlayer_xleng)
0081+  83D8 3C          		inc	a
0082+  83D9 5F          		ld	e, a
0083+  83DA 19          		add	hl, de
0084+  83DB 22 04 8C    		ld	(MBPlayer_pat_address), hl
0085+  83DE             
0086+  83DE             ;		ld	a, (MBPlayer_save_curbank)
0087+  83DE             ;		call	MBPlayer_selbank_FE
0088+  83DE             
0089+  83DE CD 00 84    		call	MBPlayer_init_opl4 		;initialise OPL4
0090+  83E1 CD 0E 84    		call	MBPlayer_init_voices
0091+  83E4 3A 42 8B    		ld	a, (MBPlayer_xtempo)
0092+  83E7 32 19 8B    		ld	(MBPlayer_play_speed), a
0093+  83EA 3A 19 8B    		ld	a, (MBPlayer_play_speed)
0094+  83ED D6 03       		sub	3
0095+  83EF 32 1B 8B    		ld	(MBPlayer_play_timercnt), a
0096+  83F2 AF          		xor	a
0097+  83F3 32 1A 8B    		ld	(MBPlayer_play_tspval), a
0098+  83F6 32 1E 8B    		ld	(MBPlayer_play_fading), a
0099+  83F9 32 1F 8B    		ld	(MBPlayer_play_fadecnt), a
0100+  83FC 32 21 8B    		ld	(MBPlayer_play_fadetcnt), a
0101+  83FF             
0102+  83FF             loc_0_4378: 
0103+  83FF             ;		di	
0104+  83FF             ;		ld	hl, 0FD9Fh
0105+  83FF             ;		ld	de, locret_0_455C
0106+  83FF             ;		ld	bc, 5
0107+  83FF             ;		ldir	
0108+  83FF             ;		ld	a, 0C3h	; 'Ã'
0109+  83FF             ;		ld	(0FD9Fh), a
0110+  83FF             ;		ld	hl, MBPlayer_play_music
0111+  83FF             ;		ld	(0FDA0h), hl
0112+  83FF             ;		ei	
0113+  83FF C9          		ret	
0114+  8400             ;-------------------------------------------------------------------
0115+  8400             ; îïèñàíèå: Èíèöèàëèçàöèÿ OPL4 ðåãèñòðîâ
0116+  8400             ; ïàðàìåòðû: íåò
0117+  8400             ; âîçâðàùàåìîå  çíà÷åíèå: íåò
0118+  8400             ;---------------------------------------------------------------------
0119+  8400             MBPlayer_init_opl4: 
0120+  8400 3E 03       		ld	a, 3
0121+  8402 0E 05       		ld	c, 5
0122+  8404 CD D5 8A    		call	sub_0_4A3F
0123+  8407 0E 02       		ld	c, 2
0124+  8409 3E 10       		ld	a, 10h
0125+  840B C3 E1 8A    		jp	MBPlayer_out_wave
0126+  840E             ;-------------------------------------------------------------------
0127+  840E             ; îïèñàíèå: Èíèöèàëèçàöèÿ OPL4 êàíàëîâ
0128+  840E             ; ïàðàìåòðû: íåò
0129+  840E             ; âîçâðàùàåìîå  çíà÷åíèå: íåò
0130+  840E             ;---------------------------------------------------------------------
0131+  840E             MBPlayer_init_voices: 
0132+  840E 06 18       		ld	b, WAVCHNS			; # wave channels
0133+  8410 FD 21 0A 8C 		ld	iy, MBPlayer_play_table_wav
0134+  8414 DD 21 8C 8B 		ld	ix, MBPlayer_xbegwav
0135+  8418 11 14 00    		ld	de, PTW_SIZE
0136+  841B             loc_0_43AC: 
0137+  841B D5          		push	de
0138+  841C C5          		push	bc
0139+  841D DD 7E B8    		ld	a,(ix - 48h)			; xdetune!
0140+  8420 87          		add	a, a
0141+  8421 FD 77 05    		ld	(iy + 5), a			; detune!
0142+  8424 DD 7E 00    		ld	a, (ix + 0)                     ; wave/patchnr
0143+  8427 F5          		push	af
0144+  8428 CD B4 88    		call	MBPlayer_play_wwavevt2
0145+  842B F1          		pop	af
0146+  842C 21 D3 8B    		ld	hl, MBPlayer_xwavvols - 1
0147+  842F 85          		add	a, l
0148+  8430 30 01       		jr	nc, loc_0_43C4
0149+  8432 24          		inc	h
0150+  8433             
0151+  8433             loc_0_43C4: 
0152+  8433 6F          		ld	l, a
0153+  8434 7E          		ld	a, (hl)
0154+  8435 FD 77 0F    		ld	(iy + 0Fh), a
0155+  8438 CD F3 88    		call	MBPlayer_play_wchgvol2
0156+  843B DD 7E 9E    		ld	a, (ix - 62h)
0157+  843E CD A3 89    		call	MBPlayer_play_wchgste2
0158+  8441 DD 23       		inc	ix
0159+  8443 C1          		pop	bc
0160+  8444 D1          		pop	de
0161+  8445 FD 19       		add	iy, de
0162+  8447 10 D2       		djnz	loc_0_43AC
0163+  8449 C9          		ret	
0164+  844A             
0165+  844A             loc_0_43DB: 
0166+  844A 3A F8 8A    		ld	a, (MBPlayer_play_busy)
0167+  844D B7          		or	a
0168+  844E C0          		ret	nz
0169+  844F 3D          		dec	a
0170+  8450 32 F8 8A    		ld	(MBPlayer_play_busy), a
0171+  8453 C3 FF 83    		jp	loc_0_4378
0172+  8456             ;-------------------------------------------------------------------
0173+  8456             ; îïèñàíèå: Îñòàíîâêà ïðîèãðûâàíèÿ
0174+  8456             ; ïàðàìåòðû: íåò
0175+  8456             ; âîçâðàùàåìîå  çíà÷åíèå: íåò
0176+  8456             ;---------------------------------------------------------------------
0177+  8456             MBPlayer_stop_music: 
0178+  8456             ;		ld	a, (MBPlayer_play_busy)
0179+  8456             ;		or	a
0180+  8456             ;		ret	z
0181+  8456             
0182+  8456 F3          		di	
0183+  8457 AF          		xor	a
0184+  8458 32 F8 8A    		ld	(MBPlayer_play_busy), a
0185+  845B             
0186+  845B             ;		ld	hl, locret_0_455C
0187+  845B             ;		ld	de, 0FD9Fh
0188+  845B             ;		ld	bc, 5
0189+  845B             ;		ldir	
0190+  845B 06 18       		ld	b, WAVCHNS			; # wave channels
0191+  845D FD 21 0A 8C 		ld	iy, MBPlayer_play_table_wav
0192+  8461 11 14 00    		ld	de, PTW_SIZE
0193+  8464             
0194+  8464             loc_0_4405: 
0195+  8464 CD 9E 88    		call	MBPlayer_play_woffevt
0196+  8467 CD FC 89    		call	MBPlayer_play_wchgdmp
0197+  846A FD 19       		add	iy, de
0198+  846C 10 F6       		djnz	loc_0_4405
0199+  846E FB          		ei	
0200+  846F C9          		ret	
0201+  8470             ;-------------------------------------------------------------------
0202+  8470             ; îïèñàíèå: Óñòàíîâêà çàòóõàíèÿ
0203+  8470             ; ïàðàìåòðû: B - ñêîðîñòü çàòóõàíèÿ
0204+  8470             ; âîçâðàùàåìîå  çíà÷åíèå: íåò
0205+  8470             ;---------------------------------------------------------------------
0206+  8470             MBPlayer_fade_music: 
0207+  8470 47          		ld	b, a
0208+  8471 3A F8 8A    		ld	a, (MBPlayer_play_busy)		; already stopped?
0209+  8474 B7          		or	a
0210+  8475 C8          		ret	z
0211+  8476 3E FF       		ld	a, 255
0212+  8478 32 1E 8B    		ld	(MBPlayer_play_fading), a 	; fading on
0213+  847B 78          		ld	a, b
0214+  847C 32 20 8B    		ld	(MBPlayer_play_fadespd), a      ; set fade speed
0215+  847F C9          		ret	
0216+  8480             ;-------------------------------------------------------------------
0217+  8480             ; îïèñàíèå: Ïðîèãðûâàíèå ìóçûêè ïî ïðåðûâàíèÿì
0218+  8480             ; ïàðàìåòðû: íåò
0219+  8480             ; âîçâðàùàåìîå  çíà÷åíèå: íåò
0220+  8480             ;---------------------------------------------------------------------
0221+  8480             MBPlayer_play_music: 
0222+  8480 F3          		di	
0223+  8481             ;		ld	a, (MBPlayer_xhzequal)
0224+  8481             ;		or	a
0225+  8481             ;		jr	z, loc_0_443E
0226+  8481             
0227+  8481             ;		ld	a, (0FFE8h)
0228+  8481             ;		and	2
0229+  8481             ;		jr	nz, loc_0_443E
0230+  8481             
0231+  8481             ;		ld	hl, MBPlayer_play_intcnt
0232+  8481             ;		ld	a, (hl)
0233+  8481             ;		inc	a
0234+  8481             ;		cp	6
0235+  8481             ;		jr	c, loc_0_443D
0236+  8481             ;		ld	(hl), 0
0237+  8481             ;		jp	locret_0_455C
0238+  8481             ;
0239+  8481             ;loc_0_443D:
0240+  8481             ;		ld	(hl), a
0241+  8481             
0242+  8481             loc_0_443E: 
0243+  8481 CD 10 8A    		call	MBPlayer_play_pitch
0244+  8484             
0245+  8484 3A 1E 8B    		ld	a, (MBPlayer_play_fading)
0246+  8487 B7          		or	a
0247+  8488 28 0A       		jr	z, loc_0_4451
0248+  848A CD 96 8A    		call	MBPlayer_play_fade
0249+  848D 3A 1E 8B    		ld	a, (MBPlayer_play_fading)
0250+  8490 B7          		or	a
0251+  8491 CA E4 85    		jp	z, locret_0_455C
0252+  8494             
0253+  8494             loc_0_4451: 
0254+  8494             ;		call	MBPlayer_getbank_FE
0255+  8494             ;		ld	(MBPlayer_save_curbank), a
0256+  8494             
0257+  8494 3A 19 8B    		ld	a, (MBPlayer_play_speed) 	; speed
0258+  8497 21 1B 8B    		ld	hl, MBPlayer_play_timercnt
0259+  849A 34          		inc	(hl)
0260+  849B BE          		cp	(hl)
0261+  849C C2 E9 85    		jp	nz, MBPlayer_play_int_sec	; almost there?
0262+  849F 36 00       		ld	(hl), 0
0263+  84A1             
0264+  84A1 FD 21 4A 8D 		ld	iy, unk_0_4E30
0265+  84A5 21 10 8B    		ld	hl, unk_0_4B98
0266+  84A8 01 60 08    		ld	bc, 860h
0267+  84AB 11 14 00    		ld	de, PTW_SIZE
0268+  84AE             
0269+  84AE             loc_0_4471: 
0270+  84AE 7E          		ld	a, (hl)
0271+  84AF 3D          		dec	a
0272+  84B0 B9          		cp	c
0273+  84B1 DC CC 86    		call	c, MBPlayer_calc_wave
0274+  84B4 FD 19       		add	iy, de
0275+  84B6 23          		inc	hl
0276+  84B7 10 F5       		djnz	loc_0_4471
0277+  84B9             
0278+  84B9             ;		ld	a, (MBPlayer_songdata_bank)
0279+  84B9             ;		call	MBPlayer_selbank_FE
0280+  84B9             
0281+  84B9 21 00 8B    		ld	hl, MBPlayer_step_buffer        ;WAVE Event routines
0282+  84BC 06 18       		ld	b, WAVCHNS			; # channels
0283+  84BE FD 21 0A 8C 		ld	iy, MBPlayer_play_table_wav
0284+  84C2 11 14 00    		ld	de, PTW_SIZE
0285+  84C5 0E 60       		ld	c, 96
0286+  84C7             
0287+  84C7             loc_0_4490: 
0288+  84C7 7E          		ld	a, (hl)
0289+  84C8 3D          		dec	a
0290+  84C9 B9          		cp	c
0291+  84CA D2 0A 85    		jp	nc, loc_0_44D3
0292+  84CD 3E 67       		ld	a, 67h
0293+  84CF 80          		add	a, b 				; calc. register
0294+  84D0 D3 7E       		out	(MOON_WREG), a
0295+  84D2 AF          		xor	a
0296+  84D3             loc_0_449C: 
0297+  84D3 C5          		push	bc
0298+  84D4 C1          		pop	bc
0299+  84D5 D3 7F       		out	(MOON_WDAT), a			; off
0300+  84D7             
0301+  84D7 3E 1F       		ld	a, 1Fh
0302+  84D9 80          		add	a, b
0303+  84DA             loc_0_44A3: 
0304+  84DA C5          		push	bc
0305+  84DB C1          		pop	bc
0306+  84DC D3 7E       		out	(MOON_WREG), a
0307+  84DE FD 7E 08    		ld	a, (iy + 8)
0308+  84E1 FD 77 12    		ld	(iy + 12h), a
0309+  84E4 FD B6 06    		or	(iy + 6)
0310+  84E7             loc_0_44B0: 
0311+  84E7 C5          		push	bc
0312+  84E8 C1          		pop	bc
0313+  84E9 D3 7F       		out	(MOON_WDAT), a			; freq + tone
0314+  84EB             
0315+  84EB 3E 07       		ld	a, 7
0316+  84ED 80          		add	a, b
0317+  84EE             loc_0_44B7: 
0318+  84EE C5          		push	bc
0319+  84EF C1          		pop	bc
0320+  84F0 D3 7E       		out	(MOON_WREG), a
0321+  84F2 FD 7E 07    		ld	a, (iy + 7)
0322+  84F5             loc_0_44BE: 
0323+  84F5 C5          		push	bc
0324+  84F6 C1          		pop	bc
0325+  84F7 D3 7F       		out	(MOON_WDAT), a 			; tone
0326+  84F9             
0327+  84F9 3E 37       		ld	a, 37h
0328+  84FB 80          		add	a, b
0329+  84FC             loc_0_44C5: 
0330+  84FC C5          		push	bc
0331+  84FD C1          		pop	bc
0332+  84FE D3 7E       		out	(MOON_WREG), a
0333+  8500 FD 7E 09    		ld	a, (iy + 9)
0334+  8503 FD 77 13    		ld	(iy + 13h), a
0335+  8506             loc_0_44CF: 
0336+  8506 C5          		push	bc
0337+  8507 C1          		pop	bc
0338+  8508 D3 7F       		out	(MOON_WDAT), a
0339+  850A             loc_0_44D3: 
0340+  850A 23          		inc	hl
0341+  850B FD 19       		add	iy, de
0342+  850D 10 B8       		djnz	loc_0_4490
0343+  850F             
0344+  850F 21 00 8B    		ld	hl, MBPlayer_step_buffer		; songdata-adres 
0345+  8512 DD 21 9A 96 		ld	ix, MBPlayer_volume_buffer_1
0346+  8516 FD 21 0A 8C 		ld	iy, MBPlayer_play_table_wav
0347+  851A 06 18       		ld	b,WAVCHNS
0348+  851C 11 14 00    		ld	de,PTW_SIZE
0349+  851F             loc_0_44E4: 
0350+  851F DB C4       		in	a, (MOON_STAT)
0351+  8521 E6 02       		and	2
0352+  8523 20 FA       		jr	nz, loc_0_44E4
0353+  8525             
0354+  8525             MBPlayer_play_int_wlus: 
0355+  8525 AF          		xor	a
0356+  8526 DD 77 00    		ld	(ix++0), a
0357+  8529 DD 77 18    		ld	(ix++18h), a
0358+  852C             
0359+  852C             
0360+  852C 7E          		ld	a, (hl)
0361+  852D B7          		or	a
0362+  852E 28 3A       		jr	z, MBPlayer_play_int_wend2		; empty
0363+  8530             
0364+  8530 08          		ex	af, af'
0365+  8531 78          		ld	a, b
0366+  8532 D9          		exx	
0367+  8533 47          		ld	b, a
0368+  8534 08          		ex	af, af'
0369+  8535             
0370+  8535 11 69 85    		ld	de, MBPlayer_play_int_wend
0371+  8538 D5          		push	de
0372+  8539             
0373+  8539 FE 61       		cp	97
0374+  853B DA 43 88    		jp	c, MBPlayer_play_wonevt		; wave on
0375+  853E CA 9E 88    		jp	z, MBPlayer_play_woffevt	; wave off 
0376+  8541 FE 92       		cp	146
0377+  8543 DA B2 88    		jp	c, MBPlayer_play_wwavevt	; wave 
0378+  8546 FE B2       		cp	178
0379+  8548 DA EE 88    		jp	c, MBPlayer_play_wchgvol	; volume 
0380+  854B FE C1       		cp	193
0381+  854D DA A1 89    		jp	c, MBPlayer_play_wchgste	; stereo 
0382+  8550 FE D4       		cp	212
0383+  8552 DA 16 89    		jp	c, MBPlayer_play_wlnk		; link 
0384+  8555 FE E7       		cp	231
0385+  8557 DA C4 89    		jp	c, MBPlayer_play_wchgpit	; pitch bending 
0386+  855A FE EE       		cp	238
0387+  855C DA F4 89    		jp	c, MBPlayer_play_wchgdet	; detune 
0388+  855F FE F1       		cp	241
0389+  8561 DA DC 89    		jp	c, MBPlayer_play_wchgmod	; modulation 
0390+  8564 FE F3       		cp	243
0391+  8566 DA FC 89    		jp	c, MBPlayer_play_wchgdmp	; damp 
0392+  8569             
0393+  8569             MBPlayer_play_int_wend: 
0394+  8569 D9          		exx	
0395+  856A             
0396+  856A             MBPlayer_play_int_wend2: 
0397+  856A             ;		ld	a, (byte_0_4C6F)
0398+  856A             ;		or	a
0399+  856A             ;		jr	z, loc_0_45A6
0400+  856A DD 7E 00    		ld	a, (ix + 0)
0401+  856D B7          		or	a
0402+  856E CA B4 85    		jp	z, loc_0_45A6
0403+  8571 E5          		push	hl
0404+  8572 67          		ld	h, a
0405+  8573 6F          		ld	l, a
0406+  8574 FD 7E 0B    		ld	a, (iy + 0Bh)
0407+  8577 E6 0F       		and	0Fh
0408+  8579 28 2B       		jr	z, loc_0_4598
0409+  857B FE 08       		cp	8
0410+  857D 28 24       		jr	z, loc_0_4595
0411+  857F 30 0A       		jr	nc, loc_0_457D
0412+  8581 FE 07       		cp	7
0413+  8583 28 19       		jr	z, loc_0_4590
0414+  8585 87          		add	a, a
0415+  8586 84          		add	a, h
0416+  8587 67          		ld	h, a
0417+  8588 C3 A6 85    		jp	loc_0_4598
0418+  858B             
0419+  858B             loc_0_457D: 
0420+  858B FE 09       		cp	9
0421+  858D 28 0A       		jr	z, loc_0_458B
0422+  858F ED 44       		neg	
0423+  8591 C6 10       		add	a, 10h
0424+  8593 87          		add	a, a
0425+  8594 85          		add	a, l
0426+  8595 6F          		ld	l, a
0427+  8596 C3 A6 85    		jp	loc_0_4598
0428+  8599             
0429+  8599             loc_0_458B: 
0430+  8599 2E 00       		ld	l, 0
0431+  859B C3 A6 85    		jp	loc_0_4598
0432+  859E             
0433+  859E             loc_0_4590: 
0434+  859E 26 00       		ld	h, 0
0435+  85A0 C3 A6 85    		jp	loc_0_4598
0436+  85A3             
0437+  85A3             loc_0_4595: 
0438+  85A3 21 00 00    		ld	hl, 0
0439+  85A6             loc_0_4598: 
0440+  85A6 7C          		ld	a, h
0441+  85A7 17          		rla	
0442+  85A8 17          		rla	
0443+  85A9 17          		rla	
0444+  85AA 17          		rla	
0445+  85AB E6 F0       		and	0F0h
0446+  85AD B5          		or	l
0447+  85AE 28 03       		jr	z, loc_0_45A5
0448+  85B0 DD 77 18    		ld	(ix + 18h), a
0449+  85B3             loc_0_45A5: 
0450+  85B3 E1          		pop	hl
0451+  85B4             
0452+  85B4             loc_0_45A6: 
0453+  85B4 FD 19       		add	iy, de
0454+  85B6 23          		inc	hl
0455+  85B7 DD 23       		inc	ix
0456+  85B9 05          		dec	b
0457+  85BA C2 25 85    		jp	nz, MBPlayer_play_int_wlus
0458+  85BD             
0459+  85BD 7E          		ld	a, (hl)
0460+  85BE B7          		or	a
0461+  85BF 28 23       		jr	z, loc_0_4556
0462+  85C1             
0463+  85C1 FE 18       		cp	24			
0464+  85C3 DA DD 85    		jp	c, MBPlayer_play_chgtmp         ; change tempo
0465+  85C6 28 0D       		jr	z, MBPlayer_play_endop  	; end of pattern
0466+  85C8 FE 4C       		cp	76
0467+  85CA D2 E4 85    		jp	nc, loc_0_4556
0468+  85CD D6 34       		sub	52				; set transpose
0469+  85CF 32 1A 8B    		ld	(MBPlayer_play_tspval), a
0470+  85D2 C3 E4 85    		jp	loc_0_4556
0471+  85D5             
0472+  85D5             MBPlayer_play_endop: 
0473+  85D5 3E 0F       		ld	a, 0Fh
0474+  85D7 32 FA 8A    		ld	(MBPlayer_play_step), a
0475+  85DA C3 E4 85    		jp	loc_0_4556
0476+  85DD             
0477+  85DD             MBPlayer_play_chgtmp: 
0478+  85DD C6 E7       		add	a, 0E7h				; change tempo
0479+  85DF ED 44       		neg	
0480+  85E1 32 19 8B    		ld	(MBPlayer_play_speed), a
0481+  85E4             loc_0_4556: 
0482+  85E4             ;		ld	a,(MBPlayer_save_curbank)
0483+  85E4             ;		call	MBPlayer_selbank_FE
0484+  85E4             locret_0_455C: 
0485+  85E4 C9          		ret	
0486+  85E5 C9          		ret
0487+  85E6 C9          		ret
0488+  85E7 C9          		ret
0489+  85E8 C9          		ret
0490+  85E9             ;-------------------------------------------------------------------
0491+  85E9             ; îïèñàíèå: Interrupt routine BEFORE play-interrupt
0492+  85E9             ; ïàðàìåòðû: íåò
0493+  85E9             ; âîçâðàùàåìîå  çíà÷åíèå: íåò
0494+  85E9             ;---------------------------------------------------------------------
0495+  85E9             MBPlayer_play_int_sec: 
0496+  85E9 3D          		dec	a
0497+  85EA BE          		cp	(hl)
0498+  85EB CA 95 86    		jp	z, loc_0_461F
0499+  85EE 3D          		dec	a
0500+  85EF BE          		cp	(hl)
0501+  85F0 C2 E4 85    		jp	nz, loc_0_4556
0502+  85F3             
0503+  85F3 3A FA 8A    		ld	a, (MBPlayer_play_step)
0504+  85F6 3C          		inc	a
0505+  85F7 E6 0F       		and	0Fh
0506+  85F9 32 FA 8A    		ld	(MBPlayer_play_step), a
0507+  85FC 2A 08 8C    		ld	hl, (MBPlayer_songdata_ptr)
0508+  85FF C2 4B 86    		jp	nz, loc_0_45CF
0509+  8602             
0510+  8602             ;		ld	a, (MBPlayer_songdata_bank1)
0511+  8602             ;		call	MBPlayer_selbank_FE 		; this bank contains pattern addresses
0512+  8602             
0513+  8602 3A 28 8B    		ld	a, (MBPlayer_xleng)		; next position
0514+  8605 3C          		inc	a
0515+  8606 47          		ld	b, a
0516+  8607 3A F9 8A    		ld	a, (MBPlayer_play_pos)
0517+  860A 3C          		inc	a
0518+  860B B8          		cp	b
0519+  860C DA 15 86    		jp	c, loc_0_4599
0520+  860F             
0521+  860F             
0522+  860F             ;		ld	a, (MBPlayer_xloop)
0523+  860F             ;		cp	255
0524+  860F             ;		jp	nz, loc_0_4599
0525+  860F CD 56 84    		call	MBPlayer_stop_music		; stop song, want loop OFF
0526+  8612 C3 AA 83    		jp	MBPlayer_start_music		
0527+  8615             
0528+  8615             ;		xor	a
0529+  8615             
0530+  8615             loc_0_4599: 
0531+  8615 32 F9 8A    		ld	(MBPlayer_play_pos), a
0532+  8618 2A 06 8C    		ld	hl, (MBPlayer_pos_address)
0533+  861B 85          		add	a, l
0534+  861C 30 01       		jr	nc, loc_0_45A3
0535+  861E 24          		inc	h
0536+  861F             loc_0_45A3: 
0537+  861F 6F          		ld	l, a
0538+  8620 7E          		ld	a, (hl)
0539+  8621 32 1D 8B    		ld	(MBPlayer_current_pat), a
0540+  8624 87          		add	a, a
0541+  8625 2A 04 8C    		ld	hl, (MBPlayer_pat_address)
0542+  8628 85          		add	a, l
0543+  8629 30 01       		jr	nc, loc_0_45B0
0544+  862B 24          		inc	h
0545+  862C             
0546+  862C             loc_0_45B0: 
0547+  862C 6F          		ld	l, a
0548+  862D 5E          		ld	e, (hl)
0549+  862E 23          		inc	hl
0550+  862F 56          		ld	d, (hl)
0551+  8630 EB          		ex	de, hl
0552+  8631 7C          		ld	a, h
0553+  8632 07          		rlca	
0554+  8633 07          		rlca	
0555+  8634 E6 03       		and	3
0556+  8636 11 FC 8A    		ld	de, MBPlayer_songdata_bank1
0557+  8639 83          		add	a, e
0558+  863A 30 01       		jr	nc, loc_0_45C1
0559+  863C 14          		inc	d
0560+  863D             loc_0_45C1: 
0561+  863D 5F          		ld	e, a
0562+  863E 1A          		ld	a, (de)
0563+  863F 32 FF 8A    		ld	(MBPlayer_songdata_bank), a
0564+  8642 7C          		ld	a, h
0565+  8643 E6 3F       		and	3Fh
0566+  8645 67          		ld	h, a
0567+  8646 ED 5B FD 8A 		ld	de, (MBPlayer_songdata_addres)
0568+  864A 19          		add	hl, de
0569+  864B             loc_0_45CF: 
0570+  864B             ;		ld	a, (MBPlayer_songdata_bank)
0571+  864B             ;		call	MBPlayer_selbank_FE
0572+  864B             
0573+  864B 11 00 8B    		ld	de, MBPlayer_step_buffer
0574+  864E             
0575+  864E 7E          		ld	a, (hl)
0576+  864F 23          		inc	hl
0577+  8650 FE FF       		cp	0FFh				; 0FFh => completely empty
0578+  8652 C2 66 86    		jp	nz, loc_0_45F0
0579+  8655 D9          		exx	
0580+  8656 21 00 8B    		ld	hl, MBPlayer_step_buffer
0581+  8659 11 01 8B    		ld	de, MBPlayer_step_buffer + 1
0582+  865C 01 18 00    		ld	bc, 24
0583+  865F 70          		ld	(hl), b
0584+  8660 ED B0       		ldir	
0585+  8662 D9          		exx	
0586+  8663 C3 85 86    		jp	loc_0_460F
0587+  8666             loc_0_45F0: 
0588+  8666 12          		ld	(de), a				; 1st byte uncrunched
0589+  8667 13          		inc	de
0590+  8668 E5          		push	hl
0591+  8669 23          		inc	hl
0592+  866A 23          		inc	hl
0593+  866B 23          		inc	hl
0594+  866C D9          		exx	
0595+  866D E1          		pop	hl
0596+  866E 06 03       		ld	b, 3				; decrunch 3 * 8 bytes
0597+  8670             loc_0_45FA: 
0598+  8670 7E          		ld	a, (hl)
0599+  8671 D9          		exx	
0600+  8672 06 08       		ld	b, 8				; decrunch 8 bytes
0601+  8674 4F          		ld	c, a
0602+  8675             loc_0_45FF: 
0603+  8675 AF          		xor	a
0604+  8676 CB 01       		rlc	c
0605+  8678 30 02       		jr	nc, loc_0_4606			; no carry? then empty event
0606+  867A 7E          		ld	a, (hl)
0607+  867B 23          		inc	hl
0608+  867C             loc_0_4606: 
0609+  867C 12          		ld	(de), a
0610+  867D 13          		inc	de
0611+  867E 10 F5       		djnz	loc_0_45FF
0612+  8680 D9          		exx	
0613+  8681 23          		inc	hl
0614+  8682 10 EC       		djnz	loc_0_45FA
0615+  8684 D9          		exx	
0616+  8685             loc_0_460F:                                          ;Calculate freq. & note nr of wave to play
0617+  8685 22 08 8C    		ld	(MBPlayer_songdata_ptr), hl
0618+  8688             
0619+  8688 FD 21 0A 8C 		ld	iy, MBPlayer_play_table_wav
0620+  868C 21 00 8B    		ld	hl, MBPlayer_step_buffer    ; third interrupt
0621+  868F 01 60 08    		ld	bc, 860h                    ;(256 * (WAVCHNS/2)) + 96	; Wave channels
0622+  8692 C3 BB 86    		jp	loc_0_4645
0623+  8695             
0624+  8695             loc_0_461F: 
0625+  8695 06 18       		ld	b, WAVCHNS
0626+  8697 21 00 8B    		ld	hl, MBPlayer_step_buffer
0627+  869A FD 21 0A 8C 		ld	iy, MBPlayer_play_table_wav
0628+  869E 11 14 00    		ld	de, PTW_SIZE
0629+  86A1 0E 60       		ld	c, 96
0630+  86A3             loc_0_462D: 
0631+  86A3 7E          		ld	a, (hl)
0632+  86A4 3D          		dec	a
0633+  86A5 B9          		cp	c
0634+  86A6 30 04       		jr	nc, loc_0_4636
0635+  86A8 FD 36 02 00 		ld	(iy + 2), 0
0636+  86AC             loc_0_4636: 
0637+  86AC 23          		inc	hl
0638+  86AD FD 19       		add	iy, de
0639+  86AF 10 F2       		djnz	loc_0_462D
0640+  86B1             
0641+  86B1 FD 21 AA 8C 		ld	iy, unk_0_4D90		;play_table_wav + (WAVCHNS/2) * PTW_SIZE
0642+  86B5 21 08 8B    		ld	hl, unk_0_4B90		;step_buffer + WAVCHNS / 2	; second interrupt
0643+  86B8 01 60 08    		ld	bc, 860h                ;(256 * (WAVCHNS/2)) + 96	; Wave channels
0644+  86BB             loc_0_4645: 
0645+  86BB 11 14 00    		ld	de, PTW_SIZE
0646+  86BE             loc_0_4648: 
0647+  86BE 7E          		ld	a, (hl)
0648+  86BF 3D          		dec	a
0649+  86C0 B9          		cp	c
0650+  86C1 DC CC 86    		call	c, MBPlayer_calc_wave
0651+  86C4 FD 19       		add	iy, de
0652+  86C6 23          		inc	hl
0653+  86C7 10 F5       		djnz	loc_0_4648
0654+  86C9 C3 E4 85    		jp	loc_0_4556
0655+  86CC             ;-------------------------------------------------------------------
0656+  86CC             ; îïèñàíèå: calc wave stuff
0657+  86CC             ; ïàðàìåòðû: íåò
0658+  86CC             ; âîçâðàùàåìîå  çíà÷åíèå: íåò
0659+  86CC             ;---------------------------------------------------------------------
0660+  86CC             MBPlayer_calc_wave: 
0661+  86CC D9          		exx	
0662+  86CD 57          		ld	d, a
0663+  86CE             
0664+  86CE 21 CA 96    		ld	hl, MBPlayer_patch_table	; dit stuk verandert A niet!
0665+  86D1 06 00       		ld	b, 0
0666+  86D3 FD 4E 0A    		ld	c, (iy + 0Ah)
0667+  86D6 79          		ld	a, c
0668+  86D7 FE AF       		cp	175
0669+  86D9 CA 95 87    		jp	z, MBPlayer_calc_drm		; gm drum patch
0670+  86DC FE B0       		cp	176
0671+  86DE D2 CB 87    		jp	nc, loc_0_4755			; own wave
0672+  86E1             
0673+  86E1             loc_0_466B: 
0674+  86E1 7A          		ld	a, d
0675+  86E2 09          		add	hl, bc
0676+  86E3 09          		add	hl, bc
0677+  86E4 5E          		ld	e, (hl)
0678+  86E5 23          		inc	hl
0679+  86E6 56          		ld	d, (hl)				; to patch
0680+  86E7 EB          		ex	de, hl
0681+  86E8 5E          		ld	e, (hl)
0682+  86E9 23          		inc	hl
0683+  86EA 4E          		ld	c, (hl)
0684+  86EB 23          		inc	hl
0685+  86EC 46          		ld	b, (hl)
0686+  86ED 23          		inc	hl
0687+  86EE FD 71 0D    		ld	(iy + 0Dh), c			; pointer to header bytes
0688+  86F1 FD 70 0E    		ld	(iy + 0Eh), b
0689+  86F4             
0690+  86F4 CB 43       		bit	0, e				; search right patch part
0691+  86F6 28 05       		jr	z, loc_0_4687			; transpose
0692+  86F8             
0693+  86F8 47          		ld	b, a
0694+  86F9 3A 1A 8B    		ld	a, (MBPlayer_play_tspval)
0695+  86FC 80          		add	a, b
0696+  86FD             loc_0_4687: 
0697+  86FD 06 00       		ld	b, 0
0698+  86FF 11 05 00    		ld	de, 5
0699+  8702             loc_0_468C: 
0700+  8702 BE          		cp	(hl)
0701+  8703 38 3C       		jr	c, loc_0_46CB
0702+  8705 46          		ld	b, (hl)
0703+  8706 19          		add	hl, de
0704+  8707 BE          		cp	(hl)
0705+  8708 38 37       		jr	c, loc_0_46CB
0706+  870A 46          		ld	b, (hl)
0707+  870B 19          		add	hl, de
0708+  870C BE          		cp	(hl)
0709+  870D 38 32       		jr	c, loc_0_46CB
0710+  870F 46          		ld	b, (hl)
0711+  8710 19          		add	hl, de
0712+  8711 BE          		cp	(hl)
0713+  8712 38 2D       		jr	c, loc_0_46CB
0714+  8714 46          		ld	b, (hl)
0715+  8715 19          		add	hl, de
0716+  8716 BE          		cp	(hl)
0717+  8717 38 28       		jr	c, loc_0_46CB
0718+  8719 46          		ld	b, (hl)
0719+  871A 19          		add	hl, de
0720+  871B BE          		cp	(hl)
0721+  871C 38 23       		jr	c, loc_0_46CB
0722+  871E 46          		ld	b, (hl)
0723+  871F 19          		add	hl, de
0724+  8720 BE          		cp	(hl)
0725+  8721 38 1E       		jr	c, loc_0_46CB
0726+  8723 46          		ld	b, (hl)
0727+  8724 19          		add	hl, de
0728+  8725 BE          		cp	(hl)
0729+  8726 38 19       		jr	c, loc_0_46CB
0730+  8728 46          		ld	b, (hl)
0731+  8729 19          		add	hl, de
0732+  872A BE          		cp	(hl)
0733+  872B 38 14       		jr	c, loc_0_46CB
0734+  872D 46          		ld	b, (hl)
0735+  872E 19          		add	hl, de
0736+  872F BE          		cp	(hl)
0737+  8730 38 0F       		jr	c, loc_0_46CB
0738+  8732 46          		ld	b, (hl)
0739+  8733 19          		add	hl, de
0740+  8734 BE          		cp	(hl)
0741+  8735 38 0A       		jr	c, loc_0_46CB
0742+  8737 46          		ld	b, (hl)
0743+  8738 19          		add	hl, de
0744+  8739 BE          		cp	(hl)
0745+  873A 38 05       		jr	c, loc_0_46CB
0746+  873C 46          		ld	b, (hl)
0747+  873D 19          		add	hl, de
0748+  873E C3 02 87    		jp	loc_0_468C
0749+  8741             loc_0_46CB: 
0750+  8741 57          		ld	d, a                    ; save note...
0751+  8742 23          		inc	hl
0752+  8743 7E          		ld	a, (hl)			; low byte tone
0753+  8744 FD 77 07    		ld	(iy + 7), a
0754+  8747             
0755+  8747 23          		inc	hl
0756+  8748 7E          		ld	a, (hl)
0757+  8749 E6 01       		and	1                       ; also resets carry!
0758+  874B FD 77 06    		ld	(iy + 6), a             ; high byte tone
0759+  874E             
0760+  874E 7E          		ld	a, (hl)                 ; tone-note
0761+  874F 1F          		rra				; note that carry was set 0 earlier!!	
0762+  8750 82          		add	a, d
0763+  8751 90          		sub	b
0764+  8752 FD 77 00    		ld	(iy + 0), a		; last note
0765+  8755             
0766+  8755 23          		inc	hl
0767+  8756 5E          		ld	e, (hl)
0768+  8757 23          		inc	hl
0769+  8758 56          		ld	d, (hl)
0770+  8759 FD 72 11    		ld	(iy + 11h), d		; pointer to freqtab
0771+  875C FD 73 10    		ld	(iy + 10h), e
0772+  875F             
0773+  875F 21 EA 8D    		ld	hl, MBPlayer_tabdiv12
0774+  8762 4F          		ld	c, a
0775+  8763 06 00       		ld	b, 0
0776+  8765 09          		add	hl, bc
0777+  8766 09          		add	hl, bc
0778+  8767 4E          		ld	c, (hl)
0779+  8768 23          		inc	hl
0780+  8769 7E          		ld	a, (hl)
0781+  876A EB          		ex	de, hl
0782+  876B             
0783+  876B 85          		add	a, l
0784+  876C 30 01       		jr	nc, loc_0_46F9
0785+  876E 24          		inc	h
0786+  876F             loc_0_46F9: 
0787+  876F 6F          		ld	l, a
0788+  8770 5E          		ld	e, (hl)
0789+  8771 23          		inc	hl
0790+  8772 56          		ld	d, (hl)
0791+  8773             
0792+  8773 CB 23       		sla	e   			; freq fine
0793+  8775 7A          		ld	a, d
0794+  8776 17          		rla	      			; freq rotated 1 left
0795+  8777 81          		add	a, c                    ; octave
0796+  8778             
0797+  8778 57          		ld	d, a                    ; high byte freq
0798+  8779 60          		ld	h, b
0799+  877A             loc_0_4704: 
0800+  877A FD 6E 05    		ld	l, (iy + 5)
0801+  877D CB 7D       		bit	7, l
0802+  877F 28 0D       		jr	z, loc_0_4718
0803+  8781 25          		dec	h
0804+  8782 29          		add	hl, hl			; detune...
0805+  8783             loc_0_470D: 
0806+  8783 19          		add	hl, de
0807+  8784 CB 9C       		res	3, h
0808+  8786 FD 75 08    		ld	(iy + 8), l		; freq fine
0809+  8789 FD 74 09    		ld	(iy + 9), h
0810+  878C D9          		exx				; Yes! Finally, finished...	
0811+  878D C9          		ret	
0812+  878E             loc_0_4718: 
0813+  878E EB          		ex	de, hl
0814+  878F 19          		add	hl, de 			; detune...
0815+  8790 16 08       		ld	d, 8
0816+  8792 C3 83 87    		jp	loc_0_470D
0817+  8795             ;-------------------------------------------------------------------
0818+  8795             ; îïèñàíèå: Calc GM drums
0819+  8795             ; ïàðàìåòðû: íåò
0820+  8795             ; âîçâðàùàåìîå  çíà÷åíèå: íåò
0821+  8795             ;---------------------------------------------------------------------
0822+  8795             MBPlayer_calc_drm: 
0823+  8795 7A          		ld	a, d
0824+  8796 FE 24       		cp	36			
0825+  8798 DA E1 86    		jp	c, loc_0_466B		; < 36 => first drum handled as patch
0826+  879B FE 57       		cp	57h
0827+  879D DA A2 87    		jp	c, loc_0_472C
0828+  87A0 3E 56       		ld	a, 56h
0829+  87A2             loc_0_472C: 
0830+  87A2 21 17 A7    		ld	hl, MBPlayer_gmdrm_c4
0831+  87A5 D6 24       		sub	36
0832+  87A7 47          		ld	b, a
0833+  87A8 87          		add	a, a
0834+  87A9 87          		add	a, a
0835+  87AA 80          		add	a, b
0836+  87AB 85          		add	a, l
0837+  87AC 30 01       		jr	nc, loc_0_4739
0838+  87AE 24          		inc	h
0839+  87AF             
0840+  87AF             loc_0_4739: 
0841+  87AF 6F          		ld	l, a
0842+  87B0 7E          		ld	a, (hl)
0843+  87B1 FD 77 07    		ld	(iy + 7), a
0844+  87B4 FD 36 06 00 		ld	(iy + 6), 0
0845+  87B8 23          		inc	hl
0846+  87B9 5E          		ld	e, (hl)
0847+  87BA 23          		inc	hl
0848+  87BB 56          		ld	d, (hl)
0849+  87BC 23          		inc	hl
0850+  87BD 7E          		ld	a, (hl)
0851+  87BE FD 77 0D    		ld	(iy + 0Dh), a
0852+  87C1 23          		inc	hl
0853+  87C2 7E          		ld	a, (hl)
0854+  87C3 FD 77 0E    		ld	(iy + 0Eh), a
0855+  87C6 26 00       		ld	h, 0
0856+  87C8 C3 7A 87    		jp	loc_0_4704
0857+  87CB             
0858+  87CB             loc_0_4755: 
0859+  87CB D6 B0       		sub	176
0860+  87CD 4F          		ld	c, a
0861+  87CE 87          		add	a, a
0862+  87CF 87          		add	a, a
0863+  87D0 87          		add	a, a
0864+  87D1 6F          		ld	l, a
0865+  87D2 26 00       		ld	h, 0
0866+  87D4 29          		add	hl, hl
0867+  87D5 85          		add	a, l
0868+  87D6 30 01       		jr	nc, loc_0_4763
0869+  87D8 24          		inc	h
0870+  87D9             loc_0_4763: 
0871+  87D9 6F          		ld	l, a
0872+  87DA 79          		ld	a, c
0873+  87DB 85          		add	a, l
0874+  87DC 30 01       		jr	nc, loc_0_4769
0875+  87DE 24          		inc	h
0876+  87DF             loc_0_4769: 
0877+  87DF 6F          		ld	l, a
0878+  87E0 01 AA 91    		ld	bc, MBPlayer_waves
0879+  87E3 09          		add	hl, bc                          ; pointer to patch
0880+  87E4             
0881+  87E4 5E          		ld	e, (hl)                         ; transpose
0882+  87E5 23          		inc	hl
0883+  87E6 7A          		ld	a, d
0884+  87E7 CB 43       		bit	0, e 				; transpose
0885+  87E9 28 04       		jr	z, loc_0_4779
0886+  87EB 3A 1A 8B    		ld	a, (MBPlayer_play_tspval)
0887+  87EE 82          		add	a, d
0888+  87EF             loc_0_4779: 
0889+  87EF 16 00       		ld	d, 0
0890+  87F1 01 03 00    		ld	bc, 3
0891+  87F4             loc_0_477E: 
0892+  87F4 BE          		cp	(hl)
0893+  87F5 38 05       		jr	c, loc_0_4786
0894+  87F7 56          		ld	d, (hl)
0895+  87F8 09          		add	hl, bc
0896+  87F9 C3 F4 87    		jp	loc_0_477E
0897+  87FC             
0898+  87FC             loc_0_4786: 
0899+  87FC 47          		ld	b, a 				; save note...
0900+  87FD 23          		inc	hl
0901+  87FE 7E          		ld	a, (hl)				; low byte tone
0902+  87FF 5F          		ld	e, a
0903+  8800 C6 80       		add	a, 80h 				; tone 384 and above 
0904+  8802 FD 77 07    		ld	(iy + 7), a
0905+  8805 FD 36 06 01 		ld	(iy + 6), 1			; RAM wave is altijd > 256
0906+  8809 23          		inc	hl
0907+  880A             
0908+  880A 7E          		ld	a, (hl)				; tone-note
0909+  880B 80          		add	a, b
0910+  880C 92          		sub	d
0911+  880D FD 77 00    		ld	(iy + 0), a			; last note
0912+  8810 F5          		push	af
0913+  8811             
0914+  8811 FD 36 0D 00 		ld	(iy + 0Dh), 0			; no header
0915+  8815 FD 36 0E 00 		ld	(iy + 0Eh), 0
0916+  8819             
0917+  8819 21 5A 96    		ld	hl, MBPlayer_tones_data
0918+  881C 16 00       		ld	d, 0
0919+  881E 19          		add	hl, de
0920+  881F 7E          		ld	a, (hl)
0921+  8820 E6 06       		and	6
0922+  8822 21 2A 90    		ld	hl, MBPlayer_frqtab_amiga
0923+  8825 28 0A       		jr	z, loc_0_47BB
0924+  8827 21 6A 8F    		ld	hl, MBPlayer_frqtab_441khz
0925+  882A FE 02       		cp	2
0926+  882C 28 03       		jr	z, loc_0_47BB
0927+  882E 21 EA 90    		ld	hl, MBPlayer_frqtab_turbo
0928+  8831             loc_0_47BB: 
0929+  8831 F1          		pop	af
0930+  8832 FD 75 10    		ld	(iy + 10h), l
0931+  8835 FD 74 11    		ld	(iy + 11h), h
0932+  8838             
0933+  8838 5F          		ld	e, a			; D is still 0
0934+  8839 19          		add	hl, de
0935+  883A 19          		add	hl, de
0936+  883B 5E          		ld	e, (hl)
0937+  883C 23          		inc	hl
0938+  883D 56          		ld	d, (hl)
0939+  883E 26 00       		ld	h, 0
0940+  8840 C3 7A 87    		jp	loc_0_4704
0941+  8843             ;-------------------------------------------------------------------
0942+  8843             ; îïèñàíèå: Play ON event
0943+  8843             ; ïàðàìåòðû: íåò
0944+  8843             ; âîçâðàùàåìîå  çíà÷åíèå: íåò
0945+  8843             ;---------------------------------------------------------------------
0946+  8843             MBPlayer_play_wonevt: 
0947+  8843 F5          		push	af
0948+  8844 FD 7E 0F    		ld	a, (iy++0Fh)
0949+  8847 E6 1F       		and	1Fh
0950+  8849 1F          		rra	
0951+  884A B7          		or	a
0952+  884B C2 4F 88    		jp	nz, loc_0_4857
0953+  884E 3C          		inc	a
0954+  884F             
0955+  884F             loc_0_4857: 
0956+  884F DD 77 00    		ld	(ix++0), a
0957+  8852 F1          		pop	af
0958+  8853             
0959+  8853 05          		dec	b
0960+  8854 FD 6E 0D    		ld	l, (iy + 0Dh)
0961+  8857 FD 66 0E    		ld	h, (iy + 0Eh)
0962+  885A 7D          		ld	a, l
0963+  885B B4          		or	h 			
0964+  885C 28 1F       		jr	z, loc_0_47F7           
0965+  885E             
0966+  885E 3E 80       		ld	a, 80h
0967+  8860 80          		add	a, b
0968+  8861 D3 7E       		out	(MOON_WREG), a
0969+  8863 7E          		ld	a, (hl)
0970+  8864             loc_0_47DE: 
0971+  8864 C5          		push	bc
0972+  8865 C1          		pop	bc
0973+  8866 D3 7F       		out	(MOON_WDAT), a
0974+  8868 23          		inc	hl
0975+  8869             loc_0_47E3: 
0976+  8869 7E          		ld	a, (hl)
0977+  886A FE FF       		cp	0FFh
0978+  886C 28 0F       		jr	z, loc_0_47F7
0979+  886E 80          		add	a, b
0980+  886F             loc_0_47E9: 
0981+  886F C5          		push	bc
0982+  8870 C1          		pop	bc
0983+  8871 D3 7E       		out	(MOON_WREG), a
0984+  8873 23          		inc	hl
0985+  8874 7E          		ld	a, (hl)
0986+  8875             loc_0_47EF: 
0987+  8875 C5          		push	bc
0988+  8876 C1          		pop	bc
0989+  8877 D3 7F       		out	(MOON_WDAT), a 		; header byte
0990+  8879 23          		inc	hl
0991+  887A C3 69 88    		jp	loc_0_47E3
0992+  887D             
0993+  887D             loc_0_47F7: 
0994+  887D 3E 50       		ld	a, 50h 			; set volume back to normal
0995+  887F 80          		add	a, b
0996+  8880             loc_0_47FA: 
0997+  8880 C5          		push	bc
0998+  8881 C1          		pop	bc
0999+  8882 D3 7E       		out	(MOON_WREG), a
1000+  8884 FD 7E 0F    		ld	a, (iy + 0Fh)
1001+  8887 F6 01       		or	1			; level direct
1002+  8889             loc_0_4803: 
1003+  8889 C5          		push	bc
1004+  888A C1          		pop	bc
1005+  888B D3 7F       		out	(MOON_WDAT), a
1006+  888D             
1007+  888D 3E 68       		ld	a, 68h 			
1008+  888F 80          		add	a, b
1009+  8890             loc_0_480A: 
1010+  8890 C5          		push	bc
1011+  8891 C1          		pop	bc
1012+  8892 D3 7E       		out	(MOON_WREG), a
1013+  8894 3E 80       		ld	a, 80h
1014+  8896 FD B6 0B    		or	(iy + 0Bh)             ; pan pot
1015+  8899             loc_0_4813: 
1016+  8899 C5          		push	bc
1017+  889A C1          		pop	bc
1018+  889B D3 7F       		out	(MOON_WDAT), a		; key on
1019+  889D             
1020+  889D C9          		ret
1021+  889E             ;-------------------------------------------------------------------
1022+  889E             ; îïèñàíèå: Play OFF event
1023+  889E             ; ïàðàìåòðû: íåò
1024+  889E             ; âîçâðàùàåìîå  çíà÷åíèå: íåò
1025+  889E             ;---------------------------------------------------------------------
1026+  889E             MBPlayer_play_woffevt: 
1027+  889E 3E 67       		ld	a, 67h
1028+  88A0 80          		add	a, b 			; calc. register
1029+  88A1 D3 7E       		out	(MOON_WREG), a
1030+  88A3             
1031+  88A3 FD 36 02 00 		ld	(iy + 2), 0 		; pb/mod off
1032+  88A7             loc_0_4821: 
1033+  88A7 C5          		push	bc
1034+  88A8 C1          		pop	bc
1035+  88A9 DB 7F       		in	a, (MOON_WDAT)
1036+  88AB E6 7F       		and	7Fh
1037+  88AD             loc_0_4827: 
1038+  88AD C5          		push	bc
1039+  88AE C1          		pop	bc
1040+  88AF D3 7F       		out	(MOON_WDAT), a
1041+  88B1 C9          		ret	
1042+  88B2             ;-------------------------------------------------------------------
1043+  88B2             ; îïèñàíèå: Play Wave event
1044+  88B2             ; ïàðàìåòðû: íåò
1045+  88B2             ; âîçâðàùàåìîå  çíà÷åíèå: íåò
1046+  88B2             ;---------------------------------------------------------------------
1047+  88B2             MBPlayer_play_wwavevt: 
1048+  88B2 D6 61       		sub	61h
1049+  88B4             MBPlayer_play_wwavevt2: 
1050+  88B4 FD 36 02 00 		ld	(iy + 2), 0 		; pb off
1051+  88B8 4F          		ld	c, a
1052+  88B9 21 A3 8B    		ld	hl, MBPlayer_xwavnrs - 1
1053+  88BC 85          		add	a, l
1054+  88BD 30 01       		jr	nc, loc_0_483A
1055+  88BF 24          		inc	h
1056+  88C0             loc_0_483A: 
1057+  88C0 6F          		ld	l, a
1058+  88C1 7E          		ld	a, (hl)
1059+  88C2 FD 77 0A    		ld	(iy + 0Ah), a
1060+  88C5 79          		ld	a, c
1061+  88C6 21 D3 8B    		ld	hl, MBPlayer_xwavvols - 1
1062+  88C9 85          		add	a, l
1063+  88CA 30 01       		jr	nc, loc_0_4847
1064+  88CC 24          		inc	h
1065+  88CD             loc_0_4847: 
1066+  88CD 6F          		ld	l, a
1067+  88CE FD 7E 0F    		ld	a, (iy + 0Fh)
1068+  88D1 E6 01       		and	1
1069+  88D3 57          		ld	d, a
1070+  88D4 3A 1E 8B    		ld	a, (MBPlayer_play_fading)
1071+  88D7 B7          		or	a
1072+  88D8 20 08       		jr	nz, loc_0_485C
1073+  88DA             
1074+  88DA 7E          		ld	a, (hl)
1075+  88DB 87          		add	a, a
1076+  88DC 87          		add	a, a
1077+  88DD B2          		or	d
1078+  88DE FD 77 0F    		ld	(iy + 0Fh), a
1079+  88E1 C9          		ret	
1080+  88E2             
1081+  88E2             loc_0_485C: 
1082+  88E2 7E          		ld	a, (hl)
1083+  88E3 87          		add	a, a
1084+  88E4 87          		add	a, a
1085+  88E5 B2          		or	d
1086+  88E6 FD BE 0F    		cp	(iy + 0Fh)
1087+  88E9 D8          		ret	c
1088+  88EA FD 77 0F    		ld	(iy + 0Fh), a
1089+  88ED C9          		ret	
1090+  88EE             ;-------------------------------------------------------------------
1091+  88EE             ; îïèñàíèå: Play volume event
1092+  88EE             ; ïàðàìåòðû: íåò
1093+  88EE             ; âîçâðàùàåìîå  çíà÷åíèå: íåò
1094+  88EE             ;---------------------------------------------------------------------
1095+  88EE             MBPlayer_play_wchgvol: 
1096+  88EE D6 92       		sub	146
1097+  88F0 EE 1F       		xor	1Fh
1098+  88F2 87          		add	a, a
1099+  88F3             MBPlayer_play_wchgvol2: 
1100+  88F3 87          		add	a, a			;OPL4 can handle 0-127
1101+  88F4 87          		add	a, a
1102+  88F5 4F          		ld	c, a
1103+  88F6             
1104+  88F6 3A 1E 8B    		ld	a, (MBPlayer_play_fading)
1105+  88F9 B7          		or	a
1106+  88FA 28 07       		jr	z, loc_0_487D
1107+  88FC 79          		ld	a, c
1108+  88FD F6 01       		or	1
1109+  88FF FD BE 0F    		cp	(iy + 0Fh)
1110+  8902 D8          		ret	c
1111+  8903             
1112+  8903             loc_0_487D: 
1113+  8903 3E 4F       		ld	a, 4Fh			
1114+  8905 80          		add	a, b
1115+  8906 D3 7E       		out	(MOON_WREG), a
1116+  8908 FD 7E 0F    		ld	a, (iy + 0Fh) 		; level direct
1117+  890B E6 01       		and	1
1118+  890D B1          		or	c
1119+  890E FD 77 0F    		ld	(iy + 0Fh), a
1120+  8911             
1121+  8911             loc_0_488B: 
1122+  8911 C5          		push	bc
1123+  8912 C1          		pop	bc
1124+  8913 D3 7F       		out	(MOON_WDAT), a
1125+  8915 C9          		ret	
1126+  8916             ;-------------------------------------------------------------------
1127+  8916             ; îïèñàíèå: Link note
1128+  8916             ; ïàðàìåòðû: íåò
1129+  8916             ; âîçâðàùàåìîå  çíà÷åíèå: íåò
1130+  8916             ;---------------------------------------------------------------------
1131+  8916             MBPlayer_play_wlnk: 
1132+  8916 F5          		push	af
1133+  8917 FD 7E 0F    		ld	a, (iy++0Fh)
1134+  891A E6 1F       		and	1Fh
1135+  891C 1F          		rra	
1136+  891D B7          		or	a
1137+  891E C2 22 89    		jp	nz, loc_0_492A
1138+  8921 3C          		inc	a
1139+  8922             
1140+  8922             loc_0_492A: 
1141+  8922 DD 77 00    		ld	(ix++0), a
1142+  8925 F1          		pop	af
1143+  8926             
1144+  8926             
1145+  8926 FD 36 02 00 		ld	(iy + 2), 0
1146+  892A C5          		push	bc
1147+  892B D6 CA       		sub	202
1148+  892D FD 86 00    		add	a, (iy + 0)
1149+  8930 FD 77 00    		ld	(iy + 0), a
1150+  8933             
1151+  8933 FD CB 06 46 		bit	0, (iy + 6)
1152+  8937 28 06       		jr	z, loc_0_48A9
1153+  8939 FD CB 07 7E 		bit	7, (iy + 7)
1154+  893D 20 50       		jr	nz, loc_0_48F9
1155+  893F             loc_0_48A9: 
1156+  893F 21 EA 8D    		ld	hl, MBPlayer_tabdiv12
1157+  8942 4F          		ld	c, a
1158+  8943 06 00       		ld	b, 0
1159+  8945 09          		add	hl, bc
1160+  8946 09          		add	hl, bc
1161+  8947 4E          		ld	c, (hl)
1162+  8948 23          		inc	hl
1163+  8949 7E          		ld	a, (hl)
1164+  894A FD 6E 10    		ld	l, (iy + 10h)
1165+  894D FD 66 11    		ld	h, (iy + 11h)
1166+  8950 85          		add	a, l
1167+  8951 30 01       		jr	nc, loc_0_48BE
1168+  8953 24          		inc	h
1169+  8954             loc_0_48BE: 
1170+  8954 6F          		ld	l, a
1171+  8955 5E          		ld	e, (hl)
1172+  8956 23          		inc	hl
1173+  8957 56          		ld	d, (hl)
1174+  8958 EB          		ex	de, hl 			; HL = freq
1175+  8959             
1176+  8959 CB 25       		sla	l
1177+  895B 7C          		ld	a, h
1178+  895C 17          		rla	
1179+  895D 81          		add	a, c
1180+  895E 67          		ld	h, a
1181+  895F             loc_0_48C9: 
1182+  895F 16 00       		ld	d, 0
1183+  8961 FD 5E 05    		ld	e, (iy + 5)
1184+  8964 CB 7B       		bit	7, e
1185+  8966 28 01       		jr	z, loc_0_48D3
1186+  8968 15          		dec	d
1187+  8969             loc_0_48D3: 
1188+  8969 19          		add	hl, de			; detune...
1189+  896A 19          		add	hl, de
1190+  896B             
1191+  896B FD 75 12    		ld	(iy + 12h), l		; freq fine
1192+  896E FD 74 13    		ld	(iy + 13h), h
1193+  8971             
1194+  8971 C1          		pop	bc
1195+  8972 3E 1F       		ld	a, 1Fh
1196+  8974 80          		add	a, b
1197+  8975 D3 7E       		out	(MOON_WREG), a
1198+  8977 7D          		ld	a, l
1199+  8978 FD B6 06    		or	(iy + 6)
1200+  897B             loc_0_48E5: 
1201+  897B C5          		push	bc
1202+  897C C1          		pop	bc
1203+  897D D3 7F       		out	(MOON_WDAT), a		; freq + tone
1204+  897F             
1205+  897F 3E 37       		ld	a, 37h
1206+  8981 80          		add	a, b
1207+  8982             loc_0_48EC: 
1208+  8982 C5          		push	bc
1209+  8983 C1          		pop	bc
1210+  8984 D3 7E       		out	(MOON_WREG), a
1211+  8986 7C          		ld	a, h
1212+  8987 FD B6 0C    		or	(iy + 0Ch)
1213+  898A             loc_0_48F4: 
1214+  898A C5          		push	bc
1215+  898B C1          		pop	bc
1216+  898C D3 7F       		out	(MOON_WDAT), a 		; freq
1217+  898E C9          		ret	
1218+  898F             
1219+  898F             loc_0_48F9: 
1220+  898F FD 6E 10    		ld	l, (iy + 10h)		; link own wave
1221+  8992 FD 66 11    		ld	h, (iy + 11h)
1222+  8995 5F          		ld	e, a
1223+  8996 16 00       		ld	d, 0
1224+  8998 19          		add	hl, de
1225+  8999 19          		add	hl, de
1226+  899A 5E          		ld	e, (hl)
1227+  899B 23          		inc	hl
1228+  899C 56          		ld	d, (hl)
1229+  899D EB          		ex	de, hl			; freq
1230+  899E C3 5F 89    		jp	loc_0_48C9
1231+  89A1             ;-------------------------------------------------------------------
1232+  89A1             ; îïèñàíèå: Play stereo event
1233+  89A1             ; ïàðàìåòðû: íåò
1234+  89A1             ; âîçâðàùàåìîå  çíà÷åíèå: íåò
1235+  89A1             ;---------------------------------------------------------------------
1236+  89A1             MBPlayer_play_wchgste: 
1237+  89A1 D6 B9       		sub	0B9h 		; 178 + 7
1238+  89A3             MBPlayer_play_wchgste2: 
1239+  89A3 E6 0F       		and	0Fh
1240+  89A5 57          		ld	d, a
1241+  89A6 FD 7E 0B    		ld	a, (iy + 0Bh)
1242+  89A9 E6 F0       		and	0F0h
1243+  89AB B2          		or	d
1244+  89AC FD 77 0B    		ld	(iy + 0Bh), a
1245+  89AF 3E 67       		ld	a, 67h
1246+  89B1 80          		add	a, b
1247+  89B2 D3 7E       		out	(MOON_WREG), a
1248+  89B4 FD 36 02 00 		ld	(iy + 2), 0
1249+  89B8             loc_0_4922: 
1250+  89B8 C5          		push	bc
1251+  89B9 C1          		pop	bc
1252+  89BA DB 7F       		in	a, (MOON_WDAT)
1253+  89BC E6 F0       		and	0F0h
1254+  89BE B2          		or	d
1255+  89BF             loc_0_4929: 
1256+  89BF C5          		push	bc
1257+  89C0 C1          		pop	bc
1258+  89C1 D3 7F       		out	(MOON_WDAT), a
1259+  89C3 C9          		ret	
1260+  89C4             ;-------------------------------------------------------------------
1261+  89C4             ; îïèñàíèå: Pitch bending
1262+  89C4             ; ïàðàìåòðû: íåò
1263+  89C4             ; âîçâðàùàåìîå  çíà÷åíèå: íåò
1264+  89C4             ;---------------------------------------------------------------------
1265+  89C4             MBPlayer_play_wchgpit: 
1266+  89C4 D6 DD       		sub	221
1267+  89C6 FD 36 02 01 		ld	(iy + 2), 1		; Pitch bending on
1268+  89CA 87          		add	a, a
1269+  89CB 87          		add	a, a
1270+  89CC FD 77 03    		ld	(iy + 3), a		; Set pitch bend speed
1271+  89CF 07          		rlca	
1272+  89D0 38 05       		jr	c, loc_0_4941
1273+  89D2 FD 36 04 00 		ld	(iy + 4), 0
1274+  89D6 C9          		ret	
1275+  89D7             loc_0_4941: 
1276+  89D7 FD 36 04 FF 		ld	(iy + 4), 0FFh
1277+  89DB C9          		ret	
1278+  89DC             ;-------------------------------------------------------------------
1279+  89DC             ; îïèñàíèå: Modulation event
1280+  89DC             ; ïàðàìåòðû: íåò
1281+  89DC             ; âîçâðàùàåìîå  çíà÷åíèå: íåò
1282+  89DC             ;---------------------------------------------------------------------
1283+  89DC             MBPlayer_play_wchgmod: 
1284+  89DC D6 EC       		sub	0ECh		;238 - 2
1285+  89DE FD 77 02    		ld	(iy + 2), a
1286+  89E1 87          		add	a, a
1287+  89E2 87          		add	a, a
1288+  89E3 87          		add	a, a
1289+  89E4 87          		add	a, a
1290+  89E5 21 3C 8B    		ld	hl, MBPlayer_xmodtab - 2 * 16
1291+  89E8 85          		add	a, l
1292+  89E9 30 01       		jr	nc, loc_0_4956
1293+  89EB 24          		inc	h
1294+  89EC             loc_0_4956: 
1295+  89EC 6F          		ld	l, a
1296+  89ED FD 75 03    		ld	(iy + 3), l
1297+  89F0 FD 74 04    		ld	(iy + 4), h
1298+  89F3 C9          		ret	
1299+  89F4             ;-------------------------------------------------------------------
1300+  89F4             ; îïèñàíèå: Set detune
1301+  89F4             ; ïàðàìåòðû: íåò
1302+  89F4             ; âîçâðàùàåìîå  çíà÷åíèå: íåò
1303+  89F4             ;---------------------------------------------------------------------
1304+  89F4             MBPlayer_play_wchgdet: 
1305+  89F4 D6 EA       		sub	234
1306+  89F6 87          		add	a, a
1307+  89F7 87          		add	a, a
1308+  89F8 FD 77 05    		ld	(iy + 5), a
1309+  89FB C9          		ret	
1310+  89FC             ;-------------------------------------------------------------------
1311+  89FC             ; îïèñàíèå: Damp
1312+  89FC             ; ïàðàìåòðû: íåò
1313+  89FC             ; âîçâðàùàåìîå  çíà÷åíèå: íåò
1314+  89FC             ;---------------------------------------------------------------------
1315+  89FC             MBPlayer_play_wchgdmp: 
1316+  89FC 3E 67       		ld	a, 67h
1317+  89FE 80          		add	a, b			; calc. register
1318+  89FF D3 7E       		out	(MOON_WREG), a
1319+  8A01 FD 36 02 00 		ld	(iy + 2), 0
1320+  8A05             loc_0_496F: 
1321+  8A05 C5          		push	bc
1322+  8A06 C1          		pop	bc
1323+  8A07 DB 7F       		in	a, (MOON_WDAT)
1324+  8A09 F6 40       		or	40h			; pb/mod off
1325+  8A0B             loc_0_4975: 
1326+  8A0B C5          		push	bc
1327+  8A0C C1          		pop	bc
1328+  8A0D D3 7F       		out	(MOON_WDAT), a
1329+  8A0F C9          		ret	
1330+  8A10             ;-------------------------------------------------------------------
1331+  8A10             ; îïèñàíèå: pitch bending/modulation
1332+  8A10             ; ïàðàìåòðû: íåò
1333+  8A10             ; âîçâðàùàåìîå  çíà÷åíèå: íåò
1334+  8A10             ;---------------------------------------------------------------------
1335+  8A10             MBPlayer_play_pitch: 
1336+  8A10 FD 21 0A 8C 		ld	iy, MBPlayer_play_table_wav
1337+  8A14 11 14 00    		ld	de,PTW_SIZE
1338+  8A17 21 23 8A    		ld	hl,MBPlayer_play_pitchwvl2
1339+  8A1A 06 18       		ld	b,WAVCHNS		; wave channels
1340+  8A1C             MBPlayer_play_pitchwlus: 
1341+  8A1C FD 7E 02    		ld	a, (iy + 2)
1342+  8A1F B7          		or	a
1343+  8A20 C2 28 8A    		jp	nz, MBPlayer_play_pitch_wdo
1344+  8A23             MBPlayer_play_pitchwvl2: 
1345+  8A23 FD 19       		add	iy, de
1346+  8A25 10 F5       		djnz	MBPlayer_play_pitchwlus
1347+  8A27 C9          		ret	
1348+  8A28             ;-------------------------------------------------------------------
1349+  8A28             ; îïèñàíèå: pitch bending
1350+  8A28             ; ïàðàìåòðû: íåò
1351+  8A28             ; âîçâðàùàåìîå  çíà÷åíèå: íåò
1352+  8A28             ;---------------------------------------------------------------------
1353+  8A28             MBPlayer_play_pitch_wdo: 
1354+  8A28 D9          		exx	
1355+  8A29             
1356+  8A29 4F          		ld	c, a
1357+  8A2A             
1358+  8A2A FD 6E 03    		ld	l, (iy + 3)		; pitch bend speed
1359+  8A2D FD 66 04    		ld	h, (iy + 4)
1360+  8A30 0D          		dec	c
1361+  8A31 C2 6F 8A    		jp	nz, MBPlayer_play_mod_wdo ; modulation
1362+  8A34 EB          		ex	de, hl
1363+  8A35             loc_0_499F: 
1364+  8A35 FD 66 13    		ld	h, (iy + 13h)
1365+  8A38 FD 6E 12    		ld	l, (iy + 12h)
1366+  8A3B 19          		add	hl, de			; sliding
1367+  8A3C CB 5C       		bit	3, h
1368+  8A3E 28 0D       		jr	z, loc_0_49B7
1369+  8A40 CB 7A       		bit	7, d
1370+  8A42 20 07       		jr	nz, loc_0_49B5
1371+  8A44 7C          		ld	a, h
1372+  8A45 C6 08       		add	a, 8
1373+  8A47 67          		ld	h, a
1374+  8A48 C3 4D 8A    		jp	loc_0_49B7
1375+  8A4B             loc_0_49B5: 
1376+  8A4B CB 9C       		res	3, h
1377+  8A4D             loc_0_49B7: 
1378+  8A4D FD 75 12    		ld	(iy + 12h), l		; freq fine
1379+  8A50 FD 74 13    		ld	(iy + 13h), h
1380+  8A53 FD 7E 01    		ld	a, (iy + 1)
1381+  8A56 4F          		ld	c, a
1382+  8A57 D3 7E       		out	(MOON_WREG), a
1383+  8A59 7D          		ld	a, l
1384+  8A5A FD B6 06    		or	(iy + 6)
1385+  8A5D             loc_0_49C7: 
1386+  8A5D C5          		push	bc
1387+  8A5E C1          		pop	bc
1388+  8A5F D3 7F       		out	(MOON_WDAT), a		; freq + tone
1389+  8A61             
1390+  8A61 79          		ld	a, c
1391+  8A62 C6 18       		add	a, 24
1392+  8A64             loc_0_49CE: 
1393+  8A64 C5          		push	bc
1394+  8A65 C1          		pop	bc
1395+  8A66 D3 7E       		out	(MOON_WREG), a
1396+  8A68 7C          		ld	a, h
1397+  8A69             loc_0_49D3: 
1398+  8A69 C5          		push	bc
1399+  8A6A C1          		pop	bc
1400+  8A6B D3 7F       		out	(MOON_WDAT), a 		; freq
1401+  8A6D D9          		exx	
1402+  8A6E E9          		jp	(hl)
1403+  8A6F             ;-------------------------------------------------------------------
1404+  8A6F             ; îïèñàíèå: Ìîäóëÿöèÿ
1405+  8A6F             ; ïàðàìåòðû: íåò
1406+  8A6F             ; âîçâðàùàåìîå  çíà÷åíèå: íåò
1407+  8A6F             ;---------------------------------------------------------------------
1408+  8A6F             MBPlayer_play_mod_wdo: 
1409+  8A6F 16 00       		ld	d, 0
1410+  8A71 5E          		ld	e, (hl)
1411+  8A72 CB 23       		sla	e
1412+  8A74 CB 23       		sla	e
1413+  8A76 30 01       		jr	nc, loc_0_49E3
1414+  8A78 15          		dec	d
1415+  8A79             loc_0_49E3: 
1416+  8A79 23          		inc	hl
1417+  8A7A 7E          		ld	a, (hl)
1418+  8A7B FE 0A       		cp	10
1419+  8A7D C2 8D 8A    		jp	nz, loc_0_49F7
1420+  8A80 79          		ld	a, c
1421+  8A81             
1422+  8A81 21 4C 8B    		ld	hl, MBPlayer_xmodtab - 16
1423+  8A84 87          		add	a, a
1424+  8A85 87          		add	a, a
1425+  8A86 87          		add	a, a
1426+  8A87 87          		add	a, a
1427+  8A88 85          		add	a, l
1428+  8A89 30 01       		jr	nc, loc_0_49F6
1429+  8A8B 24          		inc	h
1430+  8A8C             loc_0_49F6: 
1431+  8A8C 6F          		ld	l, a
1432+  8A8D             loc_0_49F7: 
1433+  8A8D FD 75 03    		ld	(iy + 3), l
1434+  8A90 FD 74 04    		ld	(iy + 4), h
1435+  8A93 C3 35 8A    		jp	loc_0_499F
1436+  8A96             ;-------------------------------------------------------------------
1437+  8A96             ; îïèñàíèå: Çàòóõàíèå ìåëîäèè
1438+  8A96             ; ïàðàìåòðû: íåò
1439+  8A96             ; âîçâðàùàåìîå  çíà÷åíèå: íåò
1440+  8A96             ;---------------------------------------------------------------------
1441+  8A96             MBPlayer_play_fade: 	
1442+  8A96 3A 20 8B    		ld	a,(MBPlayer_play_fadespd)	; speed
1443+  8A99 21 1F 8B    		ld	hl,MBPlayer_play_fadecnt
1444+  8A9C 34          		inc	(hl)
1445+  8A9D BE          		cp	(hl)
1446+  8A9E C0          		ret	nz
1447+  8A9F 36 00       		ld	(hl), 0
1448+  8AA1             
1449+  8AA1 06 18       		ld	b,WAVCHNS
1450+  8AA3 FD 21 0A 8C 		ld	iy,MBPlayer_play_table_wav
1451+  8AA7 11 14 00    		ld	de,PTW_SIZE
1452+  8AAA             loc_0_4A14: 
1453+  8AAA FD 7E 0F    		ld	a, (iy + 0Fh)		
1454+  8AAD C6 08       		add	a, 8                    ; -4, but bit 0 is not for volume
1455+  8AAF 30 02       		jr	nc, loc_0_4A1D
1456+  8AB1 3E FF       		ld	a, 255
1457+  8AB3             loc_0_4A1D: 
1458+  8AB3 FD 77 0F    		ld	(iy + 0Fh), a
1459+  8AB6 3E 4F       		ld	a, 4Fh
1460+  8AB8 80          		add	a, b
1461+  8AB9 D3 7E       		out	(MOON_WREG), a
1462+  8ABB FD 7E 0F    		ld	a, (iy + 0Fh)		; level direct
1463+  8ABE             loc_0_4A28: 
1464+  8ABE C5          		push	bc
1465+  8ABF C1          		pop	bc
1466+  8AC0 D3 7F       		out	(MOON_WDAT), a
1467+  8AC2 FD 19       		add	iy, de
1468+  8AC4 10 E4       		djnz	loc_0_4A14
1469+  8AC6             
1470+  8AC6 21 21 8B    		ld	hl, MBPlayer_play_fadetcnt 	; total counter
1471+  8AC9 34          		inc	(hl)
1472+  8ACA 7E          		ld	a, (hl)
1473+  8ACB FE 21       		cp	33			; will always be faded out in 33 steps
1474+  8ACD C0          		ret	nz
1475+  8ACE AF          		xor	a
1476+  8ACF 32 1E 8B    		ld	(MBPlayer_play_fading), a
1477+  8AD2 C3 56 84    		jp	MBPlayer_stop_music
1478+  8AD5             
1479+  8AD5             sub_0_4A3F: 
1480+  8AD5 08          		ex	af, af'
1481+  8AD6 79          		ld	a, c
1482+  8AD7             loc_0_4A41: 
1483+  8AD7 C5          		push	bc
1484+  8AD8 C1          		pop	bc
1485+  8AD9 D3 C6       		out	(MOON_REG2),a
1486+  8ADB 08          		ex	af, af'
1487+  8ADC             loc_0_4A46: 
1488+  8ADC C5          		push	bc
1489+  8ADD C1          		pop	bc
1490+  8ADE D3 C7       		out	(MOON_DAT2),a
1491+  8AE0 C9          		ret	
1492+  8AE1             ;-------------------------------------------------------------------
1493+  8AE1             ; îïèñàíèå: Âûâîä äàííûõ â ðåãèñòðû Wave ÷àñòè
1494+  8AE1             ; ïàðàìåòðû: C - íîìåð ðåãèñòðà
1495+  8AE1             ;	     A - âûâîäèìûé áàéò
1496+  8AE1             ; âîçâðàùàåìîå  çíà÷åíèå: íåò
1497+  8AE1             ;---------------------------------------------------------------------
1498+  8AE1             MBPlayer_out_wave: 	
1499+  8AE1 08          		ex	af, af'
1500+  8AE2 79          		ld	a, c
1501+  8AE3             loc_0_4A4D: 
1502+  8AE3 C5          		push	bc
1503+  8AE4 C1          		pop	bc
1504+  8AE5 D3 7E       		out	(MOON_WREG), a
1505+  8AE7 08          		ex	af, af'
1506+  8AE8             loc_0_4A52: 
1507+  8AE8 C5          		push	bc
1508+  8AE9 C1          		pop	bc
1509+  8AEA D3 7F       		out	(MOON_WDAT), a
1510+  8AEC C9          		ret	
1511+  8AED             ;-------------------------------------------------------------------
1512+  8AED             ; îïèñàíèå: ×òåíèå äàííûõ èç ðåãèñòðà Wave ÷àñòè
1513+  8AED             ; ïàðàìåòðû: C - íîìåð ðåãèñòðà
1514+  8AED             ; âîçâðàùàåìîå  çíà÷åíèå: A - áàéò äàííûõ
1515+  8AED             ;---------------------------------------------------------------------
1516+  8AED             MBPlayer_in_wave: 	
1517+  8AED C5          		push	bc
1518+  8AEE C1          		pop	bc
1519+  8AEF 79          		ld	a, c
1520+  8AF0 D3 7E       		out	(MOON_WREG), a
1521+  8AF2 00          		nop	
1522+  8AF3             loc_0_4A5D: 
1523+  8AF3 C5          		push	bc
1524+  8AF4 C1          		pop	bc
1525+  8AF5 DB 7F       		in	a, (MOON_WDAT)
1526+  8AF7 C9          		ret	
1527+  8AF8             
1528+  8AF8             MBPlayer_play_busy: 
1529+  8AF8 00          		db	0
1530+  8AF9             MBPlayer_play_pos: 	
1531+  8AF9 00          		db 	0
1532+  8AFA             MBPlayer_play_step: 	
1533+  8AFA 00          		db 	0
1534+  8AFB             MBPlayer_save_curbank: 	
1535+  8AFB 00          		db	0
1536+  8AFC             MBPlayer_songdata_bank1: 	
1537+  8AFC 00          		db 	0
1538+  8AFD             MBPlayer_songdata_addres: 	
1539+  8AFD 00 00       		dw 	0
1540+  8AFF             MBPlayer_songdata_bank: 	
1541+  8AFF 00          		db 	0
1542+  8B00             
1543+  8B00             MBPlayer_step_buffer: 	
1544+  8B00 00          		db    	0
1545+  8B01 00          		db    	0
1546+  8B02 00          		db    	0 ;  
1547+  8B03 00          		db    	0 ;  
1548+  8B04 00          		db    	0 ;  
1549+  8B05 00          		db    	0 ;  
1550+  8B06 00          		db    	0 ;  
1551+  8B07 00          		db    	0 ;  
1552+  8B08             unk_0_4B90: 	
1553+  8B08 00          		db    	0
1554+  8B09 00          		db    	0 ;  
1555+  8B0A 00          		db    	0 ;  
1556+  8B0B 00          		db    	0 ;  
1557+  8B0C 00          		db    	0 ;  
1558+  8B0D 00          		db    	0 ;  
1559+  8B0E 00          		db    	0 ;  
1560+  8B0F 00          		db    	0 ;  
1561+  8B10             unk_0_4B98: 	
1562+  8B10 00          		db    	0
1563+  8B11 00          		db    	0 ;  
1564+  8B12 00          		db    	0 ;  
1565+  8B13 00          		db    	0 ;  
1566+  8B14 00          		db    	0 ;  
1567+  8B15 00          		db    	0 ;  
1568+  8B16 00          		db    	0 ;  
1569+  8B17 00          		db    	0 ;  
1570+  8B18 00          		db    	0 ;  
1571+  8B19             MBPlayer_play_speed: 	
1572+  8B19 00          		db 	0
1573+  8B1A             MBPlayer_play_tspval: 	
1574+  8B1A 00          		db 	0
1575+  8B1B             MBPlayer_play_timercnt: 	
1576+  8B1B 00          		db 	0
1577+  8B1C             MBPlayer_play_intcnt: 
1578+  8B1C 00          		db 	0
1579+  8B1D             MBPlayer_current_pat: 	
1580+  8B1D 00          		db 	0
1581+  8B1E             MBPlayer_play_fading: 	
1582+  8B1E 00          		db 	0
1583+  8B1F             MBPlayer_play_fadecnt: 	
1584+  8B1F 00          		db 	0
1585+  8B20             MBPlayer_play_fadespd: 	
1586+  8B20 00          		db 	0
1587+  8B21             MBPlayer_play_fadetcnt: 	
1588+  8B21 00          		db 	0
1589+  8B22             MBPlayer_sample_address: 	
1590+  8B22 00          		db    	0
1591+  8B23 00          		db    	0 ;  
1592+  8B24 00          		db    	0 ;  
1593+  8B25 00          		db    	0 ;  
1594+  8B26             MBPlayer_samplesize: 	
1595+  8B26 00 00       		dw 	0
1596+  8B28             ;-------------------------------------------------------------------
1597+  8B28             ; îïèñàíèå: Èíôîðìàöèÿ î òðåêå = 220 áàéò
1598+  8B28             ; ïàðàìåòðû: íåò
1599+  8B28             ; âîçâðàùàåìîå  çíà÷åíèå: íåò
1600+  8B28             ;---------------------------------------------------------------------
1601+  8B28             MBPlayer_xleng: 	
1602+  8B28 00          		ds	1		; Song length
1603+  8B29             MBPlayer_xloop: 		
1604+  8B29 00          		ds	1		; Loop position
1605+  8B2A             MBPlayer_xwvstpr: 	
1606+  8B2A 00          		ds	24		; Stereo settings Wave
1607+  8B42             MBPlayer_xtempo: 		
1608+  8B42 00          		ds	1		; Tempo
1609+  8B43             MBPlayer_xhzequal: 	
1610+  8B43 00          		ds	1		; Base frequency
1611+  8B44             MBPlayer_xdetune: 		
1612+  8B44 00          		ds	24		; Detune settings
1613+  8B5C             MBPlayer_xmodtab: 		
1614+  8B5C 00          		ds	3*16		; Modulation tables
1615+  8B8C             MBPlayer_xbegwav: 		
1616+  8B8C 00          		ds	24		; Start waves
1617+  8BA4             MBPlayer_xwavnrs: 	
1618+  8BA4 00          		ds	48		; Wave numbers
1619+  8BD4             MBPlayer_xwavvols: 	                	
1620+  8BD4 00          		ds	48		; Wave volumes
1621+  8C04             
1622+  8C04             
1623+  8C04             MBPlayer_pat_address: 	
1624+  8C04 00 00       		dw 	0
1625+  8C06             MBPlayer_pos_address: 	
1626+  8C06 00 00       		dw 	0
1627+  8C08             MBPlayer_songdata_ptr: 	
1628+  8C08 00 00       		dw 	0
1629+  8C0A             
1630+  8C0A             ;--- smart table: --
1631+  8C0A             
1632+  8C0A             ;    - last note played                 01: + 0
1633+  8C0A             ;    - frequency register               01: + 1
1634+  8C0A             ;    - pitch bending on/off             01: + 2
1635+  8C0A             ;    - pitch bend speed                 02: + 3
1636+  8C0A             ;    - detune value                     01: + 5
1637+  8C0A             ;    - tone nr for next interrupt       02: + 6
1638+  8C0A             ;    - freq for next interrupt          02: + 8
1639+  8C0A             ;    - current patch                    01  + 10
1640+  8C0A             ;    - current stereo setting           01  + 11
1641+  8C0A             ;    - pseudo reverb                    01  + 12
1642+  8C0A             ;    - Pointer to header bytes          02  + 13
1643+  8C0A             ;    - Volume                           01  + 15
1644+  8C0A             ;    - Pointer to used freq table       01  + 16
1645+  8C0A             ;    - Current pitch freq.              02  + 18
1646+  8C0A             ;                               --
1647+  8C0A             ;    Total:                             20
1648+  8C0A             
1649+  8C0A             MBPlayer_play_table_wav: 
1650+  8C0A             		db	0,037h,0,0,0,0,0,0,0,0,0,0,0,0,0,0,0,0,0,0	; ch1
1650+  8C0A 0037000000000000000000000000000000000000
1651+  8C1E             		db	0,036h,0,0,0,0,0,0,0,0,0,0,0,0,0,0,0,0,0,0	; ch2
1651+  8C1E 0036000000000000000000000000000000000000
1652+  8C32             		db	0,035h,0,0,0,0,0,0,0,0,0,0,0,0,0,0,0,0,0,0	; ch3
1652+  8C32 0035000000000000000000000000000000000000
1653+  8C46             		db	0,034h,0,0,0,0,0,0,0,0,0,0,0,0,0,0,0,0,0,0	; ch4
1653+  8C46 0034000000000000000000000000000000000000
1654+  8C5A             		db	0,033h,0,0,0,0,0,0,0,0,0,0,0,0,0,0,0,0,0,0	; ch5
1654+  8C5A 0033000000000000000000000000000000000000
1655+  8C6E             		db	0,032h,0,0,0,0,0,0,0,0,0,0,0,0,0,0,0,0,0,0	; ch6
1655+  8C6E 0032000000000000000000000000000000000000
1656+  8C82             		db	0,031h,0,0,0,0,0,0,0,0,0,0,0,0,0,0,0,0,0,0	; ch7
1656+  8C82 0031000000000000000000000000000000000000
1657+  8C96             		db	0,030h,0,0,0,0,0,0,0,0,0,0,0,0,0,0,0,0,0,0	; ch8
1657+  8C96 0030000000000000000000000000000000000000
1658+  8CAA             unk_0_4D90: 	
1659+  8CAA             		db	0,02fh,0,0,0,0,0,0,0,0,0,0,0,0,0,0,0,0,0,0	; ch9
1659+  8CAA 002F000000000000000000000000000000000000
1660+  8CBE             		db	0,02eh,0,0,0,0,0,0,0,0,0,0,0,0,0,0,0,0,0,0	; ch10
1660+  8CBE 002E000000000000000000000000000000000000
1661+  8CD2             		db	0,02dh,0,0,0,0,0,0,0,0,0,0,0,0,0,0,0,0,0,0	; ch11
1661+  8CD2 002D000000000000000000000000000000000000
1662+  8CE6             		db	0,02ch,0,0,0,0,0,0,0,0,0,0,0,0,0,0,0,0,0,0	; ch12
1662+  8CE6 002C000000000000000000000000000000000000
1663+  8CFA             		db	0,02bh,0,0,0,0,0,0,0,0,0,0,0,0,0,0,0,0,0,0	; ch13
1663+  8CFA 002B000000000000000000000000000000000000
1664+  8D0E             		db	0,02ah,0,0,0,0,0,0,0,0,0,0,0,0,0,0,0,0,0,0	; ch14
1664+  8D0E 002A000000000000000000000000000000000000
1665+  8D22             		db	0,029h,0,0,0,0,0,0,0,0,0,0,0,0,0,0,0,0,0,0	; ch15
1665+  8D22 0029000000000000000000000000000000000000
1666+  8D36             		db	0,028h,0,0,0,0,0,0,0,0,0,0,0,0,0,0,0,0,0,0	; ch16
1666+  8D36 0028000000000000000000000000000000000000
1667+  8D4A             unk_0_4E30: 	
1668+  8D4A             		db	0,027h,0,0,0,0,0,0,0,0,0,0,0,0,0,0,0,0,0,0	; ch17
1668+  8D4A 0027000000000000000000000000000000000000
1669+  8D5E             		db	0,026h,0,0,0,0,0,0,0,0,0,0,0,0,0,0,0,0,0,0	; ch18
1669+  8D5E 0026000000000000000000000000000000000000
1670+  8D72             		db	0,025h,0,0,0,0,0,0,0,0,0,0,0,0,0,0,0,0,0,0	; ch19
1670+  8D72 0025000000000000000000000000000000000000
1671+  8D86             		db	0,024h,0,0,0,0,0,0,0,0,0,0,0,0,0,0,0,0,0,0	; ch20
1671+  8D86 0024000000000000000000000000000000000000
1672+  8D9A             		db	0,023h,0,0,0,0,0,0,0,0,0,0,0,0,0,0,0,0,0,0	; ch21
1672+  8D9A 0023000000000000000000000000000000000000
1673+  8DAE             		db	0,022h,0,0,0,0,0,0,0,0,0,0,0,0,0,0,0,0,0,0	; ch22
1673+  8DAE 0022000000000000000000000000000000000000
1674+  8DC2             		db	0,021h,0,0,0,0,0,0,0,0,0,0,0,0,0,0,0,0,0,0	; ch23
1674+  8DC2 0021000000000000000000000000000000000000
1675+  8DD6             		db	0,020h,0,0,0,0,0,0,0,0,0,0,0,0,0,0,0,0,0,0	; ch24
1675+  8DD6 0020000000000000000000000000000000000000
1676+  8DEA             
1677+  8DEA             		.include	"freq_table_0.inc"
0001++ 8DEA             ;-------------------------------------------------------------------
0002++ 8DEA             ; îïèñàíèå:  Òàáëèöà äåëèòåëåé
0003++ 8DEA             ;---------------------------------------------------------------------
0004++ 8DEA             MBPlayer_tabdiv12: 
0005++ 8DEA             		db	-5*16,0,-5*16,2*1,-5*16,2*2,-5*16,2*3,-5*16,2*4,-5*16,2*5
0005++ 8DEA B000B002B004B006B008B00A
0006++ 8DF6             		db	-5*16,2*6,-5*16,2*7,-5*16,2*8,-5*16,2*9,-5*16,2*10,-5*16,2*11
0006++ 8DF6 B00CB00EB010B012B014B016
0007++ 8E02             		db	-4*16,0,-4*16,2*1,-4*16,2*2,-4*16,2*3,-4*16,2*4,-4*16,2*5
0007++ 8E02 C000C002C004C006C008C00A
0008++ 8E0E             		db	-4*16,2*6,-4*16,2*7,-4*16,2*8,-4*16,2*9,-4*16,2*10,-4*16,2*11
0008++ 8E0E C00CC00EC010C012C014C016
0009++ 8E1A             		db	-3*16,0,-3*16,2*1,-3*16,2*2,-3*16,2*3,-3*16,2*4,-3*16,2*5
0009++ 8E1A D000D002D004D006D008D00A
0010++ 8E26             		db	-3*16,2*6,-3*16,2*7,-3*16,2*8,-3*16,2*9,-3*16,2*10,-3*16,2*11
0010++ 8E26 D00CD00ED010D012D014D016
0011++ 8E32             		db	-2*16,0,-2*16,2*1,-2*16,2*2,-2*16,2*3,-2*16,2*4,-2*16,2*5
0011++ 8E32 E000E002E004E006E008E00A
0012++ 8E3E             		db	-2*16,2*6,-2*16,2*7,-2*16,2*8,-2*16,2*9,-2*16,2*10,-2*16,2*11
0012++ 8E3E E00CE00EE010E012E014E016
0013++ 8E4A             		db	-1*16,0,-1*16,2*1,-1*16,2*2,-1*16,2*3,-1*16,2*4,-1*16,2*5
0013++ 8E4A F000F002F004F006F008F00A
0014++ 8E56             		db	-1*16,2*6,-1*16,2*7,-1*16,2*8,-1*16,2*9,-1*16,2*10,-1*16,2*11
0014++ 8E56 F00CF00EF010F012F014F016
0015++ 8E62             		db	0*16,0,0*16,2*1,0*16,2*2,0*16,2*3,0*16,2*4,0*16,2*5
0015++ 8E62 00000002000400060008000A
0016++ 8E6E             		db	0*16,2*6,0*16,2*7,0*16,2*8,0*16,2*9,0*16,2*10,0*16,2*11
0016++ 8E6E 000C000E0010001200140016
0017++ 8E7A             		db	1*16,0,1*16,2*1,1*16,2*2,1*16,2*3,1*16,2*4,1*16,2*5
0017++ 8E7A 10001002100410061008100A
0018++ 8E86             		db	1*16,2*6,1*16,2*7,1*16,2*8,1*16,2*9,1*16,2*10,1*16,2*11
0018++ 8E86 100C100E1010101210141016
0019++ 8E92             		db	2*16,0,2*16,2*1,2*16,2*2,2*16,2*3,2*16,2*4,2*16,2*5
0019++ 8E92 20002002200420062008200A
0020++ 8E9E             		db	2*16,2*6,2*16,2*7,2*16,2*8,2*16,2*9,2*16,2*10,2*16,2*11
0020++ 8E9E 200C200E2010201220142016
0021++ 8EAA             		db	3*16,0,3*16,2*1,3*16,2*2,3*16,2*3,3*16,2*4,3*16,2*5
0021++ 8EAA 30003002300430063008300A
0022++ 8EB6             		db	3*16,2*6,3*16,2*7,3*16,2*8,3*16,2*9,3*16,2*10,3*16,2*11
0022++ 8EB6 300C300E3010301230143016
0023++ 8EC2             		db	4*16,0,4*16,2*1,4*16,2*2,4*16,2*3,4*16,2*4,4*16,2*5
0023++ 8EC2 40004002400440064008400A
0024++ 8ECE             		db	4*16,2*6,4*16,2*7,4*16,2*8,4*16,2*9,4*16,2*10,4*16,2*11
0024++ 8ECE 400C400E4010401240144016
0025++ 8EDA             		db	5*16,0,5*16,2*1,5*16,2*2,5*16,2*3,5*16,2*4,5*16,2*5
0025++ 8EDA 50005002500450065008500A
0026++ 8EE6             		db	5*16,2*6,5*16,2*7,5*16,2*8,5*16,2*9,5*16,2*10,5*16,2*11
0026++ 8EE6 500C500E5010501250145016
0027++ 8EF2             		db	6*16,0,6*16,2*1,6*16,2*2,6*16,2*3,6*16,2*4,6*16,2*5
0027++ 8EF2 60006002600460066008600A
0028++ 8EFE             		db	6*16,2*6,6*16,2*7,6*16,2*8,6*16,2*9,6*16,2*10,6*16,2*11
0028++ 8EFE 600C600E6010601260146016
0029++ 8F0A             		db	7*16,0,7*16,2*1,7*16,2*2,7*16,2*3,7*16,2*4,7*16,2*5
0029++ 8F0A 70007002700470067008700A
0030++ 8F16             		db	7*16,2*6,7*16,2*7,7*16,2*8,7*16,2*9,7*16,2*10,7*16,2*11
0030++ 8F16 700C700E7010701270147016
0031++ 8F22             		db	8*16,0,8*16,2*1,8*16,2*2,8*16,2*3,8*16,2*4,8*16,2*5
0031++ 8F22 80008002800480068008800A
0032++ 8F2E             		db	8*16,2*6,8*16,2*7,8*16,2*8,8*16,2*9,8*16,2*10,8*16,2*11
0032++ 8F2E 800C800E8010801280148016
0033++ 8F3A             		db	9*16,0,9*16,2*1,9*16,2*2,9*16,2*3,9*16,2*4,9*16,2*5
0033++ 8F3A 90009002900490069008900A
0034++ 8F46             		db	9*16,2*6,9*16,2*7,9*16,2*8,9*16,2*9,9*16,2*10,9*16,2*11
0034++ 8F46 900C900E9010901290149016
0035++ 8F52             		db	10*16,0,10*16,2*1,10*16,2*2,10*16,2*3,10*16,2*4,10*16,2*5
0035++ 8F52 A000A002A004A006A008A00A
0036++ 8F5E             		db	10*16,2*6,10*16,2*7,10*16,2*8,10*16,2*9,10*16,2*10,10*16,2*11
0036++ 8F5E A00CA00EA010A012A014A016
0037++ 8F6A             
0038++ 8F6A             
1678+  8F6A             		.include	"freq_table_1.inc"
0001++ 8F6A             ;-------------------------------------------------------------------
0002++ 8F6A             ; îïèñàíèå:  Òàáëèöà ÷àñòîò äëÿ 44.1 kHz
0003++ 8F6A             ;---------------------------------------------------------------------
0004++ 8F6A             MBPlayer_frqtab_441khz: 	
0005++ 8F6A 00 C0       		dw	(-4 * 2048 + 0) * 2
0006++ 8F6C 7A C0       		dw	(-4 * 2048 + 61) * 2
0007++ 8F6E FA C0       		dw	(-4 * 2048 + 125) * 2
0008++ 8F70 84 C1       		dw	(-4 * 2048 + 194) * 2
0009++ 8F72 14 C2       		dw	(-4 * 2048 + 266) * 2
0010++ 8F74 AE C2       		dw	(-4 * 2048 + 343) * 2
0011++ 8F76 50 C3       		dw	(-4 * 2048 + 424) * 2
0012++ 8F78 FC C3       		dw	(-4 * 2048 + 510) * 2
0013++ 8F7A B2 C4       		dw	(-4 * 2048 + 601) * 2
0014++ 8F7C 74 C5       		dw	(-4 * 2048 + 698) * 2
0015++ 8F7E 42 C6       		dw	(-4 * 2048 + 801) * 2
0016++ 8F80 1A C7       		dw	(-4 * 2048 + 909) * 2
0017++ 8F82 00 D0       		dw	(-3 * 2048 + 0) * 2
0018++ 8F84 7A D0       		dw	(-3 * 2048 + 61) * 2
0019++ 8F86 FA D0       		dw	(-3 * 2048 + 125) * 2
0020++ 8F88 84 D1       		dw	(-3 * 2048 + 194) * 2
0021++ 8F8A 14 D2       		dw	(-3 * 2048 + 266) * 2
0022++ 8F8C AE D2       		dw	(-3 * 2048 + 343) * 2
0023++ 8F8E 50 D3       		dw	(-3 * 2048 + 424) * 2
0024++ 8F90 FC D3       		dw	(-3 * 2048 + 510) * 2
0025++ 8F92 B2 D4       		dw	(-3 * 2048 + 601) * 2
0026++ 8F94 74 D5       		dw	(-3 * 2048 + 698) * 2
0027++ 8F96 42 D6       		dw	(-3 * 2048 + 801) * 2
0028++ 8F98 1A D7       		dw	(-3 * 2048 + 909) * 2
0029++ 8F9A 00 E0       		dw	(-2 * 2048 + 0) * 2
0030++ 8F9C 7A E0       		dw	(-2 * 2048 + 61) * 2
0031++ 8F9E FA E0       		dw	(-2 * 2048 + 125) * 2
0032++ 8FA0 84 E1       		dw	(-2 * 2048 + 194) * 2
0033++ 8FA2 14 E2       		dw	(-2 * 2048 + 266) * 2
0034++ 8FA4 AE E2       		dw	(-2 * 2048 + 343) * 2
0035++ 8FA6 50 E3       		dw	(-2 * 2048 + 424) * 2
0036++ 8FA8 FC E3       		dw	(-2 * 2048 + 510) * 2
0037++ 8FAA B2 E4       		dw	(-2 * 2048 + 601) * 2
0038++ 8FAC 74 E5       		dw	(-2 * 2048 + 698) * 2
0039++ 8FAE 42 E6       		dw	(-2 * 2048 + 801) * 2
0040++ 8FB0 1A E7       		dw	(-2 * 2048 + 909) * 2
0041++ 8FB2 00 F0       		dw	(-1 * 2048 + 0) * 2
0042++ 8FB4 7A F0       		dw	(-1 * 2048 + 61) * 2
0043++ 8FB6 FA F0       		dw	(-1 * 2048 + 125) * 2
0044++ 8FB8 84 F1       		dw	(-1 * 2048 + 194) * 2
0045++ 8FBA 14 F2       		dw	(-1 * 2048 + 266) * 2
0046++ 8FBC AE F2       		dw	(-1 * 2048 + 343) * 2
0047++ 8FBE 50 F3       		dw	(-1 * 2048 + 424) * 2
0048++ 8FC0 FC F3       		dw	(-1 * 2048 + 510) * 2
0049++ 8FC2 B2 F4       		dw	(-1 * 2048 + 601) * 2
0050++ 8FC4 74 F5       		dw	(-1 * 2048 + 698) * 2
0051++ 8FC6 42 F6       		dw	(-1 * 2048 + 801) * 2
0052++ 8FC8 1A F7       		dw	(-1 * 2048 + 909) * 2
0053++ 8FCA 00 00       		dw	(-0 * 2048 + 0) * 2
0054++ 8FCC 7A 00       		dw	(-0 * 2048 + 61) * 2
0055++ 8FCE FA 00       		dw	(-0 * 2048 + 125) * 2
0056++ 8FD0 84 01       		dw	(-0 * 2048 + 194) * 2
0057++ 8FD2 14 02       		dw	(-0 * 2048 + 266) * 2
0058++ 8FD4 AE 02       		dw	(-0 * 2048 + 343) * 2
0059++ 8FD6 50 03       		dw	(-0 * 2048 + 424) * 2
0060++ 8FD8 FC 03       		dw	(-0 * 2048 + 510) * 2
0061++ 8FDA B2 04       		dw	(-0 * 2048 + 601) * 2
0062++ 8FDC 74 05       		dw	(-0 * 2048 + 698) * 2
0063++ 8FDE 42 06       		dw	(-0 * 2048 + 801) * 2
0064++ 8FE0 1A 07       		dw	(-0 * 2048 + 909) * 2
0065++ 8FE2 00 10       		dw	(+1 * 2048 + 0) * 2
0066++ 8FE4 7A 10       		dw	(+1 * 2048 + 61) * 2
0067++ 8FE6 FA 10       		dw	(+1 * 2048 + 125) * 2
0068++ 8FE8 84 11       		dw	(+1 * 2048 + 194) * 2
0069++ 8FEA 14 12       		dw	(+1 * 2048 + 266) * 2
0070++ 8FEC AE 12       		dw	(+1 * 2048 + 343) * 2
0071++ 8FEE 50 13       		dw	(+1 * 2048 + 424) * 2
0072++ 8FF0 FC 13       		dw	(+1 * 2048 + 510) * 2
0073++ 8FF2 B2 14       		dw	(+1 * 2048 + 601) * 2
0074++ 8FF4 74 15       		dw	(+1 * 2048 + 698) * 2
0075++ 8FF6 42 16       		dw	(+1 * 2048 + 801) * 2
0076++ 8FF8 1A 17       		dw	(+1 * 2048 + 909) * 2
0077++ 8FFA 00 20       		dw	(+2 * 2048 + 0) * 2
0078++ 8FFC 7A 20       		dw	(+2 * 2048 + 61) * 2
0079++ 8FFE FA 20       		dw	(+2 * 2048 + 125) * 2
0080++ 9000 84 21       		dw	(+2 * 2048 + 194) * 2
0081++ 9002 14 22       		dw	(+2 * 2048 + 266) * 2
0082++ 9004 AE 22       		dw	(+2 * 2048 + 343) * 2
0083++ 9006 50 23       		dw	(+2 * 2048 + 424) * 2
0084++ 9008 FC 23       		dw	(+2 * 2048 + 510) * 2
0085++ 900A B2 24       		dw	(+2 * 2048 + 601) * 2
0086++ 900C 74 25       		dw	(+2 * 2048 + 698) * 2
0087++ 900E 42 26       		dw	(+2 * 2048 + 801) * 2
0088++ 9010 1A 27       		dw	(+2 * 2048 + 909) * 2
0089++ 9012 00 30       		dw	(+3 * 2048 + 0) * 2
0090++ 9014 7A 30       		dw	(+3 * 2048 + 61) * 2
0091++ 9016 FA 30       		dw	(+3 * 2048 + 125) * 2
0092++ 9018 84 31       		dw	(+3 * 2048 + 194) * 2
0093++ 901A 14 32       		dw	(+3 * 2048 + 266) * 2
0094++ 901C AE 32       		dw	(+3 * 2048 + 343) * 2
0095++ 901E 50 33       		dw	(+3 * 2048 + 424) * 2
0096++ 9020 FC 33       		dw	(+3 * 2048 + 510) * 2
0097++ 9022 B2 34       		dw	(+3 * 2048 + 601) * 2
0098++ 9024 74 35       		dw	(+3 * 2048 + 698) * 2
0099++ 9026 42 36       		dw	(+3 * 2048 + 801) * 2
0100++ 9028 1A 37       		dw	(+3 * 2048 + 909) * 2
0101++ 902A             
1679+  902A             		.include	"freq_table_2.inc"
0001++ 902A             ;-------------------------------------------------------------------
0002++ 902A             ; îïèñàíèå:  Òàáëèöà ÷àñòîò äëÿ Amiga
0003++ 902A             ;---------------------------------------------------------------------
0004++ 902A             MBPlayer_frqtab_amiga: 	
0005++ 902A 22 B4       		dw	(-5 * 2048 + 529) * 2
0006++ 902C DA B4       		dw	(-5 * 2048 + 621) * 2
0007++ 902E A2 B5       		dw	(-5 * 2048 + 721) * 2
0008++ 9030 6E B6       		dw	(-5 * 2048 + 823) * 2
0009++ 9032 52 B7       		dw	(-5 * 2048 + 937) * 2
0010++ 9034 1C C0       		dw	(-4 * 2048 + 14) * 2
0011++ 9036 98 C0       		dw	(-4 * 2048 + 76) * 2
0012++ 9038 1C C1       		dw	(-4 * 2048 + 142) * 2
0013++ 903A A6 C1       		dw	(-4 * 2048 + 211) * 2
0014++ 903C 38 C2       		dw	(-4 * 2048 + 284) * 2
0015++ 903E D2 C2       		dw	(-4 * 2048 + 361) * 2
0016++ 9040 7E C3       		dw	(-4 * 2048 + 447) * 2
0017++ 9042             
0018++ 9042 22 C4       		dw	(-4 * 2048 + 529) * 2
0019++ 9044 DA C4       		dw	(-4 * 2048 + 621) * 2
0020++ 9046 A2 C5       		dw	(-4 * 2048 + 721) * 2
0021++ 9048 6E C6       		dw	(-4 * 2048 + 823) * 2
0022++ 904A 52 C7       		dw	(-4 * 2048 + 937) * 2
0023++ 904C 1C D0       		dw	(-3 * 2048 + 14) * 2
0024++ 904E 98 D0       		dw	(-3 * 2048 + 76) * 2
0025++ 9050 1C D1       		dw	(-3 * 2048 + 142) * 2
0026++ 9052 A6 D1       		dw	(-3 * 2048 + 211) * 2
0027++ 9054 38 D2       		dw	(-3 * 2048 + 284) * 2
0028++ 9056 D2 D2       		dw	(-3 * 2048 + 361) * 2
0029++ 9058 7E D3       		dw	(-3 * 2048 + 447) * 2
0030++ 905A             
0031++ 905A 22 D4       		dw	(-3 * 2048 + 529) * 2
0032++ 905C DA D4       		dw	(-3 * 2048 + 621) * 2
0033++ 905E A2 D5       		dw	(-3 * 2048 + 721) * 2
0034++ 9060 6E D6       		dw	(-3 * 2048 + 823) * 2
0035++ 9062 52 D7       		dw	(-3 * 2048 + 937) * 2
0036++ 9064 1C E0       		dw	(-2 * 2048 + 14) * 2
0037++ 9066 98 E0       		dw	(-2 * 2048 + 76) * 2
0038++ 9068 1C E1       		dw	(-2 * 2048 + 142) * 2
0039++ 906A A6 E1       		dw	(-2 * 2048 + 211) * 2
0040++ 906C 38 E2       		dw	(-2 * 2048 + 284) * 2
0041++ 906E D2 E2       		dw	(-2 * 2048 + 361) * 2
0042++ 9070 7E E3       		dw	(-2 * 2048 + 447) * 2
0043++ 9072             
0044++ 9072 22 E4       		dw	(-2 * 2048 + 529) * 2
0045++ 9074 DA E4       		dw	(-2 * 2048 + 621) * 2
0046++ 9076 A2 E5       		dw	(-2 * 2048 + 721) * 2
0047++ 9078 6E E6       		dw	(-2 * 2048 + 823) * 2
0048++ 907A 52 E7       		dw	(-2 * 2048 + 937) * 2
0049++ 907C 1C F0       		dw	(-1 * 2048 + 14) * 2
0050++ 907E 98 F0       		dw	(-1 * 2048 + 76) * 2
0051++ 9080 1C F1       		dw	(-1 * 2048 + 142) * 2
0052++ 9082 A6 F1       		dw	(-1 * 2048 + 211) * 2
0053++ 9084 38 F2       		dw	(-1 * 2048 + 284) * 2
0054++ 9086 D2 F2       		dw	(-1 * 2048 + 361) * 2
0055++ 9088 7E F3       		dw	(-1 * 2048 + 447) * 2
0056++ 908A             
0057++ 908A 22 F4       		dw	(-1 * 2048 + 529) * 2
0058++ 908C DA F4       		dw	(-1 * 2048 + 621) * 2
0059++ 908E A2 F5       		dw	(-1 * 2048 + 721) * 2
0060++ 9090 6E F6       		dw	(-1 * 2048 + 823) * 2
0061++ 9092 52 F7       		dw	(-1 * 2048 + 937) * 2
0062++ 9094 1C 00       		dw	(-0 * 2048 + 14) * 2
0063++ 9096 98 00       		dw	(-0 * 2048 + 76) * 2
0064++ 9098 1C 01       		dw	(-0 * 2048 + 142) * 2
0065++ 909A A6 01       		dw	(-0 * 2048 + 211) * 2
0066++ 909C 38 02       		dw	(-0 * 2048 + 284) * 2
0067++ 909E D2 02       		dw	(-0 * 2048 + 361) * 2
0068++ 90A0 7E 03       		dw	(-0 * 2048 + 447) * 2
0069++ 90A2             
0070++ 90A2 22 04       		dw	(-0 * 2048 + 529) * 2
0071++ 90A4 DA 04       		dw	(-0 * 2048 + 621) * 2
0072++ 90A6 A2 05       		dw	(-0 * 2048 + 721) * 2
0073++ 90A8 6E 06       		dw	(-0 * 2048 + 823) * 2
0074++ 90AA 52 07       		dw	(-0 * 2048 + 937) * 2
0075++ 90AC 1C 10       		dw	(+1 * 2048 + 14) * 2
0076++ 90AE 98 10       		dw	(+1 * 2048 + 76) * 2
0077++ 90B0 1C 11       		dw	(+1 * 2048 + 142) * 2
0078++ 90B2 A6 11       		dw	(+1 * 2048 + 211) * 2
0079++ 90B4 38 12       		dw	(+1 * 2048 + 284) * 2
0080++ 90B6 D2 12       		dw	(+1 * 2048 + 361) * 2
0081++ 90B8 7E 13       		dw	(+1 * 2048 + 447) * 2
0082++ 90BA             
0083++ 90BA 22 14       		dw	(+1 * 2048 + 529) * 2
0084++ 90BC DA 14       		dw	(+1 * 2048 + 621) * 2
0085++ 90BE A2 15       		dw	(+1 * 2048 + 721) * 2
0086++ 90C0 6E 16       		dw	(+1 * 2048 + 823) * 2
0087++ 90C2 52 17       		dw	(+1 * 2048 + 937) * 2
0088++ 90C4 1C 20       		dw	(+2 * 2048 + 14) * 2
0089++ 90C6 98 20       		dw	(+2 * 2048 + 76) * 2
0090++ 90C8 1C 21       		dw	(+2 * 2048 + 142) * 2
0091++ 90CA A6 21       		dw	(+2 * 2048 + 211) * 2
0092++ 90CC 38 22       		dw	(+2 * 2048 + 284) * 2
0093++ 90CE D2 22       		dw	(+2 * 2048 + 361) * 2
0094++ 90D0 7E 23       		dw	(+2 * 2048 + 447) * 2
0095++ 90D2             
0096++ 90D2 22 24       		dw	(+2 * 2048 + 529) * 2
0097++ 90D4 DA 24       		dw	(+2 * 2048 + 621) * 2
0098++ 90D6 A2 25       		dw	(+2 * 2048 + 721) * 2
0099++ 90D8 6E 26       		dw	(+2 * 2048 + 823) * 2
0100++ 90DA 52 27       		dw	(+2 * 2048 + 937) * 2
0101++ 90DC 1C 30       		dw	(+3 * 2048 + 14) * 2
0102++ 90DE 98 30       		dw	(+3 * 2048 + 76) * 2
0103++ 90E0 1C 31       		dw	(+3 * 2048 + 142) * 2
0104++ 90E2 A6 31       		dw	(+3 * 2048 + 211) * 2
0105++ 90E4 38 32       		dw	(+3 * 2048 + 284) * 2
0106++ 90E6 D2 32       		dw	(+3 * 2048 + 361) * 2
0107++ 90E8 7E 33       		dw	(+3 * 2048 + 447) * 2
0108++ 90EA             
1680+  90EA             		.include	"freq_table_3.inc"
0001++ 90EA             ;-------------------------------------------------------------------
0002++ 90EA             ; îïèñàíèå:  Òàáëèöà ÷àñòîò äëÿ Turbo-R
0003++ 90EA             ;---------------------------------------------------------------------
0004++ 90EA             MBPlayer_frqtab_turbo: 
0005++ 90EA 6E B3       		dw	(-5 * 2048 + 439) * 2
0006++ 90EC 1C B4       		dw	(-5 * 2048 + 526) * 2
0007++ 90EE D4 B4       		dw	(-5 * 2048 + 618) * 2
0008++ 90F0 98 B5       		dw	(-5 * 2048 + 716) * 2
0009++ 90F2 66 B6       		dw	(-5 * 2048 + 819) * 2
0010++ 90F4 42 B7       		dw	(-5 * 2048 + 929) * 2
0011++ 90F6 14 C0       		dw	(-4 * 2048 + 10) * 2
0012++ 90F8 90 C0       		dw	(-4 * 2048 + 72) * 2
0013++ 90FA 12 C1       		dw	(-4 * 2048 + 137) * 2
0014++ 90FC 9C C1       		dw	(-4 * 2048 + 206) * 2
0015++ 90FE 2E C2       		dw	(-4 * 2048 + 279) * 2
0016++ 9100 CA C2       		dw	(-4 * 2048 + 357) * 2
0017++ 9102             
0018++ 9102 6E C3       		dw	(-4 * 2048 + 439) * 2
0019++ 9104 1C C4       		dw	(-4 * 2048 + 526) * 2
0020++ 9106 D4 C4       		dw	(-4 * 2048 + 618) * 2
0021++ 9108 98 C5       		dw	(-4 * 2048 + 716) * 2
0022++ 910A 66 C6       		dw	(-4 * 2048 + 819) * 2
0023++ 910C 42 C7       		dw	(-4 * 2048 + 929) * 2
0024++ 910E 14 D0       		dw	(-3 * 2048 + 10) * 2
0025++ 9110 90 D0       		dw	(-3 * 2048 + 72) * 2
0026++ 9112 12 D1       		dw	(-3 * 2048 + 137) * 2
0027++ 9114 9C D1       		dw	(-3 * 2048 + 206) * 2
0028++ 9116 2E D2       		dw	(-3 * 2048 + 279) * 2
0029++ 9118 CA D2       		dw	(-3 * 2048 + 357) * 2
0030++ 911A             
0031++ 911A 6E D3       		dw	(-3 * 2048 + 439) * 2
0032++ 911C 1C D4       		dw	(-3 * 2048 + 526) * 2
0033++ 911E D4 D4       		dw	(-3 * 2048 + 618) * 2
0034++ 9120 98 D5       		dw	(-3 * 2048 + 716) * 2
0035++ 9122 66 D6       		dw	(-3 * 2048 + 819) * 2
0036++ 9124 42 D7       		dw	(-3 * 2048 + 929) * 2
0037++ 9126 14 E0       		dw	(-2 * 2048 + 10) * 2
0038++ 9128 90 E0       		dw	(-2 * 2048 + 72) * 2
0039++ 912A 12 E1       		dw	(-2 * 2048 + 137) * 2
0040++ 912C 9C E1       		dw	(-2 * 2048 + 206) * 2
0041++ 912E 2E E2       		dw	(-2 * 2048 + 279) * 2
0042++ 9130 CA E2       		dw	(-2 * 2048 + 357) * 2
0043++ 9132             
0044++ 9132 6E E3       		dw	(-2 * 2048 + 439) * 2
0045++ 9134 1C E4       		dw	(-2 * 2048 + 526) * 2
0046++ 9136 D4 E4       		dw	(-2 * 2048 + 618) * 2
0047++ 9138 98 E5       		dw	(-2 * 2048 + 716) * 2
0048++ 913A 66 E6       		dw	(-2 * 2048 + 819) * 2
0049++ 913C 42 E7       		dw	(-2 * 2048 + 929) * 2
0050++ 913E 14 F0       		dw	(-1 * 2048 + 10) * 2
0051++ 9140 90 F0       		dw	(-1 * 2048 + 72) * 2
0052++ 9142 12 F1       		dw	(-1 * 2048 + 137) * 2
0053++ 9144 9C F1       		dw	(-1 * 2048 + 206) * 2
0054++ 9146 2E F2       		dw	(-1 * 2048 + 279) * 2
0055++ 9148 CA F2       		dw	(-1 * 2048 + 357) * 2
0056++ 914A             
0057++ 914A 6E F3       		dw	(-1 * 2048 + 439) * 2
0058++ 914C 1C F4       		dw	(-1 * 2048 + 526) * 2
0059++ 914E D4 F4       		dw	(-1 * 2048 + 618) * 2
0060++ 9150 98 F5       		dw	(-1 * 2048 + 716) * 2
0061++ 9152 66 F6       		dw	(-1 * 2048 + 819) * 2
0062++ 9154 42 F7       		dw	(-1 * 2048 + 929) * 2
0063++ 9156 14 00       		dw	(-0 * 2048 + 10) * 2
0064++ 9158 90 00       		dw	(-0 * 2048 + 72) * 2
0065++ 915A 12 01       		dw	(-0 * 2048 + 137) * 2
0066++ 915C 9C 01       		dw	(-0 * 2048 + 206) * 2
0067++ 915E 2E 02       		dw	(-0 * 2048 + 279) * 2
0068++ 9160 CA 02       		dw	(-0 * 2048 + 357) * 2
0069++ 9162             
0070++ 9162 6E 03       		dw	(-0 * 2048 + 439) * 2
0071++ 9164 1C 04       		dw	(-0 * 2048 + 526) * 2
0072++ 9166 D4 04       		dw	(-0 * 2048 + 618) * 2
0073++ 9168 98 05       		dw	(-0 * 2048 + 716) * 2
0074++ 916A 66 06       		dw	(-0 * 2048 + 819) * 2
0075++ 916C 42 07       		dw	(-0 * 2048 + 929) * 2
0076++ 916E 14 10       		dw	(+1 * 2048 + 10) * 2
0077++ 9170 90 10       		dw	(+1 * 2048 + 72) * 2
0078++ 9172 12 11       		dw	(+1 * 2048 + 137) * 2
0079++ 9174 9C 11       		dw	(+1 * 2048 + 206) * 2
0080++ 9176 2E 12       		dw	(+1 * 2048 + 279) * 2
0081++ 9178 CA 12       		dw	(+1 * 2048 + 357) * 2
0082++ 917A             
0083++ 917A 6E 13       		dw	(+1 * 2048 + 439) * 2
0084++ 917C 1C 14       		dw	(+1 * 2048 + 526) * 2
0085++ 917E D4 14       		dw	(+1 * 2048 + 618) * 2
0086++ 9180 98 15       		dw	(+1 * 2048 + 716) * 2
0087++ 9182 66 16       		dw	(+1 * 2048 + 819) * 2
0088++ 9184 42 17       		dw	(+1 * 2048 + 929) * 2
0089++ 9186 14 20       		dw	(+2 * 2048 + 10) * 2
0090++ 9188 90 20       		dw	(+2 * 2048 + 72) * 2
0091++ 918A 12 21       		dw	(+2 * 2048 + 137) * 2
0092++ 918C 9C 21       		dw	(+2 * 2048 + 206) * 2
0093++ 918E 2E 22       		dw	(+2 * 2048 + 279) * 2
0094++ 9190 CA 22       		dw	(+2 * 2048 + 357) * 2
0095++ 9192             
0096++ 9192 6E 23       		dw	236Eh
0097++ 9194 1C 24       		dw  	241Ch ;  
0098++ 9196 D4 24       		dw 	24D4h
0099++ 9198 98 25       		dw  	2598h
0100++ 919A 66 26       		dw  	2666h
0101++ 919C 42 27       		dw  	2742h
0102++ 919E 14 30       		dw  	3014h ;  
0103++ 91A0 90 30       		dw  	3090h
0104++ 91A2 12 31       		dw  	3112h
0105++ 91A4 9C 31       		dw  	319Ch
0106++ 91A6 2E 32       		dw  	322Eh ; .
0107++ 91A8 CA 32       		dw 	32CAh
0108++ 91AA             
0109++ 91AA             
1681+  91AA             
1682+  91AA             MBPlayer_waves: 
1683+  91AA 00          		ds    1200
1684+  965A             MBPlayer_tones_data: 	
1685+  965A 00          		ds    64 
1686+  969A             
1687+  969A             MBPlayer_volume_buffer_1: 	
1688+  969A 00          		ds    24
1689+  96B2             MBPlayer_volume_buffer_2: 	
1690+  96B2 00          		ds    24
1691+  96CA             
1692+  96CA             		.include "patch_table.inc"
0001++ 96CA             ;-------------------------------------------------------------------
0002++ 96CA             ; îïèñàíèå:  Patch table
0003++ 96CA             ;---------------------------------------------------------------------
0004++ 96CA             MBPlayer_patch_table: 	
0005++ 96CA 2A 98       		dw	patch_0
0006++ 96CC 61 98       		dw	patch_1
0007++ 96CE 96 98 CF 98 		dw	patch_2A, patch_2B
0008++ 96D2 2A 98       		dw	patch_0
0009++ 96D4 D9 98       		dw	patch_3B
0010++ 96D6 0E 99       		dw	patch_4
0011++ 96D8 1A 99 51 99 		dw	patch_5A, patch_5B
0012++ 96DC 86 99       		dw	patch_6
0013++ 96DE A2 99       		dw	patch_7
0014++ 96E0 B3 99       		dw	patch_8
0015++ 96E2 BF 99       		dw	patch_9
0016++ 96E4 C7 99 D3 99 		dw	patch_10A, patch_10B
0017++ 96E8 DF 99       		dw	patch_11
0018++ 96EA E7 99       		dw	patch_12
0019++ 96EC F6 99       		dw	patch_13
0020++ 96EE FE 99       		dw	patch_14
0021++ 96F0 0A 9A 14 9A 		dw	patch_15A, patch_15B
0022++ 96F4 1E 9A       		dw	patch_16
0023++ 96F6 28 9A       		dw	patch_17
0024++ 96F8 37 9A       		dw	patch_18
0025++ 96FA 55 9A       		dw	patch_19
0026++ 96FC 73 9A       		dw	patch_20
0027++ 96FE 84 9A 95 9A 		dw	patch_21A, patch_21B
0028++ 9702 9F 9A       		dw	patch_22
0029++ 9704 AB 9A BA 9A 		dw	patch_23A, patch_23B
0030++ 9708 C8 9A       		dw	patch_24
0031++ 970A E8 9A       		dw	patch_25
0032++ 970C 07 9B       		dw	patch_26
0033++ 970E 19 9B       		dw	patch_27
0034++ 9710 46 9B       		dw	patch_28
0035++ 9712 4E 9B       		dw	patch_29
0036++ 9714 5B 9B       		dw	patch_30
0037++ 9716 8D 9B       		dw	patch_31
0038++ 9718 9F 9B       		dw	patch_32
0039++ 971A AE 9B       		dw	patch_33
0040++ 971C C5 9B       		dw	patch_34
0041++ 971E E1 9B       		dw	patch_35
0042++ 9720 F1 9B       		dw	patch_36
0043++ 9722 FB 9B       		dw	patch_37
0044++ 9724 07 9C       		dw	patch_38
0045++ 9726 11 9C       		dw	patch_39
0046++ 9728 19 9C       		dw	patch_40
0047++ 972A 50 9C       		dw	patch_41
0048++ 972C 93 9C       		dw	patch_42
0049++ 972E B3 9C       		dw	patch_43
0050++ 9730 C4 9C       		dw	patch_44
0051++ 9732 E4 9C       		dw	patch_45
0052++ 9734 00 9D       		dw	patch_46
0053++ 9736 11 9D       		dw	patch_47
0054++ 9738 19 9D       		dw	patch_48
0055++ 973A 35 9D       		dw	patch_49
0056++ 973C 53 9D 63 9D 		dw	patch_50A, patch_50B
0057++ 9740 71 9D 81 9D 		dw	patch_51A, patch_51B
0058++ 9744 89 9D       		dw	patch_52
0059++ 9746 A2 9D       		dw	patch_53
0060++ 9748 B2 9D       		dw	patch_54
0061++ 974A C2 9D       		dw	patch_55
0062++ 974C CC 9D       		dw	patch_56
0063++ 974E EF 9D       		dw	patch_57
0064++ 9750 03 9E       		dw	patch_58
0065++ 9752 10 9E       		dw	patch_59
0066++ 9754 21 9E       		dw	patch_60
0067++ 9756 30 9E       		dw	patch_61
0068++ 9758 3D 9E 7E 9E 		dw	patch_62A, patch_62B
0069++ 975C C3 9E 04 9F 		dw	patch_63A, patch_63B
0070++ 9760 0E 9F       		dw	patch_64
0071++ 9762 2F 9F       		dw	patch_65
0072++ 9764 77 9F       		dw	patch_66
0073++ 9766 9D 9F       		dw	patch_67
0074++ 9768 B4 9F       		dw	patch_68
0075++ 976A D7 9F       		dw	patch_69
0076++ 976C EB 9F       		dw	patch_70
0077++ 976E FD 9F       		dw	patch_71
0078++ 9770 16 A0       		dw	patch_72
0079++ 9772 36 A0       		dw	patch_73
0080++ 9774 48 A0       		dw	patch_74
0081++ 9776 54 A0       		dw	patch_75
0082++ 9778 60 A0 6C A0 		dw	patch_76A,patch_76B
0083++ 977C 76 A0 7E A0 		dw	patch_77A,patch_77B
0084++ 9780 8A A0       		dw	patch_78
0085++ 9782 A2 A0 C7 A0 		dw	patch_80A, patch_80B
0086++ 9786 EC A0 33 A1 		dw	patch_81A, patch_81B
0087++ 978A 72 A1 7E A1 		dw	patch_82A, patch_82B
0088++ 978E 8C A1 98 A1 		dw	patch_83A, patch_83B
0089++ 9792 A0 A1 AF A1 		dw	patch_84A, patch_84B
0090++ 9796 F6 A1 00 A2 		dw	patch_85A, patch_85B
0091++ 979A 0E A2 51 A2 		dw	patch_86A, patch_86B
0092++ 979E 61 A2 AF A1 		dw	patch_87A, patch_84B
0093++ 97A2 69 A2 73 A2 		dw	patch_88A, patch_88B
0094++ 97A6 85 A2 91 A2 		dw	patch_89A, patch_89B
0095++ 97AA 99 A2 E2 A2 		dw	patch_90A, patch_90B
0096++ 97AE EE A2 09 A3 		dw	patch_91A, patch_91B
0097++ 97B2 17 A3 25 A3 		dw	patch_92A, patch_92B
0098++ 97B6 33 A3 50 A3 		dw	patch_93A, patch_93B
0099++ 97BA 5C A3 64 A3 		dw	patch_94A, patch_94B
0100++ 97BE 6C A3 B1 A3 		dw	patch_95A, patch_95B
0101++ 97C2 96 A0       		dw	patch_79
0102++ 97C4 F6 A3       		dw	patch_96
0103++ 97C6 FE A3 0A A4 		dw	patch_97A, patch_97B
0104++ 97CA 1C A4 26 A4 		dw	patch_98A, patch_98B
0105++ 97CE 3E A4 50 A4 		dw	patch_99A, patch_99B
0106++ 97D2 72 A4 7A A4 		dw	patch_100A, patch_100B
0107++ 97D6 86 A4 96 A4 		dw	patch_102A, patch_102B
0108++ 97DA A6 A4 C5 A4 		dw	patch_103A, patch_103B
0109++ 97DE CD A4       		dw	patch_104
0110++ 97E0 DF A4       		dw	patch_105
0111++ 97E2 00 A5       		dw	patch_106
0112++ 97E4 08 A5       		dw	patch_107
0113++ 97E6 18 A5 27 A5 		dw	patch_109A,patch_109B
0114++ 97EA 10 A5       		dw	patch_108
0115++ 97EC 36 A5       		dw	patch_110
0116++ 97EE 6B A5       		dw	patch_111
0117++ 97F0 77 A5 83 A5 		dw	patch_112A,patch_112B
0118++ 97F4 8B A5       		dw	patch_113
0119++ 97F6 93 A5 9F A5 		dw	patch_114A,patch_114B
0120++ 97FA AF A5       		dw	patch_115
0121++ 97FC B9 A5       		dw	patch_116
0122++ 97FE C1 A5       		dw	patch_117
0123++ 9800 CD A5       		dw	patch_118
0124++ 9802 D5 A5       		dw	patch_119
0125++ 9804 E1 A5       		dw	patch_120
0126++ 9806 E9 A5       		dw	patch_121
0127++ 9808 F1 A5 FD A5 		dw	patch_122A,patch_122B
0128++ 980C 0F A6       		dw	patch_124
0129++ 980E 1C A6 28 A6 		dw	patch_125A,patch_125B
0130++ 9812 36 A6 42 A6 		dw	patch_126A,patch_126B
0131++ 9816 4E A6       		dw	patch_127
0132++ 9818 5F A6       		dw	drum_1
0133++ 981A 74 A6       		dw	drum_2
0134++ 981C 89 A6       		dw	drum_3
0135++ 981E 99 A6       		dw	drum_4
0136++ 9820 A1 A6       		dw	drum_5
0137++ 9822 A9 A6       		dw	drum_6
0138++ 9824 B1 A6       		dw	drum_7
0139++ 9826 B9 A6       		dw	drum_8
0140++ 9828 0F A7       		dw	drum_midi
0141++ 982A                    	
0142++ 982A             
0143++ 982A             ;--- GM 0 = Ac. Piano ---
0144++ 982A             
0145++ 982A             patch_0: 	
0146++ 982A 01          		db	1	; transpose on
0147++ 982B 5F 98       		dw	patch_0hdr
0148++ 982D 10 2C 49    		db	16,02ch,1 + 36 * 2	; tone 300
0149++ 9830 06 B8       		dw	frq_842
0150++ 9832 16 2D 69    		db	22,02dh,1 + 52 * 2	; tone 301
0151++ 9835 9E B0       		dw	frq_363
0152++ 9837 1C 2E 5D    		db	28,02eh,1 + 46 * 2	; tone 302
0153++ 983A E6 B6       		dw	frq_810
0154++ 983C 22 2F 69    		db	34,02fh,1 + 52 * 2	; tone 303
0155++ 983F 16 B1       		dw	frq_369
0156++ 9841 28 30 5D    		db	40,030h,1 + 46 * 2	; tone 304
0157++ 9844 3E B6       		dw	frq_726
0158++ 9846 2E 31 69    		db	46,031h,1 + 52 * 2	; tone 305
0159++ 9849 5E AE       		dw	frq_290
0160++ 984B 34 32 75    		db	52,032h,1 + 58 * 2	; tone 306
0161++ 984E BE A8       		dw	frq_21
0162++ 9850 3B 33 69    		db	59,033h,1 + 52 * 2	; tone 307
0163++ 9853 16 AE       		dw	frq_286
0164++ 9855 41 34 5F    		db	65,034h,1 + 47 * 2	; tone 308
0165++ 9858 FE B9       		dw	frq_941
0166++ 985A FF 35 83    		db	255,035h,1 + 65 * 2	; tone 309
0167++ 985D BE AB       		dw	frq_191
0168++ 985F                    	
0169++ 985F             patch_0hdr: 
0170++ 985F 20 FF       		db	020h,0ffh
0171++ 9861             
0172++ 9861             
0173++ 9861             ;--- GM 1 = Bright Acoustic Piano ---
0174++ 9861             
0175++ 9861             patch_1: 
0176++ 9861 01          		db	1	; transpose on
0177++ 9862 5F 98       		dw	patch_0hdr	
0178++ 9864 16 2C 49    		db	22,02ch,1 + 36 * 2	; tone 300
0179++ 9867 06 B8       		dw	frq_842
0180++ 9869 1C 2D 75    		db	28,02dh,1 + 58 * 2	; tone 301
0181++ 986C 9E B0       		dw	frq_363
0182++ 986E 22 2E 69    		db	34,02eh,1 + 52 * 2	; tone 302
0183++ 9871 CE B6       		dw	frq_809
0184++ 9873 28 2F 75    		db	40,02fh,1 + 58 * 2	; tone 303
0185++ 9876 16 B1       		dw	frq_369
0186++ 9878 2E 30 69    		db	46,030h,1 + 52 * 2	; tone 304
0187++ 987B 3E B6       		dw	frq_726
0188++ 987D 34 31 75    		db	52,031h,1 + 58 * 2	; tone 305
0189++ 9880 5E AE       		dw	frq_290
0190++ 9882 3B 32 81    		db	59,032h,1 + 64 * 2	; tone 306
0191++ 9885 BE A8       		dw	frq_21
0192++ 9887 41 33 77    		db	65,033h,1 + 59 * 2	; tone 307
0193++ 988A 16 AE       		dw	frq_286
0194++ 988C 47 34 6B    		db	71,034h,1 + 53 * 2	; tone 308
0195++ 988F FE B9       		dw	frq_941
0196++ 9891 FF 35 8F    		db	255,035h,1 + 71 * 2	; tone 309
0197++ 9894 BE AB       		dw	frq_191
0198++ 9896             
0199++ 9896             
0200++ 9896             ;--- GM 2 = Elec. Grand Piano ---
0201++ 9896             ; A = v104
0202++ 9896             ; B = v98
0203++ 9896             
0204++ 9896             patch_2A: 
0205++ 9896 01          		db	1	; transpose on
0206++ 9897 CB 98       		dw	patch_2Ahdr
0207++ 9899 16 2C 49    		db	22,02ch,1 + 36 * 2	; tone 300
0208++ 989C 36 B8       		dw	frq_844
0209++ 989E 1C 2D 75    		db	28,02dh,1 + 58 * 2	; tone 301
0210++ 98A1 B6 B0       		dw	frq_364
0211++ 98A3 22 2E 69    		db	34,02eh,1 + 52 * 2	; tone 302
0212++ 98A6 FE B6       		dw	frq_811
0213++ 98A8 28 2F 75    		db	40,02fh,1 + 58 * 2	; tone 303
0214++ 98AB 2E B1       		dw	frq_370
0215++ 98AD 2E 30 69    		db	46,030h,1 + 52 * 2	; tone 304
0216++ 98B0 56 B6       		dw	frq_727
0217++ 98B2 34 31 75    		db	52,031h,1 + 58 * 2	; tone 305
0218++ 98B5 76 AE       		dw	frq_291
0219++ 98B7 3B 32 81    		db	59,032h,1 + 64 * 2	; tone 306
0220++ 98BA D6 A8       		dw	frq_22
0221++ 98BC 41 33 77    		db	65,033h,1 + 59 * 2	; tone 307
0222++ 98BF 2E AE       		dw	frq_287
0223++ 98C1 47 34 6B    		db	71,034h,1 + 53 * 2	; tone 308
0224++ 98C4 16 BA       		dw	frq_942
0225++ 98C6 FF 35 8F    		db	255,035h,1 + 71 * 2	; tone 309
0226++ 98C9 D6 AB       		dw	frq_192
0227++ 98CB                    	
0228++ 98CB             patch_2Ahdr: 
0229++ 98CB 20 C8 07 FF 		db	020h,0c8h,007h,0ffh
0230++ 98CF             
0231++ 98CF             patch_2B: 	
0232++ 98CF 01          		db	1	; transpose on
0233++ 98D0 D7 98       		dw	patch_2Bhdr
0234++ 98D2 FF 6C 48    		db	255,108,36 * 2
0235++ 98D5 B6 AA       		dw	frq_113
0236++ 98D7                    	
0237++ 98D7             patch_2Bhdr: 	
0238++ 98D7 28 FF       		db	028h,0ffh
0239++ 98D9             
0240++ 98D9             
0241++ 98D9             ;--- GM 3 = Honky Tonk, met patch#0 ---
0242++ 98D9             ; gelijk volume
0243++ 98D9             
0244++ 98D9             patch_3B: 	
0245++ 98D9 01          		db	1	; transpose on
0246++ 98DA 5F 98       		dw	patch_0hdr	
0247++ 98DC 10 2C 49    		db	16,02ch,1 + 36 * 2	; tone 300
0248++ 98DF 66 B8       		dw	frq_852
0249++ 98E1 16 2D 69    		db	22,02dh,1 + 52 * 2	; tone 301
0250++ 98E4 0E B0       		dw	frq_355
0251++ 98E6 1C 2E 5D    		db	28,02eh,1 + 46 * 2	; tone 302
0252++ 98E9 2E B7       		dw	frq_820
0253++ 98EB 22 2F 69    		db	34,02fh,1 + 52 * 2	; tone 303
0254++ 98EE 6E B0       		dw	frq_360
0255++ 98F0 28 30 5D    		db	40,030h,1 + 46 * 2	; tone 304
0256++ 98F3 86 B6       		dw	frq_737
0257++ 98F5 2E 31 69    		db	46,031h,1 + 52 * 2	; tone 305
0258++ 98F8 FE AD       		dw	frq_282
0259++ 98FA 34 32 75    		db	52,032h,1 + 58 * 2	; tone 306
0260++ 98FD 1E A9       		dw	frq_27
0261++ 98FF 3B 33 69    		db	59,033h,1 + 52 * 2	; tone 307
0262++ 9902 FE AD       		dw	frq_282
0263++ 9904 41 34 5F    		db	65,034h,1 + 47 * 2	; tone 308
0264++ 9907 8E BA       		dw	frq_952
0265++ 9909 FF 35 83    		db	255,035h,1 + 65 * 2	; tone 309
0266++ 990C 76 AB       		dw	frq_184
0267++ 990E                    	
0268++ 990E             ;--- GM 4 = Elec. Piano 1 (+ 2B?) ---
0269++ 990E             ; Eigenlijk samen met tone 11, maar slaat nergens op
0270++ 990E             
0271++ 990E             patch_4: 
0272++ 990E 01          		db	1	; transpose on
0273++ 990F 16 99       		dw	patch_4hdr
0274++ 9911 FF 6C 48    		db	255,108,36 * 2
0275++ 9914 B6 AA       		dw	frq_113
0276++ 9916                    	
0277++ 9916             patch_4hdr: 
0278++ 9916 22 C8 48 FF 		db	022h,0c8h,048h,0ffh
0279++ 991A                    	
0280++ 991A             
0281++ 991A             ;--- GM 5 = Elec. Piano 2 ---
0282++ 991A             ; volumes gelijk
0283++ 991A             
0284++ 991A             patch_5A: 	
0285++ 991A 01          		db	1	; transpose on
0286++ 991B 4F 99       		dw	patch_5Ahdr
0287++ 991D 10 2C 49    		db	16,02ch,1 + 36 * 2	; tone 300
0288++ 9920 36 B8       		dw	frq_844
0289++ 9922 16 2D 69    		db	22,02dh,1 + 52 * 2	; tone 301
0290++ 9925 B6 B0       		dw	frq_364
0291++ 9927 1C 2E 5D    		db	28,02eh,1 + 46 * 2	; tone 302
0292++ 992A FE B6       		dw	frq_811
0293++ 992C 22 2F 69    		db	34,02fh,1 + 52 * 2	; tone 303
0294++ 992F 2E B1       		dw	frq_370
0295++ 9931 28 30 5D    		db	40,030h,1 + 46 * 2	; tone 304
0296++ 9934 56 B6       		dw	frq_727
0297++ 9936 2E 31 69    		db	46,031h,1 + 52 * 2	; tone 305
0298++ 9939 76 AE       		dw	frq_291
0299++ 993B 34 32 75    		db	52,032h,1 + 58 * 2	; tone 306
0300++ 993E D6 A8       		dw	frq_22
0301++ 9940 3B 33 69    		db	59,033h,1 + 52 * 2	; tone 307
0302++ 9943 2E AE       		dw	frq_287
0303++ 9945 41 34 5F    		db	65,034h,1 + 47 * 2	; tone 308
0304++ 9948 16 BA       		dw	frq_942
0305++ 994A FF 35 83    		db	255,035h,1 + 65 * 2	; tone 309
0306++ 994D D6 AB       		dw	frq_192
0307++ 994F             
0308++ 994F             patch_5Ahdr: 	
0309++ 994F 1B FF       		db	01bh,0ffh
0310++ 9951             
0311++ 9951             patch_5B: 	
0312++ 9951 01          		db	1	; transpose on
0313++ 9952 4F 99       		dw	patch_5Ahdr
0314++ 9954 16 2C 49    		db	22,02ch,1 + 36 * 2	; tone 300
0315++ 9957 06 B8       		dw	frq_842
0316++ 9959 1C 2D 75    		db	28,02dh,1 + 58 * 2	; tone 301
0317++ 995C 9E B0       		dw	frq_363
0318++ 995E 22 2E 69    		db	34,02eh,1 + 52 * 2	; tone 302
0319++ 9961 CE B6       		dw	frq_809
0320++ 9963 28 2F 75    		db	40,02fh,1 + 58 * 2	; tone 303
0321++ 9966 16 B1       		dw	frq_369
0322++ 9968 2E 30 69    		db	46,030h,1 + 52 * 2	; tone 304
0323++ 996B 3E B6       		dw	frq_726
0324++ 996D 34 31 75    		db	52,031h,1 + 58 * 2	; tone 305
0325++ 9970 5E AE       		dw	frq_290
0326++ 9972 3B 32 81    		db	59,032h,1 + 64 * 2	; tone 306
0327++ 9975 BE A8       		dw	frq_21
0328++ 9977 41 33 77    		db	65,033h,1 + 59 * 2	; tone 307
0329++ 997A 16 AE       		dw	frq_286
0330++ 997C 47 34 6B    		db	71,034h,1 + 53 * 2	; tone 308
0331++ 997F FE B9       		dw	frq_941
0332++ 9981 FF 35 8F    		db	255,035h,1 + 71 * 2	; tone 309
0333++ 9984 BE AB       		dw	frq_191
0334++ 9986             
0335++ 9986             
0336++ 9986             ;--- GM 6 = Harpsichord ---
0337++ 9986             
0338++ 9986             patch_6: 	
0339++ 9986 01          		db	1	; transpose on
0340++ 9987 5F 98       		dw	patch_0hdr
0341++ 9989 22 80 30    		db	34,128,24 * 2
0342++ 998C 46 AE       		dw	frq_288
0343++ 998E 28 81 5C    		db	40,129,46 * 2
0344++ 9991 4E B8       		dw	frq_847
0345++ 9993 2E 82 68    		db	46,130,52 * 2
0346++ 9996 46 AE       		dw	frq_288
0347++ 9998 36 83 5C    		db	54,131,46 * 2
0348++ 999B 5E B7       		dw	frq_823
0349++ 999D FF 84 54    		db	255,132,42 * 2
0350++ 99A0 5E B7       		dw	frq_823
0351++ 99A2             
0352++ 99A2             
0353++ 99A2             ;--- GM 7 = Clavi ---
0354++ 99A2             
0355++ 99A2             patch_7: 	
0356++ 99A2 01          		db	1	; transpose on
0357++ 99A3 AF 99       		dw	patch_7hdr
0358++ 99A5 3A 27 30    		db	58,39,24 * 2
0359++ 99A8 1E AC       		dw	frq_203
0360++ 99AA FF 28 8C    		db	255,40,70 * 2	; was andere header!
0361++ 99AD AE AC       		dw	frq_215
0362++ 99AF             patch_7hdr: 	
0363++ 99AF 28 C8 2B FF 		db	028h,0c8h,02bh,0ffh
0364++ 99B3             
0365++ 99B3             
0366++ 99B3             ;--- GM 8 = Celesta ---
0367++ 99B3             
0368++ 99B3             patch_8: 	
0369++ 99B3 01          		db	1	; transpose on
0370++ 99B4 BB 99       		dw	patch_8hdr
0371++ 99B6 FF 2B 18    		db	255,43,12 * 2
0372++ 99B9 56 AA       		dw	frq_94
0373++ 99BB             patch_8hdr: 	
0374++ 99BB 20 E0 03 FF 		db	020h,0e0h,3,0ffh
0375++ 99BF             
0376++ 99BF             
0377++ 99BF             ;--- GM 9 = Glockenspiel ---
0378++ 99BF             
0379++ 99BF             patch_9: 	
0380++ 99BF 01          		db	1	; transpose on
0381++ 99C0 D7 98       		dw	patch_2Bhdr
0382++ 99C2 FF F3 00    		db	255,243,0 * 2
0383++ 99C5 FE AA       		dw	frq_141
0384++ 99C7             
0385++ 99C7             ;--- GM 10 = Music Box ---
0386++ 99C7             
0387++ 99C7             patch_10A: 	
0388++ 99C7 01          		db	1	; transpose on
0389++ 99C8 CF 99       		dw	patch_10Ahdr
0390++ 99CA FF F3 18    		db	255,243,12 * 2
0391++ 99CD 16 AB       		dw	frq_143
0392++ 99CF             patch_10Ahdr: 	
0393++ 99CF 20 98 A6 FF 		db	020h,098h,0a6h,0ffh
0394++ 99D3             
0395++ 99D3             patch_10B: 	
0396++ 99D3 01          		db	1	; transpose on
0397++ 99D4 DB 99       		dw	patch_10Bhdr
0398++ 99D6 FF 01 31    		db	255,1,1 + 24 * 2	; tone 257
0399++ 99D9 C6 A9       		dw	frq_79
0400++ 99DB             patch_10Bhdr: 	
0401++ 99DB 20 98 D4 FF 		db	020h,098h,0d4h,0ffh
0402++ 99DF             
0403++ 99DF             
0404++ 99DF             ;--- GM 11 = Vibraphone ---
0405++ 99DF             
0406++ 99DF             patch_11: 	
0407++ 99DF 01          		db	1	; transpose on
0408++ 99E0 D7 98       		dw	patch_2Bhdr
0409++ 99E2 FF 01 31    		db	255,1,1 + 24 * 2	; tone 257
0410++ 99E5 DE A9       		dw	frq_82
0411++ 99E7             
0412++ 99E7             ;--- GM 12 = Marimba ---
0413++ 99E7             
0414++ 99E7             patch_12: 	
0415++ 99E7 01          		db	1	; transpose on
0416++ 99E8 F4 99       		dw	patch_12hdr
0417++ 99EA 28 F4 30    		db	40,244, 24 * 2
0418++ 99ED DE A9       		dw	frq_82
0419++ 99EF FF F5 68    		db	255,245, 52 * 2	; was andere header!
0420++ 99F2 66 A9       		dw	frq_69
0421++ 99F4             patch_12hdr: 	
0422++ 99F4 38 FF       		db	038h,0ffh
0423++ 99F6             
0424++ 99F6             ;--- GM 13 = Xylophone ---
0425++ 99F6             
0426++ 99F6             patch_13: 	
0427++ 99F6 01          		db	1	; transpose on
0428++ 99F7 F4 99       		dw	patch_12hdr
0429++ 99F9 FF 36 01    		db	255,36h, 1 + 0 * 2	; tone 310
0430++ 99FC 56 AA       		dw	frq_94
0431++ 99FE             
0432++ 99FE             
0433++ 99FE             ;--- GM 14 = Tubular Bells ---
0434++ 99FE             
0435++ 99FE             patch_14: 	
0436++ 99FE 01          		db	1	; transpose on
0437++ 99FF 06 9A       		dw	patch_14hdr
0438++ 9A01 FF FF 18    		db	255,255, 12 * 2
0439++ 9A04 6E B3       		dw	frq_532
0440++ 9A06             patch_14hdr: 	
0441++ 9A06 21 E0 01 FF 		db	021h,0e0h,1,0ffh
0442++ 9A0A             
0443++ 9A0A             ;--- GM 15 = Dulcimer ---
0444++ 9A0A             
0445++ 9A0A             patch_15A: 	
0446++ 9A0A 01          		db	1	; transpose on
0447++ 9A0B 12 9A       		dw	patch_15Ahdr
0448++ 9A0D FF 3F 18    		db	255,63, 12 * 2
0449++ 9A10 F6 B5       		dw	frq_708
0450++ 9A12             patch_15Ahdr: 	
0451++ 9A12 29 FF       		db	029h,0ffh
0452++ 9A14             
0453++ 9A14             patch_15B: 	
0454++ 9A14 01          		db	1
0455++ 9A15 1C 9A       		dw	patch_15Bhdr
0456++ 9A17 FF 40 18    		db	255,64, 12 * 2
0457++ 9A1A F6 B5       		dw	frq_708
0458++ 9A1C             patch_15Bhdr: 	
0459++ 9A1C 2A FF       		db	02ah,0ffh
0460++ 9A1E             
0461++ 9A1E             ;--- GM 16 = Drawbar organ ---
0462++ 9A1E             
0463++ 9A1E             patch_16: 	
0464++ 9A1E 01          		db	1	; transpose on
0465++ 9A1F 26 9A       		dw	patch_16hdr
0466++ 9A21 FF 8E 18    		db	255,142,12 * 2
0467++ 9A24 EE B7       		dw	frq_835
0468++ 9A26             patch_16hdr: 	
0469++ 9A26 3A FF       		db	03ah,0ffh
0470++ 9A28             
0471++ 9A28             ;--- GM 17 = Percussive organ ---
0472++ 9A28             
0473++ 9A28             patch_17: 	
0474++ 9A28 01          		db	1	; transpose on
0475++ 9A29 35 9A       		dw	patch_17hdr
0476++ 9A2B 24 8C 30    		db	36,140, 24 * 2
0477++ 9A2E 5E BA       		dw	frq_950
0478++ 9A30 FF 8D 48    		db	255,141, 36 * 2
0479++ 9A33 2E BA       		dw	frq_944
0480++ 9A35             patch_17hdr: 	
0481++ 9A35 3B FF       		db	03bh,0ffh
0482++ 9A37             
0483++ 9A37             ;--- GM 18 = Rock Organ ---
0484++ 9A37             
0485++ 9A37             patch_18: 	
0486++ 9A37 01          		db	1	; transpose on
0487++ 9A38 53 9A       		dw	patch_18hdr
0488++ 9A3A 19 28 49    		db	25,28h, 1 + 36 * 2	; tone 296
0489++ 9A3D F6 AC       		dw	frq_219
0490++ 9A3F 25 29 63    		db	37,29h, 1 + 49 * 2	; tone 297
0491++ 9A42 0E AD       		dw	frq_220
0492++ 9A44 31 2A 63    		db	49,2ah, 1 + 49 * 2	; tone 298
0493++ 9A47 DE AC       		dw	frq_217
0494++ 9A49 3D 2B 63    		db	61,2bh, 1 + 49 * 2	; tone 299
0495++ 9A4C 96 AC       		dw	frq_214
0496++ 9A4E FF 27 63    		db	255,27h, 1 + 49 * 2	; tone 295
0497++ 9A51 AE AC       		dw	frq_215
0498++ 9A53             patch_18hdr: 	
0499++ 9A53 39 FF       		db	039h,0ffh
0500++ 9A55             
0501++ 9A55             ;--- GM 19 = Church organ ---
0502++ 9A55             
0503++ 9A55             patch_19: 	
0504++ 9A55 01          		db	1	; transpose on
0505++ 9A56 71 9A       		dw	patch_19hdr
0506++ 9A58 12 87 48    		db	18,135, 36 * 2
0507++ 9A5B EE B7       		dw	frq_835
0508++ 9A5D 19 88 6C    		db	25,136, 54 * 2
0509++ 9A60 2E AB       		dw	frq_155
0510++ 9A62 21 89 62    		db	33,137, 49 * 2
0511++ 9A65 96 B2       		dw	frq_459
0512++ 9A67 2A 8A 5A    		db	42,138, 45 * 2
0513++ 9A6A 4E B8       		dw	frq_847
0514++ 9A6C FF 8B 6C    		db	255,139, 54 * 2
0515++ 9A6F 5E AB       		dw	frq_167
0516++ 9A71             patch_19hdr: 	
0517++ 9A71 11 FF       		db	011h,0ffh
0518++ 9A73             
0519++ 9A73             
0520++ 9A73             ;--- GM 20 = Reed Organ ---
0521++ 9A73             
0522++ 9A73             patch_20: 	
0523++ 9A73 01          		db	1	; transpose on
0524++ 9A74 80 9A       		dw	patch_20hdr
0525++ 9A76 3C AC 30    		db	60,172, 24 * 2
0526++ 9A79 2E B4       		dw	frq_557
0527++ 9A7B FF AD 78    		db	255,173, 60 * 2
0528++ 9A7E 16 B4       		dw	frq_556
0529++ 9A80             patch_20hdr: 	
0530++ 9A80 38 E0 01 FF 		db	038h,0e0h,1,0ffh
0531++ 9A84             
0532++ 9A84             ;--- GM 21 = Accordion ---
0533++ 9A84             
0534++ 9A84             patch_21A: 	
0535++ 9A84 01          		db	1	; transpose on
0536++ 9A85 91 9A       		dw	patch_21Ahdr
0537++ 9A87 35 06 18    		db	53,6, 12 * 2
0538++ 9A8A 56 B6       		dw	frq_727
0539++ 9A8C FF 07 52    		db	255,7, 41 * 2
0540++ 9A8F 4E BB       		dw	frq_1018
0541++ 9A91             patch_21Ahdr: 	
0542++ 9A91 22 E0 00 FF 		db	022h,0e0h,0,0ffh
0543++ 9A95             
0544++ 9A95             patch_21B: 	
0545++ 9A95 01          		db	1	; transpose on
0546++ 9A96 9D 9A       		dw	patch_21Bhdr
0547++ 9A98 FF 70 18    		db	255,112, 12 * 2
0548++ 9A9B D6 B7       		dw	frq_833
0549++ 9A9D             patch_21Bhdr: 	
0550++ 9A9D 23 FF       		db	023h,0ffh
0551++ 9A9F             
0552++ 9A9F             ;--- GM 22 = Harmonica ---
0553++ 9A9F             
0554++ 9A9F             patch_22: 	
0555++ 9A9F 01          		db	1	; transpose on
0556++ 9AA0 A7 9A       		dw	patch_22hdr
0557++ 9AA2 FF 70 18    		db	255,112, 12 * 2
0558++ 9AA5 4E B8       		dw	frq_847
0559++ 9AA7             patch_22hdr: 	
0560++ 9AA7 30 E0 02 FF 		db	030h,0e0h,2,0ffh
0561++ 9AAB             
0562++ 9AAB             ;--- GM 23 = Tango Accordion ---
0563++ 9AAB             
0564++ 9AAB             patch_23A: 	
0565++ 9AAB 01          		db	1	; transpose on
0566++ 9AAC B8 9A       		dw	patch_23Ahdr
0567++ 9AAE 3C AC 30    		db	60,172, 24 * 2
0568++ 9AB1 5E B4       		dw	frq_559
0569++ 9AB3 FF AD 78    		db	255,173, 60 * 2
0570++ 9AB6 46 B4       		dw	frq_558
0571++ 9AB8             patch_23Ahdr: 	
0572++ 9AB8 38 FF       		db	038h,0ffh
0573++ 9ABA             
0574++ 9ABA             patch_23B: 	
0575++ 9ABA 01          		db	1
0576++ 9ABB C2 9A       		dw	patch_23Bhdr
0577++ 9ABD FF 41 60    		db	255,65, 48 * 2
0578++ 9AC0 36 B2       		dw	frq_445
0579++ 9AC2             patch_23Bhdr: 	
0580++ 9AC2             		db	03ah,098h,075h,0B0h,000h,0ffh
0580++ 9AC2 3A9875B000FF
0581++ 9AC8             
0582++ 9AC8             ;--- GM 24 = Nylon Ac. Gtr ---
0583++ 9AC8             
0584++ 9AC8             patch_24: 	
0585++ 9AC8 01          		db	1	; transpose on
0586++ 9AC9 E4 9A       		dw	patch_24hdr
0587++ 9ACB 18 B3 48    		db	24,179, 36 * 2
0588++ 9ACE 96 B2       		dw	frq_459
0589++ 9AD0 1F B7 60    		db	31,183, 48 * 2
0590++ 9AD3 FE B3       		dw	frq_555
0591++ 9AD5 25 B5 6E    		db	37,181, 55 * 2
0592++ 9AD8 BE A8       		dw	frq_21
0593++ 9ADA 2C B4 62    		db	44,180, 49 * 2
0594++ 9ADD 96 B2       		dw	frq_459
0595++ 9ADF FF B6 58    		db	255,182, 44 * 2
0596++ 9AE2 3E B6       		dw	frq_726
0597++ 9AE4             patch_24hdr: 	
0598++ 9AE4 28 C8 09 FF 		db	028h,0c8h,9,0ffh
0599++ 9AE8             
0600++ 9AE8             
0601++ 9AE8             ;--- GM 26 = Steel Ac. Gtr ---
0602++ 9AE8             
0603++ 9AE8             patch_25: 	
0604++ 9AE8 01          		db	1	; transpose on
0605++ 9AE9 FF 9A       		dw	patch_25hdr
0606++ 9AEB 1A 0C 48    		db	26,12,36 * 2	;was andere header
0607++ 9AEE 06 B2       		dw	frq_442
0608++ 9AF0 21 0D 64    		db	33,13,50 * 2	; "
0609++ 9AF3 4E B2       		dw	frq_448
0610++ 9AF5 30 0E 5A    		db	48,14,45 * 2	; "
0611++ 9AF8 5E B7       		dw	frq_823
0612++ 9AFA FF 0F 60    		db	255,15,48 * 2	; "
0613++ 9AFD 5E B7       		dw	frq_823
0614++ 9AFF             patch_25hdr: 	
0615++ 9AFF             		db	028h,098h,0f6h,0b0h,034h,0c8h,9h,0ffh
0615++ 9AFF 2898F6B034C809FF
0616++ 9B07             
0617++ 9B07             
0618++ 9B07             ;--- GM 26 = Elec Jazz Gtr ---
0619++ 9B07             
0620++ 9B07             patch_26: 	
0621++ 9B07 01          		db	1	; transpose on
0622++ 9B08 D7 98       		dw	patch_2Bhdr
0623++ 9B0A 1A 5A 48    		db	26,90, 36 * 2
0624++ 9B0D 46 B1       		dw	frq_373
0625++ 9B0F 28 5B 64    		db	40,91, 50 * 2
0626++ 9B12 16 AB       		dw	frq_143
0627++ 9B14 FF 5C 68    		db	255,92, 52 * 2
0628++ 9B17 7E A9       		dw	frq_70
0629++ 9B19             
0630++ 9B19             
0631++ 9B19             ;--- GM 27 = Elec Clean Gtr ---
0632++ 9B19             
0633++ 9B19             patch_27: 	
0634++ 9B19 01          		db	1	; transpose on
0635++ 9B1A 44 9B       		dw	patch_27hdr
0636++ 9B1C 15 61 48    		db	21,97, 36 * 2
0637++ 9B1F 3E B3       		dw	frq_519
0638++ 9B21 1A 60 72    		db	26,96, 57 * 2
0639++ 9B24 16 AB       		dw	frq_143
0640++ 9B26 21 63 64    		db	33,99, 50 * 2
0641++ 9B29 C6 B5       		dw	frq_701
0642++ 9B2B 28 62 72    		db	40,98, 57 * 2
0643++ 9B2E 5E A8       		dw	frq_9
0644++ 9B30 2D 65 68    		db	45,101, 52 * 2
0645++ 9B33 26 B3       		dw	frq_508
0646++ 9B35 34 64 72    		db	52,100, 57 * 2
0647++ 9B38 CE AA       		dw	frq_118
0648++ 9B3A 3D 66 68    		db	61,102, 52 * 2
0649++ 9B3D 56 B3       		dw	frq_531
0650++ 9B3F FF 67 62    		db	255,103, 49 * 2
0651++ 9B42 5E B7       		dw	frq_823
0652++ 9B44             patch_27hdr: 	
0653++ 9B44 29 FF       		db	029h,0ffh
0654++ 9B46             
0655++ 9B46             
0656++ 9B46             ;--- GM 28 = Muted Gtr ---
0657++ 9B46             
0658++ 9B46             patch_28: 	
0659++ 9B46 01          		db	1	; transpose on
0660++ 9B47 D7 98       		dw	patch_2Bhdr
0661++ 9B49 FF 68 18    		db	255,104, 12 * 2
0662++ 9B4C 4E B8       		dw	frq_847
0663++ 9B4E             
0664++ 9B4E             
0665++ 9B4E             ;--- GM 29 = Overdriven Gtr ---
0666++ 9B4E             
0667++ 9B4E             patch_29: 	
0668++ 9B4E 01          		db	1	; transpose on
0669++ 9B4F 44 9B       		dw	patch_27hdr
0670++ 9B51 29 A5 48    		db	41,165, 36 * 2
0671++ 9B54 3E AD       		dw	frq_228
0672++ 9B56 FF A6 82    		db	255,166, 65 * 2
0673++ 9B59 96 B2       		dw	frq_459
0674++ 9B5B             
0675++ 9B5B             ;--- GM 30 = Distortion Gtr ---
0676++ 9B5B             
0677++ 9B5B             patch_30: 	
0678++ 9B5B 01          		db	1	; transpose on
0679++ 9B5C 8B 9B       		dw	patch_30hdr
0680++ 9B5E 13 51 48    		db	19,81, 36 * 2
0681++ 9B61 D6 B1       		dw	frq_434
0682++ 9B63 17 52 6E    		db	23,82, 55 * 2
0683++ 9B66 16 AB       		dw	frq_143
0684++ 9B68 1B 53 5E    		db	27,83, 47 * 2
0685++ 9B6B 4E B8       		dw	frq_847
0686++ 9B6D 1F 54 66    		db	31,84, 51 * 2
0687++ 9B70 D6 B1       		dw	frq_434
0688++ 9B72 23 55 6E    		db	35,85, 55 * 2
0689++ 9B75 16 AB       		dw	frq_143
0690++ 9B77 27 56 5E    		db	39,86, 47 * 2
0691++ 9B7A 4E B8       		dw	frq_847
0692++ 9B7C 2B 57 66    		db	43,87, 51 * 2
0693++ 9B7F 96 B2       		dw	frq_459
0694++ 9B81 2F 58 6E    		db	47,88, 55 * 2
0695++ 9B84 16 AB       		dw	frq_143
0696++ 9B86 FF 59 5E    		db	255,89, 47 * 2
0697++ 9B89 B6 B6       		dw	frq_775
0698++ 9B8B             patch_30hdr: 	
0699++ 9B8B 21 FF       		db	021h,0ffh
0700++ 9B8D             
0701++ 9B8D             ;--- GM 31 = Gtr Harmonics ---
0702++ 9B8D             
0703++ 9B8D             patch_31: 	
0704++ 9B8D 01          		db	1	; transpose on
0705++ 9B8E D7 98       		dw	patch_2Bhdr
0706++ 9B90 2D 5E 30    		db	45,94, 24 * 2
0707++ 9B93 0E B3       		dw	frq_507
0708++ 9B95 32 5D 8A    		db	50,93, 69 * 2
0709++ 9B98 CE AA       		dw	frq_118
0710++ 9B9A FF 5F 7C    		db	255,95, 62 * 2
0711++ 9B9D 3E B6       		dw	frq_726
0712++ 9B9F             
0713++ 9B9F             ;--- GM 32 = Acoustic Bass ---
0714++ 9B9F             
0715++ 9B9F             patch_32: 	
0716++ 9B9F 01          		db	1	; transpose on
0717++ 9BA0 AC 9B       		dw	patch_32hdr
0718++ 9BA2 19 04 60    		db	25,4, 48 * 2
0719++ 9BA5 A6 AB       		dw	frq_188
0720++ 9BA7 FF 05 62    		db	255,5, 49 * 2
0721++ 9BAA 7E A9       		dw	frq_70
0722++ 9BAC             patch_32hdr: 	
0723++ 9BAC 18 FF       		db	018h,0ffh
0724++ 9BAE             
0725++ 9BAE             
0726++ 9BAE             ;--- GM 33 = Elec. Bass (finger) ---
0727++ 9BAE             
0728++ 9BAE             patch_33: 	
0729++ 9BAE 01          		db	1	; transpose on
0730++ 9BAF AC 9B       		dw	patch_32hdr
0731++ 9BB1 09 4A 60    		db	9,74,48 * 2
0732++ 9BB4 1E B5       		dw	frq_645
0733++ 9BB6 0E 4B 72    		db	14,75,57 * 2
0734++ 9BB9 26 AD       		dw	frq_221
0735++ 9BBB 13 4C 64    		db	19,76,50 * 2
0736++ 9BBE 1E B8       		dw	frq_843
0737++ 9BC0 FF 4D 6E    		db	255,77,55 * 2
0738++ 9BC3 5E B1       		dw	frq_378
0739++ 9BC5             
0740++ 9BC5             
0741++ 9BC5             ;--- GM 34 = Elec. Bass (pick) ---
0742++ 9BC5             
0743++ 9BC5             patch_34: 	
0744++ 9BC5 01          		db	1	; transpose on
0745++ 9BC6 AC 9B       		dw	patch_32hdr
0746++ 9BC8 0C 4F 60    		db	12,79,48 * 2
0747++ 9BCB E6 AA       		dw	frq_135
0748++ 9BCD 13 50 60    		db	19,80,48 * 2
0749++ 9BD0 0E B6       		dw	frq_715
0750++ 9BD2 18 6B 6E    		db	24,107,55 * 2
0751++ 9BD5 B6 AD       		dw	frq_264
0752++ 9BD7 30 69 60    		db	48,105,48 * 2
0753++ 9BDA 0E B9       		dw	frq_921
0754++ 9BDC FF 6A 90    		db	255,106,72 * 2
0755++ 9BDF D6 B1       		dw	frq_434
0756++ 9BE1             
0757++ 9BE1             ;--- GM 35 = Fretless Bass ---
0758++ 9BE1             
0759++ 9BE1             patch_35: 	
0760++ 9BE1 01          		db	1	; transpose on
0761++ 9BE2 E9 9B       		dw	patch_35hdr
0762++ 9BE4 FF 4E 30    		db	255,78,24 * 2
0763++ 9BE7 46 B1       		dw	frq_373
0764++ 9BE9             patch_35hdr: 	
0765++ 9BE9             		db	010h,098h,0f3h,0b0h,063h,0c8h,019h,0ffh
0765++ 9BE9 1098F3B063C819FF
0766++ 9BF1             
0767++ 9BF1             ;--- GM 36 = Slap Bass 1 ---
0768++ 9BF1             
0769++ 9BF1             patch_36: 	
0770++ 9BF1 01          		db	1	; transpose on
0771++ 9BF2 F9 9B       		dw	patch_36hdr
0772++ 9BF4 FF A3 4E    		db	255,163,(36 + 3) * 2
0773++ 9BF7 06 B5       		dw	frq_641
0774++ 9BF9             patch_36hdr: 	
0775++ 9BF9 19 FF       		db	019h,0ffh
0776++ 9BFB             
0777++ 9BFB             ;--- GM 37 = Slap bass 2 ---
0778++ 9BFB             
0779++ 9BFB             patch_37: 	
0780++ 9BFB 01          		db	1	; transpose on
0781++ 9BFC 03 9C       		dw	patch_37hdr
0782++ 9BFE FF A2 30    		db	255,162,24 * 2
0783++ 9C01 46 AE       		dw	frq_288
0784++ 9C03             patch_37hdr: 	
0785++ 9C03 20 98 B0 FF 		db	020h,098h,0b0h,0ffh
0786++ 9C07             
0787++ 9C07             ;--- GM 38 = Synth Bass 1 ---
0788++ 9C07             
0789++ 9C07             patch_38: 	
0790++ 9C07 01          		db	1	; transpose on
0791++ 9C08 0F 9C       		dw	patch_38hdr
0792++ 9C0A FF BE 48    		db	255,190,36 * 2
0793++ 9C0D EE B7       		dw	frq_835
0794++ 9C0F             patch_38hdr: 	
0795++ 9C0F 39 FF       		db	039h,0ffh
0796++ 9C11             
0797++ 9C11             ;--- GM 39 = Synth Bass 2 ---
0798++ 9C11             
0799++ 9C11             patch_39: 	
0800++ 9C11 01          		db	1	; transpose on
0801++ 9C12 0F 9C       		dw	patch_38hdr
0802++ 9C14 FF 17 61    		db	255,17h,1 + 48 * 2	; tone 279
0803++ 9C17 AE AC       		dw	frq_215
0804++ 9C19             
0805++ 9C19             ;--- GM 40 = Violin ---
0806++ 9C19             
0807++ 9C19             patch_40: 	
0808++ 9C19 01          		db	1	; transpose on
0809++ 9C1A 4E 9C       		dw	patch_40hdr
0810++ 9C1C 23 05 31    		db	35,5h,1 + 24 * 2	; tone 261
0811++ 9C1F 46 AE       		dw	frq_288
0812++ 9C21 28 02 77    		db	40,2h,1 + 59 * 2	; tone 258
0813++ 9C24 66 A9       		dw	frq_69
0814++ 9C26 2A 06 69    		db	42,6h,1 + 52 * 2	; tone 262
0815++ 9C29 BE B4       		dw	frq_627
0816++ 9C2B 2D 07 6D    		db	45,7h,1 + 54 * 2	; tone 263
0817++ 9C2E 16 B4       		dw	frq_556
0818++ 9C30 30 08 73    		db	48,8h,1 + 57 * 2	; tone 264
0819++ 9C33 B6 AD       		dw	frq_264
0820++ 9C35 33 0A 61    		db	51,0ah,1 + 48 * 2	; tone 266
0821++ 9C38 F6 B8       		dw	frq_920
0822++ 9C3A 35 0B 67    		db	53,0bh,1 + 51 * 2	; tone 267
0823++ 9C3D 3E B6       		dw	frq_726
0824++ 9C3F 37 0C 6B    		db	55,0ch,1 + 53 * 2	; tone 268
0825++ 9C42 8E B4       		dw	frq_579
0826++ 9C44 3A 0D 6F    		db	58,0dh,1 + 55 * 2	; tone 269
0827++ 9C47 1E AF       		dw	frq_338
0828++ 9C49 FF 09 75    		db	255,09h,1 + 58	* 2	; tone 265
0829++ 9C4C 16 AB       		dw	frq_143
0830++ 9C4E             patch_40hdr: 	
0831++ 9C4E 3B FF       		db	03bh,0ffh
0832++ 9C50             
0833++ 9C50             
0834++ 9C50             ;--- GM 41 = Viola ---
0835++ 9C50             
0836++ 9C50             patch_41: 	
0837++ 9C50 01          		db	1	; transpose on
0838++ 9C51 8F 9C       		dw	patch_41hdr
0839++ 9C53 1B 03 31    		db	27,03h,1 + 24 * 2	; tone 259
0840++ 9C56 0E B6       		dw	frq_715
0841++ 9C58 1E 04 67    		db	30,04h,1 + 51 * 2	; tone 260
0842++ 9C5B 56 B3       		dw	frq_531
0843++ 9C5D 21 05 6D    		db	33,05h,1 + 54 * 2	; tone 261
0844++ 9C60 46 AE       		dw	frq_288
0845++ 9C62 26 02 73    		db	38,02h,1 + 57 * 2	; tone 258
0846++ 9C65 66 A9       		dw	frq_69
0847++ 9C67 28 06 65    		db	40,06h,1 + 50 * 2	; tone 262
0848++ 9C6A BE B4       		dw	frq_627
0849++ 9C6C 2B 07 69    		db	43,07h,1 + 52 * 2	; tone 263
0850++ 9C6F 16 B4       		dw	frq_556
0851++ 9C71 2E 08 6F    		db	46,08h,1 + 55 * 2	; tone 264
0852++ 9C74 B6 AD       		dw	frq_264
0853++ 9C76 31 0A 5D    		db	49,0ah,1 + 46 * 2	; tone 266
0854++ 9C79 F6 B8       		dw	frq_920
0855++ 9C7B 33 0B 63    		db	51,0bh,1 + 49 * 2	; tone 267
0856++ 9C7E 3E B6       		dw	frq_726
0857++ 9C80 36 0C 67    		db	54,0ch,1 + 51 * 2	; tone 268
0858++ 9C83 8E B4       		dw	frq_579
0859++ 9C85 38 0D 6D    		db	56,0dh,1 + 54 * 2	; tone 269
0860++ 9C88 1E AF       		dw	frq_338
0861++ 9C8A FF 09 71    		db	255,09h,1 + 56 * 2	; tone 265
0862++ 9C8D 16 AB       		dw	frq_143
0863++ 9C8F             patch_41hdr: 	
0864++ 9C8F 3B 98 A3 FF 		db	03bh,098h,0a3h,0ffh
0865++ 9C93             
0866++ 9C93             
0867++ 9C93             ;--- GM 42 = Cello ---
0868++ 9C93             
0869++ 9C93             patch_42: 	
0870++ 9C93 01          		db	1	; transpose on
0871++ 9C94 AF 9C       		dw	patch_42hdr
0872++ 9C96 16 12 49    		db	22,12h,1 + 36 * 2	; tone 274
0873++ 9C99 1E AC       		dw	frq_203
0874++ 9C9B 20 13 5D    		db	32,13h,1 + 46 * 2	; tone 275
0875++ 9C9E C6 B5       		dw	frq_701
0876++ 9CA0 27 15 59    		db	39,15h,1 + 44 * 2	; tone 277
0877++ 9CA3 46 B7       		dw	frq_822
0878++ 9CA5 2D 16 67    		db	45,16h,1 + 51 * 2	; tone 278
0879++ 9CA8 56 B3       		dw	frq_531
0880++ 9CAA FF 14 73    		db	255,14h,1 + 57 * 2	; tone 276
0881++ 9CAD 66 A9       		dw	frq_69
0882++ 9CAF             patch_42hdr: 	
0883++ 9CAF 33 C8 08 FF 		db	033h,0c8h,8,0ffh
0884++ 9CB3             
0885++ 9CB3             ;--- GM 43 = Contrabass ---
0886++ 9CB3             
0887++ 9CB3             patch_43: 	
0888++ 9CB3 01          		db	1	; transpose on
0889++ 9CB4 C0 9C       		dw	patch_43hdr
0890++ 9CB6 12 10 61    		db	18,10h,1 + 48 * 2	; tone 272
0891++ 9CB9 8E A8       		dw	frq_15
0892++ 9CBB FF 11 6D    		db	255,11h,1 + 54 * 2	; tone 273
0893++ 9CBE 46 A8       		dw	frq_8
0894++ 9CC0             patch_43hdr: 	
0895++ 9CC0 10 98 90 FF 		db	010h,098h,090h,0ffh
0896++ 9CC4             
0897++ 9CC4             ;--- GM 44 = Tremolo Strings ---
0898++ 9CC4             
0899++ 9CC4             patch_44: 	
0900++ 9CC4 01          		db	1	; transpose on
0901++ 9CC5 E0 9C       		dw	patch_44hdr
0902++ 9CC7 24 B0 30    		db	36,176,24 * 2
0903++ 9CCA 9E AA       		dw	frq_98
0904++ 9CCC 2A 35 60    		db	42,53,48 * 2
0905++ 9CCF 2E B4       		dw	frq_557
0906++ 9CD1 30 33 6C    		db	48,51,54 * 2
0907++ 9CD4 06 A9       		dw	frq_26
0908++ 9CD6 3B 34 60    		db	59,52,48 * 2
0909++ 9CD9 36 B5       		dw	frq_650
0910++ 9CDB FF AF 5E    		db	255,175,47 * 2
0911++ 9CDE 86 B3       		dw	frq_538
0912++ 9CE0             patch_44hdr: 	
0913++ 9CE0 38 E0 06 FF 		db	038h,0e0h,6,0ffh
0914++ 9CE4             
0915++ 9CE4             
0916++ 9CE4             ;--- GM 45 = Pizzicato Strings ---
0917++ 9CE4             
0918++ 9CE4             patch_45: 	
0919++ 9CE4 01          		db	1	; transpose on
0920++ 9CE5 D7 98       		dw	patch_2Bhdr
0921++ 9CE7 1B B8 48    		db	27,184,36 * 2
0922++ 9CEA A6 A8       		dw	frq_20
0923++ 9CEC 24 B9 66    		db	36,185,51 * 2
0924++ 9CEF C6 AC       		dw	frq_216
0925++ 9CF1 2B BB 60    		db	43,187,48 * 2
0926++ 9CF4 EE B4       		dw	frq_639
0927++ 9CF6 31 BA 6E    		db	49,186,55 * 2
0928++ 9CF9 F6 A9       		dw	frq_84
0929++ 9CFB FF BC 62    		db	255,188,49 * 2
0930++ 9CFE 7E B2       		dw	frq_455
0931++ 9D00             
0932++ 9D00             ;--- GM 46 = Harp ---
0933++ 9D00             
0934++ 9D00             patch_46: 	
0935++ 9D00 01          		db	1	; transpose on
0936++ 9D01 0D 9D       		dw	patch_46hdr
0937++ 9D03 2F 7E 18    		db	47,126,12 * 2
0938++ 9D06 6E B0       		dw	frq_360
0939++ 9D08 FF 7F 5E    		db	255,127,47 * 2
0940++ 9D0B D6 B1       		dw	frq_434
0941++ 9D0D             patch_46hdr: 	
0942++ 9D0D 29 C8 07 FF 		db	029h,0c8h,7,0ffh
0943++ 9D11             
0944++ 9D11             
0945++ 9D11             ;--- GM 47 = Timpani ---
0946++ 9D11             
0947++ 9D11             patch_47: 	
0948++ 9D11 01          		db	1	; transpose on
0949++ 9D12 D7 98       		dw	patch_2Bhdr
0950++ 9D14 FF 00 49    		db	255,0,1 + 36 * 2	; tone 256
0951++ 9D17 DE AC       		dw	frq_217
0952++ 9D19             
0953++ 9D19             
0954++ 9D19             ;--- GM 48 = Strings ---
0955++ 9D19             
0956++ 9D19             patch_48: 	
0957++ 9D19 01          		db	1	; transpose on
0958++ 9D1A 5F 98       		dw	patch_0hdr
0959++ 9D1C 24 3C 31    		db	36,03ch,1 + 24 * 2	; tone 316
0960++ 9D1F 6E AA       		dw	frq_96
0961++ 9D21 2A 3E 61    		db	42,03eh,1 + 48 * 2	; tone 318
0962++ 9D24 2E B4       		dw	frq_557
0963++ 9D26 30 3D 6D    		db	48,03dh,1 + 54 * 2	; tone 317
0964++ 9D29 EE A8       		dw	frq_24
0965++ 9D2B 3B 3F 61    		db	59,03fh,1 + 48 * 2	; tone 319
0966++ 9D2E 4E B5       		dw	frq_653
0967++ 9D30 FF 40 5F    		db	255,040h,1 + 47 * 2	; tone 320
0968++ 9D33 B6 B3       		dw	frq_548
0969++ 9D35             
0970++ 9D35             ;--- GM 49 = Slow Strings ---
0971++ 9D35             
0972++ 9D35             patch_49: 	
0973++ 9D35 01          		db	1	; transpose on
0974++ 9D36 51 9D       		dw	patch_49hdr
0975++ 9D38 24 B0 30    		db	36,176, 24 * 2
0976++ 9D3B 9E AA       		dw	frq_98
0977++ 9D3D 2A 35 60    		db	42,53, 48 * 2
0978++ 9D40 2E B4       		dw	frq_557
0979++ 9D42 30 33 6C    		db	48,51, 54 * 2
0980++ 9D45 1E A9       		dw	frq_27
0981++ 9D47 3B 34 60    		db	59,52, 48 * 2
0982++ 9D4A 36 B5       		dw	frq_650
0983++ 9D4C FF AF 5E    		db	255,175, 47 * 2
0984++ 9D4F 86 B3       		dw	frq_538
0985++ 9D51             patch_49hdr: 	
0986++ 9D51 19 FF       		db	019h,0ffh
0987++ 9D53             
0988++ 9D53             
0989++ 9D53             ;--- GM 50 = Synth Strings 1 ---
0990++ 9D53             
0991++ 9D53             patch_50A: 	
0992++ 9D53 01          		db	1	; transpose on
0993++ 9D54 5B 9D       		dw	patch_50Ahdr
0994++ 9D56 FF 02 30    		db	255,2, 24 * 2
0995++ 9D59 9E B9       		dw	frq_935
0996++ 9D5B             patch_50Ahdr: 	
0997++ 9D5B             		db	020h,098h,093h,0b0h,022h,0c8h,06h,0ffh
0997++ 9D5B 209893B022C806FF
0998++ 9D63             
0999++ 9D63             patch_50B: 	
1000++ 9D63 01          		db	1	; transpose on
1001++ 9D64 6B 9D       		dw	patch_50Bhdr
1002++ 9D66 FF AE 18    		db	255,174, 12 * 2
1003++ 9D69 3E AA       		dw	frq_91
1004++ 9D6B             patch_50Bhdr: 	
1005++ 9D6B             		db	020h,098h,070h,0c8h,006h,0ffh
1005++ 9D6B 209870C806FF
1006++ 9D71             
1007++ 9D71             
1008++ 9D71             ;--- GM 51 = Synth Strings 2 ---
1009++ 9D71             
1010++ 9D71             patch_51A: 	
1011++ 9D71 01          		db	1	; transpose on
1012++ 9D72 79 9D       		dw	patch_51Ahdr
1013++ 9D74 FF 02 18    		db	255,2, 12 * 2
1014++ 9D77 9E B9       		dw	frq_935
1015++ 9D79             patch_51Ahdr: 	
1016++ 9D79             		db	019h,098h,070h,0b0h,000h,0c8h,06h,0ffh
1016++ 9D79 199870B000C806FF
1017++ 9D81             
1018++ 9D81             patch_51B: 	
1019++ 9D81 01          		db	1	; transpose on
1020++ 9D82 79 9D       		dw	patch_51Ahdr
1021++ 9D84 FF 02 18    		db	255,2, 12 * 2
1022++ 9D87 56 B9       		dw	frq_927
1023++ 9D89             
1024++ 9D89             
1025++ 9D89             ;--- GM 52 = Choir Aahs ---
1026++ 9D89             
1027++ 9D89             patch_52: 	
1028++ 9D89 01          		db	1	; transpose on
1029++ 9D8A A0 9D       		dw	patch_52hdr
1030++ 9D8C 23 18 30    		db	35,24, 24 * 2
1031++ 9D8F 36 AC       		dw	frq_204
1032++ 9D91 29 19 5E    		db	41,25, 47 * 2
1033++ 9D94 16 B7       		dw	frq_815
1034++ 9D96 30 1A 6A    		db	48,26, 53 * 2
1035++ 9D99 4E AC       		dw	frq_206
1036++ 9D9B FF 1B 60    		db	255,27, 48 * 2
1037++ 9D9E 26 B0       		dw	frq_356
1038++ 9DA0             patch_52hdr: 	
1039++ 9DA0 1A FF       		db	01ah,0ffh
1040++ 9DA2             
1041++ 9DA2             ;--- GM 53 = Voice Oohs ---
1042++ 9DA2             
1043++ 9DA2             patch_53: 	
1044++ 9DA2 01          		db	1	; transpose on
1045++ 9DA3 AA 9D       		dw	patch_53hdr
1046++ 9DA5 FF 29 18    		db	255,41, 12 * 2
1047++ 9DA8 CE AD       		dw	frq_273
1048++ 9DAA             patch_53hdr: 	
1049++ 9DAA             		db	020h,098h,0f7h,0b0h,020h,0c8h,8,0ffh
1049++ 9DAA 2098F7B020C808FF
1050++ 9DB2             
1051++ 9DB2             ;--- GM 54 = Synth Voice ---
1052++ 9DB2             
1053++ 9DB2             patch_54: 	
1054++ 9DB2 01          		db	1	; transpose on
1055++ 9DB3 BA 9D       		dw	patch_54hdr
1056++ 9DB5 FF 2A 18    		db	255,42, 12 * 2
1057++ 9DB8 66 AC       		dw	frq_208
1058++ 9DBA             patch_54hdr: 	
1059++ 9DBA             		db	019h,098h,085h,0b0h,021h,0c8h,7,0ffh
1059++ 9DBA 199885B021C807FF
1060++ 9DC2             
1061++ 9DC2             ;--- GM 55 = Orchestra Hit ---
1062++ 9DC2             
1063++ 9DC2             patch_55: 	
1064++ 9DC2 01          		db	1	; transpose on
1065++ 9DC3 CA 9D       		dw	patch_55hdr
1066++ 9DC5 FF 49 18    		db	255,73, 12 * 2
1067++ 9DC8 EE B7       		dw	frq_835
1068++ 9DCA             patch_55hdr: 	
1069++ 9DCA 30 FF       		db	030h,0ffh
1070++ 9DCC             
1071++ 9DCC             ;--- GM 56 = Trumpet ---
1072++ 9DCC             
1073++ 9DCC             patch_56: 	
1074++ 9DCC 01          		db	1	; transpose on
1075++ 9DCD ED 9D       		dw	patch_56hdr
1076++ 9DCF 25 F6 30    		db	37,246, 24 * 2
1077++ 9DD2 4E A9       		dw	frq_46
1078++ 9DD4 2C F8 62    		db	44,248, 49 * 2
1079++ 9DD7 AE B2       		dw	frq_460
1080++ 9DD9 31 F7 70    		db	49,247, 56 * 2
1081++ 9DDC D6 A8       		dw	frq_22
1082++ 9DDE 37 FA 62    		db	55,250, 49 * 2
1083++ 9DE1 EE B1       		dw	frq_436
1084++ 9DE3 3E F9 6E    		db	62,249, 55 * 2
1085++ 9DE6 4E A9       		dw	frq_46
1086++ 9DE8 FF FB 64    		db	255,251, 50 * 2
1087++ 9DEB EE B1       		dw	frq_436
1088++ 9DED             patch_56hdr: 	
1089++ 9DED 32 FF       		db	032h,0ffh
1090++ 9DEF             
1091++ 9DEF             ;--- GM 57 = Trombone ---
1092++ 9DEF             
1093++ 9DEF             patch_57: 	
1094++ 9DEF 01          		db	1	; transpose on
1095++ 9DF0 01 9E       		dw	patch_57hdr
1096++ 9DF2 23 F0 30    		db	35,240, 24 * 2
1097++ 9DF5 3E AD       		dw	frq_228
1098++ 9DF7 28 F1 5E    		db	40,241, 47 * 2
1099++ 9DFA 9E B6       		dw	frq_750
1100++ 9DFC FF F2 68    		db	255,242, 52 * 2
1101++ 9DFF B6 AD       		dw	frq_264
1102++ 9E01             patch_57hdr: 	
1103++ 9E01 21 FF       		db	021h,0ffh
1104++ 9E03             
1105++ 9E03             ;--- GM 58 = Tuba ---
1106++ 9E03             
1107++ 9E03             patch_58: 	
1108++ 9E03 01          		db	1	; transpose on
1109++ 9E04 01 9E       		dw	patch_57hdr
1110++ 9E06 16 85 48    		db	22,133, 36 * 2
1111++ 9E09 CE B3       		dw	frq_550
1112++ 9E0B FF 86 5C    		db	255,134, 46 * 2
1113++ 9E0E 96 B8       		dw	frq_908
1114++ 9E10             
1115++ 9E10             ;--- GM 59 = Muted Trumpet ---
1116++ 9E10             
1117++ 9E10             patch_59: 	
1118++ 9E10 01          		db	1	; transpose on
1119++ 9E11 1D 9E       		dw	patch_59hdr
1120++ 9E13 2E B1 18    		db	46,177, 12 * 2
1121++ 9E16 D6 B4       		dw	frq_630
1122++ 9E18 FF B2 5C    		db	255,178, 46 * 2
1123++ 9E1B D6 B4       		dw	frq_630
1124++ 9E1D             patch_59hdr: 	
1125++ 9E1D 28 E0 01 FF 		db	28h,0e0h,1,0ffh
1126++ 9E21             
1127++ 9E21             ;--- GM 60 = French Horn ---
1128++ 9E21             
1129++ 9E21             patch_60: 	
1130++ 9E21 01          		db	1	; transpose on
1131++ 9E22 2E 9E       		dw	patch_60hdr
1132++ 9E24 32 7C 18    		db	50,124, 12 * 2
1133++ 9E27 5E AE       		dw	frq_290
1134++ 9E29 FF 7D 64    		db	255,125, 50 * 2
1135++ 9E2C 96 B5       		dw	frq_679
1136++ 9E2E             patch_60hdr: 	
1137++ 9E2E 1A FF       		db	01ah,0ffh
1138++ 9E30             
1139++ 9E30             ;--- GM 61 = Brass Section ---
1140++ 9E30             
1141++ 9E30             patch_61: 	
1142++ 9E30 01          		db	1	; transpose on
1143++ 9E31 D7 98       		dw	patch_2Bhdr
1144++ 9E33 2B FC 18    		db	43,252, 12 * 2
1145++ 9E36 2E B7       		dw	frq_820
1146++ 9E38 FF FD 56    		db	255,253, 43 * 2
1147++ 9E3B BE B7       		dw	frq_832
1148++ 9E3D             
1149++ 9E3D             ;--- GM 62 = Synth Brass 1 ---
1150++ 9E3D             
1151++ 9E3D             patch_62A: 	
1152++ 9E3D 01          		db	1	; transpose on
1153++ 9E3E 7C 9E       		dw	patch_62Ahdr
1154++ 9E40 10 D3 60    		db	16,211, 48 * 2
1155++ 9E43 C6 B8       		dw	frq_916
1156++ 9E45 16 DA 80    		db	22,218, 64 * 2
1157++ 9E48 F6 AF       		dw	frq_354
1158++ 9E4A 1C D4 74    		db	28,212, 58 * 2
1159++ 9E4D C6 B8       		dw	frq_916
1160++ 9E4F 22 DB 80    		db	34,219, 64 * 2
1161++ 9E52 96 AF       		dw	frq_345
1162++ 9E54 28 D5 74    		db	40,213, 58 * 2
1163++ 9E57 9E B9       		dw	frq_935
1164++ 9E59 2E DC 80    		db	46,220, 64 * 2
1165++ 9E5C C6 AF       		dw	frq_350
1166++ 9E5E 34 D6 74    		db	52,214, 58 * 2
1167++ 9E61 26 B9       		dw	frq_925
1168++ 9E63 3A DD 80    		db	58,221, 64 * 2
1169++ 9E66 9E B0       		dw	frq_363
1170++ 9E68 40 D7 74    		db	64,215, 58 * 2
1171++ 9E6B EE BA       		dw	frq_969
1172++ 9E6D 46 DE 80    		db	70,222, 64 * 2
1173++ 9E70 1E AF       		dw	frq_338
1174++ 9E72 4D D8 74    		db	77,216, 58 * 2
1175++ 9E75 26 B9       		dw	frq_925
1176++ 9E77 FF D9 6A    		db	255,217, 53 * 2
1177++ 9E7A 26 B9       		dw	frq_925
1178++ 9E7C             patch_62Ahdr: 	
1179++ 9E7C 18 FF       		db	018h,0ffh
1180++ 9E7E             
1181++ 9E7E             
1182++ 9E7E             patch_62B: 	
1183++ 9E7E 01          		db	1	; transpose on
1184++ 9E7F BD 9E       		dw	patch_62Bhdr
1185++ 9E81 10 18 61    		db	16,18h, 1 + 48 * 2	; tone 280
1186++ 9E84 6E B9       		dw	frq_929
1187++ 9E86 16 19 81    		db	22,19h, 1 + 64 * 2	; tone 281
1188++ 9E89 6E B0       		dw	frq_360
1189++ 9E8B 1C 1A 75    		db	28,1ah, 1 + 58 * 2	; tone 282
1190++ 9E8E 56 B9       		dw	frq_927
1191++ 9E90 22 1B 81    		db	34,1bh, 1 + 64 * 2	; tone 283
1192++ 9E93 6E B0       		dw	frq_360
1193++ 9E95 28 1C 75    		db	40,1ch, 1 + 58 * 2	; tone 284
1194++ 9E98 E6 B9       		dw	frq_939
1195++ 9E9A 2E 1D 81    		db	46,1dh, 1 + 64 * 2	; tone 285
1196++ 9E9D E6 B0       		dw	frq_366
1197++ 9E9F 34 1E 75    		db	52,1eh, 1 + 58 * 2	; tone 286
1198++ 9EA2 76 BA       		dw	frq_951
1199++ 9EA4 3A 1F 81    		db	58,1fh, 1 + 64 * 2	; tone 287
1200++ 9EA7 E6 B0       		dw	frq_366
1201++ 9EA9 40 20 75    		db	64,20h, 1 + 58 * 2	; tone 288
1202++ 9EAC 1E BB       		dw	frq_977
1203++ 9EAE 46 21 81    		db	70,21h, 1 + 64 * 2	; tone 289
1204++ 9EB1 66 AF       		dw	frq_342
1205++ 9EB3 4D 22 75    		db	77,22h, 1 + 58 * 2	; tone 290
1206++ 9EB6 56 B9       		dw	frq_927
1207++ 9EB8 FF 23 6B    		db	255,23h, 1 + 53 * 2	; tone 291
1208++ 9EBB 56 B9       		dw	frq_927
1209++ 9EBD             patch_62Bhdr: 	
1210++ 9EBD             		db	018h,098h,0a5h,0b0h,011h,0ffh
1210++ 9EBD 1898A5B011FF
1211++ 9EC3             
1212++ 9EC3             
1213++ 9EC3             ;--- GM 63 = Synth Brass 2 ---
1214++ 9EC3             ; B zachter dan A, vals??
1215++ 9EC3             
1216++ 9EC3             patch_63A: 	
1217++ 9EC3 01          		db	1	; transpose on
1218++ 9EC4 02 9F       		dw	patch_63Ahdr
1219++ 9EC6 10 18 61    		db	16,18h, 1 + 48 * 2	; tone 280
1220++ 9EC9 86 B9       		dw	frq_931
1221++ 9ECB 16 19 81    		db	22,19h, 1 + 64 * 2	; tone 281
1222++ 9ECE 86 B0       		dw	frq_361
1223++ 9ED0 1C 1A 75    		db	28,1ah, 1 + 58 * 2	; tone 282
1224++ 9ED3 6E B9       		dw	frq_929
1225++ 9ED5 22 1B 81    		db	34,1bh, 1 + 64 * 2	; tone 283
1226++ 9ED8 86 B0       		dw	frq_361
1227++ 9EDA 28 1C 75    		db	40,1ch, 1 + 58 * 2	; tone 284
1228++ 9EDD FE B9       		dw	frq_941
1229++ 9EDF 2E 1D 81    		db	46,1dh, 1 + 64 * 2	; tone 285
1230++ 9EE2 FE B0       		dw	frq_367
1231++ 9EE4 34 1E 75    		db	52,1eh, 1 + 58 * 2	; tone 286
1232++ 9EE7 A6 BA       		dw	frq_953
1233++ 9EE9 3A 1F 81    		db	58,1fh, 1 + 64 * 2	; tone 287
1234++ 9EEC FE B0       		dw	frq_367
1235++ 9EEE 40 20 75    		db	64,20h, 1 + 58 * 2	; tone 288
1236++ 9EF1 36 BB       		dw	frq_978
1237++ 9EF3 46 21 81    		db	70,21h, 1 + 64 * 2	; tone 289
1238++ 9EF6 7E AF       		dw	frq_343
1239++ 9EF8 4D 22 75    		db	77,22h, 1 + 58 * 2	; tone 290
1240++ 9EFB 6E B9       		dw	frq_929
1241++ 9EFD FF 23 6B    		db	255,23h, 1 + 53 * 2	; tone 291
1242++ 9F00 6E B9       		dw	frq_929
1243++ 9F02             patch_63Ahdr: 	
1244++ 9F02 26 FF       		db	026h,0ffh
1245++ 9F04             
1246++ 9F04             
1247++ 9F04             patch_63B: 	
1248++ 9F04 01          		db	1	; transpose on
1249++ 9F05 0C 9F       		dw	patch_63Bhdr
1250++ 9F07 FF 24 19    		db	255,24h, 1 + 12 * 2	; tone 292
1251++ 9F0A 2E B4       		dw	frq_557
1252++ 9F0C             patch_63Bhdr: 	
1253++ 9F0C 22 FF       		db	022h,0ffh
1254++ 9F0E             
1255++ 9F0E             ;--- GM 64 = Soprano Sax ---
1256++ 9F0E             
1257++ 9F0E             patch_64: 	
1258++ 9F0E 01          		db	1	; transpose on
1259++ 9F0F 8B 9B       		dw	patch_30hdr
1260++ 9F11 28 E3 18    		db	40,227, 12 * 2
1261++ 9F14 C6 B5       		dw	frq_701
1262++ 9F16 2E E4 68    		db	46,228, 52 * 2
1263++ 9F19 C6 AC       		dw	frq_216
1264++ 9F1B 34 E5 5C    		db	52,229, 46 * 2
1265++ 9F1E 7E B5       		dw	frq_677
1266++ 9F20 3A E6 68    		db	58,230, 52 * 2
1267++ 9F23 6E AD       		dw	frq_242
1268++ 9F25 41 E7 5C    		db	65,231, 46 * 2
1269++ 9F28 3E B6       		dw	frq_726
1270++ 9F2A FF E8 82    		db	255,232, 65 * 2
1271++ 9F2D 56 AA       		dw	frq_94
1272++ 9F2F             
1273++ 9F2F             ;--- GM 65 = Alto Sax ---
1274++ 9F2F             
1275++ 9F2F             patch_65: 	
1276++ 9F2F 01          		db	1	; transpose on
1277++ 9F30 73 9F       		dw	patch_65hdr
1278++ 9F32 1B 92 48    		db	27,146, 36 * 2
1279++ 9F35 1E A9       		dw	frq_27
1280++ 9F37 1E 96 66    		db	30,150, 51 * 2
1281++ 9F3A 86 B6       		dw	frq_737
1282++ 9F3C 23 99 6C    		db	35,153, 54 * 2
1283++ 9F3F A6 B1       		dw	frq_385
1284++ 9F41 24 8F 76    		db	36,143, 59 * 2
1285++ 9F44 6E AD       		dw	frq_242
1286++ 9F46 27 93 78    		db	39,147, 60 * 2
1287++ 9F49 4E A9       		dw	frq_46
1288++ 9F4B 2A 97 66    		db	42,151, 51 * 2
1289++ 9F4E B6 B6       		dw	frq_775
1290++ 9F50 2D 9A 6C    		db	45,154, 54 * 2
1291++ 9F53 AE B2       		dw	frq_460
1292++ 9F55 30 90 72    		db	48,144, 57 * 2
1293++ 9F58 C6 AC       		dw	frq_216
1294++ 9F5A 33 94 78    		db	51,148, 60 * 2
1295++ 9F5D D6 A8       		dw	frq_22
1296++ 9F5F 35 98 66    		db	53,152, 51 * 2
1297++ 9F62 56 B6       		dw	frq_727
1298++ 9F64 39 9B 6A    		db	57,155, 53 * 2
1299++ 9F67 F6 B2       		dw	frq_480
1300++ 9F69 3C 91 72    		db	60,145, 57 * 2
1301++ 9F6C 5E AE       		dw	frq_290
1302++ 9F6E FF 95 78    		db	255,149, 60 * 2
1303++ 9F71 56 AA       		dw	frq_94
1304++ 9F73             patch_65hdr: 	
1305++ 9F73 19 C8 0B FF 		db	019h,0c8h,000bh,0ffh
1306++ 9F77             
1307++ 9F77             ;--- GM 66 = Tenor Sax ---
1308++ 9F77             
1309++ 9F77             patch_66: 	
1310++ 9F77 01          		db	1	; transpose on
1311++ 9F78 F9 9B       		dw	patch_36hdr
1312++ 9F7A 19 E9 48    		db	25,233, 36 * 2
1313++ 9F7D AE A9       		dw	frq_75
1314++ 9F7F 1D EA 62    		db	29,234, 49 * 2
1315++ 9F82 0E B6       		dw	frq_715
1316++ 9F84 23 EB 6A    		db	35,235, 53 * 2
1317++ 9F87 3E AD       		dw	frq_228
1318++ 9F89 2A ED 5E    		db	42,237, 47 * 2
1319++ 9F8C 4E B5       		dw	frq_653
1320++ 9F8E 30 EC 6C    		db	48,236, 54 * 2
1321++ 9F91 7E A9       		dw	frq_70
1322++ 9F93 3A EE 60    		db	58,238, 48 * 2
1323++ 9F96 56 B3       		dw	frq_531
1324++ 9F98 FF EF 5C    		db	255,239, 46 * 2
1325++ 9F9B F6 B8       		dw	frq_920
1326++ 9F9D             
1327++ 9F9D             
1328++ 9F9D             ;--- GM 67 = Baritone Sax ---
1329++ 9F9D             
1330++ 9F9D             patch_67: 	
1331++ 9F9D 01          		db	1	; transpose on
1332++ 9F9E F9 9B       		dw	patch_36hdr
1333++ 9FA0 16 DF 48    		db	22,223, 36 * 2
1334++ 9FA3 8E AE       		dw	frq_299
1335++ 9FA5 1D E1 5C    		db	29,225, 46 * 2
1336++ 9FA8 9E B3       		dw	frq_545
1337++ 9FAA 22 E2 6A    		db	34,226, 53 * 2
1338++ 9FAD 8E AE       		dw	frq_299
1339++ 9FAF FF E0 5C    		db	255,224, 46 * 2
1340++ 9FB2 7E B8       		dw	frq_874
1341++ 9FB4             
1342++ 9FB4             ;--- GM 68 = Oboe ---
1343++ 9FB4             
1344++ 9FB4             patch_68: 	
1345++ 9FB4 01          		db	1	; transpose on
1346++ 9FB5 D5 9F       		dw	patch_68hdr
1347++ 9FB7 25 42 18    		db	37,66, 12 * 2
1348++ 9FBA F6 B8       		dw	frq_920
1349++ 9FBC 2C 44 62    		db	44,68, 49 * 2
1350++ 9FBF 1E AF       		dw	frq_338
1351++ 9FC1 32 43 58    		db	50,67, 44 * 2
1352++ 9FC4 F6 B8       		dw	frq_920
1353++ 9FC6 38 46 64    		db	56,70, 50 * 2
1354++ 9FC9 06 AF       		dw	frq_335
1355++ 9FCB 3E 45 58    		db	62,69, 44 * 2
1356++ 9FCE F6 B8       		dw	frq_920
1357++ 9FD0 FF 47 64    		db	255,71, 50 * 2
1358++ 9FD3 06 AF       		dw	frq_335
1359++ 9FD5             patch_68hdr: 	
1360++ 9FD5 39 FF       		db	039h,0ffh
1361++ 9FD7             
1362++ 9FD7             ;--- GM 69 = English Horn ---
1363++ 9FD7             
1364++ 9FD7             patch_69: 	
1365++ 9FD7 01          		db	1	; transpose on
1366++ 9FD8 E9 9F       		dw	patch_69hdr
1367++ 9FDA 21 3C 30    		db	33,60, 24 * 2
1368++ 9FDD 86 AD       		dw	frq_254
1369++ 9FDF 27 3B 5A    		db	39,59, 45 * 2
1370++ 9FE2 9E B6       		dw	frq_750
1371++ 9FE4 FF 3D 66    		db	255,61, 51 * 2
1372++ 9FE7 6E AD       		dw	frq_242
1373++ 9FE9             patch_69hdr: 	
1374++ 9FE9 31 FF       		db	031h,0ffh
1375++ 9FEB             
1376++ 9FEB             ;--- GM 70 = Bassoon ---
1377++ 9FEB             
1378++ 9FEB             patch_70: 	
1379++ 9FEB 01          		db	1	; transpose on
1380++ 9FEC E9 9F       		dw	patch_69hdr
1381++ 9FEE 0B 38 60    		db	11,56, 48 * 2
1382++ 9FF1 96 A9       		dw	frq_73
1383++ 9FF3 17 3A 5E    		db	23,58, 47 * 2
1384++ 9FF6 6E B3       		dw	frq_532
1385++ 9FF8 FF 39 76    		db	255,57, 59 * 2
1386++ 9FFB AE A9       		dw	frq_75
1387++ 9FFD             
1388++ 9FFD             ;--- GM 71 = Clarinet ---
1389++ 9FFD             
1390++ 9FFD             patch_71: 	
1391++ 9FFD 01          		db	1	; transpose on
1392++ 9FFE 14 A0       		dw	patch_71hdr
1393++ A000 24 9E 30    		db	36,158, 24 * 2
1394++ A003 E6 B6       		dw	frq_810
1395++ A005 2A A0 78    		db	42,160, 60 * 2
1396++ A008 46 AE       		dw	frq_288
1397++ A00A 33 9F 6C    		db	51,159, 54 * 2
1398++ A00D 3E B6       		dw	frq_726
1399++ A00F FF A1 66    		db	255,161, 51 * 2
1400++ A012 F6 B8       		dw	frq_920
1401++ A014             patch_71hdr: 	
1402++ A014 29 FF       		db	029h,0ffh
1403++ A016             
1404++ A016             ;--- GM 72 = Piccolo ---
1405++ A016             
1406++ A016             patch_72: 	
1407++ A016 01          		db	1	; transpose on
1408++ A017 32 A0       		dw	patch_72hdr
1409++ A019 29 71 30    		db	41,113, 24 * 2
1410++ A01C 56 AA       		dw	frq_94
1411++ A01E 36 72 6A    		db	54,114, 53 * 2
1412++ A021 CE AA       		dw	frq_118
1413++ A023 3C 73 6C    		db	60,115, 54 * 2
1414++ A026 56 AA       		dw	frq_94
1415++ A028 48 74 78    		db	72,116, 60 * 2
1416++ A02B 46 AE       		dw	frq_288
1417++ A02D FF 75 78    		db	255,117, 60 * 2
1418++ A030 F6 B8       		dw	frq_920
1419++ A032             patch_72hdr: 	
1420++ A032 38 E0 02 FF 		db	038h,0e0h,2,0ffh
1421++ A036             
1422++ A036             ;--- GM 73 = Flute ---
1423++ A036             
1424++ A036             patch_73: 	
1425++ A036 01          		db	1	; transpose on
1426++ A037 32 A0       		dw	patch_72hdr
1427++ A039 29 71 30    		db	41,113, 24 * 2
1428++ A03C 56 AA       		dw	frq_94
1429++ A03E 36 72 6A    		db	54,114, 53 * 2
1430++ A041 CE AA       		dw	frq_118
1431++ A043 FF 73 6C    		db	255,115, 54 * 2
1432++ A046 56 AA       		dw	frq_94
1433++ A048             
1434++ A048             ;--- GM 74 = Recorder ---
1435++ A048             
1436++ A048             patch_74: 	
1437++ A048 01          		db	1	; transpose on
1438++ A049 50 A0       		dw	patch_74hdr
1439++ A04B FF BD 30    		db	255,189, 24 * 2
1440++ A04E 16 AB       		dw	frq_143
1441++ A050             patch_74hdr: 	
1442++ A050 30 E0 01 FF 		db	030h,0e0h,1,0ffh
1443++ A054             
1444++ A054             ;--- GM 75 = Pan Flute ---
1445++ A054             
1446++ A054             patch_75: 	
1447++ A054 01          		db	1	; transpose on
1448++ A055 5C A0       		dw	patch_75hdr
1449++ A057 FF 77 00    		db	255,119, 0 * 2
1450++ A05A C6 B2       		dw	frq_461
1451++ A05C             patch_75hdr: 	
1452++ A05C 30 E0 03 FF 		db	030h,0e0h,3,0ffh
1453++ A060             
1454++ A060             ;--- GM 76 = Blown Bottle ---
1455++ A060             
1456++ A060             patch_76A: 	
1457++ A060 01          		db	1	; transpose on
1458++ A061 68 A0       		dw	patch_76Ahdr
1459++ A063 FF 77 00    		db	255,119, 0 * 2
1460++ A066 C6 B2       		dw	frq_461
1461++ A068             patch_76Ahdr: 	
1462++ A068 38 E0 01 FF 		db	038h,0e0h,1,0ffh
1463++ A06C             
1464++ A06C             patch_76B: 	
1465++ A06C 01          		db	1	; transpose on
1466++ A06D 74 A0       		dw	patch_76Bhdr
1467++ A06F FF 25 31    		db	255,25h, 31h ;1 + (12 + 2) * 2	; tone 293
1468++ A072 BE A8       		dw	frq_21
1469++ A074             patch_76Bhdr: 	
1470++ A074 00 FF       		db	0h,0ffh
1471++ A076             
1472++ A076             ;--- GM 77 = Shakuhachi ---
1473++ A076             
1474++ A076             patch_77A: 		
1475++ A076 01          		db	1	; transpose on
1476++ A077 5C A0       		dw	patch_75hdr
1477++ A079 FF AB 18    		db	255,171, 12 * 2
1478++ A07C EE BA       		dw	frq_969
1479++ A07E             
1480++ A07E             patch_77B: 	
1481++ A07E 01          		db	1	; transpose on
1482++ A07F 86 A0       		dw	patch_77Bhdr
1483++ A081 FF 76 18    		db	255,118, 12 * 2
1484++ A084 96 AF       		dw	frq_345
1485++ A086             patch_77Bhdr: 	
1486++ A086 28 E0 02 FF 		db	028h,0e0h,2,0ffh
1487++ A08A             
1488++ A08A             ;--- GM 78 = Whistle ---
1489++ A08A             
1490++ A08A             patch_78: 	
1491++ A08A 01          		db	1	; transpose on
1492++ A08B 92 A0       		dw	patch_78hdr
1493++ A08D FF AA 00    		db	255,170, 0 * 2
1494++ A090 56 AA       		dw	frq_94
1495++ A092             patch_78hdr: 	
1496++ A092 2C 98 70 FF 		db	02ch,098h,070h,0ffh
1497++ A096             
1498++ A096             ;--- GM 79 = Ocarina ---
1499++ A096             
1500++ A096             patch_79: 	
1501++ A096 01          		db	1	; transpose on
1502++ A097 9E A0       		dw	patch_79hdr
1503++ A099 FF AA 00    		db	255,170, 0 * 2
1504++ A09C 56 AA       		dw	frq_94
1505++ A09E             patch_79hdr: 	
1506++ A09E 29 E0 01 FF 		db	029h,0e0h,1,0ffh
1507++ A0A2             
1508++ A0A2             ;--- GM 80 = Lead 1 (square) ---
1509++ A0A2             
1510++ A0A2             patch_80A: 	
1511++ A0A2 01          		db	1	; transpose on
1512++ A0A3 C3 A0       		dw	patch_80Ahdr
1513++ A0A5 13 CC 78    		db	19,204, 60 * 2
1514++ A0A8 4E AF       		dw	frq_341
1515++ A0AA 1F CD 6E    		db	31,205, 55 * 2
1516++ A0AD 7E AF       		dw	frq_343
1517++ A0AF 2B CA 6E    		db	43,202, 55 * 2
1518++ A0B2 7E AF       		dw	frq_343
1519++ A0B4 37 CF 6E    		db	55,207, 55 * 2
1520++ A0B7 7E AF       		dw	frq_343
1521++ A0B9 43 CE 6E    		db	67,206, 55 * 2
1522++ A0BC 7E AF       		dw	frq_343
1523++ A0BE FF CB 6E    		db	255,203, 55 * 2
1524++ A0C1 7E AF       		dw	frq_343
1525++ A0C3             patch_80Ahdr: 	
1526++ A0C3 38 98 C6 FF 		db	038h,098h,0c6h,0ffh
1527++ A0C7             
1528++ A0C7             
1529++ A0C7             patch_80B: 	
1530++ A0C7 01          		db	1	; transpose on
1531++ A0C8 E8 A0       		dw	patch_80Bhdr
1532++ A0CA 13 CC 78    		db	19,204, 60 * 2
1533++ A0CD 06 AF       		dw	frq_335
1534++ A0CF 1F CD 6E    		db	31,205, 55 * 2
1535++ A0D2 1E AF       		dw	frq_338
1536++ A0D4 2B CA 6E    		db	43,202, 55 * 2
1537++ A0D7 1E AF       		dw	frq_338
1538++ A0D9 37 CF 6E    		db	55,207, 55 * 2
1539++ A0DC 1E AF       		dw	frq_338
1540++ A0DE 43 CE 6E    		db	67,206, 55 * 2
1541++ A0E1 1E AF       		dw	frq_338
1542++ A0E3 FF CB 6E    		db	255,203, 55 * 2
1543++ A0E6 1E AF       		dw	frq_338
1544++ A0E8             patch_80Bhdr: 	
1545++ A0E8 08 98 C6 FF 		db	008h,098h,0c6h,0ffh
1546++ A0EC             
1547++ A0EC             
1548++ A0EC             ;--- GM 81 = Lead 2 (sawtooth) ---
1549++ A0EC             
1550++ A0EC             patch_81A: 	
1551++ A0EC 01          		db	1	; transpose on
1552++ A0ED 2B A1       		dw	patch_81Ahdr
1553++ A0EF 10 18 61    		db	16,18h, 1 + 48 * 2	; tone 280
1554++ A0F2 56 B9       		dw	frq_927
1555++ A0F4 16 19 81    		db	22,19h, 1 + 64 * 2	; tone 281
1556++ A0F7 56 B0       		dw	frq_358
1557++ A0F9 1C 1A 75    		db	28,1ah, 1 + 58 * 2	; tone 282
1558++ A0FC 26 B9       		dw	frq_925
1559++ A0FE 22 1B 81    		db	34,1bh, 1 + 64 * 2	; tone 283
1560++ A101 56 B0       		dw	frq_358
1561++ A103 28 1C 75    		db	40,1ch, 1 + 58 * 2	; tone 284
1562++ A106 B6 B9       		dw	frq_936
1563++ A108 2E 1D 81    		db	46,1dh, 1 + 64 * 2	; tone 285
1564++ A10B B6 B0       		dw	frq_364
1565++ A10D 34 1E 75    		db	52,1eh, 1 + 58 * 2	; tone 286
1566++ A110 46 BA       		dw	frq_949
1567++ A112 3A 1F 81    		db	58,1fh, 1 + 64 * 2	; tone 287
1568++ A115 B6 B0       		dw	frq_364
1569++ A117 40 20 75    		db	64,20h, 1 + 58 * 2	; tone 288
1570++ A11A 06 BB       		dw	frq_974
1571++ A11C 46 21 81    		db	70,21h, 1 + 64 * 2	; tone 289
1572++ A11F 36 AF       		dw	frq_340
1573++ A121 4F 22 75    		db	79,22h, 1 + 58 * 2	; tone 290
1574++ A124 26 B9       		dw	frq_925
1575++ A126 FF 23 6F    		db	255,23h, 1 + 55 * 2	; tone 291
1576++ A129 26 B9       		dw	frq_925
1577++ A12B             patch_81Ahdr: 	
1578++ A12B             		db	030h,098h,0f2h,0b0h,022h,0c8h,00ah,0ffh
1578++ A12B 3098F2B022C80AFF
1579++ A133             
1580++ A133             patch_81B: 	
1581++ A133 01          		db	1	; transpose on
1582++ A134 2B A1       		dw	patch_81Ahdr
1583++ A136 10 18 61    		db	16,18h, 1 + 48 * 2	; tone 280
1584++ A139 DE B8       		dw	frq_918
1585++ A13B 16 19 81    		db	22,19h, 1 + 64 * 2	; tone 281
1586++ A13E DE AF       		dw	frq_352
1587++ A140 1C 1A 75    		db	28,1ah, 1 + 58 * 2	; tone 282
1588++ A143 C6 B8       		dw	frq_916
1589++ A145 22 1B 81    		db	34,1bh, 1 + 64 * 2	; tone 283
1590++ A148 DE AF       		dw	frq_352
1591++ A14A 28 1C 75    		db	40,1ch, 1 + 58 * 2	; tone 284
1592++ A14D 56 B9       		dw	frq_927
1593++ A14F 2E 1D 81    		db	46,1dh, 1 + 64 * 2	; tone 285
1594++ A152 56 B0       		dw	frq_358
1595++ A154 34 1E 75    		db	52,1eh, 1 + 58 * 2	; tone 286
1596++ A157 FE B9       		dw	frq_941
1597++ A159 3A 1F 81    		db	58,1fh, 1 + 64 * 2	; tone 287
1598++ A15C 56 B0       		dw	frq_358
1599++ A15E 40 20 75    		db	64,20h, 1 + 58 * 2	; tone 288
1600++ A161 D6 BA       		dw	frq_966
1601++ A163 46 21 81    		db	70,21h, 1 + 64 * 2	; tone 289
1602++ A166 EE AE       		dw	frq_333
1603++ A168 4F 22 75    		db	79,22h, 1 + 58 * 2	; tone 290
1604++ A16B C6 B8       		dw	frq_916
1605++ A16D FF 23 6F    		db	255,23h, 1 + 55 * 2	; tone 291
1606++ A170 C6 B8       		dw	frq_916
1607++ A172             
1608++ A172             ;--- GM 82 = Lead 3 (calliope) ---
1609++ A172             
1610++ A172             patch_82A: 	
1611++ A172 01          		db	1	; transpose on
1612++ A173 7A A1       		dw	patch_82Ahdr
1613++ A175 FF AA 00    		db	255,170, 0 * 2
1614++ A178 56 AA       		dw	frq_94
1615++ A17A             patch_82Ahdr: 	
1616++ A17A 28 E0 02 FF 		db	028h,0e0h,2,0ffh
1617++ A17E             
1618++ A17E             patch_82B: 	
1619++ A17E 01          		db	1	; transpose on
1620++ A17F 86 A1       		dw	patch_82Bhdr
1621++ A181 FF 76 18    		db	255,118, 12 * 2
1622++ A184 96 AF       		dw	frq_345
1623++ A186             patch_82Bhdr: 	
1624++ A186             		db	028h,098h,0b0h,0e0h,2,0ffh
1624++ A186 2898B0E002FF
1625++ A18C             
1626++ A18C             ;--- GM 83 = Lead 4 (chiff) ---
1627++ A18C             
1628++ A18C             patch_83A: 	
1629++ A18C 01          		db	1	; transpose on
1630++ A18D 94 A1       		dw	patch_83Ahdr
1631++ A18F FF 3A 19    		db	255,3ah, 1 + 12 * 2	; tone 314
1632++ A192 BE AE       		dw	frq_314
1633++ A194             patch_83Ahdr: 	
1634++ A194 2A E0 01 FF 		db	02ah,0e0h,1,0ffh
1635++ A198             
1636++ A198             patch_83B: 	
1637++ A198 01          		db	1	; transpose on
1638++ A199 D7 98       		dw	patch_2Bhdr
1639++ A19B FF FE 18    		db	255,254, 12 * 2
1640++ A19E A6 AE       		dw	frq_311
1641++ A1A0             
1642++ A1A0             
1643++ A1A0             ;--- GM 84 = Lead 5 (charang) ---
1644++ A1A0             
1645++ A1A0             patch_84A: 	
1646++ A1A0 01          		db	1	; transpose on
1647++ A1A1 AD A1       		dw	patch_84Ahdr
1648++ A1A3 29 A5 48    		db	41,165, 36 * 2
1649++ A1A6 56 AD       		dw	frq_231
1650++ A1A8 FF A6 82    		db	255,166, 65 * 2
1651++ A1AB DE B2       		dw	frq_462
1652++ A1AD             patch_84Ahdr: 	
1653++ A1AD 33 FF       		db	033h,0ffh
1654++ A1AF             
1655++ A1AF             patch_84B: 	
1656++ A1AF 01          		db	1	; transpose on
1657++ A1B0 EE A1       		dw	patch_84Bhdr
1658++ A1B2 10 18 61    		db	16,18h, 1 + 48 * 2	; tone 280
1659++ A1B5 DE B8       		dw	frq_918
1660++ A1B7 16 19 81    		db	22,19h, 1 + 64 * 2	; tone 281
1661++ A1BA DE AF       		dw	frq_352
1662++ A1BC 1C 1A 75    		db	28,1ah, 1 + 58 * 2	; tone 282
1663++ A1BF C6 B8       		dw	frq_916
1664++ A1C1 22 1B 81    		db	34,1bh, 1 + 64 * 2	; tone 283
1665++ A1C4 DE AF       		dw	frq_352
1666++ A1C6 28 1C 75    		db	40,1ch, 1 + 58 * 2	; tone 284
1667++ A1C9 56 B9       		dw	frq_927
1668++ A1CB 2E 1D 81    		db	46,1dh, 1 + 64 * 2	; tone 285
1669++ A1CE 56 B0       		dw	frq_358
1670++ A1D0 34 1E 75    		db	52,1eh, 1 + 58 * 2	; tone 286
1671++ A1D3 FE B9       		dw	frq_941
1672++ A1D5 3A 1F 81    		db	58,1fh, 1 + 64 * 2	; tone 287
1673++ A1D8 56 B0       		dw	frq_358
1674++ A1DA 40 20 75    		db	64,20h, 1 + 58 * 2	; tone 288
1675++ A1DD D6 BA       		dw	frq_966
1676++ A1DF 46 21 81    		db	70,21h, 1 + 64 * 2	; tone 289
1677++ A1E2 EE AE       		dw	frq_333
1678++ A1E4 4F 22 75    		db	79,22h, 1 + 58 * 2	; tone 290
1679++ A1E7 C6 B8       		dw	frq_916
1680++ A1E9 FF 23 6F    		db	255,23h, 1 + 55 * 2	; tone 291
1681++ A1EC C6 B8       		dw	frq_916
1682++ A1EE             patch_84Bhdr: 	
1683++ A1EE             		db	02ah,098h,0f2h,0b0h,022h,0c8h,00eh,0ffh
1683++ A1EE 2A98F2B022C80EFF
1684++ A1F6             
1685++ A1F6             
1686++ A1F6             ;--- GM 85 = Lead 6 (voice) ---
1687++ A1F6             
1688++ A1F6             patch_85A: 	
1689++ A1F6 01          		db	1	; transpose on
1690++ A1F7 FE A1       		dw	patch_85Ahdr
1691++ A1F9 FF AA 00    		db	255,170, 0 * 2
1692++ A1FC 9E AA       		dw	frq_98
1693++ A1FE             patch_85Ahdr: 	
1694++ A1FE 2E FF       		db	02eh,0ffh
1695++ A200             
1696++ A200             patch_85B: 	
1697++ A200 01          		db	1	; transpose on
1698++ A201 08 A2       		dw	patch_85Bhdr
1699++ A203 FF 2A 18    		db	255,42, 12 * 2
1700++ A206 36 AC       		dw	frq_204
1701++ A208             patch_85Bhdr: 	
1702++ A208             		db	029h,098h,0f0h,0c8h,00ah,0ffh
1702++ A208 2998F0C80AFF
1703++ A20E             
1704++ A20E             
1705++ A20E             ;--- GM 86 = Lead 7 (fifths) ---
1706++ A20E             
1707++ A20E             patch_86A: 	
1708++ A20E 01          		db	1	; transpose on
1709++ A20F 4D A2       		dw	patch_86Ahdr
1710++ A211 10 18 61    		db	16,18h, 1 + 48 * 2	; tone 280
1711++ A214 DE B8       		dw	frq_918
1712++ A216 16 19 81    		db	22,19h, 1 + 64 * 2	; tone 281
1713++ A219 DE AF       		dw	frq_352
1714++ A21B 1C 1A 75    		db	28,1ah, 1 + 58 * 2	; tone 282
1715++ A21E C6 B8       		dw	frq_916
1716++ A220 22 1B 81    		db	34,1bh, 1 + 64 * 2	; tone 283
1717++ A223 DE AF       		dw	frq_352
1718++ A225 28 1C 75    		db	40,1ch, 1 + 58 * 2	; tone 284
1719++ A228 56 B9       		dw	frq_927
1720++ A22A 2E 1D 81    		db	46,1dh, 1 + 64 * 2	; tone 285
1721++ A22D 56 B0       		dw	frq_358
1722++ A22F 34 1E 75    		db	52,1eh, 1 + 58 * 2	; tone 286
1723++ A232 FE B9       		dw	frq_941
1724++ A234 3A 1F 81    		db	58,1fh, 1 + 64 * 2	; tone 287
1725++ A237 56 B0       		dw	frq_358
1726++ A239 40 20 75    		db	64,20h, 1 + 58 * 2	; tone 288
1727++ A23C D6 BA       		dw	frq_966
1728++ A23E 46 21 81    		db	70,21h, 1 + 64 * 2	; tone 289
1729++ A241 EE AE       		dw	frq_333
1730++ A243 4F 22 75    		db	79,22h, 1 + 58 * 2	; tone 290
1731++ A246 C6 B8       		dw	frq_916
1732++ A248 FF 23 6F    		db	255,23h, 1 + 55 * 2	; tone 291
1733++ A24B C6 B8       		dw	frq_916
1734++ A24D             patch_86Ahdr: 	
1735++ A24D 32 98 F5 FF 		db	032h,098h,0f5h,0ffh
1736++ A251             
1737++ A251             patch_86B: 	
1738++ A251 01          		db	1	; transpose on
1739++ A252 59 A2       		dw	patch_86Bhdr
1740++ A254 FF 02 18    		db	255,2, 12 * 2
1741++ A257 6E B9       		dw	frq_929
1742++ A259             patch_86Bhdr: 	
1743++ A259             		db	031h,098h,0b3h,0b0h,022h,0c8h,00bh,0ffh
1743++ A259 3198B3B022C80BFF
1744++ A261             
1745++ A261             ;--- GM 87 = Lead 8 (bass + lead) ---
1746++ A261             
1747++ A261             patch_87A: 	
1748++ A261 01          		db	1	; transpose on
1749++ A262 44 9B       		dw	patch_27hdr
1750++ A264 FF 17 61    		db	255,17h, 1 + 48 * 2	; tone 279
1751++ A267 F6 AC       		dw	frq_219
1752++ A269             
1753++ A269             
1754++ A269             ;--- GM 88 = Pad 1 (new age) ---
1755++ A269             ; B zachter dan A
1756++ A269             patch_88A: 	
1757++ A269 01          		db	1	; transpose on
1758++ A26A 71 A2       		dw	patch_88Ahdr
1759++ A26C FF 02 18    		db	255,2, 12 * 2
1760++ A26F 56 B9       		dw	frq_927
1761++ A271             patch_88Ahdr: 	
1762++ A271 24 FF       		db	024h,0ffh
1763++ A273             
1764++ A273             patch_88B: 	
1765++ A273 01          		db	1	; transpose on
1766++ A274 7B A2       		dw	patch_88Bhdr
1767++ A276 FF F3 18    		db	255,243, 12 * 2
1768++ A279 26 B6       		dw	frq_721
1769++ A27B             patch_88Bhdr: 	
1770++ A27B             		db	023h,098h,0a2h,0b0h,014h,0c8h,6,0e0h,1,0ffh
1770++ A27B 2398A2B014C806E001FF
1771++ A285             
1772++ A285             ;--- GM 89 = Pad 2 (warm) ---
1773++ A285             ; B zachter dan A
1774++ A285             patch_89A: 	
1775++ A285 01          		db	1	; transpose on
1776++ A286 8D A2       		dw	patch_89Ahdr
1777++ A288 FF 4E 30    		db	255,78, 24 * 2
1778++ A28B 76 B1       		dw	frq_379
1779++ A28D             patch_89Ahdr: 	
1780++ A28D 2A E0 02 FF 		db	02ah,0e0h,2,0ffh
1781++ A291             
1782++ A291             patch_89B: 	
1783++ A291 01          		db	1	; transpose on
1784++ A292 0C 9F       		dw	patch_63Bhdr
1785++ A294 FF 29 18    		db	255,41, 12 * 2
1786++ A297 9E AD       		dw	frq_261
1787++ A299             
1788++ A299             
1789++ A299             ;--- GM 90 = Pad 3 (polysynth) ---
1790++ A299             
1791++ A299             patch_90A: 	
1792++ A299 01          		db	1	; transpose on
1793++ A29A D8 A2       		dw	patch_90Ahdr
1794++ A29C 10 18 61    		db	16,18h, 1 + 48 * 2	; tone 280
1795++ A29F 6E B9       		dw	frq_929
1796++ A2A1 16 19 81    		db	22,19h, 1 + 64 * 2	; tone 281
1797++ A2A4 6E B0       		dw	frq_360
1798++ A2A6 1C 1A 75    		db	28,1ah, 1 + 58 * 2	; tone 282
1799++ A2A9 56 B9       		dw	frq_927
1800++ A2AB 22 1B 81    		db	34,1bh, 1 + 64 * 2	; tone 283
1801++ A2AE 6E B0       		dw	frq_360
1802++ A2B0 28 1C 75    		db	40,1ch, 1 + 58 * 2	; tone 284
1803++ A2B3 E6 B9       		dw	frq_939
1804++ A2B5 2E 1D 81    		db	46,1dh, 1 + 64 * 2	; tone 285
1805++ A2B8 E6 B0       		dw	frq_366
1806++ A2BA 34 1E 75    		db	52,1eh, 1 + 58 * 2	; tone 286
1807++ A2BD 76 BA       		dw	frq_951
1808++ A2BF 3A 1F 81    		db	58,1fh, 1 + 64 * 2	; tone 287
1809++ A2C2 E6 B0       		dw	frq_366
1810++ A2C4 40 20 75    		db	64,20h, 1 + 58 * 2	; tone 288
1811++ A2C7 1E BB       		dw	frq_977
1812++ A2C9 46 21 81    		db	70,21h, 1 + 64 * 2	; tone 289
1813++ A2CC 4E AF       		dw	frq_341
1814++ A2CE 4F 22 75    		db	79,22h, 1 + 58 * 2	; tone 290
1815++ A2D1 56 B9       		dw	frq_927
1816++ A2D3 FF 23 6F    		db	255,23h, 1 + 55 * 2	; tone 291
1817++ A2D6 56 B9       		dw	frq_927
1818++ A2D8             patch_90Ahdr: 	
1819++ A2D8             		db	023h,098h,0f2h,0b0h,022h,0c8h,007h,0e0h,1,0ffh
1819++ A2D8 2398F2B022C807E001FF
1820++ A2E2             
1821++ A2E2             patch_90B: 	
1822++ A2E2 01          		db	1	; transpose on
1823++ A2E3 EA A2       		dw	patch_90Bhdr
1824++ A2E5 FF 24 19    		db	255,24h, 1 + 12 * 2	; tone 292
1825++ A2E8 CE B3       		dw	frq_550
1826++ A2EA             patch_90Bhdr: 	
1827++ A2EA 22 98 E5 FF 		db	022h,098h,0e5h,0ffh
1828++ A2EE             
1829++ A2EE             ;--- GM 91 = Pad 4 (choir) ---
1830++ A2EE             
1831++ A2EE             patch_91A: 	
1832++ A2EE 01          		db	1	; transpose on
1833++ A2EF 05 A3       		dw	patch_91Ahdr
1834++ A2F1 23 18 30    		db	35,24, 24 * 2
1835++ A2F4 36 AC       		dw	frq_204
1836++ A2F6 29 19 5E    		db	41,25, 47 * 2
1837++ A2F9 16 B7       		dw	frq_815
1838++ A2FB 30 1A 6A    		db	48,26, 53 * 2
1839++ A2FE 4E AC       		dw	frq_206
1840++ A300 FF 1B 60    		db	255,27, 48 * 2
1841++ A303 26 B0       		dw	frq_356
1842++ A305             patch_91Ahdr: 	
1843++ A305 25 C8 06 FF 		db	025h,0c8h,006h,0ffh
1844++ A309             
1845++ A309             patch_91B: 	
1846++ A309 01          		db	1	; transpose on
1847++ A30A 11 A3       		dw	patch_91Bhdr
1848++ A30C FF 2A 18    		db	255,42, 12 * 2
1849++ A30F 66 AC       		dw	frq_208
1850++ A311             patch_91Bhdr: 	
1851++ A311             		db	024h,098h,065h,0b0h,021h,0ffh
1851++ A311 249865B021FF
1852++ A317             
1853++ A317             ;--- GM 92 = Pad 5 (bowed) ---
1854++ A317             
1855++ A317             patch_92A: 	
1856++ A317 01          		db	1	; transpose on
1857++ A318 1F A3       		dw	patch_92Ahdr
1858++ A31A FF 02 31    		db	255,2, 1 + 24 * 2	; tone 257
1859++ A31D 0E AA       		dw	frq_88
1860++ A31F             patch_92Ahdr: 	
1861++ A31F             		db	019h,098h,044h,0e0h,2,0ffh
1861++ A31F 199844E002FF
1862++ A325             
1863++ A325             patch_92B: 	
1864++ A325 01          		db	1	; transpose on
1865++ A326 2D A3       		dw	patch_92Bhdr
1866++ A328 FF AA 00    		db	255,170, 0 * 2
1867++ A32B 26 AA       		dw	frq_89
1868++ A32D             patch_92Bhdr: 	
1869++ A32D             		db	019h,098h,040h,0c8h,6,0ffh
1869++ A32D 199840C806FF
1870++ A333             
1871++ A333             ;--- GM 93 = Pad 6 (metallic) ---
1872++ A333             
1873++ A333             patch_93A: 	
1874++ A333 01          		db	1	; transpose on
1875++ A334 4A A3       		dw	patch_93Ahdr
1876++ A336 1A 0C 48    		db	26,12, 36 * 2
1877++ A339 36 B2       		dw	frq_445
1878++ A33B 21 0D 64    		db	33,13, 50 * 2
1879++ A33E 66 B2       		dw	frq_450
1880++ A340 30 0E 5A    		db	48,14, 45 * 2
1881++ A343 8E B7       		dw	frq_828
1882++ A345 FF 0F 60    		db	255,15, 48 * 2
1883++ A348 8E B7       		dw	frq_828
1884++ A34A             patch_93Ahdr: 	
1885++ A34A             		db	00ah,0b0h,003h,0c8h,6,0ffh
1885++ A34A 0AB003C806FF
1886++ A350             
1887++ A350             patch_93B: 	
1888++ A350 01          		db	1	; transpose on
1889++ A351 58 A3       		dw	patch_93Bhdr
1890++ A353 FF 3F 18    		db	255,63, 12 * 2
1891++ A356 AE B5       		dw	frq_698
1892++ A358             patch_93Bhdr: 	
1893++ A358 31 98 85 FF 		db	031h,098h,085h,0ffh
1894++ A35C             
1895++ A35C             ;--- GM 94 = Pad 7 (halo) ---
1896++ A35C             patch_94A: 	
1897++ A35C 01          		db	1	; transpose on
1898++ A35D A0 9D       		dw	patch_52hdr
1899++ A35F FF 24 19    		db	255,24h, 1 + 12 * 2	; 292
1900++ A362 76 B4       		dw	frq_560
1901++ A364             
1902++ A364             patch_94B: 	
1903++ A364 01          		db	1	; transpose on
1904++ A365 4F 99       		dw	patch_5Ahdr
1905++ A367 FF 2A 18    		db	255,42, 12 * 2
1906++ A36A 06 AC       		dw	frq_202
1907++ A36C             
1908++ A36C             
1909++ A36C             ;--- GM 95 = Pad 8 (sweep) ---
1910++ A36C             
1911++ A36C             patch_95A: 	
1912++ A36C 01          		db	1	; transpose on
1913++ A36D AB A3       		dw	patch_95Ahdr
1914++ A36F 10 D3 60    		db	16,211, 48 * 2
1915++ A372 F6 B8       		dw	frq_920
1916++ A374 16 DA 80    		db	22,218, 64 * 2
1917++ A377 26 B0       		dw	frq_356
1918++ A379 1C D4 74    		db	28,212, 58 * 2
1919++ A37C F6 B8       		dw	frq_920
1920++ A37E 22 DB 80    		db	34,219, 64 * 2
1921++ A381 AE AF       		dw	frq_348
1922++ A383 28 D5 74    		db	40,213, 58 * 2
1923++ A386 CE B9       		dw	frq_937
1924++ A388 2E DC 80    		db	46,220, 64 * 2
1925++ A38B DE AF       		dw	frq_352
1926++ A38D 34 D6 74    		db	52,214, 58 * 2
1927++ A390 3E B9       		dw	frq_926
1928++ A392 3A DD 80    		db	58,221, 64 * 2
1929++ A395 CE B0       		dw	frq_365
1930++ A397 40 D7 74    		db	64,215, 58 * 2
1931++ A39A 06 BB       		dw	frq_974	; 975
1932++ A39C 46 DE 80    		db	70,222, 64 * 2
1933++ A39F 4E AF       		dw	frq_341
1934++ A3A1 4C D8 74    		db	76,216, 58 * 2
1935++ A3A4 3E B9       		dw	frq_926
1936++ A3A6 FF D9 68    		db	255,217, 52 * 2
1937++ A3A9 3E B9       		dw	frq_926
1938++ A3AB             patch_95Ahdr: 	
1939++ A3AB             		db	019h,098h,015h,0c8h,6,0ffh
1939++ A3AB 199815C806FF
1940++ A3B1             
1941++ A3B1             patch_95B: 	
1942++ A3B1 01          		db	1	; transpose on
1943++ A3B2 F0 A3       		dw	patch_95Bhdr
1944++ A3B4 10 D3 60    		db	16,211, 48 * 2
1945++ A3B7 AE B8       		dw	frq_909
1946++ A3B9 16 DA 80    		db	22,218, 64 * 2
1947++ A3BC C6 AF       		dw	frq_350
1948++ A3BE 1C D4 74    		db	28,212, 58 * 2
1949++ A3C1 AE B8       		dw	frq_909
1950++ A3C3 22 DB 80    		db	34,219, 64 * 2
1951++ A3C6 36 AF       		dw	frq_340
1952++ A3C8 28 D5 74    		db	40,213, 58 * 2
1953++ A3CB 56 B9       		dw	frq_927
1954++ A3CD 2E DC 80    		db	46,220, 64 * 2
1955++ A3D0 96 AF       		dw	frq_345
1956++ A3D2 34 D6 74    		db	52,214, 58 * 2
1957++ A3D5 C6 B8       		dw	frq_916
1958++ A3D7 3A DD 80    		db	58,221, 64 * 2
1959++ A3DA 3E B0       		dw	frq_357
1960++ A3DC 40 D7 74    		db	64,215, 58 * 2
1961++ A3DF BE BA       		dw	frq_964
1962++ A3E1 46 DE 80    		db	70,222, 64 * 2
1963++ A3E4 EE AE       		dw	frq_333
1964++ A3E6 4C D8 74    		db	76,216, 58 * 2
1965++ A3E9 3E B9       		dw	frq_926
1966++ A3EB FF D9 68    		db	255,217, 52 * 2
1967++ A3EE C6 B8       		dw	frq_916
1968++ A3F0             
1969++ A3F0             patch_95Bhdr: 	
1970++ A3F0             		db	018h,098h,015h,0c8h,6,0ffh
1970++ A3F0 189815C806FF
1971++ A3F6             
1972++ A3F6             ;--- GM 96 = Rain ---
1973++ A3F6             
1974++ A3F6             patch_96: 	
1975++ A3F6 00          		db	0	; transpose off
1976++ A3F7 1C 9A       		dw	patch_15Bhdr
1977++ A3F9 FF 43 63    		db	255,43h, 1 + (48 + 1) * 2	; tone 323
1978++ A3FC 4E B2       		dw	frq_448
1979++ A3FE             
1980++ A3FE             
1981++ A3FE             ;--- GM 97 = Soundtrack ---
1982++ A3FE             
1983++ A3FE             patch_97A: 	
1984++ A3FE 01          		db	1	; transpose on
1985++ A3FF 06 A4       		dw	patch_97Ahdr
1986++ A401 FF 02 30    		db	255,2, 24 * 2
1987++ A404 56 B9       		dw	frq_927
1988++ A406             patch_97Ahdr: 	
1989++ A406 2A 98 60 FF 		db	02ah,098h,060h,0ffh
1990++ A40A             
1991++ A40A             patch_97B: 	
1992++ A40A 01          		db	1	; transpose on
1993++ A40B 12 A4       		dw	patch_97Bhdr
1994++ A40D FF F3 00    		db	255,243, 0 * 2
1995++ A410 DE B5       		dw	frq_704
1996++ A412             patch_97Bhdr: 	
1997++ A412             		db	02dh,098h,052h,0b0h,014h,0c8h,006h,0e0h,2,0ffh
1997++ A412 2D9852B014C806E002FF
1998++ A41C             
1999++ A41C             ;--- GM 98 = Crystal ---
2000++ A41C             
2001++ A41C             patch_98A: 	
2002++ A41C 01          		db	1	; transpose on
2003++ A41D 24 A4       		dw	patch_98Ahdr
2004++ A41F FF F3 00    		db	255,243, 0 * 2
2005++ A422 16 AB       		dw	frq_143
2006++ A424             patch_98Ahdr: 	
2007++ A424 33 FF       		db	033h,0ffh
2008++ A426             
2009++ A426             patch_98B: 	
2010++ A426 01          		db	1	; transpose on
2011++ A427 38 A4       		dw	patch_98Bhdr
2012++ A429 15 6D 48    		db	21,109, 36 * 2
2013++ A42C 76 B7       		dw	frq_824
2014++ A42E 1F 6E 5A    		db	31,110, 45 * 2
2015++ A431 A6 B7       		dw	frq_831
2016++ A433 FF 6F 56    		db	255,111, 43 * 2
2017++ A436 1E B8       		dw	frq_843
2018++ A438             patch_98Bhdr: 	
2019++ A438             		db	03bh,098h,085h,0c8h,6,0ffh
2019++ A438 3B9885C806FF
2020++ A43E             
2021++ A43E             ;--- GM 99 = Atmosphere ---
2022++ A43E             
2023++ A43E             patch_99A: 	
2024++ A43E 01          		db	1	; transpose on
2025++ A43F 46 A4       		dw	patch_99Ahdr
2026++ A441 FF 02 30    		db	255,2, 24 * 2
2027++ A444 56 B9       		dw	frq_927
2028++ A446             patch_99Ahdr: 	
2029++ A446             		db	032h,098h,073h,0b0h,022h,0c8h,6,0e0h,1,0ffh
2029++ A446 329873B022C806E001FF
2030++ A450             
2031++ A450             patch_99B: 	
2032++ A450 01          		db	1	; transpose on
2033++ A451 6C A4       		dw	patch_99Bhdr
2034++ A453 18 B3 48    		db	24,179, 36 * 2
2035++ A456 96 B2       		dw	frq_459
2036++ A458 1F B7 60    		db	31,183, 48 * 2
2037++ A45B FE B3       		dw	frq_555
2038++ A45D 25 B5 6E    		db	37,181, 55 * 2
2039++ A460 BE A8       		dw	frq_21
2040++ A462 2C B4 62    		db	44,180, 49 * 2
2041++ A465 96 B2       		dw	frq_459
2042++ A467 FF B6 58    		db	255,182, 44 * 2
2043++ A46A 3E B6       		dw	frq_726
2044++ A46C             patch_99Bhdr: 	
2045++ A46C             		db	032h,0c8h,7,0e0h,2,0ffh
2045++ A46C 32C807E002FF
2046++ A472             
2047++ A472             ;--- GM 100 = Brightness ---
2048++ A472             
2049++ A472             patch_100A: 	
2050++ A472 01          		db	1	; transpose on
2051++ A473 1C 9A       		dw	patch_15Bhdr
2052++ A475 FF 37 31    		db	255,37h, 1 + 24 * 2	; tone 311
2053++ A478 E6 B0       		dw	frq_366
2054++ A47A             
2055++ A47A             patch_100B: 	
2056++ A47A 01          		db	1	; transpose on
2057++ A47B 82 A4       		dw	patch_100Bhdr
2058++ A47D FF 2A 18    		db	255,42, 12 * 2
2059++ A480 66 AC       		dw	frq_208
2060++ A482             patch_100Bhdr: 	
2061++ A482 29 C8 06 FF 		db	029h,0c8h,6,0ffh
2062++ A486             
2063++ A486             ;--- GM 102 = Echoes ---
2064++ A486             
2065++ A486             patch_102A: 	
2066++ A486 01          		db	1	; transpose on
2067++ A487 8E A4       		dw	patch_102Ahdr
2068++ A489 FF 24 31    		db	255,24h, 1 + 24 * 2	; tone 292
2069++ A48C E6 B3       		dw	frq_552
2070++ A48E             patch_102Ahdr: 	
2071++ A48E             		db	02bh,098h,0f5h,0b0h,021h,0c8h,6,0ffh
2071++ A48E 2B98F5B021C806FF
2072++ A496             
2073++ A496             patch_102B: 	
2074++ A496 01          		db	1	; transpose on
2075++ A497 9E A4       		dw	patch_102Bhdr
2076++ A499 FF 2A 18    		db	255,42, 12 * 2
2077++ A49C 7E AC       		dw	frq_211
2078++ A49E             patch_102Bhdr: 	
2079++ A49E             		db	02bh,098h,085h,0b0h,023h,0c8h,7,0ffh
2079++ A49E 2B9885B023C807FF
2080++ A4A6             
2081++ A4A6             ;--- GM 103 = FX 8 (sci-fi) ---
2082++ A4A6             
2083++ A4A6             patch_103A: 	
2084++ A4A6 01          		db	1	; transpose on
2085++ A4A7 BD A4       		dw	patch_103Ahdr
2086++ A4A9 1A 0C 48    		db	26,12, 36 * 2
2087++ A4AC 1E B2       		dw	frq_443
2088++ A4AE 21 0D 64    		db	33,13, 50 * 2
2089++ A4B1 4E B2       		dw	frq_448
2090++ A4B3 30 0E 5A    		db	48,14, 45 * 2
2091++ A4B6 76 B7       		dw	frq_824
2092++ A4B8 FF 0F 60    		db	255,15, 48 * 2
2093++ A4BB 76 B7       		dw	frq_824
2094++ A4BD             patch_103Ahdr: 	
2095++ A4BD             		db	02bh,098h,090h,0c8h,6,0e0h,3,0ffh
2095++ A4BD 2B9890C806E003FF
2096++ A4C5             
2097++ A4C5             patch_103B: 	
2098++ A4C5 01          		db	1	; transpose on
2099++ A4C6 0C 9F       		dw	patch_63Bhdr
2100++ A4C8 FF 02 18    		db	255,2, 12 * 2
2101++ A4CB 26 B9       		dw	frq_925
2102++ A4CD             
2103++ A4CD             
2104++ A4CD             ;--- GM 104 = Sitar ---
2105++ A4CD             
2106++ A4CD             patch_104: 	
2107++ A4CD 01          		db	1	; transpose on
2108++ A4CE D5 A4       		dw	patch_104hdr
2109++ A4D0 FF 0F 19    		db	255,0fh, 1 + 12 * 2	; tone 271
2110++ A4D3 4E B8       		dw	frq_847
2111++ A4D5             patch_104hdr: 	
2112++ A4D5             		db	032h,098h,0f4h,0b0h,015h,0c8h,016h,0e0h,1,0ffh
2112++ A4D5 3298F4B015C816E001FF
2113++ A4DF             
2114++ A4DF             ;--- GM 105 = Banjo ---
2115++ A4DF             
2116++ A4DF             patch_105: 	
2117++ A4DF 01          		db	1	; transpose on
2118++ A4E0 B8 9A       		dw	patch_23Ahdr
2119++ A4E2 1D 13 30    		db	29,19, 24 * 2
2120++ A4E5 06 B5       		dw	frq_641
2121++ A4E7 21 14 6A    		db	33,20, 53 * 2
2122++ A4EA 1E AC       		dw	frq_203
2123++ A4EC 25 12 5A    		db	37,18, 45 * 2
2124++ A4EF 2E BA       		dw	frq_944
2125++ A4F1 2D 15 62    		db	45,21, 49 * 2
2126++ A4F4 46 AE       		dw	frq_288
2127++ A4F6 35 17 5A    		db	53,23, 45 * 2
2128++ A4F9 7E B5       		dw	frq_677
2129++ A4FB FF 16 6A    		db	255,22, 53 * 2
2130++ A4FE 36 A9       		dw	frq_45
2131++ A500             
2132++ A500             ;--- GM 106 = Shamisen ---
2133++ A500             
2134++ A500             patch_106: 	
2135++ A500 01          		db	1	; transpose on
2136++ A501 D7 98       		dw	patch_2Bhdr
2137++ A503 FF 0E 19    		db	255,0eh, 1 + 12 * 2	; tone 270
2138++ A506 86 AA       		dw	frq_97
2139++ A508             
2140++ A508             ;--- GM 107 = Koto ---
2141++ A508             
2142++ A508             patch_107: 	
2143++ A508 01          		db	1	; transpose on
2144++ A509 5F 98       		dw	patch_0hdr
2145++ A50B FF A9 18    		db	255,169, 12 * 2
2146++ A50E 16 B4       		dw	frq_556
2147++ A510             
2148++ A510             
2149++ A510             ;--- GM 108 = Kalimba ---
2150++ A510             
2151++ A510             patch_108: 	
2152++ A510 01          		db	1	; transpose on
2153++ A511 B8 9A       		dw	patch_23Ahdr
2154++ A513 FF 37 19    		db	255,37h, 1 + 12 * 2	; tone 311
2155++ A516 E6 B0       		dw	frq_366
2156++ A518             
2157++ A518             
2158++ A518             ;--- GM 109 = Bagpipes ---
2159++ A518             
2160++ A518             patch_109A: 	
2161++ A518 01          		db	1	; transpose on
2162++ A519 25 A5       		dw	patch_109Ahdr
2163++ A51B 22 A4 60    		db	34,164, 48 * 2
2164++ A51E 2E A8       		dw	frq_1
2165++ A520 FF A8 5C    		db	255,168, 46 * 2
2166++ A523 06 AF       		dw	frq_335
2167++ A525             patch_109Ahdr: 	
2168++ A525 1C FF       		db	01ch,0ffh
2169++ A527             
2170++ A527             
2171++ A527             patch_109B: 	
2172++ A527 01          		db	1	; transpose on
2173++ A528 34 A5       		dw	patch_109Bhdr
2174++ A52A 22 A7 60    		db	34,167, 48 * 2
2175++ A52D 16 A8       		dw	frq_0
2176++ A52F FF A8 5C    		db	255,168, 46 * 2
2177++ A532 06 AF       		dw	frq_335
2178++ A534             patch_109Bhdr: 	
2179++ A534 19 FF       		db	019h,0ffh
2180++ A536             
2181++ A536             ;--- GM 110 = Fiddle ---
2182++ A536             
2183++ A536             patch_110: 	
2184++ A536 01          		db	1	; transpose on
2185++ A537 E9 9F       		dw	patch_69hdr
2186++ A539 23 05 31    		db	35,05h, 1 + 24 * 2	; tone 261
2187++ A53C 46 AE       		dw	frq_288
2188++ A53E 28 02 77    		db	40,02h, 1 + 59 * 2	; tone 258
2189++ A541 66 A9       		dw	frq_69
2190++ A543 2A 06 69    		db	42,06h, 1 + 52 * 2	; tone 262
2191++ A546 D6 B4       		dw	frq_630
2192++ A548 2D 07 6D    		db	45,07h, 1 + 54 * 2	; tone 263
2193++ A54B 16 B4       		dw	frq_556
2194++ A54D 30 08 73    		db	48,08h, 1 + 57 * 2	; tone 264
2195++ A550 B6 AD       		dw	frq_264
2196++ A552 33 0A 61    		db	51,0ah, 1 + 48 * 2	; tone 266
2197++ A555 F6 B8       		dw	frq_920
2198++ A557 35 0B 67    		db	53,0bh, 1 + 51 * 2	; tone 267
2199++ A55A 3E B6       		dw	frq_726
2200++ A55C 37 0C 6B    		db	55,0ch, 1 + 53 * 2	; tone 268
2201++ A55F 8E B4       		dw	frq_579
2202++ A561 3A 0D 6F    		db	58,0dh, 1 + 55 * 2	; tone 269
2203++ A564 1E AF       		dw	frq_338
2204++ A566 FF 09 75    		db	255,09h, 1 + 58 * 2	; tone 265
2205++ A569 16 AB       		dw	frq_143
2206++ A56B             
2207++ A56B             ;--- GM 111 = Shanai ---
2208++ A56B             
2209++ A56B             patch_111: 	
2210++ A56B 01          		db	1	; transpose on
2211++ A56C 73 A5       		dw	patch_111hdr
2212++ A56E FF 41 48    		db	255,65, 36 * 2
2213++ A571 4E B2       		dw	frq_448
2214++ A573             patch_111hdr: 	
2215++ A573 31 C8 09 FF 		db	031h,0c8h,9,0ffh
2216++ A577             
2217++ A577             ;--- GM 112 = Tinkle Bell ---
2218++ A577             
2219++ A577             patch_112A: 	
2220++ A577 01          		db	1	; transpose on
2221++ A578 7F A5       		dw	patch_112Ahdr
2222++ A57A FF F3 00    		db	255,243, 0 * 2
2223++ A57D 26 B6       		dw	frq_721
2224++ A57F             patch_112Ahdr: 	
2225++ A57F 3B 98 D6 FF 		db	03bh,098h,0d6h,0ffh
2226++ A583             
2227++ A583             patch_112B: 	
2228++ A583 01          		db	1	; transpose on
2229++ A584 35 9A       		dw	patch_17hdr
2230++ A586 FF 37 49    		db	255,37h, 1 + 36 * 2	; 311
2231++ A589 96 AC       		dw	frq_214
2232++ A58B             
2233++ A58B             ;--- GM 113 = Agogo ---
2234++ A58B             
2235++ A58B             patch_113: 	
2236++ A58B 00          		db	0	; transpose off
2237++ A58C B8 9A       		dw	patch_23Ahdr
2238++ A58E FF 0B 18    		db	255,11, 12 * 2
2239++ A591 DE AC       		dw	frq_217
2240++ A593             
2241++ A593             
2242++ A593             ;--- GM 114 = Steel Drums ---
2243++ A593             
2244++ A593             patch_114A: 	
2245++ A593 00          		db	0	; transpose off
2246++ A594 9B A5       		dw	patch_114Ahdr
2247++ A596 FF FE 18    		db	255,254, 12 * 2
2248++ A599 D6 AE       		dw	frq_317
2249++ A59B             patch_114Ahdr: 	
2250++ A59B 38 E0 01 FF 		db	038h,0e0h,1,0ffh
2251++ A59F             
2252++ A59F             patch_114B: 	
2253++ A59F 00          		db	0	; transpose off
2254++ A5A0 A7 A5       		dw	patch_114Bhdr
2255++ A5A2 FF 01 49    		db	255,1, 1 + 36 * 2	; tone 257
2256++ A5A5 EE AB       		dw	frq_195
2257++ A5A7             patch_114Bhdr: 	
2258++ A5A7             		db	038h,098h,0b0h,0b0h,005h,0e0h,1,0ffh
2258++ A5A7 3898B0B005E001FF
2259++ A5AF             
2260++ A5AF             ;--- GM 115 = Woodblock ---
2261++ A5AF             
2262++ A5AF             patch_115: 	
2263++ A5AF 00          		db	0	; transpose off
2264++ A5B0 B7 A5       		dw	patch_115hdr
2265++ A5B2 FF 2C 30    		db	255,44, 24 * 2
2266++ A5B5 0E B0       		dw	frq_355
2267++ A5B7             patch_115hdr: 	
2268++ A5B7 00 FF       		db	0,0ffh
2269++ A5B9             
2270++ A5B9             ;--- GM 116 = Taiko Drum ---
2271++ A5B9             
2272++ A5B9             patch_116: 	
2273++ A5B9 00          		db	0	; transpose off
2274++ A5BA B8 9A       		dw	patch_23Ahdr
2275++ A5BC FF 3E 18    		db	255,62, 12 * 2
2276++ A5BF DE AC       		dw	frq_217
2277++ A5C1             
2278++ A5C1             ;--- GM 117 = Melodic Tom ---
2279++ A5C1             
2280++ A5C1             patch_117: 	
2281++ A5C1 00          		db	0	; transpose off
2282++ A5C2 C9 A5       		dw	patch_117hdr
2283++ A5C4 FF C7 48    		db	255,199, 36 * 2
2284++ A5C7 A6 B4       		dw	frq_616
2285++ A5C9             patch_117hdr: 	
2286++ A5C9 38 C8 01 FF 		db	038h,0c8h,1,0ffh
2287++ A5CD             
2288++ A5CD             ;--- GM 118 = Synth Drum ---
2289++ A5CD             
2290++ A5CD             patch_118: 	
2291++ A5CD 00          		db	0	; transpose off
2292++ A5CE B8 9A       		dw	patch_23Ahdr
2293++ A5D0 FF 26 30    		db	255,38, 24 * 2
2294++ A5D3 1E A9       		dw	frq_27
2295++ A5D5             
2296++ A5D5             ;--- GM 119 = Reverse Cymbal ---
2297++ A5D5             
2298++ A5D5             patch_119: 	
2299++ A5D5 00          		db	0	; transpose off
2300++ A5D6 DD A5       		dw	patch_119hdr
2301++ A5D8 FF 31 48    		db	255,49, 36 * 2
2302++ A5DB 16 AB       		dw	frq_143
2303++ A5DD             patch_119hdr: 	
2304++ A5DD 38 C8 09 FF 		db	038h,0c8h,9,0ffh
2305++ A5E1             
2306++ A5E1             ;--- GM 120 = Gtr Fret Noise ---
2307++ A5E1             
2308++ A5E1             patch_120: 	
2309++ A5E1 00          		db	0	; transpose off
2310++ A5E2 B8 9A       		dw	patch_23Ahdr
2311++ A5E4 FF 38 31    		db	255,38h, 1 + 24 * 2	; tone 312
2312++ A5E7 F6 AF       		dw	frq_354
2313++ A5E9             
2314++ A5E9             ;--- GM 121 = Breath Noise ---
2315++ A5E9             
2316++ A5E9             patch_121: 	
2317++ A5E9 00          		db	0	; transpose off
2318++ A5EA B8 9A       		dw	patch_23Ahdr
2319++ A5EC FF 25 31    		db	255,25h, 1 + 24 * 2	; tone 293
2320++ A5EF 6E B6       		dw	frq_733
2321++ A5F1             
2322++ A5F1             ;--- GM 122 = Sea Shore ---
2323++ A5F1             
2324++ A5F1             patch_122A: 	
2325++ A5F1 00          		db	0	; transpose off
2326++ A5F2 F9 A5       		dw	patch_122Ahdr
2327++ A5F4 FF 08 48    		db	255,8, 36 * 2
2328++ A5F7 B6 AD       		dw	frq_264
2329++ A5F9             patch_122Ahdr: 	
2330++ A5F9 00 C8 04 FF 		db	0,0c8h,4,0ffh
2331++ A5FD             
2332++ A5FD             patch_122B: 	
2333++ A5FD 00          		db	0	; transpose off
2334++ A5FE 05 A6       		dw	patch_122Bhdr
2335++ A600 FF 37 60    		db	255,55, 48 * 2
2336++ A603 1E AC       		dw	frq_203
2337++ A605             patch_122Bhdr: 	
2338++ A605             		db	0,098h,020h,0b0h,4,0c8h,5,0e0h,0,0ffh
2338++ A605 009820B004C805E000FF
2339++ A60F             
2340++ A60F             
2341++ A60F             ;--- GM 124 = Telephone / Bird ---
2342++ A60F             
2343++ A60F             patch_124: 	
2344++ A60F 00          		db	0	; transpose off
2345++ A610 B7 A5       		dw	patch_115hdr
2346++ A612 30 03 48    		db	48, 3, 36 * 2
2347++ A615 1E A9       		dw	frq_27
2348++ A617 FF 09 48    		db	255, 9, 36 * 2
2349++ A61A 1E AC       		dw	frq_203
2350++ A61C             
2351++ A61C             
2352++ A61C             ;--- GM 125 = Helicopter ---
2353++ A61C             
2354++ A61C             patch_125A: 	
2355++ A61C 00          		db	0	; transpose off
2356++ A61D 24 A6       		dw	patch_125Ahdr
2357++ A61F FF 01 30    		db	255, 1, 24 * 2
2358++ A622 76 B4       		dw	frq_560
2359++ A624             patch_125Ahdr: 	
2360++ A624 08 C8 07 FF 		db	8,0c8h,7,0ffh
2361++ A628             
2362++ A628 00          patch_125B: 	db	0	; transpose off
2363++ A629 30 A6       		dw	patch_125Bhdr
2364++ A62B FF 37 48    		db	255, 55, 36 * 2
2365++ A62E DE B2       		dw	frq_462
2366++ A630             patch_125Bhdr: 	
2367++ A630             		db	0,0c8h,7,0e0h,0,0ffh
2367++ A630 00C807E000FF
2368++ A636             
2369++ A636             
2370++ A636             ;--- GM 126 = Applause ---
2371++ A636             
2372++ A636             patch_126A: 	
2373++ A636 00          		db	0	; transpose off
2374++ A637 3E A6       		dw	patch_126Ahdr
2375++ A639 FF 36 30    		db	255, 54, 24 * 2
2376++ A63C C6 AC       		dw	frq_216
2377++ A63E             patch_126Ahdr: 	
2378++ A63E 0F 98 70 FF 		db	0fh,098h,070h,0ffh
2379++ A642             
2380++ A642             patch_126B: 	
2381++ A642 00          		db	0	; transpose off
2382++ A643 4A A6       		dw	patch_126Bhdr
2383++ A645 FF 36 30    		db	255, 54, 24 * 2
2384++ A648 DE B2       		dw	frq_462
2385++ A64A             patch_126Bhdr: 	
2386++ A64A 07 98 70 FF 		db	07h,098h,070h,0ffh
2387++ A64E             
2388++ A64E             ;--- GM 127 = Gunshot / Snare ---
2389++ A64E             
2390++ A64E             patch_127: 	
2391++ A64E 00          		db	0	; transpose off
2392++ A64F 5B A6       		dw	patch_127hdr
2393++ A651 30 39 31    		db	48,39h, 1 + 24 * 2	; tone 313
2394++ A654 1E AC       		dw	frq_203
2395++ A656             ;        	db      255, 59, 1 + 24 * 2
2396++ A656 FF 78 30    		db	255, 120, 0 + 24 * 2
2397++ A659 1E AC       		dw	frq_203
2398++ A65B             patch_127hdr: 	
2399++ A65B 38 C8 03 FF 		db	038h,0c8h,3,0ffh
2400++ A65F             
2401++ A65F             ;--- Drum patch 1 ---
2402++ A65F             
2403++ A65F             drum_1: 	
2404++ A65F 00          		db	0	; transpose off
2405++ A660 6C A6       		dw	drum_1hdr
2406++ A662 30 11 30    		db	48,17, 24 * 2	; tone 17
2407++ A665 B6 AD       		dw	frq_264
2408++ A667 FF BF 48    		db	255,191, 36 * 2	; tone 191
2409++ A66A B6 AD       		dw	frq_264
2410++ A66C             drum_1hdr: 	
2411++ A66C             		db	0,098h,0f4h,0b0h,0feh,0c8h,6,0ffh
2411++ A66C 0098F4B0FEC806FF
2412++ A674             
2413++ A674             ;--- Drum patch 2 ---
2414++ A674             
2415++ A674             drum_2: 	
2416++ A674 00          		db	0	; transpose off
2417++ A675 81 A6       		dw	drum_2hdr
2418++ A677 30 D1 30    		db	48,209, 24 * 2	; tone 209
2419++ A67A 96 B8       		dw	frq_908
2420++ A67C FF C5 30    		db	255,197, 24 * 2	; tone 197
2421++ A67F 96 B8       		dw	frq_908
2422++ A681             drum_2hdr: 	
2423++ A681             		db	0,098h,0f5h,0b0h,0f2h,0c8h,6,0ffh
2423++ A681 0098F5B0F2C806FF
2424++ A689             
2425++ A689             
2426++ A689             ;--- Drum patch 3 ---
2427++ A689             
2428++ A689             drum_3: 		
2429++ A689 00          		db	0	; transpose off
2430++ A68A 91 A6       		dw	drum_3hdr
2431++ A68C FF 0A 30    		db	255,10, 24 * 2	; tone 10
2432++ A68F 66 B5       		dw	frq_654
2433++ A691             drum_3hdr: 	
2434++ A691             		db	0,098h,0f4h,0b0h,0f2h,0c8h,6,0ffh
2434++ A691 0098F4B0F2C806FF
2435++ A699             
2436++ A699             ;--- Drum patch 4 ---
2437++ A699             
2438++ A699             drum_4: 		
2439++ A699 00          		db	0	; transpose off
2440++ A69A 91 A6       		dw	drum_3hdr
2441++ A69C FF 1C 30    		db	255,28, 24 * 2	; tone 28
2442++ A69F 8E AB       		dw	frq_187
2443++ A6A1             
2444++ A6A1             ;--- Drum patch 5 ---
2445++ A6A1             
2446++ A6A1             drum_5: 	
2447++ A6A1 00          		db	0	; transpose off
2448++ A6A2 91 A6       		dw	drum_3hdr
2449++ A6A4 FF 1F 30    		db	255,31, 24 * 2	; tone 31
2450++ A6A7 96 B8       		dw	frq_908
2451++ A6A9             
2452++ A6A9             ;--- Drum patch 6 ---
2453++ A6A9             
2454++ A6A9             drum_6: 		
2455++ A6A9 00          		db	0	; transpose off
2456++ A6AA 91 A6       		dw	drum_3hdr
2457++ A6AC FF 9C 30    		db	255,156, 24 * 2	; tone 156
2458++ A6AF 1E A9       		dw	frq_27
2459++ A6B1             
2460++ A6B1             ;--- Drum patch 7 ---
2461++ A6B1             
2462++ A6B1             drum_7: 	
2463++ A6B1 00          		db	0	; transpose off
2464++ A6B2 91 A6       		dw	drum_3hdr
2465++ A6B4 FF 31 30    		db	255,49, 24 * 2	; tone 49
2466++ A6B7 EE A8       		dw	frq_24
2467++ A6B9             
2468++ A6B9             ;--- Drum patch 8 ---
2469++ A6B9             
2470++ A6B9             drum_8: 	
2471++ A6B9 00          		db	0	; transpose off
2472++ A6BA C1 A6       		dw	drum_8hdr
2473++ A6BC FF 9D 30    		db	255,157, 24 * 2	; tone 157
2474++ A6BF 86 B6       		dw	frq_737
2475++ A6C1             drum_8hdr: 	
2476++ A6C1             		db	0,0b0h,027h,0c8h,6,0ffh
2476++ A6C1 00B027C806FF
2477++ A6C7             
2478++ A6C7             gmdrm_hdr1: 	
2479++ A6C7             		db	0,098h,0f4h,0b0h,0f2h,0c8h,6,0ffh
2479++ A6C7 0098F4B0F2C806FF
2480++ A6CF             gmdrm_hdr2: 	
2481++ A6CF             		db	0,098h,0f5h,0b0h,0f2h,0c8h,6,0ffh
2481++ A6CF 0098F5B0F2C806FF
2482++ A6D7             gmdrm_hdr3: 	
2483++ A6D7             		db	0,098h,0f2h,0b0h,0f2h,0c8h,6,0ffh
2483++ A6D7 0098F2B0F2C806FF
2484++ A6DF             gmdrm_hdr4: 	
2485++ A6DF             		db	0,098h,0f1h,0b0h,0f2h,0c8h,6,0ffh
2485++ A6DF 0098F1B0F2C806FF
2486++ A6E7             gmdrm_hdr5: 	
2487++ A6E7             		db	0,098h,0f4h,0b0h,027h,0c8h,6,0ffh
2487++ A6E7 0098F4B027C806FF
2488++ A6EF             gmdrm_hdr6: 	
2489++ A6EF             		db	0,098h,0f4h,0b0h,0f2h,0c8h,7,0ffh
2489++ A6EF 0098F4B0F2C807FF
2490++ A6F7             gmdrm_hdr7: 	
2491++ A6F7             		db	0,098h,0f6h,0b0h,0ffh,0c8h,6,0ffh
2491++ A6F7 0098F6B0FFC806FF
2492++ A6FF             gmdrm_hdr8: 	
2493++ A6FF             		db	0,098h,0f4h,0b0h,0f2h,0c8h,6,0ffh
2493++ A6FF 0098F4B0F2C806FF
2494++ A707             gmdrm_hdr9: 	
2495++ A707             		db	0,098h,0f4h,0b0h,0f2h,0c8h,4,0ffh
2495++ A707 0098F4B0F2C804FF
2496++ A70F             
2497++ A70F             ;--- Midi Drum patch ---
2498++ A70F             
2499++ A70F             drum_midi: 	
2500++ A70F 00          		db	0	; transpose off
2501++ A710 C7 A6       		dw	gmdrm_hdr1
2502++ A712 24 10 1A    		db	36,16, (48 - 35) * 2	; tone 16
2503++ A715 A6 AE       		dw	frq_311
2504++ A717             
2505++ A717             MBPlayer_gmdrm_c4: 
2506++ A717             gmdrm_c4: 	
2507++ A717 11          		db	17
2508++ A718 18 F2       		db	018h,0f2h
2509++ A71A C7 A6       		dw	gmdrm_hdr1
2510++ A71C             gmdrm_cp4: 	
2511++ A71C D2          		db	210
2512++ A71D F6 00       		db	0f6h,0
2513++ A71F C7 A6       		dw	gmdrm_hdr1
2514++ A721             gmdrm_d4: 	
2515++ A721 D1          		db	209
2516++ A722 F4 F6       		db	0f4h,0f6h
2517++ A724 CF A6       		dw	gmdrm_hdr2
2518++ A726             gmdrm_dp4: 	
2519++ A726 0A          		db	10
2520++ A727 2A F5       		db	02ah,0f5h
2521++ A729 C7 A6       		dw	gmdrm_hdr1
2522++ A72B             gmdrm_e4: 	
2523++ A72B D1          		db	209
2524++ A72C 38 03       		db	038h,003h
2525++ A72E D7 A6       		dw	gmdrm_hdr3
2526++ A730             gmdrm_f4: 	
2527++ A730 C8          		db	200
2528++ A731 60 00       		db	060h,0
2529++ A733 C7 A6       		dw	gmdrm_hdr1
2530++ A735             gmdrm_fp4: 	
2531++ A735 79          		db	121
2532++ A736 5C 01       		db	05ch,1
2533++ A738 C7 A6       		dw	gmdrm_hdr1
2534++ A73A             gmdrm_g4: 	
2535++ A73A C8          		db	200
2536++ A73B A8 02       		db	0a8h,2
2537++ A73D C7 A6       		dw	gmdrm_hdr1
2538++ A73F             gmdrm_gp4: 	
2539++ A73F 7B          		db	123
2540++ A740 34 05       		db	034h,5
2541++ A742 C7 A6       		dw	gmdrm_hdr1
2542++ A744             gmdrm_a4: 	
2543++ A744 C8          		db	200
2544++ A745 46 04       		db	046h,4
2545++ A747 C7 A6       		dw	gmdrm_hdr1
2546++ A749             gmdrm_ap4: 	
2547++ A749 7A          		db	122
2548++ A74A 34 05       		db	034h,5
2549++ A74C DF A6       		dw	gmdrm_hdr4
2550++ A74E C7          gmdrm_b4: 	db	199
2551++ A74F 0A 03       		db	00ah,3
2552++ A751 C7 A6       		dw	gmdrm_hdr1
2553++ A753             
2554++ A753             gmdrm_c5: 	
2555++ A753 C7          		db	199
2556++ A754 F4 04       		db	0f4h,4
2557++ A756 C7 A6       		dw	gmdrm_hdr1
2558++ A758             gmdrm_cp5: 	
2559++ A758 31          		db	49
2560++ A759 32 00       		db	032h,0
2561++ A75B C7 A6       		dw	gmdrm_hdr1
2562++ A75D             gmdrm_d5: 	
2563++ A75D C7          		db	199
2564++ A75E 90 10       		db	090h,010h
2565++ A760 C7 A6       		dw	gmdrm_hdr1
2566++ A762             gmdrm_dp5: 	
2567++ A762 2E          		db	46
2568++ A763 CE 01       		db	0ceh,1
2569++ A765 C7 A6       		dw	gmdrm_hdr1
2570++ A767             gmdrm_e5: 	
2571++ A767 7A          		db	122
2572++ A768 56 E1       		db	056h,0e1h
2573++ A76A C7 A6       		dw	gmdrm_hdr1
2574++ A76C             gmdrm_f5: 	
2575++ A76C 21          		db	33
2576++ A76D 3C 01       		db	03ch,1
2577++ A76F C7 A6       		dw	gmdrm_hdr1
2578++ A771             gmdrm_fp5: 	
2579++ A771 25          		db	37
2580++ A772 BA 00       		db	0bah,0
2581++ A774 D7 A6       		dw	gmdrm_hdr3
2582++ A776             gmdrm_g5: 	
2583++ A776 31          		db	49
2584++ A777 CA 05       		db	0cah,5
2585++ A779 CF A6       		dw	gmdrm_hdr2
2586++ A77B 1D          gmdrm_gp5: 	db	29
2587++ A77C FE F6       		db	0feh,0f6h
2588++ A77E C7 A6       		dw	gmdrm_hdr1
2589++ A780             gmdrm_a5: 	
2590++ A780 31          		db	49
2591++ A781 70 03       		db	070h,3
2592++ A783 C7 A6       		dw	gmdrm_hdr1
2593++ A785 9D          gmdrm_ap5: 	db	157
2594++ A786 CA F5       		db	0cah,0f5h
2595++ A788 E7 A6       		dw	gmdrm_hdr5
2596++ A78A             gmdrm_b5: 	
2597++ A78A 2E          		db	46
2598++ A78B 74 05       		db	074h,5
2599++ A78D EF A6       		dw	gmdrm_hdr6
2600++ A78F             
2601++ A78F             gmdrm_c6: 	
2602++ A78F 1C          		db	28
2603++ A790 76 01       		db	076h,1
2604++ A792 C7 A6       		dw	gmdrm_hdr1
2605++ A794             gmdrm_cp6: 	
2606++ A794 1C          		db	28
2607++ A795 32 00       		db	032h,0
2608++ A797 C7 A6       		dw	gmdrm_hdr1
2609++ A799             gmdrm_d6: 	
2610++ A799 1E          		db	30
2611++ A79A DA F4       		db	0dah,0f4h
2612++ A79C C7 A6       		dw	gmdrm_hdr1
2613++ A79E             gmdrm_dp6: 	
2614++ A79E 1F          		db	31
2615++ A79F FE F6       		db	0feh,0f6h
2616++ A7A1 C7 A6       		dw	gmdrm_hdr1
2617++ A7A3             gmdrm_e6: 	
2618++ A7A3 1F          		db	31
2619++ A7A4 FC F2       		db	0fch,0f2h
2620++ A7A6 C7 A6       		dw	gmdrm_hdr1
2621++ A7A8             gmdrm_f6: 	
2622++ A7A8 9C          		db	156
2623++ A7A9 3E 00       		db	03eh,0
2624++ A7AB C7 A6       		dw	gmdrm_hdr1
2625++ A7AD             gmdrm_fp6: 	
2626++ A7AD 9C          		db	156
2627++ A7AE D0 F4       		db	0d0h,0f4h
2628++ A7B0 C7 A6       		dw	gmdrm_hdr1
2629++ A7B2             gmdrm_g6: 	
2630++ A7B2 0B          		db	11
2631++ A7B3 16 00       		db	016h,0
2632++ A7B5 C7 A6       		dw	gmdrm_hdr1
2633++ A7B7             gmdrm_gp6: 	
2634++ A7B7 0B          		db	11
2635++ A7B8 3C F4       		db	03ch,0f4h
2636++ A7BA C7 A6       		dw	gmdrm_hdr1
2637++ A7BC             gmdrm_a6: 	
2638++ A7BC 2F          		db	47
2639++ A7BD 50 03       		db	050h,3
2640++ A7BF C7 A6       		dw	gmdrm_hdr1
2641++ A7C1             gmdrm_ap6: 	
2642++ A7C1 30          		db	48
2643++ A7C2 4A 00       		db	04ah,0
2644++ A7C4 C7 A6       		dw	gmdrm_hdr1
2645++ A7C6             gmdrm_b6: 	
2646++ A7C6 2D          		db	45
2647++ A7C7 38 F3       		db	038h,0f3h
2648++ A7C9 C7 A6       		dw	gmdrm_hdr1
2649++ A7CB             
2650++ A7CB             gmdrm_c7: 	
2651++ A7CB 44          		db	044h
2652++ A7CC 53 F2       		db	053h,0f2h
2653++ A7CE F7 A6       		dw	gmdrm_hdr7
2654++ A7D0             gmdrm_cp7: 	
2655++ A7D0 24          		db	36
2656++ A7D1 74 05       		db	074h,5
2657++ A7D3 FF A6       		dw	gmdrm_hdr8
2658++ A7D5             gmdrm_d7: 	
2659++ A7D5 24          		db	36
2660++ A7D6 48 F6       		db	048h,0f6h
2661++ A7D8 C7 A6       		dw	gmdrm_hdr1
2662++ A7DA             gmdrm_dp7: 	
2663++ A7DA 20          		db	32
2664++ A7DB 50 F5       		db	050h,0f5h
2665++ A7DD C7 A6       		dw	gmdrm_hdr1
2666++ A7DF             gmdrm_e7: 	
2667++ A7DF 2C          		db	44
2668++ A7E0 28 F2       		db	028h,0f2h
2669++ A7E2 C7 A6       		dw	gmdrm_hdr1
2670++ A7E4             gmdrm_f7: 	
2671++ A7E4 2C          		db	44
2672++ A7E5 5C E7       		db	05ch,0e7h
2673++ A7E7 C7 A6       		dw	gmdrm_hdr1
2674++ A7E9             gmdrm_fp7: 	
2675++ A7E9 22          		db	34
2676++ A7EA 22 10       		db	022h,010h
2677++ A7EC C7 A6       		dw	gmdrm_hdr1
2678++ A7EE             gmdrm_g7: 	
2679++ A7EE 23          		db	35
2680++ A7EF C0 F6       		db	0c0h,0f6h
2681++ A7F1 C7 A6       		dw	gmdrm_hdr1
2682++ A7F3             gmdrm_gp7: 	
2683++ A7F3 32          		db	50
2684++ A7F4 50 00       		db	050h,0
2685++ A7F6 C7 A6       		dw	gmdrm_hdr1
2686++ A7F8             gmdrm_a7: 	
2687++ A7F8 32          		db	50
2688++ A7F9 54 00       		db	054h,0
2689++ A7FB 07 A7       		dw	gmdrm_hdr9
2690++ A7FD             gmdrm_ap7: 	
2691++ A7FD BF          		db	191
2692++ A7FE 18 F2       		db	018h,0f2h
2693++ A800 C7 A6       		dw	gmdrm_hdr1
2694++ A802             gmdrm_b7: 	
2695++ A802 C5          		db	197
2696++ A803 18 F7       		db	018h,0f7h
2697++ A805 C7 A6       		dw	gmdrm_hdr1
2698++ A807             gmdrm_c8: 	
2699++ A807 C5          		db	197
2700++ A808 38 03       		db	038h,003h
2701++ A80A C7 A6       		dw	gmdrm_hdr1
2702++ A80C             gmdrm_cp8: 	
2703++ A80C D0          		db	208
2704++ A80D 18 F2       		db	018h,0f2h
2705++ A80F C7 A6       		dw	gmdrm_hdr1
2706++ A811             gmdrm_d8: 	
2707++ A811 78          		db	120
2708++ A812 18 F2       		db	018h,0f2h
2709++ A814 C7 A6       		dw	gmdrm_hdr1
2710++ A816             
1693+  A816             		.include "freq_table_4.inc"
0001++ A816             ;-------------------------------------------------------------------
0002++ A816             ; îïèñàíèå:  Òàáëèöà ÷àñòîò
0003++ A816             ;---------------------------------------------------------------------
0004++ A816             frq_0: 		
0005++ A816             		dw	0,61,125,194,266,343,424,510,601,698,801,909
0005++ A816 00003D007D00C2000A015701A801FE015902BA0221038D03
0006++ A82E             frq_1: 		
0007++ A82E             		dw	1,62,127,195,268,345,426,512,604,700,803,912
0007++ A82E 01003E007F00C3000C015901AA0100025C02BC0223039003
0008++ A846             frq_8: 		
0009++ A846             		dw	8,69,134,203,276,353,435,522,614,711,814,924
0009++ A846 080045008600CB0014016101B3010A026602C7022E039C03
0010++ A85E             frq_9: 		
0011++ A85E             		dw	9,70,135,204,277,355,437,524,616,713,816,926
0011++ A85E 090046008700CC0015016301B5010C026802C90230039E03
0012++ A876             frq_10: 		
0013++ A876             		dw	10,71,136,205,278,356,438,525,617,714,818,927
0013++ A876 0A0047008800CD0016016401B6010D026902CA0232039F03
0014++ A88E             frq_15: 		
0015++ A88E             		dw	15,77,143,212,286,364,446,533,626,724,828,938
0015++ A88E 0F004D008F00D4001E016C01BE0115027202D4023C03AA03
0016++ A8A6             frq_20: 		
0017++ A8A6             		dw	20,82,148,217,291,369,452,540,633,731,836,946
0017++ A8A6 140052009400D90023017101C4011C027902DB024403B203
0018++ A8BE             frq_21: 		
0019++ A8BE             		dw	21,83,148,218,292,370,453,542,635,733,838,949
0019++ A8BE 150053009400DA0024017201C5011E027B02DD024603B503
0020++ A8D6             frq_22: 		
0021++ A8D6             		dw	22,84,150,219,293,372,455,542,636,734,839,950
0021++ A8D6 160054009600DB0025017401C7011E027C02DE024703B603
0022++ A8EE             frq_24: 		
0023++ A8EE             		dw	24,86,152,222,296,375,457,545,639,737,842,953
0023++ A8EE 180056009800DE0028017701C90121027F02E1024A03B903
0024++ A906             frq_26: 		
0025++ A906             		dw	26,88,154,224,299,377,461,549,642,741,846,958
0025++ A906 1A0058009A00E0002B017901CD0125028202E5024E03BE03
0026++ A91E             frq_27: 		
0027++ A91E             		dw	27,89,155,225,300,378,462,550,644,743,848,959
0027++ A91E 1B0059009B00E1002C017A01CE0126028402E7025003BF03
0028++ A936             frq_45: 		
0029++ A936             		dw	45,109,176,248,324,403,488,578,673,774,881,995
0029++ A936 2D006D00B000F80044019301E8014202A10206037103E303
0030++ A94E             frq_46: 		
0031++ A94E             		dw	46,110,177,248,324,404,489,579,674,775,882,996
0031++ A94E 2E006E00B100F80044019401E9014302A20207037203E403
0032++ A966             frq_69: 		
0033++ A966             		dw	69,134,203,276,353,435,522,614,711,815,924,8+2048
0033++ A966 45008600CB0014016101B3010A026602C7022F039C030808
0034++ A97E             frq_70: 		
0035++ A97E             		dw	70,135,204,277,354,436,523,615,712,815,925,8+2048
0035++ A97E 46008700CC0015016201B4010B026702C8022F039D030808
0036++ A996             frq_73: 		
0037++ A996             		dw	73,139,208,281,359,441,528,620,718,822,932,12+2048
0037++ A996 49008B00D00019016701B90110026C02CE023603A4030C08
0038++ A9AE             frq_75: 		
0039++ A9AE             		dw	75,141,210,283,361,444,531,623,721,825,935,14+2048
0039++ A9AE 4B008D00D2001B016901BC0113026F02D1023903A7030E08
0040++ A9C6             frq_79: 		
0041++ A9C6             		dw	79,145,214,288,366,449,536,629,727,831,942,17+2048
0041++ A9C6 4F009100D60020016E01C10118027502D7023F03AE031108
0042++ A9DE             frq_82: 		
0043++ A9DE             		dw	82,147,217,291,369,452,540,633,731,835,946,20+2048
0043++ A9DE 52009300D90023017101C4011C027902DB024303B2031408
0044++ A9F6             frq_84: 		
0045++ A9F6             		dw	84,150,219,293,372,455,543,636,734,839,950,22+2048
0045++ A9F6 54009600DB0025017401C7011F027C02DE024703B6031608
0046++ AA0E             frq_88: 		
0047++ AA0E             		dw	88,154,224,298,377,460,548,642,741,846,957,25+2048
0047++ AA0E 58009A00E0002A017901CC0124028202E5024E03BD031908
0048++ AA26             frq_89: 		
0049++ AA26             		dw	89,155,225,299,378,461,550,643,742,847,959,26+2048
0049++ AA26 59009B00E1002B017A01CD0126028302E6024F03BF031A08
0050++ AA3E             frq_91: 		
0051++ AA3E             		dw	91,157,228,302,381,465,553,647,746,851,963,29+2048
0051++ AA3E 5B009D00E4002E017D01D10129028702EA025303C3031D08
0052++ AA56             frq_94: 		
0053++ AA56             		dw	94,161,231,306,385,469,557,651,751,857,968,31+2048
0053++ AA56 5E00A100E70032018101D5012D028B02EF025903C8031F08
0054++ AA6E             frq_96: 		
0055++ AA6E             		dw	96,162,233,308,387,471,560,654,753,859,971,33+2048
0055++ AA6E 6000A200E90034018301D70130028E02F1025B03CB032108
0056++ AA86             frq_97: 		
0057++ AA86             		dw	97,164,235,309,389,473,562,656,756,862,974,34+2048
0057++ AA86 6100A400EB0035018501D90132029002F4025E03CE032208
0058++ AA9E             frq_98: 		
0059++ AA9E             		dw	98,165,236,311,390,474,563,657,757,863,976,35+2048
0059++ AA9E 6200A500EC0037018601DA0133029102F5025F03D0032308
0060++ AAB6             frq_113: 	
0061++ AAB6             		dw	113,180,252,328,408,493,583,679,780,887,1001,49+2048
0061++ AAB6 7100B400FC0048019801ED014702A7020C037703E9033108
0062++ AACE             frq_118: 	
0063++ AACE             		dw	118,186,257,334,415,501,591,687,789,897,1011,54+2048
0063++ AACE 7600BA0001014E019F01F5014F02AF0215038103F3033608
0064++ AAE6             frq_135: 	
0065++ AAE6             		dw	135,204,277,355,437,524,616,713,816,926,9+2048,70+2048
0065++ AAE6 8700CC0015016301B5010C026802C90230039E0309084608
0066++ AAFE             frq_141: 	
0067++ AAFE             		dw	141,210,283,361,443,530,623,721,825,935,13+2048,75+2048
0067++ AAFE 8D00D2001B016901BB0112026F02D1023903A7030D084B08
0068++ AB16             frq_143: 	
0069++ AB16             		dw	143,212,286,363,446,533,626,724,828,938,15+2048,77+2048
0069++ AB16 8F00D4001E016B01BE0115027202D4023C03AA030F084D08
0070++ AB2E             frq_155: 	
0071++ AB2E             		dw	155,225,299,376,461,549,643,742,847,959,26+2048,89+2048
0071++ AB2E 9B00E1002B017801CD0125028302E6024F03BF031A085908
0072++ AB46             frq_156: 	
0073++ AB46             		dw	156,226,300,379,462,551,644,744,849,960,27+2048,89+2048
0073++ AB46 9C00E2002C017B01CE0127028402E8025103C0031B085908
0074++ AB5E             frq_167: 	
0075++ AB5E             		dw	167,237,312,392,476,565,660,760,866,978,37+2048,100+2048
0075++ AB5E A700ED0038018801DC0135029402F8026203D20325086408
0076++ AB76             frq_184: 	
0077++ AB76             		dw	184,256,332,413,499,589,685,787,894,1008,53+2048,117+2048
0077++ AB76 B80000014C019D01F3014D02AD0213037E03F00335087508
0078++ AB8E             frq_187: 	
0079++ AB8E             		dw	187,259,336,417,502,593,689,791,899,1013,55+2048,119+2048
0079++ AB8E BB0003015001A101F6015102B10217038303F50337087708
0080++ ABA6             frq_188: 	
0081++ ABA6             		dw	188,260,336,417,503,593,690,792,899,1014,56+2048,120+2048
0081++ ABA6 BC0004015001A101F7015102B20218038303F60338087808
0082++ ABBE             frq_191: 	
0083++ ABBE             		dw	191,263,340,421,507,598,694,796,905,1019,58+2048,123+2048
0083++ ABBE BF0007015401A501FB015602B6021C038903FB033A087B08
0084++ ABD6             frq_192: 	
0085++ ABD6             		dw	192,264,341,422,508,599,696,798,906,1021,59+2048,124+2048
0085++ ABD6 C00008015501A601FC015702B8021E038A03FD033B087C08
0086++ ABEE             frq_195: 	
0087++ ABEE             		dw	195,267,344,425,512,603,700,802,911,1+2048,62+2048,126+2048
0087++ ABEE C3000B015801A90100025B02BC0222038F0301083E087E08
0088++ AC06             frq_202: 	
0089++ AC06             		dw	202,275,352,434,521,613,710,813,922,7+2048,68+2048,133+2048
0089++ AC06 CA0013016001B20109026502C6022D039A03070844088508
0090++ AC1E             frq_203: 	
0091++ AC1E             		dw	203,276,353,435,522,614,711,815,924,8+2048,69+2048,134+2048
0091++ AC1E CB0014016101B3010A026602C7022F039C03080845088608
0092++ AC36             frq_204: 	
0093++ AC36             		dw	204,277,354,436,523,615,712,815,925,8+2048,70+2048,135+2048
0093++ AC36 CC0015016201B4010B026702C8022F039D03080846088708
0094++ AC4E             frq_206: 	
0095++ AC4E             		dw	206,279,356,438,525,618,715,819,928,10+2048,72+2048,137+2048
0095++ AC4E CE0017016401B6010D026A02CB023303A0030A0848088908
0096++ AC66             frq_208: 	
0097++ AC66             		dw	208,281,359,441,528,621,718,822,932,12+2048,74+2048,139+2048
0097++ AC66 D00019016701B90110026D02CE023603A4030C084A088B08
0098++ AC7E             frq_211: 	
0099++ AC7E             		dw	211,284,362,445,532,624,722,826,936,14+2048,76+2048,142+2048
0099++ AC7E D3001C016A01BD0114027002D2023A03A8030E084C088E08
0100++ AC96             frq_214: 	
0101++ AC96             		dw	214,288,366,449,536,629,727,831,942,17+2048,79+2048,145+2048
0101++ AC96 D60020016E01C10118027502D7023F03AE0311084F089108
0102++ ACAE             frq_215: 	
0103++ ACAE             		dw	215,289,367,450,538,630,729,833,943,18+2048,80+2048,146+2048
0103++ ACAE D70021016F01C2011A027602D9024103AF03120850089208
0104++ ACC6             frq_216: 	
0105++ ACC6             		dw	216,289,368,450,538,631,729,834,944,19+2048,80+2048,146+2048
0105++ ACC6 D80021017001C2011A027702D9024203B003130850089208
0106++ ACDE             frq_217: 	
0107++ ACDE             		dw	217,291,369,452,540,633,731,835,946,20+2048,82+2048,147+2048
0107++ ACDE D90023017101C4011C027902DB024303B203140852089308
0108++ ACF6             frq_219: 	
0109++ ACF6             		dw	219,293,372,455,543,636,734,839,950,22+2048,84+2048,150+2048
0109++ ACF6 DB0025017401C7011F027C02DE024703B603160854089608
0110++ AD0E             frq_220: 	
0111++ AD0E             		dw	220,294,373,456,544,637,736,841,951,22+2048,85+2048,151+2048
0111++ AD0E DC0026017501C80120027D02E0024903B703160855089708
0112++ AD26             frq_221: 	
0113++ AD26             		dw	221,296,374,457,545,639,737,842,953,23+2048,86+2048,152+2048
0113++ AD26 DD0028017601C90121027F02E1024A03B903170856089808
0114++ AD3E             frq_228: 	
0115++ AD3E             		dw	228,302,381,465,553,647,747,852,963,29+2048,91+2048,158+2048
0115++ AD3E E4002E017D01D10129028702EB025403C3031D085B089E08
0116++ AD56             frq_231: 	
0117++ AD56             		dw	231,305,384,468,557,651,750,856,967,31+2048,94+2048,160+2048
0117++ AD56 E70031018001D4012D028B02EE025803C7031F085E08A008
0118++ AD6E             frq_242: 	
0119++ AD6E             		dw	242,317,397,481,571,666,766,873,985,40+2048,104+2048,171+2048
0119++ AD6E F2003D018D01E1013B029A02FE026903D90328086808AB08
0120++ AD86             frq_254: 	
0121++ AD86             		dw	254,330,410,495,586,681,783,890,1004,50+2048,114+2048,182+2048
0121++ AD86 FE004A019A01EF014A02A9020F037A03EC0332087208B608
0122++ AD9E             frq_261: 	
0123++ AD9E             		dw	261,337,418,504,595,691,793,901,1016,56+2048,121+2048,189+2048
0123++ AD9E 05015101A201F8015302B30219038503F80338087908BD08
0124++ ADB6             frq_264: 	
0125++ ADB6             		dw	264,341,422,508,599,695,797,906,1020,59+2048,123+2048,192+2048
0125++ ADB6 08015501A601FC015702B7021D038A03FC033B087B08C008
0126++ ADCE             frq_273: 	
0127++ ADCE             		dw	273,350,432,519,610,708,810,920,6+2048,67+2048,132+2048,200+2048
0127++ ADCE 11015E01B00107026202C4022A039803060843088408C808
0128++ ADE6             frq_274: 	
0129++ ADE6             		dw	274,351,433,519,611,708,811,920,6+2048,67+2048,132+2048,201+2048
0129++ ADE6 12015F01B10107026302C4022B039803060843088408C908
0130++ ADFE             frq_282: 	
0131++ ADFE             		dw	282,360,442,529,621,719,823,933,13+2048,74+2048,139+2048,209+2048
0131++ ADFE 1A016801BA0111026D02CF023703A5030D084A088B08D108
0132++ AE16             frq_286: 	
0133++ AE16             		dw	286,363,446,533,626,724,828,938,15+2048,77+2048,143+2048,212+2048
0133++ AE16 1E016B01BE0115027202D4023C03AA030F084D088F08D408
0134++ AE2E             frq_287: 	
0135++ AE2E             		dw	287,365,447,535,627,726,830,940,16+2048,78+2048,144+2048,213+2048
0135++ AE2E 1F016D01BF0117027302D6023E03AC0310084E089008D508
0136++ AE46             frq_288: 	
0137++ AE46             		dw	288,366,449,536,629,727,831,942,17+2048,79+2048,145+2048,214+2048
0137++ AE46 20016E01C10118027502D7023F03AE0311084F089108D608
0138++ AE5E             frq_290: 	
0139++ AE5E             		dw	290,368,451,539,632,730,835,945,19+2048,81+2048,147+2048,216+2048
0139++ AE5E 22017001C3011B027802DA024303B103130851089308D808
0140++ AE76             frq_291: 	
0141++ AE76             		dw	291,370,453,540,633,731,836,946,20+2048,82+2048,148+2048,217+2048
0141++ AE76 23017201C5011C027902DB024403B203140852089408D908
0142++ AE8E             frq_299: 	
0143++ AE8E             		dw	299,378,461,550,643,742,848,959,26+2048,89+2048,155+2048,225+2048
0143++ AE8E 2B017A01CD0126028302E6025003BF031A0859089B08E108
0144++ AEA6             frq_311: 	
0145++ AEA6             		dw	311,391,475,564,658,758,864,977,36+2048,99+2048,166+2048,236+2048
0145++ AEA6 37018701DB0134029202F6026003D10324086308A608EC08
0146++ AEBE             frq_314: 	
0147++ AEBE             		dw	314,394,478,567,662,762,868,981,38+2048,101+2048,168+2048,239+2048
0147++ AEBE 3A018A01DE0137029602FA026403D50326086508A808EF08
0148++ AED6             frq_317: 	
0149++ AED6             		dw	317,397,481,571,666,766,873,986,41+2048,104+2048,171+2048,242+2048
0149++ AED6 3D018D01E1013B029A02FE026903DA0329086808AB08F208
0150++ AEEE             frq_333: 	
0151++ AEEE             		dw	333,414,500,590,686,788,896,1010,53+2048,117+2048,185+2048,257+2048
0151++ AEEE 4D019E01F4014E02AE0214038003F20335087508B9080109
0152++ AF06             frq_335: 	
0153++ AF06             		dw	335,416,502,593,689,791,899,1013,55+2048,119+2048,187+2048,259+2048
0153++ AF06 4F01A001F6015102B10217038303F50337087708BB080309
0154++ AF1E             frq_338: 	
0155++ AF1E             		dw	338,419,505,596,692,794,902,1016,56+2048,121+2048,189+2048,261+2048
0155++ AF1E 5201A301F9015402B4021A038603F80338087908BD080509
0156++ AF36             frq_340: 	
0157++ AF36             		dw	340,421,507,598,694,796,905,1019,58+2048,123+2048,191+2048,263+2048
0157++ AF36 5401A501FB015602B6021C038903FB033A087B08BF080709
0158++ AF4E             frq_341: 	
0159++ AF4E             		dw	341,422,508,599,696,798,906,1021,59+2048,124+2048,192+2048,264+2048
0159++ AF4E 5501A601FC015702B8021E038A03FD033B087C08C0080809
0160++ AF66             frq_342: 	
0161++ AF66             		dw	342,423,509,600,697,799,907,1022,60+2048,125+2048,193+2048,265+2048
0161++ AF66 5601A701FD015802B9021F038B03FE033C087D08C1080909
0162++ AF7E             frq_343: 	
0163++ AF7E             		dw	343,425,511,602,699,801,910,0+2048,61+2048,126+2048,195+2048,267+2048
0163++ AF7E 5701A901FF015A02BB0221038E0300083D087E08C3080B09
0164++ AF96             frq_345: 	
0165++ AF96             		dw	345,427,513,604,701,804,913,2+2048,63+2048,127+2048,196+2048,268+2048
0165++ AF96 5901AB0101025C02BD022403910302083F087F08C4080C09
0166++ AFAE             frq_348: 	
0167++ AFAE             		dw	348,429,516,607,704,806,915,3+2048,64+2048,129+2048,198+2048,271+2048
0167++ AFAE 5C01AD0104025F02C00226039303030840088108C6080F09
0168++ AFC6             frq_350: 	
0169++ AFC6             		dw	350,430,518,609,705,808,917,4+2048,65+2048,130+2048,199+2048,272+2048
0169++ AFC6 5E01AE0106026102C10228039503040841088208C7081009
0170++ AFDE             frq_352: 	
0171++ AFDE             		dw	352,434,521,613,710,813,922,7+2048,68+2048,133+2048,202+2048,275+2048
0171++ AFDE 6001B20109026502C6022D039A03070844088508CA081309
0172++ AFF6             frq_354: 	
0173++ AFF6             		dw	354,436,523,615,712,815,925,8+2048,70+2048,135+2048,204+2048,277+2048
0173++ AFF6 6201B4010B026702C8022F039D03080846088708CC081509
0174++ B00E             frq_355: 	
0175++ B00E             		dw	355,437,524,616,713,816,926,9+2048,70+2048,135+2048,204+2048,277+2048
0175++ B00E 6301B5010C026802C90230039E03090846088708CC081509
0176++ B026             frq_356: 	
0177++ B026             		dw	356,438,525,617,714,818,927,10+2048,71+2048,136+2048,205+2048,278+2048
0177++ B026 6401B6010D026902CA0232039F030A0847088808CD081609
0178++ B03E             frq_357: 	
0179++ B03E             		dw	357,439,526,618,716,820,929,11+2048,72+2048,137+2048,206+2048,279+2048
0179++ B03E 6501B7010E026A02CC023403A1030B0848088908CE081709
0180++ B056             frq_358: 	
0181++ B056             		dw	358,441,528,620,718,821,931,12+2048,73+2048,138+2048,207+2048,281+2048
0181++ B056 6601B90110026C02CE023503A3030C0849088A08CF081909
0182++ B06E             frq_360: 	
0183++ B06E             		dw	360,443,530,622,720,824,934,13+2048,75+2048,140+2048,209+2048,283+2048
0183++ B06E 6801BB0112026E02D0023803A6030D084B088C08D1081B09
0184++ B086             frq_361: 	
0185++ B086             		dw	361,443,531,623,722,825,935,14+2048,76+2048,141+2048,211+2048,284+2048
0185++ B086 6901BB0113026F02D2023903A7030E084C088D08D3081C09
0186++ B09E             frq_363: 	
0187++ B09E             		dw	363,445,533,625,723,827,937,15+2048,77+2048,142+2048,211+2048,285+2048
0187++ B09E 6B01BD0115027102D3023B03A9030F084D088E08D3081D09
0188++ B0B6             frq_364: 	
0189++ B0B6             		dw	364,447,534,627,725,829,939,16+2048,78+2048,144+2048,213+2048,286+2048
0189++ B0B6 6C01BF0116027302D5023D03AB0310084E089008D5081E09
0190++ B0CE             frq_365: 	
0191++ B0CE             		dw	365,447,535,627,726,830,940,16+2048,78+2048,144+2048,213+2048,287+2048
0191++ B0CE 6D01BF0117027302D6023E03AC0310084E089008D5081F09
0192++ B0E6             frq_366: 	
0193++ B0E6             		dw	366,449,536,629,727,831,942,17+2048,79+2048,145+2048,214+2048,288+2048
0193++ B0E6 6E01C10118027502D7023F03AE0311084F089108D6082009
0194++ B0FE             frq_367: 	
0195++ B0FE             		dw	367,450,537,630,729,833,943,18+2048,80+2048,146+2048,216+2048,289+2048
0195++ B0FE 6F01C20119027602D9024103AF03120850089208D8082109
0196++ B116             frq_369: 	
0197++ B116             		dw	369,452,540,633,731,835,946,20+2048,82+2048,147+2048,217+2048,291+2048
0197++ B116 7101C4011C027902DB024303B203140852089308D9082309
0198++ B12E             frq_370: 	
0199++ B12E             		dw	370,453,541,634,732,837,947,20+2048,82+2048,148+2048,218+2048,292+2048
0199++ B12E 7201C5011D027A02DC024503B303140852089408DA082409
0200++ B146             frq_373: 	
0201++ B146             		dw	373,457,545,638,737,841,952,23+2048,85+2048,151+2048,221+2048,295+2048
0201++ B146 7501C90121027E02E1024903B803170855089708DD082709
0202++ B15E             frq_378: 	
0203++ B15E             		dw	378,462,550,644,743,848,959,27+2048,89+2048,155+2048,225+2048,300+2048
0203++ B15E 7A01CE0126028402E7025003BF031B0859089B08E1082C09
0204++ B176             frq_379: 	
0205++ B176             		dw	378,463,551,645,744,849,960,27+2048,90+2048,156+2048,226+2048,300+2048
0205++ B176 7A01CF0127028502E8025103C0031B085A089C08E2082C09
0206++ B18E             frq_381: 	
0207++ B18E             		dw	381,465,553,647,747,852,963,29+2048,91+2048,158+2048,228+2048,302+2048
0207++ B18E 7D01D10129028702EB025403C3031D085B089E08E4082E09
0208++ B1A6             frq_385: 	
0209++ B1A6             		dw	385,469,558,652,752,857,969,32+2048,95+2048,161+2048,232+2048,306+2048
0209++ B1A6 8101D5012E028C02F0025903C90320085F08A108E8083209
0210++ B1BE             frq_433: 	
0211++ B1BE             		dw	433,520,612,709,812,921,7+2048,68+2048,133+2048,202+2048,274+2048,352+2048
0211++ B1BE B10108026402C5022C039903070844088508CA0812096009
0212++ B1D6             frq_434: 	
0213++ B1D6             		dw	434,521,613,710,813,922,7+2048,68+2048,133+2048,202+2048,275+2048,352+2048
0213++ B1D6 B20109026502C6022D039A03070844088508CA0813096009
0214++ B1EE             frq_436: 	
0215++ B1EE             		dw	436,523,615,712,815,925,8+2048,70+2048,135+2048,204+2048,277+2048,354+2048
0215++ B1EE B4010B026702C8022F039D03080846088708CC0815096209
0216++ B206             frq_442: 	
0217++ B206             		dw	442,529,621,719,823,933,12+2048,74+2048,139+2048,209+2048,282+2048,360+2048
0217++ B206 BA0111026D02CF023703A5030C084A088B08D1081A096809
0218++ B21E             frq_443: 	
0219++ B21E             		dw	443,530,622,720,824,934,13+2048,75+2048,140+2048,209+2048,283+2048,360+2048
0219++ B21E BB0112026E02D0023803A6030D084B088C08D1081B096809
0220++ B236             frq_445: 	
0221++ B236             		dw	445,532,624,723,826,936,14+2048,76+2048,142+2048,211+2048,284+2048,362+2048
0221++ B236 BD0114027002D3023A03A8030E084C088E08D3081C096A09
0222++ B24E             frq_448: 	
0223++ B24E             		dw	448,535,628,726,830,941,17+2048,79+2048,144+2048,214+2048,287+2048,365+2048
0223++ B24E C00117027402D6023E03AD0311084F089008D6081F096D09
0224++ B266             frq_450: 	
0225++ B266             		dw	450,538,631,730,834,944,19+2048,81+2048,146+2048,216+2048,290+2048,368+2048
0225++ B266 C2011A027702DA024203B003130851089208D80822097009
0226++ B27E             frq_455: 	
0227++ B27E             		dw	455,543,637,735,840,951,22+2048,84+2048,150+2048,220+2048,294+2048,372+2048
0227++ B27E C7011F027D02DF024803B703160854089608DC0826097409
0228++ B296             frq_459: 	
0229++ B296             		dw	459,547,640,739,844,955,24+2048,87+2048,153+2048,223+2048,297+2048,375+2048
0229++ B296 CB0123028002E3024C03BB03180857089908DF0829097709
0230++ B2AE             frq_460: 	
0231++ B2AE             		dw	460,548,641,740,845,957,25+2048,88+2048,154+2048,224+2048,298+2048,376+2048
0231++ B2AE CC0124028102E4024D03BD03190858089A08E0082A097809
0232++ B2C6             frq_461: 	
0233++ B2C6             		dw	461,549,642,741,846,958,26+2048,88+2048,154+2048,224+2048,299+2048,377+2048
0233++ B2C6 CD0125028202E5024E03BE031A0858089A08E0082B097909
0234++ B2DE             frq_462: 	
0235++ B2DE             		dw	462,550,644,743,848,959,27+2048,89+2048,155+2048,225+2048,300+2048,378+2048
0235++ B2DE CE0126028402E7025003BF031B0859089B08E1082C097A09
0236++ B2F6             frq_480: 	
0237++ B2F6             		dw	480,569,664,764,870,983,39+2048,102+2048,169+2048,240+2048,316+2048,395+2048
0237++ B2F6 E00139029802FC026603D70327086608A908F0083C098B09
0238++ B30E             frq_507: 	
0239++ B30E             		dw	507,598,694,796,905,1019,58+2048,123+2048,191+2048,263+2048,340+2048,421+2048
0239++ B30E FB015602B6021C038903FB033A087B08BF0807095409A509
0240++ B326             frq_508: 	
0241++ B326             		dw	508,599,695,797,905,1019,58+2048,123+2048,191+2048,264+2048,341+2048,422+2048
0241++ B326 FC015702B7021D038903FB033A087B08BF0808095509A609
0242++ B33E             frq_519: 	
0243++ B33E             		dw	519,611,708,811,920,6+2048,67+2048,132+2048,201+2048,274+2048,351+2048,433+2048
0243++ B33E 07026302C4022B039803060843088408C90812095F09B109
0244++ B356             frq_531: 	
0245++ B356             		dw	531,623,721,825,935,14+2048,76+2048,141+2048,210+2048,284+2048,362+2048,444+2048
0245++ B356 13026F02D1023903A7030E084C088D08D2081C096A09BC09
0246++ B36E             frq_532: 	
0247++ B36E             		dw	532,624,722,826,936,14+2048,76+2048,141+2048,211+2048,284+2048,362+2048,445+2048
0247++ B36E 14027002D2023A03A8030E084C088D08D3081C096A09BD09
0248++ B386             frq_538: 	
0249++ B386             		dw	538,631,730,834,944,19+2048,81+2048,146+2048,216+2048,290+2048,368+2048,451+2048
0249++ B386 1A027702DA024203B003130851089208D80822097009C309
0250++ B39E             frq_545: 	
0251++ B39E             		dw	545,639,737,842,953,23+2048,86+2048,152+2048,221+2048,296+2048,374+2048,457+2048
0251++ B39E 21027F02E1024A03B903170856089808DD0828097609C909
0252++ B3B6             frq_548: 	
0253++ B3B6             		dw	548,642,741,846,957,25+2048,88+2048,154+2048,224+2048,298+2048,377+2048,460+2048
0253++ B3B6 24028202E5024E03BD03190858089A08E0082A097909CC09
0254++ B3CE             frq_550: 	
0255++ B3CE             		dw	550,643,742,848,959,26+2048,89+2048,155+2048,225+2048,299+2048,378+2048,461+2048
0255++ B3CE 26028302E6025003BF031A0859089B08E1082B097A09CD09
0256++ B3E6             frq_552: 	
0257++ B3E6             		dw	552,645,745,850,961,28+2048,90+2048,156+2048,227+2048,301+2048,380+2048,463+2048
0257++ B3E6 28028502E9025203C1031C085A089C08E3082D097C09CF09
0258++ B3FE             frq_555: 	
0259++ B3FE             		dw	555,648,748,853,965,30+2048,92+2048,159+2048,229+2048,304+2048,383+2048,467+2048
0259++ B3FE 2B028802EC025503C5031E085C089F08E50830097F09D309
0260++ B416             frq_556: 	
0261++ B416             		dw	556,650,749,855,967,30+2048,93+2048,160+2048,231+2048,305+2048,384+2048,467+2048
0261++ B416 2C028A02ED025703C7031E085D08A008E70831098009D309
0262++ B42E             frq_557: 	
0263++ B42E             		dw	557,651,750,856,967,31+2048,94+2048,160+2048,231+2048,305+2048,384+2048,468+2048
0263++ B42E 2D028B02EE025803C7031F085E08A008E70831098009D409
0264++ B446             frq_558: 	
0265++ B446             		dw	558,652,752,857,969,32+2048,95+2048,161+2048,232+2048,306+2048,385+2048,469+2048
0265++ B446 2E028C02F0025903C90320085F08A108E80832098109D509
0266++ B45E             frq_559: 	
0267++ B45E             		dw	559,653,753,858,970,32+2048,95+2048,162+2048,232+2048,307+2048,386+2048,470+2048
0267++ B45E 2F028D02F1025A03CA0320085F08A208E80833098209D609
0268++ B476             frq_560: 	
0269++ B476             		dw	560,654,753,859,971,33+2048,96+2048,162+2048,233+2048,308+2048,387+2048,471+2048
0269++ B476 30028E02F1025B03CB0321086008A208E90834098309D709
0270++ B48E             frq_579: 	
0271++ B48E             		dw	579,674,775,882,996,46+2048,110+2048,177+2048,248+2048,324+2048,404+2048,489+2048
0271++ B48E 4302A20207037203E4032E086E08B108F80844099409E909
0272++ B4A6             frq_616: 	
0273++ B4A6             		dw	616,713,816,926,9+2048,70+2048,135+2048,204+2048,277+2048,355+2048,437+2048,524+2048
0273++ B4A6 6802C90230039E03090846088708CC0815096309B5090C0A
0274++ B4BE             frq_627: 	
0275++ B4BE             		dw	627,725,829,939,16+2048,78+2048,143+2048,213+2048,286+2048,364+2048,447+2048,534+2048
0275++ B4BE 7302D5023D03AB0310084E088F08D5081E096C09BF09160A
0276++ B4D6             frq_630: 	
0277++ B4D6             		dw	630,729,833,943,18+2048,80+2048,146+2048,215+2048,289+2048,367+2048,450+2048,538+2048
0277++ B4D6 7602D9024103AF03120850089208D70821096F09C2091A0A
0278++ B4EE             frq_639: 	
0279++ B4EE             		dw	639,738,843,954,24+2048,86+2048,152+2048,222+2048,296+2048,375+2048,458+2048,546+2048
0279++ B4EE 7F02E2024B03BA03180856089808DE0828097709CA09220A
0280++ B506             frq_641: 	
0281++ B506             		dw	641,740,845,957,25+2048,88+2048,154+2048,224+2048,298+2048,376+2048,460+2048,548+2048
0281++ B506 8102E4024D03BD03190858089A08E0082A097809CC09240A
0282++ B51E             frq_645: 	
0283++ B51E             		dw	645,744,849,960,27+2048,90+2048,156+2048,226+2048,300+2048,380+2048,463+2048,552+2048
0283++ B51E 8502E8025103C0031B085A089C08E2082C097C09CF09280A
0284++ B536             frq_650: 	
0285++ B536             		dw	650,749,855,967,30+2048,93+2048,160+2048,230+2048,305+2048,384+2048,467+2048,556+2048
0285++ B536 8A02ED025703C7031E085D08A008E60831098009D3092C0A
0286++ B54E             frq_653: 	
0287++ B54E             		dw	653,753,858,970,32+2048,95+2048,162+2048,232+2048,307+2048,386+2048,470+2048,559+2048
0287++ B54E 8D02F1025A03CA0320085F08A208E80833098209D6092F0A
0288++ B566             frq_654: 	
0289++ B566             		dw	654,754,859,971,33+2048,96+2048,163+2048,233+2048,308+2048,387+2048,471+2048,560+2048
0289++ B566 8E02F2025B03CB0321086008A308E90834098309D709300A
0290++ B57E             frq_677: 	
0291++ B57E             		dw	677,778,886,999,48+2048,112+2048,179+2048,251+2048,326+2048,407+2048,492+2048,582+2048
0291++ B57E A5020A037603E70330087008B308FB0846099709EC09460A
0292++ B596             frq_679: 	
0293++ B596             		dw	679,781,888,1002,49+2048,113+2048,180+2048,252+2048,328+2048,408+2048,494+2048,584+2048
0293++ B596 A7020D037803EA0331087108B408FC0848099809EE09480A
0294++ B5AE             frq_698: 	
0295++ B5AE             		dw	698,801,909,0+2048,61+2048,125+2048,194+2048,266+2048,343+2048,424+2048,510+2048,601+2048
0295++ B5AE BA0221038D0300083D087D08C2080A095709A809FE09590A
0296++ B5C6             frq_701: 	
0297++ B5C6             		dw	701,805,913,2+2048,63+2048,127+2048,196+2048,268+2048,345+2048,427+2048,513+2048,604+2048
0297++ B5C6 BD022503910302083F087F08C4080C095909AB09010A5C0A
0298++ B5DE             frq_704: 	
0299++ B5DE             		dw	704,807,916,4+2048,65+2048,130+2048,198+2048,271+2048,348+2048,429+2048,516+2048,607+2048
0299++ B5DE C00227039403040841088208C6080F095C09AD09040A5F0A
0300++ B5F6             frq_708: 	
0301++ B5F6             		dw	708,810,920,6+2048,67+2048,132+2048,200+2048,273+2048,350+2048,432+2048,519+2048,610+2048
0301++ B5F6 C4022A039803060843088408C80811095E09B009070A620A
0302++ B60E             frq_715: 	
0303++ B60E             		dw	715,819,928,10+2048,72+2048,137+2048,206+2048,279+2048,356+2048,438+2048,525+2048,618+2048
0303++ B60E CB023303A0030A0848088908CE0817096409B6090D0A6A0A
0304++ B626             frq_721: 	
0305++ B626             		dw	721,825,935,13+2048,75+2048,141+2048,210+2048,283+2048,361+2048,443+2048,530+2048,623+2048
0305++ B626 D1023903A7030D084B088D08D2081B096909BB09120A6F0A
0306++ B63E             frq_726: 	
0307++ B63E             		dw	726,830,941,17+2048,79+2048,144+2048,214+2048,287+2048,365+2048,448+2048,535+2048,628+2048
0307++ B63E D6023E03AD0311084F089008D6081F096D09C009170A740A
0308++ B656             frq_727: 	
0309++ B656             		dw	727,831,942,18+2048,80+2048,145+2048,215+2048,288+2048,367+2048,449+2048,536+2048,629+2048
0309++ B656 D7023F03AE03120850089108D70820096F09C109180A750A
0310++ B66E             frq_733: 	
0311++ B66E             		dw	733,838,949,21+2048,83+2048,149+2048,219+2048,293+2048,371+2048,454+2048,542+2048,635+2048
0311++ B66E DD024603B503150853089508DB0825097309C6091E0A7B0A
0312++ B686             frq_737: 	
0313++ B686             		dw	737,842,953,23+2048,86+2048,152+2048,221+2048,296+2048,374+2048,457+2048,545+2048,639+2048
0313++ B686 E1024A03B903170856089808DD0828097609C909210A7F0A
0314++ B69E             frq_750: 	
0315++ B69E             		dw	750,855,967,31+2048,93+2048,160+2048,230+2048,305+2048,384+2048,467+2048,556+2048,650+2048
0315++ B69E EE025703C7031F085D08A008E60831098009D3092C0A8A0A
0316++ B6B6             frq_775: 	
0317++ B6B6             		dw	775,882,996,46+2048,110+2048,177+2048,248+2048,324+2048,404+2048,489+2048,579+2048,674+2048
0317++ B6B6 07037203E4032E086E08B108F80844099409E909430AA20A
0318++ B6CE             frq_809: 	
0319++ B6CE             		dw	809,918,5+2048,66+2048,131+2048,199+2048,272+2048,349+2048,431+2048,517+2048,609+2048,706+2048
0319++ B6CE 29039603050842088308C70810095D09AF09050A610AC20A
0320++ B6E6             frq_810: 	
0321++ B6E6             		dw	810,919,5+2048,66+2048,131+2048,200+2048,273+2048,350+2048,431+2048,518+2048,610+2048,707+2048
0321++ B6E6 2A039703050842088308C80811095E09AF09060A620AC30A
0322++ B6FE             frq_811: 	
0323++ B6FE             		dw	811,920,6+2048,67+2048,132+2048,201+2048,274+2048,351+2048,433+2048,519+2048,611+2048,708+2048
0323++ B6FE 2B039803060843088408C90812095F09B109070A630AC40A
0324++ B716             frq_815: 	
0325++ B716             		dw	815,925,8+2048,70+2048,135+2048,204+2048,277+2048,354+2048,436+2048,523+2048,615+2048,712+2048
0325++ B716 2F039D03080846088708CC0815096209B4090B0A670AC80A
0326++ B72E             frq_820: 	
0327++ B72E             		dw	820,929,11+2048,72+2048,137+2048,206+2048,280+2048,357+2048,439+2048,526+2048,618+2048,716+2048
0327++ B72E 3403A1030B0848088908CE0818096509B7090E0A6A0ACC0A
0328++ B746             frq_822: 	
0329++ B746             		dw	822,932,12+2048,73+2048,139+2048,208+2048,281+2048,359+2048,441+2048,528+2048,620+2048,718+2048
0329++ B746 3603A4030C0849088B08D00819096709B909100A6C0ACE0A
0330++ B75E             frq_823: 	
0331++ B75E             		dw	823,933,13+2048,74+2048,139+2048,209+2048,282+2048,360+2048,442+2048,529+2048,621+2048,719+2048
0331++ B75E 3703A5030D084A088B08D1081A096809BA09110A6D0ACF0A
0332++ B776             frq_824: 	
0333++ B776             		dw	824,934,13+2048,75+2048,140+2048,209+2048,283+2048,360+2048,443+2048,530+2048,622+2048,720+2048
0333++ B776 3803A6030D084B088C08D1081B096809BB09120A6E0AD00A
0334++ B78E             frq_828: 	
0335++ B78E             		dw	828,938,15+2048,77+2048,143+2048,212+2048,286+2048,363+2048,446+2048,533+2048,626+2048,724+2048
0335++ B78E 3C03AA030F084D088F08D4081E096B09BE09150A720AD40A
0336++ B7A6             frq_831: 	
0337++ B7A6             		dw	831,942,17+2048,79+2048,145+2048,214+2048,288+2048,366+2048,449+2048,536+2048,629+2048,727+2048
0337++ B7A6 3F03AE0311084F089108D60820096E09C109180A750AD70A
0338++ B7BE             frq_832: 	
0339++ B7BE             		dw	832,942,18+2048,80+2048,145+2048,215+2048,288+2048,367+2048,449+2048,537+2048,630+2048,728+2048
0339++ B7BE 4003AE03120850089108D70820096F09C109190A760AD80A
0340++ B7D6             frq_833: 	
0341++ B7D6             		dw	833,943,18+2048,80+2048,146+2048,215+2048,289+2048,367+2048,450+2048,538+2048,630+2048,729+2048
0341++ B7D6 4103AF03120850089208D70821096F09C2091A0A760AD90A
0342++ B7EE             frq_835: 	
0343++ B7EE             		dw	835,946,20+2048,82+2048,147+2048,217+2048,291+2048,369+2048,452+2048,540+2048,633+2048,731+2048
0343++ B7EE 4303B203140852089308D90823097109C4091C0A790ADB0A
0344++ B806             frq_842: 	
0345++ B806             		dw	842,953,23+2048,86+2048,152+2048,222+2048,296+2048,374+2048,457+2048,545+2048,639+2048,737+2048
0345++ B806 4A03B903170856089808DE0828097609C909210A7F0AE10A
0346++ B81E             frq_843: 	
0347++ B81E             		dw	843,954,24+2048,86+2048,152+2048,222+2048,296+2048,375+2048,458+2048,546+2048,639+2048,738+2048
0347++ B81E 4B03BA03180856089808DE0828097709CA09220A7F0AE20A
0348++ B836             frq_844: 	
0349++ B836             		dw	844,955,24+2048,87+2048,153+2048,223+2048,297+2048,375+2048,459+2048,547+2048,640+2048,739+2048
0349++ B836 4C03BB03180857089908DF0829097709CB09230A800AE30A
0350++ B84E             frq_847: 	
0351++ B84E             		dw	847,959,26+2048,89+2048,155+2048,225+2048,299+2048,378+2048,461+2048,550+2048,643+2048,742+2048
0351++ B84E 4F03BF031A0859089B08E1082B097A09CD09260A830AE60A
0352++ B866             frq_852: 	
0353++ B866             		dw	852,964,29+2048,92+2048,158+2048,228+2048,303+2048,382+2048,465+2048,554+2048,648+2048,747+2048
0353++ B866 5403C4031D085C089E08E4082F097E09D1092A0A880AEB0A
0354++ B87E             frq_874: 	
0355++ B87E             		dw	874,986,41+2048,104+2048,171+2048,243+2048,318+2048,398+2048,482+2048,572+2048,667+2048,767+2048
0355++ B87E 6A03DA0329086808AB08F3083E098E09E2093C0A9B0AFF0A
0356++ B896             frq_908: 	
0357++ B896             		dw	908,1023,60+2048,125+2048,193+2048,265+2048,342+2048,423+2048,509+2048,601+2048,697+2048,800+2048
0357++ B896 8C03FF033C087D08C10809095609A709FD09590AB90A200B
0358++ B8AE             frq_909: 	
0359++ B8AE             		dw	909,0+2048,61+1025,125+2048,194+2048,266+2048,343+2048,424+2048,510+2048,601+2048,698+2048,801+2048
0359++ B8AE 8D0300083E047D08C2080A095709A809FE09590ABA0A210B
0360++ B8C6             frq_916: 	
0361++ B8C6             		dw	916,4+2048,65+2048,130+2048,198+2048,271+2048,347+2048,429+2048,515+2048,607+2048,704+2048,807+2048
0361++ B8C6 9403040841088208C6080F095B09AD09030A5F0AC00A270B
0362++ B8DE             frq_918: 	
0363++ B8DE             		dw	918,5+2048,66+2048,131+2048,199+2048,272+2048,349+2048,431+2048,517+2048,609+2048,706+2048,809+2048
0363++ B8DE 9603050842088308C70810095D09AF09050A610AC20A290B
0364++ B8F6             frq_920: 	
0365++ B8F6             		dw	920,6+2048,67+2048,132+2048,201+2048,274+2048,351+2048,433+2048,519+2048,611+2048,708+2048,811+2048
0365++ B8F6 9803060843088408C90812095F09B109070A630AC40A2B0B
0366++ B90E             frq_921: 	
0367++ B90E             		dw	921,7+2048,68+2048,133+2048,202+2048,274+2048,352+2048,433+2048,520+2048,612+2048,709+2048,812+2048
0367++ B90E 9903070844088508CA0812096009B109080A640AC50A2C0B
0368++ B926             frq_925: 	
0369++ B926             		dw	925,8+2048,70+2048,135+2048,204+2048,277+2048,354+2048,436+2048,523+2048,615+2048,712+2048,815+2048
0369++ B926 9D03080846088708CC0815096209B4090B0A670AC80A2F0B
0370++ B93E             frq_926: 	
0371++ B93E             		dw	926,9+2048,70+2048,135+2048,204+2048,277+2048,355+2048,437+2048,523+2048,615+2048,713+2048,816+2048
0371++ B93E 9E03090846088708CC0815096309B5090B0A670AC90A300B
0372++ B956             frq_927: 	
0373++ B956             		dw	927,10+2048,71+2048,136+2048,205+2048,278+2048,356+2048,438+2048,525+2048,617+2048,715+2048,818+2048
0373++ B956 9F030A0847088808CD0816096409B6090D0A690ACB0A320B
0374++ B96E             frq_929: 	
0375++ B96E             		dw	929,11+2048,72+2048,137+2048,206+2048,280+2048,357+2048,439+2048,526+2048,618+2048,716+2048,820+2048
0375++ B96E A1030B0848088908CE0818096509B7090E0A6A0ACC0A340B
0376++ B986             frq_931: 	
0377++ B986             		dw	931,12+2048,73+2048,138+2048,208+2048,281+2048,358+2048,441+2048,528+2048,620+2048,718+2048,821+2048
0377++ B986 A3030C0849088A08D00819096609B909100A6C0ACE0A350B
0378++ B99E             frq_935: 	
0379++ B99E             		dw	935,13+2048,75+2048,141+2048,210+2048,283+2048,361+2048,443+2048,530+2048,623+2048,721+2048,825+2048
0379++ B99E A7030D084B088D08D2081B096909BB09120A6F0AD10A390B
0380++ B9B6             frq_936: 	
0381++ B9B6             		dw	936,14+2048,76+2048,142+2048,211+2048,284+2048,362+2048,444+2048,532+2048,624+2048,722+2048,826+2048
0381++ B9B6 A8030E084C088E08D3081C096A09BC09140A700AD20A3A0B
0382++ B9CE             frq_937: 	
0383++ B9CE             		dw	937,15+2048,77+2048,142+2048,211+2048,285+2048,363+2048,445+2048,533+2048,625+2048,723+2048,827+2048
0383++ B9CE A9030F084D088E08D3081D096B09BD09150A710AD30A3B0B
0384++ B9E6             frq_939: 	
0385++ B9E6             		dw	939,16+2048,78+2048,143+2048,213+2048,286+2048,364+2048,447+2048,534+2048,627+2048,725+2048,829+2048
0385++ B9E6 AB0310084E088F08D5081E096C09BF09160A730AD50A3D0B
0386++ B9FE             frq_941: 	
0387++ B9FE             		dw	941,17+2048,79+2048,144+2048,214+2048,287+2048,365+2048,448+2048,535+2048,628+2048,726+2048,830+2048
0387++ B9FE AD0311084F089008D6081F096D09C009170A740AD60A3E0B
0388++ BA16             frq_942: 	
0389++ BA16             		dw	942,18+2048,80+2048,145+2048,215+2048,288+2048,367+2048,449+2048,537+2048,630+2048,728+2048,832+2048
0389++ BA16 AE03120850089108D70820096F09C109190A760AD80A400B
0390++ BA2E             frq_944: 	
0391++ BA2E             		dw	944,19+2048,80+2048,146+2048,216+2048,289+2048,368+2048,450+2048,538+2048,631+2048,729+2048,834+2048
0391++ BA2E B003130850089208D80821097009C2091A0A770AD90A420B
0392++ BA46             frq_949: 	
0393++ BA46             		dw	949,21+2048,83+2048,149+2048,218+2048,292+2048,371+2048,454+2048,542+2048,635+2048,733+2048,838+2048
0393++ BA46 B503150853089508DA0824097309C6091E0A7B0ADD0A460B
0394++ BA5E             frq_950: 	
0395++ BA5E             		dw	950,22+2048,84+2048,150+2048,219+2048,293+2048,372+2048,455+2048,543+2048,636+2048,734+2048,839+2048
0395++ BA5E B603160854089608DB0825097409C7091F0A7C0ADE0A470B
0396++ BA76             frq_951: 	
0397++ BA76             		dw	951,22+2048,85+2048,151+2048,220+2048,294+2048,372+2048,456+2048,543+2048,637+2048,736+2048,841+2048
0397++ BA76 B703160855089708DC0826097409C8091F0A7D0AE00A490B
0398++ BA8E             frq_952: 	
0399++ BA8E             		dw	952,23+2048,85+2048,151+2048,221+2048,295+2048,373+2048,456+2048,544+2048,638+2048,736+2048,841+2048
0399++ BA8E B803170855089708DD0827097509C809200A7E0AE00A490B
0400++ BAA6             frq_953: 	
0401++ BAA6             		dw	953,23+2048,86+2048,152+2048,221+2048,296+2048,374+2048,457+2048,545+2048,639+2048,737+2048,842+2048
0401++ BAA6 B903170856089808DD0828097609C909210A7F0AE10A4A0B
0402++ BABE             frq_964: 	
0403++ BABE             		dw	964,29+2048,92+2048,158+2048,228+2048,303+2048,382+2048,466+2048,554+2048,648+2048,747+2048,852+2048
0403++ BABE C4031D085C089E08E4082F097E09D2092A0A880AEB0A540B
0404++ BAD6             frq_966: 	
0405++ BAD6             		dw	966,30+2048,93+2048,159+2048,229+2048,304+2048,383+2048,467+2048,555+2048,649+2048,749+2048,854+2048
0405++ BAD6 C6031E085D089F08E50830097F09D3092B0A890AED0A560B
0406++ BAEE             frq_969: 	
0407++ BAEE             		dw	969,32+2048,95+2048,161+2048,232+2048,306+2048,385+2048,469+2048,558+2048,652+2048,752+2048,857+2048
0407++ BAEE C90320085F08A108E80832098109D5092E0A8C0AF00A590B
0408++ BB06             frq_974: 	
0409++ BB06             		dw	974,34+2048,97+2048,164+2048,235+2048,310+2048,389+2048,473+2048,562+2048,656+2048,756+2048,862+2048
0409++ BB06 CE0322086108A408EB0836098509D909320A900AF40A5E0B
0410++ BB1E             frq_977: 	
0411++ BB1E             		dw	977,36+2048,99+2048,166+2048,237+2048,312+2048,391+2048,475+2048,564+2048,659+2048,759+2048,865+2048
0411++ BB1E D10324086308A608ED0838098709DB09340A930AF70A610B
0412++ BB36             frq_978: 	
0413++ BB36             		dw	978,37+2048,100+2048,167+2048,238+2048,313+2048,392+2048,476+2048,565+2048,660+2048,760+2048,866+2048
0413++ BB36 D20325086408A708EE0839098809DC09350A940AF80A620B
0414++ BB4E             frq_1018: 	
0415++ BB4E             		dw	1018,58+2048,122+2048,190+2048,263+2048,339+2048,420+2048,506+2048,597+2048,693+2048,796+2048,904+2048
0415++ BB4E FA033A087A08BE0807095309A409FA09550AB50A1C0B880B
0416++ BB66             
0417++ BB66             
1694+  BB66             
0580   BB66             
0581   BB66             MoonSound_end: 
0582   BB66             		.savebin "moonsound.bin",MoonSound_Start, MoonSound_end - MoonSound_Start
0583   BB66             
0584   BB66             
0585   BB66             		.end
0586   BB66             
0587   BB66             
