0001   0000             ;--------------------------------------------------------------------
0002   0000             ; ЋЇЁб ­ЁҐ: Џа®Ја ¬¬  Їа®ЁЈалў ­Ёп а §­ле §ўгЄ®ўле ¬®¤г«Ґ© Amstrad CPC
0003   0000             ; Ї®¤¤Ґа¦Є  ў ¦Ґ«Ґ§Ґ: ZXM-MoonSound
0004   0000             ; Ђўв®а Ї®ав : ’ а б®ў Њ.Ќ.(Mick),2014
0005   0000             ;--------------------------------------------------------------------
0006   0000             		DEVICE ZXSPECTRUM128
0007   0000             
0008   0000             		.org 	6200h
0009   6200             
0010   6200             ;-------------------------------------------------------------------
0011   6200             ; ®ЇЁб ­ЁҐ: ’®зЄ  ўе®¤  ў Їа®Ја ¬¬г Ї®б«Ґ ЇҐаҐ¤ зЁ гЇа ў«Ґ­Ёп Ё§ Ћ‘
0012   6200             ;---------------------------------------------------------------------
0013   6200             MoonSound_Start: 		
0014   6200 AF          		xor	a               		;Ў®а¤Ґа ў зҐа­л© жўҐв
0015   6201 D3 FE       		out	(0feh),a	
0016   6203 32 3B 65    		ld	(MoonSound_count_music),a	;бзҐвзЁЄ ­®¬Ґа  ¬г§лЄЁ
0017   6206 32 3A 65    		ld	(MoonSound_number_music),a
0018   6209 32 39 65                    ld	(MoonSound_flg_next),a
0019   620C             
0020   620C 21 00 40    		ld	hl,4000h
0021   620F 11 01 40    		ld	de,4001h
0022   6212 01 00 1B    		ld	bc,1b00h
0023   6215 71          		ld	(hl),c
0024   6216 ED B0       		ldir
0025   6218             		
0026   6218 21 00 40    		ld	hl,4000h			;Јаг§Ё¬ нЄа ­
0027   621B ED 5B F4 5C 		ld	de,(5CF4h)
0028   621F 01 05 1B    		ld	bc,1B05h
0029   6222 CD 13 3D    		call	3d13h
0030   6225 CD 74 67    		call	Str_init_load
0031   6228 FB          		ei
0032   6229             MoonSound_loading: 
0033   6229 76          		halt
0034   622A 06 00       		ld	b,0
0035   622C             MoonSound_wait: 
0036   622C 10 FE       		djnz	MoonSound_wait			
0037   622E CD 86 67    		call	Str_play
0038   6231 38 02       		jr	c,MoonSound_load
0039   6233 30 F4       		jr	nc,MoonSound_loading	
0040   6235             MoonSound_load: 
0041   6235 F3          		di                                      ;­  ўбпЄЁ© Ї®¦ а­л© § ЇаҐвЁ¬ ЇаҐалў ­Ёп
0042   6236 3E 11       		ld	a,11h 
0043   6238 01 FD 7F    		ld	bc,7ffdh
0044   623B ED 79       		out	(c),a
0045   623D 21 00 C0    		ld	hl,0C000h			;Јаг§Ё¬ ¬г§лЄ «м­л© Ї Є 0.
0046   6240 ED 5B F4 5C 		ld	de,(5CF4h)
0047   6244 01 05 3C    		ld	bc,3C05h
0048   6247 CD 13 3D    		call	3d13h
0049   624A             
0050   624A 3E 13       		ld	a,13h 
0051   624C 01 FD 7F    		ld	bc,7ffdh
0052   624F ED 79       		out	(c),a
0053   6251 21 00 C0    		ld	hl,0C000h			;Јаг§Ё¬ ¬г§лЄ «м­л© Ї Є 1.
0054   6254 ED 5B F4 5C 		ld	de,(5CF4h)
0055   6258 01 05 3C    		ld	bc,3C05h
0056   625B CD 13 3D    		call	3d13h
0057   625E             
0058   625E 3E 14       		ld	a,14h 
0059   6260 01 FD 7F    		ld	bc,7ffdh
0060   6263 ED 79       		out	(c),a
0061   6265 21 00 C0    		ld	hl,0C000h			;Јаг§Ё¬ ¬г§лЄ «м­л© Ї Є 2.
0062   6268 ED 5B F4 5C 		ld	de,(5CF4h)
0063   626C 01 05 32    		ld	bc,3205h
0064   626F CD 13 3D    		call	3d13h
0065   6272             		
0066   6272 3E 16       		ld	a,16h 
0067   6274 01 FD 7F    		ld	bc,7ffdh
0068   6277 ED 79       		out	(c),a
0069   6279 21 00 C0    		ld	hl,0C000h			;Јаг§Ё¬ ¬г§лЄ «м­л© Ї Є 3
0070   627C ED 5B F4 5C 		ld	de,(5CF4h)
0071   6280 01 05 34    		ld	bc,3405h
0072   6283 CD 13 3D    		call	3d13h
0073   6286             
0074   6286 3E 17       		ld	a,17h 
0075   6288 01 FD 7F    		ld	bc,7ffdh
0076   628B ED 79       		out	(c),a
0077   628D 21 00 C0    		ld	hl,0C000h			;Јаг§Ё¬ ¬г§лЄ «м­л© Ї Є 4
0078   6290 ED 5B F4 5C 		ld	de,(5CF4h)
0079   6294 01 05 39    		ld	bc,3905h
0080   6297 CD 13 3D    		call	3d13h
0081   629A             
0082   629A 31 FF 5F    		ld	sp,5fffh
0083   629D 3E 10       		ld	a,10h 
0084   629F 01 FD 7F    		ld	bc,7ffdh
0085   62A2 ED 79       		out	(c),a
0086   62A4             
0087   62A4 CD 67 67    		call	Str_init			;Ё­ЁжЁ «Ё§ жЁп ЎҐЈгйҐ© бва®ЄЁ
0088   62A7 CD 37 67    		call	Analyzer_init			
0089   62AA             
0090   62AA CD 26 64    		call	MoonSound_view_number
0091   62AD CD BF 63    		call	MoonSound_time_init
0092   62B0             
0093   62B0             
0094   62B0 21 00 60    		ld	hl,6000h                       	
0095   62B3 11 01 60    		ld	de,6001h
0096   62B6 01 00 01    		ld	bc,0100h
0097   62B9 36 61       		ld	(hl),61h
0098   62BB ED B0       		ldir
0099   62BD 3E C3       		ld	a,0c3h                          
0100   62BF 32 61 61    		ld	(6161h),a
0101   62C2 21 4C 66    		ld	hl,Interrupt_handle
0102   62C5 22 62 61    		ld	(6162h),hl
0103   62C8             
0104   62C8 3E 60       		ld	a,60h                          
0105   62CA ED 47       		ld	i,a
0106   62CC ED 5E       		im	2
0107   62CE             
0108   62CE AF          		xor	a
0109   62CF C3 06 63    		jp	MoonSound_next_music
0110   62D2             
0111   62D2             ;		ei
0112   62D2             
0113   62D2             MoonSound_key: 		
0114   62D2 AF          		xor	a
0115   62D3 32 3D 65                    ld	(MoonSound_key_press),a
0116   62D6             MoonSound_loop: 		
0117   62D6 76          		halt
0118   62D7             
0119   62D7 3A 39 65                    ld	a,(MoonSound_flg_next)
0120   62DA A7          		and	a
0121   62DB 20 1C       		jr	nz,MoonSound_select_next 	
0122   62DD             
0123   62DD 3E 7F       		ld	a,7fh				;®¦Ё¤ Ґ¬ Їа®ЎҐ« - ЇҐаҐе®¤ Є б«Ґ¤гойҐ© Є®¬Ї®§ЁжЁЁ
0124   62DF DB FE       		in	a,(0feh)
0125   62E1 1F          		rra	
0126   62E2 38 EE       		jr	c,MoonSound_key
0127   62E4             
0128   62E4 3E FE       		ld	a,0FEh
0129   62E6 DB FE       		in	a,(0FEh)
0130   62E8 1F          		rra	    
0131   62E9 D2 B4 63    		jp	nc,MoonSound_exit
0132   62EC             
0133   62EC 3A 3D 65    		ld	a,(MoonSound_key_press)
0134   62EF A7          		and	a
0135   62F0 20 E4       		jr	nz,MoonSound_loop
0136   62F2             
0137   62F2 3C          		inc	a
0138   62F3 32 3D 65                    ld	(MoonSound_key_press),a
0139   62F6             
0140   62F6 CD 64 81    		call	MBPlayer_stop
0141   62F9             
0142   62F9             MoonSound_select_next: 
0143   62F9 AF          		xor	a
0144   62FA 32 39 65                    ld	(MoonSound_flg_next),a
0145   62FD             
0146   62FD 3A 3B 65    		ld	a,(MoonSound_count_music)
0147   6300 3C          		inc	a
0148   6301 FE 08       		cp	8
0149   6303 38 01       		jr	c,MoonSound_next_music
0150   6305 AF          		xor	a
0151   6306             
0152   6306             MoonSound_next_music: 
0153   6306 F3          		di	
0154   6307 32 3B 65    		ld	(MoonSound_count_music),a
0155   630A 6F          		ld	l,a
0156   630B 5F          		ld	e,a
0157   630C 26 00       		ld	h,0
0158   630E 54          		ld	d,h
0159   630F 29          		add	hl,hl
0160   6310 29          		add	hl,hl
0161   6311 19          		add	hl,de
0162   6312 11 8C 63    		ld	de,MoonSound_tabl_music
0163   6315 19          		add	hl,de
0164   6316 7E          		ld	a,(hl)				;­®¬Ґа бва ­Ёжл Ї ¬пвЁ
0165   6317 32 3C 65    		ld	(MoonSound_page_memory),a
0166   631A 23          		inc	hl
0167   631B 5E          		ld	e,(hl)				; ¤аҐб ваҐЄ                           
0168   631C 23          		inc	hl
0169   631D 56          		ld	d,(hl)
0170   631E 23          		inc	hl
0171   631F 7E          		ld	a,(hl)                          ;зЁб«® ­ҐЇ®«­ле Ў ©в
0172   6320 23          		inc	hl
0173   6321 46          		ld	b,(hl)				;зЁб«® бҐЄв®а®ў
0174   6322 A7          		and	a
0175   6323 28 01       		jr	z,MoonSound_copy_block
0176   6325 04          		inc	b	
0177   6326             
0178   6326             MoonSound_copy_block: 
0179   6326 21 00 C2    		ld	hl,0C200h
0180   6329 22 41 65    		ld	(MoonSound_copy_addr),hl
0181   632C EB          		ex	hl,de
0182   632D             
0183   632D             MoonSound_copy_loop: 
0184   632D C5          		push	bc
0185   632E 3A 3C 65    		ld	a,(MoonSound_page_memory)	;§ Јаг§Ё¬ ­®¬Ґа бва ­Ёжл Ї ¬пвЁ
0186   6331 01 FD 7F    		ld	bc,7ffdh
0187   6334 ED 79       		out	(c),a
0188   6336             
0189   6336 11 43 65    		ld	de,MoonSound_copy_buffer
0190   6339 01 00 01    		ld	bc,100h
0191   633C ED B0       		ldir
0192   633E E5          		push	hl
0193   633F 3E 10       		ld	a,10h
0194   6341 01 FD 7F    		ld	bc,7ffdh
0195   6344 ED 79       		out	(c),a
0196   6346 2A 41 65    		ld	hl,(MoonSound_copy_addr)
0197   6349 11 43 65    		ld	de,MoonSound_copy_buffer
0198   634C EB          		ex	hl,de
0199   634D 01 00 01    		ld	bc,100h
0200   6350 ED B0       		ldir
0201   6352 EB          		ex	hl,de
0202   6353 22 41 65    		ld	(MoonSound_copy_addr),hl
0203   6356 E1          		pop	hl
0204   6357 C1          		pop	bc
0205   6358 10 D3       		djnz	MoonSound_copy_loop
0206   635A             
0207   635A CD 5E 64    		call	MoonSound_mwmload
0208   635D             
0209   635D 21 00 C0    		ld	hl,0C000h
0210   6360 22 46 8F    		ld	(MBPlayer_songdata_addres),hl
0211   6363             
0212   6363 CD 5E 81    		call	MBPlayer_init
0213   6366             
0214   6366 3A 3A 65    		ld	a,(MoonSound_number_music)
0215   6369 3C          		inc	a
0216   636A 4F          		ld	c,a
0217   636B E6 0F       		and	0Fh
0218   636D FE 0A       		cp	10
0219   636F 38 04       		jr	c,MoonSound_number_correct
0220   6371 3E 06       		ld	a,6
0221   6373 81          		add	c
0222   6374 4F          		ld	c,a
0223   6375             
0224   6375             MoonSound_number_correct: 
0225   6375 79          		ld	a,c
0226   6376 32 3A 65    		ld	(MoonSound_number_music),a
0227   6379 FE 09       		cp	09h
0228   637B 38 02       		jr	c,MoonSound_number_valid
0229   637D 3E 01       		ld	a,1
0230   637F             
0231   637F             MoonSound_number_valid: 
0232   637F 32 3A 65    		ld	(MoonSound_number_music),a
0233   6382 CD 26 64    		call	MoonSound_view_number
0234   6385 CD BF 63    		call	MoonSound_time_init
0235   6388             
0236   6388 FB          		ei
0237   6389 C3 D6 62    		jp      MoonSound_loop
0238   638C             
0239   638C             MoonSound_tabl_music: 
0240   638C 11          		db	11h   				; 1 ¬г§лЄ «м­®Ґ Їа®Ё§ўҐ¤Ґ­ЁҐ
0241   638D 00 C0       		dw	0C000h
0242   638F 00 3C       		dw	3C00h
0243   6391             
0244   6391 13          		db	13h   				; 2 ¬г§лЄ «м­®Ґ Їа®Ё§ўҐ¤Ґ­ЁҐ
0245   6392 00 C0       		dw	0C000h
0246   6394 B0 31       		dw	31B0h
0247   6396 13          		db	13h   				; 3 ¬г§лЄ «м­®Ґ Їа®Ё§ўҐ¤Ґ­ЁҐ
0248   6397 B0 F1       		dw	0F1B0h
0249   6399 D0 09       		dw	09D0h
0250   639B             
0251   639B 14          		db	14h   				; 4 ¬г§лЄ «м­®Ґ Їа®Ё§ўҐ¤Ґ­ЁҐ
0252   639C 00 C0       		dw	0C000h
0253   639E 80 31       		dw	3180h
0254   63A0             
0255   63A0 16          		db	16h   				; 5 ¬г§лЄ «м­®Ґ Їа®Ё§ўҐ¤Ґ­ЁҐ
0256   63A1 00 C0       		dw	0C000h
0257   63A3 50 33       		dw	3350h
0258   63A5             
0259   63A5 17          		db	17h   				; 6 ¬г§лЄ «м­®Ґ Їа®Ё§ўҐ¤Ґ­ЁҐ
0260   63A6 00 C0       		dw	0C000h
0261   63A8 50 12       		dw	1250h
0262   63AA 17          		db	17h   				; 7 ¬г§лЄ «м­®Ґ Їа®Ё§ўҐ¤Ґ­ЁҐ
0263   63AB 50 D2       		dw	0D250h
0264   63AD 40 15       		dw	1540h
0265   63AF 17          		db	17h   				; 8 ¬г§лЄ «м­®Ґ Їа®Ё§ўҐ¤Ґ­ЁҐ
0266   63B0 90 E7       		dw	0E790h
0267   63B2 30 11       		dw	1130h
0268   63B4             
0269   63B4             
0270   63B4             MoonSound_exit: 		
0271   63B4 F3          		di	
0272   63B5 CD 64 81    		call	MBPlayer_stop
0273   63B8 21 00 00    		ld	hl,0	
0274   63BB E5          		push	hl
0275   63BC C3 2F 3D          		jp  	3d2fh				;ўле®¤ ў TR-DOS
0276   63BF             
0277   63BF             
0278   63BF             MoonSound_time_init: 
0279   63BF AF          		xor	a
0280   63C0 32 3E 65                    ld	(MoonSound_time_int),a
0281   63C3 32 3F 65    		ld	(MoonSound_time_count),a		
0282   63C6 32 40 65    		ld	(MoonSound_time_minute),a
0283   63C9 18 38       		jr	MoonSound_time_draw
0284   63CB             
0285   63CB             MoonSound_time_view: 
0286   63CB 3A 3E 65                    ld	a,(MoonSound_time_int)
0287   63CE 3C          		inc	a
0288   63CF 32 3E 65                    ld	(MoonSound_time_int),a
0289   63D2 FE 32       		cp	50
0290   63D4 D8          		ret	c
0291   63D5 AF          		xor	a
0292   63D6 32 3E 65                    ld	(MoonSound_time_int),a
0293   63D9 3A 3F 65                    ld	a,(MoonSound_time_count)
0294   63DC 3C          		inc	a
0295   63DD 4F          		ld	c,a
0296   63DE E6 0F       		and	0Fh
0297   63E0 FE 0A       		cp	10
0298   63E2 38 04       		jr	c,MoonSound_time_next
0299   63E4 3E 06       		ld	a,6
0300   63E6 81          		add	c
0301   63E7 4F          		ld	c,a
0302   63E8             MoonSound_time_next: 
0303   63E8 79          		ld	a,c
0304   63E9 32 3F 65    		ld	(MoonSound_time_count),a		
0305   63EC FE 60       		cp	60h
0306   63EE 38 13       		jr	c,MoonSound_time_draw
0307   63F0 AF          		xor	a
0308   63F1 32 3F 65    		ld	(MoonSound_time_count),a		
0309   63F4 3A 40 65    		ld	a,(MoonSound_time_minute)
0310   63F7 3C          		inc	a
0311   63F8 32 40 65    		ld	(MoonSound_time_minute),a
0312   63FB FE 0A       		cp	10
0313   63FD 38 04       		jr	c,MoonSound_time_draw
0314   63FF AF          		xor	a
0315   6400 32 40 65    		ld	(MoonSound_time_minute),a
0316   6403             MoonSound_time_draw: 
0317   6403 3A 40 65    		ld	a,(MoonSound_time_minute)
0318   6406 E6 0F       		and	0Fh
0319   6408 21 5B 40    		ld	hl,405Bh
0320   640B CD 39 64    		call 	MoonSound_view_symbol
0321   640E 3A 3F 65    		ld	a,(MoonSound_time_count)
0322   6411 4F          		ld	c,a
0323   6412 E6 F0       		and	0F0h
0324   6414 0F          		rrca
0325   6415 0F          		rrca
0326   6416 0F          		rrca
0327   6417 0F          		rrca
0328   6418 21 5D 40    		ld	hl,405Dh
0329   641B CD 39 64    		call	MoonSound_view_symbol
0330   641E 79          		ld	a,c
0331   641F E6 0F       		and	0Fh
0332   6421 21 5E 40    		ld	hl,405Eh
0333   6424 18 13       		jr	MoonSound_view_symbol
0334   6426              
0335   6426             MoonSound_view_number: 
0336   6426 4F          		ld	c,a
0337   6427 E6 F0       		and	0F0h
0338   6429 0F          		rrca
0339   642A 0F          		rrca
0340   642B 0F          		rrca
0341   642C 0F          		rrca
0342   642D 21 29 48    		ld	hl,4829h
0343   6430 CD 39 64    		call	MoonSound_view_symbol
0344   6433 79          		ld	a,c
0345   6434 E6 0F       		and	0Fh
0346   6436 21 2A 48    		ld	hl,482Ah
0347   6439             
0348   6439             MoonSound_view_symbol: 
0349   6439 E5          		push	hl
0350   643A 26 00       		ld	h,0
0351   643C 6F          		ld	l,a
0352   643D 29          		add	hl,hl
0353   643E 29          		add	hl,hl
0354   643F 29          		add	hl,hl
0355   6440 11 E9 64    		ld	de,MoonSound_table_symbol
0356   6443 19          	        add	hl,de	
0357   6444 EB          		ex	de,hl
0358   6445 E1          		pop	hl
0359   6446 06 08       		ld	b,8
0360   6448             
0361   6448             MoonSound_view_loop: 
0362   6448 1A          		ld	a,(de)
0363   6449 77          		ld	(hl),a
0364   644A 13          		inc	de		
0365   644B 24          		inc	h
0366   644C 7C          		ld	a,h
0367   644D E6 07       		and	7
0368   644F 20 0A       		jr	nz,MoonSound_next_line
0369   6451 7D          		ld	a,l
0370   6452 C6 20       		add	a,20h
0371   6454 6F          		ld	l,a
0372   6455 38 04       		jr	c,MoonSound_next_line
0373   6457 7C          		ld	a,h
0374   6458 D6 08       		sub	8
0375   645A 67          		ld	h,a
0376   645B             MoonSound_next_line: 
0377   645B 10 EB       		djnz	MoonSound_view_loop
0378   645D C9          		ret	
0379   645E             
0380   645E             MoonSound_mwmload: 
0381   645E 21 00 C2    		ld	hl,0C200h
0382   6461 22 47 66    		ld	(load_position),hl
0383   6464 21 00 C0    		ld	hl,0C000h
0384   6467 22 46 8F    		ld	(MBPlayer_songdata_addres),hl
0385   646A             
0386   646A             ;--- Load MWM file ---
0387   646A             
0388   646A             ; Note: The routine below is a bit complex because it supports
0389   646A             ; songs > 16K. However, if you know that your song will always be < 16K you
0390   646A             ; can simplify it a lot:
0391   646A             ; - read the header and trash it!
0392   646A             ; - read the rest of the file
0393   646A             ; - modify the play_nextpos routine so that 3 is added to the pattern address
0394   646A             
0395   646A             mbload: 
0396   646A             
0397   646A 21 45 8F    		ld	hl,MBPlayer_songdata_bank1	; select first song bank
0398   646D 22 45 66    		ld	(load_bank),hl
0399   6470 7E          		ld	a,(hl)
0400   6471             
0401   6471 21 06 00    		ld	hl,6
0402   6474 ED 5B 46 8F 		ld	de,(MBPlayer_songdata_addres)
0403   6478 CD C8 64    		call	load_file			; read header
0404   647B             
0405   647B 21 2C 03    		ld	hl,812
0406   647E ED 5B 46 8F 		ld	de,(MBPlayer_songdata_addres)		; read settings
0407   6482 CD C8 64    		call	load_file
0408   6485 1A          		ld	a,(de)
0409   6486 19          		add	hl,de
0410   6487 EB          		ex	de,hl
0411   6488 3C          		inc	a
0412   6489 6F          		ld	l,a
0413   648A 26 00       		ld	h,0
0414   648C CD C8 64    		call	load_file			; read positions
0415   648F CD D9 64    		call	check_pats
0416   6492 19          		add	hl,de
0417   6493 EB          		ex	de,hl
0418   6494 87          		add	a,a
0419   6495 6F          		ld	l,a
0420   6496 26 00       		ld	h,0
0421   6498 CD C8 64    		call	load_file			; read pattern addresses
0422   649B 19          		add	hl,de
0423   649C 22 43 66    		ld	(load_adres),hl
0424   649F             
0425   649F             mbload_lp: 
0426   649F 11 49 66    		ld	de,load_buffer
0427   64A2 21 03 00    		ld	hl,3
0428   64A5 CD C8 64    		call	load_file
0429   64A8 3A 4B 66    		ld	a,(load_buffer + 2)
0430   64AB B7          		or	a
0431   64AC C8          		ret	z
0432   64AD ED 5B 43 66 		ld	de,(load_adres)
0433   64B1 2A 49 66    		ld	hl,(load_buffer)
0434   64B4 CD C8 64    		call	load_file
0435   64B7             
0436   64B7 11 00 C0    		ld	de,0C000h
0437   64BA ED 53 43 66 		ld	(load_adres),de
0438   64BE 2A 45 66    		ld	hl,(load_bank)
0439   64C1 23          		inc	hl
0440   64C2 7E          		ld	a,(hl)
0441   64C3 22 45 66    		ld	(load_bank),hl
0442   64C6 18 D7       		jr	mbload_lp
0443   64C8             
0444   64C8             
0445   64C8             
0446   64C8             ;--- Load (part of) file ---
0447   64C8             ; In: HL = number of bytes to read
0448   64C8             ;     DE = transfer address
0449   64C8             
0450   64C8             load_file: 	
0451   64C8 E5          		push	hl
0452   64C9 D5          		push	de
0453   64CA C5          		push	bc
0454   64CB             
0455   64CB E5          		push	hl
0456   64CC C1          		pop	bc
0457   64CD 2A 47 66    		ld	hl,(load_position)
0458   64D0 ED B0       		ldir
0459   64D2 22 47 66    		ld	(load_position),hl
0460   64D5 C1          		pop	bc
0461   64D6 D1          		pop	de
0462   64D7 E1          		pop	hl
0463   64D8 C9          		ret
0464   64D9             
0465   64D9             ;--- search highest pattern ---
0466   64D9             ; In: L = #positions, DE = pointer to patterns
0467   64D9             ; Out: A = highest pattern
0468   64D9             
0469   64D9             check_pats: 	
0470   64D9 E5          		push	hl
0471   64DA D5          		push	de
0472   64DB 45          		ld	b,l
0473   64DC EB          		ex	de,hl
0474   64DD AF          		xor	a
0475   64DE             check_patslp: 	
0476   64DE BE          		cp	(hl)
0477   64DF 30 01       		jr	nc,check_pats2
0478   64E1 7E          		ld	a,(hl)
0479   64E2 23          check_pats2: 	inc	hl
0480   64E3 10 F9       		djnz	check_patslp
0481   64E5 3C          		inc	a
0482   64E6 D1          		pop	de
0483   64E7 E1          		pop	hl
0484   64E8 C9          		ret
0485   64E9             
0486   64E9             MoonSound_table_symbol: 
0487   64E9               		db 	0,3Ch,66h,6Eh,76h,66h,3Ch,0
0487   64E9 003C666E76663C00
0488   64F1               		db 	0,18h,38h,18h,18h,18h,7Eh,0
0488   64F1 0018381818187E00
0489   64F9               		db 	0,3Ch,66h,0Ch,18h,30h,7Eh,0
0489   64F9 003C660C18307E00
0490   6501               		db 	0,7Eh,0Ch,18h,0Ch,66h,3Ch,0
0490   6501 007E0C180C663C00
0491   6509               		db 	0,0Ch,1Ch,3Ch,6Ch,7Eh,0Ch,0
0491   6509 000C1C3C6C7E0C00
0492   6511               		db 	0,7Eh,60h,7Ch,06h,66h,3Ch,0
0492   6511 007E607C06663C00
0493   6519               		db 	0,3Ch,60h,7Ch,66h,66h,3Ch,0
0493   6519 003C607C66663C00
0494   6521               		db 	0,7Eh,06h,0Ch,18h,30h,30h,0
0494   6521 007E060C18303000
0495   6529               		db 	0,3Ch,66h,3Ch,66h,66h,3Ch,0
0495   6529 003C663C66663C00
0496   6531             		db 	0,3Ch,66h,3Eh,06h,0Ch,38h,0
0496   6531 003C663E060C3800
0497   6539             
0498   6539             MoonSound_flg_next: 
0499   6539 00          		db	0
0500   653A             MoonSound_number_music: 
0501   653A 00          		db	0
0502   653B             
0503   653B             MoonSound_count_music: 
0504   653B 00          		db	0
0505   653C             
0506   653C             MoonSound_page_memory: 
0507   653C 00          		db	0		
0508   653D             MoonSound_key_press: 
0509   653D 00          		db	0
0510   653E             
0511   653E             MoonSound_time_int: 
0512   653E 00          		db	0
0513   653F             MoonSound_time_count: 
0514   653F 00          		db	0		
0515   6540             MoonSound_time_minute: 
0516   6540 00          		db	0
0517   6541             
0518   6541             MoonSound_copy_addr: 
0519   6541 00 00       		dw	0
0520   6543             MoonSound_copy_buffer: 
0521   6543 00          		ds	256
0522   6643             
0523   6643 00 00       load_adres: 	dw	0
0524   6645 00 00       load_bank: 	dw	0
0525   6647 00 00       load_position: 	dw	0
0526   6649 00 00 00    load_buffer: 	db	0,0,0
0527   664C             
0528   664C             
0529   664C             Interrupt_handle: 
0530   664C E5          		push	hl
0531   664D D5          		push	de
0532   664E C5          		push	bc
0533   664F F5          		push	af
0534   6650             
0535   6650 CD 6C 66    		call 	Analyzer_update
0536   6653 CD 86 67    		call	Str_play
0537   6656 CD CB 63    		call	MoonSound_time_view
0538   6659             
0539   6659             ;		ld	a,(MoonSound_page_memory)	;§ Јаг§Ё¬ ­®¬Ґа бва ­Ёжл Ї ¬пвЁ вҐЄгйҐ© ¬г§лЄЁ
0540   6659             ;		ld	bc,7ffdh
0541   6659             ;		out	(c),a
0542   6659 CD 61 81    		call	MBPlayer_play
0543   665C             
0544   665C CD AD 66    		call 	Analyzer_view
0545   665F             
0546   665F             MoonSound_skip_0: 
0547   665F 3E 10       		ld	a,10h
0548   6661 01 FD 7F    		ld	bc,7ffdh
0549   6664 ED 79       		out	(c),a
0550   6666             
0551   6666             Interrupt_exit: 
0552   6666             
0553   6666 F1          		pop	af
0554   6667 C1          		pop	bc
0555   6668 D1          		pop	de
0556   6669 E1          		pop	hl
0557   666A FB          		ei
0558   666B C9          		ret
0559   666C             
0560   666C             
0561   666C             		.include  analyzer.asm
0001+  666C             ;--------------------------------------------------------------------
0002+  666C             ; ЋЇЁб ­ЁҐ: Њ®¤г«м ®в®Ўа ¦Ґ­Ёп  ­ «Ё§ в®а 
0003+  666C             ; Ђўв®а: ’ а б®ў Њ.Ќ.(Mick),2016
0004+  666C             ;--------------------------------------------------------------------
0005+  666C             
0006+  666C             ;-------------------------------------------------------------------
0007+  666C             ; ®ЇЁб ­ЁҐ: ЋЎ­®ў«Ґ­ЁҐ Ї а ¬Ґва®ў  ­ «Ё§ в®а 
0008+  666C             ; Ї а ¬Ґвал: ­Ґв
0009+  666C             ; ў®§ўа й Ґ¬®Ґ  §­ зҐ­ЁҐ: ­Ґв
0010+  666C             ;---------------------------------------------------------------------
0011+  666C             Analyzer_update: 
0012+  666C 3E 0C       		ld	a, 0Ch
0013+  666E 32 42 67    		ld	(byte_0_CF9), a
0014+  6671 11 4A B8    		ld	de, MBPlayer_volume_buffer_2
0015+  6674 21 43 67    		ld	hl, Analyzer_vol_table_1
0016+  6677 3E 18       		ld	a, 24
0017+  6679             
0018+  6679             loc_0_5D8: 
0019+  6679 08          		ex	af, af'
0020+  667A E5          		push	hl
0021+  667B 1A          		ld	a, (de)
0022+  667C             
0023+  667C E6 0F       		and	0Fh
0024+  667E 4F          		ld	c,a
0025+  667F 1A          		ld	a,(de)
0026+  6680 E6 F0       		and	0F0h
0027+  6682 0F          		rrca	
0028+  6683 0F          		rrca	
0029+  6684 0F          		rrca
0030+  6685 0F          		rrca	
0031+  6686 B9          		cp	c
0032+  6687 30 01       		jr	nc,Analyzer_up_ch0
0033+  6689 79          		ld	a,c	
0034+  668A             
0035+  668A             Analyzer_up_ch0: 
0036+  668A E6 0F       		and	0Fh
0037+  668C 28 07       		jr	z, loc_0_5EA
0038+  668E ED 44       		neg	
0039+  6690 C6 11       		add	a, 11h
0040+  6692 C3 9B 66    		jp	loc_0_5F0
0041+  6695             
0042+  6695             loc_0_5EA: 
0043+  6695 7E          		ld	a, (hl)
0044+  6696 FE 01       		cp	1
0045+  6698 38 02       		jr	c, loc_0_5FA
0046+  669A 3D          		dec	a
0047+  669B             loc_0_5F0: 
0048+  669B 77          		ld	(hl), a
0049+  669C             loc_0_5FA: 
0050+  669C 3E 04       		ld	a, 4
0051+  669E 21 42 67    		ld	hl, byte_0_CF9
0052+  66A1 86          		add	a, (hl)
0053+  66A2 77          		ld	(hl), a
0054+  66A3 E1          		pop	hl
0055+  66A4 23          		inc	hl
0056+  66A5 AF          		xor	a
0057+  66A6 12          		ld	(de), a
0058+  66A7 13          		inc	de
0059+  66A8 08          		ex	af, af'
0060+  66A9 3D          		dec	a
0061+  66AA 20 CD       		jr	nz, loc_0_5D8
0062+  66AC C9          		ret
0063+  66AD             ;-------------------------------------------------------------------
0064+  66AD             ; ®ЇЁб ­ЁҐ: Ћв®Ўа ¦Ґ­ЁҐ  ­ «Ё§ в®а 
0065+  66AD             ; Ї а ¬Ґвал: ­Ґв
0066+  66AD             ; ў®§ўа й Ґ¬®Ґ  §­ зҐ­ЁҐ: ­Ґв
0067+  66AD             ;---------------------------------------------------------------------
0068+  66AD             Analyzer_view: 
0069+  66AD             ;		ld	c,15
0070+  66AD             ;		ld	hl,49A4h
0071+  66AD             ;		call	Analyzer_draw
0072+  66AD             
0073+  66AD             ;		ld	c,14
0074+  66AD             ;		ld	hl,4BA4h
0075+  66AD             ;		call	Analyzer_draw
0076+  66AD             
0077+  66AD 0E 0D       		ld	c,13
0078+  66AF 21 A3 4D    		ld	hl,4DA3h
0079+  66B2 CD 14 67    		call	Analyzer_draw
0080+  66B5                                                                     
0081+  66B5 0E 0C       		ld	c,12
0082+  66B7 21 A3 4F    		ld	hl,4FA3h
0083+  66BA CD 14 67    		call	Analyzer_draw
0084+  66BD             
0085+  66BD 0E 0B       		ld	c,11
0086+  66BF 21 C3 49    		ld	hl,49C3h
0087+  66C2 CD 14 67    		call	Analyzer_draw
0088+  66C5                                                                    
0089+  66C5 0E 0A       		ld	c,10
0090+  66C7 21 C3 4B    		ld	hl,4BC3h
0091+  66CA CD 14 67    		call	Analyzer_draw
0092+  66CD             
0093+  66CD 0E 09       		ld	c,9
0094+  66CF 21 C3 4D    		ld	hl,4DC3h
0095+  66D2 CD 14 67    		call	Analyzer_draw
0096+  66D5             
0097+  66D5 0E 08       		ld	c,8
0098+  66D7 21 C3 4F    		ld	hl,4FC3h
0099+  66DA CD 14 67    		call	Analyzer_draw
0100+  66DD             
0101+  66DD 0E 07       		ld	c,7
0102+  66DF 21 E3 49    		ld	hl,49E3h
0103+  66E2 CD 14 67    		call	Analyzer_draw
0104+  66E5             
0105+  66E5 0E 06       		ld	c,6
0106+  66E7 21 E3 4B    		ld	hl,4BE3h
0107+  66EA CD 14 67    		call	Analyzer_draw
0108+  66ED             
0109+  66ED 0E 05       		ld	c,5
0110+  66EF 21 E3 4D    		ld	hl,4DE3h
0111+  66F2 CD 14 67    		call	Analyzer_draw
0112+  66F5             
0113+  66F5 0E 04       		ld	c,4
0114+  66F7 21 E3 4F    		ld	hl,4FE3h
0115+  66FA CD 14 67    		call	Analyzer_draw
0116+  66FD             
0117+  66FD 0E 03       		ld	c,3
0118+  66FF 21 03 51    		ld	hl,5103h
0119+  6702 CD 14 67    		call	Analyzer_draw
0120+  6705             
0121+  6705 0E 02       		ld	c,2
0122+  6707 21 03 53    		ld	hl,5303h
0123+  670A CD 14 67    		call	Analyzer_draw
0124+  670D             
0125+  670D             ;		ld	c,1
0126+  670D             ;		ld	hl,5504h
0127+  670D             ;		call	Analyzer_draw
0128+  670D             
0129+  670D 21 03 55    		ld	hl,5503h
0130+  6710 CD 2F 67    		call	Analyzer_fill
0131+  6713 C9          		ret
0132+  6714             ;-------------------------------------------------------------------
0133+  6714             ; ®ЇЁб ­ЁҐ: ЋваЁб®ўЄ  «Ґў®Ј® Є ­ «   ­ «Ё§ в®а 
0134+  6714             ; Ї а ¬Ґвал: HL -  ¤аҐб нЄа ­ 
0135+  6714             ;            C - Ї®§ЁжЁп ў Ё­¤ЁЄ в®аҐ
0136+  6714             ; ў®§ўа й Ґ¬®Ґ  §­ зҐ­ЁҐ: ­Ґв
0137+  6714             ;---------------------------------------------------------------------
0138+  6714             Analyzer_draw: 
0139+  6714 06 0C       		ld	b,12
0140+  6716 11 43 67    		ld	de, Analyzer_vol_table_1
0141+  6719             Analyzer_loop: 
0142+  6719 36 00       		ld	(hl),0
0143+  671B 1A          		ld	a,(de)
0144+  671C B9          		cp	c
0145+  671D 38 02       		jr	c,Analyzer_skip_0
0146+  671F 36 70       		ld	(hl),70h
0147+  6721             Analyzer_skip_0: 
0148+  6721 13          		inc	de
0149+  6722             
0150+  6722 1A          		ld	a,(de)
0151+  6723 B9          		cp	c
0152+  6724 38 04       		jr	c,Analyzer_skip_1
0153+  6726 3E 07       		ld	a,07h
0154+  6728 B6          		or	(hl)
0155+  6729 77          		ld	(hl),a
0156+  672A             Analyzer_skip_1: 
0157+  672A 2C          		inc	l
0158+  672B 13          		inc	de
0159+  672C 10 EB       		djnz	Analyzer_loop
0160+  672E C9          		ret	
0161+  672F             ;-------------------------------------------------------------------
0162+  672F             ; ®ЇЁб ­ЁҐ: ЋваЁб®ўЄ  «Ґў®Ј® Є ­ «   ­ «Ё§ в®а 
0163+  672F             ; Ї а ¬Ґвал: HL -  ¤аҐб нЄа ­ 
0164+  672F             ; ў®§ўа й Ґ¬®Ґ  §­ зҐ­ЁҐ: ­Ґв
0165+  672F             ;---------------------------------------------------------------------
0166+  672F             Analyzer_fill: 
0167+  672F 06 0C       		ld	b,12
0168+  6731             
0169+  6731             Analyzer_fill_loop: 
0170+  6731 36 77       		ld	(hl),77h
0171+  6733 2C          		inc	l
0172+  6734 10 FB       		djnz	Analyzer_fill_loop
0173+  6736 C9          		ret	
0174+  6737             ;-------------------------------------------------------------------
0175+  6737             ; ®ЇЁб ­ЁҐ: ЋЎ­®ў«Ґ­ЁҐ Ї а ¬Ґва®ў  ­ «Ё§ в®а 
0176+  6737             ; Ї а ¬Ґвал: ­Ґв
0177+  6737             ; ў®§ўа й Ґ¬®Ґ  §­ зҐ­ЁҐ: ­Ґв
0178+  6737             ;---------------------------------------------------------------------
0179+  6737             Analyzer_init: 
0180+  6737 06 18                     	ld	b, 24
0181+  6739 21 43 67    		ld	hl,Analyzer_vol_table_1
0182+  673C             
0183+  673C             Analyzer_init_loop: 
0184+  673C 36 00                       ld	(hl),0
0185+  673E 23          		inc	hl
0186+  673F 10 FB       		djnz	Analyzer_init_loop
0187+  6741 C9          		ret
0188+  6742             
0189+  6742             ;-------------------------------------------------------------------
0190+  6742             ; ®ЇЁб ­ЁҐ:  ЏҐаҐ¬Ґ­­лҐ Їа ў®Ј® Ё «Ґў®Ј® Є ­ «®ў  ­ «Ё§ в®а 
0191+  6742             ;---------------------------------------------------------------------
0192+  6742             byte_0_CF9: 
0193+  6742 00          		ds	1
0194+  6743             Analyzer_vol_table_1: 
0195+  6743 00          		ds	24
0196+  675B             
0562   675B             		.include  string.asm
0001+  675B             ;--------------------------------------------------------------------
0002+  675B             ; Описание: Бегущая строка
0003+  675B             ; Автор порта: основа выдрана из запилятора
0004+  675B             ;--------------------------------------------------------------------
0005+  675B             Str_reload: 
0006+  675B 3A 67 68    		ld	a,(Str_flg_end)
0007+  675E A7          		and	a
0008+  675F 28 06       		jr 	z,Str_init
0009+  6761 AF          		xor	a
0010+  6762 32 67 68    		ld	(Str_flg_end),a
0011+  6765 37          		scf
0012+  6766 C9          		ret
0013+  6767             
0014+  6767             Str_init: 
0015+  6767 3E 0F       		ld	a,0Fh
0016+  6769 32 68 68    		ld	(Str_count_bit),a
0017+  676C 21 79 6A    		ld	hl,Str_addr_text
0018+  676F 22 69 68    		ld	(Str_addr_work),hl
0019+  6772 7E          		ld	a,(hl)
0020+  6773 C9          		ret
0021+  6774             
0022+  6774             
0023+  6774             Str_init_load: 
0024+  6774 3E 0F       		ld	a,0Fh
0025+  6776 32 68 68    		ld	(Str_count_bit),a
0026+  6779 21 6B 6A    		ld	hl,Str_addr_load
0027+  677C 22 69 68    		ld	(Str_addr_work),hl
0028+  677F 3E 01       		ld	a,1
0029+  6781 32 67 68    		ld	(Str_flg_end),a
0030+  6784 7E          		ld	a,(hl)
0031+  6785 C9          		ret	
0032+  6786             
0033+  6786             Str_play: 
0034+  6786 3A 68 68    		ld	a,(Str_count_bit)
0035+  6789 3C          		inc	a
0036+  678A E6 0F       		and	0Fh
0037+  678C 32 68 68    		ld	(Str_count_bit),a
0038+  678F B7          		or	a
0039+  6790 20 10       		jr	nz, Str_move_string
0040+  6792             
0041+  6792             Str_next_symbol: 
0042+  6792 2A 69 68    		ld	hl,(Str_addr_work)
0043+  6795 7E          		ld	a,(hl)
0044+  6796 A7          		and	a
0045+  6797 CC 5B 67    		call	z,Str_reload
0046+  679A D8          		ret	c
0047+  679B 23          		inc	hl
0048+  679C 22 69 68    		ld	(Str_addr_work),hl
0049+  679F CD F7 67    		call	Str_load_symbol
0050+  67A2             
0051+  67A2             Str_move_string: 
0052+  67A2 11 70 54    		ld	de, 5470h
0053+  67A5 21 6C 68    		ld	hl, Str_buf_data +1 
0054+  67A8 06 10       		ld	b, 10h
0055+  67AA             
0056+  67AA             Str_move_line: 
0057+  67AA 37          		scf	
0058+  67AB 3F          		ccf	
0059+  67AC CB 16       		rl	(hl)
0060+  67AE 2B          		dec	hl
0061+  67AF CB 16       		rl	(hl)
0062+  67B1 23          		inc	hl
0063+  67B2 23          		inc	hl
0064+  67B3 23          		inc	hl
0065+  67B4 EB          		ex	de, hl
0066+  67B5 E5          		push	hl
0067+  67B6 CB 16       		rl	(hl)
0068+  67B8 2B          		dec	hl
0069+  67B9 CB 16       		rl	(hl)
0070+  67BB 2B          		dec	hl
0071+  67BC CB 16       		rl	(hl)
0072+  67BE 2B          		dec	hl
0073+  67BF CB 16       		rl	(hl)
0074+  67C1 2B          		dec	hl
0075+  67C2 CB 16       		rl	(hl)
0076+  67C4 2B          		dec	hl
0077+  67C5 CB 16       		rl	(hl)
0078+  67C7 2B          		dec	hl
0079+  67C8 CB 16       		rl	(hl)
0080+  67CA 2B          		dec	hl
0081+  67CB CB 16       		rl	(hl)
0082+  67CD 2B          		dec	hl
0083+  67CE CB 16       		rl	(hl)
0084+  67D0 2B          		dec	hl
0085+  67D1 CB 16       		rl	(hl)
0086+  67D3 2B          		dec	hl
0087+  67D4 CB 16       		rl	(hl)
0088+  67D6 2B          		dec	hl
0089+  67D7 CB 16       		rl	(hl)
0090+  67D9 2B          		dec	hl
0091+  67DA CB 16       		rl	(hl)
0092+  67DC 2B          		dec	hl
0093+  67DD CB 16       		rl	(hl)
0094+  67DF 2B          		dec	hl
0095+  67E0 CB 16       		rl	(hl)
0096+  67E2             ;		dec	hl
0097+  67E2             ;		rl	(hl)
0098+  67E2 E1          		pop	hl
0099+  67E3 24          		inc	h
0100+  67E4 7C          		ld	a, h
0101+  67E5 E6 07       		and	7
0102+  67E7 20 09       		jr	nz, Str_next_line
0103+  67E9 7D          		ld	a, l
0104+  67EA D6 E0       		sub	0E0h ; 'а'
0105+  67EC 6F          		ld	l, a
0106+  67ED 9F          		sbc	a, a
0107+  67EE E6 F8       		and	0F8h ; 'ш'
0108+  67F0 84          		add	a, h
0109+  67F1 67          		ld	h, a
0110+  67F2             Str_next_line: 
0111+  67F2 EB          		ex	de, hl
0112+  67F3 10 B5       		djnz	Str_move_line
0113+  67F5 A7          		and	a
0114+  67F6 C9          		ret
0115+  67F7             
0116+  67F7             Str_load_symbol: 
0117+  67F7 D6 20       		sub	20h
0118+  67F9 FE 60       		cp	60h
0119+  67FB 38 02       		jr	c, Str_load_data
0120+  67FD D6 60       		sub	60h
0121+  67FF             
0122+  67FF             Str_load_data: 
0123+  67FF 26 00       		ld	h, 0
0124+  6801 6F          		ld	l, a
0125+  6802 29          		add	hl, hl
0126+  6803 29          		add	hl, hl
0127+  6804 29          		add	hl, hl
0128+  6805 29          		add	hl, hl
0129+  6806 29          		add	hl, hl
0130+  6807 01 5E 75    		ld	bc, Str_addr_font
0131+  680A 09          		add	hl, bc
0132+  680B ED 73 64 68 		ld	(Str_save_stack + 1),sp
0133+  680F F9          		ld	sp, hl
0134+  6810 21 6B 68    		ld	hl, Str_buf_data
0135+  6813 C1          		pop	bc
0136+  6814 71          		ld	(hl), c
0137+  6815 23          		inc	hl
0138+  6816 70          		ld	(hl), b
0139+  6817 23          		inc	hl
0140+  6818 C1          		pop	bc
0141+  6819 71          		ld	(hl), c
0142+  681A 23          		inc	hl
0143+  681B 70          		ld	(hl), b
0144+  681C 23          		inc	hl
0145+  681D C1          		pop	bc
0146+  681E 71          		ld	(hl), c
0147+  681F 23          		inc	hl
0148+  6820 70          		ld	(hl), b
0149+  6821 23          		inc	hl
0150+  6822 C1          		pop	bc
0151+  6823 71          		ld	(hl), c
0152+  6824 23          		inc	hl
0153+  6825 70          		ld	(hl), b
0154+  6826 23          		inc	hl
0155+  6827 C1          		pop	bc
0156+  6828 71          		ld	(hl), c
0157+  6829 23          		inc	hl
0158+  682A 70          		ld	(hl), b
0159+  682B 23          		inc	hl
0160+  682C C1          		pop	bc
0161+  682D 71          		ld	(hl), c
0162+  682E 23          		inc	hl
0163+  682F 70          		ld	(hl), b
0164+  6830 23          		inc	hl
0165+  6831 C1          		pop	bc
0166+  6832 71          		ld	(hl), c
0167+  6833 23          		inc	hl
0168+  6834 70          		ld	(hl), b
0169+  6835 23          		inc	hl
0170+  6836 C1          		pop	bc
0171+  6837 71          		ld	(hl), c
0172+  6838 23          		inc	hl
0173+  6839 70          		ld	(hl), b
0174+  683A 23          		inc	hl
0175+  683B C1          		pop	bc
0176+  683C 71          		ld	(hl), c
0177+  683D 23          		inc	hl
0178+  683E 70          		ld	(hl), b
0179+  683F 23          		inc	hl
0180+  6840 C1          		pop	bc
0181+  6841 71          		ld	(hl), c
0182+  6842 23          		inc	hl
0183+  6843 70          		ld	(hl), b
0184+  6844 23          		inc	hl
0185+  6845 C1          		pop	bc
0186+  6846 71          		ld	(hl), c
0187+  6847 23          		inc	hl
0188+  6848 70          		ld	(hl), b
0189+  6849 23          		inc	hl
0190+  684A C1          		pop	bc
0191+  684B 71          		ld	(hl), c
0192+  684C 23          		inc	hl
0193+  684D 70          		ld	(hl), b
0194+  684E 23          		inc	hl
0195+  684F C1          		pop	bc
0196+  6850 71          		ld	(hl), c
0197+  6851 23          		inc	hl
0198+  6852 70          		ld	(hl), b
0199+  6853 23          		inc	hl
0200+  6854 C1          		pop	bc
0201+  6855 71          		ld	(hl), c
0202+  6856 23          		inc	hl
0203+  6857 70          		ld	(hl), b
0204+  6858 23          		inc	hl
0205+  6859 C1          		pop	bc
0206+  685A 71          		ld	(hl), c
0207+  685B 23          		inc	hl
0208+  685C 70          		ld	(hl), b
0209+  685D 23          		inc	hl
0210+  685E C1          		pop	bc
0211+  685F 71          		ld	(hl), c
0212+  6860 23          		inc	hl
0213+  6861 70          		ld	(hl), b
0214+  6862 23          		inc	hl
0215+  6863             Str_save_stack: 
0216+  6863 31 00 00    		ld	sp, 0
0217+  6866 C9          		ret	
0218+  6867             
0219+  6867             
0220+  6867             Str_flg_end: 
0221+  6867 00          		db 	0
0222+  6868             
0223+  6868             Str_count_bit: 
0224+  6868 00          		db 	0
0225+  6869             Str_addr_work: 
0226+  6869 00 00       		dw 	0
0227+  686B             
0228+  686B             Str_buf_data:    
0229+  686B 00          		ds	512
0230+  6A6B             
0231+  6A6B             Str_addr_load: 
0232+  6A6B             		db	'      *LOAD* ',0
0232+  6A6B 2020202020202A4C4F41442A2000
0233+  6A79             
0234+  6A79             Str_addr_text: 
0235+  6A79             		db 	'                             << SPACE TO CHANGE MUSIC >>       '
0235+  6A79 20202020202020202020202020202020202020202020202020202020203C3C20
0235+  6A99 535041434520544F204348414E4745204D55534943203E3E20202020202020
0236+  6AB8             		db 	'                             ПЛАМЕННЫЙ ПРИВЕТ ВАМ ОТ MICK!'
0236+  6AB8 2020202020202020202020202020202020202020202020202020202020CFCBC0
0236+  6AD8 CCC5CDCDDBC920CFD0C8C2C5D220C2C0CC20CED2204D49434B21
0237+  6AF2             		db	' ПОХОЖЕ МАСТЬ ПРОШЛА И ПЛЮШЕВЫЙ МЕДВЕДЬ ПРЕВРАТИЛСЯ В ПЛЮШЕВОГО ЛЕНИВЦА. НУ ЭТО НАВЕРНОЕ ЛУЧШЕ'
0237+  6AF2 20CFCED5CEC6C520CCC0D1D2DC20CFD0CED8CBC020C820CFCBDED8C5C2DBC920
0237+  6B12 CCC5C4C2C5C4DC20CFD0C5C2D0C0D2C8CBD1DF20C220CFCBDED8C5C2CEC3CE20
0237+  6B32 CBC5CDC8C2D6C02E20CDD320DDD2CE20CDC0C2C5D0CDCEC520CBD3D7D8C5
0238+  6B50             		db	' ЧЕМ ТА АВАТАРКА, КОТОРУЮ МНЕ ПРИЛЕПИЛ ААА НА СВОЕМ ФОРУМЕ - СИНИНОСЫЙ МЕДВЕДЬ. ПРАВДА НОС ТАМ КАК БЫ'
0238+  6B50 20D7C5CC20D2C020C0C2C0D2C0D0CAC02C20CACED2CED0D3DE20CCCDC520CFD0
0238+  6B70 C8CBC5CFC8CB20C0C0C020CDC020D1C2CEC5CC20D4CED0D3CCC5202D20D1C8CD
0238+  6B90 C8CDCED1DBC920CCC5C4C2C5C4DC2E20CFD0C0C2C4C020CDCED120D2C0CC20CA
0238+  6BB0 C0CA20C1DB
0239+  6BB5             		db	' МИГАЕТ, НО ВСЕ ЖЕ НЕ ОСТАВЛЯЕТ МЕНЯ ОЩУЩЕНИЯ, ЧТО ТОТ МЕДВЕДЬ ТОТ ЕЩЕ АЛКОНАВТ. :)' 
0239+  6BB5 20CCC8C3C0C5D22C20CDCE20C2D1C520C6C520CDC520CED1D2C0C2CBDFC5D220
0239+  6BD5 CCC5CDDF20CED9D3D9C5CDC8DF2C20D7D2CE20D2CED220CCC5C4C2C5C4DC20D2
0239+  6BF5 CED220C5D9C520C0CBCACECDC0C2D22E203A29
0240+  6C08             		db	' НУ А ПОКА ЕЩЕ ОДИН СБОРНИК МУЗЫКИ ДЛЯ ЗВУКОВОЙ КАРТЫ *ZXM-MOONSOUND*.'
0240+  6C08 20CDD320C020CFCECAC020C5D9C520CEC4C8CD20D1C1CED0CDC8CA20CCD3C7DB
0240+  6C28 CAC820C4CBDF20C7C2D3CACEC2CEC920CAC0D0D2DB202A5A584D2D4D4F4F4E53
0240+  6C48 4F554E442A2E
0241+  6C4E             		db	' НА ЭТОТ РАЗ ВЫПУСК ВКЛЮЧАЕТ В СЕБЯ МЕЛОДИИ С РАСШИРЕНИЕМ ФАЙЛОВ MFM.'
0241+  6C4E 20CDC020DDD2CED220D0C0C720C2DBCFD3D1CA20C2CACBDED7C0C5D220C220D1
0241+  6C6E C5C1DF20CCC5CBCEC4C8C820D120D0C0D1D8C8D0C5CDC8C5CC20D4C0C9CBCEC2
0241+  6C8E 204D464D2E
0242+  6C93             		db	' МЕЛОДИЙ ЭТОГО ФОРМАТА УЖЕ СЧИТАЙ ЗАКОНЧИЛИСЬ,НЕ УВЕРЕН, ЧТО ХВАТИТ НА ОДИН ВЫПУСК.'
0242+  6C93 20CCC5CBCEC4C8C920DDD2CEC3CE20D4CED0CCC0D2C020D3C6C520D1D7C8D2C0
0242+  6CB3 C920C7C0CACECDD7C8CBC8D1DC2CCDC520D3C2C5D0C5CD2C20D7D2CE20D5C2C0
0242+  6CD3 D2C8D220CDC020CEC4C8CD20C2DBCFD3D1CA2E
0243+  6CE6             		db	' ВРОДЕ БОЛЬШЕ НЕЧЕГО СКАЗАТЬ, НУ РАЗВЕ ЧТО КАРТИНКА В ТЕМУ ВСЕОБЩЕГО ПОМЕШАТЕЛЬСТВА НА ПОИСКЕ ПОКЕМОНОВ.'
0243+  6CE6 20C2D0CEC4C520C1CECBDCD8C520CDC5D7C5C3CE20D1CAC0C7C0D2DC2C20CDD3
0243+  6D06 20D0C0C7C2C520D7D2CE20CAC0D0D2C8CDCAC020C220D2C5CCD320C2D1C5CEC1
0243+  6D26 D9C5C3CE20CFCECCC5D8C0D2C5CBDCD1D2C2C020CDC020CFCEC8D1CAC520CFCE
0243+  6D46 CAC5CCCECDCEC22E
0244+  6D4E             		db	' ЕСЛИ КТО НЕ В КУРСЕ, ТО ВЫШЛА ИГРА POKEMON GO ДЛЯ ПЛАНШЕТОВ. ВОТ И НАРОД МАЛОСТЬ ПОДСЕЛ НА НЕЕ, ПРЕВРАТИВШИСЬ'
0244+  6D4E 20C5D1CBC820CAD2CE20CDC520C220CAD3D0D1C52C20D2CE20C2DBD8CBC020C8
0244+  6D6E C3D0C020504F4B454D4F4E20474F20C4CBDF20CFCBC0CDD8C5D2CEC22E20C2CE
0244+  6D8E D220C820CDC0D0CEC420CCC0CBCED1D2DC20CFCEC4D1C5CB20CDC020CDC5C52C
0244+  6DAE 20CFD0C5C2D0C0D2C8C2D8C8D1DC
0245+  6DBC             		db	' В ЭТАКИХ ИДИОТОВ. А ИЗОБРАЖЕННЫЙ НА КАРТИНКЕ ПОКЕМОН ПИКАЧУ НАД ВАМИ ВСЕМИ РЖЕТ :).' 
0245+  6DBC 20C220DDD2C0CAC8D520C8C4C8CED2CEC22E20C020C8C7CEC1D0C0C6C5CDCDDB
0245+  6DDC C920CDC020CAC0D0D2C8CDCAC520CFCECAC5CCCECD20CFC8CAC0D7D320CDC0C4
0245+  6DFC 20C2C0CCC820C2D1C5CCC820D0C6C5D2203A292E
0246+  6E10             
0247+  6E10             		db	' ИТАК, В ЭТОМ СБОРНИКЕ ВОСЕМЬ МЕЛОДИЙ, КОТОРЫЕ'
0247+  6E10 20C8D2C0CA2C20C220DDD2CECC20D1C1CED0CDC8CAC520C2CED1C5CCDC20CCC5
0247+  6E30 CBCEC4C8C92C20CACED2CED0DBC5
0248+  6E3E             		db	' ПЕРЕКЛЮЧАЮТСЯ ПУТЕМ НАЖАТИЯ КЛАВИШИ "SPACE", ЛИБО ЖДЕТЕ ПОКА НЕ ЗАКОНЧИТСЯ МЕЛОДИЯ.'
0248+  6E3E 20CFC5D0C5CACBDED7C0DED2D1DF20CFD3D2C5CC20CDC0C6C0D2C8DF20CACBC0
0248+  6E5E C2C8D8C820225350414345222C20CBC8C1CE20C6C4C5D2C520CFCECAC020CDC5
0248+  6E7E 20C7C0CACECDD7C8D2D1DF20CCC5CBCEC4C8DF2E
0249+  6E92             		db	' СПИСОК МЕЛОДИЙ ИДЕТ СЛЕДОМ: '
0249+  6E92 20D1CFC8D1CECA20CCC5CBCEC4C8C920C8C4C5D220D1CBC5C4CECC3A20
0250+  6EAF             
0251+  6EAF             		db	' HAPERT.MFM (HAPERT, CITY OF CRIME - BART ROYMANS),'
0251+  6EAF 204841504552542E4D464D20284841504552542C2043495459204F4620435249
0251+  6ECF 4D45202D204241525420524F594D414E53292C
0252+  6EE2             		db	' LTCII.MFM (LOTUS TURBO CHALLENGE II - R. VD MOOSDIJK 1992/95),'
0252+  6EE2 204C544349492E4D464D20284C4F54555320545552424F204348414C4C454E47
0252+  6F02 45204949202D20522E205644204D4F4F5344494A4B20313939322F3935292C
0253+  6F21             		db	' THEPAST.MFM (PAST BUT NOT FORGOTTEN - BART ROYMANS),'
0253+  6F21 20544845504153542E4D464D20285041535420425554204E4F5420464F52474F
0253+  6F41 5454454E202D204241525420524F594D414E53292C
0254+  6F56             		db	' THEME3.MFM (THEME 3 - BART ROYMANS),'
0254+  6F56 205448454D45332E4D464D20285448454D452033202D204241525420524F594D
0254+  6F76 414E53292C
0255+  6F7B             		db	' XMAS.MFM (X-MAS MIX - CHAOS^TEDDYWAREZ Dec 1998),'
0255+  6F7B 20584D41532E4D464D2028582D4D4153204D4958202D204348414F535E544544
0255+  6F9B 4459574152455A204465632031393938292C
0256+  6FAD             		db	' XAK_1.MFM (XAK1 VILLAGE (OPL4 Version) - (C) MEITS 1995),'
0256+  6FAD 2058414B5F312E4D464D202858414B312056494C4C41474520284F504C342056
0256+  6FCD 657273696F6E29202D20284329204D454954532031393935292C
0257+  6FE7             		db	' XAK_2.MFM (HEAVY LATOK IN THE FOREST (OPL4 Version) - (C) MEITS),'
0257+  6FE7 2058414B5F322E4D464D20284845415659204C41544F4B20494E205448452046
0257+  7007 4F5245535420284F504C342056657273696F6E29202D20284329204D45495453
0257+  7027 292C
0258+  7029             		db	' YSMASK.MFM (YS 4,MASK OF THE SUN - BART ROYMANS).'	
0258+  7029 2059534D41534B2E4D464D2028595320342C4D41534B204F4620544845205355
0258+  7049 4E202D204241525420524F594D414E53292E
0259+  705B             
0260+  705B             		db	' КРОМЕ ТОГО ЕСТЬ ЕЩЕ ОДНА КНОПКА "BREAK" - ВЫХОД В TR-DOS.'
0260+  705B 20CAD0CECCC520D2CEC3CE20C5D1D2DC20C5D9C520CEC4CDC020CACDCECFCAC0
0260+  707B 2022425245414B22202D20C2DBD5CEC420C22054522D444F532E
0261+  7095             		db 	' О ПРОГРАММЕ: ОСНОВНЫЕ МАТЕРИАЛЫ БЫЛИ ПОЗАИМСТВОВАНЫ С ПРОГРАММ КОМПЬЮТЕРА "MSX" И ВЕЛИКОЙ'
0261+  7095 20CE20CFD0CEC3D0C0CCCCC53A20CED1CDCEC2CDDBC520CCC0D2C5D0C8C0CBDB
0261+  70B5 20C1DBCBC820CFCEC7C0C8CCD1D2C2CEC2C0CDDB20D120CFD0CEC3D0C0CCCC20
0261+  70D5 CACECCCFDCDED2C5D0C020224D53582220C820C2C5CBC8CACEC9
0262+  70EF             		db	' МУСОРКИ ПОД НАЗВАНИЕМ ИНТЕРНЕТ.' 
0262+  70EF 20CCD3D1CED0CAC820CFCEC420CDC0C7C2C0CDC8C5CC20C8CDD2C5D0CDC5D22E
0263+  710F             		db 	' ВСЕ ЭТО СОБИРАЛОСЬ НА РС ПРИ ПОМОЩИ АССЕМБЛЕРА  SJASMPLUS.'
0263+  710F 20C2D1C520DDD2CE20D1CEC1C8D0C0CBCED1DC20CDC020D0D120CFD0C820CFCE
0263+  712F CCCED9C820C0D1D1C5CCC1CBC5D0C02020534A41534D504C55532E
0264+  714A             		db	' НАПОМНЮ, ЕСЛИ У ВАС КАРТИНКА ГДЕ ЕСТЬ ТЕМА ЛУНЫ И ПЕЙЗАЙЖЕЙ, ТО МИЛОСТИ ПРОСИМ В СЛЕДУЮЩИЙ ВЫПУСК.'
0264+  714A 20CDC0CFCECCCDDE2C20C5D1CBC820D320C2C0D120CAC0D0D2C8CDCAC020C3C4
0264+  716A C520C5D1D2DC20D2C5CCC020CBD3CDDB20C820CFC5C9C7C0C9C6C5C92C20D2CE
0264+  718A 20CCC8CBCED1D2C820CFD0CED1C8CC20C220D1CBC5C4D3DED9C8C920C2DBCFD3
0264+  71AA D1CA2E
0265+  71AD             		db	' КОРОЧЕ, ЖДЕМ НОВЫХ ТВОРЕНИЙ ОТ ХУДОЖНИКОВ ПРОФЕССИОНАЛЬНЫХ И НЕ ОЧЕНЬ. ЗАСИМ ПРОСИМ ОТКЛАНЯТСЯ, ДАЛЕЕ ИДЕТ'
0265+  71AD 20CACED0CED7C52C20C6C4C5CC20CDCEC2DBD520D2C2CED0C5CDC8C920CED220
0265+  71CD D5D3C4CEC6CDC8CACEC220CFD0CED4C5D1D1C8CECDC0CBDCCDDBD520C820CDC5
0265+  71ED 20CED7C5CDDC2E20C7C0D1C8CC20CFD0CED1C8CC20CED2CACBC0CDDFD2D1DF2C
0265+  720D 20C4C0CBC5C520C8C4C5D2
0266+  7218             		db	' ТРАДИЦИОННАЯ РУБРИКА.'
0266+  7218 20D2D0C0C4C8D6C8CECDCDC0DF20D0D3C1D0C8CAC02E
0267+  722E             		db	'             ПРИВЕТЫ И СПАСИБЫ!     '
0267+  722E 20202020202020202020202020CFD0C8C2C5D2DB20C820D1CFC0D1C8C1DB2120
0267+  724E 20202020
0268+  7252             		db	' ААА, КАК ВСЕГДА И ВЕЗДЕ ГРОМАДНЫЙ ПРИВЕТИЩЕ.'
0268+  7252 20C0C0C02C20CAC0CA20C2D1C5C3C4C020C820C2C5C7C4C520C3D0CECCC0C4CD
0268+  7272 DBC920CFD0C8C2C5D2C8D9C52E
0269+  727F             		db	' TS-LABS, СПАСИБО ЗА ТО ПРИЮТИЛ НА СВОЕМ ФОРУМЕ БЕСХОЗНОГО ПЛЮШЕВОГО МЕДВЕДЯ.'
0269+  727F 2054532D4C4142532C20D1CFC0D1C8C1CE20C7C020D2CE20CFD0C8DED2C8CB20
0269+  729F CDC020D1C2CEC5CC20D4CED0D3CCC520C1C5D1D5CEC7CDCEC3CE20CFCBDED8C5
0269+  72BF C2CEC3CE20CCC5C4C2C5C4DF2E
0270+  72CC             		db	' МУЗЫКАНТАМ ИЗ СБОРНИКА, РЕСПЕКТ ЗА ТАКИЕ ЗАМЕЧАТЕЛЬНЫЕ МУЗОНЫ.'
0270+  72CC 20CCD3C7DBCAC0CDD2C0CC20C8C720D1C1CED0CDC8CAC02C20D0C5D1CFC5CAD2
0270+  72EC 20C7C020D2C0CAC8C520C7C0CCC5D7C0D2C5CBDCCDDBC520CCD3C7CECDDB2E
0271+  730B             		db	' ВСЕМ ВЛАДЕЛЬЦАМ ПРОДУКЦИИ ПОД БРЕНДОМ "ZXM" БОЛЬШУЩИЙ ПРИВЕТ. ВАС ТЕПЕРЬ МНОГО, МОЖНО НЕ БУДУ ВАС НАЗЫВАТЬ ВСЕХ ПОИМЕННО.'
0271+  730B 20C2D1C5CC20C2CBC0C4C5CBDCD6C0CC20CFD0CEC4D3CAD6C8C820CFCEC420C1
0271+  732B D0C5CDC4CECC20225A584D2220C1CECBDCD8D3D9C8C920CFD0C8C2C5D22E20C2
0271+  734B C0D120D2C5CFC5D0DC20CCCDCEC3CE2C20CCCEC6CDCE20CDC520C1D3C4D320C2
0271+  736B C0D120CDC0C7DBC2C0D2DC20C2D1C5D520CFCEC8CCC5CDCDCE2E
0272+  7385             		db	' ПРИВЕТ ТАКЖЕ ВСЕМ СПЕКТРУМИСТАМ, БЫВШИМ, НАСТОЯЩИМ И ВОЗМОЖНО БУДУЩИМ.'
0272+  7385 20CFD0C8C2C5D220D2C0CAC6C520C2D1C5CC20D1CFC5CAD2D0D3CCC8D1D2C0CC
0272+  73A5 2C20C1DBC2D8C8CC2C20CDC0D1D2CEDFD9C8CC20C820C2CEC7CCCEC6CDCE20C1
0272+  73C5 D3C4D3D9C8CC2E
0273+  73CC             		db	'       И ПОСЛЕДНИЙ АБЗАЦ :) :)'
0273+  73CC 20202020202020C820CFCED1CBC5C4CDC8C920C0C1C7C0D6203A29203A29
0274+  73EA             		db	' НАЙТИ ПОСЛЕДНЮЮ ИНФОРМАЦИЮ ПО МОИМ ПРОЕКТАМ МОЖНО НА САЙТЕ WWW.MICKLAB.RU.'
0274+  73EA 20CDC0C9D2C820CFCED1CBC5C4CDDEDE20C8CDD4CED0CCC0D6C8DE20CFCE20CC
0274+  740A CEC8CC20CFD0CEC5CAD2C0CC20CCCEC6CDCE20CDC020D1C0C9D2C5205757572E
0274+  742A 4D49434B4C41422E52552E
0275+  7435             		db	' СВЯЗАТСЯ СО МНОЙ МОЖНО ЧЕРЕЗ ФОРУМ WWW.TS-LABS.INFO - НИКНЕЙМ MICK ИЛИ ЧЕРЕЗ МЫЛО'
0275+  7435 20D1C2DFC7C0D2D1DF20D1CE20CCCDCEC920CCCEC6CDCE20D7C5D0C5C720D4CE
0275+  7455 D0D3CC205757572E54532D4C4142532E494E464F202D20CDC8CACDC5C9CC204D
0275+  7475 49434B20C8CBC820D7C5D0C5C720CCDBCBCE
0276+  7487             		db	' MICKLAB(ГАВ-ГАВ)MAIL.RU   ' 
0276+  7487 204D49434B4C414228C3C0C22DC3C0C2294D41494C2E5255202020
0277+  74A2             		db	' ПОРА ПРОЩАТЬСЯ. ПОСМОРТИМ БУДУТ ЛИ ЕЩЕ ПРОГРАММКИ ОТ МЕНЯ :) ПОКА! ПОКА!      '
0277+  74A2 20CFCED0C020CFD0CED9C0D2DCD1DF2E20CFCED1CCCED0D2C8CC20C1D3C4D3D2
0277+  74C2 20CBC820C5D9C520CFD0CEC3D0C0CCCCCAC820CED220CCC5CDDF203A2920CFCE
0277+  74E2 CAC02120CFCECAC021202020202020
0278+  74F1             		db	'            AUGUST *2016*    GRAPHICS AND CODE BY MICK         '
0278+  74F1 202020202020202020202020415547555354202A323031362A20202020475241
0278+  7511 504849435320414E4420434F4445204259204D49434B202020202020202020
0279+  7530             		db	'                                             ',0           		
0279+  7530 2020202020202020202020202020202020202020202020202020202020202020
0279+  7550 2020202020202020202020202000
0280+  755E             Str_addr_font: 
0281+  755E             		incbin "aaa_1.fnt"
0282+  815E             Str_end_font: 
0283+  815E             
0563   815E             		.include  mfm_player.asm
0001+  815E             ;--------------------------------------------------------------------
0002+  815E             ; Описание: Проигрывающий модуль музыкальных файлов MFM c компьютера MSX
0003+  815E             ; Автор порта: Тарасов М.Н.(Mick),2015
0004+  815E             ;--------------------------------------------------------------------
0005+  815E             
0006+  815E             MOON_BASE: 	equ	0C4h
0007+  815E             MOON_REG1: 	equ	MOON_BASE
0008+  815E             MOON_DAT1: 	equ	MOON_BASE+1
0009+  815E             MOON_REG2: 	equ	MOON_BASE+2
0010+  815E             MOON_DAT2: 	equ	MOON_BASE+3
0011+  815E             MOON_STAT: 	equ	MOON_BASE
0012+  815E             
0013+  815E             MOON_WREG: 	equ	7Eh
0014+  815E             MOON_WDAT: 	equ	MOON_WREG+1
0015+  815E             
0016+  815E             PTW_SIZE: 		equ	13	; size of Wave playtable line
0017+  815E             ;-------------------------------------------------------------------
0018+  815E             ; описание: Инициализация проигрывателя
0019+  815E             ; параметры: нет
0020+  815E             ; возвращаемое  значение: нет
0021+  815E             ;---------------------------------------------------------------------
0022+  815E             MBPlayer_init: 
0023+  815E C3 67 81    		jp	MBPlayer_start_music
0024+  8161             ;-------------------------------------------------------------------
0025+  8161             ; описание: Проигрывание ноты
0026+  8161             ; параметры: нет
0027+  8161             ; возвращаемое  значение: нет
0028+  8161             ;---------------------------------------------------------------------
0029+  8161             MBPlayer_play: 
0030+  8161 C3 E5 82    		jp	MBPlayer_play_music
0031+  8164             ;-------------------------------------------------------------------
0032+  8164             ; описание: Остановка проигрывания
0033+  8164             ; параметры: нет
0034+  8164             ; возвращаемое  значение: нет
0035+  8164             ;---------------------------------------------------------------------
0036+  8164             MBPlayer_stop: 
0037+  8164 C3 98 82    		jp	MBPlayer_stop_music
0038+  8167             ;-------------------------------------------------------------------
0039+  8167             ; описание: Инициализация проигрывателя
0040+  8167             ; параметры: нет
0041+  8167             ; возвращаемое  значение: нет
0042+  8167             ;---------------------------------------------------------------------
0043+  8167             MBPlayer_start_music: 
0044+  8167 F3          		di	
0045+  8168 3A 41 8F    		ld	a, (MBPlayer_play_busy)
0046+  816B B7          		or	a
0047+  816C C0          		ret	nz
0048+  816D             
0049+  816D 21 00 00    		ld	hl, 0
0050+  8170 22 49 8F    		ld	(MBPlayer_status), hl
0051+  8173 22 4A 8F    		ld	(MBPlayer_status + 1), hl
0052+  8176 3E FF       		ld	a, 0FFh
0053+  8178 32 41 8F    		ld	(MBPlayer_play_busy), a
0054+  817B AF          		xor	a
0055+  817C 32 68 8F    		ld	(byte_0_4F4E), a
0056+  817F 3E 0F       		ld	a, 0Fh
0057+  8181 32 43 8F    		ld	(MBPlayer_play_step), a
0058+  8184 3E FF       		ld	a, 0FFh
0059+  8186 32 42 8F    		ld	(MBPlayer_play_pos), a
0060+  8189             
0061+  8189             ;		call	MBPlayer_getbank_FE
0062+  8189             ;		push	af
0063+  8189             
0064+  8189             ;		ld	a, (MBPlayer_songdata_bank1)
0065+  8189             ;		call	MBPlayer_selbank_FE
0066+  8189             
0067+  8189 2A 46 8F    		ld	hl, (MBPlayer_songdata_addres)
0068+  818C 11 6B 8F    		ld	de, MBPlayer_xleng
0069+  818F 01 CE 02    		ld	bc, 718				;2CEh
0070+  8192 ED B0       		ldir	
0071+  8194 11 5E 00    		ld	de, 94				;5Eh
0072+  8197 19          		add	hl, de
0073+  8198 22 3B 92    		ld	(MBPlayer_pos_address), hl
0074+  819B 3A 6B 8F    		ld	a, (MBPlayer_xleng)
0075+  819E 3C          		inc	a
0076+  819F 5F          		ld	e, a
0077+  81A0 19          		add	hl, de
0078+  81A1 22 39 92    		ld	(MBPlayer_pat_address), hl
0079+  81A4             
0080+  81A4             ;		pop	af
0081+  81A4             ;		call	MBPlayer_selbank_FE
0082+  81A4             
0083+  81A4 CD B0 81    		call	MBPlayer_init_opl4
0084+  81A7             
0085+  81A7 3A 65 8F    		ld	a, (MBPlayer_play_speed)
0086+  81AA D6 02       		sub	2
0087+  81AC 32 67 8F    		ld	(MBPlayer_play_timercnt), a
0088+  81AF             
0089+  81AF             loc_0_4201: 
0090+  81AF             ;		di	
0091+  81AF             ;		ld	hl, 0FD9Fh
0092+  81AF             ;		ld	de, locret_0_44B2
0093+  81AF             ;		ld	bc, 5
0094+  81AF             ;		ldir	
0095+  81AF             ;		ld	a, (0F342h)
0096+  81AF             ;		ld	(unk_0_4221), a
0097+  81AF             ;		ld	hl, MBPlayer_interrupt
0098+  81AF             ;		ld	de, 0FD9Fh
0099+  81AF             ;		ld	bc, 5
0100+  81AF             ;		ldir	
0101+  81AF             ;		ei	
0102+  81AF C9          		ret	
0103+  81B0             ;-------------------------------------------------------------------
0104+  81B0             ; описание: Инициализация OPL4 регистров
0105+  81B0             ; параметры: нет
0106+  81B0             ; возвращаемое  значение: нет
0107+  81B0             ;---------------------------------------------------------------------
0108+  81B0             MBPlayer_init_opl4: 
0109+  81B0 3E 03       		ld	a, 3
0110+  81B2 0E 05       		ld	c, 5
0111+  81B4 CD C5 8B    		call	MBPlayer_out_fm2
0112+  81B7 3E 40       		ld	a, 40h
0113+  81B9 0E 08       		ld	c, 8
0114+  81BB CD BD 8B    		call	MBPlayer_out_fm1
0115+  81BE 3A B0 91    		ld	a, (MBPlayer_play_chvol_1)
0116+  81C1 21 3A 8F    		ld	hl, unk_0_4F43
0117+  81C4 85          		add	a, l
0118+  81C5 30 01       		jr	nc, loc_0_423D
0119+  81C7 24          		inc	h
0120+  81C8             
0121+  81C8             loc_0_423D: 
0122+  81C8 6F          		ld	l, a
0123+  81C9 7E          		ld	a, (hl)
0124+  81CA 0E 04       		ld	c, 4
0125+  81CC CD C5 8B    		call	MBPlayer_out_fm2
0126+  81CF 0E 02       		ld	c, 2
0127+  81D1 3E 10       		ld	a, 10h
0128+  81D3 CD CD 8B    		call	MBPlayer_out_wave
0129+  81D6 3A B0 91    		ld	a, (MBPlayer_play_chvol_1)
0130+  81D9 87          		add	a, a
0131+  81DA 47          		ld	b, a
0132+  81DB 3E 12       		ld	a, 12h
0133+  81DD 90          		sub	b
0134+  81DE 32 69 8F    		ld	(MBPlayer_play_chvol_2), a
0135+  81E1 CD EF 81    		call	sub_0_4264
0136+  81E4 3A 95 91    		ld	a, (MBPlayer_xtempo)
0137+  81E7 32 65 8F    		ld	(MBPlayer_play_speed), a
0138+  81EA AF          		xor	a
0139+  81EB 32 66 8F    		ld	(MBPlayer_play_tspval), a
0140+  81EE C9          		ret	
0141+  81EF             
0142+  81EF             
0143+  81EF             sub_0_4264: 
0144+  81EF DD 21 E1 91 		ld	ix, unk_0_5368
0145+  81F3 11 0D 00    		ld	de, PTW_SIZE
0146+  81F6 3A B0 91    		ld	a, (MBPlayer_play_chvol_1)
0147+  81F9 B7          		or	a
0148+  81FA 28 25       		jr	z, loc_0_4296
0149+  81FC FD 21 68 8E 		ld	iy, MBPlayer_play_table_wav_1
0150+  8200 47          		ld	b, a
0151+  8201             
0152+  8201             loc_0_4276: 
0153+  8201 D9          		exx	
0154+  8202 DD 7E B7    		ld	a, (ix - 49h)
0155+  8205 FD 77 07    		ld	(iy + 7), a
0156+  8208 DD 7E 00    		ld	a, (ix + 0)
0157+  820B 21 11 82    		ld	hl, loc_0_4286
0158+  820E C3 C8 86    		jp	loc_0_46FB
0159+  8211             
0160+  8211             
0161+  8211             loc_0_4286: 
0162+  8211 DD 7E 9C    		ld	a, (ix - 64h)
0163+  8214 21 1A 82    		ld	hl, loc_0_428F
0164+  8217 C3 5E 87    		jp	loc_0_4791
0165+  821A             
0166+  821A             
0167+  821A             loc_0_428F: 
0168+  821A DD 23       		inc	ix
0169+  821C D9          		exx	
0170+  821D FD 19       		add	iy, de
0171+  821F 10 E0       		djnz	loc_0_4276
0172+  8221             
0173+  8221             loc_0_4296: 
0174+  8221 FD 21 7E 8D 		ld	iy, MBPlayer_play_table_wav_2
0175+  8225 3A 69 8F    		ld	a, (MBPlayer_play_chvol_2)
0176+  8228 47          		ld	b, a
0177+  8229             
0178+  8229             loc_0_429E: 
0179+  8229 D9          		exx	
0180+  822A DD 7E B7    		ld	a, (ix - 49h)
0181+  822D FD 77 07    		ld	(iy + 7), a
0182+  8230 DD 7E 00    		ld	a, (ix + 0)
0183+  8233 21 39 82    		ld	hl, loc_0_42AE
0184+  8236 C3 62 86    		jp	loc_0_4695
0185+  8239             
0186+  8239             loc_0_42AE: 
0187+  8239 DD 7E 9C    		ld	a, (ix - 64h)
0188+  823C 21 42 82    		ld	hl, loc_0_42B7
0189+  823F C3 40 87    		jp	loc_0_4773
0190+  8242             
0191+  8242             
0192+  8242             loc_0_42B7: 
0193+  8242 DD 23       		inc	ix
0194+  8244 D9          		exx	
0195+  8245 FD 19       		add	iy, de
0196+  8247 10 E0       		djnz	loc_0_429E
0197+  8249 06 06       		ld	b, 6
0198+  824B FD 21 B6 8E 		ld	iy, MBPlayer_play_table_wav_3
0199+  824F DD 21 F3 91 		ld	ix, unk_0_537A
0200+  8253 11 12 00    		ld	de, 12h
0201+  8256             
0202+  8256             loc_0_42CB: 
0203+  8256 D5          		push	de
0204+  8257 C5          		push	bc
0205+  8258 DD 7E B7    		ld	a, (ix - 49h)
0206+  825B 87          		add	a, a
0207+  825C FD 77 05    		ld	(iy + 5), a
0208+  825F DD 7E 00    		ld	a, (ix + 0)
0209+  8262 F5          		push	af
0210+  8263 CD 13 89    		call	MBPlayer_play_wwavevt2
0211+  8266 F1          		pop	af
0212+  8267 21 18 92    		ld	hl, MBPlayer_xwavvols - 1
0213+  826A 85          		add	a, l
0214+  826B 30 01       		jr	nc, loc_0_42E3
0215+  826D 24          		inc	h
0216+  826E             
0217+  826E             loc_0_42E3: 
0218+  826E 6F          		ld	l, a
0219+  826F 7E          		ld	a, (hl)
0220+  8270 FD 77 0F    		ld	(iy + 0Fh), a
0221+  8273 CD 40 89    		call	MBPlayer_play_wchgvol2
0222+  8276 DD 7E 9C    		ld	a, (ix - 64h)
0223+  8279 CD C1 89    		call	MBPlayer_play_wchgste2
0224+  827C DD 23       		inc	ix
0225+  827E C1          		pop	bc
0226+  827F D1          		pop	de
0227+  8280 FD 19       		add	iy, de
0228+  8282 10 D2       		djnz	loc_0_42CB
0229+  8284             
0230+  8284 0E BD       		ld	c, 0BDh
0231+  8286 3A 97 91    		ld	a, (byte_0_531E)
0232+  8289 C3 BD 8B    		jp	MBPlayer_out_fm1
0233+  828C             ;-------------------------------------------------------------------
0234+  828C             ; описание: Возобновление проигрывания
0235+  828C             ; параметры: нет
0236+  828C             ; возвращаемое  значение: нет
0237+  828C             ;---------------------------------------------------------------------
0238+  828C             MBPlayer_continue_music: 
0239+  828C 3A 41 8F    		ld	a, (MBPlayer_play_busy)
0240+  828F B7          		or	a
0241+  8290 C0          		ret	nz
0242+  8291 3D          		dec	a
0243+  8292 32 41 8F    		ld	(MBPlayer_play_busy), a
0244+  8295 C3 AF 81    		jp	loc_0_4201
0245+  8298             ;-------------------------------------------------------------------
0246+  8298             ; описание: Остановка проигрывания
0247+  8298             ; параметры: нет
0248+  8298             ; возвращаемое  значение: нет
0249+  8298             ;---------------------------------------------------------------------
0250+  8298             MBPlayer_stop_music: 
0251+  8298             
0252+  8298             ;		ld	a, (MBPlayer_play_busy)
0253+  8298             ;		or	a
0254+  8298             ;		ret	z
0255+  8298             
0256+  8298 F3          		di	
0257+  8299 AF          		xor	a
0258+  829A 32 41 8F    		ld	(MBPlayer_play_busy), a
0259+  829D             ;		ld	hl, locret_0_44B2
0260+  829D             ;		ld	de, 0FD9Fh
0261+  829D             ;		ld	bc, 5
0262+  829D             ;		ldir	
0263+  829D             ;		ei	
0264+  829D             
0265+  829D 11 0D 00    		ld	de, PTW_SIZE
0266+  82A0 3A B0 91    		ld	a, (MBPlayer_play_chvol_1)
0267+  82A3 B7          		or	a
0268+  82A4 28 0C       		jr	z, loc_0_433A
0269+  82A6 47          		ld	b, a
0270+  82A7 FD 21 68 8E 		ld	iy, MBPlayer_play_table_wav_1
0271+  82AB             
0272+  82AB             loc_0_4333: 
0273+  82AB CD D6 82    		call	sub_0_435E
0274+  82AE FD 19       		add	iy, de
0275+  82B0 10 F9       		djnz	loc_0_4333
0276+  82B2             
0277+  82B2             loc_0_433A: 
0278+  82B2 3A 69 8F    		ld	a, (MBPlayer_play_chvol_2)
0279+  82B5 47          		ld	b, a
0280+  82B6 FD 21 7E 8D 		ld	iy, MBPlayer_play_table_wav_2
0281+  82BA             
0282+  82BA             loc_0_4342: 
0283+  82BA CD D6 82    		call	sub_0_435E
0284+  82BD FD 19       		add	iy, de
0285+  82BF 10 F9       		djnz	loc_0_4342
0286+  82C1 06 06       		ld	b, 6
0287+  82C3 FD 21 B6 8E 		ld	iy, MBPlayer_play_table_wav_3
0288+  82C7 11 12 00    		ld	de, 12h
0289+  82CA             
0290+  82CA             loc_0_4352: 
0291+  82CA CD 01 89    		call	MBPlayer_play_woffevt
0292+  82CD CD 16 8A    		call	MBPlayer_play_wchgdmp
0293+  82D0 FD 19       		add	iy, de
0294+  82D2 10 F6       		djnz	loc_0_4352
0295+  82D4 FB          		ei	
0296+  82D5 C9          		ret	
0297+  82D6             
0298+  82D6             sub_0_435E: 
0299+  82D6 C5          		push	bc
0300+  82D7 FD 46 02    		ld	b, (iy + 2)
0301+  82DA AF          		xor	a
0302+  82DB CD AA 8B    		call	sub_0_4BB3
0303+  82DE CB E0       		set	4, b
0304+  82E0 CD AA 8B    		call	sub_0_4BB3
0305+  82E3 C1          		pop	bc
0306+  82E4 C9          		ret	
0307+  82E5             ;-------------------------------------------------------------------
0308+  82E5             ; описание: Проигрывание музыки по прерываниям
0309+  82E5             ; параметры: нет
0310+  82E5             ; возвращаемое  значение: нет
0311+  82E5             ;---------------------------------------------------------------------
0312+  82E5             MBPlayer_play_music: 
0313+  82E5 F3          		di	
0314+  82E6             ;		ld	a, (MBPlayer_xhzequal)
0315+  82E6             ;		or	a
0316+  82E6             ;		jr	z, loc_0_438A
0317+  82E6             ;		ld	a, (0FFE8h)
0318+  82E6             ;		and	2
0319+  82E6             ;		jr	nz, loc_0_438A
0320+  82E6              ;
0321+  82E6             ;		ld	hl, byte_0_4F4E
0322+  82E6             ;		ld	a, (hl)
0323+  82E6             ;		inc	a
0324+  82E6             ;		cp	6
0325+  82E6             ;		jr	c, loc_0_4389
0326+  82E6             ;		ld	(hl), 0
0327+  82E6             ;		jp	locret_0_44B2
0328+  82E6              ;
0329+  82E6             ;loc_0_4389:
0330+  82E6             ;		ld	(hl), a
0331+  82E6             
0332+  82E6             loc_0_438A: 
0333+  82E6 CD 91 8A    		call	sub_0_4A9A
0334+  82E9             
0335+  82E9             ;		call	MBPlayer_getbank_FE
0336+  82E9             ;		push	af
0337+  82E9             
0338+  82E9 3A 65 8F    		ld	a, (MBPlayer_play_speed)
0339+  82EC 21 67 8F    		ld	hl, MBPlayer_play_timercnt
0340+  82EF 34          		inc	(hl)
0341+  82F0 BE          		cp	(hl)
0342+  82F1 C2 7A 84    		jp	nz, MBPlayer_play_int_sec
0343+  82F4 36 00       		ld	(hl), 0
0344+  82F6             
0345+  82F6             ;		ld	a, (MBPlayer_songdata_bank)
0346+  82F6             ;		call	MBPlayer_selbank_FE
0347+  82F6             
0348+  82F6 CD 6A 88    		call	MBPlayer_play_wtones
0349+  82F9             
0350+  82F9 21 4B 8F    		ld	hl, MBPlayer_step_buffer
0351+  82FC DD 21 32 B8 		ld	ix, MBPlayer_volume_buffer_1
0352+  8300 11 0D 00    		ld	de, PTW_SIZE			;размер данных
0353+  8303             
0354+  8303 3A B0 91    		ld	a, (MBPlayer_play_chvol_1)
0355+  8306 B7          		or	a
0356+  8307 CA 5C 83    		jp	z, loc_0_43F8
0357+  830A 47          		ld	b, a				;число каналов
0358+  830B FD 21 68 8E 		ld	iy, MBPlayer_play_table_wav_1
0359+  830F             
0360+  830F             MBPlayer_play_int_wlus: 
0361+  830F AF          		xor	a
0362+  8310 DD 77 00    		ld	(ix + 0), a
0363+  8313 DD 77 18    		ld	(ix + 18h), a
0364+  8316             
0365+  8316 7E          		ld	a, (hl)
0366+  8317 B7          		or	a
0367+  8318 CA 50 83    		jp	z, MBPlayer_play_int_wend1		; empty
0368+  831B D9          		exx	
0369+  831C             
0370+  831C 21 4F 83    		ld	hl, MBPlayer_play_int_wend_1
0371+  831F FE 61       		cp	97
0372+  8321 DA 11 86    		jp	c, MBPlayer_play_wonevt_1 	; wave on
0373+  8324 CA 4A 86    		jp	z, loc_0_467D
0374+  8327 FE 7A       		cp	122
0375+  8329 DA C6 86    		jp	c, loc_0_46F9
0376+  832C FE BA       		cp	186
0377+  832E DA 39 87    		jp	c, loc_0_476C
0378+  8331 FE BD       		cp	189
0379+  8333 DA 58 87    		jp	c, loc_0_478B
0380+  8336 FE D0       		cp	208
0381+  8338 DA 85 87    		jp	c, loc_0_47B8
0382+  833B FE E3       		cp	227
0383+  833D DA D2 87    		jp	c, loc_0_47F5
0384+  8340 FE F0       		cp	240
0385+  8342 DA 26 88    		jp	c, loc_0_4849
0386+  8345 FE F7       		cp	247
0387+  8347 DA 27 88    		jp	c, loc_0_484A
0388+  834A FE FA       		cp	250
0389+  834C DA 2E 88    		jp	c, loc_0_4851
0390+  834F             
0391+  834F             MBPlayer_play_int_wend_1: 
0392+  834F D9          		exx	
0393+  8350             
0394+  8350             MBPlayer_play_int_wend1: 
0395+  8350 CD 31 84    		call	MBPlayer_analyzer_set	
0396+  8353             
0397+  8353 FD 19       		add	iy, de
0398+  8355 DD 23       		inc	ix
0399+  8357 23          		inc	hl
0400+  8358 05          		dec	b
0401+  8359 C2 0F 83    		jp	nz, MBPlayer_play_int_wlus
0402+  835C             
0403+  835C             loc_0_43F8: 
0404+  835C FD 21 7E 8D 		ld	iy, MBPlayer_play_table_wav_2
0405+  8360 3A 69 8F    		ld	a, (MBPlayer_play_chvol_2)
0406+  8363 47          		ld	b, a
0407+  8364             
0408+  8364             loc_0_4400: 
0409+  8364 AF          		xor	a
0410+  8365 DD 77 00    		ld	(ix + 0), a
0411+  8368 DD 77 18    		ld	(ix + 18h), a
0412+  836B             
0413+  836B 7E          		ld	a, (hl)
0414+  836C B7          		or	a
0415+  836D CA A5 83    		jp	z, MBPlayer_play_int_wend2
0416+  8370 D9          		exx	
0417+  8371 21 A4 83    		ld	hl, MBPlayer_play_int_wend_2
0418+  8374 FE 61       		cp	97
0419+  8376 DA 11 86    		jp	c, MBPlayer_play_wonevt_1 	; wave on
0420+  8379 CA 4A 86    		jp	z, loc_0_467D
0421+  837C FE 7A       		cp	122
0422+  837E DA 60 86    		jp	c, loc_0_4693
0423+  8381 FE BA       		cp	186
0424+  8383 DA 25 87    		jp	c, loc_0_4758
0425+  8386 FE BD       		cp	189
0426+  8388 DA 3A 87    		jp	c, loc_0_476D
0427+  838B FE D0       		cp	208
0428+  838D DA 85 87    		jp	c, loc_0_47B8
0429+  8390 FE E3       		cp	227
0430+  8392 DA D2 87    		jp	c, loc_0_47F5
0431+  8395 FE F0       		cp	240
0432+  8397 DA 0A 88    		jp	c, loc_0_482D
0433+  839A FE F7       		cp	247
0434+  839C DA 27 88    		jp	c, loc_0_484A
0435+  839F FE FA       		cp	250
0436+  83A1 DA 2E 88    		jp	c, loc_0_4851
0437+  83A4             
0438+  83A4             MBPlayer_play_int_wend_2: 
0439+  83A4 D9          		exx	
0440+  83A5             
0441+  83A5             MBPlayer_play_int_wend2: 
0442+  83A5 CD 31 84    		call	MBPlayer_analyzer_set	
0443+  83A8             
0444+  83A8 FD 19       		add	iy, de
0445+  83AA 23          		inc	hl
0446+  83AB DD 23       		inc	ix
0447+  83AD 10 B5       		djnz	loc_0_4400
0448+  83AF 3A B0 91    		ld	a, (MBPlayer_play_chvol_1)
0449+  83B2 85          		add	a, l
0450+  83B3 30 01       		jr	nc, loc_0_4446
0451+  83B5 24          		inc	h
0452+  83B6             
0453+  83B6             loc_0_4446: 
0454+  83B6 6F          		ld	l, a
0455+  83B7             
0456+  83B7             loc_0_4447: 
0457+  83B7 DB C4       		in	a, (0C4h)
0458+  83B9 CB 4F       		bit	1, a
0459+  83BB 20 FA       		jr	nz, loc_0_4447
0460+  83BD             
0461+  83BD FD 21 B6 8E 		ld	iy, MBPlayer_play_table_wav_3
0462+  83C1 06 06       		ld	b, 6
0463+  83C3 11 12 00    		ld	de, 12h
0464+  83C6             
0465+  83C6             loc_0_4456: 
0466+  83C6 AF          		xor	a
0467+  83C7 DD 77 00    		ld	(ix + 0), a
0468+  83CA DD 77 18    		ld	(ix + 18h), a
0469+  83CD             
0470+  83CD 7E          		ld	a, (hl)
0471+  83CE B7          		or	a
0472+  83CF 28 3A       		jr	z, MBPlayer_play_int_wend3
0473+  83D1             
0474+  83D1 08          		ex	af, af'
0475+  83D2 78          		ld	a, b
0476+  83D3 D9          		exx	
0477+  83D4 47          		ld	b, a
0478+  83D5 08          		ex	af, af'
0479+  83D6             
0480+  83D6 11 0A 84    		ld	de, MBPlayer_play_int_wend_3
0481+  83D9 D5          		push	de
0482+  83DA FE 61       		cp	97
0483+  83DC DA B7 88    		jp	c, MBPlayer_play_wonevt 	; wave on
0484+  83DF CA 01 89    		jp	z, MBPlayer_play_woffevt        ; wave off
0485+  83E2 FE 92       		cp	146
0486+  83E4 DA 11 89    		jp	c, MBPlayer_play_wwavevt        ; wave
0487+  83E7 FE B2       		cp	178
0488+  83E9 DA 3B 89    		jp	c, MBPlayer_play_wchgvol        ; volume
0489+  83EC FE C1       		cp	193
0490+  83EE DA BF 89    		jp	c, MBPlayer_play_wchgste        ; stereo
0491+  83F1 FE D4       		cp	212
0492+  83F3 DA 58 89    		jp	c, MBPlayer_play_wlnk           ; link
0493+  83F6 FE E7       		cp	231
0494+  83F8 DA DE 89    		jp	c, MBPlayer_play_wchgpit        ; pitch bending
0495+  83FB FE EE       		cp	238
0496+  83FD DA 0E 8A    		jp	c, MBPlayer_play_wchgdet        ; detune
0497+  8400 FE F1       		cp	241
0498+  8402 DA F6 89    		jp	c, MBPlayer_play_wchgmod        ; modulation
0499+  8405 FE F3       		cp	243
0500+  8407 DA 16 8A    		jp	c, MBPlayer_play_wchgdmp        ; damp
0501+  840A             
0502+  840A             MBPlayer_play_int_wend_3: 
0503+  840A D9          		exx	
0504+  840B             
0505+  840B             MBPlayer_play_int_wend3: 
0506+  840B             
0507+  840B CD 31 84    		call	MBPlayer_analyzer_set	
0508+  840E             
0509+  840E FD 19       		add	iy, de
0510+  8410 DD 23       		inc	ix
0511+  8412 23          		inc	hl
0512+  8413 05          		dec	b	
0513+  8414 C2 C6 83    		jp	nz,loc_0_4456
0514+  8417 7E          		ld	a, (hl)
0515+  8418 B7          		or	a
0516+  8419 28 11       		jr	z, loc_0_44AE
0517+  841B FE 18       		cp	18h
0518+  841D DA 26 8A    		jp	c, loc_0_4A29
0519+  8420 CA 30 8A    		jp	z, loc_0_4A33
0520+  8423 FE 1C       		cp	1Ch
0521+  8425 38 05       		jr	c, loc_0_44AE
0522+  8427 FE 4C       		cp	4Ch ; 'L'
0523+  8429 DA 38 8A    		jp	c, MBPlayer_play_chgtrs
0524+  842C             
0525+  842C             loc_0_44AE: 
0526+  842C             ;		pop	af
0527+  842C             ;		call	MBPlayer_selbank_FE
0528+  842C             
0529+  842C             locret_0_44B2: 
0530+  842C C9          		ret	
0531+  842D C9          		ret	
0532+  842E C9          		ret	
0533+  842F C9          		ret	
0534+  8430 C9          		ret	
0535+  8431             
0536+  8431             ;-------------------------------------------------------------------
0537+  8431             ; описание: Interrupt routine BEFORE play-interrupt
0538+  8431             ; параметры: нет
0539+  8431             ; возвращаемое  значение: нет
0540+  8431             ;---------------------------------------------------------------------
0541+  8431             MBPlayer_analyzer_set: 
0542+  8431 DD 7E 00    		ld	a, (ix + 0)
0543+  8434 B7          		or	a
0544+  8435 C8          		ret	z
0545+  8436 E5          		push	hl
0546+  8437 67          		ld	h, a
0547+  8438 6F          		ld	l, a
0548+  8439 FD 7E 0B    		ld	a, (iy + 0Bh)
0549+  843C E6 0F       		and	0Fh
0550+  843E 28 2B       		jr	z, loc_0_4598
0551+  8440 FE 08       		cp	8
0552+  8442 28 24       		jr	z, loc_0_4595
0553+  8444 30 0A       		jr	nc, loc_0_457E
0554+  8446 FE 07       		cp	7
0555+  8448 28 19       		jr	z, loc_0_4590
0556+  844A 87          		add	a, a
0557+  844B 84          		add	a, h
0558+  844C 67          		ld	h, a
0559+  844D C3 6B 84    		jp	loc_0_4598
0560+  8450             
0561+  8450             loc_0_457E: 
0562+  8450 FE 09       		cp	9
0563+  8452 28 0A       		jr	z, loc_0_458B
0564+  8454 ED 44       		neg	
0565+  8456 C6 10       		add	a, 10h
0566+  8458 87          		add	a, a
0567+  8459 85          		add	a, l
0568+  845A 6F          		ld	l, a
0569+  845B C3 6B 84    		jp	loc_0_4598
0570+  845E             
0571+  845E             loc_0_458B: 
0572+  845E 2E 00       		ld	l, 0
0573+  8460 C3 6B 84    		jp	loc_0_4598
0574+  8463             
0575+  8463             loc_0_4590: 
0576+  8463 26 00       		ld	h, 0
0577+  8465 C3 6B 84    		jp	loc_0_4598
0578+  8468             
0579+  8468             loc_0_4595: 
0580+  8468 21 00 00    		ld	hl, 0
0581+  846B             loc_0_4598: 
0582+  846B 7C          		ld	a, h
0583+  846C 17          		rla	
0584+  846D 17          		rla	
0585+  846E 17          		rla	
0586+  846F 17          		rla	
0587+  8470 E6 F0       		and	0F0h
0588+  8472 B5          		or	l
0589+  8473 28 03       		jr	z, loc_0_45A5
0590+  8475 DD 77 18    		ld	(ix + 18h), a
0591+  8478             loc_0_45A5: 
0592+  8478 E1          		pop	hl
0593+  8479             
0594+  8479 C9          		ret
0595+  847A             ;-------------------------------------------------------------------
0596+  847A             ; описание: Interrupt routine BEFORE play-interrupt
0597+  847A             ; параметры: нет
0598+  847A             ; возвращаемое  значение: нет
0599+  847A             ;---------------------------------------------------------------------
0600+  847A             MBPlayer_play_int_sec: 
0601+  847A 3D          		dec	a
0602+  847B BE          		cp	(hl)
0603+  847C 20 AE       		jr	nz, loc_0_44AE
0604+  847E 3A 43 8F    		ld	a, (MBPlayer_play_step)
0605+  8481 3C          		inc	a
0606+  8482 E6 0F       		and	0Fh
0607+  8484 32 43 8F    		ld	(MBPlayer_play_step), a
0608+  8487 2A 3D 92    		ld	hl, (MBPlayer_songdata_ptr)
0609+  848A CC 40 8A    		call	z, MBPlayer_play_nextpos
0610+  848D             
0611+  848D             ;		ld	a, (MBPlayer_songdata_bank)
0612+  848D             ;		call	MBPlayer_selbank_FE
0613+  848D             
0614+  848D 11 4B 8F    		ld	de, MBPlayer_step_buffer
0615+  8490 7E          		ld	a, (hl)
0616+  8491 23          		inc	hl
0617+  8492 FE FF       		cp	255
0618+  8494 C2 A8 84    		jp	nz, loc_0_44EB
0619+  8497 D9          		exx	
0620+  8498 21 4B 8F    		ld	hl, MBPlayer_step_buffer
0621+  849B 11 4C 8F    		ld	de, MBPlayer_step_buffer + 1
0622+  849E 01 18 00    		ld	bc, 24
0623+  84A1 70          		ld	(hl), b
0624+  84A2 ED B0       		ldir	
0625+  84A4 D9          		exx	
0626+  84A5 C3 C7 84    		jp	loc_0_450A
0627+  84A8             
0628+  84A8             
0629+  84A8             loc_0_44EB: 
0630+  84A8 12          		ld	(de), a
0631+  84A9 13          		inc	de
0632+  84AA E5          		push	hl
0633+  84AB 23          		inc	hl
0634+  84AC 23          		inc	hl
0635+  84AD 23          		inc	hl
0636+  84AE D9          		exx	
0637+  84AF E1          		pop	hl
0638+  84B0 06 03       		ld	b, 3
0639+  84B2             
0640+  84B2             loc_0_44F5: 
0641+  84B2 7E          		ld	a, (hl)
0642+  84B3 D9          		exx	
0643+  84B4 06 08       		ld	b, 8
0644+  84B6 4F          		ld	c, a
0645+  84B7             
0646+  84B7             loc_0_44FA: 
0647+  84B7 AF          		xor	a
0648+  84B8 CB 01       		rlc	c
0649+  84BA 30 02       		jr	nc, loc_0_4501
0650+  84BC 7E          		ld	a, (hl)
0651+  84BD 23          		inc	hl
0652+  84BE             
0653+  84BE             loc_0_4501: 
0654+  84BE 12          		ld	(de), a
0655+  84BF 13          		inc	de
0656+  84C0 10 F5       		djnz	loc_0_44FA
0657+  84C2 D9          		exx	
0658+  84C3 23          		inc	hl
0659+  84C4 10 EC       		djnz	loc_0_44F5
0660+  84C6 D9          		exx	
0661+  84C7             
0662+  84C7             loc_0_450A: 
0663+  84C7 22 3D 92    		ld	(MBPlayer_songdata_ptr), hl
0664+  84CA 21 4B 8F    		ld	hl, MBPlayer_step_buffer
0665+  84CD 11 0D 00    		ld	de, PTW_SIZE
0666+  84D0 3A B0 91    		ld	a, (MBPlayer_play_chvol_1)
0667+  84D3 B7          		or	a
0668+  84D4 CA DF 84    		jp	z, loc_0_4522
0669+  84D7 FD 21 68 8E 		ld	iy, MBPlayer_play_table_wav_1
0670+  84DB 47          		ld	b, a
0671+  84DC CD ED 84    		call	sub_0_4530
0672+  84DF             
0673+  84DF             loc_0_4522: 
0674+  84DF FD 21 7E 8D 		ld	iy, MBPlayer_play_table_wav_2
0675+  84E3 3A 69 8F    		ld	a, (MBPlayer_play_chvol_2)
0676+  84E6 47          		ld	b, a
0677+  84E7 CD ED 84    		call	sub_0_4530
0678+  84EA C3 22 85    		jp	loc_0_4565
0679+  84ED             
0680+  84ED             sub_0_4530: 
0681+  84ED D9          		exx	
0682+  84EE 3A 66 8F    		ld	a, (MBPlayer_play_tspval)
0683+  84F1 47          		ld	b, a
0684+  84F2 D9          		exx	
0685+  84F3             
0686+  84F3             loc_0_4536: 
0687+  84F3 7E          		ld	a, (hl)
0688+  84F4 3D          		dec	a
0689+  84F5 FE 60       		cp	60h ; '`'
0690+  84F7 30 23       		jr	nc, loc_0_455F
0691+  84F9 D9          		exx	
0692+  84FA FD 36 04 00 		ld	(iy + 4), 0
0693+  84FE 80          		add	a, b
0694+  84FF FD 77 01    		ld	(iy + 1), a
0695+  8502 21 BF 8C    		ld	hl, unk_0_4CC8
0696+  8505 87          		add	a, a
0697+  8506 85          		add	a, l
0698+  8507 30 01       		jr	nc, loc_0_454D
0699+  8509 24          		inc	h
0700+  850A             
0701+  850A             loc_0_454D: 
0702+  850A 6F          		ld	l, a
0703+  850B 56          		ld	d, (hl)
0704+  850C 2B          		dec	hl
0705+  850D 5E          		ld	e, (hl)
0706+  850E 13          		inc	de
0707+  850F FD 7E 07    		ld	a, (iy + 7)
0708+  8512 83          		add	a, e
0709+  8513 5F          		ld	e, a
0710+  8514 1B          		dec	de
0711+  8515 FD 72 09    		ld	(iy + 9), d
0712+  8518 FD 73 0A    		ld	(iy + 0Ah), e
0713+  851B D9          		exx	
0714+  851C             
0715+  851C             loc_0_455F: 
0716+  851C FD 19       		add	iy, de
0717+  851E 23          		inc	hl
0718+  851F 10 D2       		djnz	loc_0_4536
0719+  8521 C9          		ret	
0720+  8522             
0721+  8522             
0722+  8522             loc_0_4565: 
0723+  8522 3A B0 91    		ld	a, (MBPlayer_play_chvol_1)
0724+  8525 85          		add	a, l
0725+  8526 30 01       		jr	nc, loc_0_456C
0726+  8528 24          		inc	h
0727+  8529             
0728+  8529             loc_0_456C: 
0729+  8529 6F          		ld	l, a
0730+  852A 01 60 06    		ld	bc, 660h
0731+  852D FD 21 B6 8E 		ld	iy, MBPlayer_play_table_wav_3
0732+  8531 11 12 00    		ld	de, 12h
0733+  8534             
0734+  8534             loc_0_4577: 
0735+  8534 7E          		ld	a, (hl)
0736+  8535 3D          		dec	a
0737+  8536 B9          		cp	c
0738+  8537 DA 42 85    		jp	c, loc_0_4585
0739+  853A             
0740+  853A             loc_0_457D: 
0741+  853A FD 19       		add	iy, de
0742+  853C 23          		inc	hl
0743+  853D 10 F5       		djnz	loc_0_4577
0744+  853F C3 2C 84    		jp	loc_0_44AE
0745+  8542             
0746+  8542             
0747+  8542             loc_0_4585: 
0748+  8542 FD 36 02 00 		ld	(iy + 2), 0
0749+  8546 D9          		exx	
0750+  8547 57          		ld	d, a
0751+  8548 21 0F A7    		ld	hl, MBPlayer_patch_table
0752+  854B 06 00       		ld	b, 0
0753+  854D FD 4E 0A    		ld	c, (iy + 0Ah)
0754+  8550 79          		ld	a, c
0755+  8551 FE AF       		cp	0AFh ; 'Ї'
0756+  8553 CA DB 85    		jp	z, loc_0_461E
0757+  8556             
0758+  8556             loc_0_4599: 
0759+  8556 7A          		ld	a, d
0760+  8557 09          		add	hl, bc
0761+  8558 09          		add	hl, bc
0762+  8559 5E          		ld	e, (hl)
0763+  855A 23          		inc	hl
0764+  855B 56          		ld	d, (hl)
0765+  855C EB          		ex	de, hl
0766+  855D 5E          		ld	e, (hl)
0767+  855E 23          		inc	hl
0768+  855F 4E          		ld	c, (hl)
0769+  8560 23          		inc	hl
0770+  8561 46          		ld	b, (hl)
0771+  8562 23          		inc	hl
0772+  8563 FD 71 0D    		ld	(iy + 0Dh), c
0773+  8566 FD 70 0E    		ld	(iy + 0Eh), b
0774+  8569 CB 43       		bit	0, e
0775+  856B 28 05       		jr	z, loc_0_45B5
0776+  856D 47          		ld	b, a
0777+  856E 3A 66 8F    		ld	a, (MBPlayer_play_tspval)
0778+  8571 80          		add	a, b
0779+  8572             
0780+  8572             loc_0_45B5: 
0781+  8572 06 00       		ld	b, 0
0782+  8574 11 05 00    		ld	de, 5
0783+  8577             
0784+  8577             loc_0_45BA: 
0785+  8577 BE          		cp	(hl)
0786+  8578 38 14       		jr	c, loc_0_45D1
0787+  857A 46          		ld	b, (hl)
0788+  857B 19          		add	hl, de
0789+  857C BE          		cp	(hl)
0790+  857D 38 0F       		jr	c, loc_0_45D1
0791+  857F 46          		ld	b, (hl)
0792+  8580 19          		add	hl, de
0793+  8581 BE          		cp	(hl)
0794+  8582 38 0A       		jr	c, loc_0_45D1
0795+  8584 46          		ld	b, (hl)
0796+  8585 19          		add	hl, de
0797+  8586 BE          		cp	(hl)
0798+  8587 38 05       		jr	c, loc_0_45D1
0799+  8589 46          		ld	b, (hl)
0800+  858A 19          		add	hl, de
0801+  858B C3 77 85    		jp	loc_0_45BA
0802+  858E             
0803+  858E             loc_0_45D1: 
0804+  858E 57          		ld	d, a
0805+  858F 23          		inc	hl
0806+  8590 7E          		ld	a, (hl)
0807+  8591 FD 77 07    		ld	(iy + 7), a
0808+  8594 23          		inc	hl
0809+  8595 7E          		ld	a, (hl)
0810+  8596 E6 01       		and	1
0811+  8598 FD 77 06    		ld	(iy + 6), a
0812+  859B 7E          		ld	a, (hl)
0813+  859C 1F          		rra	
0814+  859D 82          		add	a, d
0815+  859E 90          		sub	b
0816+  859F FD 77 00    		ld	(iy + 0), a
0817+  85A2 23          		inc	hl
0818+  85A3 5E          		ld	e, (hl)
0819+  85A4 23          		inc	hl
0820+  85A5 56          		ld	d, (hl)
0821+  85A6 FD 72 11    		ld	(iy + 11h), d
0822+  85A9 FD 73 10    		ld	(iy + 10h), e
0823+  85AC 21 8F A5    		ld	hl, tabdiv12
0824+  85AF 4F          		ld	c, a
0825+  85B0 06 00       		ld	b, 0
0826+  85B2 09          		add	hl, bc
0827+  85B3 09          		add	hl, bc
0828+  85B4 4E          		ld	c, (hl)
0829+  85B5 23          		inc	hl
0830+  85B6 7E          		ld	a, (hl)
0831+  85B7 EB          		ex	de, hl
0832+  85B8 85          		add	a, l
0833+  85B9 30 01       		jr	nc, loc_0_45FF
0834+  85BB 24          		inc	h
0835+  85BC             
0836+  85BC             loc_0_45FF: 
0837+  85BC 6F          		ld	l, a
0838+  85BD 5E          		ld	e, (hl)
0839+  85BE 23          		inc	hl
0840+  85BF 56          		ld	d, (hl)
0841+  85C0 CB 23       		sla	e
0842+  85C2 7A          		ld	a, d
0843+  85C3 17          		rla	
0844+  85C4 81          		add	a, c
0845+  85C5 57          		ld	d, a
0846+  85C6 60          		ld	h, b
0847+  85C7             
0848+  85C7             loc_0_460A: 
0849+  85C7 FD 6E 05    		ld	l, (iy + 5)
0850+  85CA CB 7D       		bit	7, l
0851+  85CC 28 01       		jr	z, loc_0_4612
0852+  85CE 25          		dec	h
0853+  85CF             
0854+  85CF             loc_0_4612: 
0855+  85CF 29          		add	hl, hl
0856+  85D0 19          		add	hl, de
0857+  85D1 FD 75 08    		ld	(iy + 8), l
0858+  85D4 FD 74 09    		ld	(iy + 9), h
0859+  85D7 D9          		exx	
0860+  85D8 C3 3A 85    		jp	loc_0_457D
0861+  85DB             
0862+  85DB             loc_0_461E: 
0863+  85DB 7A          		ld	a, d
0864+  85DC FE 24       		cp	24h ; '$'
0865+  85DE DA 56 85    		jp	c, loc_0_4599
0866+  85E1 FE 53       		cp	53h ; 'S'
0867+  85E3 DA E8 85    		jp	c, loc_0_462B
0868+  85E6 3E 52       		ld	a, 52h ; 'R'
0869+  85E8             
0870+  85E8             loc_0_462B: 
0871+  85E8 21 48 B7    		ld	hl, gmdrm_c4
0872+  85EB D6 24       		sub	24h ; '$'
0873+  85ED 47          		ld	b, a
0874+  85EE 87          		add	a, a
0875+  85EF 87          		add	a, a
0876+  85F0 80          		add	a, b
0877+  85F1 85          		add	a, l
0878+  85F2 30 01       		jr	nc, loc_0_4638
0879+  85F4 24          		inc	h
0880+  85F5             loc_0_4638: 
0881+  85F5 6F          		ld	l, a
0882+  85F6 7E          		ld	a, (hl)
0883+  85F7 FD 77 07    		ld	(iy + 7), a
0884+  85FA FD 36 06 00 		ld	(iy + 6), 0
0885+  85FE 23          		inc	hl
0886+  85FF 5E          		ld	e, (hl)
0887+  8600 23          		inc	hl
0888+  8601 56          		ld	d, (hl)
0889+  8602 23          		inc	hl
0890+  8603 7E          		ld	a, (hl)
0891+  8604 FD 77 0D    		ld	(iy + 0Dh), a
0892+  8607 23          		inc	hl
0893+  8608 7E          		ld	a, (hl)
0894+  8609 FD 77 0E    		ld	(iy + 0Eh), a
0895+  860C 26 00       		ld	h, 0
0896+  860E C3 C7 85    		jp	loc_0_460A
0897+  8611             ;-------------------------------------------------------------------
0898+  8611             ; описание: Play ON event
0899+  8611             ; параметры: нет
0900+  8611             ; возвращаемое  значение: нет
0901+  8611             ;---------------------------------------------------------------------
0902+  8611             MBPlayer_play_wonevt_1: 
0903+  8611 F5          		push	af
0904+  8612 FD 7E 0F    		ld	a, (iy + 0Fh)
0905+  8615 E6 1F       		and	1Fh
0906+  8617 1F          		rra	
0907+  8618 B7          		or	a
0908+  8619 C2 1D 86    		jp	nz, loc_0_4858
0909+  861C 3C          		inc	a
0910+  861D             
0911+  861D             loc_0_4858: 
0912+  861D DD 77 00    		ld	(ix + 0), a
0913+  8620 F1          		pop	af
0914+  8621             
0915+  8621             
0916+  8621 FD 4E 00    		ld	c, (iy + 0)
0917+  8624 FD 5E 02    		ld	e, (iy + 2)
0918+  8627 43          		ld	b, e
0919+  8628 CB E3       		set	4, e
0920+  862A ED 59       		out	(c), e
0921+  862C 0C          		inc	c
0922+  862D FD 7E 09    		ld	a, (iy + 9)
0923+  8630 ED 79       		out	(c), a
0924+  8632 0D          		dec	c
0925+  8633 ED 41       		out	(c), b
0926+  8635 FD 56 0A    		ld	d, (iy + 0Ah)
0927+  8638 0C          		inc	c
0928+  8639 ED 51       		out	(c), d
0929+  863B FD 72 0B    		ld	(iy + 0Bh), d
0930+  863E 0D          		dec	c
0931+  863F ED 59       		out	(c), e
0932+  8641 F6 20       		or	20h ; ' '
0933+  8643 FD 77 0C    		ld	(iy + 0Ch), a
0934+  8646 0C          		inc	c
0935+  8647 ED 79       		out	(c), a
0936+  8649 E9          		jp	(hl)
0937+  864A             
0938+  864A             loc_0_467D: 
0939+  864A FD 36 04 00 		ld	(iy + 4), 0
0940+  864E FD 7E 02    		ld	a, (iy + 2)
0941+  8651 F6 10       		or	10h
0942+  8653 FD 4E 00    		ld	c, (iy + 0)
0943+  8656 ED 79       		out	(c), a
0944+  8658 0C          		inc	c
0945+  8659 ED 78       		in	a, (c)
0946+  865B E6 DF       		and	0DFh ; 'Я'
0947+  865D ED 79       		out	(c), a
0948+  865F E9          		jp	(hl)
0949+  8660             
0950+  8660             loc_0_4693: 
0951+  8660 D6 61       		sub	61h ; 'a'
0952+  8662             loc_0_4695: 
0953+  8662 E5          		push	hl
0954+  8663 FD 36 04 00 		ld	(iy + 4), 0
0955+  8667 21 21 8F    		ld	hl, unk_0_4F2A
0956+  866A 85          		add	a, l
0957+  866B 30 01       		jr	nc, loc_0_46A1
0958+  866D 24          		inc	h
0959+  866E             loc_0_46A1: 
0960+  866E 6F          		ld	l, a
0961+  866F 7E          		ld	a, (hl)
0962+  8670 21 6D 8F    		ld	hl, unk_0_50F4
0963+  8673 85          		add	a, l
0964+  8674 30 01       		jr	nc, loc_0_46AA
0965+  8676 24          		inc	h
0966+  8677             loc_0_46AA: 
0967+  8677 6F          		ld	l, a
0968+  8678 EB          		ex	de, hl
0969+  8679 3A 69 8F    		ld	a, (MBPlayer_play_chvol_2)
0970+  867C D9          		exx	
0971+  867D 90          		sub	b
0972+  867E D9          		exx	
0973+  867F 87          		add	a, a
0974+  8680 87          		add	a, a
0975+  8681             
0976+  8681 21 F2 8B    		ld	hl, unk_0_4BFB
0977+  8684 85          		add	a, l
0978+  8685 30 01       		jr	nc, loc_0_46BB
0979+  8687 24          		inc	h
0980+  8688             
0981+  8688             loc_0_46BB: 
0982+  8688 6F          		ld	l, a
0983+  8689 EB          		ex	de, hl
0984+  868A 1A          		ld	a, (de)
0985+  868B 06 0C       		ld	b, 0Ch
0986+  868D FD 4E 00    		ld	c, (iy + 0)
0987+  8690             
0988+  8690             loc_0_46C3: 
0989+  8690 ED 79       		out	(c), a
0990+  8692 C6 03       		add	a, 3
0991+  8694 0C          		inc	c
0992+  8695 ED A3       		outi	
0993+  8697 0D          		dec	c
0994+  8698 ED 79       		out	(c), a
0995+  869A C6 1D       		add	a, 1Dh
0996+  869C 0C          		inc	c
0997+  869D ED A3       		outi	
0998+  869F 0D          		dec	c
0999+  86A0 10 EE       		djnz	loc_0_46C3
1000+  86A2 13          		inc	de
1001+  86A3 EB          		ex	de, hl
1002+  86A4 ED A3       		outi	
1003+  86A6 0C          		inc	c
1004+  86A7 EB          		ex	de, hl
1005+  86A8 ED A3       		outi	
1006+  86AA 0D          		dec	c
1007+  86AB EB          		ex	de, hl
1008+  86AC ED A3       		outi	
1009+  86AE 0C          		inc	c
1010+  86AF EB          		ex	de, hl
1011+  86B0 ED A3       		outi	
1012+  86B2 0D          		dec	c
1013+  86B3 1A          		ld	a, (de)
1014+  86B4 ED 79       		out	(c), a
1015+  86B6 0C          		inc	c
1016+  86B7 ED 78       		in	a, (c)
1017+  86B9 E6 30       		and	30h ; '0'
1018+  86BB EE 30       		xor	30h ; '0'
1019+  86BD 20 02       		jr	nz, loc_0_46F4
1020+  86BF EE 30       		xor	30h ; '0'
1021+  86C1             loc_0_46F4: 
1022+  86C1 B6          		or	(hl)
1023+  86C2 ED 79       		out	(c), a
1024+  86C4 E1          		pop	hl
1025+  86C5 E9          		jp	(hl)
1026+  86C6             
1027+  86C6             loc_0_46F9: 
1028+  86C6 D6 61       		sub	61h ; 'a'
1029+  86C8             
1030+  86C8             loc_0_46FB: 
1031+  86C8 E5          		push	hl
1032+  86C9 FD 36 04 00 		ld	(iy + 4), 0
1033+  86CD 21 20 8F    		ld	hl, unk_0_4F29
1034+  86D0 87          		add	a, a
1035+  86D1 85          		add	a, l
1036+  86D2 30 01       		jr	nc, loc_0_4708
1037+  86D4 24          		inc	h
1038+  86D5             loc_0_4708: 
1039+  86D5 6F          		ld	l, a
1040+  86D6 7E          		ld	a, (hl)
1041+  86D7 21 75 90    		ld	hl, unk_0_51FC
1042+  86DA 85          		add	a, l
1043+  86DB 30 01       		jr	nc, loc_0_4711
1044+  86DD 24          		inc	h
1045+  86DE             loc_0_4711: 
1046+  86DE 6F          		ld	l, a
1047+  86DF EB          		ex	de, hl
1048+  86E0 3A B0 91    		ld	a, (MBPlayer_play_chvol_1)
1049+  86E3 D9          		exx	
1050+  86E4 90          		sub	b
1051+  86E5 D9          		exx	
1052+  86E6 21 22 8F    		ld	hl, unk_0_4F2B
1053+  86E9 87          		add	a, a
1054+  86EA 85          		add	a, l
1055+  86EB 30 01       		jr	nc, loc_0_4721
1056+  86ED 24          		inc	h
1057+  86EE             
1058+  86EE             loc_0_4721: 
1059+  86EE 6F          		ld	l, a
1060+  86EF 7E          		ld	a, (hl)
1061+  86F0 21 3A 8C    		ld	hl, unk_0_4C43
1062+  86F3 85          		add	a, l
1063+  86F4 30 01       		jr	nc, loc_0_472A
1064+  86F6 24          		inc	h
1065+  86F7             
1066+  86F7             loc_0_472A: 
1067+  86F7 6F          		ld	l, a
1068+  86F8 FD 4E 00    		ld	c, (iy + 0)
1069+  86FB 06 3C       		ld	b, 3Ch ; '<'
1070+  86FD             loc_0_4730: 
1071+  86FD ED A3       		outi	
1072+  86FF EB          		ex	de, hl
1073+  8700 0C          		inc	c
1074+  8701 ED A3       		outi	
1075+  8703 EB          		ex	de, hl
1076+  8704 0D          		dec	c
1077+  8705 10 F6       		djnz	loc_0_4730
1078+  8707 ED A3       		outi	
1079+  8709 0C          		inc	c
1080+  870A ED 78       		in	a, (c)
1081+  870C E6 30       		and	30h ; '0'
1082+  870E EE 30       		xor	30h ; '0'
1083+  8710 20 02       		jr	nz, loc_0_4747
1084+  8712 EE 30       		xor	30h ; '0'
1085+  8714             
1086+  8714             loc_0_4747: 
1087+  8714 47          		ld	b, a
1088+  8715 1A          		ld	a, (de)
1089+  8716 B0          		or	b
1090+  8717 ED 79       		out	(c), a
1091+  8719 0D          		dec	c
1092+  871A 7E          		ld	a, (hl)
1093+  871B ED 79       		out	(c), a
1094+  871D 13          		inc	de
1095+  871E 1A          		ld	a, (de)
1096+  871F B0          		or	b
1097+  8720 0C          		inc	c
1098+  8721 ED 79       		out	(c), a
1099+  8723 E1          		pop	hl
1100+  8724 E9          		jp	(hl)
1101+  8725             
1102+  8725             loc_0_4758: 
1103+  8725 D6 7A       		sub	7Ah ; 'z'
1104+  8727 57          		ld	d, a
1105+  8728 FD 4E 00    		ld	c, (iy + 0)
1106+  872B FD 7E 03    		ld	a, (iy + 3)
1107+  872E ED 79       		out	(c), a
1108+  8730 0C          		inc	c
1109+  8731 ED 78       		in	a, (c)
1110+  8733 E6 C0       		and	0C0h ; 'А'
1111+  8735 82          		add	a, d
1112+  8736 ED 79       		out	(c), a
1113+  8738 E9          		jp	(hl)
1114+  8739             loc_0_476C: 
1115+  8739 E9          		jp	(hl)
1116+  873A             loc_0_476D: 
1117+  873A FD 36 04 00 		ld	(iy + 4), 0
1118+  873E D6 B9       		sub	0B9h ; '№'
1119+  8740             loc_0_4773: 
1120+  8740 87          		add	a, a
1121+  8741 87          		add	a, a
1122+  8742 87          		add	a, a
1123+  8743 87          		add	a, a
1124+  8744 57          		ld	d, a
1125+  8745 FD 4E 00    		ld	c, (iy + 0)
1126+  8748 FD 7E 02    		ld	a, (iy + 2)
1127+  874B C6 20       		add	a, 20h ; ' '
1128+  874D ED 79       		out	(c), a
1129+  874F 0C          		inc	c
1130+  8750 ED 78       		in	a, (c)
1131+  8752 E6 0F       		and	0Fh
1132+  8754 82          		add	a, d
1133+  8755 ED 79       		out	(c), a
1134+  8757 E9          		jp	(hl)
1135+  8758             loc_0_478B: 
1136+  8758 FD 36 04 00 		ld	(iy + 4), 0
1137+  875C D6 B9       		sub	0B9h ; '№'
1138+  875E             loc_0_4791: 
1139+  875E 87          		add	a, a
1140+  875F 87          		add	a, a
1141+  8760 87          		add	a, a
1142+  8761 87          		add	a, a
1143+  8762 57          		ld	d, a
1144+  8763 FD 4E 00    		ld	c, (iy + 0)
1145+  8766 FD 7E 02    		ld	a, (iy + 2)
1146+  8769 C6 20       		add	a, 20h ; ' '
1147+  876B 47          		ld	b, a
1148+  876C ED 79       		out	(c), a
1149+  876E 0C          		inc	c
1150+  876F ED 78       		in	a, (c)
1151+  8771 E6 0F       		and	0Fh
1152+  8773 82          		add	a, d
1153+  8774 ED 79       		out	(c), a
1154+  8776 78          		ld	a, b
1155+  8777 C6 03       		add	a, 3
1156+  8779 0D          		dec	c
1157+  877A ED 79       		out	(c), a
1158+  877C 0C          		inc	c
1159+  877D ED 78       		in	a, (c)
1160+  877F E6 0F       		and	0Fh
1161+  8781 82          		add	a, d
1162+  8782 ED 79       		out	(c), a
1163+  8784 E9          		jp	(hl)
1164+  8785             
1165+  8785             loc_0_47B8: 
1166+  8785 F5          		push	af
1167+  8786 FD 7E 0F    		ld	a, (iy + 0Fh)
1168+  8789 E6 1F       		and	1Fh
1169+  878B 1F          		rra	
1170+  878C B7          		or	a
1171+  878D C2 91 87    		jp	nz, loc_0_492B
1172+  8790 3C          		inc	a
1173+  8791             
1174+  8791             loc_0_492B: 
1175+  8791 DD 77 00    		ld	(ix + 0), a
1176+  8794 F1          		pop	af
1177+  8795             
1178+  8795             
1179+  8795 E5          		push	hl
1180+  8796 D6 C6       		sub	0C6h ; 'Ж'
1181+  8798 FD 86 01    		add	a, (iy + 1)
1182+  879B FD 77 01    		ld	(iy + 1), a
1183+  879E 21 BF 8C    		ld	hl, unk_0_4CC8
1184+  87A1 87          		add	a, a
1185+  87A2 85          		add	a, l
1186+  87A3 30 01       		jr	nc, loc_0_47C9
1187+  87A5 24          		inc	h
1188+  87A6             
1189+  87A6             loc_0_47C9: 
1190+  87A6 6F          		ld	l, a
1191+  87A7 56          		ld	d, (hl)
1192+  87A8 2B          		dec	hl
1193+  87A9 5E          		ld	e, (hl)
1194+  87AA 13          		inc	de
1195+  87AB FD 7E 07    		ld	a, (iy + 7)
1196+  87AE 83          		add	a, e
1197+  87AF 5F          		ld	e, a
1198+  87B0 1B          		dec	de
1199+  87B1 FD 73 0B    		ld	(iy + 0Bh), e
1200+  87B4 FD 4E 00    		ld	c, (iy + 0)
1201+  87B7 FD 46 02    		ld	b, (iy + 2)
1202+  87BA ED 41       		out	(c), b
1203+  87BC 0C          		inc	c
1204+  87BD FD 36 04 00 		ld	(iy + 4), 0
1205+  87C1 ED 59       		out	(c), e
1206+  87C3 0D          		dec	c
1207+  87C4 CB E0       		set	4, b
1208+  87C6 ED 41       		out	(c), b
1209+  87C8 CB EA       		set	5, d
1210+  87CA FD 72 0C    		ld	(iy + 0Ch), d
1211+  87CD 0C          		inc	c
1212+  87CE ED 51       		out	(c), d
1213+  87D0 E1          		pop	hl
1214+  87D1 E9          		jp	(hl)
1215+  87D2             
1216+  87D2             loc_0_47F5: 
1217+  87D2 D6 D9       		sub	0D9h ; 'Щ'
1218+  87D4 FD 36 04 01 		ld	(iy + 4), 1
1219+  87D8 CB 27       		sla	a
1220+  87DA FD 77 05    		ld	(iy + 5), a
1221+  87DD DA E5 87    		jp	c, loc_0_4808
1222+  87E0 FD 36 06 00 		ld	(iy + 6), 0
1223+  87E4 E9          		jp	(hl)
1224+  87E5             
1225+  87E5             loc_0_4808: 
1226+  87E5 FD 36 06 FF 		ld	(iy + 6), 0FFh
1227+  87E9 EB          		ex	de, hl
1228+  87EA FD 66 0C    		ld	h, (iy + 0Ch)
1229+  87ED CB 4C       		bit	1, h
1230+  87EF C2 08 88    		jp	nz, loc_0_482B
1231+  87F2 7C          		ld	a, h
1232+  87F3 E6 FC       		and	0FCh ; 'ь'
1233+  87F5 D6 04       		sub	4
1234+  87F7 FD 6E 0B    		ld	l, (iy + 0Bh)
1235+  87FA CB AC       		res	5, h
1236+  87FC 29          		add	hl, hl
1237+  87FD FD 75 0B    		ld	(iy + 0Bh), l
1238+  8800 47          		ld	b, a
1239+  8801 7C          		ld	a, h
1240+  8802 E6 03       		and	3
1241+  8804 B0          		or	b
1242+  8805 FD 77 0C    		ld	(iy + 0Ch), a
1243+  8808             loc_0_482B: 
1244+  8808 EB          		ex	de, hl
1245+  8809 E9          		jp	(hl)
1246+  880A             
1247+  880A             loc_0_482D: 
1248+  880A D6 E9       		sub	0E9h ; 'й'
1249+  880C 47          		ld	b, a
1250+  880D FD 4E 00    		ld	c, (iy + 0)
1251+  8810 FD 7E 03    		ld	a, (iy + 3)
1252+  8813 D6 03       		sub	3
1253+  8815 ED 79       		out	(c), a
1254+  8817 0C          		inc	c
1255+  8818 ED 78       		in	a, (c)
1256+  881A 5F          		ld	e, a
1257+  881B E6 C0       		and	0C0h ; 'А'
1258+  881D 57          		ld	d, a
1259+  881E 7B          		ld	a, e
1260+  881F E6 3F       		and	3Fh ; '?'
1261+  8821 80          		add	a, b
1262+  8822 82          		add	a, d
1263+  8823 ED 79       		out	(c), a
1264+  8825 E9          		jp	(hl)
1265+  8826             
1266+  8826             loc_0_4849: 
1267+  8826 E9          		jp	(hl)
1268+  8827             
1269+  8827             loc_0_484A: 
1270+  8827 D6 F3       		sub	0F3h ; 'у'
1271+  8829 87          		add	a, a
1272+  882A FD 77 07    		ld	(iy + 7), a
1273+  882D E9          		jp	(hl)
1274+  882E             
1275+  882E             loc_0_4851: 
1276+  882E D6 F5       		sub	0F5h ; 'х'
1277+  8830 FD 77 04    		ld	(iy + 4), a
1278+  8833 D6 02       		sub	2
1279+  8835 87          		add	a, a
1280+  8836 87          		add	a, a
1281+  8837 87          		add	a, a
1282+  8838 87          		add	a, a
1283+  8839 EB          		ex	de, hl
1284+  883A 21 B1 91    		ld	hl, unk_0_5338
1285+  883D 85          		add	a, l
1286+  883E 30 01       		jr	nc, loc_0_4864
1287+  8840 24          		inc	h
1288+  8841             loc_0_4864: 
1289+  8841 6F          		ld	l, a
1290+  8842 FD 75 05    		ld	(iy + 5), l
1291+  8845 FD 74 06    		ld	(iy + 6), h
1292+  8848 FD 66 0C    		ld	h, (iy + 0Ch)
1293+  884B CB 4C       		bit	1, h
1294+  884D C2 68 88    		jp	nz, loc_0_488B
1295+  8850 7C          		ld	a, h
1296+  8851 E6 FC       		and	0FCh ; 'ь'
1297+  8853 D6 04       		sub	4
1298+  8855 FD 6E 0B    		ld	l, (iy + 0Bh)
1299+  8858 CB AC       		res	5, h
1300+  885A 29          		add	hl, hl
1301+  885B FD 75 0B    		ld	(iy + 0Bh), l
1302+  885E 08          		ex	af, af'
1303+  885F 7C          		ld	a, h
1304+  8860 E6 03       		and	3
1305+  8862 67          		ld	h, a
1306+  8863 08          		ex	af, af'
1307+  8864 B4          		or	h
1308+  8865 FD 77 0C    		ld	(iy + 0Ch), a
1309+  8868             loc_0_488B: 
1310+  8868 EB          		ex	de, hl
1311+  8869 E9          		jp	(hl)
1312+  886A             ;-------------------------------------------------------------------
1313+  886A             ; описание:  WAVE Event routines
1314+  886A             ; параметры: нет
1315+  886A             ; возвращаемое  значение: нет
1316+  886A             ;---------------------------------------------------------------------
1317+  886A             MBPlayer_play_wtones: 
1318+  886A             
1319+  886A 21 5D 8F    		ld	hl, MBPlayer_step_buffer_1
1320+  886D 06 06       		ld	b, 6
1321+  886F FD 21 B6 8E 		ld	iy, MBPlayer_play_table_wav_3
1322+  8873 11 12 00    		ld	de, 12h
1323+  8876             loc_0_4899: 
1324+  8876 7E          		ld	a, (hl)
1325+  8877 3D          		dec	a
1326+  8878 FE 60       		cp	60h ; '`'
1327+  887A D2 B1 88    		jp	nc, loc_0_48D4
1328+  887D 3E 67       		ld	a, 67h ; 'g'
1329+  887F 80          		add	a, b
1330+  8880 D3 7E       		out	(MOON_WREG), a
1331+  8882 AF          		xor	a
1332+  8883 00          		nop	
1333+  8884 D3 7F       		out	(MOON_WDAT), a
1334+  8886 3E 4F       		ld	a, 4Fh ; 'O'
1335+  8888 80          		add	a, b
1336+  8889 D3 7E       		out	(MOON_WREG), a
1337+  888B 4F          		ld	c, a
1338+  888C 3E FF       		ld	a, 0FFh
1339+  888E D3 7F       		out	(MOON_WDAT), a
1340+  8890 3E 1F       		ld	a, 1Fh
1341+  8892 80          		add	a, b
1342+  8893 D3 7E       		out	(MOON_WREG), a
1343+  8895 FD 7E 08    		ld	a, (iy + 8)
1344+  8898 FD B6 06    		or	(iy + 6)
1345+  889B D3 7F       		out	(MOON_WDAT), a
1346+  889D 3E 07       		ld	a, 7
1347+  889F 80          		add	a, b
1348+  88A0 D3 7E       		out	(MOON_WREG), a
1349+  88A2 FD 7E 07    		ld	a, (iy + 7)
1350+  88A5 D3 7F       		out	(MOON_WDAT), a
1351+  88A7 3E 37       		ld	a, 37h ; '7'
1352+  88A9 80          		add	a, b
1353+  88AA D3 7E       		out	(MOON_WREG), a
1354+  88AC FD 7E 09    		ld	a, (iy + 9)
1355+  88AF D3 7F       		out	(MOON_WDAT), a
1356+  88B1             loc_0_48D4: 
1357+  88B1 23          		inc	hl
1358+  88B2 FD 19       		add	iy, de
1359+  88B4 10 C0       		djnz	loc_0_4899
1360+  88B6 C9          		ret	
1361+  88B7             ;-------------------------------------------------------------------
1362+  88B7             ; описание: Play ON event
1363+  88B7             ; параметры: нет
1364+  88B7             ; возвращаемое  значение: нет
1365+  88B7             ;---------------------------------------------------------------------
1366+  88B7             MBPlayer_play_wonevt: 
1367+  88B7 F5          		push	af
1368+  88B8 FD 7E 0F    		ld	a, (iy + 0Fh)
1369+  88BB E6 1F       		and	1Fh
1370+  88BD 1F          		rra	
1371+  88BE B7          		or	a
1372+  88BF C2 C3 88    		jp	nz, loc_0_4857
1373+  88C2 3C          		inc	a
1374+  88C3             
1375+  88C3             loc_0_4857: 
1376+  88C3 DD 77 00    		ld	(ix + 0), a
1377+  88C6 F1          		pop	af
1378+  88C7             
1379+  88C7             
1380+  88C7 FD 6E 0D    		ld	l, (iy + 0Dh)
1381+  88CA FD 66 0E    		ld	h, (iy + 0Eh)
1382+  88CD 05          		dec	b
1383+  88CE 78          		ld	a, b
1384+  88CF 3E 80       		ld	a, 80h ; 'Ђ'
1385+  88D1 80          		add	a, b
1386+  88D2 D3 7E       		out	(MOON_WREG), a
1387+  88D4 7E          		ld	a, (hl)
1388+  88D5 D3 7F       		out	(MOON_WDAT), a
1389+  88D7 23          		inc	hl
1390+  88D8             loc_0_48EB: 
1391+  88D8 7E          		ld	a, (hl)
1392+  88D9 FE FF       		cp	0FFh
1393+  88DB 28 0B       		jr	z, loc_0_48FB
1394+  88DD 80          		add	a, b
1395+  88DE D3 7E       		out	(MOON_WREG), a
1396+  88E0 23          		inc	hl
1397+  88E1 7E          		ld	a, (hl)
1398+  88E2 D3 7F       		out	(MOON_WDAT), a
1399+  88E4 23          		inc	hl
1400+  88E5 C3 D8 88    		jp	loc_0_48EB
1401+  88E8             
1402+  88E8             loc_0_48FB: 
1403+  88E8 3E 50       		ld	a, 50h
1404+  88EA 80          		add	a, b
1405+  88EB D3 7E       		out	(MOON_WREG), a
1406+  88ED FD 7E 0F    		ld	a, (iy + 0Fh)
1407+  88F0 F6 01       		or	1
1408+  88F2 D3 7F       		out	(MOON_WDAT), a
1409+  88F4 3E 68       		ld	a, 68h
1410+  88F6 80          		add	a, b
1411+  88F7 D3 7E       		out	(MOON_WREG), a
1412+  88F9 3E 80       		ld	a, 80h
1413+  88FB FD B6 0B    		or	(iy + 0Bh)
1414+  88FE D3 7F       		out	(MOON_WDAT), a
1415+  8900 C9          		ret	
1416+  8901             ;-------------------------------------------------------------------
1417+  8901             ; описание: Play OFF event
1418+  8901             ; параметры: нет
1419+  8901             ; возвращаемое  значение: нет
1420+  8901             ;---------------------------------------------------------------------
1421+  8901             MBPlayer_play_woffevt: 
1422+  8901 3E 67       		ld	a, 67h ; 'g'
1423+  8903 80          		add	a, b
1424+  8904 D3 7E       		out	(MOON_WREG), a
1425+  8906 FD 36 02 00 		ld	(iy + 2), 0
1426+  890A DB 7F       		in	a, (MOON_WDAT)
1427+  890C E6 7F       		and	7Fh ; ''
1428+  890E D3 7F       		out	(MOON_WDAT), a
1429+  8910 C9          		ret	
1430+  8911             ;-------------------------------------------------------------------
1431+  8911             ; описание: Play Wave event
1432+  8911             ; параметры: нет
1433+  8911             ; возвращаемое  значение: нет
1434+  8911             ;---------------------------------------------------------------------
1435+  8911             MBPlayer_play_wwavevt: 
1436+  8911 D6 61       		sub	61h 
1437+  8913             MBPlayer_play_wwavevt2: 
1438+  8913             
1439+  8913 4F          		ld	c, a
1440+  8914 21 F8 91    		ld	hl, MBPlayer_xwavnrs - 1
1441+  8917 85          		add	a, l
1442+  8918 30 01       		jr	nc, loc_0_492E
1443+  891A 24          		inc	h
1444+  891B             loc_0_492E: 
1445+  891B 6F          		ld	l, a
1446+  891C 7E          		ld	a, (hl)
1447+  891D FD 77 0A    		ld	(iy + 0Ah), a
1448+  8920 79          		ld	a, c
1449+  8921 21 18 92    		ld	hl, MBPlayer_xwavvols - 1
1450+  8924 85          		add	a, l
1451+  8925 30 01       		jr	nc, loc_0_493B
1452+  8927 24          		inc	h
1453+  8928             loc_0_493B: 
1454+  8928 6F          		ld	l, a
1455+  8929 FD 7E 0F    		ld	a, (iy + 0Fh)
1456+  892C E6 01       		and	1
1457+  892E 57          		ld	d, a
1458+  892F 7E          		ld	a, (hl)
1459+  8930 87          		add	a, a
1460+  8931 87          		add	a, a
1461+  8932 B2          		or	d
1462+  8933 FD 77 0F    		ld	(iy + 0Fh), a
1463+  8936 FD 36 02 00 		ld	(iy + 2), 0
1464+  893A C9          		ret	
1465+  893B             ;-------------------------------------------------------------------
1466+  893B             ; описание: Play volume event
1467+  893B             ; параметры: нет
1468+  893B             ; возвращаемое  значение: нет
1469+  893B             ;---------------------------------------------------------------------
1470+  893B             MBPlayer_play_wchgvol: 
1471+  893B D6 92       		sub	146
1472+  893D EE 1F       		xor	1Fh
1473+  893F 87          		add	a, a
1474+  8940             
1475+  8940             MBPlayer_play_wchgvol2: 
1476+  8940 87          		add	a, a
1477+  8941 87          		add	a, a
1478+  8942 4F          		ld	c, a
1479+  8943 3E 4F       		ld	a, 4Fh ; 'O'
1480+  8945 80          		add	a, b
1481+  8946 D3 7E       		out	(MOON_WREG), a
1482+  8948 FD 7E 0F    		ld	a, (iy + 0Fh)
1483+  894B E6 01       		and	1
1484+  894D B1          		or	c
1485+  894E FD 77 0F    		ld	(iy + 0Fh), a
1486+  8951 D3 7F       		out	(MOON_WDAT), a
1487+  8953 FD 36 02 00 		ld	(iy + 2), 0
1488+  8957 C9          		ret	
1489+  8958             ;-------------------------------------------------------------------
1490+  8958             ; описание: Link note
1491+  8958             ; параметры: нет
1492+  8958             ; возвращаемое  значение: нет
1493+  8958             ;---------------------------------------------------------------------
1494+  8958             MBPlayer_play_wlnk: 
1495+  8958             
1496+  8958 F5          		push	af
1497+  8959 FD 7E 0F    		ld	a, (iy + 0Fh)
1498+  895C E6 1F       		and	1Fh
1499+  895E 1F          		rra	
1500+  895F B7          		or	a
1501+  8960 C2 64 89    		jp	nz, loc_0_492A
1502+  8963 3C          		inc	a
1503+  8964             
1504+  8964             loc_0_492A: 
1505+  8964 DD 77 00    		ld	(ix + 0), a
1506+  8967 F1          		pop	af
1507+  8968             
1508+  8968             
1509+  8968 FD 36 02 00 		ld	(iy + 2), 0
1510+  896C C5          		push	bc
1511+  896D D6 CA       		sub	202
1512+  896F FD 86 00    		add	a, (iy + 0)
1513+  8972 FD 77 00    		ld	(iy + 0), a
1514+  8975             
1515+  8975 21 8F A5    		ld	hl, tabdiv12
1516+  8978 4F          		ld	c, a
1517+  8979 06 00       		ld	b, 0
1518+  897B 09          		add	hl, bc
1519+  897C 09          		add	hl, bc
1520+  897D 4E          		ld	c, (hl)
1521+  897E 23          		inc	hl
1522+  897F 7E          		ld	a, (hl)
1523+  8980 FD 6E 10    		ld	l, (iy + 10h)
1524+  8983 FD 66 11    		ld	h, (iy + 11h)
1525+  8986 85          		add	a, l
1526+  8987 30 01       		jr	nc, loc_0_498D
1527+  8989 24          		inc	h
1528+  898A             loc_0_498D: 
1529+  898A 6F          		ld	l, a
1530+  898B 5E          		ld	e, (hl)
1531+  898C 23          		inc	hl
1532+  898D 56          		ld	d, (hl)
1533+  898E EB          		ex	de, hl
1534+  898F CB 25       		sla	l
1535+  8991 7C          		ld	a, h
1536+  8992 17          		rla	
1537+  8993 81          		add	a, c
1538+  8994 67          		ld	h, a
1539+  8995 16 00       		ld	d, 0
1540+  8997 FD 5E 05    		ld	e, (iy + 5)
1541+  899A CB 7B       		bit	7, e
1542+  899C 28 01       		jr	z, loc_0_49A2
1543+  899E 15          		dec	d
1544+  899F             loc_0_49A2: 
1545+  899F 19          		add	hl, de
1546+  89A0 19          		add	hl, de
1547+  89A1 FD 75 08    		ld	(iy + 8), l
1548+  89A4 FD 74 09    		ld	(iy + 9), h
1549+  89A7 C1          		pop	bc
1550+  89A8 3E 1F       		ld	a, 1Fh
1551+  89AA 80          		add	a, b
1552+  89AB D3 7E       		out	(MOON_WREG), a
1553+  89AD 7D          		ld	a, l
1554+  89AE FD B6 06    		or	(iy + 6)
1555+  89B1 D3 7F       		out	(MOON_WDAT), a
1556+  89B3 3E 37       		ld	a, 37h ; '7'
1557+  89B5 80          		add	a, b
1558+  89B6 D3 7E       		out	(MOON_WREG), a
1559+  89B8 7C          		ld	a, h
1560+  89B9 FD B6 0C    		or	(iy + 0Ch)
1561+  89BC D3 7F       		out	(MOON_WDAT), a
1562+  89BE C9          		ret	
1563+  89BF             ;-------------------------------------------------------------------
1564+  89BF             ; описание: Play stereo event
1565+  89BF             ; параметры: нет
1566+  89BF             ; возвращаемое  значение: нет
1567+  89BF             ;---------------------------------------------------------------------
1568+  89BF             MBPlayer_play_wchgste: 
1569+  89BF D6 B9       		sub	0B9h
1570+  89C1             
1571+  89C1             MBPlayer_play_wchgste2: 
1572+  89C1 E6 0F       		and	0Fh
1573+  89C3 57          		ld	d, a
1574+  89C4 FD 7E 0B    		ld	a, (iy + 0Bh)
1575+  89C7 E6 F0       		and	0F0h ; 'р'
1576+  89C9 B2          		or	d
1577+  89CA FD 77 0B    		ld	(iy + 0Bh), a
1578+  89CD             
1579+  89CD 3E 67       		ld	a, 67h ; 'g'
1580+  89CF 80          		add	a, b
1581+  89D0 D3 7E       		out	(MOON_WREG), a
1582+  89D2 FD 36 02 00 		ld	(iy + 2), 0
1583+  89D6 DB 7F       		in	a, (MOON_WDAT)
1584+  89D8 E6 F0       		and	0F0h ; 'р'
1585+  89DA B2          		or	d
1586+  89DB D3 7F       		out	(MOON_WDAT), a
1587+  89DD C9          		ret	
1588+  89DE             ;-------------------------------------------------------------------
1589+  89DE             ; описание: Pitch bending
1590+  89DE             ; параметры: нет
1591+  89DE             ; возвращаемое  значение: нет
1592+  89DE             ;---------------------------------------------------------------------
1593+  89DE             MBPlayer_play_wchgpit: 
1594+  89DE D6 DD       		sub	221	
1595+  89E0 FD 36 02 01 		ld	(iy + 2), 1  		; Pitch bending on
1596+  89E4 87          		add	a, a
1597+  89E5 87          		add	a, a
1598+  89E6 FD 77 03    		ld	(iy + 3), a		; Set pitch bend speed
1599+  89E9 07          		rlca	
1600+  89EA 38 05       		jr	c, loc_0_49F4
1601+  89EC FD 36 04 00 		ld	(iy + 4), 0
1602+  89F0 C9          		ret	
1603+  89F1             loc_0_49F4: 
1604+  89F1 FD 36 04 FF 		ld	(iy + 4), 0FFh
1605+  89F5 C9          		ret	
1606+  89F6             ;-------------------------------------------------------------------
1607+  89F6             ; описание: Modulation event
1608+  89F6             ; параметры: нет
1609+  89F6             ; возвращаемое  значение: нет
1610+  89F6             ;---------------------------------------------------------------------
1611+  89F6             MBPlayer_play_wchgmod: 
1612+  89F6 D6 EC       		sub	0ECh ; 'м'
1613+  89F8 FD 77 02    		ld	(iy + 2), a
1614+  89FB 87          		add	a, a
1615+  89FC 87          		add	a, a
1616+  89FD 87          		add	a, a
1617+  89FE 87          		add	a, a
1618+  89FF 21 91 91    		ld	hl, unk_0_5318
1619+  8A02 85          		add	a, l
1620+  8A03 30 01       		jr	nc, loc_0_4A09
1621+  8A05 24          		inc	h
1622+  8A06             loc_0_4A09: 
1623+  8A06 6F          		ld	l, a
1624+  8A07 FD 75 03    		ld	(iy + 3), l
1625+  8A0A FD 74 04    		ld	(iy + 4), h
1626+  8A0D C9          		ret	
1627+  8A0E             ;-------------------------------------------------------------------
1628+  8A0E             ; описание: Set detune
1629+  8A0E             ; параметры: нет
1630+  8A0E             ; возвращаемое  значение: нет
1631+  8A0E             ;---------------------------------------------------------------------
1632+  8A0E             MBPlayer_play_wchgdet: 
1633+  8A0E D6 EA       		sub	234
1634+  8A10 87          		add	a, a
1635+  8A11 87          		add	a, a
1636+  8A12 FD 77 05    		ld	(iy + 5), a
1637+  8A15 C9          		ret	
1638+  8A16             ;-------------------------------------------------------------------
1639+  8A16             ; описание: Damp
1640+  8A16             ; параметры: нет
1641+  8A16             ; возвращаемое  значение: нет
1642+  8A16             ;---------------------------------------------------------------------
1643+  8A16             MBPlayer_play_wchgdmp: 
1644+  8A16 3E 67       		ld	a, 67h ; 'g'
1645+  8A18 80          		add	a, b
1646+  8A19 D3 7E       		out	(MOON_WREG), a
1647+  8A1B FD 36 02 00 		ld	(iy + 2), 0
1648+  8A1F DB 7F       		in	a, (MOON_WDAT)
1649+  8A21 F6 40       		or	40h ; '@'
1650+  8A23 D3 7F       		out	(MOON_WDAT), a
1651+  8A25 C9          		ret	
1652+  8A26             
1653+  8A26             loc_0_4A29: 
1654+  8A26 47          		ld	b, a
1655+  8A27 3E 19       		ld	a, 19h
1656+  8A29 90          		sub	b
1657+  8A2A 32 65 8F    		ld	(MBPlayer_play_speed), a
1658+  8A2D C3 2C 84    		jp	loc_0_44AE
1659+  8A30             
1660+  8A30             loc_0_4A33: 
1661+  8A30 3E 0F       		ld	a, 0Fh
1662+  8A32 32 43 8F    		ld	(MBPlayer_play_step), a
1663+  8A35 C3 2C 84    		jp	loc_0_44AE
1664+  8A38             ;-------------------------------------------------------------------
1665+  8A38             ; описание:  set transpose 
1666+  8A38             ; параметры: нет
1667+  8A38             ; возвращаемое  значение: нет
1668+  8A38             ;---------------------------------------------------------------------
1669+  8A38             MBPlayer_play_chgtrs: 
1670+  8A38 D6 34       		sub	52
1671+  8A3A 32 66 8F    		ld	(MBPlayer_play_tspval), a
1672+  8A3D C3 2C 84    		jp	loc_0_44AE
1673+  8A40             ;-------------------------------------------------------------------
1674+  8A40             ; описание: Переход к следующей позиции
1675+  8A40             ; параметры: нет
1676+  8A40             ; возвращаемое  значение: нет
1677+  8A40             ;---------------------------------------------------------------------
1678+  8A40             MBPlayer_play_nextpos: 
1679+  8A40             ;		ld	a, (MBPlayer_songdata_bank1)
1680+  8A40             ;		call	MBPlayer_selbank_FE
1681+  8A40             
1682+  8A40 3A 6B 8F    		ld	a, (MBPlayer_xleng)
1683+  8A43 3C          		inc	a
1684+  8A44 47          		ld	b, a
1685+  8A45 3A 42 8F    		ld	a, (MBPlayer_play_pos)
1686+  8A48 3C          		inc	a
1687+  8A49 B8          		cp	b
1688+  8A4A DA 55 8A    		jp	c, loc_0_4A5E
1689+  8A4D             
1690+  8A4D             ;		ld	a, (MBPlayer_xloop)
1691+  8A4D             ;		cp	255
1692+  8A4D             ;		call	z, MBPlayer_play_nextstop
1693+  8A4D             
1694+  8A4D 3E 01       		ld	a,1
1695+  8A4F 32 39 65                    ld	(MoonSound_flg_next),a
1696+  8A52             		
1697+  8A52 C3 98 82    		jp	MBPlayer_stop_music		; stop song, want loop OFF
1698+  8A55             
1699+  8A55             
1700+  8A55             loc_0_4A5E: 
1701+  8A55 32 42 8F    		ld	(MBPlayer_play_pos), a
1702+  8A58 2A 3B 92    		ld	hl, (MBPlayer_pos_address)
1703+  8A5B 85          		add	a, l
1704+  8A5C 30 01       		jr	nc, loc_0_4A68
1705+  8A5E 24          		inc	h
1706+  8A5F             
1707+  8A5F             loc_0_4A68: 
1708+  8A5F 6F          		ld	l, a
1709+  8A60 7E          		ld	a, (hl)
1710+  8A61 32 6A 8F    		ld	(byte_0_4F50), a
1711+  8A64 87          		add	a, a
1712+  8A65 2A 39 92    		ld	hl, (MBPlayer_pat_address)
1713+  8A68 85          		add	a, l
1714+  8A69 30 01       		jr	nc, loc_0_4A75
1715+  8A6B 24          		inc	h
1716+  8A6C             loc_0_4A75: 
1717+  8A6C 6F          		ld	l, a
1718+  8A6D 5E          		ld	e, (hl)
1719+  8A6E 23          		inc	hl
1720+  8A6F 56          		ld	d, (hl)
1721+  8A70 EB          		ex	de, hl
1722+  8A71 7C          		ld	a, h
1723+  8A72 07          		rlca	
1724+  8A73 07          		rlca	
1725+  8A74 E6 03       		and	3
1726+  8A76 11 45 8F    		ld	de, MBPlayer_songdata_bank1
1727+  8A79 83          		add	a, e
1728+  8A7A 30 01       		jr	nc, loc_0_4A86
1729+  8A7C 14          		inc	d
1730+  8A7D             loc_0_4A86: 
1731+  8A7D 5F          		ld	e, a
1732+  8A7E 1A          		ld	a, (de)
1733+  8A7F 32 48 8F    		ld	(MBPlayer_songdata_bank), a
1734+  8A82 7C          		ld	a, h
1735+  8A83 E6 3F       		and	3Fh ; '?'
1736+  8A85 67          		ld	h, a
1737+  8A86 ED 5B 46 8F 		ld	de, (MBPlayer_songdata_addres)
1738+  8A8A 19          		add	hl, de
1739+  8A8B C9          		ret	
1740+  8A8C             ;-------------------------------------------------------------------
1741+  8A8C             ; описание: Останов после 255 повторов
1742+  8A8C             ; параметры: нет
1743+  8A8C             ; возвращаемое  значение: нет
1744+  8A8C             ;---------------------------------------------------------------------
1745+  8A8C             MBPlayer_play_nextstop: 
1746+  8A8C CD 98 82    		call	MBPlayer_stop_music
1747+  8A8F AF          		xor	a
1748+  8A90 C9          		ret	
1749+  8A91             
1750+  8A91             sub_0_4A9A: 
1751+  8A91 11 0D 00    		ld	de, PTW_SIZE
1752+  8A94 3A B0 91    		ld	a, (MBPlayer_play_chvol_1)
1753+  8A97 B7          		or	a
1754+  8A98 CA AE 8A    		jp	z, loc_0_4AB7
1755+  8A9B 47          		ld	b, a
1756+  8A9C FD 21 68 8E 		ld	iy, MBPlayer_play_table_wav_1
1757+  8AA0 21 AA 8A    		ld	hl, loc_0_4AB3
1758+  8AA3             
1759+  8AA3             loc_0_4AAC: 
1760+  8AA3 FD 7E 04    		ld	a, (iy + 4)
1761+  8AA6 B7          		or	a
1762+  8AA7 C2 DC 8A    		jp	nz, loc_0_4AE5
1763+  8AAA             
1764+  8AAA             loc_0_4AB3: 
1765+  8AAA FD 19       		add	iy, de
1766+  8AAC 10 F5       		djnz	loc_0_4AAC
1767+  8AAE             
1768+  8AAE             loc_0_4AB7: 
1769+  8AAE FD 21 7E 8D 		ld	iy, MBPlayer_play_table_wav_2
1770+  8AB2 3A 69 8F    		ld	a, (MBPlayer_play_chvol_2)
1771+  8AB5 47          		ld	b, a
1772+  8AB6 21 C0 8A    		ld	hl, loc_0_4AC9
1773+  8AB9             
1774+  8AB9             loc_0_4AC2: 
1775+  8AB9 FD 7E 04    		ld	a, (iy + 4)
1776+  8ABC B7          		or	a
1777+  8ABD C2 DC 8A    		jp	nz, loc_0_4AE5
1778+  8AC0             
1779+  8AC0             loc_0_4AC9: 
1780+  8AC0 FD 19       		add	iy, de
1781+  8AC2 10 F5       		djnz	loc_0_4AC2
1782+  8AC4 FD 21 B6 8E 		ld	iy, MBPlayer_play_table_wav_3
1783+  8AC8 11 12 00    		ld	de, 12h
1784+  8ACB 21 D7 8A    		ld	hl, loc_0_4AE0
1785+  8ACE 06 06       		ld	b, 6
1786+  8AD0             
1787+  8AD0             loc_0_4AD9: 
1788+  8AD0 FD 7E 02    		ld	a, (iy + 2)
1789+  8AD3 B7          		or	a
1790+  8AD4 C2 43 8B    		jp	nz, loc_0_4B4C
1791+  8AD7             
1792+  8AD7             loc_0_4AE0: 
1793+  8AD7 FD 19       		add	iy, de
1794+  8AD9 10 F5       		djnz	loc_0_4AD9
1795+  8ADB C9          		ret	
1796+  8ADC             
1797+  8ADC             loc_0_4AE5: 
1798+  8ADC D9          		exx	
1799+  8ADD FD 6E 05    		ld	l, (iy + 5)
1800+  8AE0 FD 66 06    		ld	h, (iy + 6)
1801+  8AE3 3D          		dec	a
1802+  8AE4 C2 1C 8B    		jp	nz, loc_0_4B25
1803+  8AE7             
1804+  8AE7             loc_0_4AF0: 
1805+  8AE7 FD 5E 0B    		ld	e, (iy + 0Bh)
1806+  8AEA FD 56 0C    		ld	d, (iy + 0Ch)
1807+  8AED CB 7C       		bit	7, h
1808+  8AEF 19          		add	hl, de
1809+  8AF0 20 20       		jr	nz, loc_0_4B1B
1810+  8AF2 7A          		ld	a, d
1811+  8AF3 E6 02       		and	2
1812+  8AF5 B4          		or	h
1813+  8AF6 67          		ld	h, a
1814+  8AF7             
1815+  8AF7             loc_0_4B00: 
1816+  8AF7 FD 4E 00    		ld	c, (iy + 0)
1817+  8AFA FD 56 02    		ld	d, (iy + 2)
1818+  8AFD ED 51       		out	(c), d
1819+  8AFF 0C          		inc	c
1820+  8B00 FD 75 0B    		ld	(iy + 0Bh), l
1821+  8B03 ED 69       		out	(c), l
1822+  8B05 0D          		dec	c
1823+  8B06 CB E2       		set	4, d
1824+  8B08 ED 51       		out	(c), d
1825+  8B0A FD 74 0C    		ld	(iy + 0Ch), h
1826+  8B0D 0C          		inc	c
1827+  8B0E ED 61       		out	(c), h
1828+  8B10 D9          		exx	
1829+  8B11 E9          		jp	(hl)
1830+  8B12             
1831+  8B12             loc_0_4B1B: 
1832+  8B12 CB 4C       		bit	1, h
1833+  8B14 C2 F7 8A    		jp	nz, loc_0_4B00
1834+  8B17 25          		dec	h
1835+  8B18 25          		dec	h
1836+  8B19 C3 F7 8A    		jp	loc_0_4B00
1837+  8B1C             
1838+  8B1C             
1839+  8B1C             loc_0_4B25: 
1840+  8B1C 4F          		ld	c, a
1841+  8B1D 16 00       		ld	d, 0
1842+  8B1F 5E          		ld	e, (hl)
1843+  8B20 CB 23       		sla	e
1844+  8B22 30 01       		jr	nc, loc_0_4B2E
1845+  8B24 15          		dec	d
1846+  8B25             
1847+  8B25             loc_0_4B2E: 
1848+  8B25 23          		inc	hl
1849+  8B26 7E          		ld	a, (hl)
1850+  8B27 FE 0A       		cp	0Ah
1851+  8B29 C2 39 8B    		jp	nz, loc_0_4B42
1852+  8B2C 79          		ld	a, c
1853+  8B2D 21 A1 91    		ld	hl, unk_0_5328
1854+  8B30 87          		add	a, a
1855+  8B31 87          		add	a, a
1856+  8B32 87          		add	a, a
1857+  8B33 87          		add	a, a
1858+  8B34 85          		add	a, l
1859+  8B35 30 01       		jr	nc, loc_0_4B41
1860+  8B37 24          		inc	h
1861+  8B38             
1862+  8B38             loc_0_4B41: 
1863+  8B38 6F          		ld	l, a
1864+  8B39             loc_0_4B42: 
1865+  8B39 FD 75 05    		ld	(iy + 5), l
1866+  8B3C FD 74 06    		ld	(iy + 6), h
1867+  8B3F EB          		ex	de, hl
1868+  8B40 C3 E7 8A    		jp	loc_0_4AF0
1869+  8B43             
1870+  8B43             loc_0_4B4C: 
1871+  8B43 D9          		exx	
1872+  8B44 4F          		ld	c, a
1873+  8B45 FD 6E 03    		ld	l, (iy + 3)
1874+  8B48 FD 66 04    		ld	h, (iy + 4)
1875+  8B4B 0D          		dec	c
1876+  8B4C C2 83 8B    		jp	nz, loc_0_4B8C
1877+  8B4F EB          		ex	de, hl
1878+  8B50             
1879+  8B50             loc_0_4B59: 
1880+  8B50 FD 66 09    		ld	h, (iy + 9)
1881+  8B53 FD 6E 08    		ld	l, (iy + 8)
1882+  8B56 19          		add	hl, de
1883+  8B57 CB 5C       		bit	3, h
1884+  8B59 28 0C       		jr	z, loc_0_4B70
1885+  8B5B CB 7A       		bit	7, d
1886+  8B5D 20 06       		jr	nz, loc_0_4B6E
1887+  8B5F 7C          		ld	a, h
1888+  8B60 C6 08       		add	a, 8
1889+  8B62 67          		ld	h, a
1890+  8B63 18 02       		jr	loc_0_4B70
1891+  8B65             
1892+  8B65             loc_0_4B6E: 
1893+  8B65 CB 9C       		res	3, h
1894+  8B67             
1895+  8B67             loc_0_4B70: 
1896+  8B67 FD 75 08    		ld	(iy + 8), l
1897+  8B6A FD 74 09    		ld	(iy + 9), h
1898+  8B6D FD 7E 01    		ld	a, (iy + 1)
1899+  8B70 4F          		ld	c, a
1900+  8B71 D3 7E       		out	(MOON_WREG), a
1901+  8B73 7D          		ld	a, l
1902+  8B74 FD B6 06    		or	(iy + 6)
1903+  8B77 D3 7F       		out	(MOON_WDAT), a
1904+  8B79 79          		ld	a, c
1905+  8B7A C6 18       		add	a, 18h
1906+  8B7C D3 7E       		out	(MOON_WREG), a
1907+  8B7E 7C          		ld	a, h
1908+  8B7F D3 7F       		out	(MOON_WDAT), a
1909+  8B81 D9          		exx	
1910+  8B82 E9          		jp	(hl)
1911+  8B83             
1912+  8B83             loc_0_4B8C: 
1913+  8B83 16 00       		ld	d, 0
1914+  8B85 5E          		ld	e, (hl)
1915+  8B86 CB 23       		sla	e
1916+  8B88 CB 23       		sla	e
1917+  8B8A 30 01       		jr	nc, loc_0_4B96
1918+  8B8C 15          		dec	d
1919+  8B8D             
1920+  8B8D             loc_0_4B96: 
1921+  8B8D 23          		inc	hl
1922+  8B8E 7E          		ld	a, (hl)
1923+  8B8F FE 0A       		cp	0Ah
1924+  8B91 C2 A1 8B    		jp	nz, loc_0_4BAA
1925+  8B94 79          		ld	a, c
1926+  8B95 21 A1 91    		ld	hl, unk_0_5328
1927+  8B98 87          		add	a, a
1928+  8B99 87          		add	a, a
1929+  8B9A 87          		add	a, a
1930+  8B9B 87          		add	a, a
1931+  8B9C 85          		add	a, l
1932+  8B9D 30 01       		jr	nc, loc_0_4BA9
1933+  8B9F 24          		inc	h
1934+  8BA0             
1935+  8BA0             loc_0_4BA9: 
1936+  8BA0 6F          		ld	l, a
1937+  8BA1             
1938+  8BA1             loc_0_4BAA: 
1939+  8BA1 FD 75 03    		ld	(iy + 3), l
1940+  8BA4 FD 74 04    		ld	(iy + 4), h
1941+  8BA7 C3 50 8B    		jp	loc_0_4B59
1942+  8BAA             
1943+  8BAA             sub_0_4BB3: 
1944+  8BAA 08          		ex	af, af'
1945+  8BAB FD 4E 00    		ld	c, (iy + 0)
1946+  8BAE ED 41       		out	(c), b
1947+  8BB0 08          		ex	af, af'
1948+  8BB1 D3 C5       		out	(0C5h),	a
1949+  8BB3 C9          		ret	
1950+  8BB4             
1951+  8BB4 FD 4E 00    		ld	c, (iy + 0)
1952+  8BB7 ED 41       		out	(c), b
1953+  8BB9 00          		nop	
1954+  8BBA DB C5       		in	a, (0C5h)
1955+  8BBC C9          		ret	
1956+  8BBD             
1957+  8BBD             ;-------------------------------------------------------------------
1958+  8BBD             ; описание: Вывод данных в регистры FM части
1959+  8BBD             ; параметры: C - номер регистра
1960+  8BBD             ;	     A - выводимый байт
1961+  8BBD             ; возвращаемое  значение: нет
1962+  8BBD             ;---------------------------------------------------------------------
1963+  8BBD             MBPlayer_out_fm1: 
1964+  8BBD 08          		ex	af, af'
1965+  8BBE 79          		ld	a, c
1966+  8BBF D3 C4       		out	(0C4h),	a
1967+  8BC1 08          		ex	af, af'
1968+  8BC2 D3 C5       		out	(0C5h),	a
1969+  8BC4 C9          		ret	
1970+  8BC5             ;-------------------------------------------------------------------
1971+  8BC5             ; описание: Вывод данных в регистры FM части
1972+  8BC5             ; параметры: C - номер регистра
1973+  8BC5             ;	     A - выводимый байт
1974+  8BC5             ; возвращаемое  значение: нет
1975+  8BC5             ;---------------------------------------------------------------------
1976+  8BC5             MBPlayer_out_fm2: 
1977+  8BC5 08          		ex	af, af'
1978+  8BC6 79          		ld	a, c
1979+  8BC7 D3 C6       		out	(0C6h),	a
1980+  8BC9 08          		ex	af, af'
1981+  8BCA D3 C5       		out	(0C5h),	a
1982+  8BCC C9          		ret	
1983+  8BCD             ;-------------------------------------------------------------------
1984+  8BCD             ; описание: Вывод данных в регистры Wave части
1985+  8BCD             ; параметры: C - номер регистра
1986+  8BCD             ;	     A - выводимый байт
1987+  8BCD             ; возвращаемое  значение: нет
1988+  8BCD             ;---------------------------------------------------------------------
1989+  8BCD             MBPlayer_out_wave: 	
1990+  8BCD 08          		ex	af, af'
1991+  8BCE 79          		ld	a, c
1992+  8BCF D3 7E       		out	(MOON_WREG), a
1993+  8BD1 08          		ex	af, af'
1994+  8BD2 D3 7F       		out	(MOON_WDAT), a
1995+  8BD4 C9          		ret	
1996+  8BD5             
1997+  8BD5 79          		ld	a, c
1998+  8BD6 D3 7E       		out	(MOON_WREG), a
1999+  8BD8 00          		nop	
2000+  8BD9 DB 7F       		in	a, (MOON_WDAT)
2001+  8BDB C9          		ret	
2002+  8BDC             
2003+  8BDC C5          		db 0C5h ; Е
2004+  8BDD F5          		db 0F5h ; х
2005+  8BDE 3A          		db  3Ah ; :
2006+  8BDF 2D          		db  2Dh ; -
2007+  8BE0 00          		db    0 ;  
2008+  8BE1 FE          		db 0FEh ; ю
2009+  8BE2 03          		db    3 ;  
2010+  8BE3 38          		db  38h ; 8
2011+  8BE4 0A          		db  0Ah ;  
2012+  8BE5 DB          		db 0DBh ; Ы
2013+  8BE6 E6          		db 0E6h ; ж
2014+  8BE7 47          		db  47h ; G
2015+  8BE8 DB          		db 0DBh ; Ы
2016+  8BE9 E6          		db 0E6h ; ж
2017+  8BEA 90          		db  90h ; ђ
2018+  8BEB FE          		db 0FEh ; ю
2019+  8BEC 05          		db    5 ;  
2020+  8BED 38          		db  38h ; 8
2021+  8BEE F9          		db 0F9h ; щ
2022+  8BEF F1          		db 0F1h ; с
2023+  8BF0 C1          		db 0C1h ; Б
2024+  8BF1 C9          		db 0C9h ; Й
2025+  8BF2             
2026+  8BF2 32          unk_0_4BFB: 	db  32h
2027+  8BF3 F2          		db 0F2h
2028+  8BF4 F5          		db 0F5h
2029+  8BF5 C8          		db 0C8h
2030+  8BF6 31          		db  31h
2031+  8BF7 F1          		db 0F1h
2032+  8BF8 F4          		db 0F4h
2033+  8BF9 C7          		db 0C7h
2034+  8BFA 30          		db  30h
2035+  8BFB F0          		db 0F0h
2036+  8BFC F3          		db 0F3h
2037+  8BFD C6          		db 0C6h
2038+  8BFE 32          		db  32h
2039+  8BFF F2          		db 0F2h
2040+  8C00 F5          		db 0F5h
2041+  8C01 C8          		db 0C8h
2042+  8C02 31          		db  31h
2043+  8C03 F1          		db 0F1h
2044+  8C04 F4          		db 0F4h
2045+  8C05 C7          		db 0C7h
2046+  8C06 30          		db  30h
2047+  8C07 F0          		db 0F0h
2048+  8C08 F3          		db 0F3h
2049+  8C09 C6          		db 0C6h
2050+  8C0A 2A          		db  2Ah
2051+  8C0B EA          		db 0EAh
2052+  8C0C ED          		db 0EDh
2053+  8C0D C5          		db 0C5h
2054+  8C0E 22          		db  22h
2055+  8C0F E2          		db 0E2h
2056+  8C10 E5          		db 0E5h
2057+  8C11 C2          		db 0C2h
2058+  8C12 29          		db  29h
2059+  8C13 E9          		db 0E9h
2060+  8C14 EC          		db 0ECh
2061+  8C15 C4          		db 0C4h
2062+  8C16 21          		db  21h
2063+  8C17 E1          		db 0E1h
2064+  8C18 E4          		db 0E4h
2065+  8C19 C1          		db 0C1h
2066+  8C1A 28          		db  28h
2067+  8C1B E8          		db 0E8h
2068+  8C1C EB          		db 0EBh
2069+  8C1D C3          		db 0C3h
2070+  8C1E 20          		db  20h
2071+  8C1F E0          		db 0E0h
2072+  8C20 E3          		db 0E3h
2073+  8C21 C0          		db 0C0h
2074+  8C22 2A          		db  2Ah
2075+  8C23 EA          		db 0EAh
2076+  8C24 ED          		db 0EDh
2077+  8C25 C5          		db 0C5h
2078+  8C26 22          		db  22h
2079+  8C27 E2          		db 0E2h
2080+  8C28 E5          		db 0E5h
2081+  8C29 C2          		db 0C2h
2082+  8C2A 29          		db  29h
2083+  8C2B E9          		db 0E9h
2084+  8C2C EC          		db 0ECh
2085+  8C2D C4          		db 0C4h
2086+  8C2E 21          		db  21h
2087+  8C2F E1          		db 0E1h
2088+  8C30 E4          		db 0E4h
2089+  8C31 C1          		db 0C1h
2090+  8C32 28          		db  28h
2091+  8C33 E8          		db 0E8h
2092+  8C34 EB          		db 0EBh
2093+  8C35 C3          		db 0C3h
2094+  8C36 20          		db  20h
2095+  8C37 E0          		db 0E0h
2096+  8C38 E3          		db 0E3h
2097+  8C39 C0          		db 0C0h
2098+  8C3A             
2099+  8C3A             unk_0_4C43: 	
2100+  8C3A 20          		db  20h 
2101+  8C3B 23          		db  23h ; #
2102+  8C3C 40          		db  40h ; @
2103+  8C3D 43          		db  43h ; C
2104+  8C3E 60          		db  60h ; `
2105+  8C3F 63          		db  63h ; c
2106+  8C40 80          		db  80h ; Ђ
2107+  8C41 83          		db  83h ; ѓ
2108+  8C42 E0          		db 0E0h ; а
2109+  8C43 E3          		db 0E3h ; г
2110+  8C44 28          		db  28h ; (
2111+  8C45 2B          		db  2Bh ; +
2112+  8C46 48          		db  48h ; H
2113+  8C47 4B          		db  4Bh ; K
2114+  8C48 68          		db  68h ; h
2115+  8C49 6B          		db  6Bh ; k
2116+  8C4A 88          		db  88h ; €
2117+  8C4B 8B          		db  8Bh ; ‹
2118+  8C4C E8          		db 0E8h ; и
2119+  8C4D EB          		db 0EBh ; л
2120+  8C4E C0          		db 0C0h ; А
2121+  8C4F C3          		db 0C3h ; Г
2122+  8C50 21          		db  21h ; !
2123+  8C51 24          		db  24h ; $
2124+  8C52 41          		db  41h ; A
2125+  8C53 44          		db  44h ; D
2126+  8C54 61          		db  61h ; a
2127+  8C55 64          		db  64h ; d
2128+  8C56 81          		db  81h ; Ѓ
2129+  8C57 84          		db  84h ; „
2130+  8C58 E1          		db 0E1h ; б
2131+  8C59 E4          		db 0E4h ; д
2132+  8C5A 29          		db  29h ; )
2133+  8C5B 2C          		db  2Ch
2134+  8C5C 49          		db  49h ; I
2135+  8C5D 4C          		db  4Ch ; L
2136+  8C5E 69          		db  69h ; i
2137+  8C5F 6C          		db  6Ch ; l
2138+  8C60 89          		db  89h ; ‰
2139+  8C61 8C          		db  8Ch ; Њ
2140+  8C62 E9          		db 0E9h ; й
2141+  8C63 EC          		db 0ECh ; м
2142+  8C64 C1          		db 0C1h ; Б
2143+  8C65 C4          		db 0C4h ; Д
2144+  8C66 22          		db  22h ; "
2145+  8C67 25          		db  25h ; %
2146+  8C68 42          		db  42h ; B
2147+  8C69 45          		db  45h ; E
2148+  8C6A 62          		db  62h ; b
2149+  8C6B 65          		db  65h ; e
2150+  8C6C 82          		db  82h ; ‚
2151+  8C6D 85          		db  85h ; …
2152+  8C6E E2          		db 0E2h ; в
2153+  8C6F E5          		db 0E5h ; е
2154+  8C70 2A          		db  2Ah ; *
2155+  8C71 2D          		db  2Dh ; -
2156+  8C72 4A          		db  4Ah ; J
2157+  8C73 4D          		db  4Dh ; M
2158+  8C74 6A          		db  6Ah ; j
2159+  8C75 6D          		db  6Dh ; m
2160+  8C76 8A          		db  8Ah ; Љ
2161+  8C77 8D          		db  8Dh ; Ќ
2162+  8C78 EA          		db 0EAh ; к
2163+  8C79 ED          		db 0EDh ; н
2164+  8C7A C2          		db 0C2h ; В
2165+  8C7B C5          		db 0C5h ; Е
2166+  8C7C 20          		db  20h ;  
2167+  8C7D 23          		db  23h ; #
2168+  8C7E 40          		db  40h ; @
2169+  8C7F 43          		db  43h ; C
2170+  8C80 60          		db  60h ; `
2171+  8C81 63          		db  63h ; c
2172+  8C82 80          		db  80h ; Ђ
2173+  8C83 83          		db  83h ; ѓ
2174+  8C84 E0          		db 0E0h ; а
2175+  8C85 E3          		db 0E3h ; г
2176+  8C86 28          		db  28h ; (
2177+  8C87 2B          		db  2Bh ; +
2178+  8C88 48          		db  48h ; H
2179+  8C89 4B          		db  4Bh ; K
2180+  8C8A 68          		db  68h ; h
2181+  8C8B 6B          		db  6Bh ; k
2182+  8C8C 88          		db  88h ; €
2183+  8C8D 8B          		db  8Bh ; ‹
2184+  8C8E E8          		db 0E8h ; и
2185+  8C8F EB          		db 0EBh ; л
2186+  8C90 C0          		db 0C0h ; А
2187+  8C91 C3          		db 0C3h ; Г
2188+  8C92 21          		db  21h ; !
2189+  8C93 24          		db  24h ; $
2190+  8C94 41          		db  41h ; A
2191+  8C95 44          		db  44h ; D
2192+  8C96 61          		db  61h ; a
2193+  8C97 64          		db  64h ; d
2194+  8C98 81          		db  81h ; Ѓ
2195+  8C99 84          		db  84h ; „
2196+  8C9A E1          		db 0E1h ; б
2197+  8C9B E4          		db 0E4h ; д
2198+  8C9C 29          		db  29h ; )
2199+  8C9D 2C          		db  2Ch ; ,
2200+  8C9E 49          		db  49h ; I
2201+  8C9F 4C          		db  4Ch ; L
2202+  8CA0 69          		db  69h ; i
2203+  8CA1 6C          		db  6Ch ; l
2204+  8CA2 89          		db  89h ; ‰
2205+  8CA3 8C          		db  8Ch ; Њ
2206+  8CA4 E9          		db 0E9h ; й
2207+  8CA5 EC          		db 0ECh ; м
2208+  8CA6 C1          		db 0C1h ; Б
2209+  8CA7 C4          		db 0C4h ; Д
2210+  8CA8 22          		db  22h ; "
2211+  8CA9 25          		db  25h ; %
2212+  8CAA 42          		db  42h ; B
2213+  8CAB 45          		db  45h ; E
2214+  8CAC 62          		db  62h ; b
2215+  8CAD 65          		db  65h ; e
2216+  8CAE 82          		db  82h ; ‚
2217+  8CAF 85          		db  85h ; …
2218+  8CB0 E2          		db 0E2h ; в
2219+  8CB1 E5          		db 0E5h ; е
2220+  8CB2 2A          		db  2Ah ; *
2221+  8CB3 2D          		db  2Dh ; -
2222+  8CB4 4A          		db  4Ah ; J
2223+  8CB5 4D          		db  4Dh ; M
2224+  8CB6 6A          		db  6Ah ; j
2225+  8CB7 6D          		db  6Dh ; m
2226+  8CB8 8A          		db  8Ah ; Љ
2227+  8CB9 8D          		db  8Dh ; Ќ
2228+  8CBA EA          		db 0EAh ; к
2229+  8CBB ED          		db 0EDh ; н
2230+  8CBC C2          		db 0C2h ; В
2231+  8CBD C5          		db 0C5h ; Е
2232+  8CBE 59          		db  59h ; Y
2233+  8CBF             
2234+  8CBF 01          unk_0_4CC8: 	db    1
2235+  8CC0 6D          		db  6Dh ; m
2236+  8CC1 01          		db    1 ;  
2237+  8CC2 83          		db  83h ; ѓ
2238+  8CC3 01          		db    1 ;  
2239+  8CC4 9A          		db  9Ah ; љ
2240+  8CC5 01          		db    1 ;  
2241+  8CC6 B2          		db 0B2h ; І
2242+  8CC7 01          		db    1 ;  
2243+  8CC8 CC          		db 0CCh ; М
2244+  8CC9 01          		db    1 ;  
2245+  8CCA E8          		db 0E8h ; и
2246+  8CCB 01          		db    1 ;  
2247+  8CCC 05          		db    5 ;  
2248+  8CCD 02          		db    2 ;  
2249+  8CCE 23          		db  23h ; #
2250+  8CCF 02          		db    2 ;  
2251+  8CD0 44          		db  44h ; D
2252+  8CD1 02          		db    2 ;  
2253+  8CD2 67          		db  67h ; g
2254+  8CD3 02          		db    2 ;  
2255+  8CD4 8B          		db  8Bh ; ‹
2256+  8CD5 02          		db    2 ;  
2257+  8CD6 59          		db  59h ; Y
2258+  8CD7 05          		db    5 ;  
2259+  8CD8 6D          		db  6Dh ; m
2260+  8CD9 05          		db    5 ;  
2261+  8CDA 83          		db  83h ; ѓ
2262+  8CDB 05          		db    5 ;  
2263+  8CDC 9A          		db  9Ah ; љ
2264+  8CDD 05          		db    5 ;  
2265+  8CDE B2          		db 0B2h ; І
2266+  8CDF 05          		db    5 ;  
2267+  8CE0 CC          		db 0CCh ; М
2268+  8CE1 05          		db    5 ;  
2269+  8CE2 E8          		db 0E8h ; и
2270+  8CE3 05          		db    5 ;  
2271+  8CE4 05          		db    5 ;  
2272+  8CE5 06          		db    6 ;  
2273+  8CE6 23          		db  23h ; #
2274+  8CE7 06          		db    6 ;  
2275+  8CE8 44          		db  44h ; D
2276+  8CE9 06          		db    6 ;  
2277+  8CEA 67          		db  67h ; g
2278+  8CEB 06          		db    6 ;  
2279+  8CEC 8B          		db  8Bh ; ‹
2280+  8CED 06          		db    6 ;  
2281+  8CEE 59          		db  59h ; Y
2282+  8CEF 09          		db    9 ;  
2283+  8CF0 6D          		db  6Dh ; m
2284+  8CF1 09          		db    9 ;  
2285+  8CF2 83          		db  83h ; ѓ
2286+  8CF3 09          		db    9 ;  
2287+  8CF4 9A          		db  9Ah ; љ
2288+  8CF5 09          		db    9 ;  
2289+  8CF6 B2          		db 0B2h ; І
2290+  8CF7 09          		db    9 ;  
2291+  8CF8 CC          		db 0CCh ; М
2292+  8CF9 09          		db    9 ;  
2293+  8CFA E8          		db 0E8h ; и
2294+  8CFB 09          		db    9 ;  
2295+  8CFC 05          		db    5 ;  
2296+  8CFD 0A          		db  0Ah ;  
2297+  8CFE 23          		db  23h ; #
2298+  8CFF 0A          		db  0Ah ;  
2299+  8D00 44          		db  44h ; D
2300+  8D01 0A          		db  0Ah ;  
2301+  8D02 67          		db  67h ; g
2302+  8D03 0A          		db  0Ah ;  
2303+  8D04 8B          		db  8Bh ; ‹
2304+  8D05 0A          		db  0Ah ;  
2305+  8D06 59          		db  59h ; Y
2306+  8D07 0D          		db  0Dh ;  
2307+  8D08 6D          		db  6Dh ; m
2308+  8D09 0D          		db  0Dh ;  
2309+  8D0A 83          		db  83h ; ѓ
2310+  8D0B 0D          		db  0Dh ;  
2311+  8D0C 9A          		db  9Ah ; љ
2312+  8D0D 0D          		db  0Dh ;  
2313+  8D0E B2          		db 0B2h ; І
2314+  8D0F 0D          		db  0Dh ;  
2315+  8D10 CC          		db 0CCh ; М
2316+  8D11 0D          		db  0Dh ;  
2317+  8D12 E8          		db 0E8h ; и
2318+  8D13 0D          		db  0Dh ;  
2319+  8D14 05          		db    5 ;  
2320+  8D15 0E          		db  0Eh ;  
2321+  8D16 23          		db  23h ; #
2322+  8D17 0E          		db  0Eh ;  
2323+  8D18 44          		db  44h ; D
2324+  8D19 0E          		db  0Eh ;  
2325+  8D1A 67          		db  67h ; g
2326+  8D1B 0E          		db  0Eh ;  
2327+  8D1C 8B          		db  8Bh ; ‹
2328+  8D1D 0E          		db  0Eh ;  
2329+  8D1E 59          		db  59h ; Y
2330+  8D1F 11          		db  11h ;  
2331+  8D20 6D          		db  6Dh ; m
2332+  8D21 11          		db  11h ;  
2333+  8D22 83          		db  83h ; ѓ
2334+  8D23 11          		db  11h ;  
2335+  8D24 9A          		db  9Ah ; љ
2336+  8D25 11          		db  11h ;  
2337+  8D26 B2          		db 0B2h ; І
2338+  8D27 11          		db  11h ;  
2339+  8D28 CC          		db 0CCh ; М
2340+  8D29 11          		db  11h ;  
2341+  8D2A E8          		db 0E8h ; и
2342+  8D2B 11          		db  11h ;  
2343+  8D2C 05          		db    5 ;  
2344+  8D2D 12          		db  12h ;  
2345+  8D2E 23          		db  23h ; #
2346+  8D2F 12          		db  12h ;  
2347+  8D30 44          		db  44h ; D
2348+  8D31 12          		db  12h ;  
2349+  8D32 67          		db  67h ; g
2350+  8D33 12          		db  12h ;  
2351+  8D34 8B          		db  8Bh ; ‹
2352+  8D35 12          		db  12h ;  
2353+  8D36 59          		db  59h ; Y
2354+  8D37 15          		db  15h ;  
2355+  8D38 6D          		db  6Dh ; m
2356+  8D39 15          		db  15h ;  
2357+  8D3A 83          		db  83h ; ѓ
2358+  8D3B 15          		db  15h ;  
2359+  8D3C 9A          		db  9Ah ; љ
2360+  8D3D 15          		db  15h ;  
2361+  8D3E B2          		db 0B2h ; І
2362+  8D3F 15          		db  15h ;  
2363+  8D40 CC          		db 0CCh ; М
2364+  8D41 15          		db  15h ;  
2365+  8D42 E8          		db 0E8h ; и
2366+  8D43 15          		db  15h ;  
2367+  8D44 05          		db    5 ;  
2368+  8D45 16          		db  16h ;  
2369+  8D46 23          		db  23h ; #
2370+  8D47 16          		db  16h ;  
2371+  8D48 44          		db  44h ; D
2372+  8D49 16          		db  16h ;  
2373+  8D4A 67          		db  67h ; g
2374+  8D4B 16          		db  16h ;  
2375+  8D4C 8B          		db  8Bh ; ‹
2376+  8D4D 16          		db  16h ;  
2377+  8D4E 59          		db  59h ; Y
2378+  8D4F 19          		db  19h ;  
2379+  8D50 6D          		db  6Dh ; m
2380+  8D51 19          		db  19h ;  
2381+  8D52 83          		db  83h ; ѓ
2382+  8D53 19          		db  19h ;  
2383+  8D54 9A          		db  9Ah ; љ
2384+  8D55 19          		db  19h ;  
2385+  8D56 B2          		db 0B2h ; І
2386+  8D57 19          		db  19h ;  
2387+  8D58 CC          		db 0CCh ; М
2388+  8D59 19          		db  19h ;  
2389+  8D5A E8          		db 0E8h ; и
2390+  8D5B 19          		db  19h ;  
2391+  8D5C 05          		db    5 ;  
2392+  8D5D 1A          		db  1Ah ;  
2393+  8D5E 23          		db  23h ; #
2394+  8D5F 1A          		db  1Ah ;  
2395+  8D60 44          		db  44h ; D
2396+  8D61 1A          		db  1Ah ;  
2397+  8D62 67          		db  67h ; g
2398+  8D63 1A          		db  1Ah ;  
2399+  8D64 8B          		db  8Bh ; ‹
2400+  8D65 1A          		db  1Ah ;  
2401+  8D66 59          		db  59h ; Y
2402+  8D67 1D          		db  1Dh ;  
2403+  8D68 6D          		db  6Dh ; m
2404+  8D69 1D          		db  1Dh ;  
2405+  8D6A 83          		db  83h ; ѓ
2406+  8D6B 1D          		db  1Dh ;  
2407+  8D6C 9A          		db  9Ah ; љ
2408+  8D6D 1D          		db  1Dh ;  
2409+  8D6E B2          		db 0B2h ; І
2410+  8D6F 1D          		db  1Dh ;  
2411+  8D70 CC          		db 0CCh ; М
2412+  8D71 1D          		db  1Dh ;  
2413+  8D72 E8          		db 0E8h ; и
2414+  8D73 1D          		db  1Dh ;  
2415+  8D74 05          		db    5 ;  
2416+  8D75 1E          		db  1Eh ;  
2417+  8D76 23          		db  23h ; #
2418+  8D77 1E          		db  1Eh ;  
2419+  8D78 44          		db  44h ; D
2420+  8D79 1E          		db  1Eh ;  
2421+  8D7A 67          		db  67h ; g
2422+  8D7B 1E          		db  1Eh ;  
2423+  8D7C 8B          		db  8Bh ; ‹
2424+  8D7D 1E          		db  1Eh ;  
2425+  8D7E             
2426+  8D7E             MBPlayer_play_table_wav_2: 	
2427+  8D7E             		db 	0C6h,0,0A8h,55h,0,0,0,0,0,0,0,0,0
2427+  8D7E C600A855000000000000000000
2428+  8D8B             		db 	0C6h,0,0A7h,54h,0,0,0,0,0,0,0,0,0
2428+  8D8B C600A754000000000000000000
2429+  8D98             		db 	0C6h,0,0A6h,53h,0,0,0,0,0,0,0,0,0
2429+  8D98 C600A653000000000000000000
2430+  8DA5             		db 	0C4h,0,0A8h,55h,0,0,0,0,0,0,0,0,0
2430+  8DA5 C400A855000000000000000000
2431+  8DB2             		db 	0C4h,0,0A7h,54h,0,0,0,0,0,0,0,0,0
2431+  8DB2 C400A754000000000000000000
2432+  8DBF             		db 	0C4h,0,0A6h,53h,0,0,0,0,0,0,0,0,0
2432+  8DBF C400A653000000000000000000
2433+  8DCC             		db 	0C6h,0,0A5h,4Dh,0,0,0,0,0,0,0,0,0
2433+  8DCC C600A54D000000000000000000
2434+  8DD9             		db 	0C6h,0,0A2h,45h,0,0,0,0,0,0,0,0,0
2434+  8DD9 C600A245000000000000000000
2435+  8DE6             		db 	0C6h,0,0A4h,4Ch,0,0,0,0,0,0,0,0,0
2435+  8DE6 C600A44C000000000000000000
2436+  8DF3             		db 	0C6h,0,0A1h,44h,0,0,0,0,0,0,0,0,0
2436+  8DF3 C600A144000000000000000000
2437+  8E00             		db 	0C6h,0,0A3h,4Bh,0,0,0,0,0,0,0,0,0
2437+  8E00 C600A34B000000000000000000
2438+  8E0D             		db 	0C6h,0,0A0h,43h,0,0,0,0,0,0,0,0,0
2438+  8E0D C600A043000000000000000000
2439+  8E1A             		db 	0C4h,0,0A5h,4Dh,0,0,0,0,0,0,0,0,0
2439+  8E1A C400A54D000000000000000000
2440+  8E27             		db 	0C4h,0,0A2h,45h,0,0,0,0,0,0,0,0,0
2440+  8E27 C400A245000000000000000000
2441+  8E34             		db 	0C4h,0,0A4h,4Ch,0,0,0,0,0,0,0,0,0
2441+  8E34 C400A44C000000000000000000
2442+  8E41             		db 	0C4h,0,0A1h,44h,0,0,0,0,0,0,0,0,0
2442+  8E41 C400A144000000000000000000
2443+  8E4E             		db 	0C4h,0,0A3h,4Bh,0,0,0,0,0,0,0,0,0
2443+  8E4E C400A34B000000000000000000
2444+  8E5B             		db 	0C4h,0,0A0h,43h,0,0,0,0,0,0,0,0,0
2444+  8E5B C400A043000000000000000000
2445+  8E68             
2446+  8E68             MBPlayer_play_table_wav_1: 	
2447+  8E68             		db 	0C4h,0,0A0h,43h,0,0,0,0,0,0,0,0,0
2447+  8E68 C400A043000000000000000000
2448+  8E75             		db 	0C4h,0,0A1h,44h,0,0,0,0,0,0,0,0,0
2448+  8E75 C400A144000000000000000000
2449+  8E82             		db 	0C4h,0,0A2h,45h,0,0,0,0,0,0,0,0,0
2449+  8E82 C400A245000000000000000000
2450+  8E8F             		db 	0C6h,0,0A0h,43h,0,0,0,0,0,0,0,0,0
2450+  8E8F C600A043000000000000000000
2451+  8E9C             		db 	0C6h,0,0A1h,44h,0,0,0,0,0,0,0,0,0
2451+  8E9C C600A144000000000000000000
2452+  8EA9             		db 	0C6h,0,0A2h,45h,0,0,0,0,0,0,0,0,0
2452+  8EA9 C600A245000000000000000000
2453+  8EB6             
2454+  8EB6             MBPlayer_play_table_wav_3: 	
2455+  8EB6             		db	0,25h,0,0,0,0,0,0,0,0,0,0,0,0,0,0,0,0	; ch19
2455+  8EB6 002500000000000000000000000000000000
2456+  8EC8             		db	0,24h,0,0,0,0,0,0,0,0,0,0,0,0,0,0,0,0	; ch20
2456+  8EC8 002400000000000000000000000000000000
2457+  8EDA             		db	0,23h,0,0,0,0,0,0,0,0,0,0,0,0,0,0,0,0	; ch21
2457+  8EDA 002300000000000000000000000000000000
2458+  8EEC             		db	0,22h,0,0,0,0,0,0,0,0,0,0,0,0,0,0,0,0	; ch22
2458+  8EEC 002200000000000000000000000000000000
2459+  8EFE             		db	0,21h,0,0,0,0,0,0,0,0,0,0,0,0,0,0,0,0	; ch23
2459+  8EFE 002100000000000000000000000000000000
2460+  8F10             		db	0,20h,0,0,0,0,0,0,0,0,0,0,0,0,0,0	; ch24
2460+  8F10 00200000000000000000000000000000
2461+  8F20             unk_0_4F29: 	
2462+  8F20 00          		db    0 
2463+  8F21             unk_0_4F2A: 	
2464+  8F21 00          		db    0 
2465+  8F22             
2466+  8F22 00          unk_0_4F2B: 	db    0 
2467+  8F23             
2468+  8F23 0B          		db  0Bh ;  
2469+  8F24 16          		db  16h ;  
2470+  8F25 21          		db  21h ; !
2471+  8F26 2C          		db  2Ch ; ,
2472+  8F27 37          		db  37h ; 7
2473+  8F28 42          		db  42h ; B
2474+  8F29 4D          		db  4Dh ; M
2475+  8F2A 58          		db  58h ; X
2476+  8F2B 63          		db  63h ; c
2477+  8F2C 6E          		db  6Eh ; n
2478+  8F2D 79          		db  79h ; y
2479+  8F2E 84          		db  84h ; „
2480+  8F2F 8F          		db  8Fh ; Џ
2481+  8F30 9A          		db  9Ah ; љ
2482+  8F31 A5          		db 0A5h ; Ґ
2483+  8F32 B0          		db 0B0h ; °
2484+  8F33 BB          		db 0BBh ; »
2485+  8F34 C6          		db 0C6h ; Ж
2486+  8F35 D1          		db 0D1h ; С
2487+  8F36 DC          		db 0DCh ; Ь
2488+  8F37 E7          		db 0E7h ; з
2489+  8F38 F2          		db 0F2h ; т
2490+  8F39 FD          		db 0FDh ; э
2491+  8F3A             unk_0_4F43: 	
2492+  8F3A 00          		db    0
2493+  8F3B 01          		db    1 ;  
2494+  8F3C 03          		db    3 ;  
2495+  8F3D 07          		db    7 ;  
2496+  8F3E 0F          		db  0Fh ;  
2497+  8F3F 1F          		db  1Fh  
2498+  8F40 3F          		db  3Fh
2499+  8F41             
2500+  8F41             MBPlayer_play_busy: 
2501+  8F41 00          		db	0
2502+  8F42             MBPlayer_play_pos: 	
2503+  8F42 00          		db 	0
2504+  8F43             MBPlayer_play_step: 	
2505+  8F43 00          		db 	0
2506+  8F44             MBPlayer_save_curbank: 	
2507+  8F44 00          		db	0
2508+  8F45             MBPlayer_songdata_bank1: 	
2509+  8F45 00          		db 	0
2510+  8F46             MBPlayer_songdata_addres: 	
2511+  8F46 00 00       		dw 	0
2512+  8F48             MBPlayer_songdata_bank: 	
2513+  8F48 00          		db 	0
2514+  8F49             MBPlayer_status: 
2515+  8F49 00 00       		dw	0
2516+  8F4B             MBPlayer_step_buffer: 	 
2517+  8F4B             		db	0,0,0,0,0,0,0,0,0
2517+  8F4B 000000000000000000
2518+  8F54             		db	0,0,0,0,0,0,0,0,0
2518+  8F54 000000000000000000
2519+  8F5D             MBPlayer_step_buffer_1: 	 
2520+  8F5D             		db	0,0,0,0,0,0
2520+  8F5D 000000000000
2521+  8F63             MBPlayer_load_buffer: 	 
2522+  8F63 00 00       		dw	0	
2523+  8F65             MBPlayer_play_speed: 	
2524+  8F65 00          		db 	0
2525+  8F66             MBPlayer_play_tspval: 	
2526+  8F66 00          		db	0
2527+  8F67             MBPlayer_play_timercnt: 	
2528+  8F67 00          		db 	0
2529+  8F68             byte_0_4F4E: 	
2530+  8F68 00          		db 	0
2531+  8F69             MBPlayer_play_chvol_2: 	
2532+  8F69 00          		db 	0
2533+  8F6A             byte_0_4F50: 	
2534+  8F6A 00          		db 	0
2535+  8F6B             ;-------------------------------------------------------------------
2536+  8F6B             ; описание: Информация о треке = 718 байт
2537+  8F6B             ; параметры: нет
2538+  8F6B             ; возвращаемое  значение: нет
2539+  8F6B             ;---------------------------------------------------------------------
2540+  8F6B             MBPlayer_xleng: 	
2541+  8F6B 00          		ds	1		; Song length
2542+  8F6C             MBPlayer_xloop: 	
2543+  8F6C 00          		ds	1		; Loop position
2544+  8F6D             unk_0_50F4: 	
2545+  8F6D 00          		db    	0 
2546+  8F6E 00          		db    0 ;  
2547+  8F6F 00          		db    0 ;  
2548+  8F70 00          		db    0 ;  
2549+  8F71 00          		db    0 ;  
2550+  8F72 00          		db    0 ;  
2551+  8F73 00          		db    0 ;  
2552+  8F74 00          		db    0 ;  
2553+  8F75 00          		db    0 ;  
2554+  8F76 00          		db    0 ;  
2555+  8F77 00          		db    0 ;  
2556+  8F78 00          		db    0 ;  
2557+  8F79 00          		db    0 ;  
2558+  8F7A 00          		db    0 ;  
2559+  8F7B 00          		db    0 ;  
2560+  8F7C 00          		db    0 ;  
2561+  8F7D 00          		db    0 ;  
2562+  8F7E 00          		db    0 ;  
2563+  8F7F 00          		db    0 ;  
2564+  8F80 00          		db    0 ;  
2565+  8F81 00          		db    0 ;  
2566+  8F82 00          		db    0 ;  
2567+  8F83 00          		db    0 ;  
2568+  8F84 00          		db    0 ;  
2569+  8F85 00          		db    0 ;  
2570+  8F86 00          		db    0 ;  
2571+  8F87 00          		db    0 ;  
2572+  8F88 00          		db    0 ;  
2573+  8F89 00          		db    0 ;  
2574+  8F8A 00          		db    0 ;  
2575+  8F8B 00          		db    0 ;  
2576+  8F8C 00          		db    0 ;  
2577+  8F8D 00          		db    0 ;  
2578+  8F8E 00          		db    0 ;  
2579+  8F8F 00          		db    0 ;  
2580+  8F90 00          		db    0 ;  
2581+  8F91 00          		db    0 ;  
2582+  8F92 00          		db    0 ;  
2583+  8F93 00          		db    0 ;  
2584+  8F94 00          		db    0 ;  
2585+  8F95 00          		db    0 ;  
2586+  8F96 00          		db    0 ;  
2587+  8F97 00          		db    0 ;  
2588+  8F98 00          		db    0 ;  
2589+  8F99 00          		db    0 ;  
2590+  8F9A 00          		db    0 ;  
2591+  8F9B 00          		db    0 ;  
2592+  8F9C 00          		db    0 ;  
2593+  8F9D 00          		db    0 ;  
2594+  8F9E 00          		db    0 ;  
2595+  8F9F 00          		db    0 ;  
2596+  8FA0 00          		db    0 ;  
2597+  8FA1 00          		db    0 ;  
2598+  8FA2 00          		db    0 ;  
2599+  8FA3 00          		db    0 ;  
2600+  8FA4 00          		db    0 ;  
2601+  8FA5 00          		db    0 ;  
2602+  8FA6 00          		db    0 ;  
2603+  8FA7 00          		db    0 ;  
2604+  8FA8 00          		db    0 ;  
2605+  8FA9 00          		db    0 ;  
2606+  8FAA 00          		db    0 ;  
2607+  8FAB 00          		db    0 ;  
2608+  8FAC 00          		db    0 ;  
2609+  8FAD 00          		db    0 ;  
2610+  8FAE 00          		db    0 ;  
2611+  8FAF 00          		db    0 ;  
2612+  8FB0 00          		db    0 ;  
2613+  8FB1 00          		db    0 ;  
2614+  8FB2 00          		db    0 ;  
2615+  8FB3 00          		db    0 ;  
2616+  8FB4 00          		db    0 ;  
2617+  8FB5 00          		db    0 ;  
2618+  8FB6 00          		db    0 ;  
2619+  8FB7 00          		db    0 ;  
2620+  8FB8 00          		db    0 ;  
2621+  8FB9 00          		db    0 ;  
2622+  8FBA 00          		db    0 ;  
2623+  8FBB 00          		db    0 ;  
2624+  8FBC 00          		db    0 ;  
2625+  8FBD 00          		db    0 ;  
2626+  8FBE 00          		db    0 ;  
2627+  8FBF 00          		db    0 ;  
2628+  8FC0 00          		db    0 ;  
2629+  8FC1 00          		db    0 ;  
2630+  8FC2 00          		db    0 ;  
2631+  8FC3 00          		db    0 ;  
2632+  8FC4 00          		db    0 ;  
2633+  8FC5 00          		db    0 ;  
2634+  8FC6 00          		db    0 ;  
2635+  8FC7 00          		db    0 ;  
2636+  8FC8 00          		db    0 ;  
2637+  8FC9 00          		db    0 ;  
2638+  8FCA 00          		db    0 ;  
2639+  8FCB 00          		db    0 ;  
2640+  8FCC 00          		db    0 ;  
2641+  8FCD 00          		db    0 ;  
2642+  8FCE 00          		db    0 ;  
2643+  8FCF 00          		db    0 ;  
2644+  8FD0 00          		db    0 ;  
2645+  8FD1 00          		db    0 ;  
2646+  8FD2 00          		db    0 ;  
2647+  8FD3 00          		db    0 ;  
2648+  8FD4 00          		db    0 ;  
2649+  8FD5 00          		db    0 ;  
2650+  8FD6 00          		db    0 ;  
2651+  8FD7 00          		db    0 ;  
2652+  8FD8 00          		db    0 ;  
2653+  8FD9 00          		db    0 ;  
2654+  8FDA 00          		db    0 ;  
2655+  8FDB 00          		db    0 ;  
2656+  8FDC 00          		db    0 ;  
2657+  8FDD 00          		db    0 ;  
2658+  8FDE 00          		db    0 ;  
2659+  8FDF 00          		db    0 ;  
2660+  8FE0 00          		db    0 ;  
2661+  8FE1 00          		db    0 ;  
2662+  8FE2 00          		db    0 ;  
2663+  8FE3 00          		db    0 ;  
2664+  8FE4 00          		db    0 ;  
2665+  8FE5 00          		db    0 ;  
2666+  8FE6 00          		db    0 ;  
2667+  8FE7 00          		db    0 ;  
2668+  8FE8 00          		db    0 ;  
2669+  8FE9 00          		db    0 ;  
2670+  8FEA 00          		db    0 ;  
2671+  8FEB 00          		db    0 ;  
2672+  8FEC 00          		db    0 ;  
2673+  8FED 00          		db    0 ;  
2674+  8FEE 00          		db    0 ;  
2675+  8FEF 00          		db    0 ;  
2676+  8FF0 00          		db    0 ;  
2677+  8FF1 00          		db    0 ;  
2678+  8FF2 00          		db    0 ;  
2679+  8FF3 00          		db    0 ;  
2680+  8FF4 00          		db    0 ;  
2681+  8FF5 00          		db    0 ;  
2682+  8FF6 00          		db    0 ;  
2683+  8FF7 00          		db    0 ;  
2684+  8FF8 00          		db    0 ;  
2685+  8FF9 00          		db    0 ;  
2686+  8FFA 00          		db    0 ;  
2687+  8FFB 00          		db    0 ;  
2688+  8FFC 00          		db    0 ;  
2689+  8FFD 00          		db    0 ;  
2690+  8FFE 00          		db    0 ;  
2691+  8FFF 00          		db    0 ;  
2692+  9000 00          		db    0 ;  
2693+  9001 00          		db    0 ;  
2694+  9002 00          		db    0 ;  
2695+  9003 00          		db    0 ;  
2696+  9004 00          		db    0 ;  
2697+  9005 00          		db    0 ;  
2698+  9006 00          		db    0 ;  
2699+  9007 00          		db    0 ;  
2700+  9008 00          		db    0 ;  
2701+  9009 00          		db    0 ;  
2702+  900A 00          		db    0 ;  
2703+  900B 00          		db    0 ;  
2704+  900C 00          		db    0 ;  
2705+  900D 00          		db    0 ;  
2706+  900E 00          		db    0 ;  
2707+  900F 00          		db    0 ;  
2708+  9010 00          		db    0 ;  
2709+  9011 00          		db    0 ;  
2710+  9012 00          		db    0 ;  
2711+  9013 00          		db    0 ;  
2712+  9014 00          		db    0 ;  
2713+  9015 00          		db    0 ;  
2714+  9016 00          		db    0 ;  
2715+  9017 00          		db    0 ;  
2716+  9018 00          		db    0 ;  
2717+  9019 00          		db    0 ;  
2718+  901A 00          		db    0 ;  
2719+  901B 00          		db    0 ;  
2720+  901C 00          		db    0 ;  
2721+  901D 00          		db    0 ;  
2722+  901E 00          		db    0 ;  
2723+  901F 00          		db    0 ;  
2724+  9020 00          		db    0 ;  
2725+  9021 00          		db    0 ;  
2726+  9022 00          		db    0 ;  
2727+  9023 00          		db    0 ;  
2728+  9024 00          		db    0 ;  
2729+  9025 00          		db    0 ;  
2730+  9026 00          		db    0 ;  
2731+  9027 00          		db    0 ;  
2732+  9028 00          		db    0 ;  
2733+  9029 00          		db    0 ;  
2734+  902A 00          		db    0 ;  
2735+  902B 00          		db    0 ;  
2736+  902C 00          		db    0 ;  
2737+  902D 00          		db    0 ;  
2738+  902E 00          		db    0 ;  
2739+  902F 00          		db    0 ;  
2740+  9030 00          		db    0 ;  
2741+  9031 00          		db    0 ;  
2742+  9032 00          		db    0 ;  
2743+  9033 00          		db    0 ;  
2744+  9034 00          		db    0 ;  
2745+  9035 00          		db    0 ;  
2746+  9036 00          		db    0 ;  
2747+  9037 00          		db    0 ;  
2748+  9038 00          		db    0 ;  
2749+  9039 00          		db    0 ;  
2750+  903A 00          		db    0 ;  
2751+  903B 00          		db    0 ;  
2752+  903C 00          		db    0 ;  
2753+  903D 00          		db    0 ;  
2754+  903E 00          		db    0 ;  
2755+  903F 00          		db    0 ;  
2756+  9040 00          		db    0 ;  
2757+  9041 00          		db    0 ;  
2758+  9042 00          		db    0 ;  
2759+  9043 00          		db    0 ;  
2760+  9044 00          		db    0 ;  
2761+  9045 00          		db    0 ;  
2762+  9046 00          		db    0 ;  
2763+  9047 00          		db    0 ;  
2764+  9048 00          		db    0 ;  
2765+  9049 00          		db    0 ;  
2766+  904A 00          		db    0 ;  
2767+  904B 00          		db    0 ;  
2768+  904C 00          		db    0 ;  
2769+  904D 00          		db    0 ;  
2770+  904E 00          		db    0 ;  
2771+  904F 00          		db    0 ;  
2772+  9050 00          		db    0 ;  
2773+  9051 00          		db    0 ;  
2774+  9052 00          		db    0 ;  
2775+  9053 00          		db    0 ;  
2776+  9054 00          		db    0 ;  
2777+  9055 00          		db    0 ;  
2778+  9056 00          		db    0 ;  
2779+  9057 00          		db    0 ;  
2780+  9058 00          		db    0 ;  
2781+  9059 00          		db    0 ;  
2782+  905A 00          		db    0 ;  
2783+  905B 00          		db    0 ;  
2784+  905C 00          		db    0 ;  
2785+  905D 00          		db    0 ;  
2786+  905E 00          		db    0 ;  
2787+  905F 00          		db    0 ;  
2788+  9060 00          		db    0 ;  
2789+  9061 00          		db    0 ;  
2790+  9062 00          		db    0 ;  
2791+  9063 00          		db    0 ;  
2792+  9064 00          		db    0 ;  
2793+  9065 00          		db    0 ;  
2794+  9066 00          		db    0 ;  
2795+  9067 00          		db    0 ;  
2796+  9068 00          		db    0 ;  
2797+  9069 00          		db    0 ;  
2798+  906A 00          		db    0 ;  
2799+  906B 00          		db    0 ;  
2800+  906C 00          		db    0 ;  
2801+  906D 00          		db    0 ;  
2802+  906E 00          		db    0 ;  
2803+  906F 00          		db    0 ;  
2804+  9070 00          		db    0 ;  
2805+  9071 00          		db    0 ;  
2806+  9072 00          		db    0 ;  
2807+  9073 00          		db    0 ;  
2808+  9074 00          		db    0 ;  
2809+  9075 00          unk_0_51FC: 	db    0 ;		; DATA XREF: seg000:470Ao
2810+  9076 00          		db    0 ;  
2811+  9077 00          		db    0 ;  
2812+  9078 00          		db    0 ;  
2813+  9079 00          		db    0 ;  
2814+  907A 00          		db    0 ;  
2815+  907B 00          		db    0 ;  
2816+  907C 00          		db    0 ;  
2817+  907D 00          		db    0 ;  
2818+  907E 00          		db    0 ;  
2819+  907F 00          		db    0 ;  
2820+  9080 00          		db    0 ;  
2821+  9081 00          		db    0 ;  
2822+  9082 00          		db    0 ;  
2823+  9083 00          		db    0 ;  
2824+  9084 00          		db    0 ;  
2825+  9085 00          		db    0 ;  
2826+  9086 00          		db    0 ;  
2827+  9087 00          		db    0 ;  
2828+  9088 00          		db    0 ;  
2829+  9089 00          		db    0 ;  
2830+  908A 00          		db    0 ;  
2831+  908B 00          		db    0 ;  
2832+  908C 00          		db    0 ;  
2833+  908D 00          		db    0 ;  
2834+  908E 00          		db    0 ;  
2835+  908F 00          		db    0 ;  
2836+  9090 00          		db    0 ;  
2837+  9091 00          		db    0 ;  
2838+  9092 00          		db    0 ;  
2839+  9093 00          		db    0 ;  
2840+  9094 00          		db    0 ;  
2841+  9095 00          unk_0_521C: 	db    0 ;		; DATA XREF: sub_0_406Fo
2842+  9096 00          		db    0 ;  
2843+  9097 00          		db    0 ;  
2844+  9098 00          		db    0 ;  
2845+  9099 00          		db    0 ;  
2846+  909A 00          		db    0 ;  
2847+  909B 00          		db    0 ;  
2848+  909C 00          		db    0 ;  
2849+  909D 00          		db    0 ;  
2850+  909E 00          		db    0 ;  
2851+  909F 00          		db    0 ;  
2852+  90A0 00          		db    0 ;  
2853+  90A1 00          		db    0 ;  
2854+  90A2 00          		db    0 ;  
2855+  90A3 00          		db    0 ;  
2856+  90A4 00          		db    0 ;  
2857+  90A5 00          		db    0 ;  
2858+  90A6 00          		db    0 ;  
2859+  90A7 00          		db    0 ;  
2860+  90A8 00          		db    0 ;  
2861+  90A9 00          		db    0 ;  
2862+  90AA 00          		db    0 ;  
2863+  90AB 00          		db    0 ;  
2864+  90AC 00          		db    0 ;  
2865+  90AD 00          		db    0 ;  
2866+  90AE 00          		db    0 ;  
2867+  90AF 00          		db    0 ;  
2868+  90B0 00          		db    0 ;  
2869+  90B1 00          		db    0 ;  
2870+  90B2 00          		db    0 ;  
2871+  90B3 00          		db    0 ;  
2872+  90B4 00          		db    0 ;  
2873+  90B5 00          		db    0 ;  
2874+  90B6 00          		db    0 ;  
2875+  90B7 00          		db    0 ;  
2876+  90B8 00          		db    0 ;  
2877+  90B9 00          		db    0 ;  
2878+  90BA 00          		db    0 ;  
2879+  90BB 00          		db    0 ;  
2880+  90BC 00          		db    0 ;  
2881+  90BD 00          		db    0 ;  
2882+  90BE 00          		db    0 ;  
2883+  90BF 00          		db    0 ;  
2884+  90C0 00          		db    0 ;  
2885+  90C1 00          		db    0 ;  
2886+  90C2 00          		db    0 ;  
2887+  90C3 00          		db    0 ;  
2888+  90C4 00          		db    0 ;  
2889+  90C5 00          		db    0 ;  
2890+  90C6 00          		db    0 ;  
2891+  90C7 00          		db    0 ;  
2892+  90C8 00          		db    0 ;  
2893+  90C9 00          		db    0 ;  
2894+  90CA 00          		db    0 ;  
2895+  90CB 00          		db    0 ;  
2896+  90CC 00          		db    0 ;  
2897+  90CD 00          		db    0 ;  
2898+  90CE 00          		db    0 ;  
2899+  90CF 00          		db    0 ;  
2900+  90D0 00          		db    0 ;  
2901+  90D1 00          		db    0 ;  
2902+  90D2 00          		db    0 ;  
2903+  90D3 00          		db    0 ;  
2904+  90D4 00          		db    0 ;  
2905+  90D5 00          		db    0 ;  
2906+  90D6 00          		db    0 ;  
2907+  90D7 00          		db    0 ;  
2908+  90D8 00          		db    0 ;  
2909+  90D9 00          		db    0 ;  
2910+  90DA 00          		db    0 ;  
2911+  90DB 00          		db    0 ;  
2912+  90DC 00          		db    0 ;  
2913+  90DD 00          		db    0 ;  
2914+  90DE 00          		db    0 ;  
2915+  90DF 00          		db    0 ;  
2916+  90E0 00          		db    0 ;  
2917+  90E1 00          		db    0 ;  
2918+  90E2 00          		db    0 ;  
2919+  90E3 00          		db    0 ;  
2920+  90E4 00          		db    0 ;  
2921+  90E5 00          		db    0 ;  
2922+  90E6 00          		db    0 ;  
2923+  90E7 00          		db    0 ;  
2924+  90E8 00          		db    0 ;  
2925+  90E9 00          		db    0 ;  
2926+  90EA 00          		db    0 ;  
2927+  90EB 00          		db    0 ;  
2928+  90EC 00          		db    0 ;  
2929+  90ED 00          		db    0 ;  
2930+  90EE 00          		db    0 ;  
2931+  90EF 00          		db    0 ;  
2932+  90F0 00          		db    0 ;  
2933+  90F1 00          		db    0 ;  
2934+  90F2 00          		db    0 ;  
2935+  90F3 00          		db    0 ;  
2936+  90F4 00          		db    0 ;  
2937+  90F5 00          		db    0 ;  
2938+  90F6 00          		db    0 ;  
2939+  90F7 00          		db    0 ;  
2940+  90F8 00          		db    0 ;  
2941+  90F9 00          		db    0 ;  
2942+  90FA 00          		db    0 ;  
2943+  90FB 00          		db    0 ;  
2944+  90FC 00          		db    0 ;  
2945+  90FD 00          		db    0 ;  
2946+  90FE 00          		db    0 ;  
2947+  90FF 00          		db    0 ;  
2948+  9100 00          		db    0 ;  
2949+  9101 00          		db    0 ;  
2950+  9102 00          		db    0 ;  
2951+  9103 00          		db    0 ;  
2952+  9104 00          		db    0 ;  
2953+  9105 00          		db    0 ;  
2954+  9106 00          		db    0 ;  
2955+  9107 00          		db    0 ;  
2956+  9108 00          		db    0 ;  
2957+  9109 00          		db    0 ;  
2958+  910A 00          		db    0 ;  
2959+  910B 00          		db    0 ;  
2960+  910C 00          		db    0 ;  
2961+  910D 00          		db    0 ;  
2962+  910E 00          		db    0 ;  
2963+  910F 00          		db    0 ;  
2964+  9110 00          		db    0 ;  
2965+  9111 00          		db    0 ;  
2966+  9112 00          		db    0 ;  
2967+  9113 00          		db    0 ;  
2968+  9114 00          		db    0 ;  
2969+  9115 00          		db    0 ;  
2970+  9116 00          		db    0 ;  
2971+  9117 00          		db    0 ;  
2972+  9118 00          		db    0 ;  
2973+  9119 00          		db    0 ;  
2974+  911A 00          		db    0 ;  
2975+  911B 00          		db    0 ;  
2976+  911C 00          		db    0 ;  
2977+  911D 00          		db    0 ;  
2978+  911E 00          		db    0 ;  
2979+  911F 00          		db    0 ;  
2980+  9120 00          		db    0 ;  
2981+  9121 00          		db    0 ;  
2982+  9122 00          		db    0 ;  
2983+  9123 00          		db    0 ;  
2984+  9124 00          		db    0 ;  
2985+  9125 00          		db    0 ;  
2986+  9126 00          		db    0 ;  
2987+  9127 00          		db    0 ;  
2988+  9128 00          		db    0 ;  
2989+  9129 00          		db    0 ;  
2990+  912A 00          		db    0 ;  
2991+  912B 00          		db    0 ;  
2992+  912C 00          		db    0 ;  
2993+  912D 00          		db    0 ;  
2994+  912E 00          		db    0 ;  
2995+  912F 00          		db    0 ;  
2996+  9130 00          		db    0 ;  
2997+  9131 00          		db    0 ;  
2998+  9132 00          		db    0 ;  
2999+  9133 00          		db    0 ;  
3000+  9134 00          		db    0 ;  
3001+  9135 00          		db    0 ;  
3002+  9136 00          		db    0 ;  
3003+  9137 00          		db    0 ;  
3004+  9138 00          		db    0 ;  
3005+  9139 00          		db    0 ;  
3006+  913A 00          		db    0 ;  
3007+  913B 00          		db    0 ;  
3008+  913C 00          		db    0 ;  
3009+  913D 00          		db    0 ;  
3010+  913E 00          		db    0 ;  
3011+  913F 00          		db    0 ;  
3012+  9140 00          		db    0 ;  
3013+  9141 00          		db    0 ;  
3014+  9142 00          		db    0 ;  
3015+  9143 00          		db    0 ;  
3016+  9144 00          		db    0 ;  
3017+  9145 00          		db    0 ;  
3018+  9146 00          		db    0 ;  
3019+  9147 00          		db    0 ;  
3020+  9148 00          		db    0 ;  
3021+  9149 00          		db    0 ;  
3022+  914A 00          		db    0 ;  
3023+  914B 00          		db    0 ;  
3024+  914C 00          		db    0 ;  
3025+  914D 00          		db    0 ;  
3026+  914E 00          		db    0 ;  
3027+  914F 00          		db    0 ;  
3028+  9150 00          		db    0 ;  
3029+  9151 00          		db    0 ;  
3030+  9152 00          		db    0 ;  
3031+  9153 00          		db    0 ;  
3032+  9154 00          		db    0 ;  
3033+  9155 00          		db    0 ;  
3034+  9156 00          		db    0 ;  
3035+  9157 00          		db    0 ;  
3036+  9158 00          		db    0 ;  
3037+  9159 00          		db    0 ;  
3038+  915A 00          		db    0 ;  
3039+  915B 00          		db    0 ;  
3040+  915C 00          		db    0 ;  
3041+  915D 00          		db    0 ;  
3042+  915E 00          		db    0 ;  
3043+  915F 00          		db    0 ;  
3044+  9160 00          		db    0 ;  
3045+  9161 00          		db    0 ;  
3046+  9162 00          		db    0 ;  
3047+  9163 00          		db    0 ;  
3048+  9164 00          		db    0 ;  
3049+  9165 00          		db    0 ;  
3050+  9166 00          		db    0 ;  
3051+  9167 00          		db    0 ;  
3052+  9168 00          		db    0 ;  
3053+  9169 00          		db    0 ;  
3054+  916A 00          		db    0 ;  
3055+  916B 00          		db    0 ;  
3056+  916C 00          		db    0 ;  
3057+  916D 00          		db    0 ;  
3058+  916E 00          		db    0 ;  
3059+  916F 00          		db    0 ;  
3060+  9170 00          		db    0 ;  
3061+  9171 00          		db    0 ;  
3062+  9172 00          		db    0 ;  
3063+  9173 00          		db    0 ;  
3064+  9174 00          		db    0 ;  
3065+  9175 00          		db    0 ;  
3066+  9176 00          		db    0 ;  
3067+  9177 00          		db    0 ;  
3068+  9178 00          		db    0 ;  
3069+  9179 00          		db    0 ;  
3070+  917A 00          		db    0 ;  
3071+  917B 00          		db    0 ;  
3072+  917C 00          		db    0 ;  
3073+  917D 00          		db    0 ;  
3074+  917E 00          		db    0 ;  
3075+  917F 00          		db    0 ;  
3076+  9180 00          		db    0 ;  
3077+  9181 00          		db    0 ;  
3078+  9182 00          		db    0 ;  
3079+  9183 00          		db    0 ;  
3080+  9184 00          		db    0 ;  
3081+  9185 00          		db    0 ;  
3082+  9186 00          		db    0 ;  
3083+  9187 00          		db    0 ;  
3084+  9188 00          		db    0 ;  
3085+  9189 00          		db    0 ;  
3086+  918A 00          		db    0 ;  
3087+  918B 00          		db    0 ;  
3088+  918C 00          		db    0 ;  
3089+  918D 00          		db    0 ;  
3090+  918E 00          		db    0 ;  
3091+  918F 00          		db    0 ;  
3092+  9190 00          		db    0 ;  
3093+  9191 00          unk_0_5318: 	db    0 ;		; DATA XREF: seg000:4A02o
3094+  9192 00          		db    0 ;  
3095+  9193 00          		db    0 ;  
3096+  9194 00          		db    0 ;  
3097+  9195             
3098+  9195             MBPlayer_xtempo: 	
3099+  9195 00          		ds	1		; Tempo
3100+  9196             MBPlayer_xhzequal: 	
3101+  9196 00          		ds	1		; Base frequency
3102+  9197             
3103+  9197 00          byte_0_531E: 	db 0
3104+  9198 00          		db    0 ;  
3105+  9199 00          		db    0 ;  
3106+  919A 00          		db    0 ;  
3107+  919B 00          		db    0 ;  
3108+  919C 00          		db    0 ;  
3109+  919D 00          		db    0 ;  
3110+  919E 00          		db    0 ;  
3111+  919F 00          		db    0 ;  
3112+  91A0 00          		db    0 ;  
3113+  91A1 00          unk_0_5328: 	db    0 ;		; DATA XREF: sub_0_4A9A+9Co
3114+  91A2             					; sub_0_4A9A+104o
3115+  91A2 00          		db    0 ;  
3116+  91A3 00          		db    0 ;  
3117+  91A4 00          		db    0 ;  
3118+  91A5 00          		db    0 ;  
3119+  91A6 00          		db    0 ;  
3120+  91A7 00          		db    0 ;  
3121+  91A8 00          		db    0 ;  
3122+  91A9 00          		db    0 ;  
3123+  91AA 00          		db    0 ;  
3124+  91AB 00          		db    0 ;  
3125+  91AC 00          		db    0 ;  
3126+  91AD 00          		db    0 ;  
3127+  91AE 00          		db    0 ;  
3128+  91AF 00          		db    0 ;  
3129+  91B0             MBPlayer_play_chvol_1: 	
3130+  91B0 00          		db 	0
3131+  91B1             
3132+  91B1 00          unk_0_5338: 	db    0
3133+  91B2 00          		db    0 ;  
3134+  91B3 00          		db    0 ;  
3135+  91B4 00          		db    0 ;  
3136+  91B5 00          		db    0 ;  
3137+  91B6 00          		db    0 ;  
3138+  91B7 00          		db    0 ;  
3139+  91B8 00          		db    0 ;  
3140+  91B9 00          		db    0 ;  
3141+  91BA 00          		db    0 ;  
3142+  91BB 00          		db    0 ;  
3143+  91BC 00          		db    0 ;  
3144+  91BD 00          		db    0 ;  
3145+  91BE 00          		db    0 ;  
3146+  91BF 00          		db    0 ;  
3147+  91C0 00          		db    0 ;  
3148+  91C1 00          		db    0 ;  
3149+  91C2 00          		db    0 ;  
3150+  91C3 00          		db    0 ;  
3151+  91C4 00          		db    0 ;  
3152+  91C5 00          		db    0 ;  
3153+  91C6 00          		db    0 ;  
3154+  91C7 00          		db    0 ;  
3155+  91C8 00          		db    0 ;  
3156+  91C9 00          		db    0 ;  
3157+  91CA 00          		db    0 ;  
3158+  91CB 00          		db    0 ;  
3159+  91CC 00          		db    0 ;  
3160+  91CD 00          		db    0 ;  
3161+  91CE 00          		db    0 ;  
3162+  91CF 00          		db    0 ;  
3163+  91D0 00          		db    0 ;  
3164+  91D1 00          		db    0 ;  
3165+  91D2 00          		db    0 ;  
3166+  91D3 00          		db    0 ;  
3167+  91D4 00          		db    0 ;  
3168+  91D5 00          		db    0 ;  
3169+  91D6 00          		db    0 ;  
3170+  91D7 00          		db    0 ;  
3171+  91D8 00          		db    0 ;  
3172+  91D9 00          		db    0 ;  
3173+  91DA 00          		db    0 ;  
3174+  91DB 00          		db    0 ;  
3175+  91DC 00          		db    0 ;  
3176+  91DD 00          		db    0 ;  
3177+  91DE 00          		db    0 ;  
3178+  91DF 00          		db    0 ;  
3179+  91E0 00          		db    0 ;  
3180+  91E1 00          unk_0_5368: 	db    0 
3181+  91E2 00          		db    0 ;  
3182+  91E3 00          		db    0 ;  
3183+  91E4 00          		db    0 ;  
3184+  91E5 00          		db    0 ;  
3185+  91E6 00          		db    0 ;  
3186+  91E7 00          		db    0 ;  
3187+  91E8 00          		db    0 ;  
3188+  91E9 00          		db    0 ;  
3189+  91EA 00          		db    0 ;  
3190+  91EB 00          		db    0 ;  
3191+  91EC 00          		db    0 ;  
3192+  91ED 00          		db    0 ;  
3193+  91EE 00          		db    0 ;  
3194+  91EF 00          		db    0 ;  
3195+  91F0 00          		db    0 ;  
3196+  91F1 00          		db    0 ;  
3197+  91F2 00          		db    0 ;  
3198+  91F3 00          unk_0_537A: 	db    0 
3199+  91F4 00          		db    0 ;  
3200+  91F5 00          		db    0 ;  
3201+  91F6 00          		db    0 ;  
3202+  91F7 00          		db    0 ;  
3203+  91F8 00          		db    0
3204+  91F9             MBPlayer_xwavnrs: 
3205+  91F9 00          		ds    	32			; Wave numbers
3206+  9219             MBPlayer_xwavvols: 
3207+  9219 00          		ds	32			; Wave volumes
3208+  9239             
3209+  9239             MBPlayer_pat_address: 	
3210+  9239 00 00       		dw	0
3211+  923B             MBPlayer_pos_address: 	
3212+  923B 00 00       		dw 	0
3213+  923D             MBPlayer_songdata_ptr: 	
3214+  923D 00 00       		dw 	0
3215+  923F             
3216+  923F             		.include "freq_table_1.inc"
0001++ 923F             ;-------------------------------------------------------------------
0002++ 923F             ; описание:  Таблица частот
0003++ 923F             ;---------------------------------------------------------------------
0004++ 923F             frq_0: 		
0005++ 923F             		dw	0,61,125,194,266,343,424,510,601,698,801,909
0005++ 923F 00003D007D00C2000A015701A801FE015902BA0221038D03
0006++ 9257             frq_1: 		
0007++ 9257             		dw	1,62,127,195,268,345,426,512,604,700,803,912
0007++ 9257 01003E007F00C3000C015901AA0100025C02BC0223039003
0008++ 926F             frq_8: 		
0009++ 926F             		dw	8,69,134,203,276,353,435,522,614,711,814,924
0009++ 926F 080045008600CB0014016101B3010A026602C7022E039C03
0010++ 9287             frq_9: 		
0011++ 9287             		dw	9,70,135,204,277,355,437,524,616,713,816,926
0011++ 9287 090046008700CC0015016301B5010C026802C90230039E03
0012++ 929F             frq_10: 		
0013++ 929F             		dw	10,71,136,205,278,356,438,525,617,714,818,927
0013++ 929F 0A0047008800CD0016016401B6010D026902CA0232039F03
0014++ 92B7             frq_15: 		
0015++ 92B7             		dw	15,77,143,212,286,364,446,533,626,724,828,938
0015++ 92B7 0F004D008F00D4001E016C01BE0115027202D4023C03AA03
0016++ 92CF             frq_20: 		
0017++ 92CF             		dw	20,82,148,217,291,369,452,540,633,731,836,946
0017++ 92CF 140052009400D90023017101C4011C027902DB024403B203
0018++ 92E7             frq_21: 		
0019++ 92E7             		dw	21,83,148,218,292,370,453,542,635,733,838,949
0019++ 92E7 150053009400DA0024017201C5011E027B02DD024603B503
0020++ 92FF             frq_22: 		
0021++ 92FF             		dw	22,84,150,219,293,372,455,542,636,734,839,950
0021++ 92FF 160054009600DB0025017401C7011E027C02DE024703B603
0022++ 9317             frq_24: 		
0023++ 9317             		dw	24,86,152,222,296,375,457,545,639,737,842,953
0023++ 9317 180056009800DE0028017701C90121027F02E1024A03B903
0024++ 932F             frq_26: 		
0025++ 932F             		dw	26,88,154,224,299,377,461,549,642,741,846,958
0025++ 932F 1A0058009A00E0002B017901CD0125028202E5024E03BE03
0026++ 9347             frq_27: 		
0027++ 9347             		dw	27,89,155,225,300,378,462,550,644,743,848,959
0027++ 9347 1B0059009B00E1002C017A01CE0126028402E7025003BF03
0028++ 935F             frq_45: 		
0029++ 935F             		dw	45,109,176,248,324,403,488,578,673,774,881,995
0029++ 935F 2D006D00B000F80044019301E8014202A10206037103E303
0030++ 9377             frq_46: 		
0031++ 9377             		dw	46,110,177,248,324,404,489,579,674,775,882,996
0031++ 9377 2E006E00B100F80044019401E9014302A20207037203E403
0032++ 938F             frq_69: 		
0033++ 938F             		dw	69,134,203,276,353,435,522,614,711,815,924,8+2048
0033++ 938F 45008600CB0014016101B3010A026602C7022F039C030808
0034++ 93A7             frq_70: 		
0035++ 93A7             		dw	70,135,204,277,354,436,523,615,712,815,925,8+2048
0035++ 93A7 46008700CC0015016201B4010B026702C8022F039D030808
0036++ 93BF             frq_73: 		
0037++ 93BF             		dw	73,139,208,281,359,441,528,620,718,822,932,12+2048
0037++ 93BF 49008B00D00019016701B90110026C02CE023603A4030C08
0038++ 93D7             frq_75: 		
0039++ 93D7             		dw	75,141,210,283,361,444,531,623,721,825,935,14+2048
0039++ 93D7 4B008D00D2001B016901BC0113026F02D1023903A7030E08
0040++ 93EF             frq_79: 		
0041++ 93EF             		dw	79,145,214,288,366,449,536,629,727,831,942,17+2048
0041++ 93EF 4F009100D60020016E01C10118027502D7023F03AE031108
0042++ 9407             frq_82: 		
0043++ 9407             		dw	82,147,217,291,369,452,540,633,731,835,946,20+2048
0043++ 9407 52009300D90023017101C4011C027902DB024303B2031408
0044++ 941F             frq_84: 		
0045++ 941F             		dw	84,150,219,293,372,455,543,636,734,839,950,22+2048
0045++ 941F 54009600DB0025017401C7011F027C02DE024703B6031608
0046++ 9437             frq_88: 		
0047++ 9437             		dw	88,154,224,298,377,460,548,642,741,846,957,25+2048
0047++ 9437 58009A00E0002A017901CC0124028202E5024E03BD031908
0048++ 944F             frq_89: 		
0049++ 944F             		dw	89,155,225,299,378,461,550,643,742,847,959,26+2048
0049++ 944F 59009B00E1002B017A01CD0126028302E6024F03BF031A08
0050++ 9467             frq_91: 		
0051++ 9467             		dw	91,157,228,302,381,465,553,647,746,851,963,29+2048
0051++ 9467 5B009D00E4002E017D01D10129028702EA025303C3031D08
0052++ 947F             frq_94: 		
0053++ 947F             		dw	94,161,231,306,385,469,557,651,751,857,968,31+2048
0053++ 947F 5E00A100E70032018101D5012D028B02EF025903C8031F08
0054++ 9497             frq_96: 		
0055++ 9497             		dw	96,162,233,308,387,471,560,654,753,859,971,33+2048
0055++ 9497 6000A200E90034018301D70130028E02F1025B03CB032108
0056++ 94AF             frq_97: 		
0057++ 94AF             		dw	97,164,235,309,389,473,562,656,756,862,974,34+2048
0057++ 94AF 6100A400EB0035018501D90132029002F4025E03CE032208
0058++ 94C7             frq_98: 		
0059++ 94C7             		dw	98,165,236,311,390,474,563,657,757,863,976,35+2048
0059++ 94C7 6200A500EC0037018601DA0133029102F5025F03D0032308
0060++ 94DF             frq_113: 	
0061++ 94DF             		dw	113,180,252,328,408,493,583,679,780,887,1001,49+2048
0061++ 94DF 7100B400FC0048019801ED014702A7020C037703E9033108
0062++ 94F7             frq_118: 	
0063++ 94F7             		dw	118,186,257,334,415,501,591,687,789,897,1011,54+2048
0063++ 94F7 7600BA0001014E019F01F5014F02AF0215038103F3033608
0064++ 950F             frq_135: 	
0065++ 950F             		dw	135,204,277,355,437,524,616,713,816,926,9+2048,70+2048
0065++ 950F 8700CC0015016301B5010C026802C90230039E0309084608
0066++ 9527             frq_141: 	
0067++ 9527             		dw	141,210,283,361,443,530,623,721,825,935,13+2048,75+2048
0067++ 9527 8D00D2001B016901BB0112026F02D1023903A7030D084B08
0068++ 953F             frq_143: 	
0069++ 953F             		dw	143,212,286,363,446,533,626,724,828,938,15+2048,77+2048
0069++ 953F 8F00D4001E016B01BE0115027202D4023C03AA030F084D08
0070++ 9557             frq_155: 	
0071++ 9557             		dw	155,225,299,376,461,549,643,742,847,959,26+2048,89+2048
0071++ 9557 9B00E1002B017801CD0125028302E6024F03BF031A085908
0072++ 956F             frq_156: 	
0073++ 956F             		dw	156,226,300,379,462,551,644,744,849,960,27+2048,89+2048
0073++ 956F 9C00E2002C017B01CE0127028402E8025103C0031B085908
0074++ 9587             frq_167: 	
0075++ 9587             		dw	167,237,312,392,476,565,660,760,866,978,37+2048,100+2048
0075++ 9587 A700ED0038018801DC0135029402F8026203D20325086408
0076++ 959F             frq_184: 	
0077++ 959F             		dw	184,256,332,413,499,589,685,787,894,1008,53+2048,117+2048
0077++ 959F B80000014C019D01F3014D02AD0213037E03F00335087508
0078++ 95B7             frq_187: 	
0079++ 95B7             		dw	187,259,336,417,502,593,689,791,899,1013,55+2048,119+2048
0079++ 95B7 BB0003015001A101F6015102B10217038303F50337087708
0080++ 95CF             frq_188: 	
0081++ 95CF             		dw	188,260,336,417,503,593,690,792,899,1014,56+2048,120+2048
0081++ 95CF BC0004015001A101F7015102B20218038303F60338087808
0082++ 95E7             frq_191: 	
0083++ 95E7             		dw	191,263,340,421,507,598,694,796,905,1019,58+2048,123+2048
0083++ 95E7 BF0007015401A501FB015602B6021C038903FB033A087B08
0084++ 95FF             frq_192: 	
0085++ 95FF             		dw	192,264,341,422,508,599,696,798,906,1021,59+2048,124+2048
0085++ 95FF C00008015501A601FC015702B8021E038A03FD033B087C08
0086++ 9617             frq_195: 	
0087++ 9617             		dw	195,267,344,425,512,603,700,802,911,1+2048,62+2048,126+2048
0087++ 9617 C3000B015801A90100025B02BC0222038F0301083E087E08
0088++ 962F             frq_202: 	
0089++ 962F             		dw	202,275,352,434,521,613,710,813,922,7+2048,68+2048,133+2048
0089++ 962F CA0013016001B20109026502C6022D039A03070844088508
0090++ 9647             frq_203: 	
0091++ 9647             		dw	203,276,353,435,522,614,711,815,924,8+2048,69+2048,134+2048
0091++ 9647 CB0014016101B3010A026602C7022F039C03080845088608
0092++ 965F             frq_204: 	
0093++ 965F             		dw	204,277,354,436,523,615,712,815,925,8+2048,70+2048,135+2048
0093++ 965F CC0015016201B4010B026702C8022F039D03080846088708
0094++ 9677             frq_206: 	
0095++ 9677             		dw	206,279,356,438,525,618,715,819,928,10+2048,72+2048,137+2048
0095++ 9677 CE0017016401B6010D026A02CB023303A0030A0848088908
0096++ 968F             frq_208: 	
0097++ 968F             		dw	208,281,359,441,528,621,718,822,932,12+2048,74+2048,139+2048
0097++ 968F D00019016701B90110026D02CE023603A4030C084A088B08
0098++ 96A7             frq_211: 	
0099++ 96A7             		dw	211,284,362,445,532,624,722,826,936,14+2048,76+2048,142+2048
0099++ 96A7 D3001C016A01BD0114027002D2023A03A8030E084C088E08
0100++ 96BF             frq_214: 	
0101++ 96BF             		dw	214,288,366,449,536,629,727,831,942,17+2048,79+2048,145+2048
0101++ 96BF D60020016E01C10118027502D7023F03AE0311084F089108
0102++ 96D7             frq_215: 	
0103++ 96D7             		dw	215,289,367,450,538,630,729,833,943,18+2048,80+2048,146+2048
0103++ 96D7 D70021016F01C2011A027602D9024103AF03120850089208
0104++ 96EF             frq_216: 	
0105++ 96EF             		dw	216,289,368,450,538,631,729,834,944,19+2048,80+2048,146+2048
0105++ 96EF D80021017001C2011A027702D9024203B003130850089208
0106++ 9707             frq_217: 	
0107++ 9707             		dw	217,291,369,452,540,633,731,835,946,20+2048,82+2048,147+2048
0107++ 9707 D90023017101C4011C027902DB024303B203140852089308
0108++ 971F             frq_219: 	
0109++ 971F             		dw	219,293,372,455,543,636,734,839,950,22+2048,84+2048,150+2048
0109++ 971F DB0025017401C7011F027C02DE024703B603160854089608
0110++ 9737             frq_220: 	
0111++ 9737             		dw	220,294,373,456,544,637,736,841,951,22+2048,85+2048,151+2048
0111++ 9737 DC0026017501C80120027D02E0024903B703160855089708
0112++ 974F             frq_221: 	
0113++ 974F             		dw	221,296,374,457,545,639,737,842,953,23+2048,86+2048,152+2048
0113++ 974F DD0028017601C90121027F02E1024A03B903170856089808
0114++ 9767             frq_228: 	
0115++ 9767             		dw	228,302,381,465,553,647,747,852,963,29+2048,91+2048,158+2048
0115++ 9767 E4002E017D01D10129028702EB025403C3031D085B089E08
0116++ 977F             frq_231: 	
0117++ 977F             		dw	231,305,384,468,557,651,750,856,967,31+2048,94+2048,160+2048
0117++ 977F E70031018001D4012D028B02EE025803C7031F085E08A008
0118++ 9797             frq_242: 	
0119++ 9797             		dw	242,317,397,481,571,666,766,873,985,40+2048,104+2048,171+2048
0119++ 9797 F2003D018D01E1013B029A02FE026903D90328086808AB08
0120++ 97AF             frq_254: 	
0121++ 97AF             		dw	254,330,410,495,586,681,783,890,1004,50+2048,114+2048,182+2048
0121++ 97AF FE004A019A01EF014A02A9020F037A03EC0332087208B608
0122++ 97C7             frq_261: 	
0123++ 97C7             		dw	261,337,418,504,595,691,793,901,1016,56+2048,121+2048,189+2048
0123++ 97C7 05015101A201F8015302B30219038503F80338087908BD08
0124++ 97DF             frq_264: 	
0125++ 97DF             		dw	264,341,422,508,599,695,797,906,1020,59+2048,123+2048,192+2048
0125++ 97DF 08015501A601FC015702B7021D038A03FC033B087B08C008
0126++ 97F7             frq_273: 	
0127++ 97F7             		dw	273,350,432,519,610,708,810,920,6+2048,67+2048,132+2048,200+2048
0127++ 97F7 11015E01B00107026202C4022A039803060843088408C808
0128++ 980F             frq_274: 	
0129++ 980F             		dw	274,351,433,519,611,708,811,920,6+2048,67+2048,132+2048,201+2048
0129++ 980F 12015F01B10107026302C4022B039803060843088408C908
0130++ 9827             frq_282: 	
0131++ 9827             		dw	282,360,442,529,621,719,823,933,13+2048,74+2048,139+2048,209+2048
0131++ 9827 1A016801BA0111026D02CF023703A5030D084A088B08D108
0132++ 983F             frq_286: 	
0133++ 983F             		dw	286,363,446,533,626,724,828,938,15+2048,77+2048,143+2048,212+2048
0133++ 983F 1E016B01BE0115027202D4023C03AA030F084D088F08D408
0134++ 9857             frq_287: 	
0135++ 9857             		dw	287,365,447,535,627,726,830,940,16+2048,78+2048,144+2048,213+2048
0135++ 9857 1F016D01BF0117027302D6023E03AC0310084E089008D508
0136++ 986F             frq_288: 	
0137++ 986F             		dw	288,366,449,536,629,727,831,942,17+2048,79+2048,145+2048,214+2048
0137++ 986F 20016E01C10118027502D7023F03AE0311084F089108D608
0138++ 9887             frq_290: 	
0139++ 9887             		dw	290,368,451,539,632,730,835,945,19+2048,81+2048,147+2048,216+2048
0139++ 9887 22017001C3011B027802DA024303B103130851089308D808
0140++ 989F             frq_291: 	
0141++ 989F             		dw	291,370,453,540,633,731,836,946,20+2048,82+2048,148+2048,217+2048
0141++ 989F 23017201C5011C027902DB024403B203140852089408D908
0142++ 98B7             frq_299: 	
0143++ 98B7             		dw	299,378,461,550,643,742,848,959,26+2048,89+2048,155+2048,225+2048
0143++ 98B7 2B017A01CD0126028302E6025003BF031A0859089B08E108
0144++ 98CF             frq_311: 	
0145++ 98CF             		dw	311,391,475,564,658,758,864,977,36+2048,99+2048,166+2048,236+2048
0145++ 98CF 37018701DB0134029202F6026003D10324086308A608EC08
0146++ 98E7             frq_314: 	
0147++ 98E7             		dw	314,394,478,567,662,762,868,981,38+2048,101+2048,168+2048,239+2048
0147++ 98E7 3A018A01DE0137029602FA026403D50326086508A808EF08
0148++ 98FF             frq_317: 	
0149++ 98FF             		dw	317,397,481,571,666,766,873,986,41+2048,104+2048,171+2048,242+2048
0149++ 98FF 3D018D01E1013B029A02FE026903DA0329086808AB08F208
0150++ 9917             frq_333: 	
0151++ 9917             		dw	333,414,500,590,686,788,896,1010,53+2048,117+2048,185+2048,257+2048
0151++ 9917 4D019E01F4014E02AE0214038003F20335087508B9080109
0152++ 992F             frq_335: 	
0153++ 992F             		dw	335,416,502,593,689,791,899,1013,55+2048,119+2048,187+2048,259+2048
0153++ 992F 4F01A001F6015102B10217038303F50337087708BB080309
0154++ 9947             frq_338: 	
0155++ 9947             		dw	338,419,505,596,692,794,902,1016,56+2048,121+2048,189+2048,261+2048
0155++ 9947 5201A301F9015402B4021A038603F80338087908BD080509
0156++ 995F             frq_340: 	
0157++ 995F             		dw	340,421,507,598,694,796,905,1019,58+2048,123+2048,191+2048,263+2048
0157++ 995F 5401A501FB015602B6021C038903FB033A087B08BF080709
0158++ 9977             frq_341: 	
0159++ 9977             		dw	341,422,508,599,696,798,906,1021,59+2048,124+2048,192+2048,264+2048
0159++ 9977 5501A601FC015702B8021E038A03FD033B087C08C0080809
0160++ 998F             frq_342: 	
0161++ 998F             		dw	342,423,509,600,697,799,907,1022,60+2048,125+2048,193+2048,265+2048
0161++ 998F 5601A701FD015802B9021F038B03FE033C087D08C1080909
0162++ 99A7             frq_343: 	
0163++ 99A7             		dw	343,425,511,602,699,801,910,0+2048,61+2048,126+2048,195+2048,267+2048
0163++ 99A7 5701A901FF015A02BB0221038E0300083D087E08C3080B09
0164++ 99BF             frq_345: 	
0165++ 99BF             		dw	345,427,513,604,701,804,913,2+2048,63+2048,127+2048,196+2048,268+2048
0165++ 99BF 5901AB0101025C02BD022403910302083F087F08C4080C09
0166++ 99D7             frq_348: 	
0167++ 99D7             		dw	348,429,516,607,704,806,915,3+2048,64+2048,129+2048,198+2048,271+2048
0167++ 99D7 5C01AD0104025F02C00226039303030840088108C6080F09
0168++ 99EF             frq_350: 	
0169++ 99EF             		dw	350,430,518,609,705,808,917,4+2048,65+2048,130+2048,199+2048,272+2048
0169++ 99EF 5E01AE0106026102C10228039503040841088208C7081009
0170++ 9A07             frq_352: 	
0171++ 9A07             		dw	352,434,521,613,710,813,922,7+2048,68+2048,133+2048,202+2048,275+2048
0171++ 9A07 6001B20109026502C6022D039A03070844088508CA081309
0172++ 9A1F             frq_354: 	
0173++ 9A1F             		dw	354,436,523,615,712,815,925,8+2048,70+2048,135+2048,204+2048,277+2048
0173++ 9A1F 6201B4010B026702C8022F039D03080846088708CC081509
0174++ 9A37             frq_355: 	
0175++ 9A37             		dw	355,437,524,616,713,816,926,9+2048,70+2048,135+2048,204+2048,277+2048
0175++ 9A37 6301B5010C026802C90230039E03090846088708CC081509
0176++ 9A4F             frq_356: 	
0177++ 9A4F             		dw	356,438,525,617,714,818,927,10+2048,71+2048,136+2048,205+2048,278+2048
0177++ 9A4F 6401B6010D026902CA0232039F030A0847088808CD081609
0178++ 9A67             frq_357: 	
0179++ 9A67             		dw	357,439,526,618,716,820,929,11+2048,72+2048,137+2048,206+2048,279+2048
0179++ 9A67 6501B7010E026A02CC023403A1030B0848088908CE081709
0180++ 9A7F             frq_358: 	
0181++ 9A7F             		dw	358,441,528,620,718,821,931,12+2048,73+2048,138+2048,207+2048,281+2048
0181++ 9A7F 6601B90110026C02CE023503A3030C0849088A08CF081909
0182++ 9A97             frq_360: 	
0183++ 9A97             		dw	360,443,530,622,720,824,934,13+2048,75+2048,140+2048,209+2048,283+2048
0183++ 9A97 6801BB0112026E02D0023803A6030D084B088C08D1081B09
0184++ 9AAF             frq_361: 	
0185++ 9AAF             		dw	361,443,531,623,722,825,935,14+2048,76+2048,141+2048,211+2048,284+2048
0185++ 9AAF 6901BB0113026F02D2023903A7030E084C088D08D3081C09
0186++ 9AC7             frq_363: 	
0187++ 9AC7             		dw	363,445,533,625,723,827,937,15+2048,77+2048,142+2048,211+2048,285+2048
0187++ 9AC7 6B01BD0115027102D3023B03A9030F084D088E08D3081D09
0188++ 9ADF             frq_364: 	
0189++ 9ADF             		dw	364,447,534,627,725,829,939,16+2048,78+2048,144+2048,213+2048,286+2048
0189++ 9ADF 6C01BF0116027302D5023D03AB0310084E089008D5081E09
0190++ 9AF7             frq_365: 	
0191++ 9AF7             		dw	365,447,535,627,726,830,940,16+2048,78+2048,144+2048,213+2048,287+2048
0191++ 9AF7 6D01BF0117027302D6023E03AC0310084E089008D5081F09
0192++ 9B0F             frq_366: 	
0193++ 9B0F             		dw	366,449,536,629,727,831,942,17+2048,79+2048,145+2048,214+2048,288+2048
0193++ 9B0F 6E01C10118027502D7023F03AE0311084F089108D6082009
0194++ 9B27             frq_367: 	
0195++ 9B27             		dw	367,450,537,630,729,833,943,18+2048,80+2048,146+2048,216+2048,289+2048
0195++ 9B27 6F01C20119027602D9024103AF03120850089208D8082109
0196++ 9B3F             frq_369: 	
0197++ 9B3F             		dw	369,452,540,633,731,835,946,20+2048,82+2048,147+2048,217+2048,291+2048
0197++ 9B3F 7101C4011C027902DB024303B203140852089308D9082309
0198++ 9B57             frq_370: 	
0199++ 9B57             		dw	370,453,541,634,732,837,947,20+2048,82+2048,148+2048,218+2048,292+2048
0199++ 9B57 7201C5011D027A02DC024503B303140852089408DA082409
0200++ 9B6F             frq_373: 	
0201++ 9B6F             		dw	373,457,545,638,737,841,952,23+2048,85+2048,151+2048,221+2048,295+2048
0201++ 9B6F 7501C90121027E02E1024903B803170855089708DD082709
0202++ 9B87             frq_378: 	
0203++ 9B87             		dw	378,462,550,644,743,848,959,27+2048,89+2048,155+2048,225+2048,300+2048
0203++ 9B87 7A01CE0126028402E7025003BF031B0859089B08E1082C09
0204++ 9B9F             frq_379: 	
0205++ 9B9F             		dw	378,463,551,645,744,849,960,27+2048,90+2048,156+2048,226+2048,300+2048
0205++ 9B9F 7A01CF0127028502E8025103C0031B085A089C08E2082C09
0206++ 9BB7             frq_381: 	
0207++ 9BB7             		dw	381,465,553,647,747,852,963,29+2048,91+2048,158+2048,228+2048,302+2048
0207++ 9BB7 7D01D10129028702EB025403C3031D085B089E08E4082E09
0208++ 9BCF             frq_385: 	
0209++ 9BCF             		dw	385,469,558,652,752,857,969,32+2048,95+2048,161+2048,232+2048,306+2048
0209++ 9BCF 8101D5012E028C02F0025903C90320085F08A108E8083209
0210++ 9BE7             frq_433: 	
0211++ 9BE7             		dw	433,520,612,709,812,921,7+2048,68+2048,133+2048,202+2048,274+2048,352+2048
0211++ 9BE7 B10108026402C5022C039903070844088508CA0812096009
0212++ 9BFF             frq_434: 	
0213++ 9BFF             		dw	434,521,613,710,813,922,7+2048,68+2048,133+2048,202+2048,275+2048,352+2048
0213++ 9BFF B20109026502C6022D039A03070844088508CA0813096009
0214++ 9C17             frq_436: 	
0215++ 9C17             		dw	436,523,615,712,815,925,8+2048,70+2048,135+2048,204+2048,277+2048,354+2048
0215++ 9C17 B4010B026702C8022F039D03080846088708CC0815096209
0216++ 9C2F             frq_442: 	
0217++ 9C2F             		dw	442,529,621,719,823,933,12+2048,74+2048,139+2048,209+2048,282+2048,360+2048
0217++ 9C2F BA0111026D02CF023703A5030C084A088B08D1081A096809
0218++ 9C47             frq_443: 	
0219++ 9C47             		dw	443,530,622,720,824,934,13+2048,75+2048,140+2048,209+2048,283+2048,360+2048
0219++ 9C47 BB0112026E02D0023803A6030D084B088C08D1081B096809
0220++ 9C5F             frq_445: 	
0221++ 9C5F             		dw	445,532,624,723,826,936,14+2048,76+2048,142+2048,211+2048,284+2048,362+2048
0221++ 9C5F BD0114027002D3023A03A8030E084C088E08D3081C096A09
0222++ 9C77             frq_448: 	
0223++ 9C77             		dw	448,535,628,726,830,941,17+2048,79+2048,144+2048,214+2048,287+2048,365+2048
0223++ 9C77 C00117027402D6023E03AD0311084F089008D6081F096D09
0224++ 9C8F             frq_450: 	
0225++ 9C8F             		dw	450,538,631,730,834,944,19+2048,81+2048,146+2048,216+2048,290+2048,368+2048
0225++ 9C8F C2011A027702DA024203B003130851089208D80822097009
0226++ 9CA7             frq_455: 	
0227++ 9CA7             		dw	455,543,637,735,840,951,22+2048,84+2048,150+2048,220+2048,294+2048,372+2048
0227++ 9CA7 C7011F027D02DF024803B703160854089608DC0826097409
0228++ 9CBF             frq_459: 	
0229++ 9CBF             		dw	459,547,640,739,844,955,24+2048,87+2048,153+2048,223+2048,297+2048,375+2048
0229++ 9CBF CB0123028002E3024C03BB03180857089908DF0829097709
0230++ 9CD7             frq_460: 	
0231++ 9CD7             		dw	460,548,641,740,845,957,25+2048,88+2048,154+2048,224+2048,298+2048,376+2048
0231++ 9CD7 CC0124028102E4024D03BD03190858089A08E0082A097809
0232++ 9CEF             frq_461: 	
0233++ 9CEF             		dw	461,549,642,741,846,958,26+2048,88+2048,154+2048,224+2048,299+2048,377+2048
0233++ 9CEF CD0125028202E5024E03BE031A0858089A08E0082B097909
0234++ 9D07             frq_462: 	
0235++ 9D07             		dw	462,550,644,743,848,959,27+2048,89+2048,155+2048,225+2048,300+2048,378+2048
0235++ 9D07 CE0126028402E7025003BF031B0859089B08E1082C097A09
0236++ 9D1F             frq_480: 	
0237++ 9D1F             		dw	480,569,664,764,870,983,39+2048,102+2048,169+2048,240+2048,316+2048,395+2048
0237++ 9D1F E00139029802FC026603D70327086608A908F0083C098B09
0238++ 9D37             frq_507: 	
0239++ 9D37             		dw	507,598,694,796,905,1019,58+2048,123+2048,191+2048,263+2048,340+2048,421+2048
0239++ 9D37 FB015602B6021C038903FB033A087B08BF0807095409A509
0240++ 9D4F             frq_508: 	
0241++ 9D4F             		dw	508,599,695,797,905,1019,58+2048,123+2048,191+2048,264+2048,341+2048,422+2048
0241++ 9D4F FC015702B7021D038903FB033A087B08BF0808095509A609
0242++ 9D67             frq_519: 	
0243++ 9D67             		dw	519,611,708,811,920,6+2048,67+2048,132+2048,201+2048,274+2048,351+2048,433+2048
0243++ 9D67 07026302C4022B039803060843088408C90812095F09B109
0244++ 9D7F             frq_531: 	
0245++ 9D7F             		dw	531,623,721,825,935,14+2048,76+2048,141+2048,210+2048,284+2048,362+2048,444+2048
0245++ 9D7F 13026F02D1023903A7030E084C088D08D2081C096A09BC09
0246++ 9D97             frq_532: 	
0247++ 9D97             		dw	532,624,722,826,936,14+2048,76+2048,141+2048,211+2048,284+2048,362+2048,445+2048
0247++ 9D97 14027002D2023A03A8030E084C088D08D3081C096A09BD09
0248++ 9DAF             frq_538: 	
0249++ 9DAF             		dw	538,631,730,834,944,19+2048,81+2048,146+2048,216+2048,290+2048,368+2048,451+2048
0249++ 9DAF 1A027702DA024203B003130851089208D80822097009C309
0250++ 9DC7             frq_545: 	
0251++ 9DC7             		dw	545,639,737,842,953,23+2048,86+2048,152+2048,221+2048,296+2048,374+2048,457+2048
0251++ 9DC7 21027F02E1024A03B903170856089808DD0828097609C909
0252++ 9DDF             frq_548: 	
0253++ 9DDF             		dw	548,642,741,846,957,25+2048,88+2048,154+2048,224+2048,298+2048,377+2048,460+2048
0253++ 9DDF 24028202E5024E03BD03190858089A08E0082A097909CC09
0254++ 9DF7             frq_550: 	
0255++ 9DF7             		dw	550,643,742,848,959,26+2048,89+2048,155+2048,225+2048,299+2048,378+2048,461+2048
0255++ 9DF7 26028302E6025003BF031A0859089B08E1082B097A09CD09
0256++ 9E0F             frq_552: 	
0257++ 9E0F             		dw	552,645,745,850,961,28+2048,90+2048,156+2048,227+2048,301+2048,380+2048,463+2048
0257++ 9E0F 28028502E9025203C1031C085A089C08E3082D097C09CF09
0258++ 9E27             frq_555: 	
0259++ 9E27             		dw	555,648,748,853,965,30+2048,92+2048,159+2048,229+2048,304+2048,383+2048,467+2048
0259++ 9E27 2B028802EC025503C5031E085C089F08E50830097F09D309
0260++ 9E3F             frq_556: 	
0261++ 9E3F             		dw	556,650,749,855,967,30+2048,93+2048,160+2048,231+2048,305+2048,384+2048,467+2048
0261++ 9E3F 2C028A02ED025703C7031E085D08A008E70831098009D309
0262++ 9E57             frq_557: 	
0263++ 9E57             		dw	557,651,750,856,967,31+2048,94+2048,160+2048,231+2048,305+2048,384+2048,468+2048
0263++ 9E57 2D028B02EE025803C7031F085E08A008E70831098009D409
0264++ 9E6F             frq_558: 	
0265++ 9E6F             		dw	558,652,752,857,969,32+2048,95+2048,161+2048,232+2048,306+2048,385+2048,469+2048
0265++ 9E6F 2E028C02F0025903C90320085F08A108E80832098109D509
0266++ 9E87             frq_559: 	
0267++ 9E87             		dw	559,653,753,858,970,32+2048,95+2048,162+2048,232+2048,307+2048,386+2048,470+2048
0267++ 9E87 2F028D02F1025A03CA0320085F08A208E80833098209D609
0268++ 9E9F             frq_560: 	
0269++ 9E9F             		dw	560,654,753,859,971,33+2048,96+2048,162+2048,233+2048,308+2048,387+2048,471+2048
0269++ 9E9F 30028E02F1025B03CB0321086008A208E90834098309D709
0270++ 9EB7             frq_579: 	
0271++ 9EB7             		dw	579,674,775,882,996,46+2048,110+2048,177+2048,248+2048,324+2048,404+2048,489+2048
0271++ 9EB7 4302A20207037203E4032E086E08B108F80844099409E909
0272++ 9ECF             frq_616: 	
0273++ 9ECF             		dw	616,713,816,926,9+2048,70+2048,135+2048,204+2048,277+2048,355+2048,437+2048,524+2048
0273++ 9ECF 6802C90230039E03090846088708CC0815096309B5090C0A
0274++ 9EE7             frq_627: 	
0275++ 9EE7             		dw	627,725,829,939,16+2048,78+2048,143+2048,213+2048,286+2048,364+2048,447+2048,534+2048
0275++ 9EE7 7302D5023D03AB0310084E088F08D5081E096C09BF09160A
0276++ 9EFF             frq_630: 	
0277++ 9EFF             		dw	630,729,833,943,18+2048,80+2048,146+2048,215+2048,289+2048,367+2048,450+2048,538+2048
0277++ 9EFF 7602D9024103AF03120850089208D70821096F09C2091A0A
0278++ 9F17             frq_639: 	
0279++ 9F17             		dw	639,738,843,954,24+2048,86+2048,152+2048,222+2048,296+2048,375+2048,458+2048,546+2048
0279++ 9F17 7F02E2024B03BA03180856089808DE0828097709CA09220A
0280++ 9F2F             frq_641: 	
0281++ 9F2F             		dw	641,740,845,957,25+2048,88+2048,154+2048,224+2048,298+2048,376+2048,460+2048,548+2048
0281++ 9F2F 8102E4024D03BD03190858089A08E0082A097809CC09240A
0282++ 9F47             frq_645: 	
0283++ 9F47             		dw	645,744,849,960,27+2048,90+2048,156+2048,226+2048,300+2048,380+2048,463+2048,552+2048
0283++ 9F47 8502E8025103C0031B085A089C08E2082C097C09CF09280A
0284++ 9F5F             frq_650: 	
0285++ 9F5F             		dw	650,749,855,967,30+2048,93+2048,160+2048,230+2048,305+2048,384+2048,467+2048,556+2048
0285++ 9F5F 8A02ED025703C7031E085D08A008E60831098009D3092C0A
0286++ 9F77             frq_653: 	
0287++ 9F77             		dw	653,753,858,970,32+2048,95+2048,162+2048,232+2048,307+2048,386+2048,470+2048,559+2048
0287++ 9F77 8D02F1025A03CA0320085F08A208E80833098209D6092F0A
0288++ 9F8F             frq_654: 	
0289++ 9F8F             		dw	654,754,859,971,33+2048,96+2048,163+2048,233+2048,308+2048,387+2048,471+2048,560+2048
0289++ 9F8F 8E02F2025B03CB0321086008A308E90834098309D709300A
0290++ 9FA7             frq_677: 	
0291++ 9FA7             		dw	677,778,886,999,48+2048,112+2048,179+2048,251+2048,326+2048,407+2048,492+2048,582+2048
0291++ 9FA7 A5020A037603E70330087008B308FB0846099709EC09460A
0292++ 9FBF             frq_679: 	
0293++ 9FBF             		dw	679,781,888,1002,49+2048,113+2048,180+2048,252+2048,328+2048,408+2048,494+2048,584+2048
0293++ 9FBF A7020D037803EA0331087108B408FC0848099809EE09480A
0294++ 9FD7             frq_698: 	
0295++ 9FD7             		dw	698,801,909,0+2048,61+2048,125+2048,194+2048,266+2048,343+2048,424+2048,510+2048,601+2048
0295++ 9FD7 BA0221038D0300083D087D08C2080A095709A809FE09590A
0296++ 9FEF             frq_701: 	
0297++ 9FEF             		dw	701,805,913,2+2048,63+2048,127+2048,196+2048,268+2048,345+2048,427+2048,513+2048,604+2048
0297++ 9FEF BD022503910302083F087F08C4080C095909AB09010A5C0A
0298++ A007             frq_704: 	
0299++ A007             		dw	704,807,916,4+2048,65+2048,130+2048,198+2048,271+2048,348+2048,429+2048,516+2048,607+2048
0299++ A007 C00227039403040841088208C6080F095C09AD09040A5F0A
0300++ A01F             frq_708: 	
0301++ A01F             		dw	708,810,920,6+2048,67+2048,132+2048,200+2048,273+2048,350+2048,432+2048,519+2048,610+2048
0301++ A01F C4022A039803060843088408C80811095E09B009070A620A
0302++ A037             frq_715: 	
0303++ A037             		dw	715,819,928,10+2048,72+2048,137+2048,206+2048,279+2048,356+2048,438+2048,525+2048,618+2048
0303++ A037 CB023303A0030A0848088908CE0817096409B6090D0A6A0A
0304++ A04F             frq_721: 	
0305++ A04F             		dw	721,825,935,13+2048,75+2048,141+2048,210+2048,283+2048,361+2048,443+2048,530+2048,623+2048
0305++ A04F D1023903A7030D084B088D08D2081B096909BB09120A6F0A
0306++ A067             frq_726: 	
0307++ A067             		dw	726,830,941,17+2048,79+2048,144+2048,214+2048,287+2048,365+2048,448+2048,535+2048,628+2048
0307++ A067 D6023E03AD0311084F089008D6081F096D09C009170A740A
0308++ A07F             frq_727: 	
0309++ A07F             		dw	727,831,942,18+2048,80+2048,145+2048,215+2048,288+2048,367+2048,449+2048,536+2048,629+2048
0309++ A07F D7023F03AE03120850089108D70820096F09C109180A750A
0310++ A097             frq_733: 	
0311++ A097             		dw	733,838,949,21+2048,83+2048,149+2048,219+2048,293+2048,371+2048,454+2048,542+2048,635+2048
0311++ A097 DD024603B503150853089508DB0825097309C6091E0A7B0A
0312++ A0AF             frq_737: 	
0313++ A0AF             		dw	737,842,953,23+2048,86+2048,152+2048,221+2048,296+2048,374+2048,457+2048,545+2048,639+2048
0313++ A0AF E1024A03B903170856089808DD0828097609C909210A7F0A
0314++ A0C7             frq_750: 	
0315++ A0C7             		dw	750,855,967,31+2048,93+2048,160+2048,230+2048,305+2048,384+2048,467+2048,556+2048,650+2048
0315++ A0C7 EE025703C7031F085D08A008E60831098009D3092C0A8A0A
0316++ A0DF             frq_775: 	
0317++ A0DF             		dw	775,882,996,46+2048,110+2048,177+2048,248+2048,324+2048,404+2048,489+2048,579+2048,674+2048
0317++ A0DF 07037203E4032E086E08B108F80844099409E909430AA20A
0318++ A0F7             frq_809: 	
0319++ A0F7             		dw	809,918,5+2048,66+2048,131+2048,199+2048,272+2048,349+2048,431+2048,517+2048,609+2048,706+2048
0319++ A0F7 29039603050842088308C70810095D09AF09050A610AC20A
0320++ A10F             frq_810: 	
0321++ A10F             		dw	810,919,5+2048,66+2048,131+2048,200+2048,273+2048,350+2048,431+2048,518+2048,610+2048,707+2048
0321++ A10F 2A039703050842088308C80811095E09AF09060A620AC30A
0322++ A127             frq_811: 	
0323++ A127             		dw	811,920,6+2048,67+2048,132+2048,201+2048,274+2048,351+2048,433+2048,519+2048,611+2048,708+2048
0323++ A127 2B039803060843088408C90812095F09B109070A630AC40A
0324++ A13F             frq_815: 	
0325++ A13F             		dw	815,925,8+2048,70+2048,135+2048,204+2048,277+2048,354+2048,436+2048,523+2048,615+2048,712+2048
0325++ A13F 2F039D03080846088708CC0815096209B4090B0A670AC80A
0326++ A157             frq_820: 	
0327++ A157             		dw	820,929,11+2048,72+2048,137+2048,206+2048,280+2048,357+2048,439+2048,526+2048,618+2048,716+2048
0327++ A157 3403A1030B0848088908CE0818096509B7090E0A6A0ACC0A
0328++ A16F             frq_822: 	
0329++ A16F             		dw	822,932,12+2048,73+2048,139+2048,208+2048,281+2048,359+2048,441+2048,528+2048,620+2048,718+2048
0329++ A16F 3603A4030C0849088B08D00819096709B909100A6C0ACE0A
0330++ A187             frq_823: 	
0331++ A187             		dw	823,933,13+2048,74+2048,139+2048,209+2048,282+2048,360+2048,442+2048,529+2048,621+2048,719+2048
0331++ A187 3703A5030D084A088B08D1081A096809BA09110A6D0ACF0A
0332++ A19F             frq_824: 	
0333++ A19F             		dw	824,934,13+2048,75+2048,140+2048,209+2048,283+2048,360+2048,443+2048,530+2048,622+2048,720+2048
0333++ A19F 3803A6030D084B088C08D1081B096809BB09120A6E0AD00A
0334++ A1B7             frq_828: 	
0335++ A1B7             		dw	828,938,15+2048,77+2048,143+2048,212+2048,286+2048,363+2048,446+2048,533+2048,626+2048,724+2048
0335++ A1B7 3C03AA030F084D088F08D4081E096B09BE09150A720AD40A
0336++ A1CF             frq_831: 	
0337++ A1CF             		dw	831,942,17+2048,79+2048,145+2048,214+2048,288+2048,366+2048,449+2048,536+2048,629+2048,727+2048
0337++ A1CF 3F03AE0311084F089108D60820096E09C109180A750AD70A
0338++ A1E7             frq_832: 	
0339++ A1E7             		dw	832,942,18+2048,80+2048,145+2048,215+2048,288+2048,367+2048,449+2048,537+2048,630+2048,728+2048
0339++ A1E7 4003AE03120850089108D70820096F09C109190A760AD80A
0340++ A1FF             frq_833: 	
0341++ A1FF             		dw	833,943,18+2048,80+2048,146+2048,215+2048,289+2048,367+2048,450+2048,538+2048,630+2048,729+2048
0341++ A1FF 4103AF03120850089208D70821096F09C2091A0A760AD90A
0342++ A217             frq_835: 	
0343++ A217             		dw	835,946,20+2048,82+2048,147+2048,217+2048,291+2048,369+2048,452+2048,540+2048,633+2048,731+2048
0343++ A217 4303B203140852089308D90823097109C4091C0A790ADB0A
0344++ A22F             frq_842: 	
0345++ A22F             		dw	842,953,23+2048,86+2048,152+2048,222+2048,296+2048,374+2048,457+2048,545+2048,639+2048,737+2048
0345++ A22F 4A03B903170856089808DE0828097609C909210A7F0AE10A
0346++ A247             frq_843: 	
0347++ A247             		dw	843,954,24+2048,86+2048,152+2048,222+2048,296+2048,375+2048,458+2048,546+2048,639+2048,738+2048
0347++ A247 4B03BA03180856089808DE0828097709CA09220A7F0AE20A
0348++ A25F             frq_844: 	
0349++ A25F             		dw	844,955,24+2048,87+2048,153+2048,223+2048,297+2048,375+2048,459+2048,547+2048,640+2048,739+2048
0349++ A25F 4C03BB03180857089908DF0829097709CB09230A800AE30A
0350++ A277             frq_847: 	
0351++ A277             		dw	847,959,26+2048,89+2048,155+2048,225+2048,299+2048,378+2048,461+2048,550+2048,643+2048,742+2048
0351++ A277 4F03BF031A0859089B08E1082B097A09CD09260A830AE60A
0352++ A28F             frq_852: 	
0353++ A28F             		dw	852,964,29+2048,92+2048,158+2048,228+2048,303+2048,382+2048,465+2048,554+2048,648+2048,747+2048
0353++ A28F 5403C4031D085C089E08E4082F097E09D1092A0A880AEB0A
0354++ A2A7             frq_874: 	
0355++ A2A7             		dw	874,986,41+2048,104+2048,171+2048,243+2048,318+2048,398+2048,482+2048,572+2048,667+2048,767+2048
0355++ A2A7 6A03DA0329086808AB08F3083E098E09E2093C0A9B0AFF0A
0356++ A2BF             frq_908: 	
0357++ A2BF             		dw	908,1023,60+2048,125+2048,193+2048,265+2048,342+2048,423+2048,509+2048,601+2048,697+2048,800+2048
0357++ A2BF 8C03FF033C087D08C10809095609A709FD09590AB90A200B
0358++ A2D7             frq_909: 	
0359++ A2D7             		dw	909,0+2048,61+1025,125+2048,194+2048,266+2048,343+2048,424+2048,510+2048,601+2048,698+2048,801+2048
0359++ A2D7 8D0300083E047D08C2080A095709A809FE09590ABA0A210B
0360++ A2EF             frq_916: 	
0361++ A2EF             		dw	916,4+2048,65+2048,130+2048,198+2048,271+2048,347+2048,429+2048,515+2048,607+2048,704+2048,807+2048
0361++ A2EF 9403040841088208C6080F095B09AD09030A5F0AC00A270B
0362++ A307             frq_918: 	
0363++ A307             		dw	918,5+2048,66+2048,131+2048,199+2048,272+2048,349+2048,431+2048,517+2048,609+2048,706+2048,809+2048
0363++ A307 9603050842088308C70810095D09AF09050A610AC20A290B
0364++ A31F             frq_920: 	
0365++ A31F             		dw	920,6+2048,67+2048,132+2048,201+2048,274+2048,351+2048,433+2048,519+2048,611+2048,708+2048,811+2048
0365++ A31F 9803060843088408C90812095F09B109070A630AC40A2B0B
0366++ A337             frq_921: 	
0367++ A337             		dw	921,7+2048,68+2048,133+2048,202+2048,274+2048,352+2048,433+2048,520+2048,612+2048,709+2048,812+2048
0367++ A337 9903070844088508CA0812096009B109080A640AC50A2C0B
0368++ A34F             frq_925: 	
0369++ A34F             		dw	925,8+2048,70+2048,135+2048,204+2048,277+2048,354+2048,436+2048,523+2048,615+2048,712+2048,815+2048
0369++ A34F 9D03080846088708CC0815096209B4090B0A670AC80A2F0B
0370++ A367             frq_926: 	
0371++ A367             		dw	926,9+2048,70+2048,135+2048,204+2048,277+2048,355+2048,437+2048,523+2048,615+2048,713+2048,816+2048
0371++ A367 9E03090846088708CC0815096309B5090B0A670AC90A300B
0372++ A37F             frq_927: 	
0373++ A37F             		dw	927,10+2048,71+2048,136+2048,205+2048,278+2048,356+2048,438+2048,525+2048,617+2048,715+2048,818+2048
0373++ A37F 9F030A0847088808CD0816096409B6090D0A690ACB0A320B
0374++ A397             frq_929: 	
0375++ A397             		dw	929,11+2048,72+2048,137+2048,206+2048,280+2048,357+2048,439+2048,526+2048,618+2048,716+2048,820+2048
0375++ A397 A1030B0848088908CE0818096509B7090E0A6A0ACC0A340B
0376++ A3AF             frq_931: 	
0377++ A3AF             		dw	931,12+2048,73+2048,138+2048,208+2048,281+2048,358+2048,441+2048,528+2048,620+2048,718+2048,821+2048
0377++ A3AF A3030C0849088A08D00819096609B909100A6C0ACE0A350B
0378++ A3C7             frq_935: 	
0379++ A3C7             		dw	935,13+2048,75+2048,141+2048,210+2048,283+2048,361+2048,443+2048,530+2048,623+2048,721+2048,825+2048
0379++ A3C7 A7030D084B088D08D2081B096909BB09120A6F0AD10A390B
0380++ A3DF             frq_936: 	
0381++ A3DF             		dw	936,14+2048,76+2048,142+2048,211+2048,284+2048,362+2048,444+2048,532+2048,624+2048,722+2048,826+2048
0381++ A3DF A8030E084C088E08D3081C096A09BC09140A700AD20A3A0B
0382++ A3F7             frq_937: 	
0383++ A3F7             		dw	937,15+2048,77+2048,142+2048,211+2048,285+2048,363+2048,445+2048,533+2048,625+2048,723+2048,827+2048
0383++ A3F7 A9030F084D088E08D3081D096B09BD09150A710AD30A3B0B
0384++ A40F             frq_939: 	
0385++ A40F             		dw	939,16+2048,78+2048,143+2048,213+2048,286+2048,364+2048,447+2048,534+2048,627+2048,725+2048,829+2048
0385++ A40F AB0310084E088F08D5081E096C09BF09160A730AD50A3D0B
0386++ A427             frq_941: 	
0387++ A427             		dw	941,17+2048,79+2048,144+2048,214+2048,287+2048,265+2048,448+2048,535+2048,628+2048,726+2048,830+2048
0387++ A427 AD0311084F089008D6081F090909C009170A740AD60A3E0B
0388++ A43F             frq_942: 	
0389++ A43F             		dw	942,18+2048,80+2048,145+2048,215+2048,288+2048,367+2048,449+2048,537+2048,630+2048,728+2048,832+2048
0389++ A43F AE03120850089108D70820096F09C109190A760AD80A400B
0390++ A457             frq_944: 	
0391++ A457             		dw	944,19+2048,80+2048,146+2048,216+2048,289+2048,368+2048,450+2048,538+2048,631+2048,729+2048,834+2048
0391++ A457 B003130850089208D80821097009C2091A0A770AD90A420B
0392++ A46F             frq_949: 	
0393++ A46F             		dw	949,21+2048,83+2048,149+2048,218+2048,292+2048,371+2048,454+2048,542+2048,635+2048,733+2048,838+2048
0393++ A46F B503150853089508DA0824097309C6091E0A7B0ADD0A460B
0394++ A487             frq_950: 	
0395++ A487             		dw	950,22+2048,84+2048,150+2048,219+2048,293+2048,372+2048,455+2048,543+2048,636+2048,734+2048,839+2048
0395++ A487 B603160854089608DB0825097409C7091F0A7C0ADE0A470B
0396++ A49F             frq_951: 	
0397++ A49F             		dw	951,22+2048,85+2048,151+2048,220+2048,294+2048,372+2048,456+2048,543+2048,637+2048,736+2048,841+2048
0397++ A49F B703160855089708DC0826097409C8091F0A7D0AE00A490B
0398++ A4B7             frq_952: 	
0399++ A4B7             		dw	952,23+2048,85+2048,151+2048,221+2048,295+2048,373+2048,456+2048,544+2048,638+2048,736+2048,841+2048
0399++ A4B7 B803170855089708DD0827097509C809200A7E0AE00A490B
0400++ A4CF             frq_953: 	
0401++ A4CF             		dw	953,23+2048,86+2048,152+2048,221+2048,296+2048,374+2048,457+2048,545+2048,639+2048,737+2048,842+2048
0401++ A4CF B903170856089808DD0828097609C909210A7F0AE10A4A0B
0402++ A4E7             frq_964: 	
0403++ A4E7             		dw	964,29+2048,92+2048,158+2048,228+2048,303+2048,382+2048,466+2048,554+2048,648+2048,747+2048,852+2048
0403++ A4E7 C4031D085C089E08E4082F097E09D2092A0A880AEB0A540B
0404++ A4FF             frq_966: 	
0405++ A4FF             		dw	966,30+2048,93+2048,159+2048,229+2048,304+2048,383+2048,467+2048,555+2048,649+2048,749+2048,854+2048
0405++ A4FF C6031E085D089F08E50830097F09D3092B0A890AED0A560B
0406++ A517             frq_969: 	
0407++ A517             		dw	969,32+2048,95+2048,161+2048,232+2048,306+2048,385+2048,469+2048,558+2048,652+2048,752+2048,857+2048
0407++ A517 C90320085F08A108E80832098109D5092E0A8C0AF00A590B
0408++ A52F             frq_974: 	
0409++ A52F             		dw	974,34+2048,97+2048,164+2048,235+2048,310+2048,389+2048,473+2048,562+2048,656+2048,756+2048,862+2048
0409++ A52F CE0322086108A408EB0836098509D909320A900AF40A5E0B
0410++ A547             frq_977: 	
0411++ A547             		dw	977,36+2048,99+2048,166+2048,237+2048,312+2048,391+2048,475+2048,564+2048,659+2048,759+2048,865+2048
0411++ A547 D10324086308A608ED0838098709DB09340A930AF70A610B
0412++ A55F             frq_978: 	
0413++ A55F             		dw	978,37+2048,100+2048,167+2048,238+2048,313+2048,392+2048,476+2048,565+2048,660+2048,760+2048,866+2048
0413++ A55F D20325086408A708EE0839098809DC09350A940AF80A620B
0414++ A577             frq_1018: 	
0415++ A577             		dw	1018,58+2048,122+2048,190+2048,263+2048,339+2048,420+2048,506+2048,597+2048,693+2048,796+2048,904+2048
0415++ A577 FA033A087A08BE0807095309A409FA09550AB50A1C0B880B
0416++ A58F             
0417++ A58F             
3217+  A58F                             .include "freq_table_0.inc"
0001++ A58F             ;-------------------------------------------------------------------
0002++ A58F             ; описание:  Таблица делителей
0003++ A58F             ;---------------------------------------------------------------------
0004++ A58F             tabdiv12: 
0005++ A58F             		db	-5*16,0,-5*16,2*1,-5*16,2*2,-5*16,2*3,-5*16,2*4,-5*16,2*5
0005++ A58F B000B002B004B006B008B00A
0006++ A59B             		db	-5*16,2*6,-5*16,2*7,-5*16,2*8,-5*16,2*9,-5*16,2*10,-5*16,2*11
0006++ A59B B00CB00EB010B012B014B016
0007++ A5A7             		db	-4*16,0,-4*16,2*1,-4*16,2*2,-4*16,2*3,-4*16,2*4,-4*16,2*5
0007++ A5A7 C000C002C004C006C008C00A
0008++ A5B3             		db	-4*16,2*6,-4*16,2*7,-4*16,2*8,-4*16,2*9,-4*16,2*10,-4*16,2*11
0008++ A5B3 C00CC00EC010C012C014C016
0009++ A5BF             		db	-3*16,0,-3*16,2*1,-3*16,2*2,-3*16,2*3,-3*16,2*4,-3*16,2*5
0009++ A5BF D000D002D004D006D008D00A
0010++ A5CB             		db	-3*16,2*6,-3*16,2*7,-3*16,2*8,-3*16,2*9,-3*16,2*10,-3*16,2*11
0010++ A5CB D00CD00ED010D012D014D016
0011++ A5D7             		db	-2*16,0,-2*16,2*1,-2*16,2*2,-2*16,2*3,-2*16,2*4,-2*16,2*5
0011++ A5D7 E000E002E004E006E008E00A
0012++ A5E3             		db	-2*16,2*6,-2*16,2*7,-2*16,2*8,-2*16,2*9,-2*16,2*10,-2*16,2*11
0012++ A5E3 E00CE00EE010E012E014E016
0013++ A5EF             		db	-1*16,0,-1*16,2*1,-1*16,2*2,-1*16,2*3,-1*16,2*4,-1*16,2*5
0013++ A5EF F000F002F004F006F008F00A
0014++ A5FB             		db	-1*16,2*6,-1*16,2*7,-1*16,2*8,-1*16,2*9,-1*16,2*10,-1*16,2*11
0014++ A5FB F00CF00EF010F012F014F016
0015++ A607             		db	0*16,0,0*16,2*1,0*16,2*2,0*16,2*3,0*16,2*4,0*16,2*5
0015++ A607 00000002000400060008000A
0016++ A613             		db	0*16,2*6,0*16,2*7,0*16,2*8,0*16,2*9,0*16,2*10,0*16,2*11
0016++ A613 000C000E0010001200140016
0017++ A61F             		db	1*16,0,1*16,2*1,1*16,2*2,1*16,2*3,1*16,2*4,1*16,2*5
0017++ A61F 10001002100410061008100A
0018++ A62B             		db	1*16,2*6,1*16,2*7,1*16,2*8,1*16,2*9,1*16,2*10,1*16,2*11
0018++ A62B 100C100E1010101210141016
0019++ A637             		db	2*16,0,2*16,2*1,2*16,2*2,2*16,2*3,2*16,2*4,2*16,2*5
0019++ A637 20002002200420062008200A
0020++ A643             		db	2*16,2*6,2*16,2*7,2*16,2*8,2*16,2*9,2*16,2*10,2*16,2*11
0020++ A643 200C200E2010201220142016
0021++ A64F             		db	3*16,0,3*16,2*1,3*16,2*2,3*16,2*3,3*16,2*4,3*16,2*5
0021++ A64F 30003002300430063008300A
0022++ A65B             		db	3*16,2*6,3*16,2*7,3*16,2*8,3*16,2*9,3*16,2*10,3*16,2*11
0022++ A65B 300C300E3010301230143016
0023++ A667             		db	4*16,0,4*16,2*1,4*16,2*2,4*16,2*3,4*16,2*4,4*16,2*5
0023++ A667 40004002400440064008400A
0024++ A673             		db	4*16,2*6,4*16,2*7,4*16,2*8,4*16,2*9,4*16,2*10,4*16,2*11
0024++ A673 400C400E4010401240144016
0025++ A67F             		db	5*16,0,5*16,2*1,5*16,2*2,5*16,2*3,5*16,2*4,5*16,2*5
0025++ A67F 50005002500450065008500A
0026++ A68B             		db	5*16,2*6,5*16,2*7,5*16,2*8,5*16,2*9,5*16,2*10,5*16,2*11
0026++ A68B 500C500E5010501250145016
0027++ A697             		db	6*16,0,6*16,2*1,6*16,2*2,6*16,2*3,6*16,2*4,6*16,2*5
0027++ A697 60006002600460066008600A
0028++ A6A3             		db	6*16,2*6,6*16,2*7,6*16,2*8,6*16,2*9,6*16,2*10,6*16,2*11
0028++ A6A3 600C600E6010601260146016
0029++ A6AF             		db	7*16,0,7*16,2*1,7*16,2*2,7*16,2*3,7*16,2*4,7*16,2*5
0029++ A6AF 70007002700470067008700A
0030++ A6BB             		db	7*16,2*6,7*16,2*7,7*16,2*8,7*16,2*9,7*16,2*10,7*16,2*11
0030++ A6BB 700C700E7010701270147016
0031++ A6C7             		db	8*16,0,8*16,2*1,8*16,2*2,8*16,2*3,8*16,2*4,8*16,2*5
0031++ A6C7 80008002800480068008800A
0032++ A6D3             		db	8*16,2*6,8*16,2*7,8*16,2*8,8*16,2*9,8*16,2*10,8*16,2*11
0032++ A6D3 800C800E8010801280148016
0033++ A6DF             		db	9*16,0,9*16,2*1,9*16,2*2,9*16,2*3,9*16,2*4,9*16,2*5
0033++ A6DF 90009002900490069008900A
0034++ A6EB             		db	9*16,2*6,9*16,2*7,9*16,2*8,9*16,2*9,9*16,2*10,9*16,2*11
0034++ A6EB 900C900E9010901290149016
0035++ A6F7             		db	10*16,0,10*16,2*1,10*16,2*2,10*16,2*3,10*16,2*4,10*16,2*5
0035++ A6F7 A000A002A004A006A008A00A
0036++ A703             		db	10*16,2*6,10*16,2*7,10*16,2*8,10*16,2*9,10*16,2*10,10*16,2*11
0036++ A703 A00CA00EA010A012A014A016
0037++ A70F             
0038++ A70F             
3218+  A70F                    		.include "patch_table.inc"
0001++ A70F             ;-------------------------------------------------------------------
0002++ A70F             ; описание:  Patch table
0003++ A70F             ;---------------------------------------------------------------------
0004++ A70F             MBPlayer_patch_table: 	
0005++ A70F 6F A8       		dw	patch_0
0006++ A711 A6 A8       		dw	patch_1
0007++ A713 DB A8 14 A9 		dw	patch_2A, patch_2B
0008++ A717 6F A8       		dw	patch_0
0009++ A719 1E A9       		dw	patch_3B
0010++ A71B 53 A9       		dw	patch_4
0011++ A71D 5F A9 96 A9 		dw	patch_5A, patch_5B
0012++ A721 CB A9       		dw	patch_6
0013++ A723 E7 A9       		dw	patch_7
0014++ A725 F8 A9       		dw	patch_8
0015++ A727 04 AA       		dw	patch_9
0016++ A729 0C AA 18 AA 		dw	patch_10A, patch_10B
0017++ A72D 24 AA       		dw	patch_11
0018++ A72F 2C AA       		dw	patch_12
0019++ A731 3B AA       		dw	patch_13
0020++ A733 43 AA       		dw	patch_14
0021++ A735 4F AA 59 AA 		dw	patch_15A, patch_15B
0022++ A739 63 AA       		dw	patch_16
0023++ A73B 6D AA       		dw	patch_17
0024++ A73D 7C AA       		dw	patch_18
0025++ A73F 9A AA       		dw	patch_19
0026++ A741 B8 AA       		dw	patch_20
0027++ A743 C9 AA DA AA 		dw	patch_21A, patch_21B
0028++ A747 E4 AA       		dw	patch_22
0029++ A749 F0 AA FF AA 		dw	patch_23A, patch_23B
0030++ A74D 0D AB       		dw	patch_24
0031++ A74F 2D AB       		dw	patch_25
0032++ A751 4C AB       		dw	patch_26
0033++ A753 5E AB       		dw	patch_27
0034++ A755 8B AB       		dw	patch_28
0035++ A757 93 AB       		dw	patch_29
0036++ A759 A0 AB       		dw	patch_30
0037++ A75B D2 AB       		dw	patch_31
0038++ A75D E4 AB       		dw	patch_32
0039++ A75F F3 AB       		dw	patch_33
0040++ A761 0A AC       		dw	patch_34
0041++ A763 26 AC       		dw	patch_35
0042++ A765 36 AC       		dw	patch_36
0043++ A767 40 AC       		dw	patch_37
0044++ A769 4C AC       		dw	patch_38
0045++ A76B 56 AC       		dw	patch_39
0046++ A76D 5E AC       		dw	patch_40
0047++ A76F 95 AC       		dw	patch_41
0048++ A771 D8 AC       		dw	patch_42
0049++ A773 F8 AC       		dw	patch_43
0050++ A775 09 AD       		dw	patch_44
0051++ A777 29 AD       		dw	patch_45
0052++ A779 45 AD       		dw	patch_46
0053++ A77B 56 AD       		dw	patch_47
0054++ A77D 5E AD       		dw	patch_48
0055++ A77F 7A AD       		dw	patch_49
0056++ A781 98 AD A8 AD 		dw	patch_50A, patch_50B
0057++ A785 B6 AD C6 AD 		dw	patch_51A, patch_51B
0058++ A789 CE AD       		dw	patch_52
0059++ A78B E7 AD       		dw	patch_53
0060++ A78D F7 AD       		dw	patch_54
0061++ A78F 07 AE       		dw	patch_55
0062++ A791 11 AE       		dw	patch_56
0063++ A793 34 AE       		dw	patch_57
0064++ A795 48 AE       		dw	patch_58
0065++ A797 55 AE       		dw	patch_59
0066++ A799 66 AE       		dw	patch_60
0067++ A79B 75 AE       		dw	patch_61
0068++ A79D 82 AE C3 AE 		dw	patch_62A, patch_62B
0069++ A7A1 08 AF 49 AF 		dw	patch_63A, patch_63B
0070++ A7A5 53 AF       		dw	patch_64
0071++ A7A7 74 AF       		dw	patch_65
0072++ A7A9 BC AF       		dw	patch_66
0073++ A7AB E2 AF       		dw	patch_67
0074++ A7AD F9 AF       		dw	patch_68
0075++ A7AF 1C B0       		dw	patch_69
0076++ A7B1 30 B0       		dw	patch_70
0077++ A7B3 42 B0       		dw	patch_71
0078++ A7B5 5B B0       		dw	patch_72
0079++ A7B7 7B B0       		dw	patch_73
0080++ A7B9 8D B0       		dw	patch_74
0081++ A7BB 99 B0       		dw	patch_75
0082++ A7BD A5 B0 B1 B0 		dw	patch_76A,patch_76B
0083++ A7C1 BB B0 C3 B0 		dw	patch_77A,patch_77B
0084++ A7C5 CF B0       		dw	patch_78
0085++ A7C7 E7 B0 0C B1 		dw	patch_80A, patch_80B
0086++ A7CB 31 B1 78 B1 		dw	patch_81A, patch_81B
0087++ A7CF B7 B1 C3 B1 		dw	patch_82A, patch_82B
0088++ A7D3 D1 B1 DD B1 		dw	patch_83A, patch_83B
0089++ A7D7 E5 B1 F4 B1 		dw	patch_84A, patch_84B
0090++ A7DB 3B B2 45 B2 		dw	patch_85A, patch_85B
0091++ A7DF 53 B2 96 B2 		dw	patch_86A, patch_86B
0092++ A7E3 A6 B2 F4 B1 		dw	patch_87A, patch_84B
0093++ A7E7 AE B2 B8 B2 		dw	patch_88A, patch_88B
0094++ A7EB CA B2 D6 B2 		dw	patch_89A, patch_89B
0095++ A7EF DE B2 27 B3 		dw	patch_90A, patch_90B
0096++ A7F3 33 B3 4E B3 		dw	patch_91A, patch_91B
0097++ A7F7 5C B3 6A B3 		dw	patch_92A, patch_92B
0098++ A7FB 78 B3 95 B3 		dw	patch_93A, patch_93B
0099++ A7FF A1 B3 A9 B3 		dw	patch_94A, patch_94B
0100++ A803 B1 B3 F6 B3 		dw	patch_95A, patch_95B
0101++ A807 DB B0       		dw	patch_79
0102++ A809 3B B4       		dw	patch_96
0103++ A80B 43 B4 4F B4 		dw	patch_97A, patch_97B
0104++ A80F 61 B4 6B B4 		dw	patch_98A, patch_98B
0105++ A813 83 B4 95 B4 		dw	patch_99A, patch_99B
0106++ A817 B7 B4 BF B4 		dw	patch_100A, patch_100B
0107++ A81B CB B4 DB B4 		dw	patch_102A, patch_102B
0108++ A81F EB B4 0A B5 		dw	patch_103A, patch_103B
0109++ A823 12 B5       		dw	patch_104
0110++ A825 24 B5       		dw	patch_105
0111++ A827 45 B5       		dw	patch_106
0112++ A829 4D B5       		dw	patch_107
0113++ A82B 5D B5 6C B5 		dw	patch_109A,patch_109B
0114++ A82F 55 B5       		dw	patch_108
0115++ A831 7B B5       		dw	patch_110
0116++ A833 B0 B5       		dw	patch_111
0117++ A835 BC B5 C8 B5 		dw	patch_112A,patch_112B
0118++ A839 D0 B5       		dw	patch_113
0119++ A83B D8 B5 E4 B5 		dw	patch_114A,patch_114B
0120++ A83F F4 B5       		dw	patch_115
0121++ A841 FE B5       		dw	patch_116
0122++ A843 06 B6       		dw	patch_117
0123++ A845 12 B6       		dw	patch_118
0124++ A847 1A B6       		dw	patch_119
0125++ A849 26 B6       		dw	patch_120
0126++ A84B 2E B6       		dw	patch_121
0127++ A84D 36 B6 42 B6 		dw	patch_122A,patch_122B
0128++ A851 54 B6       		dw	patch_124
0129++ A853 5C B6 68 B6 		dw	patch_125A,patch_125B
0130++ A857 76 B6 82 B6 		dw	patch_126A,patch_126B
0131++ A85B 8E B6       		dw	patch_127
0132++ A85D 9A B6       		dw	drum_1
0133++ A85F AA B6       		dw	drum_2
0134++ A861 BA B6       		dw	drum_3
0135++ A863 CA B6       		dw	drum_4
0136++ A865 D2 B6       		dw	drum_5
0137++ A867 DA B6       		dw	drum_6
0138++ A869 E2 B6       		dw	drum_7
0139++ A86B EA B6       		dw	drum_8
0140++ A86D 40 B7       		dw	drum_midi
0141++ A86F                    	
0142++ A86F             
0143++ A86F             ;--- GM 0 = Ac. Piano ---
0144++ A86F             
0145++ A86F             patch_0: 	
0146++ A86F 01          		db	1	; transpose on
0147++ A870 A4 A8       		dw	patch_0hdr
0148++ A872 10 2C 49    		db	16,02ch,1 + 36 * 2	; tone 300
0149++ A875 2F A2       		dw	frq_842
0150++ A877 16 2D 69    		db	22,02dh,1 + 52 * 2	; tone 301
0151++ A87A C7 9A       		dw	frq_363
0152++ A87C 1C 2E 5D    		db	28,02eh,1 + 46 * 2	; tone 302
0153++ A87F 0F A1       		dw	frq_810
0154++ A881 22 2F 69    		db	34,02fh,1 + 52 * 2	; tone 303
0155++ A884 3F 9B       		dw	frq_369
0156++ A886 28 30 5D    		db	40,030h,1 + 46 * 2	; tone 304
0157++ A889 67 A0       		dw	frq_726
0158++ A88B 2E 31 69    		db	46,031h,1 + 52 * 2	; tone 305
0159++ A88E 87 98       		dw	frq_290
0160++ A890 34 32 75    		db	52,032h,1 + 58 * 2	; tone 306
0161++ A893 E7 92       		dw	frq_21
0162++ A895 3B 33 69    		db	59,033h,1 + 52 * 2	; tone 307
0163++ A898 3F 98       		dw	frq_286
0164++ A89A 41 34 5F    		db	65,034h,1 + 47 * 2	; tone 308
0165++ A89D 27 A4       		dw	frq_941
0166++ A89F FF 35 83    		db	255,035h,1 + 65 * 2	; tone 309
0167++ A8A2 E7 95       		dw	frq_191
0168++ A8A4                    	
0169++ A8A4             patch_0hdr: 
0170++ A8A4 20 FF       		db	020h,0ffh
0171++ A8A6             
0172++ A8A6             
0173++ A8A6             ;--- GM 1 = Bright Acoustic Piano ---
0174++ A8A6             
0175++ A8A6             patch_1: 
0176++ A8A6 01          		db	1	; transpose on
0177++ A8A7 A4 A8       		dw	patch_0hdr	
0178++ A8A9 16 2C 49    		db	22,02ch,1 + 36 * 2	; tone 300
0179++ A8AC 2F A2       		dw	frq_842
0180++ A8AE 1C 2D 75    		db	28,02dh,1 + 58 * 2	; tone 301
0181++ A8B1 C7 9A       		dw	frq_363
0182++ A8B3 22 2E 69    		db	34,02eh,1 + 52 * 2	; tone 302
0183++ A8B6 F7 A0       		dw	frq_809
0184++ A8B8 28 2F 75    		db	40,02fh,1 + 58 * 2	; tone 303
0185++ A8BB 3F 9B       		dw	frq_369
0186++ A8BD 2E 30 69    		db	46,030h,1 + 52 * 2	; tone 304
0187++ A8C0 67 A0       		dw	frq_726
0188++ A8C2 34 31 75    		db	52,031h,1 + 58 * 2	; tone 305
0189++ A8C5 87 98       		dw	frq_290
0190++ A8C7 3B 32 81    		db	59,032h,1 + 64 * 2	; tone 306
0191++ A8CA E7 92       		dw	frq_21
0192++ A8CC 41 33 77    		db	65,033h,1 + 59 * 2	; tone 307
0193++ A8CF 3F 98       		dw	frq_286
0194++ A8D1 47 34 6B    		db	71,034h,1 + 53 * 2	; tone 308
0195++ A8D4 27 A4       		dw	frq_941
0196++ A8D6 FF 35 8F    		db	255,035h,1 + 71 * 2	; tone 309
0197++ A8D9 E7 95       		dw	frq_191
0198++ A8DB             
0199++ A8DB             
0200++ A8DB             ;--- GM 2 = Elec. Grand Piano ---
0201++ A8DB             ; A = v104
0202++ A8DB             ; B = v98
0203++ A8DB             
0204++ A8DB             patch_2A: 
0205++ A8DB 01          		db	1	; transpose on
0206++ A8DC 10 A9       		dw	patch_2Ahdr
0207++ A8DE 16 2C 49    		db	22,02ch,1 + 36 * 2	; tone 300
0208++ A8E1 5F A2       		dw	frq_844
0209++ A8E3 1C 2D 75    		db	28,02dh,1 + 58 * 2	; tone 301
0210++ A8E6 DF 9A       		dw	frq_364
0211++ A8E8 22 2E 69    		db	34,02eh,1 + 52 * 2	; tone 302
0212++ A8EB 27 A1       		dw	frq_811
0213++ A8ED 28 2F 75    		db	40,02fh,1 + 58 * 2	; tone 303
0214++ A8F0 57 9B       		dw	frq_370
0215++ A8F2 2E 30 69    		db	46,030h,1 + 52 * 2	; tone 304
0216++ A8F5 7F A0       		dw	frq_727
0217++ A8F7 34 31 75    		db	52,031h,1 + 58 * 2	; tone 305
0218++ A8FA 9F 98       		dw	frq_291
0219++ A8FC 3B 32 81    		db	59,032h,1 + 64 * 2	; tone 306
0220++ A8FF FF 92       		dw	frq_22
0221++ A901 41 33 77    		db	65,033h,1 + 59 * 2	; tone 307
0222++ A904 57 98       		dw	frq_287
0223++ A906 47 34 6B    		db	71,034h,1 + 53 * 2	; tone 308
0224++ A909 3F A4       		dw	frq_942
0225++ A90B FF 35 8F    		db	255,035h,1 + 71 * 2	; tone 309
0226++ A90E FF 95       		dw	frq_192
0227++ A910                    	
0228++ A910             patch_2Ahdr: 
0229++ A910 20 C8 07 FF 		db	020h,0c8h,007h,0ffh
0230++ A914             
0231++ A914             patch_2B: 	
0232++ A914 01          		db	1	; transpose on
0233++ A915 1C A9       		dw	patch_2Bhdr
0234++ A917 FF 6C 48    		db	255,108,36 * 2
0235++ A91A DF 94       		dw	frq_113
0236++ A91C                    	
0237++ A91C             patch_2Bhdr: 	
0238++ A91C 28 FF       		db	028h,0ffh
0239++ A91E             
0240++ A91E             
0241++ A91E             ;--- GM 3 = Honky Tonk, met patch#0 ---
0242++ A91E             ; gelijk volume
0243++ A91E             
0244++ A91E             patch_3B: 	
0245++ A91E 01          		db	1	; transpose on
0246++ A91F A4 A8       		dw	patch_0hdr	
0247++ A921 10 2C 49    		db	16,02ch,1 + 36 * 2	; tone 300
0248++ A924 8F A2       		dw	frq_852
0249++ A926 16 2D 69    		db	22,02dh,1 + 52 * 2	; tone 301
0250++ A929 37 9A       		dw	frq_355
0251++ A92B 1C 2E 5D    		db	28,02eh,1 + 46 * 2	; tone 302
0252++ A92E 57 A1       		dw	frq_820
0253++ A930 22 2F 69    		db	34,02fh,1 + 52 * 2	; tone 303
0254++ A933 97 9A       		dw	frq_360
0255++ A935 28 30 5D    		db	40,030h,1 + 46 * 2	; tone 304
0256++ A938 AF A0       		dw	frq_737
0257++ A93A 2E 31 69    		db	46,031h,1 + 52 * 2	; tone 305
0258++ A93D 27 98       		dw	frq_282
0259++ A93F 34 32 75    		db	52,032h,1 + 58 * 2	; tone 306
0260++ A942 47 93       		dw	frq_27
0261++ A944 3B 33 69    		db	59,033h,1 + 52 * 2	; tone 307
0262++ A947 27 98       		dw	frq_282
0263++ A949 41 34 5F    		db	65,034h,1 + 47 * 2	; tone 308
0264++ A94C B7 A4       		dw	frq_952
0265++ A94E FF 35 83    		db	255,035h,1 + 65 * 2	; tone 309
0266++ A951 9F 95       		dw	frq_184
0267++ A953                    	
0268++ A953             ;--- GM 4 = Elec. Piano 1 (+ 2B?) ---
0269++ A953             ; Eigenlijk samen met tone 11, maar slaat nergens op
0270++ A953             
0271++ A953             patch_4: 
0272++ A953 01          		db	1	; transpose on
0273++ A954 5B A9       		dw	patch_4hdr
0274++ A956 FF 6C 48    		db	255,108,36 * 2
0275++ A959 DF 94       		dw	frq_113
0276++ A95B                    	
0277++ A95B             patch_4hdr: 
0278++ A95B 22 C8 48 FF 		db	022h,0c8h,048h,0ffh
0279++ A95F                    	
0280++ A95F             
0281++ A95F             ;--- GM 5 = Elec. Piano 2 ---
0282++ A95F             ; volumes gelijk
0283++ A95F             
0284++ A95F             patch_5A: 	
0285++ A95F 01          		db	1	; transpose on
0286++ A960 94 A9       		dw	patch_5Ahdr
0287++ A962 10 2C 49    		db	16,02ch,1 + 36 * 2	; tone 300
0288++ A965 5F A2       		dw	frq_844
0289++ A967 16 2D 69    		db	22,02dh,1 + 52 * 2	; tone 301
0290++ A96A DF 9A       		dw	frq_364
0291++ A96C 1C 2E 5D    		db	28,02eh,1 + 46 * 2	; tone 302
0292++ A96F 27 A1       		dw	frq_811
0293++ A971 22 2F 69    		db	34,02fh,1 + 52 * 2	; tone 303
0294++ A974 57 9B       		dw	frq_370
0295++ A976 28 30 5D    		db	40,030h,1 + 46 * 2	; tone 304
0296++ A979 7F A0       		dw	frq_727
0297++ A97B 2E 31 69    		db	46,031h,1 + 52 * 2	; tone 305
0298++ A97E 9F 98       		dw	frq_291
0299++ A980 34 32 75    		db	52,032h,1 + 58 * 2	; tone 306
0300++ A983 FF 92       		dw	frq_22
0301++ A985 3B 33 69    		db	59,033h,1 + 52 * 2	; tone 307
0302++ A988 57 98       		dw	frq_287
0303++ A98A 41 34 5F    		db	65,034h,1 + 47 * 2	; tone 308
0304++ A98D 3F A4       		dw	frq_942
0305++ A98F FF 35 83    		db	255,035h,1 + 65 * 2	; tone 309
0306++ A992 FF 95       		dw	frq_192
0307++ A994             
0308++ A994             patch_5Ahdr: 	
0309++ A994 1B FF       		db	01bh,0ffh
0310++ A996             
0311++ A996             patch_5B: 	
0312++ A996 01          		db	1	; transpose on
0313++ A997 94 A9       		dw	patch_5Ahdr
0314++ A999 16 2C 49    		db	22,02ch,1 + 36 * 2	; tone 300
0315++ A99C 2F A2       		dw	frq_842
0316++ A99E 1C 2D 75    		db	28,02dh,1 + 58 * 2	; tone 301
0317++ A9A1 C7 9A       		dw	frq_363
0318++ A9A3 22 2E 69    		db	34,02eh,1 + 52 * 2	; tone 302
0319++ A9A6 F7 A0       		dw	frq_809
0320++ A9A8 28 2F 75    		db	40,02fh,1 + 58 * 2	; tone 303
0321++ A9AB 3F 9B       		dw	frq_369
0322++ A9AD 2E 30 69    		db	46,030h,1 + 52 * 2	; tone 304
0323++ A9B0 67 A0       		dw	frq_726
0324++ A9B2 34 31 75    		db	52,031h,1 + 58 * 2	; tone 305
0325++ A9B5 87 98       		dw	frq_290
0326++ A9B7 3B 32 81    		db	59,032h,1 + 64 * 2	; tone 306
0327++ A9BA E7 92       		dw	frq_21
0328++ A9BC 41 33 77    		db	65,033h,1 + 59 * 2	; tone 307
0329++ A9BF 3F 98       		dw	frq_286
0330++ A9C1 47 34 6B    		db	71,034h,1 + 53 * 2	; tone 308
0331++ A9C4 27 A4       		dw	frq_941
0332++ A9C6 FF 35 8F    		db	255,035h,1 + 71 * 2	; tone 309
0333++ A9C9 E7 95       		dw	frq_191
0334++ A9CB             
0335++ A9CB             
0336++ A9CB             ;--- GM 6 = Harpsichord ---
0337++ A9CB             
0338++ A9CB             patch_6: 	
0339++ A9CB 01          		db	1	; transpose on
0340++ A9CC A4 A8       		dw	patch_0hdr
0341++ A9CE 22 80 30    		db	34,128,24 * 2
0342++ A9D1 6F 98       		dw	frq_288
0343++ A9D3 28 81 5C    		db	40,129,46 * 2
0344++ A9D6 77 A2       		dw	frq_847
0345++ A9D8 2E 82 68    		db	46,130,52 * 2
0346++ A9DB 6F 98       		dw	frq_288
0347++ A9DD 36 83 5C    		db	54,131,46 * 2
0348++ A9E0 87 A1       		dw	frq_823
0349++ A9E2 FF 84 54    		db	255,132,42 * 2
0350++ A9E5 87 A1       		dw	frq_823
0351++ A9E7             
0352++ A9E7             
0353++ A9E7             ;--- GM 7 = Clavi ---
0354++ A9E7             
0355++ A9E7             patch_7: 	
0356++ A9E7 01          		db	1	; transpose on
0357++ A9E8 F4 A9       		dw	patch_7hdr
0358++ A9EA 3A 27 30    		db	58,39,24 * 2
0359++ A9ED 47 96       		dw	frq_203
0360++ A9EF FF 28 8C    		db	255,40,70 * 2	; was andere header!
0361++ A9F2 D7 96       		dw	frq_215
0362++ A9F4             patch_7hdr: 	
0363++ A9F4 28 C8 2B FF 		db	028h,0c8h,02bh,0ffh
0364++ A9F8             
0365++ A9F8             
0366++ A9F8             ;--- GM 8 = Celesta ---
0367++ A9F8             
0368++ A9F8             patch_8: 	
0369++ A9F8 01          		db	1	; transpose on
0370++ A9F9 00 AA       		dw	patch_8hdr
0371++ A9FB FF 2B 18    		db	255,43,12 * 2
0372++ A9FE 7F 94       		dw	frq_94
0373++ AA00             patch_8hdr: 	
0374++ AA00 20 E0 03 FF 		db	020h,0e0h,3,0ffh
0375++ AA04             
0376++ AA04             
0377++ AA04             ;--- GM 9 = Glockenspiel ---
0378++ AA04             
0379++ AA04             patch_9: 	
0380++ AA04 01          		db	1	; transpose on
0381++ AA05 1C A9       		dw	patch_2Bhdr
0382++ AA07 FF F3 00    		db	255,243,0 * 2
0383++ AA0A 27 95       		dw	frq_141
0384++ AA0C             
0385++ AA0C             ;--- GM 10 = Music Box ---
0386++ AA0C             
0387++ AA0C             patch_10A: 	
0388++ AA0C 01          		db	1	; transpose on
0389++ AA0D 14 AA       		dw	patch_10Ahdr
0390++ AA0F FF F3 18    		db	255,243,12 * 2
0391++ AA12 3F 95       		dw	frq_143
0392++ AA14             patch_10Ahdr: 	
0393++ AA14 20 98 A6 FF 		db	020h,098h,0a6h,0ffh
0394++ AA18             
0395++ AA18             patch_10B: 	
0396++ AA18 01          		db	1	; transpose on
0397++ AA19 20 AA       		dw	patch_10Bhdr
0398++ AA1B FF 01 31    		db	255,1,1 + 24 * 2	; tone 257
0399++ AA1E EF 93       		dw	frq_79
0400++ AA20             patch_10Bhdr: 	
0401++ AA20 20 98 D4 FF 		db	020h,098h,0d4h,0ffh
0402++ AA24             
0403++ AA24             
0404++ AA24             ;--- GM 11 = Vibraphone ---
0405++ AA24             
0406++ AA24             patch_11: 	
0407++ AA24 01          		db	1	; transpose on
0408++ AA25 1C A9       		dw	patch_2Bhdr
0409++ AA27 FF 01 31    		db	255,1,1 + 24 * 2	; tone 257
0410++ AA2A 07 94       		dw	frq_82
0411++ AA2C             
0412++ AA2C             ;--- GM 12 = Marimba ---
0413++ AA2C             
0414++ AA2C             patch_12: 	
0415++ AA2C 01          		db	1	; transpose on
0416++ AA2D 39 AA       		dw	patch_12hdr
0417++ AA2F 28 F4 30    		db	40,244, 24 * 2
0418++ AA32 07 94       		dw	frq_82
0419++ AA34 FF F5 68    		db	255,245, 52 * 2	; was andere header!
0420++ AA37 8F 93       		dw	frq_69
0421++ AA39             patch_12hdr: 	
0422++ AA39 38 FF       		db	038h,0ffh
0423++ AA3B             
0424++ AA3B             ;--- GM 13 = Xylophone ---
0425++ AA3B             
0426++ AA3B             patch_13: 	
0427++ AA3B 01          		db	1	; transpose on
0428++ AA3C 39 AA       		dw	patch_12hdr
0429++ AA3E FF 36 01    		db	255,36h, 1 + 0 * 2	; tone 310
0430++ AA41 7F 94       		dw	frq_94
0431++ AA43             
0432++ AA43             
0433++ AA43             ;--- GM 14 = Tubular Bells ---
0434++ AA43             
0435++ AA43             patch_14: 	
0436++ AA43 01          		db	1	; transpose on
0437++ AA44 4B AA       		dw	patch_14hdr
0438++ AA46 FF FF 18    		db	255,255, 12 * 2
0439++ AA49 97 9D       		dw	frq_532
0440++ AA4B             patch_14hdr: 	
0441++ AA4B 21 E0 01 FF 		db	021h,0e0h,1,0ffh
0442++ AA4F             
0443++ AA4F             ;--- GM 15 = Dulcimer ---
0444++ AA4F             
0445++ AA4F             patch_15A: 	
0446++ AA4F 01          		db	1	; transpose on
0447++ AA50 57 AA       		dw	patch_15Ahdr
0448++ AA52 FF 3F 18    		db	255,63, 12 * 2
0449++ AA55 1F A0       		dw	frq_708
0450++ AA57             patch_15Ahdr: 	
0451++ AA57 29 FF       		db	029h,0ffh
0452++ AA59             
0453++ AA59             patch_15B: 	
0454++ AA59 01          		db	1
0455++ AA5A 61 AA       		dw	patch_15Bhdr
0456++ AA5C FF 40 18    		db	255,64, 12 * 2
0457++ AA5F 1F A0       		dw	frq_708
0458++ AA61             patch_15Bhdr: 	
0459++ AA61 2A FF       		db	02ah,0ffh
0460++ AA63             
0461++ AA63             ;--- GM 16 = Drawbar organ ---
0462++ AA63             
0463++ AA63             patch_16: 	
0464++ AA63 01          		db	1	; transpose on
0465++ AA64 6B AA       		dw	patch_16hdr
0466++ AA66 FF 8E 18    		db	255,142,12 * 2
0467++ AA69 17 A2       		dw	frq_835
0468++ AA6B             patch_16hdr: 	
0469++ AA6B 3A FF       		db	03ah,0ffh
0470++ AA6D             
0471++ AA6D             ;--- GM 17 = Percussive organ ---
0472++ AA6D             
0473++ AA6D             patch_17: 	
0474++ AA6D 01          		db	1	; transpose on
0475++ AA6E 7A AA       		dw	patch_17hdr
0476++ AA70 24 8C 30    		db	36,140, 24 * 2
0477++ AA73 87 A4       		dw	frq_950
0478++ AA75 FF 8D 48    		db	255,141, 36 * 2
0479++ AA78 57 A4       		dw	frq_944
0480++ AA7A             patch_17hdr: 	
0481++ AA7A 3B FF       		db	03bh,0ffh
0482++ AA7C             
0483++ AA7C             ;--- GM 18 = Rock Organ ---
0484++ AA7C             
0485++ AA7C             patch_18: 	
0486++ AA7C 01          		db	1	; transpose on
0487++ AA7D 98 AA       		dw	patch_18hdr
0488++ AA7F 19 28 49    		db	25,28h, 1 + 36 * 2	; tone 296
0489++ AA82 1F 97       		dw	frq_219
0490++ AA84 25 29 63    		db	37,29h, 1 + 49 * 2	; tone 297
0491++ AA87 37 97       		dw	frq_220
0492++ AA89 31 2A 63    		db	49,2ah, 1 + 49 * 2	; tone 298
0493++ AA8C 07 97       		dw	frq_217
0494++ AA8E 3D 2B 63    		db	61,2bh, 1 + 49 * 2	; tone 299
0495++ AA91 BF 96       		dw	frq_214
0496++ AA93 FF 27 63    		db	255,27h, 1 + 49 * 2	; tone 295
0497++ AA96 D7 96       		dw	frq_215
0498++ AA98             patch_18hdr: 	
0499++ AA98 39 FF       		db	039h,0ffh
0500++ AA9A             
0501++ AA9A             ;--- GM 19 = Church organ ---
0502++ AA9A             
0503++ AA9A             patch_19: 	
0504++ AA9A 01          		db	1	; transpose on
0505++ AA9B B6 AA       		dw	patch_19hdr
0506++ AA9D 12 87 48    		db	18,135, 36 * 2
0507++ AAA0 17 A2       		dw	frq_835
0508++ AAA2 19 88 6C    		db	25,136, 54 * 2
0509++ AAA5 57 95       		dw	frq_155
0510++ AAA7 21 89 62    		db	33,137, 49 * 2
0511++ AAAA BF 9C       		dw	frq_459
0512++ AAAC 2A 8A 5A    		db	42,138, 45 * 2
0513++ AAAF 77 A2       		dw	frq_847
0514++ AAB1 FF 8B 6C    		db	255,139, 54 * 2
0515++ AAB4 87 95       		dw	frq_167
0516++ AAB6             patch_19hdr: 	
0517++ AAB6 11 FF       		db	011h,0ffh
0518++ AAB8             
0519++ AAB8             
0520++ AAB8             ;--- GM 20 = Reed Organ ---
0521++ AAB8             
0522++ AAB8             patch_20: 	
0523++ AAB8 01          		db	1	; transpose on
0524++ AAB9 C5 AA       		dw	patch_20hdr
0525++ AABB 3C AC 30    		db	60,172, 24 * 2
0526++ AABE 57 9E       		dw	frq_557
0527++ AAC0 FF AD 78    		db	255,173, 60 * 2
0528++ AAC3 3F 9E       		dw	frq_556
0529++ AAC5             patch_20hdr: 	
0530++ AAC5 38 E0 01 FF 		db	038h,0e0h,1,0ffh
0531++ AAC9             
0532++ AAC9             ;--- GM 21 = Accordion ---
0533++ AAC9             
0534++ AAC9             patch_21A: 	
0535++ AAC9 01          		db	1	; transpose on
0536++ AACA D6 AA       		dw	patch_21Ahdr
0537++ AACC 35 06 18    		db	53,6, 12 * 2
0538++ AACF 7F A0       		dw	frq_727
0539++ AAD1 FF 07 52    		db	255,7, 41 * 2
0540++ AAD4 77 A5       		dw	frq_1018
0541++ AAD6             patch_21Ahdr: 	
0542++ AAD6 22 E0 00 FF 		db	022h,0e0h,0,0ffh
0543++ AADA             
0544++ AADA             patch_21B: 	
0545++ AADA 01          		db	1	; transpose on
0546++ AADB E2 AA       		dw	patch_21Bhdr
0547++ AADD FF 70 18    		db	255,112, 12 * 2
0548++ AAE0 FF A1       		dw	frq_833
0549++ AAE2             patch_21Bhdr: 	
0550++ AAE2 23 FF       		db	023h,0ffh
0551++ AAE4             
0552++ AAE4             ;--- GM 22 = Harmonica ---
0553++ AAE4             
0554++ AAE4             patch_22: 	
0555++ AAE4 01          		db	1	; transpose on
0556++ AAE5 EC AA       		dw	patch_22hdr
0557++ AAE7 FF 70 18    		db	255,112, 12 * 2
0558++ AAEA 77 A2       		dw	frq_847
0559++ AAEC             patch_22hdr: 	
0560++ AAEC 30 E0 02 FF 		db	030h,0e0h,2,0ffh
0561++ AAF0             
0562++ AAF0             ;--- GM 23 = Tango Accordion ---
0563++ AAF0             
0564++ AAF0             patch_23A: 	
0565++ AAF0 01          		db	1	; transpose on
0566++ AAF1 FD AA       		dw	patch_23Ahdr
0567++ AAF3 3C AC 30    		db	60,172, 24 * 2
0568++ AAF6 87 9E       		dw	frq_559
0569++ AAF8 FF AD 78    		db	255,173, 60 * 2
0570++ AAFB 6F 9E       		dw	frq_558
0571++ AAFD             patch_23Ahdr: 	
0572++ AAFD 38 FF       		db	038h,0ffh
0573++ AAFF             
0574++ AAFF             patch_23B: 	
0575++ AAFF 01          		db	1
0576++ AB00 07 AB       		dw	patch_23Bhdr
0577++ AB02 FF 41 60    		db	255,65, 48 * 2
0578++ AB05 5F 9C       		dw	frq_445
0579++ AB07             patch_23Bhdr: 	
0580++ AB07             		db	03ah,098h,075h,0B0h,000h,0ffh
0580++ AB07 3A9875B000FF
0581++ AB0D             
0582++ AB0D             ;--- GM 24 = Nylon Ac. Gtr ---
0583++ AB0D             
0584++ AB0D             patch_24: 	
0585++ AB0D 01          		db	1	; transpose on
0586++ AB0E 29 AB       		dw	patch_24hdr
0587++ AB10 18 B3 48    		db	24,179, 36 * 2
0588++ AB13 BF 9C       		dw	frq_459
0589++ AB15 1F B7 60    		db	31,183, 48 * 2
0590++ AB18 27 9E       		dw	frq_555
0591++ AB1A 25 B5 6E    		db	37,181, 55 * 2
0592++ AB1D E7 92       		dw	frq_21
0593++ AB1F 2C B4 62    		db	44,180, 49 * 2
0594++ AB22 BF 9C       		dw	frq_459
0595++ AB24 FF B6 58    		db	255,182, 44 * 2
0596++ AB27 67 A0       		dw	frq_726
0597++ AB29             patch_24hdr: 	
0598++ AB29 28 C8 09 FF 		db	028h,0c8h,9,0ffh
0599++ AB2D             
0600++ AB2D             
0601++ AB2D             ;--- GM 26 = Steel Ac. Gtr ---
0602++ AB2D             
0603++ AB2D             patch_25: 	
0604++ AB2D 01          		db	1	; transpose on
0605++ AB2E 44 AB       		dw	patch_25hdr
0606++ AB30 1A 0C 48    		db	26,12,36 * 2	;was andere header
0607++ AB33 2F 9C       		dw	frq_442
0608++ AB35 21 0D 64    		db	33,13,50 * 2	; "
0609++ AB38 77 9C       		dw	frq_448
0610++ AB3A 30 0E 5A    		db	48,14,45 * 2	; "
0611++ AB3D 87 A1       		dw	frq_823
0612++ AB3F FF 0F 60    		db	255,15,48 * 2	; "
0613++ AB42 87 A1       		dw	frq_823
0614++ AB44             patch_25hdr: 	
0615++ AB44             		db	028h,098h,0f6h,0b0h,034h,0c8h,9h,0ffh
0615++ AB44 2898F6B034C809FF
0616++ AB4C             
0617++ AB4C             
0618++ AB4C             ;--- GM 26 = Elec Jazz Gtr ---
0619++ AB4C             
0620++ AB4C             patch_26: 	
0621++ AB4C 01          		db	1	; transpose on
0622++ AB4D 1C A9       		dw	patch_2Bhdr
0623++ AB4F 1A 5A 48    		db	26,90, 36 * 2
0624++ AB52 6F 9B       		dw	frq_373
0625++ AB54 28 5B 64    		db	40,91, 50 * 2
0626++ AB57 3F 95       		dw	frq_143
0627++ AB59 FF 5C 68    		db	255,92, 52 * 2
0628++ AB5C A7 93       		dw	frq_70
0629++ AB5E             
0630++ AB5E             
0631++ AB5E             ;--- GM 27 = Elec Clean Gtr ---
0632++ AB5E             
0633++ AB5E             patch_27: 	
0634++ AB5E 01          		db	1	; transpose on
0635++ AB5F 89 AB       		dw	patch_27hdr
0636++ AB61 15 61 48    		db	21,97, 36 * 2
0637++ AB64 67 9D       		dw	frq_519
0638++ AB66 1A 60 72    		db	26,96, 57 * 2
0639++ AB69 3F 95       		dw	frq_143
0640++ AB6B 21 63 64    		db	33,99, 50 * 2
0641++ AB6E EF 9F       		dw	frq_701
0642++ AB70 28 62 72    		db	40,98, 57 * 2
0643++ AB73 87 92       		dw	frq_9
0644++ AB75 2D 65 68    		db	45,101, 52 * 2
0645++ AB78 4F 9D       		dw	frq_508
0646++ AB7A 34 64 72    		db	52,100, 57 * 2
0647++ AB7D F7 94       		dw	frq_118
0648++ AB7F 3D 66 68    		db	61,102, 52 * 2
0649++ AB82 7F 9D       		dw	frq_531
0650++ AB84 FF 67 62    		db	255,103, 49 * 2
0651++ AB87 87 A1       		dw	frq_823
0652++ AB89             patch_27hdr: 	
0653++ AB89 29 FF       		db	029h,0ffh
0654++ AB8B             
0655++ AB8B             
0656++ AB8B             ;--- GM 28 = Muted Gtr ---
0657++ AB8B             
0658++ AB8B             patch_28: 	
0659++ AB8B 01          		db	1	; transpose on
0660++ AB8C 1C A9       		dw	patch_2Bhdr
0661++ AB8E FF 68 18    		db	255,104, 12 * 2
0662++ AB91 77 A2       		dw	frq_847
0663++ AB93             
0664++ AB93             
0665++ AB93             ;--- GM 29 = Overdriven Gtr ---
0666++ AB93             
0667++ AB93             patch_29: 	
0668++ AB93 01          		db	1	; transpose on
0669++ AB94 89 AB       		dw	patch_27hdr
0670++ AB96 29 A5 48    		db	41,165, 36 * 2
0671++ AB99 67 97       		dw	frq_228
0672++ AB9B FF A6 82    		db	255,166, 65 * 2
0673++ AB9E BF 9C       		dw	frq_459
0674++ ABA0             
0675++ ABA0             ;--- GM 30 = Distortion Gtr ---
0676++ ABA0             
0677++ ABA0             patch_30: 	
0678++ ABA0 01          		db	1	; transpose on
0679++ ABA1 D0 AB       		dw	patch_30hdr
0680++ ABA3 13 51 48    		db	19,81, 36 * 2
0681++ ABA6 FF 9B       		dw	frq_434
0682++ ABA8 17 52 6E    		db	23,82, 55 * 2
0683++ ABAB 3F 95       		dw	frq_143
0684++ ABAD 1B 53 5E    		db	27,83, 47 * 2
0685++ ABB0 77 A2       		dw	frq_847
0686++ ABB2 1F 54 66    		db	31,84, 51 * 2
0687++ ABB5 FF 9B       		dw	frq_434
0688++ ABB7 23 55 6E    		db	35,85, 55 * 2
0689++ ABBA 3F 95       		dw	frq_143
0690++ ABBC 27 56 5E    		db	39,86, 47 * 2
0691++ ABBF 77 A2       		dw	frq_847
0692++ ABC1 2B 57 66    		db	43,87, 51 * 2
0693++ ABC4 BF 9C       		dw	frq_459
0694++ ABC6 2F 58 6E    		db	47,88, 55 * 2
0695++ ABC9 3F 95       		dw	frq_143
0696++ ABCB FF 59 5E    		db	255,89, 47 * 2
0697++ ABCE DF A0       		dw	frq_775
0698++ ABD0             patch_30hdr: 	
0699++ ABD0 21 FF       		db	021h,0ffh
0700++ ABD2             
0701++ ABD2             ;--- GM 31 = Gtr Harmonics ---
0702++ ABD2             
0703++ ABD2             patch_31: 	
0704++ ABD2 01          		db	1	; transpose on
0705++ ABD3 1C A9       		dw	patch_2Bhdr
0706++ ABD5 2D 5E 30    		db	45,94, 24 * 2
0707++ ABD8 37 9D       		dw	frq_507
0708++ ABDA 32 5D 8A    		db	50,93, 69 * 2
0709++ ABDD F7 94       		dw	frq_118
0710++ ABDF FF 5F 7C    		db	255,95, 62 * 2
0711++ ABE2 67 A0       		dw	frq_726
0712++ ABE4             
0713++ ABE4             ;--- GM 32 = Acoustic Bass ---
0714++ ABE4             
0715++ ABE4             patch_32: 	
0716++ ABE4 01          		db	1	; transpose on
0717++ ABE5 F1 AB       		dw	patch_32hdr
0718++ ABE7 19 04 60    		db	25,4, 48 * 2
0719++ ABEA CF 95       		dw	frq_188
0720++ ABEC FF 05 62    		db	255,5, 49 * 2
0721++ ABEF A7 93       		dw	frq_70
0722++ ABF1             patch_32hdr: 	
0723++ ABF1 18 FF       		db	018h,0ffh
0724++ ABF3             
0725++ ABF3             
0726++ ABF3             ;--- GM 33 = Elec. Bass (finger) ---
0727++ ABF3             
0728++ ABF3             patch_33: 	
0729++ ABF3 01          		db	1	; transpose on
0730++ ABF4 F1 AB       		dw	patch_32hdr
0731++ ABF6 09 4A 60    		db	9,74,48 * 2
0732++ ABF9 47 9F       		dw	frq_645
0733++ ABFB 0E 4B 72    		db	14,75,57 * 2
0734++ ABFE 4F 97       		dw	frq_221
0735++ AC00 13 4C 64    		db	19,76,50 * 2
0736++ AC03 47 A2       		dw	frq_843
0737++ AC05 FF 4D 6E    		db	255,77,55 * 2
0738++ AC08 87 9B       		dw	frq_378
0739++ AC0A             
0740++ AC0A             
0741++ AC0A             ;--- GM 34 = Elec. Bass (pick) ---
0742++ AC0A             
0743++ AC0A             patch_34: 	
0744++ AC0A 01          		db	1	; transpose on
0745++ AC0B F1 AB       		dw	patch_32hdr
0746++ AC0D 0C 4F 60    		db	12,79,48 * 2
0747++ AC10 0F 95       		dw	frq_135
0748++ AC12 13 50 60    		db	19,80,48 * 2
0749++ AC15 37 A0       		dw	frq_715
0750++ AC17 18 6B 6E    		db	24,107,55 * 2
0751++ AC1A DF 97       		dw	frq_264
0752++ AC1C 30 69 60    		db	48,105,48 * 2
0753++ AC1F 37 A3       		dw	frq_921
0754++ AC21 FF 6A 90    		db	255,106,72 * 2
0755++ AC24 FF 9B       		dw	frq_434
0756++ AC26             
0757++ AC26             ;--- GM 35 = Fretless Bass ---
0758++ AC26             
0759++ AC26             patch_35: 	
0760++ AC26 01          		db	1	; transpose on
0761++ AC27 2E AC       		dw	patch_35hdr
0762++ AC29 FF 4E 30    		db	255,78,24 * 2
0763++ AC2C 6F 9B       		dw	frq_373
0764++ AC2E             patch_35hdr: 	
0765++ AC2E             		db	010h,098h,0f3h,0b0h,063h,0c8h,019h,0ffh
0765++ AC2E 1098F3B063C819FF
0766++ AC36             
0767++ AC36             ;--- GM 36 = Slap Bass 1 ---
0768++ AC36             
0769++ AC36             patch_36: 	
0770++ AC36 01          		db	1	; transpose on
0771++ AC37 3E AC       		dw	patch_36hdr
0772++ AC39 FF A3 4E    		db	255,163,(36 + 3) * 2
0773++ AC3C 2F 9F       		dw	frq_641
0774++ AC3E             patch_36hdr: 	
0775++ AC3E 19 FF       		db	019h,0ffh
0776++ AC40             
0777++ AC40             ;--- GM 37 = Slap bass 2 ---
0778++ AC40             
0779++ AC40             patch_37: 	
0780++ AC40 01          		db	1	; transpose on
0781++ AC41 48 AC       		dw	patch_37hdr
0782++ AC43 FF A2 30    		db	255,162,24 * 2
0783++ AC46 6F 98       		dw	frq_288
0784++ AC48             patch_37hdr: 	
0785++ AC48 20 98 B0 FF 		db	020h,098h,0b0h,0ffh
0786++ AC4C             
0787++ AC4C             ;--- GM 38 = Synth Bass 1 ---
0788++ AC4C             
0789++ AC4C             patch_38: 	
0790++ AC4C 01          		db	1	; transpose on
0791++ AC4D 54 AC       		dw	patch_38hdr
0792++ AC4F FF BE 48    		db	255,190,36 * 2
0793++ AC52 17 A2       		dw	frq_835
0794++ AC54             patch_38hdr: 	
0795++ AC54 39 FF       		db	039h,0ffh
0796++ AC56             
0797++ AC56             ;--- GM 39 = Synth Bass 2 ---
0798++ AC56             
0799++ AC56             patch_39: 	
0800++ AC56 01          		db	1	; transpose on
0801++ AC57 54 AC       		dw	patch_38hdr
0802++ AC59 FF 17 61    		db	255,17h,1 + 48 * 2	; tone 279
0803++ AC5C D7 96       		dw	frq_215
0804++ AC5E             
0805++ AC5E             ;--- GM 40 = Violin ---
0806++ AC5E             
0807++ AC5E             patch_40: 	
0808++ AC5E 01          		db	1	; transpose on
0809++ AC5F 93 AC       		dw	patch_40hdr
0810++ AC61 23 05 31    		db	35,5h,1 + 24 * 2	; tone 261
0811++ AC64 6F 98       		dw	frq_288
0812++ AC66 28 02 77    		db	40,2h,1 + 59 * 2	; tone 258
0813++ AC69 8F 93       		dw	frq_69
0814++ AC6B 2A 06 69    		db	42,6h,1 + 52 * 2	; tone 262
0815++ AC6E E7 9E       		dw	frq_627
0816++ AC70 2D 07 6D    		db	45,7h,1 + 54 * 2	; tone 263
0817++ AC73 3F 9E       		dw	frq_556
0818++ AC75 30 08 73    		db	48,8h,1 + 57 * 2	; tone 264
0819++ AC78 DF 97       		dw	frq_264
0820++ AC7A 33 0A 61    		db	51,0ah,1 + 48 * 2	; tone 266
0821++ AC7D 1F A3       		dw	frq_920
0822++ AC7F 35 0B 67    		db	53,0bh,1 + 51 * 2	; tone 267
0823++ AC82 67 A0       		dw	frq_726
0824++ AC84 37 0C 6B    		db	55,0ch,1 + 53 * 2	; tone 268
0825++ AC87 B7 9E       		dw	frq_579
0826++ AC89 3A 0D 6F    		db	58,0dh,1 + 55 * 2	; tone 269
0827++ AC8C 47 99       		dw	frq_338
0828++ AC8E FF 09 75    		db	255,09h,1 + 58	* 2	; tone 265
0829++ AC91 3F 95       		dw	frq_143
0830++ AC93             patch_40hdr: 	
0831++ AC93 3B FF       		db	03bh,0ffh
0832++ AC95             
0833++ AC95             
0834++ AC95             ;--- GM 41 = Viola ---
0835++ AC95             
0836++ AC95             patch_41: 	
0837++ AC95 01          		db	1	; transpose on
0838++ AC96 D4 AC       		dw	patch_41hdr
0839++ AC98 1B 03 31    		db	27,03h,1 + 24 * 2	; tone 259
0840++ AC9B 37 A0       		dw	frq_715
0841++ AC9D 1E 04 67    		db	30,04h,1 + 51 * 2	; tone 260
0842++ ACA0 7F 9D       		dw	frq_531
0843++ ACA2 21 05 6D    		db	33,05h,1 + 54 * 2	; tone 261
0844++ ACA5 6F 98       		dw	frq_288
0845++ ACA7 26 02 73    		db	38,02h,1 + 57 * 2	; tone 258
0846++ ACAA 8F 93       		dw	frq_69
0847++ ACAC 28 06 65    		db	40,06h,1 + 50 * 2	; tone 262
0848++ ACAF E7 9E       		dw	frq_627
0849++ ACB1 2B 07 69    		db	43,07h,1 + 52 * 2	; tone 263
0850++ ACB4 3F 9E       		dw	frq_556
0851++ ACB6 2E 08 6F    		db	46,08h,1 + 55 * 2	; tone 264
0852++ ACB9 DF 97       		dw	frq_264
0853++ ACBB 31 0A 5D    		db	49,0ah,1 + 46 * 2	; tone 266
0854++ ACBE 1F A3       		dw	frq_920
0855++ ACC0 33 0B 63    		db	51,0bh,1 + 49 * 2	; tone 267
0856++ ACC3 67 A0       		dw	frq_726
0857++ ACC5 36 0C 67    		db	54,0ch,1 + 51 * 2	; tone 268
0858++ ACC8 B7 9E       		dw	frq_579
0859++ ACCA 38 0D 6D    		db	56,0dh,1 + 54 * 2	; tone 269
0860++ ACCD 47 99       		dw	frq_338
0861++ ACCF FF 09 71    		db	255,09h,1 + 56 * 2	; tone 265
0862++ ACD2 3F 95       		dw	frq_143
0863++ ACD4             patch_41hdr: 	
0864++ ACD4 3B 98 A3 FF 		db	03bh,098h,0a3h,0ffh
0865++ ACD8             
0866++ ACD8             
0867++ ACD8             ;--- GM 42 = Cello ---
0868++ ACD8             
0869++ ACD8             patch_42: 	
0870++ ACD8 01          		db	1	; transpose on
0871++ ACD9 F4 AC       		dw	patch_42hdr
0872++ ACDB 16 12 49    		db	22,12h,1 + 36 * 2	; tone 274
0873++ ACDE 47 96       		dw	frq_203
0874++ ACE0 20 13 5D    		db	32,13h,1 + 46 * 2	; tone 275
0875++ ACE3 EF 9F       		dw	frq_701
0876++ ACE5 27 15 59    		db	39,15h,1 + 44 * 2	; tone 277
0877++ ACE8 6F A1       		dw	frq_822
0878++ ACEA 2D 16 67    		db	45,16h,1 + 51 * 2	; tone 278
0879++ ACED 7F 9D       		dw	frq_531
0880++ ACEF FF 14 73    		db	255,14h,1 + 57 * 2	; tone 276
0881++ ACF2 8F 93       		dw	frq_69
0882++ ACF4             patch_42hdr: 	
0883++ ACF4 33 C8 08 FF 		db	033h,0c8h,8,0ffh
0884++ ACF8             
0885++ ACF8             ;--- GM 43 = Contrabass ---
0886++ ACF8             
0887++ ACF8             patch_43: 	
0888++ ACF8 01          		db	1	; transpose on
0889++ ACF9 05 AD       		dw	patch_43hdr
0890++ ACFB 12 10 61    		db	18,10h,1 + 48 * 2	; tone 272
0891++ ACFE B7 92       		dw	frq_15
0892++ AD00 FF 11 6D    		db	255,11h,1 + 54 * 2	; tone 273
0893++ AD03 6F 92       		dw	frq_8
0894++ AD05             patch_43hdr: 	
0895++ AD05 10 98 90 FF 		db	010h,098h,090h,0ffh
0896++ AD09             
0897++ AD09             ;--- GM 44 = Tremolo Strings ---
0898++ AD09             
0899++ AD09             patch_44: 	
0900++ AD09 01          		db	1	; transpose on
0901++ AD0A 25 AD       		dw	patch_44hdr
0902++ AD0C 24 B0 30    		db	36,176,24 * 2
0903++ AD0F C7 94       		dw	frq_98
0904++ AD11 2A 35 60    		db	42,53,48 * 2
0905++ AD14 57 9E       		dw	frq_557
0906++ AD16 30 33 6C    		db	48,51,54 * 2
0907++ AD19 2F 93       		dw	frq_26
0908++ AD1B 3B 34 60    		db	59,52,48 * 2
0909++ AD1E 5F 9F       		dw	frq_650
0910++ AD20 FF AF 5E    		db	255,175,47 * 2
0911++ AD23 AF 9D       		dw	frq_538
0912++ AD25             patch_44hdr: 	
0913++ AD25 38 E0 06 FF 		db	038h,0e0h,6,0ffh
0914++ AD29             
0915++ AD29             
0916++ AD29             ;--- GM 45 = Pizzicato Strings ---
0917++ AD29             
0918++ AD29             patch_45: 	
0919++ AD29 01          		db	1	; transpose on
0920++ AD2A 1C A9       		dw	patch_2Bhdr
0921++ AD2C 1B B8 48    		db	27,184,36 * 2
0922++ AD2F CF 92       		dw	frq_20
0923++ AD31 24 B9 66    		db	36,185,51 * 2
0924++ AD34 EF 96       		dw	frq_216
0925++ AD36 2B BB 60    		db	43,187,48 * 2
0926++ AD39 17 9F       		dw	frq_639
0927++ AD3B 31 BA 6E    		db	49,186,55 * 2
0928++ AD3E 1F 94       		dw	frq_84
0929++ AD40 FF BC 62    		db	255,188,49 * 2
0930++ AD43 A7 9C       		dw	frq_455
0931++ AD45             
0932++ AD45             ;--- GM 46 = Harp ---
0933++ AD45             
0934++ AD45             patch_46: 	
0935++ AD45 01          		db	1	; transpose on
0936++ AD46 52 AD       		dw	patch_46hdr
0937++ AD48 2F 7E 18    		db	47,126,12 * 2
0938++ AD4B 97 9A       		dw	frq_360
0939++ AD4D FF 7F 5E    		db	255,127,47 * 2
0940++ AD50 FF 9B       		dw	frq_434
0941++ AD52             patch_46hdr: 	
0942++ AD52 29 C8 07 FF 		db	029h,0c8h,7,0ffh
0943++ AD56             
0944++ AD56             
0945++ AD56             ;--- GM 47 = Timpani ---
0946++ AD56             
0947++ AD56             patch_47: 	
0948++ AD56 01          		db	1	; transpose on
0949++ AD57 1C A9       		dw	patch_2Bhdr
0950++ AD59 FF 00 49    		db	255,0,1 + 36 * 2	; tone 256
0951++ AD5C 07 97       		dw	frq_217
0952++ AD5E             
0953++ AD5E             
0954++ AD5E             ;--- GM 48 = Strings ---
0955++ AD5E             
0956++ AD5E             patch_48: 	
0957++ AD5E 01          		db	1	; transpose on
0958++ AD5F A4 A8       		dw	patch_0hdr
0959++ AD61 24 3C 31    		db	36,03ch,1 + 24 * 2	; tone 316
0960++ AD64 97 94       		dw	frq_96
0961++ AD66 2A 3E 61    		db	42,03eh,1 + 48 * 2	; tone 318
0962++ AD69 57 9E       		dw	frq_557
0963++ AD6B 30 3D 6D    		db	48,03dh,1 + 54 * 2	; tone 317
0964++ AD6E 17 93       		dw	frq_24
0965++ AD70 3B 3F 61    		db	59,03fh,1 + 48 * 2	; tone 319
0966++ AD73 77 9F       		dw	frq_653
0967++ AD75 FF 40 5F    		db	255,040h,1 + 47 * 2	; tone 320
0968++ AD78 DF 9D       		dw	frq_548
0969++ AD7A             
0970++ AD7A             ;--- GM 49 = Slow Strings ---
0971++ AD7A             
0972++ AD7A             patch_49: 	
0973++ AD7A 01          		db	1	; transpose on
0974++ AD7B 96 AD       		dw	patch_49hdr
0975++ AD7D 24 B0 30    		db	36,176, 24 * 2
0976++ AD80 C7 94       		dw	frq_98
0977++ AD82 2A 35 60    		db	42,53, 48 * 2
0978++ AD85 57 9E       		dw	frq_557
0979++ AD87 30 33 6C    		db	48,51, 54 * 2
0980++ AD8A 47 93       		dw	frq_27
0981++ AD8C 3B 34 60    		db	59,52, 48 * 2
0982++ AD8F 5F 9F       		dw	frq_650
0983++ AD91 FF AF 5E    		db	255,175, 47 * 2
0984++ AD94 AF 9D       		dw	frq_538
0985++ AD96             patch_49hdr: 	
0986++ AD96 19 FF       		db	019h,0ffh
0987++ AD98             
0988++ AD98             
0989++ AD98             ;--- GM 50 = Synth Strings 1 ---
0990++ AD98             
0991++ AD98             patch_50A: 	
0992++ AD98 01          		db	1	; transpose on
0993++ AD99 A0 AD       		dw	patch_50Ahdr
0994++ AD9B FF 02 30    		db	255,2, 24 * 2
0995++ AD9E C7 A3       		dw	frq_935
0996++ ADA0             patch_50Ahdr: 	
0997++ ADA0             		db	020h,098h,093h,0b0h,022h,0c8h,06h,0ffh
0997++ ADA0 209893B022C806FF
0998++ ADA8             
0999++ ADA8             patch_50B: 	
1000++ ADA8 01          		db	1	; transpose on
1001++ ADA9 B0 AD       		dw	patch_50Bhdr
1002++ ADAB FF AE 18    		db	255,174, 12 * 2
1003++ ADAE 67 94       		dw	frq_91
1004++ ADB0             patch_50Bhdr: 	
1005++ ADB0             		db	020h,098h,070h,0c8h,006h,0ffh
1005++ ADB0 209870C806FF
1006++ ADB6             
1007++ ADB6             
1008++ ADB6             ;--- GM 51 = Synth Strings 2 ---
1009++ ADB6             
1010++ ADB6             patch_51A: 	
1011++ ADB6 01          		db	1	; transpose on
1012++ ADB7 BE AD       		dw	patch_51Ahdr
1013++ ADB9 FF 02 18    		db	255,2, 12 * 2
1014++ ADBC C7 A3       		dw	frq_935
1015++ ADBE             patch_51Ahdr: 	
1016++ ADBE             		db	019h,098h,070h,0b0h,000h,0c8h,06h,0ffh
1016++ ADBE 199870B000C806FF
1017++ ADC6             
1018++ ADC6             patch_51B: 	
1019++ ADC6 01          		db	1	; transpose on
1020++ ADC7 BE AD       		dw	patch_51Ahdr
1021++ ADC9 FF 02 18    		db	255,2, 12 * 2
1022++ ADCC 7F A3       		dw	frq_927
1023++ ADCE             
1024++ ADCE             
1025++ ADCE             ;--- GM 52 = Choir Aahs ---
1026++ ADCE             
1027++ ADCE             patch_52: 	
1028++ ADCE 01          		db	1	; transpose on
1029++ ADCF E5 AD       		dw	patch_52hdr
1030++ ADD1 23 18 30    		db	35,24, 24 * 2
1031++ ADD4 5F 96       		dw	frq_204
1032++ ADD6 29 19 5E    		db	41,25, 47 * 2
1033++ ADD9 3F A1       		dw	frq_815
1034++ ADDB 30 1A 6A    		db	48,26, 53 * 2
1035++ ADDE 77 96       		dw	frq_206
1036++ ADE0 FF 1B 60    		db	255,27, 48 * 2
1037++ ADE3 4F 9A       		dw	frq_356
1038++ ADE5             patch_52hdr: 	
1039++ ADE5 1A FF       		db	01ah,0ffh
1040++ ADE7             
1041++ ADE7             ;--- GM 53 = Voice Oohs ---
1042++ ADE7             
1043++ ADE7             patch_53: 	
1044++ ADE7 01          		db	1	; transpose on
1045++ ADE8 EF AD       		dw	patch_53hdr
1046++ ADEA FF 29 18    		db	255,41, 12 * 2
1047++ ADED F7 97       		dw	frq_273
1048++ ADEF             patch_53hdr: 	
1049++ ADEF             		db	020h,098h,0f7h,0b0h,020h,0c8h,8,0ffh
1049++ ADEF 2098F7B020C808FF
1050++ ADF7             
1051++ ADF7             ;--- GM 54 = Synth Voice ---
1052++ ADF7             
1053++ ADF7             patch_54: 	
1054++ ADF7 01          		db	1	; transpose on
1055++ ADF8 FF AD       		dw	patch_54hdr
1056++ ADFA FF 2A 18    		db	255,42, 12 * 2
1057++ ADFD 8F 96       		dw	frq_208
1058++ ADFF             patch_54hdr: 	
1059++ ADFF             		db	019h,098h,085h,0b0h,021h,0c8h,7,0ffh
1059++ ADFF 199885B021C807FF
1060++ AE07             
1061++ AE07             ;--- GM 55 = Orchestra Hit ---
1062++ AE07             
1063++ AE07             patch_55: 	
1064++ AE07 01          		db	1	; transpose on
1065++ AE08 0F AE       		dw	patch_55hdr
1066++ AE0A FF 49 18    		db	255,73, 12 * 2
1067++ AE0D 17 A2       		dw	frq_835
1068++ AE0F             patch_55hdr: 	
1069++ AE0F 30 FF       		db	030h,0ffh
1070++ AE11             
1071++ AE11             ;--- GM 56 = Trumpet ---
1072++ AE11             
1073++ AE11             patch_56: 	
1074++ AE11 01          		db	1	; transpose on
1075++ AE12 32 AE       		dw	patch_56hdr
1076++ AE14 25 F6 30    		db	37,246, 24 * 2
1077++ AE17 77 93       		dw	frq_46
1078++ AE19 2C F8 62    		db	44,248, 49 * 2
1079++ AE1C D7 9C       		dw	frq_460
1080++ AE1E 31 F7 70    		db	49,247, 56 * 2
1081++ AE21 FF 92       		dw	frq_22
1082++ AE23 37 FA 62    		db	55,250, 49 * 2
1083++ AE26 17 9C       		dw	frq_436
1084++ AE28 3E F9 6E    		db	62,249, 55 * 2
1085++ AE2B 77 93       		dw	frq_46
1086++ AE2D FF FB 64    		db	255,251, 50 * 2
1087++ AE30 17 9C       		dw	frq_436
1088++ AE32             patch_56hdr: 	
1089++ AE32 32 FF       		db	032h,0ffh
1090++ AE34             
1091++ AE34             ;--- GM 57 = Trombone ---
1092++ AE34             
1093++ AE34             patch_57: 	
1094++ AE34 01          		db	1	; transpose on
1095++ AE35 46 AE       		dw	patch_57hdr
1096++ AE37 23 F0 30    		db	35,240, 24 * 2
1097++ AE3A 67 97       		dw	frq_228
1098++ AE3C 28 F1 5E    		db	40,241, 47 * 2
1099++ AE3F C7 A0       		dw	frq_750
1100++ AE41 FF F2 68    		db	255,242, 52 * 2
1101++ AE44 DF 97       		dw	frq_264
1102++ AE46             patch_57hdr: 	
1103++ AE46 21 FF       		db	021h,0ffh
1104++ AE48             
1105++ AE48             ;--- GM 58 = Tuba ---
1106++ AE48             
1107++ AE48             patch_58: 	
1108++ AE48 01          		db	1	; transpose on
1109++ AE49 46 AE       		dw	patch_57hdr
1110++ AE4B 16 85 48    		db	22,133, 36 * 2
1111++ AE4E F7 9D       		dw	frq_550
1112++ AE50 FF 86 5C    		db	255,134, 46 * 2
1113++ AE53 BF A2       		dw	frq_908
1114++ AE55             
1115++ AE55             ;--- GM 59 = Muted Trumpet ---
1116++ AE55             
1117++ AE55             patch_59: 	
1118++ AE55 01          		db	1	; transpose on
1119++ AE56 62 AE       		dw	patch_59hdr
1120++ AE58 2E B1 18    		db	46,177, 12 * 2
1121++ AE5B FF 9E       		dw	frq_630
1122++ AE5D FF B2 5C    		db	255,178, 46 * 2
1123++ AE60 FF 9E       		dw	frq_630
1124++ AE62             patch_59hdr: 	
1125++ AE62 28 E0 01 FF 		db	28h,0e0h,1,0ffh
1126++ AE66             
1127++ AE66             ;--- GM 60 = French Horn ---
1128++ AE66             
1129++ AE66             patch_60: 	
1130++ AE66 01          		db	1	; transpose on
1131++ AE67 73 AE       		dw	patch_60hdr
1132++ AE69 32 7C 18    		db	50,124, 12 * 2
1133++ AE6C 87 98       		dw	frq_290
1134++ AE6E FF 7D 64    		db	255,125, 50 * 2
1135++ AE71 BF 9F       		dw	frq_679
1136++ AE73             patch_60hdr: 	
1137++ AE73 1A FF       		db	01ah,0ffh
1138++ AE75             
1139++ AE75             ;--- GM 61 = Brass Section ---
1140++ AE75             
1141++ AE75             patch_61: 	
1142++ AE75 01          		db	1	; transpose on
1143++ AE76 1C A9       		dw	patch_2Bhdr
1144++ AE78 2B FC 18    		db	43,252, 12 * 2
1145++ AE7B 57 A1       		dw	frq_820
1146++ AE7D FF FD 56    		db	255,253, 43 * 2
1147++ AE80 E7 A1       		dw	frq_832
1148++ AE82             
1149++ AE82             ;--- GM 62 = Synth Brass 1 ---
1150++ AE82             
1151++ AE82             patch_62A: 	
1152++ AE82 01          		db	1	; transpose on
1153++ AE83 C1 AE       		dw	patch_62Ahdr
1154++ AE85 10 D3 60    		db	16,211, 48 * 2
1155++ AE88 EF A2       		dw	frq_916
1156++ AE8A 16 DA 80    		db	22,218, 64 * 2
1157++ AE8D 1F 9A       		dw	frq_354
1158++ AE8F 1C D4 74    		db	28,212, 58 * 2
1159++ AE92 EF A2       		dw	frq_916
1160++ AE94 22 DB 80    		db	34,219, 64 * 2
1161++ AE97 BF 99       		dw	frq_345
1162++ AE99 28 D5 74    		db	40,213, 58 * 2
1163++ AE9C C7 A3       		dw	frq_935
1164++ AE9E 2E DC 80    		db	46,220, 64 * 2
1165++ AEA1 EF 99       		dw	frq_350
1166++ AEA3 34 D6 74    		db	52,214, 58 * 2
1167++ AEA6 4F A3       		dw	frq_925
1168++ AEA8 3A DD 80    		db	58,221, 64 * 2
1169++ AEAB C7 9A       		dw	frq_363
1170++ AEAD 40 D7 74    		db	64,215, 58 * 2
1171++ AEB0 17 A5       		dw	frq_969
1172++ AEB2 46 DE 80    		db	70,222, 64 * 2
1173++ AEB5 47 99       		dw	frq_338
1174++ AEB7 4D D8 74    		db	77,216, 58 * 2
1175++ AEBA 4F A3       		dw	frq_925
1176++ AEBC FF D9 6A    		db	255,217, 53 * 2
1177++ AEBF 4F A3       		dw	frq_925
1178++ AEC1             patch_62Ahdr: 	
1179++ AEC1 18 FF       		db	018h,0ffh
1180++ AEC3             
1181++ AEC3             
1182++ AEC3             patch_62B: 	
1183++ AEC3 01          		db	1	; transpose on
1184++ AEC4 02 AF       		dw	patch_62Bhdr
1185++ AEC6 10 18 61    		db	16,18h, 1 + 48 * 2	; tone 280
1186++ AEC9 97 A3       		dw	frq_929
1187++ AECB 16 19 81    		db	22,19h, 1 + 64 * 2	; tone 281
1188++ AECE 97 9A       		dw	frq_360
1189++ AED0 1C 1A 75    		db	28,1ah, 1 + 58 * 2	; tone 282
1190++ AED3 7F A3       		dw	frq_927
1191++ AED5 22 1B 81    		db	34,1bh, 1 + 64 * 2	; tone 283
1192++ AED8 97 9A       		dw	frq_360
1193++ AEDA 28 1C 75    		db	40,1ch, 1 + 58 * 2	; tone 284
1194++ AEDD 0F A4       		dw	frq_939
1195++ AEDF 2E 1D 81    		db	46,1dh, 1 + 64 * 2	; tone 285
1196++ AEE2 0F 9B       		dw	frq_366
1197++ AEE4 34 1E 75    		db	52,1eh, 1 + 58 * 2	; tone 286
1198++ AEE7 9F A4       		dw	frq_951
1199++ AEE9 3A 1F 81    		db	58,1fh, 1 + 64 * 2	; tone 287
1200++ AEEC 0F 9B       		dw	frq_366
1201++ AEEE 40 20 75    		db	64,20h, 1 + 58 * 2	; tone 288
1202++ AEF1 47 A5       		dw	frq_977
1203++ AEF3 46 21 81    		db	70,21h, 1 + 64 * 2	; tone 289
1204++ AEF6 8F 99       		dw	frq_342
1205++ AEF8 4D 22 75    		db	77,22h, 1 + 58 * 2	; tone 290
1206++ AEFB 7F A3       		dw	frq_927
1207++ AEFD FF 23 6B    		db	255,23h, 1 + 53 * 2	; tone 291
1208++ AF00 7F A3       		dw	frq_927
1209++ AF02             patch_62Bhdr: 	
1210++ AF02             		db	018h,098h,0a5h,0b0h,011h,0ffh
1210++ AF02 1898A5B011FF
1211++ AF08             
1212++ AF08             
1213++ AF08             ;--- GM 63 = Synth Brass 2 ---
1214++ AF08             ; B zachter dan A, vals??
1215++ AF08             
1216++ AF08             patch_63A: 	
1217++ AF08 01          		db	1	; transpose on
1218++ AF09 47 AF       		dw	patch_63Ahdr
1219++ AF0B 10 18 61    		db	16,18h, 1 + 48 * 2	; tone 280
1220++ AF0E AF A3       		dw	frq_931
1221++ AF10 16 19 81    		db	22,19h, 1 + 64 * 2	; tone 281
1222++ AF13 AF 9A       		dw	frq_361
1223++ AF15 1C 1A 75    		db	28,1ah, 1 + 58 * 2	; tone 282
1224++ AF18 97 A3       		dw	frq_929
1225++ AF1A 22 1B 81    		db	34,1bh, 1 + 64 * 2	; tone 283
1226++ AF1D AF 9A       		dw	frq_361
1227++ AF1F 28 1C 75    		db	40,1ch, 1 + 58 * 2	; tone 284
1228++ AF22 27 A4       		dw	frq_941
1229++ AF24 2E 1D 81    		db	46,1dh, 1 + 64 * 2	; tone 285
1230++ AF27 27 9B       		dw	frq_367
1231++ AF29 34 1E 75    		db	52,1eh, 1 + 58 * 2	; tone 286
1232++ AF2C CF A4       		dw	frq_953
1233++ AF2E 3A 1F 81    		db	58,1fh, 1 + 64 * 2	; tone 287
1234++ AF31 27 9B       		dw	frq_367
1235++ AF33 40 20 75    		db	64,20h, 1 + 58 * 2	; tone 288
1236++ AF36 5F A5       		dw	frq_978
1237++ AF38 46 21 81    		db	70,21h, 1 + 64 * 2	; tone 289
1238++ AF3B A7 99       		dw	frq_343
1239++ AF3D 4D 22 75    		db	77,22h, 1 + 58 * 2	; tone 290
1240++ AF40 97 A3       		dw	frq_929
1241++ AF42 FF 23 6B    		db	255,23h, 1 + 53 * 2	; tone 291
1242++ AF45 97 A3       		dw	frq_929
1243++ AF47             patch_63Ahdr: 	
1244++ AF47 26 FF       		db	026h,0ffh
1245++ AF49             
1246++ AF49             
1247++ AF49             patch_63B: 	
1248++ AF49 01          		db	1	; transpose on
1249++ AF4A 51 AF       		dw	patch_63Bhdr
1250++ AF4C FF 24 19    		db	255,24h, 1 + 12 * 2	; tone 292
1251++ AF4F 57 9E       		dw	frq_557
1252++ AF51             patch_63Bhdr: 	
1253++ AF51 22 FF       		db	022h,0ffh
1254++ AF53             
1255++ AF53             ;--- GM 64 = Soprano Sax ---
1256++ AF53             
1257++ AF53             patch_64: 	
1258++ AF53 01          		db	1	; transpose on
1259++ AF54 D0 AB       		dw	patch_30hdr
1260++ AF56 28 E3 18    		db	40,227, 12 * 2
1261++ AF59 EF 9F       		dw	frq_701
1262++ AF5B 2E E4 68    		db	46,228, 52 * 2
1263++ AF5E EF 96       		dw	frq_216
1264++ AF60 34 E5 5C    		db	52,229, 46 * 2
1265++ AF63 A7 9F       		dw	frq_677
1266++ AF65 3A E6 68    		db	58,230, 52 * 2
1267++ AF68 97 97       		dw	frq_242
1268++ AF6A 41 E7 5C    		db	65,231, 46 * 2
1269++ AF6D 67 A0       		dw	frq_726
1270++ AF6F FF E8 82    		db	255,232, 65 * 2
1271++ AF72 7F 94       		dw	frq_94
1272++ AF74             
1273++ AF74             ;--- GM 65 = Alto Sax ---
1274++ AF74             
1275++ AF74             patch_65: 	
1276++ AF74 01          		db	1	; transpose on
1277++ AF75 B8 AF       		dw	patch_65hdr
1278++ AF77 1B 92 48    		db	27,146, 36 * 2
1279++ AF7A 47 93       		dw	frq_27
1280++ AF7C 1E 96 66    		db	30,150, 51 * 2
1281++ AF7F AF A0       		dw	frq_737
1282++ AF81 23 99 6C    		db	35,153, 54 * 2
1283++ AF84 CF 9B       		dw	frq_385
1284++ AF86 24 8F 76    		db	36,143, 59 * 2
1285++ AF89 97 97       		dw	frq_242
1286++ AF8B 27 93 78    		db	39,147, 60 * 2
1287++ AF8E 77 93       		dw	frq_46
1288++ AF90 2A 97 66    		db	42,151, 51 * 2
1289++ AF93 DF A0       		dw	frq_775
1290++ AF95 2D 9A 6C    		db	45,154, 54 * 2
1291++ AF98 D7 9C       		dw	frq_460
1292++ AF9A 30 90 72    		db	48,144, 57 * 2
1293++ AF9D EF 96       		dw	frq_216
1294++ AF9F 33 94 78    		db	51,148, 60 * 2
1295++ AFA2 FF 92       		dw	frq_22
1296++ AFA4 35 98 66    		db	53,152, 51 * 2
1297++ AFA7 7F A0       		dw	frq_727
1298++ AFA9 39 9B 6A    		db	57,155, 53 * 2
1299++ AFAC 1F 9D       		dw	frq_480
1300++ AFAE 3C 91 72    		db	60,145, 57 * 2
1301++ AFB1 87 98       		dw	frq_290
1302++ AFB3 FF 95 78    		db	255,149, 60 * 2
1303++ AFB6 7F 94       		dw	frq_94
1304++ AFB8             patch_65hdr: 	
1305++ AFB8 19 C8 0B FF 		db	019h,0c8h,000bh,0ffh
1306++ AFBC             
1307++ AFBC             ;--- GM 66 = Tenor Sax ---
1308++ AFBC             
1309++ AFBC             patch_66: 	
1310++ AFBC 01          		db	1	; transpose on
1311++ AFBD 3E AC       		dw	patch_36hdr
1312++ AFBF 19 E9 48    		db	25,233, 36 * 2
1313++ AFC2 D7 93       		dw	frq_75
1314++ AFC4 1D EA 62    		db	29,234, 49 * 2
1315++ AFC7 37 A0       		dw	frq_715
1316++ AFC9 23 EB 6A    		db	35,235, 53 * 2
1317++ AFCC 67 97       		dw	frq_228
1318++ AFCE 2A ED 5E    		db	42,237, 47 * 2
1319++ AFD1 77 9F       		dw	frq_653
1320++ AFD3 30 EC 6C    		db	48,236, 54 * 2
1321++ AFD6 A7 93       		dw	frq_70
1322++ AFD8 3A EE 60    		db	58,238, 48 * 2
1323++ AFDB 7F 9D       		dw	frq_531
1324++ AFDD FF EF 5C    		db	255,239, 46 * 2
1325++ AFE0 1F A3       		dw	frq_920
1326++ AFE2             
1327++ AFE2             
1328++ AFE2             ;--- GM 67 = Baritone Sax ---
1329++ AFE2             
1330++ AFE2             patch_67: 	
1331++ AFE2 01          		db	1	; transpose on
1332++ AFE3 3E AC       		dw	patch_36hdr
1333++ AFE5 16 DF 48    		db	22,223, 36 * 2
1334++ AFE8 B7 98       		dw	frq_299
1335++ AFEA 1D E1 5C    		db	29,225, 46 * 2
1336++ AFED C7 9D       		dw	frq_545
1337++ AFEF 22 E2 6A    		db	34,226, 53 * 2
1338++ AFF2 B7 98       		dw	frq_299
1339++ AFF4 FF E0 5C    		db	255,224, 46 * 2
1340++ AFF7 A7 A2       		dw	frq_874
1341++ AFF9             
1342++ AFF9             ;--- GM 68 = Oboe ---
1343++ AFF9             
1344++ AFF9             patch_68: 	
1345++ AFF9 01          		db	1	; transpose on
1346++ AFFA 1A B0       		dw	patch_68hdr
1347++ AFFC 25 42 18    		db	37,66, 12 * 2
1348++ AFFF 1F A3       		dw	frq_920
1349++ B001 2C 44 62    		db	44,68, 49 * 2
1350++ B004 47 99       		dw	frq_338
1351++ B006 32 43 58    		db	50,67, 44 * 2
1352++ B009 1F A3       		dw	frq_920
1353++ B00B 38 46 64    		db	56,70, 50 * 2
1354++ B00E 2F 99       		dw	frq_335
1355++ B010 3E 45 58    		db	62,69, 44 * 2
1356++ B013 1F A3       		dw	frq_920
1357++ B015 FF 47 64    		db	255,71, 50 * 2
1358++ B018 2F 99       		dw	frq_335
1359++ B01A             patch_68hdr: 	
1360++ B01A 39 FF       		db	039h,0ffh
1361++ B01C             
1362++ B01C             ;--- GM 69 = English Horn ---
1363++ B01C             
1364++ B01C             patch_69: 	
1365++ B01C 01          		db	1	; transpose on
1366++ B01D 2E B0       		dw	patch_69hdr
1367++ B01F 21 3C 30    		db	33,60, 24 * 2
1368++ B022 AF 97       		dw	frq_254
1369++ B024 27 3B 5A    		db	39,59, 45 * 2
1370++ B027 C7 A0       		dw	frq_750
1371++ B029 FF 3D 66    		db	255,61, 51 * 2
1372++ B02C 97 97       		dw	frq_242
1373++ B02E             patch_69hdr: 	
1374++ B02E 31 FF       		db	031h,0ffh
1375++ B030             
1376++ B030             ;--- GM 70 = Bassoon ---
1377++ B030             
1378++ B030             patch_70: 	
1379++ B030 01          		db	1	; transpose on
1380++ B031 2E B0       		dw	patch_69hdr
1381++ B033 0B 38 60    		db	11,56, 48 * 2
1382++ B036 BF 93       		dw	frq_73
1383++ B038 17 3A 5E    		db	23,58, 47 * 2
1384++ B03B 97 9D       		dw	frq_532
1385++ B03D FF 39 76    		db	255,57, 59 * 2
1386++ B040 D7 93       		dw	frq_75
1387++ B042             
1388++ B042             ;--- GM 71 = Clarinet ---
1389++ B042             
1390++ B042             patch_71: 	
1391++ B042 01          		db	1	; transpose on
1392++ B043 59 B0       		dw	patch_71hdr
1393++ B045 24 9E 30    		db	36,158, 24 * 2
1394++ B048 0F A1       		dw	frq_810
1395++ B04A 2A A0 78    		db	42,160, 60 * 2
1396++ B04D 6F 98       		dw	frq_288
1397++ B04F 33 9F 6C    		db	51,159, 54 * 2
1398++ B052 67 A0       		dw	frq_726
1399++ B054 FF A1 66    		db	255,161, 51 * 2
1400++ B057 1F A3       		dw	frq_920
1401++ B059             patch_71hdr: 	
1402++ B059 29 FF       		db	029h,0ffh
1403++ B05B             
1404++ B05B             ;--- GM 72 = Piccolo ---
1405++ B05B             
1406++ B05B             patch_72: 	
1407++ B05B 01          		db	1	; transpose on
1408++ B05C 77 B0       		dw	patch_72hdr
1409++ B05E 29 71 30    		db	41,113, 24 * 2
1410++ B061 7F 94       		dw	frq_94
1411++ B063 36 72 6A    		db	54,114, 53 * 2
1412++ B066 F7 94       		dw	frq_118
1413++ B068 3C 73 6C    		db	60,115, 54 * 2
1414++ B06B 7F 94       		dw	frq_94
1415++ B06D 48 74 78    		db	72,116, 60 * 2
1416++ B070 6F 98       		dw	frq_288
1417++ B072 FF 75 78    		db	255,117, 60 * 2
1418++ B075 1F A3       		dw	frq_920
1419++ B077             patch_72hdr: 	
1420++ B077 38 E0 02 FF 		db	038h,0e0h,2,0ffh
1421++ B07B             
1422++ B07B             ;--- GM 73 = Flute ---
1423++ B07B             
1424++ B07B             patch_73: 	
1425++ B07B 01          		db	1	; transpose on
1426++ B07C 77 B0       		dw	patch_72hdr
1427++ B07E 29 71 30    		db	41,113, 24 * 2
1428++ B081 7F 94       		dw	frq_94
1429++ B083 36 72 6A    		db	54,114, 53 * 2
1430++ B086 F7 94       		dw	frq_118
1431++ B088 FF 73 6C    		db	255,115, 54 * 2
1432++ B08B 7F 94       		dw	frq_94
1433++ B08D             
1434++ B08D             ;--- GM 74 = Recorder ---
1435++ B08D             
1436++ B08D             patch_74: 	
1437++ B08D 01          		db	1	; transpose on
1438++ B08E 95 B0       		dw	patch_74hdr
1439++ B090 FF BD 30    		db	255,189, 24 * 2
1440++ B093 3F 95       		dw	frq_143
1441++ B095             patch_74hdr: 	
1442++ B095 30 E0 01 FF 		db	030h,0e0h,1,0ffh
1443++ B099             
1444++ B099             ;--- GM 75 = Pan Flute ---
1445++ B099             
1446++ B099             patch_75: 	
1447++ B099 01          		db	1	; transpose on
1448++ B09A A1 B0       		dw	patch_75hdr
1449++ B09C FF 77 00    		db	255,119, 0 * 2
1450++ B09F EF 9C       		dw	frq_461
1451++ B0A1             patch_75hdr: 	
1452++ B0A1 30 E0 03 FF 		db	030h,0e0h,3,0ffh
1453++ B0A5             
1454++ B0A5             ;--- GM 76 = Blown Bottle ---
1455++ B0A5             
1456++ B0A5             patch_76A: 	
1457++ B0A5 01          		db	1	; transpose on
1458++ B0A6 AD B0       		dw	patch_76Ahdr
1459++ B0A8 FF 77 00    		db	255,119, 0 * 2
1460++ B0AB EF 9C       		dw	frq_461
1461++ B0AD             patch_76Ahdr: 	
1462++ B0AD 38 E0 01 FF 		db	038h,0e0h,1,0ffh
1463++ B0B1             
1464++ B0B1             patch_76B: 	
1465++ B0B1 01          		db	1	; transpose on
1466++ B0B2 B9 B0       		dw	patch_76Bhdr
1467++ B0B4 FF 25 1D    		db	255,25h, 1 + (12 + 2) * 2 ;31h	; tone 293
1468++ B0B7 E7 92       		dw	frq_21
1469++ B0B9             patch_76Bhdr: 	
1470++ B0B9 00 FF       		db	0h,0ffh
1471++ B0BB             
1472++ B0BB             ;--- GM 77 = Shakuhachi ---
1473++ B0BB             
1474++ B0BB             patch_77A: 		
1475++ B0BB 01          		db	1	; transpose on
1476++ B0BC A1 B0       		dw	patch_75hdr
1477++ B0BE FF AB 18    		db	255,171, 12 * 2
1478++ B0C1 17 A5       		dw	frq_969
1479++ B0C3             
1480++ B0C3             patch_77B: 	
1481++ B0C3 01          		db	1	; transpose on
1482++ B0C4 CB B0       		dw	patch_77Bhdr
1483++ B0C6 FF 76 18    		db	255,118, 12 * 2
1484++ B0C9 BF 99       		dw	frq_345
1485++ B0CB             patch_77Bhdr: 	
1486++ B0CB 28 E0 02 FF 		db	028h,0e0h,2,0ffh
1487++ B0CF             
1488++ B0CF             ;--- GM 78 = Whistle ---
1489++ B0CF             
1490++ B0CF             patch_78: 	
1491++ B0CF 01          		db	1	; transpose on
1492++ B0D0 D7 B0       		dw	patch_78hdr
1493++ B0D2 FF AA 00    		db	255,170, 0 * 2
1494++ B0D5 7F 94       		dw	frq_94
1495++ B0D7             patch_78hdr: 	
1496++ B0D7 2C 98 70 FF 		db	02ch,098h,070h,0ffh
1497++ B0DB             
1498++ B0DB             ;--- GM 79 = Ocarina ---
1499++ B0DB             
1500++ B0DB             patch_79: 	
1501++ B0DB 01          		db	1	; transpose on
1502++ B0DC E3 B0       		dw	patch_79hdr
1503++ B0DE FF AA 00    		db	255,170, 0 * 2
1504++ B0E1 7F 94       		dw	frq_94
1505++ B0E3             patch_79hdr: 	
1506++ B0E3 29 E0 01 FF 		db	029h,0e0h,1,0ffh
1507++ B0E7             
1508++ B0E7             ;--- GM 80 = Lead 1 (square) ---
1509++ B0E7             
1510++ B0E7             patch_80A: 	
1511++ B0E7 01          		db	1	; transpose on
1512++ B0E8 08 B1       		dw	patch_80Ahdr
1513++ B0EA 13 CC 78    		db	19,204, 60 * 2
1514++ B0ED 77 99       		dw	frq_341
1515++ B0EF 1F CD 6E    		db	31,205, 55 * 2
1516++ B0F2 A7 99       		dw	frq_343
1517++ B0F4 2B CA 6E    		db	43,202, 55 * 2
1518++ B0F7 A7 99       		dw	frq_343
1519++ B0F9 37 CF 6E    		db	55,207, 55 * 2
1520++ B0FC A7 99       		dw	frq_343
1521++ B0FE 43 CE 6E    		db	67,206, 55 * 2
1522++ B101 A7 99       		dw	frq_343
1523++ B103 FF CB 6E    		db	255,203, 55 * 2
1524++ B106 A7 99       		dw	frq_343
1525++ B108             patch_80Ahdr: 	
1526++ B108 38 98 C6 FF 		db	038h,098h,0c6h,0ffh
1527++ B10C             
1528++ B10C             
1529++ B10C             patch_80B: 	
1530++ B10C 01          		db	1	; transpose on
1531++ B10D 2D B1       		dw	patch_80Bhdr
1532++ B10F 13 CC 78    		db	19,204, 60 * 2
1533++ B112 2F 99       		dw	frq_335
1534++ B114 1F CD 6E    		db	31,205, 55 * 2
1535++ B117 47 99       		dw	frq_338
1536++ B119 2B CA 6E    		db	43,202, 55 * 2
1537++ B11C 47 99       		dw	frq_338
1538++ B11E 37 CF 6E    		db	55,207, 55 * 2
1539++ B121 47 99       		dw	frq_338
1540++ B123 43 CE 6E    		db	67,206, 55 * 2
1541++ B126 47 99       		dw	frq_338
1542++ B128 FF CB 6E    		db	255,203, 55 * 2
1543++ B12B 47 99       		dw	frq_338
1544++ B12D             patch_80Bhdr: 	
1545++ B12D 08 98 C6 FF 		db	008h,098h,0c6h,0ffh
1546++ B131             
1547++ B131             
1548++ B131             ;--- GM 81 = Lead 2 (sawtooth) ---
1549++ B131             
1550++ B131             patch_81A: 	
1551++ B131 01          		db	1	; transpose on
1552++ B132 70 B1       		dw	patch_81Ahdr
1553++ B134 10 18 61    		db	16,18h, 1 + 48 * 2	; tone 280
1554++ B137 7F A3       		dw	frq_927
1555++ B139 16 19 81    		db	22,19h, 1 + 64 * 2	; tone 281
1556++ B13C 7F 9A       		dw	frq_358
1557++ B13E 1C 1A 75    		db	28,1ah, 1 + 58 * 2	; tone 282
1558++ B141 4F A3       		dw	frq_925
1559++ B143 22 1B 81    		db	34,1bh, 1 + 64 * 2	; tone 283
1560++ B146 7F 9A       		dw	frq_358
1561++ B148 28 1C 75    		db	40,1ch, 1 + 58 * 2	; tone 284
1562++ B14B DF A3       		dw	frq_936
1563++ B14D 2E 1D 81    		db	46,1dh, 1 + 64 * 2	; tone 285
1564++ B150 DF 9A       		dw	frq_364
1565++ B152 34 1E 75    		db	52,1eh, 1 + 58 * 2	; tone 286
1566++ B155 6F A4       		dw	frq_949
1567++ B157 3A 1F 81    		db	58,1fh, 1 + 64 * 2	; tone 287
1568++ B15A DF 9A       		dw	frq_364
1569++ B15C 40 20 75    		db	64,20h, 1 + 58 * 2	; tone 288
1570++ B15F 2F A5       		dw	frq_974
1571++ B161 46 21 81    		db	70,21h, 1 + 64 * 2	; tone 289
1572++ B164 5F 99       		dw	frq_340
1573++ B166 4F 22 75    		db	79,22h, 1 + 58 * 2	; tone 290
1574++ B169 4F A3       		dw	frq_925
1575++ B16B FF 23 6F    		db	255,23h, 1 + 55 * 2	; tone 291
1576++ B16E 4F A3       		dw	frq_925
1577++ B170             patch_81Ahdr: 	
1578++ B170             		db	030h,098h,0f2h,0b0h,022h,0c8h,00ah,0ffh
1578++ B170 3098F2B022C80AFF
1579++ B178             
1580++ B178             patch_81B: 	
1581++ B178 01          		db	1	; transpose on
1582++ B179 70 B1       		dw	patch_81Ahdr
1583++ B17B 10 18 61    		db	16,18h, 1 + 48 * 2	; tone 280
1584++ B17E 07 A3       		dw	frq_918
1585++ B180 16 19 81    		db	22,19h, 1 + 64 * 2	; tone 281
1586++ B183 07 9A       		dw	frq_352
1587++ B185 1C 1A 75    		db	28,1ah, 1 + 58 * 2	; tone 282
1588++ B188 EF A2       		dw	frq_916
1589++ B18A 22 1B 81    		db	34,1bh, 1 + 64 * 2	; tone 283
1590++ B18D 07 9A       		dw	frq_352
1591++ B18F 28 1C 75    		db	40,1ch, 1 + 58 * 2	; tone 284
1592++ B192 7F A3       		dw	frq_927
1593++ B194 2E 1D 81    		db	46,1dh, 1 + 64 * 2	; tone 285
1594++ B197 7F 9A       		dw	frq_358
1595++ B199 34 1E 75    		db	52,1eh, 1 + 58 * 2	; tone 286
1596++ B19C 27 A4       		dw	frq_941
1597++ B19E 3A 1F 81    		db	58,1fh, 1 + 64 * 2	; tone 287
1598++ B1A1 7F 9A       		dw	frq_358
1599++ B1A3 40 20 75    		db	64,20h, 1 + 58 * 2	; tone 288
1600++ B1A6 FF A4       		dw	frq_966
1601++ B1A8 46 21 81    		db	70,21h, 1 + 64 * 2	; tone 289
1602++ B1AB 17 99       		dw	frq_333
1603++ B1AD 4F 22 75    		db	79,22h, 1 + 58 * 2	; tone 290
1604++ B1B0 EF A2       		dw	frq_916
1605++ B1B2 FF 23 6F    		db	255,23h, 1 + 55 * 2	; tone 291
1606++ B1B5 EF A2       		dw	frq_916
1607++ B1B7             
1608++ B1B7             ;--- GM 82 = Lead 3 (calliope) ---
1609++ B1B7             
1610++ B1B7             patch_82A: 	
1611++ B1B7 01          		db	1	; transpose on
1612++ B1B8 BF B1       		dw	patch_82Ahdr
1613++ B1BA FF AA 00    		db	255,170, 0 * 2
1614++ B1BD 7F 94       		dw	frq_94
1615++ B1BF             patch_82Ahdr: 	
1616++ B1BF 28 E0 02 FF 		db	028h,0e0h,2,0ffh
1617++ B1C3             
1618++ B1C3             patch_82B: 	
1619++ B1C3 01          		db	1	; transpose on
1620++ B1C4 CB B1       		dw	patch_82Bhdr
1621++ B1C6 FF 76 18    		db	255,118, 12 * 2
1622++ B1C9 BF 99       		dw	frq_345
1623++ B1CB             patch_82Bhdr: 	
1624++ B1CB             		db	028h,098h,0b0h,0e0h,2,0ffh
1624++ B1CB 2898B0E002FF
1625++ B1D1             
1626++ B1D1             ;--- GM 83 = Lead 4 (chiff) ---
1627++ B1D1             
1628++ B1D1             patch_83A: 	
1629++ B1D1 01          		db	1	; transpose on
1630++ B1D2 D9 B1       		dw	patch_83Ahdr
1631++ B1D4 FF 3A 19    		db	255,3ah, 1 + 12 * 2	; tone 314
1632++ B1D7 E7 98       		dw	frq_314
1633++ B1D9             patch_83Ahdr: 	
1634++ B1D9 2A E0 01 FF 		db	02ah,0e0h,1,0ffh
1635++ B1DD             
1636++ B1DD             patch_83B: 	
1637++ B1DD 01          		db	1	; transpose on
1638++ B1DE 1C A9       		dw	patch_2Bhdr
1639++ B1E0 FF FE 18    		db	255,254, 12 * 2
1640++ B1E3 CF 98       		dw	frq_311
1641++ B1E5             
1642++ B1E5             
1643++ B1E5             ;--- GM 84 = Lead 5 (charang) ---
1644++ B1E5             
1645++ B1E5             patch_84A: 	
1646++ B1E5 01          		db	1	; transpose on
1647++ B1E6 F2 B1       		dw	patch_84Ahdr
1648++ B1E8 29 A5 48    		db	41,165, 36 * 2
1649++ B1EB 7F 97       		dw	frq_231
1650++ B1ED FF A6 82    		db	255,166, 65 * 2
1651++ B1F0 07 9D       		dw	frq_462
1652++ B1F2             patch_84Ahdr: 	
1653++ B1F2 33 FF       		db	033h,0ffh
1654++ B1F4             
1655++ B1F4             patch_84B: 	
1656++ B1F4 01          		db	1	; transpose on
1657++ B1F5 33 B2       		dw	patch_84Bhdr
1658++ B1F7 10 18 61    		db	16,18h, 1 + 48 * 2	; tone 280
1659++ B1FA 07 A3       		dw	frq_918
1660++ B1FC 16 19 81    		db	22,19h, 1 + 64 * 2	; tone 281
1661++ B1FF 07 9A       		dw	frq_352
1662++ B201 1C 1A 75    		db	28,1ah, 1 + 58 * 2	; tone 282
1663++ B204 EF A2       		dw	frq_916
1664++ B206 22 1B 81    		db	34,1bh, 1 + 64 * 2	; tone 283
1665++ B209 07 9A       		dw	frq_352
1666++ B20B 28 1C 75    		db	40,1ch, 1 + 58 * 2	; tone 284
1667++ B20E 7F A3       		dw	frq_927
1668++ B210 2E 1D 81    		db	46,1dh, 1 + 64 * 2	; tone 285
1669++ B213 7F 9A       		dw	frq_358
1670++ B215 34 1E 75    		db	52,1eh, 1 + 58 * 2	; tone 286
1671++ B218 27 A4       		dw	frq_941
1672++ B21A 3A 1F 81    		db	58,1fh, 1 + 64 * 2	; tone 287
1673++ B21D 7F 9A       		dw	frq_358
1674++ B21F 40 20 75    		db	64,20h, 1 + 58 * 2	; tone 288
1675++ B222 FF A4       		dw	frq_966
1676++ B224 46 21 81    		db	70,21h, 1 + 64 * 2	; tone 289
1677++ B227 17 99       		dw	frq_333
1678++ B229 4F 22 75    		db	79,22h, 1 + 58 * 2	; tone 290
1679++ B22C EF A2       		dw	frq_916
1680++ B22E FF 23 6F    		db	255,23h, 1 + 55 * 2	; tone 291
1681++ B231 EF A2       		dw	frq_916
1682++ B233             patch_84Bhdr: 	
1683++ B233             		db	02ah,098h,0f2h,0b0h,022h,0c8h,00eh,0ffh
1683++ B233 2A98F2B022C80EFF
1684++ B23B             
1685++ B23B             
1686++ B23B             ;--- GM 85 = Lead 6 (voice) ---
1687++ B23B             
1688++ B23B             patch_85A: 	
1689++ B23B 01          		db	1	; transpose on
1690++ B23C 43 B2       		dw	patch_85Ahdr
1691++ B23E FF AA 00    		db	255,170, 0 * 2
1692++ B241 C7 94       		dw	frq_98
1693++ B243             patch_85Ahdr: 	
1694++ B243 2E FF       		db	02eh,0ffh
1695++ B245             
1696++ B245             patch_85B: 	
1697++ B245 01          		db	1	; transpose on
1698++ B246 4D B2       		dw	patch_85Bhdr
1699++ B248 FF 2A 18    		db	255,42, 12 * 2
1700++ B24B 5F 96       		dw	frq_204
1701++ B24D             patch_85Bhdr: 	
1702++ B24D             		db	029h,098h,0f0h,0c8h,00ah,0ffh
1702++ B24D 2998F0C80AFF
1703++ B253             
1704++ B253             
1705++ B253             ;--- GM 86 = Lead 7 (fifths) ---
1706++ B253             
1707++ B253             patch_86A: 	
1708++ B253 01          		db	1	; transpose on
1709++ B254 92 B2       		dw	patch_86Ahdr
1710++ B256 10 18 61    		db	16,18h, 1 + 48 * 2	; tone 280
1711++ B259 07 A3       		dw	frq_918
1712++ B25B 16 19 81    		db	22,19h, 1 + 64 * 2	; tone 281
1713++ B25E 07 9A       		dw	frq_352
1714++ B260 1C 1A 75    		db	28,1ah, 1 + 58 * 2	; tone 282
1715++ B263 EF A2       		dw	frq_916
1716++ B265 22 1B 81    		db	34,1bh, 1 + 64 * 2	; tone 283
1717++ B268 07 9A       		dw	frq_352
1718++ B26A 28 1C 75    		db	40,1ch, 1 + 58 * 2	; tone 284
1719++ B26D 7F A3       		dw	frq_927
1720++ B26F 2E 1D 81    		db	46,1dh, 1 + 64 * 2	; tone 285
1721++ B272 7F 9A       		dw	frq_358
1722++ B274 34 1E 75    		db	52,1eh, 1 + 58 * 2	; tone 286
1723++ B277 27 A4       		dw	frq_941
1724++ B279 3A 1F 81    		db	58,1fh, 1 + 64 * 2	; tone 287
1725++ B27C 7F 9A       		dw	frq_358
1726++ B27E 40 20 75    		db	64,20h, 1 + 58 * 2	; tone 288
1727++ B281 FF A4       		dw	frq_966
1728++ B283 46 21 81    		db	70,21h, 1 + 64 * 2	; tone 289
1729++ B286 17 99       		dw	frq_333
1730++ B288 4F 22 75    		db	79,22h, 1 + 58 * 2	; tone 290
1731++ B28B EF A2       		dw	frq_916
1732++ B28D FF 23 6F    		db	255,23h, 1 + 55 * 2	; tone 291
1733++ B290 EF A2       		dw	frq_916
1734++ B292             patch_86Ahdr: 	
1735++ B292 32 98 F5 FF 		db	032h,098h,0f5h,0ffh
1736++ B296             
1737++ B296             patch_86B: 	
1738++ B296 01          		db	1	; transpose on
1739++ B297 9E B2       		dw	patch_86Bhdr
1740++ B299 FF 02 18    		db	255,2, 12 * 2
1741++ B29C 97 A3       		dw	frq_929
1742++ B29E             patch_86Bhdr: 	
1743++ B29E             		db	031h,098h,0b3h,0b0h,022h,0c8h,00bh,0ffh
1743++ B29E 3198B3B022C80BFF
1744++ B2A6             
1745++ B2A6             ;--- GM 87 = Lead 8 (bass + lead) ---
1746++ B2A6             
1747++ B2A6             patch_87A: 	
1748++ B2A6 01          		db	1	; transpose on
1749++ B2A7 89 AB       		dw	patch_27hdr
1750++ B2A9 FF 17 61    		db	255,17h, 1 + 48 * 2	; tone 279
1751++ B2AC 1F 97       		dw	frq_219
1752++ B2AE             
1753++ B2AE             
1754++ B2AE             ;--- GM 88 = Pad 1 (new age) ---
1755++ B2AE             ; B zachter dan A
1756++ B2AE             patch_88A: 	
1757++ B2AE 01          		db	1	; transpose on
1758++ B2AF B6 B2       		dw	patch_88Ahdr
1759++ B2B1 FF 02 18    		db	255,2, 12 * 2
1760++ B2B4 7F A3       		dw	frq_927
1761++ B2B6             patch_88Ahdr: 	
1762++ B2B6 24 FF       		db	024h,0ffh
1763++ B2B8             
1764++ B2B8             patch_88B: 	
1765++ B2B8 01          		db	1	; transpose on
1766++ B2B9 C0 B2       		dw	patch_88Bhdr
1767++ B2BB FF F3 18    		db	255,243, 12 * 2
1768++ B2BE 4F A0       		dw	frq_721
1769++ B2C0             patch_88Bhdr: 	
1770++ B2C0             		db	023h,098h,0a2h,0b0h,014h,0c8h,6,0e0h,1,0ffh
1770++ B2C0 2398A2B014C806E001FF
1771++ B2CA             
1772++ B2CA             ;--- GM 89 = Pad 2 (warm) ---
1773++ B2CA             ; B zachter dan A
1774++ B2CA             patch_89A: 	
1775++ B2CA 01          		db	1	; transpose on
1776++ B2CB D2 B2       		dw	patch_89Ahdr
1777++ B2CD FF 4E 30    		db	255,78, 24 * 2
1778++ B2D0 9F 9B       		dw	frq_379
1779++ B2D2             patch_89Ahdr: 	
1780++ B2D2 2A E0 02 FF 		db	02ah,0e0h,2,0ffh
1781++ B2D6             
1782++ B2D6             patch_89B: 	
1783++ B2D6 01          		db	1	; transpose on
1784++ B2D7 51 AF       		dw	patch_63Bhdr
1785++ B2D9 FF 29 18    		db	255,41, 12 * 2
1786++ B2DC C7 97       		dw	frq_261
1787++ B2DE             
1788++ B2DE             
1789++ B2DE             ;--- GM 90 = Pad 3 (polysynth) ---
1790++ B2DE             
1791++ B2DE             patch_90A: 	
1792++ B2DE 01          		db	1	; transpose on
1793++ B2DF 1D B3       		dw	patch_90Ahdr
1794++ B2E1 10 18 61    		db	16,18h, 1 + 48 * 2	; tone 280
1795++ B2E4 97 A3       		dw	frq_929
1796++ B2E6 16 19 81    		db	22,19h, 1 + 64 * 2	; tone 281
1797++ B2E9 97 9A       		dw	frq_360
1798++ B2EB 1C 1A 75    		db	28,1ah, 1 + 58 * 2	; tone 282
1799++ B2EE 7F A3       		dw	frq_927
1800++ B2F0 22 1B 81    		db	34,1bh, 1 + 64 * 2	; tone 283
1801++ B2F3 97 9A       		dw	frq_360
1802++ B2F5 28 1C 75    		db	40,1ch, 1 + 58 * 2	; tone 284
1803++ B2F8 0F A4       		dw	frq_939
1804++ B2FA 2E 1D 81    		db	46,1dh, 1 + 64 * 2	; tone 285
1805++ B2FD 0F 9B       		dw	frq_366
1806++ B2FF 34 1E 75    		db	52,1eh, 1 + 58 * 2	; tone 286
1807++ B302 9F A4       		dw	frq_951
1808++ B304 3A 1F 81    		db	58,1fh, 1 + 64 * 2	; tone 287
1809++ B307 0F 9B       		dw	frq_366
1810++ B309 40 20 75    		db	64,20h, 1 + 58 * 2	; tone 288
1811++ B30C 47 A5       		dw	frq_977
1812++ B30E 46 21 81    		db	70,21h, 1 + 64 * 2	; tone 289
1813++ B311 77 99       		dw	frq_341
1814++ B313 4F 22 75    		db	79,22h, 1 + 58 * 2	; tone 290
1815++ B316 7F A3       		dw	frq_927
1816++ B318 FF 23 6F    		db	255,23h, 1 + 55 * 2	; tone 291
1817++ B31B 7F A3       		dw	frq_927
1818++ B31D             patch_90Ahdr: 	
1819++ B31D             		db	023h,098h,0f2h,0b0h,022h,0c8h,007h,0e0h,1,0ffh
1819++ B31D 2398F2B022C807E001FF
1820++ B327             
1821++ B327             patch_90B: 	
1822++ B327 01          		db	1	; transpose on
1823++ B328 2F B3       		dw	patch_90Bhdr
1824++ B32A FF 24 19    		db	255,24h, 1 + 12 * 2	; tone 292
1825++ B32D F7 9D       		dw	frq_550
1826++ B32F             patch_90Bhdr: 	
1827++ B32F 22 98 E5 FF 		db	022h,098h,0e5h,0ffh
1828++ B333             
1829++ B333             ;--- GM 91 = Pad 4 (choir) ---
1830++ B333             
1831++ B333             patch_91A: 	
1832++ B333 01          		db	1	; transpose on
1833++ B334 4A B3       		dw	patch_91Ahdr
1834++ B336 23 18 30    		db	35,24, 24 * 2
1835++ B339 5F 96       		dw	frq_204
1836++ B33B 29 19 5E    		db	41,25, 47 * 2
1837++ B33E 3F A1       		dw	frq_815
1838++ B340 30 1A 6A    		db	48,26, 53 * 2
1839++ B343 77 96       		dw	frq_206
1840++ B345 FF 1B 60    		db	255,27, 48 * 2
1841++ B348 4F 9A       		dw	frq_356
1842++ B34A             patch_91Ahdr: 	
1843++ B34A 25 C8 06 FF 		db	025h,0c8h,006h,0ffh
1844++ B34E             
1845++ B34E             patch_91B: 	
1846++ B34E 01          		db	1	; transpose on
1847++ B34F 56 B3       		dw	patch_91Bhdr
1848++ B351 FF 2A 18    		db	255,42, 12 * 2
1849++ B354 8F 96       		dw	frq_208
1850++ B356             patch_91Bhdr: 	
1851++ B356             		db	024h,098h,065h,0b0h,021h,0ffh
1851++ B356 249865B021FF
1852++ B35C             
1853++ B35C             ;--- GM 92 = Pad 5 (bowed) ---
1854++ B35C             
1855++ B35C             patch_92A: 	
1856++ B35C 01          		db	1	; transpose on
1857++ B35D 64 B3       		dw	patch_92Ahdr
1858++ B35F FF 02 31    		db	255,2, 1 + 24 * 2	; tone 257
1859++ B362 37 94       		dw	frq_88
1860++ B364             patch_92Ahdr: 	
1861++ B364             		db	019h,098h,044h,0e0h,2,0ffh
1861++ B364 199844E002FF
1862++ B36A             
1863++ B36A             patch_92B: 	
1864++ B36A 01          		db	1	; transpose on
1865++ B36B 72 B3       		dw	patch_92Bhdr
1866++ B36D FF AA 00    		db	255,170, 0 * 2
1867++ B370 4F 94       		dw	frq_89
1868++ B372             patch_92Bhdr: 	
1869++ B372             		db	019h,098h,040h,0c8h,6,0ffh
1869++ B372 199840C806FF
1870++ B378             
1871++ B378             ;--- GM 93 = Pad 6 (metallic) ---
1872++ B378             
1873++ B378             patch_93A: 	
1874++ B378 01          		db	1	; transpose on
1875++ B379 8F B3       		dw	patch_93Ahdr
1876++ B37B 1A 0C 48    		db	26,12, 36 * 2
1877++ B37E 5F 9C       		dw	frq_445
1878++ B380 21 0D 64    		db	33,13, 50 * 2
1879++ B383 8F 9C       		dw	frq_450
1880++ B385 30 0E 5A    		db	48,14, 45 * 2
1881++ B388 B7 A1       		dw	frq_828
1882++ B38A FF 0F 60    		db	255,15, 48 * 2
1883++ B38D B7 A1       		dw	frq_828
1884++ B38F             patch_93Ahdr: 	
1885++ B38F             		db	00ah,0b0h,003h,0c8h,6,0ffh
1885++ B38F 0AB003C806FF
1886++ B395             
1887++ B395             patch_93B: 	
1888++ B395 01          		db	1	; transpose on
1889++ B396 9D B3       		dw	patch_93Bhdr
1890++ B398 FF 3F 18    		db	255,63, 12 * 2
1891++ B39B D7 9F       		dw	frq_698
1892++ B39D             patch_93Bhdr: 	
1893++ B39D 31 98 85 FF 		db	031h,098h,085h,0ffh
1894++ B3A1             
1895++ B3A1             ;--- GM 94 = Pad 7 (halo) ---
1896++ B3A1             patch_94A: 	
1897++ B3A1 01          		db	1	; transpose on
1898++ B3A2 E5 AD       		dw	patch_52hdr
1899++ B3A4 FF 24 19    		db	255,24h, 1 + 12 * 2	; 292
1900++ B3A7 9F 9E       		dw	frq_560
1901++ B3A9             
1902++ B3A9             patch_94B: 	
1903++ B3A9 01          		db	1	; transpose on
1904++ B3AA 94 A9       		dw	patch_5Ahdr
1905++ B3AC FF 2A 18    		db	255,42, 12 * 2
1906++ B3AF 2F 96       		dw	frq_202
1907++ B3B1             
1908++ B3B1             
1909++ B3B1             ;--- GM 95 = Pad 8 (sweep) ---
1910++ B3B1             
1911++ B3B1             patch_95A: 	
1912++ B3B1 01          		db	1	; transpose on
1913++ B3B2 F0 B3       		dw	patch_95Ahdr
1914++ B3B4 10 D3 60    		db	16,211, 48 * 2
1915++ B3B7 1F A3       		dw	frq_920
1916++ B3B9 16 DA 80    		db	22,218, 64 * 2
1917++ B3BC 4F 9A       		dw	frq_356
1918++ B3BE 1C D4 74    		db	28,212, 58 * 2
1919++ B3C1 1F A3       		dw	frq_920
1920++ B3C3 22 DB 80    		db	34,219, 64 * 2
1921++ B3C6 D7 99       		dw	frq_348
1922++ B3C8 28 D5 74    		db	40,213, 58 * 2
1923++ B3CB F7 A3       		dw	frq_937
1924++ B3CD 2E DC 80    		db	46,220, 64 * 2
1925++ B3D0 07 9A       		dw	frq_352
1926++ B3D2 34 D6 74    		db	52,214, 58 * 2
1927++ B3D5 67 A3       		dw	frq_926
1928++ B3D7 3A DD 80    		db	58,221, 64 * 2
1929++ B3DA F7 9A       		dw	frq_365
1930++ B3DC 40 D7 74    		db	64,215, 58 * 2
1931++ B3DF 2F A5       		dw	frq_974	; 975
1932++ B3E1 46 DE 80    		db	70,222, 64 * 2
1933++ B3E4 77 99       		dw	frq_341
1934++ B3E6 4C D8 74    		db	76,216, 58 * 2
1935++ B3E9 67 A3       		dw	frq_926
1936++ B3EB FF D9 68    		db	255,217, 52 * 2
1937++ B3EE 67 A3       		dw	frq_926
1938++ B3F0             patch_95Ahdr: 	
1939++ B3F0             		db	019h,098h,015h,0c8h,6,0ffh
1939++ B3F0 199815C806FF
1940++ B3F6             
1941++ B3F6             patch_95B: 	
1942++ B3F6 01          		db	1	; transpose on
1943++ B3F7 35 B4       		dw	patch_95Bhdr
1944++ B3F9 10 D3 60    		db	16,211, 48 * 2
1945++ B3FC D7 A2       		dw	frq_909
1946++ B3FE 16 DA 80    		db	22,218, 64 * 2
1947++ B401 EF 99       		dw	frq_350
1948++ B403 1C D4 74    		db	28,212, 58 * 2
1949++ B406 D7 A2       		dw	frq_909
1950++ B408 22 DB 80    		db	34,219, 64 * 2
1951++ B40B 5F 99       		dw	frq_340
1952++ B40D 28 D5 74    		db	40,213, 58 * 2
1953++ B410 7F A3       		dw	frq_927
1954++ B412 2E DC 80    		db	46,220, 64 * 2
1955++ B415 BF 99       		dw	frq_345
1956++ B417 34 D6 74    		db	52,214, 58 * 2
1957++ B41A EF A2       		dw	frq_916
1958++ B41C 3A DD 80    		db	58,221, 64 * 2
1959++ B41F 67 9A       		dw	frq_357
1960++ B421 40 D7 74    		db	64,215, 58 * 2
1961++ B424 E7 A4       		dw	frq_964
1962++ B426 46 DE 80    		db	70,222, 64 * 2
1963++ B429 17 99       		dw	frq_333
1964++ B42B 4C D8 74    		db	76,216, 58 * 2
1965++ B42E 67 A3       		dw	frq_926
1966++ B430 FF D9 68    		db	255,217, 52 * 2
1967++ B433 EF A2       		dw	frq_916
1968++ B435             
1969++ B435             patch_95Bhdr: 	
1970++ B435             		db	018h,098h,015h,0c8h,6,0ffh
1970++ B435 189815C806FF
1971++ B43B             
1972++ B43B             ;--- GM 96 = Rain ---
1973++ B43B             
1974++ B43B             patch_96: 	
1975++ B43B 00          		db	0	; transpose off
1976++ B43C 61 AA       		dw	patch_15Bhdr
1977++ B43E FF 43 63    		db	255,43h, 1 + (48 + 1) * 2	; tone 323
1978++ B441 77 9C       		dw	frq_448
1979++ B443             
1980++ B443             
1981++ B443             ;--- GM 97 = Soundtrack ---
1982++ B443             
1983++ B443             patch_97A: 	
1984++ B443 01          		db	1	; transpose on
1985++ B444 4B B4       		dw	patch_97Ahdr
1986++ B446 FF 02 30    		db	255,2, 24 * 2
1987++ B449 7F A3       		dw	frq_927
1988++ B44B             patch_97Ahdr: 	
1989++ B44B 2A 98 60 FF 		db	02ah,098h,060h,0ffh
1990++ B44F             
1991++ B44F             patch_97B: 	
1992++ B44F 01          		db	1	; transpose on
1993++ B450 57 B4       		dw	patch_97Bhdr
1994++ B452 FF F3 00    		db	255,243, 0 * 2
1995++ B455 07 A0       		dw	frq_704
1996++ B457             patch_97Bhdr: 	
1997++ B457             		db	02dh,098h,052h,0b0h,014h,0c8h,006h,0e0h,2,0ffh
1997++ B457 2D9852B014C806E002FF
1998++ B461             
1999++ B461             ;--- GM 98 = Crystal ---
2000++ B461             
2001++ B461             patch_98A: 	
2002++ B461 01          		db	1	; transpose on
2003++ B462 69 B4       		dw	patch_98Ahdr
2004++ B464 FF F3 00    		db	255,243, 0 * 2
2005++ B467 3F 95       		dw	frq_143
2006++ B469             patch_98Ahdr: 	
2007++ B469 33 FF       		db	033h,0ffh
2008++ B46B             
2009++ B46B             patch_98B: 	
2010++ B46B 01          		db	1	; transpose on
2011++ B46C 7D B4       		dw	patch_98Bhdr
2012++ B46E 15 6D 48    		db	21,109, 36 * 2
2013++ B471 9F A1       		dw	frq_824
2014++ B473 1F 6E 5A    		db	31,110, 45 * 2
2015++ B476 CF A1       		dw	frq_831
2016++ B478 FF 6F 56    		db	255,111, 43 * 2
2017++ B47B 47 A2       		dw	frq_843
2018++ B47D             patch_98Bhdr: 	
2019++ B47D             		db	03bh,098h,085h,0c8h,6,0ffh
2019++ B47D 3B9885C806FF
2020++ B483             
2021++ B483             ;--- GM 99 = Atmosphere ---
2022++ B483             
2023++ B483             patch_99A: 	
2024++ B483 01          		db	1	; transpose on
2025++ B484 8B B4       		dw	patch_99Ahdr
2026++ B486 FF 02 30    		db	255,2, 24 * 2
2027++ B489 7F A3       		dw	frq_927
2028++ B48B             patch_99Ahdr: 	
2029++ B48B             		db	032h,098h,073h,0b0h,022h,0c8h,6,0e0h,1,0ffh
2029++ B48B 329873B022C806E001FF
2030++ B495             
2031++ B495             patch_99B: 	
2032++ B495 01          		db	1	; transpose on
2033++ B496 B1 B4       		dw	patch_99Bhdr
2034++ B498 18 B3 48    		db	24,179, 36 * 2
2035++ B49B BF 9C       		dw	frq_459
2036++ B49D 1F B7 60    		db	31,183, 48 * 2
2037++ B4A0 27 9E       		dw	frq_555
2038++ B4A2 25 B5 6E    		db	37,181, 55 * 2
2039++ B4A5 E7 92       		dw	frq_21
2040++ B4A7 2C B4 62    		db	44,180, 49 * 2
2041++ B4AA BF 9C       		dw	frq_459
2042++ B4AC FF B6 58    		db	255,182, 44 * 2
2043++ B4AF 67 A0       		dw	frq_726
2044++ B4B1             patch_99Bhdr: 	
2045++ B4B1             		db	032h,0c8h,7,0e0h,2,0ffh
2045++ B4B1 32C807E002FF
2046++ B4B7             
2047++ B4B7             ;--- GM 100 = Brightness ---
2048++ B4B7             
2049++ B4B7             patch_100A: 	
2050++ B4B7 01          		db	1	; transpose on
2051++ B4B8 61 AA       		dw	patch_15Bhdr
2052++ B4BA FF 37 31    		db	255,37h, 1 + 24 * 2	; tone 311
2053++ B4BD 0F 9B       		dw	frq_366
2054++ B4BF             
2055++ B4BF             patch_100B: 	
2056++ B4BF 01          		db	1	; transpose on
2057++ B4C0 C7 B4       		dw	patch_100Bhdr
2058++ B4C2 FF 2A 18    		db	255,42, 12 * 2
2059++ B4C5 8F 96       		dw	frq_208
2060++ B4C7             patch_100Bhdr: 	
2061++ B4C7 29 C8 06 FF 		db	029h,0c8h,6,0ffh
2062++ B4CB             
2063++ B4CB             ;--- GM 102 = Echoes ---
2064++ B4CB             
2065++ B4CB             patch_102A: 	
2066++ B4CB 01          		db	1	; transpose on
2067++ B4CC D3 B4       		dw	patch_102Ahdr
2068++ B4CE FF 24 31    		db	255,24h, 1 + 24 * 2	; tone 292
2069++ B4D1 0F 9E       		dw	frq_552
2070++ B4D3             patch_102Ahdr: 	
2071++ B4D3             		db	02bh,098h,0f5h,0b0h,021h,0c8h,6,0ffh
2071++ B4D3 2B98F5B021C806FF
2072++ B4DB             
2073++ B4DB             patch_102B: 	
2074++ B4DB 01          		db	1	; transpose on
2075++ B4DC E3 B4       		dw	patch_102Bhdr
2076++ B4DE FF 2A 18    		db	255,42, 12 * 2
2077++ B4E1 A7 96       		dw	frq_211
2078++ B4E3             patch_102Bhdr: 	
2079++ B4E3             		db	02bh,098h,085h,0b0h,023h,0c8h,7,0ffh
2079++ B4E3 2B9885B023C807FF
2080++ B4EB             
2081++ B4EB             ;--- GM 103 = FX 8 (sci-fi) ---
2082++ B4EB             
2083++ B4EB             patch_103A: 	
2084++ B4EB 01          		db	1	; transpose on
2085++ B4EC 02 B5       		dw	patch_103Ahdr
2086++ B4EE 1A 0C 48    		db	26,12, 36 * 2
2087++ B4F1 47 9C       		dw	frq_443
2088++ B4F3 21 0D 64    		db	33,13, 50 * 2
2089++ B4F6 77 9C       		dw	frq_448
2090++ B4F8 30 0E 5A    		db	48,14, 45 * 2
2091++ B4FB 9F A1       		dw	frq_824
2092++ B4FD FF 0F 60    		db	255,15, 48 * 2
2093++ B500 9F A1       		dw	frq_824
2094++ B502             patch_103Ahdr: 	
2095++ B502             		db	02bh,098h,090h,0c8h,6,0e0h,3,0ffh
2095++ B502 2B9890C806E003FF
2096++ B50A             
2097++ B50A             patch_103B: 	
2098++ B50A 01          		db	1	; transpose on
2099++ B50B 51 AF       		dw	patch_63Bhdr
2100++ B50D FF 02 18    		db	255,2, 12 * 2
2101++ B510 4F A3       		dw	frq_925
2102++ B512             
2103++ B512             
2104++ B512             ;--- GM 104 = Sitar ---
2105++ B512             
2106++ B512             patch_104: 	
2107++ B512 01          		db	1	; transpose on
2108++ B513 1A B5       		dw	patch_104hdr
2109++ B515 FF 0F 19    		db	255,0fh, 1 + 12 * 2	; tone 271
2110++ B518 77 A2       		dw	frq_847
2111++ B51A             patch_104hdr: 	
2112++ B51A             		db	032h,098h,0f4h,0b0h,015h,0c8h,016h,0e0h,1,0ffh
2112++ B51A 3298F4B015C816E001FF
2113++ B524             
2114++ B524             ;--- GM 105 = Banjo ---
2115++ B524             
2116++ B524             patch_105: 	
2117++ B524 01          		db	1	; transpose on
2118++ B525 FD AA       		dw	patch_23Ahdr
2119++ B527 1D 13 30    		db	29,19, 24 * 2
2120++ B52A 2F 9F       		dw	frq_641
2121++ B52C 21 14 6A    		db	33,20, 53 * 2
2122++ B52F 47 96       		dw	frq_203
2123++ B531 25 12 5A    		db	37,18, 45 * 2
2124++ B534 57 A4       		dw	frq_944
2125++ B536 2D 15 62    		db	45,21, 49 * 2
2126++ B539 6F 98       		dw	frq_288
2127++ B53B 35 17 5A    		db	53,23, 45 * 2
2128++ B53E A7 9F       		dw	frq_677
2129++ B540 FF 16 6A    		db	255,22, 53 * 2
2130++ B543 5F 93       		dw	frq_45
2131++ B545             
2132++ B545             ;--- GM 106 = Shamisen ---
2133++ B545             
2134++ B545             patch_106: 	
2135++ B545 01          		db	1	; transpose on
2136++ B546 1C A9       		dw	patch_2Bhdr
2137++ B548 FF 0E 19    		db	255,0eh, 1 + 12 * 2	; tone 270
2138++ B54B AF 94       		dw	frq_97
2139++ B54D             
2140++ B54D             ;--- GM 107 = Koto ---
2141++ B54D             
2142++ B54D             patch_107: 	
2143++ B54D 01          		db	1	; transpose on
2144++ B54E A4 A8       		dw	patch_0hdr
2145++ B550 FF A9 18    		db	255,169, 12 * 2
2146++ B553 3F 9E       		dw	frq_556
2147++ B555             
2148++ B555             
2149++ B555             ;--- GM 108 = Kalimba ---
2150++ B555             
2151++ B555             patch_108: 	
2152++ B555 01          		db	1	; transpose on
2153++ B556 FD AA       		dw	patch_23Ahdr
2154++ B558 FF 37 19    		db	255,37h, 1 + 12 * 2	; tone 311
2155++ B55B 0F 9B       		dw	frq_366
2156++ B55D             
2157++ B55D             
2158++ B55D             ;--- GM 109 = Bagpipes ---
2159++ B55D             
2160++ B55D             patch_109A: 	
2161++ B55D 01          		db	1	; transpose on
2162++ B55E 6A B5       		dw	patch_109Ahdr
2163++ B560 22 A4 60    		db	34,164, 48 * 2
2164++ B563 57 92       		dw	frq_1
2165++ B565 FF A8 5C    		db	255,168, 46 * 2
2166++ B568 2F 99       		dw	frq_335
2167++ B56A             patch_109Ahdr: 	
2168++ B56A 1C FF       		db	01ch,0ffh
2169++ B56C             
2170++ B56C             
2171++ B56C             patch_109B: 	
2172++ B56C 01          		db	1	; transpose on
2173++ B56D 79 B5       		dw	patch_109Bhdr
2174++ B56F 22 A7 60    		db	34,167, 48 * 2
2175++ B572 3F 92       		dw	frq_0
2176++ B574 FF A8 5C    		db	255,168, 46 * 2
2177++ B577 2F 99       		dw	frq_335
2178++ B579             patch_109Bhdr: 	
2179++ B579 19 FF       		db	019h,0ffh
2180++ B57B             
2181++ B57B             ;--- GM 110 = Fiddle ---
2182++ B57B             
2183++ B57B             patch_110: 	
2184++ B57B 01          		db	1	; transpose on
2185++ B57C 2E B0       		dw	patch_69hdr
2186++ B57E 23 05 31    		db	35,05h, 1 + 24 * 2	; tone 261
2187++ B581 6F 98       		dw	frq_288
2188++ B583 28 02 77    		db	40,02h, 1 + 59 * 2	; tone 258
2189++ B586 8F 93       		dw	frq_69
2190++ B588 2A 06 69    		db	42,06h, 1 + 52 * 2	; tone 262
2191++ B58B FF 9E       		dw	frq_630
2192++ B58D 2D 07 6D    		db	45,07h, 1 + 54 * 2	; tone 263
2193++ B590 3F 9E       		dw	frq_556
2194++ B592 30 08 73    		db	48,08h, 1 + 57 * 2	; tone 264
2195++ B595 DF 97       		dw	frq_264
2196++ B597 33 0A 61    		db	51,0ah, 1 + 48 * 2	; tone 266
2197++ B59A 1F A3       		dw	frq_920
2198++ B59C 35 0B 67    		db	53,0bh, 1 + 51 * 2	; tone 267
2199++ B59F 67 A0       		dw	frq_726
2200++ B5A1 37 0C 6B    		db	55,0ch, 1 + 53 * 2	; tone 268
2201++ B5A4 B7 9E       		dw	frq_579
2202++ B5A6 3A 0D 6F    		db	58,0dh, 1 + 55 * 2	; tone 269
2203++ B5A9 47 99       		dw	frq_338
2204++ B5AB FF 09 75    		db	255,09h, 1 + 58 * 2	; tone 265
2205++ B5AE 3F 95       		dw	frq_143
2206++ B5B0             
2207++ B5B0             ;--- GM 111 = Shanai ---
2208++ B5B0             
2209++ B5B0             patch_111: 	
2210++ B5B0 01          		db	1	; transpose on
2211++ B5B1 B8 B5       		dw	patch_111hdr
2212++ B5B3 FF 41 48    		db	255,65, 36 * 2
2213++ B5B6 77 9C       		dw	frq_448
2214++ B5B8             patch_111hdr: 	
2215++ B5B8 31 C8 09 FF 		db	031h,0c8h,9,0ffh
2216++ B5BC             
2217++ B5BC             ;--- GM 112 = Tinkle Bell ---
2218++ B5BC             
2219++ B5BC             patch_112A: 	
2220++ B5BC 01          		db	1	; transpose on
2221++ B5BD C4 B5       		dw	patch_112Ahdr
2222++ B5BF FF F3 00    		db	255,243, 0 * 2
2223++ B5C2 4F A0       		dw	frq_721
2224++ B5C4             patch_112Ahdr: 	
2225++ B5C4 3B 98 D6 FF 		db	03bh,098h,0d6h,0ffh
2226++ B5C8             
2227++ B5C8             patch_112B: 	
2228++ B5C8 01          		db	1	; transpose on
2229++ B5C9 7A AA       		dw	patch_17hdr
2230++ B5CB FF 37 49    		db	255,37h, 1 + 36 * 2	; 311
2231++ B5CE BF 96       		dw	frq_214
2232++ B5D0             
2233++ B5D0             ;--- GM 113 = Agogo ---
2234++ B5D0             
2235++ B5D0             patch_113: 	
2236++ B5D0 00          		db	0	; transpose off
2237++ B5D1 FD AA       		dw	patch_23Ahdr
2238++ B5D3 FF 0B 18    		db	255,11, 12 * 2
2239++ B5D6 07 97       		dw	frq_217
2240++ B5D8             
2241++ B5D8             
2242++ B5D8             ;--- GM 114 = Steel Drums ---
2243++ B5D8             
2244++ B5D8             patch_114A: 	
2245++ B5D8 00          		db	0	; transpose off
2246++ B5D9 E0 B5       		dw	patch_114Ahdr
2247++ B5DB FF FE 18    		db	255,254, 12 * 2
2248++ B5DE FF 98       		dw	frq_317
2249++ B5E0             patch_114Ahdr: 	
2250++ B5E0 38 E0 01 FF 		db	038h,0e0h,1,0ffh
2251++ B5E4             
2252++ B5E4             patch_114B: 	
2253++ B5E4 00          		db	0	; transpose off
2254++ B5E5 EC B5       		dw	patch_114Bhdr
2255++ B5E7 FF 01 49    		db	255,1, 1 + 36 * 2	; tone 257
2256++ B5EA 17 96       		dw	frq_195
2257++ B5EC             patch_114Bhdr: 	
2258++ B5EC             		db	038h,098h,0b0h,0b0h,005h,0e0h,1,0ffh
2258++ B5EC 3898B0B005E001FF
2259++ B5F4             
2260++ B5F4             ;--- GM 115 = Woodblock ---
2261++ B5F4             
2262++ B5F4             patch_115: 	
2263++ B5F4 00          		db	0	; transpose off
2264++ B5F5 FC B5       		dw	patch_115hdr
2265++ B5F7 FF 2C 30    		db	255,44, 24 * 2
2266++ B5FA 37 9A       		dw	frq_355
2267++ B5FC             patch_115hdr: 	
2268++ B5FC 00 FF       		db	0,0ffh
2269++ B5FE             
2270++ B5FE             ;--- GM 116 = Taiko Drum ---
2271++ B5FE             
2272++ B5FE             patch_116: 	
2273++ B5FE 00          		db	0	; transpose off
2274++ B5FF FD AA       		dw	patch_23Ahdr
2275++ B601 FF 3E 18    		db	255,62, 12 * 2
2276++ B604 07 97       		dw	frq_217
2277++ B606             
2278++ B606             ;--- GM 117 = Melodic Tom ---
2279++ B606             
2280++ B606             patch_117: 	
2281++ B606 00          		db	0	; transpose off
2282++ B607 0E B6       		dw	patch_117hdr
2283++ B609 FF C7 48    		db	255,199, 36 * 2
2284++ B60C CF 9E       		dw	frq_616
2285++ B60E             patch_117hdr: 	
2286++ B60E 38 C8 01 FF 		db	038h,0c8h,1,0ffh
2287++ B612             
2288++ B612             ;--- GM 118 = Synth Drum ---
2289++ B612             
2290++ B612             patch_118: 	
2291++ B612 00          		db	0	; transpose off
2292++ B613 FD AA       		dw	patch_23Ahdr
2293++ B615 FF 26 30    		db	255,38, 24 * 2
2294++ B618 47 93       		dw	frq_27
2295++ B61A             
2296++ B61A             ;--- GM 119 = Reverse Cymbal ---
2297++ B61A             
2298++ B61A             patch_119: 	
2299++ B61A 00          		db	0	; transpose off
2300++ B61B 22 B6       		dw	patch_119hdr
2301++ B61D FF 31 48    		db	255,49, 36 * 2
2302++ B620 3F 95       		dw	frq_143
2303++ B622             patch_119hdr: 	
2304++ B622 38 C8 09 FF 		db	038h,0c8h,9,0ffh
2305++ B626             
2306++ B626             ;--- GM 120 = Gtr Fret Noise ---
2307++ B626             
2308++ B626             patch_120: 	
2309++ B626 00          		db	0	; transpose off
2310++ B627 FD AA       		dw	patch_23Ahdr
2311++ B629 FF 38 31    		db	255,38h, 1 + 24 * 2	; tone 312
2312++ B62C 1F 9A       		dw	frq_354
2313++ B62E             
2314++ B62E             ;--- GM 121 = Breath Noise ---
2315++ B62E             
2316++ B62E             patch_121: 	
2317++ B62E 00          		db	0	; transpose off
2318++ B62F FD AA       		dw	patch_23Ahdr
2319++ B631 FF 25 31    		db	255,25h, 1 + 24 * 2	; tone 293
2320++ B634 97 A0       		dw	frq_733
2321++ B636             
2322++ B636             ;--- GM 122 = Sea Shore ---
2323++ B636             
2324++ B636             patch_122A: 	
2325++ B636 00          		db	0	; transpose off
2326++ B637 3E B6       		dw	patch_122Ahdr
2327++ B639 FF 08 48    		db	255,8, 36 * 2
2328++ B63C DF 97       		dw	frq_264
2329++ B63E             patch_122Ahdr: 	
2330++ B63E 00 C8 04 FF 		db	0,0c8h,4,0ffh
2331++ B642             
2332++ B642             patch_122B: 	
2333++ B642 00          		db	0	; transpose off
2334++ B643 4A B6       		dw	patch_122Bhdr
2335++ B645 FF 37 60    		db	255,55, 48 * 2
2336++ B648 47 96       		dw	frq_203
2337++ B64A             patch_122Bhdr: 	
2338++ B64A             		db	0,098h,020h,0b0h,4,0c8h,5,0e0h,0,0ffh
2338++ B64A 009820B004C805E000FF
2339++ B654             
2340++ B654             
2341++ B654             ;--- GM 124 = Telephone / Bird ---
2342++ B654             
2343++ B654             patch_124: 	
2344++ B654 00          		db	0	; transpose off
2345++ B655 FC B5       		dw	patch_115hdr
2346++ B657             ;		db	48, 3, 36 * 2
2347++ B657             ;		dw	frq_27
2348++ B657             ;		db	255, 9, 36 * 2
2349++ B657 FF 03 48    		db	255, 3, 36 * 2
2350++ B65A 47 93       		dw	frq_27
2351++ B65C             ;		dw	frq_203
2352++ B65C             
2353++ B65C             
2354++ B65C             ;--- GM 125 = Helicopter ---
2355++ B65C             
2356++ B65C             patch_125A: 	
2357++ B65C 00          		db	0	; transpose off
2358++ B65D 64 B6       		dw	patch_125Ahdr
2359++ B65F FF 01 30    		db	255, 1, 24 * 2
2360++ B662 9F 9E       		dw	frq_560
2361++ B664             patch_125Ahdr: 	
2362++ B664 08 C8 07 FF 		db	8,0c8h,7,0ffh
2363++ B668             
2364++ B668 00          patch_125B: 	db	0	; transpose off
2365++ B669 70 B6       		dw	patch_125Bhdr
2366++ B66B FF 37 48    		db	255, 55, 36 * 2
2367++ B66E 07 9D       		dw	frq_462
2368++ B670             patch_125Bhdr: 	
2369++ B670             		db	0,0c8h,7,0e0h,0,0ffh
2369++ B670 00C807E000FF
2370++ B676             
2371++ B676             
2372++ B676             ;--- GM 126 = Applause ---
2373++ B676             
2374++ B676             patch_126A: 	
2375++ B676 00          		db	0	; transpose off
2376++ B677 7E B6       		dw	patch_126Ahdr
2377++ B679 FF 36 30    		db	255, 54, 24 * 2
2378++ B67C EF 96       		dw	frq_216
2379++ B67E             patch_126Ahdr: 	
2380++ B67E 0F 98 70 FF 		db	0fh,098h,070h,0ffh
2381++ B682             
2382++ B682             patch_126B: 	
2383++ B682 00          		db	0	; transpose off
2384++ B683 8A B6       		dw	patch_126Bhdr
2385++ B685 FF 36 30    		db	255, 54, 24 * 2
2386++ B688 07 9D       		dw	frq_462
2387++ B68A             patch_126Bhdr: 	
2388++ B68A 07 98 70 FF 		db	07h,098h,070h,0ffh
2389++ B68E             
2390++ B68E             ;--- GM 127 = Gunshot / Snare ---
2391++ B68E             
2392++ B68E             patch_127: 	
2393++ B68E 00          		db	0	; transpose off
2394++ B68F 96 B6       		dw	patch_127hdr
2395++ B691 FF 39 31    		db	255, 39h, 1 + 24 * 2	; tone 313
2396++ B694             ;		db	48,39h, 1 + 24 * 2	; tone 313
2397++ B694 47 96       		dw	frq_203
2398++ B696             ;        	db      255, 59, 1 + 24 * 2
2399++ B696             ;		db	255, 120, 0 + 24 * 2
2400++ B696             ;		dw	frq_203
2401++ B696             patch_127hdr: 	
2402++ B696 38 C8 03 FF 		db	038h,0c8h,3,0ffh
2403++ B69A             
2404++ B69A             ;--- Drum patch 1 ---
2405++ B69A             
2406++ B69A             drum_1: 	
2407++ B69A 00          		db	0	; transpose off
2408++ B69B A2 B6       		dw	drum_1hdr
2409++ B69D FF 11 30    		db	255, 17, 24 * 2
2410++ B6A0             ;		db	48,17, 24 * 2	; tone 17
2411++ B6A0 DF 97       		dw	frq_264
2412++ B6A2             ;		db	255,191, 36 * 2	; tone 191
2413++ B6A2             ;		dw	frq_264
2414++ B6A2             drum_1hdr: 	
2415++ B6A2             		db	0,098h,0f4h,0b0h,0feh,0c8h,6,0ffh
2415++ B6A2 0098F4B0FEC806FF
2416++ B6AA             
2417++ B6AA             ;--- Drum patch 2 ---
2418++ B6AA             
2419++ B6AA             drum_2: 	
2420++ B6AA 00          		db	0	; transpose off
2421++ B6AB B2 B6       		dw	drum_2hdr
2422++ B6AD FF D1 30    		db	255, 209, 24 * 2	; tone 209
2423++ B6B0             ;		db	48,209, 24 * 2	; tone 209
2424++ B6B0 BF A2       		dw	frq_908
2425++ B6B2             ;		db	255,197, 24 * 2	; tone 197
2426++ B6B2             ;		dw	frq_908
2427++ B6B2             drum_2hdr: 	
2428++ B6B2             		db	0,098h,0f5h,0b0h,0f2h,0c8h,6,0ffh
2428++ B6B2 0098F5B0F2C806FF
2429++ B6BA             
2430++ B6BA             
2431++ B6BA             ;--- Drum patch 3 ---
2432++ B6BA             
2433++ B6BA             drum_3: 		
2434++ B6BA 00          		db	0	; transpose off
2435++ B6BB C2 B6       		dw	drum_3hdr
2436++ B6BD FF 0A 30    		db	255,10, 24 * 2	; tone 10
2437++ B6C0 8F 9F       		dw	frq_654
2438++ B6C2             drum_3hdr: 	
2439++ B6C2             		db	0,098h,0f4h,0b0h,0f2h,0c8h,6,0ffh
2439++ B6C2 0098F4B0F2C806FF
2440++ B6CA             
2441++ B6CA             ;--- Drum patch 4 ---
2442++ B6CA             
2443++ B6CA             drum_4: 		
2444++ B6CA 00          		db	0	; transpose off
2445++ B6CB C2 B6       		dw	drum_3hdr
2446++ B6CD FF 1C 30    		db	255,28, 24 * 2	; tone 28
2447++ B6D0 B7 95       		dw	frq_187
2448++ B6D2             
2449++ B6D2             ;--- Drum patch 5 ---
2450++ B6D2             
2451++ B6D2             drum_5: 	
2452++ B6D2 00          		db	0	; transpose off
2453++ B6D3 C2 B6       		dw	drum_3hdr
2454++ B6D5 FF 1F 30    		db	255,31, 24 * 2	; tone 31
2455++ B6D8 BF A2       		dw	frq_908
2456++ B6DA             
2457++ B6DA             ;--- Drum patch 6 ---
2458++ B6DA             
2459++ B6DA             drum_6: 		
2460++ B6DA 00          		db	0	; transpose off
2461++ B6DB C2 B6       		dw	drum_3hdr
2462++ B6DD FF 9C 30    		db	255,156, 24 * 2	; tone 156
2463++ B6E0 47 93       		dw	frq_27
2464++ B6E2             
2465++ B6E2             ;--- Drum patch 7 ---
2466++ B6E2             
2467++ B6E2             drum_7: 	
2468++ B6E2 00          		db	0	; transpose off
2469++ B6E3 C2 B6       		dw	drum_3hdr
2470++ B6E5 FF 31 30    		db	255,49, 24 * 2	; tone 49
2471++ B6E8 17 93       		dw	frq_24
2472++ B6EA             
2473++ B6EA             ;--- Drum patch 8 ---
2474++ B6EA             
2475++ B6EA             drum_8: 	
2476++ B6EA 00          		db	0	; transpose off
2477++ B6EB F2 B6       		dw	drum_8hdr
2478++ B6ED FF 9D 30    		db	255,157, 24 * 2	; tone 157
2479++ B6F0 AF A0       		dw	frq_737
2480++ B6F2             drum_8hdr: 	
2481++ B6F2             		db	0,0b0h,027h,0c8h,6,0ffh
2481++ B6F2 00B027C806FF
2482++ B6F8             
2483++ B6F8             gmdrm_hdr1: 	
2484++ B6F8             		db	0,098h,0f4h,0b0h,0f2h,0c8h,6,0ffh
2484++ B6F8 0098F4B0F2C806FF
2485++ B700             gmdrm_hdr2: 	
2486++ B700             		db	0,098h,0f5h,0b0h,0f2h,0c8h,6,0ffh
2486++ B700 0098F5B0F2C806FF
2487++ B708             gmdrm_hdr3: 	
2488++ B708             		db	0,098h,0f2h,0b0h,0f2h,0c8h,6,0ffh
2488++ B708 0098F2B0F2C806FF
2489++ B710             gmdrm_hdr4: 	
2490++ B710             		db	0,098h,0f1h,0b0h,0f2h,0c8h,6,0ffh
2490++ B710 0098F1B0F2C806FF
2491++ B718             gmdrm_hdr5: 	
2492++ B718             		db	0,098h,0f4h,0b0h,027h,0c8h,6,0ffh
2492++ B718 0098F4B027C806FF
2493++ B720             gmdrm_hdr6: 	
2494++ B720             		db	0,098h,0f4h,0b0h,0f2h,0c8h,7,0ffh
2494++ B720 0098F4B0F2C807FF
2495++ B728             gmdrm_hdr7: 	
2496++ B728             		db	0,098h,0f6h,0b0h,0ffh,0c8h,6,0ffh
2496++ B728 0098F6B0FFC806FF
2497++ B730             gmdrm_hdr8: 	
2498++ B730             		db	0,098h,0f4h,0b0h,0f2h,0c8h,6,0ffh
2498++ B730 0098F4B0F2C806FF
2499++ B738             gmdrm_hdr9: 	
2500++ B738             		db	0,098h,0f4h,0b0h,0f2h,0c8h,4,0ffh
2500++ B738 0098F4B0F2C804FF
2501++ B740             
2502++ B740             ;--- Midi Drum patch ---
2503++ B740             
2504++ B740             drum_midi: 	
2505++ B740 00          		db	0	; transpose off
2506++ B741 F8 B6       		dw	gmdrm_hdr1
2507++ B743 24 10 1A    		db	36,16, (48 - 35) * 2	; tone 16
2508++ B746 CF 98       		dw	frq_311
2509++ B748             
2510++ B748             MBPlayer_gmdrm_c4: 
2511++ B748             gmdrm_c4: 	
2512++ B748 11          		db	17
2513++ B749 18 F2       		db	018h,0f2h
2514++ B74B F8 B6       		dw	gmdrm_hdr1
2515++ B74D             gmdrm_cp4: 	
2516++ B74D D2          		db	210
2517++ B74E F6 00       		db	0f6h,0
2518++ B750 F8 B6       		dw	gmdrm_hdr1
2519++ B752             gmdrm_d4: 	
2520++ B752 D1          		db	209
2521++ B753 F4 F6       		db	0f4h,0f6h
2522++ B755 00 B7       		dw	gmdrm_hdr2
2523++ B757             gmdrm_dp4: 	
2524++ B757 0A          		db	10
2525++ B758 2A F5       		db	02ah,0f5h
2526++ B75A F8 B6       		dw	gmdrm_hdr1
2527++ B75C             gmdrm_e4: 	
2528++ B75C D1          		db	209
2529++ B75D 38 03       		db	038h,003h
2530++ B75F 08 B7       		dw	gmdrm_hdr3
2531++ B761             gmdrm_f4: 	
2532++ B761 C8          		db	200
2533++ B762 60 00       		db	060h,0
2534++ B764 F8 B6       		dw	gmdrm_hdr1
2535++ B766             gmdrm_fp4: 	
2536++ B766 79          		db	121
2537++ B767 5C 01       		db	05ch,1
2538++ B769 F8 B6       		dw	gmdrm_hdr1
2539++ B76B             gmdrm_g4: 	
2540++ B76B C8          		db	200
2541++ B76C A8 02       		db	0a8h,2
2542++ B76E F8 B6       		dw	gmdrm_hdr1
2543++ B770             gmdrm_gp4: 	
2544++ B770 7B          		db	123
2545++ B771 34 05       		db	034h,5
2546++ B773 F8 B6       		dw	gmdrm_hdr1
2547++ B775             gmdrm_a4: 	
2548++ B775 C8          		db	200
2549++ B776 46 04       		db	046h,4
2550++ B778 F8 B6       		dw	gmdrm_hdr1
2551++ B77A             gmdrm_ap4: 	
2552++ B77A 7A          		db	122
2553++ B77B 34 05       		db	034h,5
2554++ B77D 10 B7       		dw	gmdrm_hdr4
2555++ B77F C7          gmdrm_b4: 	db	199
2556++ B780 0A 03       		db	00ah,3
2557++ B782 F8 B6       		dw	gmdrm_hdr1
2558++ B784             
2559++ B784             gmdrm_c5: 	
2560++ B784 C7          		db	199
2561++ B785 F4 04       		db	0f4h,4
2562++ B787 F8 B6       		dw	gmdrm_hdr1
2563++ B789             gmdrm_cp5: 	
2564++ B789 31          		db	49
2565++ B78A 32 00       		db	032h,0
2566++ B78C F8 B6       		dw	gmdrm_hdr1
2567++ B78E             gmdrm_d5: 	
2568++ B78E C7          		db	199
2569++ B78F 90 10       		db	090h,010h
2570++ B791 F8 B6       		dw	gmdrm_hdr1
2571++ B793             gmdrm_dp5: 	
2572++ B793 2E          		db	46
2573++ B794 CE 01       		db	0ceh,1
2574++ B796 F8 B6       		dw	gmdrm_hdr1
2575++ B798             gmdrm_e5: 	
2576++ B798 7A          		db	122
2577++ B799 56 E1       		db	056h,0e1h
2578++ B79B F8 B6       		dw	gmdrm_hdr1
2579++ B79D             gmdrm_f5: 	
2580++ B79D 21          		db	33
2581++ B79E 3C 01       		db	03ch,1
2582++ B7A0 F8 B6       		dw	gmdrm_hdr1
2583++ B7A2             gmdrm_fp5: 	
2584++ B7A2 25          		db	37
2585++ B7A3 BA 00       		db	0bah,0
2586++ B7A5 08 B7       		dw	gmdrm_hdr3
2587++ B7A7             gmdrm_g5: 	
2588++ B7A7 31          		db	49
2589++ B7A8 CA 05       		db	0cah,5
2590++ B7AA 00 B7       		dw	gmdrm_hdr2
2591++ B7AC 1D          gmdrm_gp5: 	db	29
2592++ B7AD FE F6       		db	0feh,0f6h
2593++ B7AF F8 B6       		dw	gmdrm_hdr1
2594++ B7B1             gmdrm_a5: 	
2595++ B7B1 31          		db	49
2596++ B7B2 70 03       		db	070h,3
2597++ B7B4 F8 B6       		dw	gmdrm_hdr1
2598++ B7B6 9D          gmdrm_ap5: 	db	157
2599++ B7B7 CA F5       		db	0cah,0f5h
2600++ B7B9 18 B7       		dw	gmdrm_hdr5
2601++ B7BB             gmdrm_b5: 	
2602++ B7BB 2E          		db	46
2603++ B7BC 74 05       		db	074h,5
2604++ B7BE 20 B7       		dw	gmdrm_hdr6
2605++ B7C0             
2606++ B7C0             gmdrm_c6: 	
2607++ B7C0 1C          		db	28
2608++ B7C1 76 01       		db	076h,1
2609++ B7C3 F8 B6       		dw	gmdrm_hdr1
2610++ B7C5             gmdrm_cp6: 	
2611++ B7C5 1C          		db	28
2612++ B7C6 32 00       		db	032h,0
2613++ B7C8 F8 B6       		dw	gmdrm_hdr1
2614++ B7CA             gmdrm_d6: 	
2615++ B7CA 1E          		db	30
2616++ B7CB DA F4       		db	0dah,0f4h
2617++ B7CD F8 B6       		dw	gmdrm_hdr1
2618++ B7CF             gmdrm_dp6: 	
2619++ B7CF 1F          		db	31
2620++ B7D0 FE F6       		db	0feh,0f6h
2621++ B7D2 F8 B6       		dw	gmdrm_hdr1
2622++ B7D4             gmdrm_e6: 	
2623++ B7D4 1F          		db	31
2624++ B7D5 FC F2       		db	0fch,0f2h
2625++ B7D7 F8 B6       		dw	gmdrm_hdr1
2626++ B7D9             gmdrm_f6: 	
2627++ B7D9 9C          		db	156
2628++ B7DA 3E 00       		db	03eh,0
2629++ B7DC F8 B6       		dw	gmdrm_hdr1
2630++ B7DE             gmdrm_fp6: 	
2631++ B7DE 9C          		db	156
2632++ B7DF D0 F4       		db	0d0h,0f4h
2633++ B7E1 F8 B6       		dw	gmdrm_hdr1
2634++ B7E3             gmdrm_g6: 	
2635++ B7E3 0B          		db	11
2636++ B7E4 16 00       		db	016h,0
2637++ B7E6 F8 B6       		dw	gmdrm_hdr1
2638++ B7E8             gmdrm_gp6: 	
2639++ B7E8 0B          		db	11
2640++ B7E9 3C F4       		db	03ch,0f4h
2641++ B7EB F8 B6       		dw	gmdrm_hdr1
2642++ B7ED             gmdrm_a6: 	
2643++ B7ED 2F          		db	47
2644++ B7EE 50 03       		db	050h,3
2645++ B7F0 F8 B6       		dw	gmdrm_hdr1
2646++ B7F2             gmdrm_ap6: 	
2647++ B7F2 30          		db	48
2648++ B7F3 4A 00       		db	04ah,0
2649++ B7F5 F8 B6       		dw	gmdrm_hdr1
2650++ B7F7             gmdrm_b6: 	
2651++ B7F7 2D          		db	45
2652++ B7F8 38 F3       		db	038h,0f3h
2653++ B7FA F8 B6       		dw	gmdrm_hdr1
2654++ B7FC             
2655++ B7FC             gmdrm_c7: 	
2656++ B7FC 44          		db	044h
2657++ B7FD 53 F2       		db	053h,0f2h
2658++ B7FF 28 B7       		dw	gmdrm_hdr7
2659++ B801             gmdrm_cp7: 	
2660++ B801 24          		db	36
2661++ B802 74 05       		db	074h,5
2662++ B804 30 B7       		dw	gmdrm_hdr8
2663++ B806             gmdrm_d7: 	
2664++ B806 24          		db	36
2665++ B807 48 F6       		db	048h,0f6h
2666++ B809 F8 B6       		dw	gmdrm_hdr1
2667++ B80B             gmdrm_dp7: 	
2668++ B80B 20          		db	32
2669++ B80C 50 F5       		db	050h,0f5h
2670++ B80E F8 B6       		dw	gmdrm_hdr1
2671++ B810             gmdrm_e7: 	
2672++ B810 2C          		db	44
2673++ B811 28 F2       		db	028h,0f2h
2674++ B813 F8 B6       		dw	gmdrm_hdr1
2675++ B815             gmdrm_f7: 	
2676++ B815 2C          		db	44
2677++ B816 5C E7       		db	05ch,0e7h
2678++ B818 F8 B6       		dw	gmdrm_hdr1
2679++ B81A             gmdrm_fp7: 	
2680++ B81A 22          		db	34
2681++ B81B 22 10       		db	022h,010h
2682++ B81D F8 B6       		dw	gmdrm_hdr1
2683++ B81F             gmdrm_g7: 	
2684++ B81F 23          		db	35
2685++ B820 C0 F6       		db	0c0h,0f6h
2686++ B822 F8 B6       		dw	gmdrm_hdr1
2687++ B824             gmdrm_gp7: 	
2688++ B824 32          		db	50
2689++ B825 50 00       		db	050h,0
2690++ B827 F8 B6       		dw	gmdrm_hdr1
2691++ B829             gmdrm_a7: 	
2692++ B829 32          		db	50
2693++ B82A 54 00       		db	054h,0
2694++ B82C 38 B7       		dw	gmdrm_hdr9
2695++ B82E             
3219+  B82E             
3220+  B82E             MBPlayer_load_addres: 	
3221+  B82E 00 00       		dw 	0
3222+  B830             MBPlayer_load_bank: 	
3223+  B830 00 00       		dw 	0
3224+  B832             
3225+  B832             MBPlayer_volume_buffer_1: 	
3226+  B832 00          		ds    	24
3227+  B84A             MBPlayer_volume_buffer_2: 	
3228+  B84A 00          		ds    	24
3229+  B862             
3230+  B862             
0564   B862             
0565   B862             MoonSound_end: 
0566   B862             		.savebin "moonsound.bin",MoonSound_Start, MoonSound_end - MoonSound_Start
0567   B862             
0568   B862             		.end
0569   B862             
0570   B862             
