0001   0000             ;--------------------------------------------------------------------
0002   0000             ; Ž¯¨á ­¨¥: à®£à ¬¬  ¯à®¨£àë¢ ­¨ï à §­ëå §¢ãª®¢ëå ¬®¤ã«¥© Amstrad CPC
0003   0000             ; ¯®¤¤¥à¦ª  ¢ ¦¥«¥§¥: ZXM-MoonSound
0004   0000             ; €¢â®à ¯®àâ : ’ à á®¢ Œ..(Mick),2014
0005   0000             ;--------------------------------------------------------------------
0006   0000             		DEVICE ZXSPECTRUM128
0007   0000             
0008   0000             		.org 	6200h
0009   6200             
0010   6200             ;-------------------------------------------------------------------
0011   6200             ; ®¯¨á ­¨¥: ’®çª  ¢å®¤  ¢ ¯à®£à ¬¬ã ¯®á«¥ ¯¥à¥¤ ç¨ ã¯à ¢«¥­¨ï ¨§ Ž‘
0012   6200             ;---------------------------------------------------------------------
0013   6200             MoonSound_Start: 		
0014   6200 AF          		xor	a               		;¡®à¤¥à ¢ ç¥à­ë© æ¢¥â
0015   6201 D3 FE       		out	(0feh),a	
0016   6203 32 49 65    		ld	(MoonSound_count_music),a	;áç¥âç¨ª ­®¬¥à  ¬ã§ëª¨
0017   6206 32 48 65    		ld	(MoonSound_number_music),a
0018   6209             
0019   6209 21 00 40    		ld	hl,4000h
0020   620C 11 01 40    		ld	de,4001h
0021   620F 01 00 1B    		ld	bc,1b00h
0022   6212 71          		ld	(hl),c
0023   6213 ED B0       		ldir
0024   6215             		
0025   6215 21 00 40    		ld	hl,4000h			;£àã§¨¬ íªà ­
0026   6218 ED 5B F4 5C 		ld	de,(5CF4h)
0027   621C 01 05 1B    		ld	bc,1B05h
0028   621F CD 13 3D    		call	3d13h
0029   6222 CD 86 66    		call	Str_init_load
0030   6225 FB          		ei
0031   6226             MoonSound_loading: 
0032   6226 76          		halt
0033   6227 06 00       		ld	b,0
0034   6229             MoonSound_wait: 
0035   6229 10 FE       		djnz	MoonSound_wait			
0036   622B CD 98 66    		call	Str_play
0037   622E 38 02       		jr	c,MoonSound_load
0038   6230 30 F4       		jr	nc,MoonSound_loading	
0039   6232             MoonSound_load: 
0040   6232 F3          		di                                      ;­  ¢áïª¨© ¯®¦ à­ë© § ¯à¥â¨¬ ¯à¥àë¢ ­¨ï
0041   6233             
0042   6233 3E 11       		ld	a,11h 
0043   6235 01 FD 7F    		ld	bc,7ffdh
0044   6238 ED 79       		out	(c),a
0045   623A 21 00 C0    		ld	hl,0C000h			;£àã§¨¬ ¬ã§ëª «ì­ë© ¯ ª 0.
0046   623D ED 5B F4 5C 		ld	de,(5CF4h)
0047   6241 01 05 39    		ld	bc,3905h
0048   6244 CD 13 3D    		call	3d13h
0049   6247             
0050   6247 3E 13       		ld	a,13h 
0051   6249 01 FD 7F    		ld	bc,7ffdh
0052   624C ED 79       		out	(c),a
0053   624E 21 00 C0    		ld	hl,0C000h			;£àã§¨¬ ¬ã§ëª «ì­ë© ¯ ª 1.
0054   6251 ED 5B F4 5C 		ld	de,(5CF4h)
0055   6255 01 05 3E    		ld	bc,3E05h
0056   6258 CD 13 3D    		call	3d13h
0057   625B             
0058   625B 3E 14       		ld	a,14h 
0059   625D 01 FD 7F    		ld	bc,7ffdh
0060   6260 ED 79       		out	(c),a
0061   6262 21 00 C0    		ld	hl,0C000h			;£àã§¨¬ ¬ã§ëª «ì­ë© ¯ ª 2.
0062   6265 ED 5B F4 5C 		ld	de,(5CF4h)
0063   6269 01 05 3E    		ld	bc,3E05h
0064   626C CD 13 3D    		call	3d13h
0065   626F             		
0066   626F 3E 16       		ld	a,16h 
0067   6271 01 FD 7F    		ld	bc,7ffdh
0068   6274 ED 79       		out	(c),a
0069   6276 21 00 C0    		ld	hl,0C000h			;£àã§¨¬ ¬ã§ëª «ì­ë© ¯ ª 3
0070   6279 ED 5B F4 5C 		ld	de,(5CF4h)
0071   627D 01 05 3F    		ld	bc,3F05h
0072   6280 CD 13 3D    		call	3d13h
0073   6283             
0074   6283 3E 17       		ld	a,17h 
0075   6285 01 FD 7F    		ld	bc,7ffdh
0076   6288 ED 79       		out	(c),a
0077   628A 21 00 C0    		ld	hl,0C000h			;£àã§¨¬ ¬ã§ëª «ì­ë© ¯ ª 4
0078   628D ED 5B F4 5C 		ld	de,(5CF4h)
0079   6291 01 05 3A    		ld	bc,3A05h
0080   6294 CD 13 3D    		call	3d13h
0081   6297             
0082   6297             
0083   6297 31 FF 5F    		ld	sp,5fffh
0084   629A 3E 10       		ld	a,10h 
0085   629C 01 FD 7F    		ld	bc,7ffdh
0086   629F ED 79       		out	(c),a
0087   62A1 CD 79 66    		call	Str_init			;¨­¨æ¨ «¨§ æ¨ï ¡¥£ãé¥© áâà®ª¨
0088   62A4             
0089   62A4 CD 35 64    		call	MoonSound_view_number
0090   62A7 CD CE 63    		call	MoonSound_time_init
0091   62AA             
0092   62AA 21 00 60    		ld	hl,6000h                       	
0093   62AD 11 01 60    		ld	de,6001h
0094   62B0 01 00 01    		ld	bc,0100h
0095   62B3 36 61       		ld	(hl),61h
0096   62B5 ED B0       		ldir
0097   62B7 3E C3       		ld	a,0c3h                          
0098   62B9 32 61 61    		ld	(6161h),a
0099   62BC 21 5A 66    		ld	hl,Interrupt_handle
0100   62BF 22 62 61    		ld	(6162h),hl
0101   62C2             
0102   62C2 3E 60       		ld	a,60h                          
0103   62C4 ED 47       		ld	i,a
0104   62C6 ED 5E       		im	2
0105   62C8             
0106   62C8 AF          		xor	a
0107   62C9 C3 01 63    		jp	MoonSound_next_music
0108   62CC             
0109   62CC             ;		ei
0110   62CC             
0111   62CC             MoonSound_key: 		
0112   62CC AF          		xor	a
0113   62CD 32 4B 65                    ld	(MoonSound_key_press),a
0114   62D0             MoonSound_loop: 		
0115   62D0 76          		halt
0116   62D1             
0117   62D1 3E 7F       		ld	a,7fh				;®¦¨¤ ¥¬ ¯à®¡¥« - ¯¥à¥å®¤ ª á«¥¤ãîé¥© ª®¬¯®§¨æ¨¨
0118   62D3 DB FE       		in	a,(0feh)
0119   62D5 1F          		rra	
0120   62D6 38 F4       		jr	c,MoonSound_key
0121   62D8             
0122   62D8 3E FE       		ld	a,0FEh
0123   62DA DB FE       		in	a,(0FEh)
0124   62DC 1F          		rra	    
0125   62DD D2 C3 63    		jp	nc,MoonSound_exit
0126   62E0             
0127   62E0 3A 4B 65    		ld	a,(MoonSound_key_press)
0128   62E3 A7          		and	a
0129   62E4 20 EA       		jr	nz,MoonSound_loop
0130   62E6             
0131   62E6 3C          		inc	a
0132   62E7 32 4B 65                    ld	(MoonSound_key_press),a
0133   62EA             
0134   62EA 3E 08       		ld	a,8
0135   62EC CD 4D 82    		call	MBPlayer_fade			;§ âãå ­¨¥ ¬¥«®¤¨¨
0136   62EF             		
0137   62EF             MoonSound_fade_wait: 	
0138   62EF 3A 2D 89    		ld	a,(MBPlayer_play_busy)		;¦¤¥¬ ¯®ª  ®áâ ­®¢¨âáï ¯à®¨£àë¢ â¥«ì
0139   62F2 B7          		or	a
0140   62F3 20 FA       		jr	nz,MoonSound_fade_wait
0141   62F5 CD 4A 82    		call	MBPlayer_stop
0142   62F8             
0143   62F8 3A 49 65    		ld	a,(MoonSound_count_music)
0144   62FB 3C          		inc	a
0145   62FC FE 0C       		cp	12
0146   62FE 38 01       		jr	c,MoonSound_next_music
0147   6300 AF          		xor	a
0148   6301             
0149   6301             MoonSound_next_music: 
0150   6301 F3          		di	
0151   6302 32 49 65    		ld	(MoonSound_count_music),a
0152   6305 6F          		ld	l,a
0153   6306 5F          		ld	e,a
0154   6307 26 00       		ld	h,0
0155   6309 54          		ld	d,h
0156   630A 29          		add	hl,hl
0157   630B 29          		add	hl,hl
0158   630C 19          		add	hl,de
0159   630D 11 87 63    		ld	de,MoonSound_tabl_music
0160   6310 19          		add	hl,de
0161   6311 7E          		ld	a,(hl)				;­®¬¥à áâà ­¨æë ¯ ¬ïâ¨
0162   6312 32 4A 65    		ld	(MoonSound_page_memory),a
0163   6315 23          		inc	hl
0164   6316 5E          		ld	e,(hl)				; ¤à¥á âà¥ª                           
0165   6317 23          		inc	hl
0166   6318 56          		ld	d,(hl)
0167   6319 23          		inc	hl
0168   631A 7E          		ld	a,(hl)                          ;ç¨á«® ­¥¯®«­ëå ¡ ©â
0169   631B 23          		inc	hl
0170   631C 46          		ld	b,(hl)				;ç¨á«® á¥ªâ®à®¢
0171   631D A7          		and	a
0172   631E 28 01       		jr	z,MoonSound_copy_block
0173   6320 04          		inc	b	
0174   6321             
0175   6321             MoonSound_copy_block: 
0176   6321 21 00 D0    		ld	hl,0D000h
0177   6324 22 4F 65    		ld	(MoonSound_copy_addr),hl
0178   6327 EB          		ex	hl,de
0179   6328             
0180   6328             MoonSound_copy_loop: 
0181   6328 C5          		push	bc
0182   6329 3A 4A 65    		ld	a,(MoonSound_page_memory)	;§ £àã§¨¬ ­®¬¥à áâà ­¨æë ¯ ¬ïâ¨
0183   632C 01 FD 7F    		ld	bc,7ffdh
0184   632F ED 79       		out	(c),a
0185   6331             
0186   6331 11 51 65    		ld	de,MoonSound_copy_buffer
0187   6334 01 00 01    		ld	bc,100h
0188   6337 ED B0       		ldir
0189   6339 E5          		push	hl
0190   633A 3E 10       		ld	a,10h
0191   633C 01 FD 7F    		ld	bc,7ffdh
0192   633F ED 79       		out	(c),a
0193   6341 2A 4F 65    		ld	hl,(MoonSound_copy_addr)
0194   6344 11 51 65    		ld	de,MoonSound_copy_buffer
0195   6347 EB          		ex	hl,de
0196   6348 01 00 01    		ld	bc,100h
0197   634B ED B0       		ldir
0198   634D EB          		ex	hl,de
0199   634E 22 4F 65    		ld	(MoonSound_copy_addr),hl
0200   6351 E1          		pop	hl
0201   6352 C1          		pop	bc
0202   6353 10 D3       		djnz	MoonSound_copy_loop
0203   6355             
0204   6355 CD 6D 64    		call	MoonSound_mwmload
0205   6358             
0206   6358 21 00 C0    		ld	hl,0C000h
0207   635B 22 32 89    		ld	(MBPlayer_songdata_addres),hl
0208   635E CD 44 82    		call	MBPlayer_init
0209   6361             
0210   6361 3A 48 65    		ld	a,(MoonSound_number_music)
0211   6364 3C          		inc	a
0212   6365 4F          		ld	c,a
0213   6366 E6 0F       		and	0Fh
0214   6368 FE 0A       		cp	10
0215   636A 38 04       		jr	c,MoonSound_number_correct
0216   636C 3E 06       		ld	a,6
0217   636E 81          		add	c
0218   636F 4F          		ld	c,a
0219   6370             
0220   6370             MoonSound_number_correct: 
0221   6370 79          		ld	a,c
0222   6371 32 48 65    		ld	(MoonSound_number_music),a
0223   6374 FE 13       		cp	13h
0224   6376 38 02       		jr	c,MoonSound_number_valid
0225   6378 3E 01       		ld	a,1
0226   637A             
0227   637A             MoonSound_number_valid: 
0228   637A 32 48 65    		ld	(MoonSound_number_music),a
0229   637D CD 35 64    		call	MoonSound_view_number
0230   6380 CD CE 63    		call	MoonSound_time_init
0231   6383             
0232   6383 FB          		ei
0233   6384 C3 D0 62    		jp      MoonSound_loop
0234   6387             
0235   6387             MoonSound_tabl_music: 
0236   6387 11          		db	11h   				; 1 ¬ã§ëª «ì­®¥ ¯à®¨§¢¥¤¥­¨¥
0237   6388 00 C0       		dw	0C000h
0238   638A 20 12       		dw	1220h
0239   638C 11          		db	11h   				; 2 ¬ã§ëª «ì­®¥ ¯à®¨§¢¥¤¥­¨¥
0240   638D 20 D2       		dw	0D220h
0241   638F 80 26       		dw	2680h
0242   6391             
0243   6391 13          		db	13h   				; 3 ¬ã§ëª «ì­®¥ ¯à®¨§¢¥¤¥­¨¥
0244   6392 00 C0       		dw	0C000h
0245   6394 70 10       		dw	1070h
0246   6396 13          		db	13h   				; 4 ¬ã§ëª «ì­®¥ ¯à®¨§¢¥¤¥­¨¥
0247   6397 70 D0       		dw	0D070h
0248   6399 80 24       		dw	2480h
0249   639B 13          		db	13h   				; 5 ¬ã§ëª «ì­®¥ ¯à®¨§¢¥¤¥­¨¥
0250   639C F0 F4       		dw	0F4F0h
0251   639E 90 08       		dw	0890h
0252   63A0             
0253   63A0 14          		db	14h   				; 6 ¬ã§ëª «ì­®¥ ¯à®¨§¢¥¤¥­¨¥
0254   63A1 00 C0       		dw	0C000h
0255   63A3 00 28       		dw	2800h
0256   63A5 14          		db	14h   				; 7 ¬ã§ëª «ì­®¥ ¯à®¨§¢¥¤¥­¨¥
0257   63A6 00 E8       		dw	0E800h
0258   63A8 00 16       		dw	1600h
0259   63AA             
0260   63AA 16          		db	16h   				; 8 ¬ã§ëª «ì­®¥ ¯à®¨§¢¥¤¥­¨¥
0261   63AB 00 C0       		dw	0C000h
0262   63AD 00 22       		dw	2200h
0263   63AF 16          		db	16h   				; 9 ¬ã§ëª «ì­®¥ ¯à®¨§¢¥¤¥­¨¥
0264   63B0 00 E2       		dw	0E200h
0265   63B2 80 1C       		dw	1C80h
0266   63B4             
0267   63B4 17          		db	17h   				; 10 ¬ã§ëª «ì­®¥ ¯à®¨§¢¥¤¥­¨¥
0268   63B5 00 C0       		dw	0C000h
0269   63B7 D0 1E       		dw	1ED0h
0270   63B9 17          		db	17h   				; 11 ¬ã§ëª «ì­®¥ ¯à®¨§¢¥¤¥­¨¥
0271   63BA D0 DE       		dw	0DED0h
0272   63BC 50 0D       		dw	0D50h
0273   63BE 17          		db	17h   				; 12 ¬ã§ëª «ì­®¥ ¯à®¨§¢¥¤¥­¨¥
0274   63BF 20 EC       		dw	0EC20h
0275   63C1 B0 0D       		dw	0DB0h
0276   63C3             
0277   63C3             MoonSound_exit: 		
0278   63C3 F3          		di	
0279   63C4 CD 4A 82    		call	MBPlayer_stop
0280   63C7 21 00 00    		ld	hl,0	
0281   63CA E5          		push	hl
0282   63CB C3 2F 3D          		jp  	3d2fh				;¢ëå®¤ ¢ TR-DOS
0283   63CE             
0284   63CE             
0285   63CE             MoonSound_time_init: 
0286   63CE AF          		xor	a
0287   63CF 32 4C 65                    ld	(MoonSound_time_int),a
0288   63D2 32 4D 65    		ld	(MoonSound_time_count),a		
0289   63D5 32 4E 65    		ld	(MoonSound_time_minute),a
0290   63D8 18 38       		jr	MoonSound_time_draw
0291   63DA             
0292   63DA             MoonSound_time_view: 
0293   63DA 3A 4C 65                    ld	a,(MoonSound_time_int)
0294   63DD 3C          		inc	a
0295   63DE 32 4C 65                    ld	(MoonSound_time_int),a
0296   63E1 FE 32       		cp	50
0297   63E3 D8          		ret	c
0298   63E4 AF          		xor	a
0299   63E5 32 4C 65                    ld	(MoonSound_time_int),a
0300   63E8 3A 4D 65                    ld	a,(MoonSound_time_count)
0301   63EB 3C          		inc	a
0302   63EC 4F          		ld	c,a
0303   63ED E6 0F       		and	0Fh
0304   63EF FE 0A       		cp	10
0305   63F1 38 04       		jr	c,MoonSound_time_next
0306   63F3 3E 06       		ld	a,6
0307   63F5 81          		add	c
0308   63F6 4F          		ld	c,a
0309   63F7             MoonSound_time_next: 
0310   63F7 79          		ld	a,c
0311   63F8 32 4D 65    		ld	(MoonSound_time_count),a		
0312   63FB FE 60       		cp	60h
0313   63FD 38 13       		jr	c,MoonSound_time_draw
0314   63FF AF          		xor	a
0315   6400 32 4D 65    		ld	(MoonSound_time_count),a		
0316   6403 3A 4E 65    		ld	a,(MoonSound_time_minute)
0317   6406 3C          		inc	a
0318   6407 32 4E 65    		ld	(MoonSound_time_minute),a
0319   640A FE 0A       		cp	10
0320   640C 38 04       		jr	c,MoonSound_time_draw
0321   640E AF          		xor	a
0322   640F 32 4E 65    		ld	(MoonSound_time_minute),a
0323   6412             MoonSound_time_draw: 
0324   6412 3A 4E 65    		ld	a,(MoonSound_time_minute)
0325   6415 E6 0F       		and	0Fh
0326   6417 21 1C 40    		ld	hl,401Ch
0327   641A CD 48 64    		call 	MoonSound_view_symbol
0328   641D 3A 4D 65    		ld	a,(MoonSound_time_count)
0329   6420 4F          		ld	c,a
0330   6421 E6 F0       		and	0F0h
0331   6423 0F          		rrca
0332   6424 0F          		rrca
0333   6425 0F          		rrca
0334   6426 0F          		rrca
0335   6427 21 1E 40    		ld	hl,401Eh
0336   642A CD 48 64    		call	MoonSound_view_symbol
0337   642D 79          		ld	a,c
0338   642E E6 0F       		and	0Fh
0339   6430 21 1F 40    		ld	hl,401Fh
0340   6433 18 13       		jr	MoonSound_view_symbol
0341   6435              
0342   6435             MoonSound_view_number: 
0343   6435 4F          		ld	c,a
0344   6436 E6 F0       		and	0F0h
0345   6438 0F          		rrca
0346   6439 0F          		rrca
0347   643A 0F          		rrca
0348   643B 0F          		rrca
0349   643C 21 07 40    		ld	hl,4007h
0350   643F CD 48 64    		call	MoonSound_view_symbol
0351   6442 79          		ld	a,c
0352   6443 E6 0F       		and	0Fh
0353   6445 21 08 40    		ld	hl,4008h
0354   6448             
0355   6448             MoonSound_view_symbol: 
0356   6448 E5          		push	hl
0357   6449 26 00       		ld	h,0
0358   644B 6F          		ld	l,a
0359   644C 29          		add	hl,hl
0360   644D 29          		add	hl,hl
0361   644E 29          		add	hl,hl
0362   644F 11 F8 64    		ld	de,MoonSound_table_symbol
0363   6452 19          	        add	hl,de	
0364   6453 EB          		ex	de,hl
0365   6454 E1          		pop	hl
0366   6455 06 08       		ld	b,8
0367   6457             
0368   6457             MoonSound_view_loop: 
0369   6457 1A          		ld	a,(de)
0370   6458 77          		ld	(hl),a
0371   6459 13          		inc	de		
0372   645A 24          		inc	h
0373   645B 7C          		ld	a,h
0374   645C E6 07       		and	7
0375   645E 20 0A       		jr	nz,MoonSound_next_line
0376   6460 7D          		ld	a,l
0377   6461 C6 20       		add	a,20h
0378   6463 6F          		ld	l,a
0379   6464 38 04       		jr	c,MoonSound_next_line
0380   6466 7C          		ld	a,h
0381   6467 D6 08       		sub	8
0382   6469 67          		ld	h,a
0383   646A             MoonSound_next_line: 
0384   646A 10 EB       		djnz	MoonSound_view_loop
0385   646C C9          		ret	
0386   646D             
0387   646D             MoonSound_mwmload: 
0388   646D 21 00 D0    		ld	hl,0D000h
0389   6470 22 55 66    		ld	(load_position),hl
0390   6473 21 00 C0    		ld	hl,0C000h
0391   6476 22 32 89    		ld	(MBPlayer_songdata_addres),hl
0392   6479             
0393   6479             ;--- Load MWM file ---
0394   6479             
0395   6479             ; Note: The routine below is a bit complex because it supports
0396   6479             ; songs > 16K. However, if you know that your song will always be < 16K you
0397   6479             ; can simplify it a lot:
0398   6479             ; - read the header and trash it!
0399   6479             ; - read the rest of the file
0400   6479             ; - modify the play_nextpos routine so that 3 is added to the pattern address
0401   6479             
0402   6479             mbload: 
0403   6479             
0404   6479 21 31 89    		ld	hl,MBPlayer_songdata_bank1	; select first song bank
0405   647C 22 53 66    		ld	(load_bank),hl
0406   647F 7E          		ld	a,(hl)
0407   6480             
0408   6480 21 06 00    		ld	hl,6
0409   6483 ED 5B 32 89 		ld	de,(MBPlayer_songdata_addres)
0410   6487 CD D7 64    		call	load_file			; read header
0411   648A             
0412   648A 21 16 01    		ld	hl,278
0413   648D ED 5B 32 89 		ld	de,(MBPlayer_songdata_addres)		; read settings
0414   6491 CD D7 64    		call	load_file
0415   6494 1A          		ld	a,(de)
0416   6495 19          		add	hl,de
0417   6496 EB          		ex	de,hl
0418   6497 3C          		inc	a
0419   6498 6F          		ld	l,a
0420   6499 26 00       		ld	h,0
0421   649B CD D7 64    		call	load_file			; read positions
0422   649E CD E8 64    		call	check_pats
0423   64A1 19          		add	hl,de
0424   64A2 EB          		ex	de,hl
0425   64A3 87          		add	a,a
0426   64A4 6F          		ld	l,a
0427   64A5 26 00       		ld	h,0
0428   64A7 CD D7 64    		call	load_file			; read pattern addresses
0429   64AA 19          		add	hl,de
0430   64AB 22 51 66    		ld	(load_adres),hl
0431   64AE             
0432   64AE             mbload_lp: 
0433   64AE 11 57 66    		ld	de,load_buffer
0434   64B1 21 03 00    		ld	hl,3
0435   64B4 CD D7 64    		call	load_file
0436   64B7 3A 59 66    		ld	a,(load_buffer + 2)
0437   64BA B7          		or	a
0438   64BB C8          		ret	z
0439   64BC ED 5B 51 66 		ld	de,(load_adres)
0440   64C0 2A 57 66    		ld	hl,(load_buffer)
0441   64C3 CD D7 64    		call	load_file
0442   64C6             
0443   64C6 11 00 C0    		ld	de,0C000h
0444   64C9 ED 53 51 66 		ld	(load_adres),de
0445   64CD 2A 53 66    		ld	hl,(load_bank)
0446   64D0 23          		inc	hl
0447   64D1 7E          		ld	a,(hl)
0448   64D2 22 53 66    		ld	(load_bank),hl
0449   64D5 18 D7       		jr	mbload_lp
0450   64D7             
0451   64D7             
0452   64D7             
0453   64D7             ;--- Load (part of) file ---
0454   64D7             ; In: HL = number of bytes to read
0455   64D7             ;     DE = transfer address
0456   64D7             
0457   64D7             load_file: 	
0458   64D7 E5          		push	hl
0459   64D8 D5          		push	de
0460   64D9 C5          		push	bc
0461   64DA             
0462   64DA E5          		push	hl
0463   64DB C1          		pop	bc
0464   64DC 2A 55 66    		ld	hl,(load_position)
0465   64DF ED B0       		ldir
0466   64E1 22 55 66    		ld	(load_position),hl
0467   64E4 C1          		pop	bc
0468   64E5 D1          		pop	de
0469   64E6 E1          		pop	hl
0470   64E7 C9          		ret
0471   64E8             
0472   64E8             ;--- search highest pattern ---
0473   64E8             ; In: L = #positions, DE = pointer to patterns
0474   64E8             ; Out: A = highest pattern
0475   64E8             
0476   64E8             check_pats: 	
0477   64E8 E5          		push	hl
0478   64E9 D5          		push	de
0479   64EA 45          		ld	b,l
0480   64EB EB          		ex	de,hl
0481   64EC AF          		xor	a
0482   64ED             check_patslp: 	
0483   64ED BE          		cp	(hl)
0484   64EE 30 01       		jr	nc,check_pats2
0485   64F0 7E          		ld	a,(hl)
0486   64F1 23          check_pats2: 	inc	hl
0487   64F2 10 F9       		djnz	check_patslp
0488   64F4 3C          		inc	a
0489   64F5 D1          		pop	de
0490   64F6 E1          		pop	hl
0491   64F7 C9          		ret
0492   64F8             
0493   64F8             MoonSound_table_symbol: 
0494   64F8               		db 	0,3Ch,66h,6Eh,76h,66h,3Ch,0
0494   64F8 003C666E76663C00
0495   6500               		db 	0,18h,38h,18h,18h,18h,7Eh,0
0495   6500 0018381818187E00
0496   6508               		db 	0,3Ch,66h,0Ch,18h,30h,7Eh,0
0496   6508 003C660C18307E00
0497   6510               		db 	0,7Eh,0Ch,18h,0Ch,66h,3Ch,0
0497   6510 007E0C180C663C00
0498   6518               		db 	0,0Ch,1Ch,3Ch,6Ch,7Eh,0Ch,0
0498   6518 000C1C3C6C7E0C00
0499   6520               		db 	0,7Eh,60h,7Ch,06h,66h,3Ch,0
0499   6520 007E607C06663C00
0500   6528               		db 	0,3Ch,60h,7Ch,66h,66h,3Ch,0
0500   6528 003C607C66663C00
0501   6530               		db 	0,7Eh,06h,0Ch,18h,30h,30h,0
0501   6530 007E060C18303000
0502   6538               		db 	0,3Ch,66h,3Ch,66h,66h,3Ch,0
0502   6538 003C663C66663C00
0503   6540             		db 	0,3Ch,66h,3Eh,06h,0Ch,38h,0
0503   6540 003C663E060C3800
0504   6548             
0505   6548             MoonSound_number_music: 
0506   6548 00          		db	0
0507   6549             
0508   6549             MoonSound_count_music: 
0509   6549 00          		db	0
0510   654A             
0511   654A             MoonSound_page_memory: 
0512   654A 00          		db	0		
0513   654B             MoonSound_key_press: 
0514   654B 00          		db	0
0515   654C             
0516   654C             MoonSound_time_int: 
0517   654C 00          		db	0
0518   654D             MoonSound_time_count: 
0519   654D 00          		db	0		
0520   654E             MoonSound_time_minute: 
0521   654E 00          		db	0
0522   654F             
0523   654F             
0524   654F             MoonSound_copy_addr: 
0525   654F 00 00       		dw	0
0526   6551             MoonSound_copy_buffer: 
0527   6551 00          		ds	256
0528   6651             
0529   6651 00 00       load_adres: 	dw	0
0530   6653 00 00       load_bank: 	dw	0
0531   6655 00 00       load_position: 	dw	0
0532   6657 00 00 00    load_buffer: 	db	0,0,0
0533   665A             
0534   665A             
0535   665A             Interrupt_handle: 
0536   665A E5          		push	hl
0537   665B D5          		push	de
0538   665C C5          		push	bc
0539   665D F5          		push	af
0540   665E             
0541   665E CD 98 66    		call	Str_play
0542   6661 CD DA 63    		call	MoonSound_time_view
0543   6664             
0544   6664             ;		ld	a,(MoonSound_page_memory)	;§ £àã§¨¬ ­®¬¥à áâà ­¨æë ¯ ¬ïâ¨ â¥ªãé¥© ¬ã§ëª¨
0545   6664             ;		ld	bc,7ffdh
0546   6664             ;		out	(c),a
0547   6664 CD 47 82    		call	MBPlayer_play
0548   6667             
0549   6667             ;		ld	a,10h
0550   6667             ;		ld	bc,7ffdh
0551   6667             ;		out	(c),a
0552   6667             
0553   6667             Interrupt_exit: 
0554   6667             
0555   6667 F1          		pop	af
0556   6668 C1          		pop	bc
0557   6669 D1          		pop	de
0558   666A E1          		pop	hl
0559   666B FB          		ei
0560   666C C9          		ret
0561   666D             
0562   666D             
0563   666D             		.include  string.asm
0001+  666D             ;--------------------------------------------------------------------
0002+  666D             ; Îïèñàíèå: Áåãóùàÿ ñòðîêà
0003+  666D             ; Àâòîð ïîðòà: îñíîâà âûäðàíà èç çàïèëÿòîðà
0004+  666D             ;--------------------------------------------------------------------
0005+  666D             Str_reload: 
0006+  666D 3A AD 67    		ld	a,(Str_flg_end)
0007+  6670 A7          		and	a
0008+  6671 28 06       		jr 	z,Str_init
0009+  6673 AF          		xor	a
0010+  6674 32 AD 67    		ld	(Str_flg_end),a
0011+  6677 37          		scf
0012+  6678 C9          		ret
0013+  6679             
0014+  6679             Str_init: 
0015+  6679 3E 0F       		ld	a,0Fh
0016+  667B 32 AE 67    		ld	(Str_count_bit),a
0017+  667E 21 C9 69    		ld	hl,Str_addr_text
0018+  6681 22 AF 67    		ld	(Str_addr_work),hl
0019+  6684 7E          		ld	a,(hl)
0020+  6685 C9          		ret
0021+  6686             
0022+  6686             
0023+  6686             Str_init_load: 
0024+  6686 3E 0F       		ld	a,0Fh
0025+  6688 32 AE 67    		ld	(Str_count_bit),a
0026+  668B 21 B1 69    		ld	hl,Str_addr_load
0027+  668E 22 AF 67    		ld	(Str_addr_work),hl
0028+  6691 3E 01       		ld	a,1
0029+  6693 32 AD 67    		ld	(Str_flg_end),a
0030+  6696 7E          		ld	a,(hl)
0031+  6697 C9          		ret	
0032+  6698             
0033+  6698             Str_play: 
0034+  6698 3A AE 67    		ld	a,(Str_count_bit)
0035+  669B 3C          		inc	a
0036+  669C E6 0F       		and	0Fh
0037+  669E 32 AE 67    		ld	(Str_count_bit),a
0038+  66A1 B7          		or	a
0039+  66A2 20 10       		jr	nz, Str_move_string
0040+  66A4             
0041+  66A4             Str_next_symbol: 
0042+  66A4 2A AF 67    		ld	hl,(Str_addr_work)
0043+  66A7 7E          		ld	a,(hl)
0044+  66A8 A7          		and	a
0045+  66A9 CC 6D 66    		call	z,Str_reload
0046+  66AC D8          		ret	c
0047+  66AD 23          		inc	hl
0048+  66AE 22 AF 67    		ld	(Str_addr_work),hl
0049+  66B1 CD 3D 67    		call	Str_load_symbol
0050+  66B4             
0051+  66B4             Str_move_string: 
0052+  66B4 11 BF 54    		ld	de, 54BFh
0053+  66B7 21 B2 67    		ld	hl, Str_buf_data +1 
0054+  66BA 06 10       		ld	b, 10h
0055+  66BC             
0056+  66BC             Str_move_line: 
0057+  66BC 37          		scf	
0058+  66BD 3F          		ccf	
0059+  66BE CB 16       		rl	(hl)
0060+  66C0 2B          		dec	hl
0061+  66C1 CB 16       		rl	(hl)
0062+  66C3 23          		inc	hl
0063+  66C4 23          		inc	hl
0064+  66C5 23          		inc	hl
0065+  66C6 EB          		ex	de, hl
0066+  66C7 E5          		push	hl
0067+  66C8 CB 16       		rl	(hl)
0068+  66CA 2B          		dec	hl
0069+  66CB CB 16       		rl	(hl)
0070+  66CD 2B          		dec	hl
0071+  66CE CB 16       		rl	(hl)
0072+  66D0 2B          		dec	hl
0073+  66D1 CB 16       		rl	(hl)
0074+  66D3 2B          		dec	hl
0075+  66D4 CB 16       		rl	(hl)
0076+  66D6 2B          		dec	hl
0077+  66D7 CB 16       		rl	(hl)
0078+  66D9 2B          		dec	hl
0079+  66DA CB 16       		rl	(hl)
0080+  66DC 2B          		dec	hl
0081+  66DD CB 16       		rl	(hl)
0082+  66DF 2B          		dec	hl
0083+  66E0 CB 16       		rl	(hl)
0084+  66E2 2B          		dec	hl
0085+  66E3 CB 16       		rl	(hl)
0086+  66E5 2B          		dec	hl
0087+  66E6 CB 16       		rl	(hl)
0088+  66E8 2B          		dec	hl
0089+  66E9 CB 16       		rl	(hl)
0090+  66EB 2B          		dec	hl
0091+  66EC CB 16       		rl	(hl)
0092+  66EE 2B          		dec	hl
0093+  66EF CB 16       		rl	(hl)
0094+  66F1 2B          		dec	hl
0095+  66F2 CB 16       		rl	(hl)
0096+  66F4 2B          		dec	hl
0097+  66F5 CB 16       		rl	(hl)
0098+  66F7 2B          		dec	hl
0099+  66F8 CB 16       		rl	(hl)
0100+  66FA 2B          		dec	hl
0101+  66FB CB 16       		rl	(hl)
0102+  66FD 2B          		dec	hl
0103+  66FE CB 16       		rl	(hl)
0104+  6700 2B          		dec	hl
0105+  6701 CB 16       		rl	(hl)
0106+  6703 2B          		dec	hl
0107+  6704 CB 16       		rl	(hl)
0108+  6706 2B          		dec	hl
0109+  6707 CB 16       		rl	(hl)
0110+  6709 2B          		dec	hl
0111+  670A CB 16       		rl	(hl)
0112+  670C 2B          		dec	hl
0113+  670D CB 16       		rl	(hl)
0114+  670F 2B          		dec	hl
0115+  6710 CB 16       		rl	(hl)
0116+  6712 2B          		dec	hl
0117+  6713 CB 16       		rl	(hl)
0118+  6715 2B          		dec	hl
0119+  6716 CB 16       		rl	(hl)
0120+  6718 2B          		dec	hl
0121+  6719 CB 16       		rl	(hl)
0122+  671B 2B          		dec	hl
0123+  671C CB 16       		rl	(hl)
0124+  671E 2B          		dec	hl
0125+  671F CB 16       		rl	(hl)
0126+  6721 2B          		dec	hl
0127+  6722 CB 16       		rl	(hl)
0128+  6724 2B          		dec	hl
0129+  6725 CB 16       		rl	(hl)
0130+  6727 2B          		dec	hl
0131+  6728 E1          		pop	hl
0132+  6729 24          		inc	h
0133+  672A 7C          		ld	a, h
0134+  672B E6 07       		and	7
0135+  672D 20 09       		jr	nz, Str_next_line
0136+  672F 7D          		ld	a, l
0137+  6730 D6 E0       		sub	0E0h ; 'à'
0138+  6732 6F          		ld	l, a
0139+  6733 9F          		sbc	a, a
0140+  6734 E6 F8       		and	0F8h ; 'ø'
0141+  6736 84          		add	a, h
0142+  6737 67          		ld	h, a
0143+  6738             Str_next_line: 
0144+  6738 EB          		ex	de, hl
0145+  6739 10 81       		djnz	Str_move_line
0146+  673B A7          		and	a
0147+  673C C9          		ret
0148+  673D             
0149+  673D             Str_load_symbol: 
0150+  673D D6 20       		sub	20h
0151+  673F FE 60       		cp	60h
0152+  6741 38 02       		jr	c, Str_load_data
0153+  6743 D6 60       		sub	60h
0154+  6745             
0155+  6745             Str_load_data: 
0156+  6745 26 00       		ld	h, 0
0157+  6747 6F          		ld	l, a
0158+  6748 29          		add	hl, hl
0159+  6749 29          		add	hl, hl
0160+  674A 29          		add	hl, hl
0161+  674B 29          		add	hl, hl
0162+  674C 29          		add	hl, hl
0163+  674D 01 44 76    		ld	bc, Str_addr_font
0164+  6750 09          		add	hl, bc
0165+  6751 ED 73 AA 67 		ld	(Str_save_stack + 1),sp
0166+  6755 F9          		ld	sp, hl
0167+  6756 21 B1 67    		ld	hl, Str_buf_data
0168+  6759 C1          		pop	bc
0169+  675A 71          		ld	(hl), c
0170+  675B 23          		inc	hl
0171+  675C 70          		ld	(hl), b
0172+  675D 23          		inc	hl
0173+  675E C1          		pop	bc
0174+  675F 71          		ld	(hl), c
0175+  6760 23          		inc	hl
0176+  6761 70          		ld	(hl), b
0177+  6762 23          		inc	hl
0178+  6763 C1          		pop	bc
0179+  6764 71          		ld	(hl), c
0180+  6765 23          		inc	hl
0181+  6766 70          		ld	(hl), b
0182+  6767 23          		inc	hl
0183+  6768 C1          		pop	bc
0184+  6769 71          		ld	(hl), c
0185+  676A 23          		inc	hl
0186+  676B 70          		ld	(hl), b
0187+  676C 23          		inc	hl
0188+  676D C1          		pop	bc
0189+  676E 71          		ld	(hl), c
0190+  676F 23          		inc	hl
0191+  6770 70          		ld	(hl), b
0192+  6771 23          		inc	hl
0193+  6772 C1          		pop	bc
0194+  6773 71          		ld	(hl), c
0195+  6774 23          		inc	hl
0196+  6775 70          		ld	(hl), b
0197+  6776 23          		inc	hl
0198+  6777 C1          		pop	bc
0199+  6778 71          		ld	(hl), c
0200+  6779 23          		inc	hl
0201+  677A 70          		ld	(hl), b
0202+  677B 23          		inc	hl
0203+  677C C1          		pop	bc
0204+  677D 71          		ld	(hl), c
0205+  677E 23          		inc	hl
0206+  677F 70          		ld	(hl), b
0207+  6780 23          		inc	hl
0208+  6781 C1          		pop	bc
0209+  6782 71          		ld	(hl), c
0210+  6783 23          		inc	hl
0211+  6784 70          		ld	(hl), b
0212+  6785 23          		inc	hl
0213+  6786 C1          		pop	bc
0214+  6787 71          		ld	(hl), c
0215+  6788 23          		inc	hl
0216+  6789 70          		ld	(hl), b
0217+  678A 23          		inc	hl
0218+  678B C1          		pop	bc
0219+  678C 71          		ld	(hl), c
0220+  678D 23          		inc	hl
0221+  678E 70          		ld	(hl), b
0222+  678F 23          		inc	hl
0223+  6790 C1          		pop	bc
0224+  6791 71          		ld	(hl), c
0225+  6792 23          		inc	hl
0226+  6793 70          		ld	(hl), b
0227+  6794 23          		inc	hl
0228+  6795 C1          		pop	bc
0229+  6796 71          		ld	(hl), c
0230+  6797 23          		inc	hl
0231+  6798 70          		ld	(hl), b
0232+  6799 23          		inc	hl
0233+  679A C1          		pop	bc
0234+  679B 71          		ld	(hl), c
0235+  679C 23          		inc	hl
0236+  679D 70          		ld	(hl), b
0237+  679E 23          		inc	hl
0238+  679F C1          		pop	bc
0239+  67A0 71          		ld	(hl), c
0240+  67A1 23          		inc	hl
0241+  67A2 70          		ld	(hl), b
0242+  67A3 23          		inc	hl
0243+  67A4 C1          		pop	bc
0244+  67A5 71          		ld	(hl), c
0245+  67A6 23          		inc	hl
0246+  67A7 70          		ld	(hl), b
0247+  67A8 23          		inc	hl
0248+  67A9             Str_save_stack: 
0249+  67A9 31 00 00    		ld	sp, 0
0250+  67AC C9          		ret	
0251+  67AD             
0252+  67AD             
0253+  67AD             Str_flg_end: 
0254+  67AD 00          		db 	0
0255+  67AE             
0256+  67AE             Str_count_bit: 
0257+  67AE 00          		db 	0
0258+  67AF             Str_addr_work: 
0259+  67AF 00 00       		dw 	0
0260+  67B1             
0261+  67B1             Str_buf_data:    
0262+  67B1 00          		ds	512
0263+  69B1             
0264+  69B1             Str_addr_load: 
0265+  69B1             		db	'            *LOAD*     ',0
0265+  69B1 2020202020202020202020202A4C4F41442A202020202000
0266+  69C9             
0267+  69C9             Str_addr_text: 
0268+  69C9             		db 	'                             << SPACE TO CHANGE MUSIC >>       '
0268+  69C9 20202020202020202020202020202020202020202020202020202020203C3C20
0268+  69E9 535041434520544F204348414E4745204D55534943203E3E20202020202020
0269+  6A08             		db 	'                             ÏÐÈÂÅÒ, MICK ÏÐÅÄÑÒÀÂËßÅÒ ÅÙÅ ÎÄÈÍ ÍÎÂÛÉ ÑÁÎÐÍÈÊ'
0269+  6A08 2020202020202020202020202020202020202020202020202020202020CFD0C8
0269+  6A28 C2C5D22C204D49434B20CFD0C5C4D1D2C0C2CBDFC5D220C5D9C520CEC4C8CD20
0269+  6A48 CDCEC2DBC920D1C1CED0CDC8CA
0270+  6A55             		db	' ÄËß ÇÂÓÊÎÂÎÉ ÊÀÐÒÛ *ZXM-MOONSOUND*. ÅÙÅ 12 ÌÓÇÛÊÀËÜÍÛÕ ÊÎÌÏÎÇÈÖÈÉ ÑÒÀËÈ ÄÎÑÒÓÏÍÛ ÄËß ÏÐÎÑËÓØÈÂÀÍÈß.'
0270+  6A55 20C4CBDF20C7C2D3CACEC2CEC920CAC0D0D2DB202A5A584D2D4D4F4F4E534F55
0270+  6A75 4E442A2E20C5D9C520313220CCD3C7DBCAC0CBDCCDDBD520CACECCCFCEC7C8D6
0270+  6A95 C8C920D1D2C0CBC820C4CED1D2D3CFCDDB20C4CBDF20CFD0CED1CBD3D8C8C2C0
0270+  6AB5 CDC8DF2E
0271+  6AB9             		db	' Â ÝÒÎÒ ÐÀÇ ÊÀÐÒÈÍÊÓ ÍÈÊÒÎ ÍÅ ÓÄÎÑÓÆÈËÑß ÍÀÐÈÑÎÂÀÒÜ, ÊÎÐÎ×Å ÇÀÆÀËÈ ÊÀÊ ÑÊÀÇÀË ÁÛ ÀÀÀ, ÒÀÊ ×ÒÎ ÊÀËßÊÀÒÜ'
0271+  6AB9 20C220DDD2CED220D0C0C720CAC0D0D2C8CDCAD320CDC8CAD2CE20CDC520D3C4
0271+  6AD9 CED1D3C6C8CBD1DF20CDC0D0C8D1CEC2C0D2DC2C20CACED0CED7C520C7C0C6C0
0271+  6AF9 CBC820CAC0CA20D1CAC0C7C0CB20C1DB20C0C0C02C20D2C0CA20D7D2CE20CAC0
0271+  6B19 CBDFCAC0D2DC
0272+  6B1F             		db	' È ÌÀËßÊÀÒÜ ÏÐÈØËÎÑÜ ÑÀÌÎÌÓ. ÒÀÊ ÊÀÊ ÒÅÌÀ Ó ÍÀÑ ÏÎ ÏÐÅÆÍÅÌÓ ËÓÍÀ È ÂÅ×ÍÎÑÒÜ. ÑÅÃÎÄÍß ÂÅ×ÍÎÑÒÜÞ ÂÛÑÒÓÏÈËÈ'
0272+  6B1F 20C820CCC0CBDFCAC0D2DC20CFD0C8D8CBCED1DC20D1C0CCCECCD32E20D2C0CA
0272+  6B3F 20CAC0CA20D2C5CCC020D320CDC0D120CFCE20CFD0C5C6CDC5CCD320CBD3CDC0
0272+  6B5F 20C820C2C5D7CDCED1D2DC2E20D1C5C3CEC4CDDF20C2C5D7CDCED1D2DCDE20C2
0272+  6B7F DBD1D2D3CFC8CBC8
0273+  6B87             		db	' ÂÅÐÒÎËÅÒ, ÕÎËÌÛ È ÏÀËÜÌÛ. ÇÀ ÎÑÍÎÂÓ ÁÛËÀ ÂÇßÒÀ ÊÀÐÒÈÍÊÀ ÈÇ ÈÍÒÅÐÍÅÒÀ. ÊÎÐÎ×Å ×ÓÒÊÀ ÏÎÏÛÆÈËÑß È ÍÀÌÀËßÊÀË.'
0273+  6B87 20C2C5D0D2CECBC5D22C20D5CECBCCDB20C820CFC0CBDCCCDB2E20C7C020CED1
0273+  6BA7 CDCEC2D320C1DBCBC020C2C7DFD2C020CAC0D0D2C8CDCAC020C8C720C8CDD2C5
0273+  6BC7 D0CDC5D2C02E20CACED0CED7C520D7D3D2CAC020CFCECFDBC6C8CBD1DF20C820
0273+  6BE7 CDC0CCC0CBDFCAC0CB2E
0274+  6BF1             		db	' ÍÀÂÅÐÍÎÅ ÕÓÄÎÆÍÈÊÈ ÏÐÎÔÈ ÑÊÀÆÓÒ, ÎÏßÒÜ ÐÓÊÎÆÎÏÜÅ - ÍÓ ÏÎ ÄÐÓÃÎÌÓ ÐÈÑÎÂÀÒÜ ß ÍÅ ÓÌÅÞ.'
0274+  6BF1 20CDC0C2C5D0CDCEC520D5D3C4CEC6CDC8CAC820CFD0CED4C820D1CAC0C6D3D2
0274+  6C11 2C20CECFDFD2DC20D0D3CACEC6CECFDCC5202D20CDD320CFCE20C4D0D3C3CECC
0274+  6C31 D320D0C8D1CEC2C0D2DC20DF20CDC520D3CCC5DE2E
0275+  6C46             		db	' È ÑÒÎÈÒ ÎÒÌÅÒÈÒÜ, ×ÒÎ ÒÀÊÆÅ ÍÎÂÛÉ ÔÎÍÒ Â ÑÁÎÐÍÈÊÅ È ÎÏßÒÜ ÏÎÒÎÐØÈË Î×ÅÐÅÄÍÎÉ ÔÀÊÒÐÎ ÎÒ GOBLINISH.   ' 
0275+  6C46 20C820D1D2CEC8D220CED2CCC5D2C8D2DC2C20D7D2CE20D2C0CAC6C520CDCEC2
0275+  6C66 DBC920D4CECDD220C220D1C1CED0CDC8CAC520C820CECFDFD2DC20CFCED2CED0
0275+  6C86 D8C8CB20CED7C5D0C5C4CDCEC920D4C0CAD2D0CE20CED220474F424C494E4953
0275+  6CA6 482E202020
0276+  6CAB             		db	' ÈÒÀÊ, Â ÝÒÎÌ ÑÁÎÐÍÈÊÅ ÄÂÅÍÀÄÖÀÒÜ ÌÅËÎÄÈÉ, ÊÎÒÎÐÛÅ'
0276+  6CAB 20C8D2C0CA2C20C220DDD2CECC20D1C1CED0CDC8CAC520C4C2C5CDC0C4D6C0D2
0276+  6CCB DC20CCC5CBCEC4C8C92C20CACED2CED0DBC5
0277+  6CDD             		db	' ÏÅÐÅÊËÞ×ÀÞÒÑß ÏÓÒÅÌ ÍÀÆÀÒÈß ÊËÀÂÈØÈ "SPACE". ÂÑÅ ÌÅËÎÄÈÈ ÍÀÏÈÑÀÍÛ ÌÓÇÛÊÀÍÒÎÌ QIX, ÑÏÈÑÎÊ ÊÎÒÎÐÛÕ ÈÄÅÒ ÑËÅÄÎÌ: '
0277+  6CDD 20CFC5D0C5CACBDED7C0DED2D1DF20CFD3D2C5CC20CDC0C6C0D2C8DF20CACBC0
0277+  6CFD C2C8D8C820225350414345222E20C2D1C520CCC5CBCEC4C8C820CDC0CFC8D1C0
0277+  6D1D CDDB20CCD3C7DBCAC0CDD2CECC205149582C20D1CFC8D1CECA20CACED2CED0DB
0277+  6D3D D520C8C4C5D220D1CBC5C4CECC3A20
0278+  6D4C             		db	' ANGEL.MWM (ANGEL OF THE CITY - PM2 - OPL4 - SOUNDWAVE 1997),'
0278+  6D4C 20414E47454C2E4D574D2028414E47454C204F46205448452043495459202D20
0278+  6D6C 504D32202D204F504C34202D20534F554E44574156452031393937292C
0279+  6D89             		db	' BDD321.MWM (BDD 321 - GUESS WHO"93 - OMEGA"95 (C) DREAMSCAPE),'
0279+  6D89 204244443332312E4D574D202842444420333231202D2047554553532057484F
0279+  6DA9 223933202D204F4D4547412239352028432920445245414D5343415045292C
0280+  6DC8             		db	' CHAOS2.MWM (CAPTION CHAOS ][ - OPL4 VERSION - SOUNDWAVE 1997),'
0280+  6DC8 204348414F53322E4D574D202843415054494F4E204348414F53205D5B202D20
0280+  6DE8 4F504C342056455253494F4E202D20534F554E44574156452031393937292C
0281+  6E07             		db	' COPY2.MWM (COPY IS CRIME (PART 2) - BDD"92 - OMEGA"95 (C) DREAMSCAPE),'
0281+  6E07 20434F5059322E4D574D2028434F5059204953204352494D4520285041525420
0281+  6E27 3229202D20424444223932202D204F4D4547412239352028432920445245414D
0281+  6E47 5343415045292C
0282+  6E4E             		db	' DORMIR.MWM (DORMIR CON ANGELITOS - HANS CNOSSEN 1996),'
0282+  6E4E 20444F524D49522E4D574D2028444F524D495220434F4E20414E47454C49544F
0282+  6E6E 53202D2048414E5320434E4F5353454E2031393936292C
0283+  6E85             		db	' ENDING32.MWM (ENDING 3.2 - BDD"92 - OMEGA"95 (C) DREAMSCAPE),'
0283+  6E85 20454E44494E4733322E4D574D2028454E44494E4720332E32202D2042444422
0283+  6EA5 3932202D204F4D4547412239352028432920445245414D5343415045292C
0284+  6EC3             		db	' IMPACT137.MWM (IMPACT 137 - BDD"92 - OMEGA"95 (C) DREAMSCAPE),'
0284+  6EC3 20494D504143543133372E4D574D2028494D5041435420313337202D20424444
0284+  6EE3 223932202D204F4D4547412239352028432920445245414D5343415045292C
0285+  6F02             		db	' ENDING.MWM (IMPACCABLE END SCROLL - BDD"92 - OMEGA"95 (C) DREAMSCAPE),'
0285+  6F02 20454E44494E472E4D574D2028494D5041434341424C4520454E44205343524F
0285+  6F22 4C4C202D20424444223932202D204F4D4547412239352028432920445245414D
0285+  6F42 5343415045292C
0286+  6F49             		db	' FALLSTAR.MWM (AN ORDERED FALLING STAR - NEAR DARK 1996),'
0286+  6F49 2046414C4C535441522E4D574D2028414E204F5244455245442046414C4C494E
0286+  6F69 472053544152202D204E454152204441524B2031393936292C
0287+  6F82             		db	' MACARENA.MWM (LA MACARENA - THE GA-VERSION - HANS CNOSSEN 1995),'
0287+  6F82 204D41434152454E412E4D574D20284C41204D41434152454E41202D20544845
0287+  6FA2 2047412D56455253494F4E202D2048414E5320434E4F5353454E203139393529
0287+  6FC2 2C
0288+  6FC3             		db	' FLYING09.MWM (PREPARE FOR TAKE OFF - HANS CNOSSEN),'
0288+  6FC3 20464C59494E4730392E4D574D20285052455041524520464F522054414B4520
0288+  6FE3 4F4646202D2048414E5320434E4F5353454E292C
0289+  6FF7             		db	' RANDAR.MWM (RANDAR 3" - OPL4 VERSION - SOUNDWAVE 1998).'
0289+  6FF7 2052414E4441522E4D574D202852414E444152203322202D204F504C34205645
0289+  7017 5253494F4E202D20534F554E44574156452031393938292E
0290+  702F             		db	' ÊÐÎÌÅ ÒÎÃÎ ÅÑÒÜ ÅÙÅ ÎÄÍÀ ÊÍÎÏÊÀ "BREAK" - ÂÛÕÎÄ Â TR-DOS.'
0290+  702F 20CAD0CECCC520D2CEC3CE20C5D1D2DC20C5D9C520CEC4CDC020CACDCECFCAC0
0290+  704F 2022425245414B22202D20C2DBD5CEC420C22054522D444F532E
0291+  7069             		db 	' Î ÏÐÎÃÐÀÌÌÅ: ÎÑÍÎÂÍÛÅ ÌÀÒÅÐÈÀËÛ ÁÛËÈ ÏÎÇÀÈÌÑÒÂÎÂÀÍÛ Ñ ÏÐÎÃÐÀÌÌ ÊÎÌÏÜÞÒÅÐÀ "MSX" È ÂÅËÈÊÎÉ'
0291+  7069 20CE20CFD0CEC3D0C0CCCCC53A20CED1CDCEC2CDDBC520CCC0D2C5D0C8C0CBDB
0291+  7089 20C1DBCBC820CFCEC7C0C8CCD1D2C2CEC2C0CDDB20D120CFD0CEC3D0C0CCCC20
0291+  70A9 CACECCCFDCDED2C5D0C020224D53582220C820C2C5CBC8CACEC9
0292+  70C3             		db	' ÌÓÑÎÐÊÈ ÏÎÄ ÍÀÇÂÀÍÈÅÌ ÈÍÒÅÐÍÅÒ.' 
0292+  70C3 20CCD3D1CED0CAC820CFCEC420CDC0C7C2C0CDC8C5CC20C8CDD2C5D0CDC5D22E
0293+  70E3             		db 	' ÂÑÅ ÝÒÎ ÑÎÁÈÐÀËÎÑÜ ÍÀ ÐÑ ÏÐÈ ÏÎÌÎÙÈ ÀÑÑÅÌÁËÅÐÀ  SJASMPLUS.'
0293+  70E3 20C2D1C520DDD2CE20D1CEC1C8D0C0CBCED1DC20CDC020D0D120CFD0C820CFCE
0293+  7103 CCCED9C820C0D1D1C5CCC1CBC5D0C02020534A41534D504C55532E
0294+  711E             		db	' ÍÀÏÎÌÍÞ, ÅÑËÈ Ó ÂÀÑ ÊÀÐÒÈÍÊÀ ÃÄÅ ÅÑÒÜ ÒÅÌÀ ËÓÍÛ È ÏÅÉÇÀÉÆÅÉ, ÒÎ ÌÈËÎÑÒÈ ÏÐÎÑÈÌ Â ÑËÅÄÓÞÙÈÉ ÂÛÏÓÑÊ.'
0294+  711E 20CDC0CFCECCCDDE2C20C5D1CBC820D320C2C0D120CAC0D0D2C8CDCAC020C3C4
0294+  713E C520C5D1D2DC20D2C5CCC020CBD3CDDB20C820CFC5C9C7C0C9C6C5C92C20D2CE
0294+  715E 20CCC8CBCED1D2C820CFD0CED1C8CC20C220D1CBC5C4D3DED9C8C920C2DBCFD3
0294+  717E D1CA2E
0295+  7181             		db	' ÊÎÐÎ×Å, ÆÄÅÌ ÍÎÂÛÕ ÒÂÎÐÅÍÈÉ ÎÒ ÕÓÄÎÆÍÈÊÎÂ ÏÐÎÔÅÑÑÈÎÍÀËÜÍÛÕ È ÍÅ Î×ÅÍÜ. ÇÀÑÈÌ ÏÐÎÑÈÌ ÎÒÊËÀÍßÒÑß, ÄÀËÅÅ ÈÄÅÒ'
0295+  7181 20CACED0CED7C52C20C6C4C5CC20CDCEC2DBD520D2C2CED0C5CDC8C920CED220
0295+  71A1 D5D3C4CEC6CDC8CACEC220CFD0CED4C5D1D1C8CECDC0CBDCCDDBD520C820CDC5
0295+  71C1 20CED7C5CDDC2E20C7C0D1C8CC20CFD0CED1C8CC20CED2CACBC0CDDFD2D1DF2C
0295+  71E1 20C4C0CBC5C520C8C4C5D2
0296+  71EC             		db	' ÒÐÀÄÈÖÈÎÍÍÀß ÐÓÁÐÈÊÀ.'
0296+  71EC 20D2D0C0C4C8D6C8CECDCDC0DF20D0D3C1D0C8CAC02E
0297+  7202             		db	'             ÏÐÈÂÅÒÛ È ÑÏÀÑÈÁÛ!     '
0297+  7202 20202020202020202020202020CFD0C8C2C5D2DB20C820D1CFC0D1C8C1DB2120
0297+  7222 20202020
0298+  7226             		db	' ÀÀÀ, ÊÀÊ ÂÑÅÃÄÀ È ÂÅÇÄÅ ÃÐÎÌÀÄÍÛÉ ÏÐÈÂÅÒÈÙÅ. ÒÛ ÎÏßÒÜ ÈÑÏÛÒÀÅØÜ ÂÅËÈÊÈÉ È ÓÆÀÑÍÛÉ'
0298+  7226 20C0C0C02C20CAC0CA20C2D1C5C3C4C020C820C2C5C7C4C520C3D0CECCC0C4CD
0298+  7246 DBC920CFD0C8C2C5D2C8D9C52E20D2DB20CECFDFD2DC20C8D1CFDBD2C0C5D8DC
0298+  7266 20C2C5CBC8CAC8C920C820D3C6C0D1CDDBC9
0299+  7278             		db	' ÎÁËÎÌ ÏÅÒÐÎÂÈ×, ÒÀÊ ÊÀÊ ÒÛ ÆÅËÅÇÊÓ ÒÀÊÈ ÍÅ ÇÀÈÌÅË, ÒÀÊ ×ÒÎ ÑËÓØÀÉ Â ËßÌÓËßÒÎÐÅ :).'
0299+  7278 20CEC1CBCECC20CFC5D2D0CEC2C8D72C20D2C0CA20CAC0CA20D2DB20C6C5CBC5
0299+  7298 C7CAD320D2C0CAC820CDC520C7C0C8CCC5CB2C20D2C0CA20D7D2CE20D1CBD3D8
0299+  72B8 C0C920C220CBDFCCD3CBDFD2CED0C5203A292E
0300+  72CB             		db	' GOBLINISH, ÑÏÀÑÈÁÎ ÇÀ ÔÎÍÒ, ÎÍ Î×ÅÍÜ ÊÑÒÀÒÈ, ÒÀÊ ÑÊÀÇÀÒÜ ÏÐÎÑÒÎ ÑÏÀÑÈÒÅËÜ.'
0300+  72CB 20474F424C494E4953482C20D1CFC0D1C8C1CE20C7C020D4CECDD22C20CECD20
0300+  72EB CED7C5CDDC20CAD1D2C0D2C82C20D2C0CA20D1CAC0C7C0D2DC20CFD0CED1D2CE
0300+  730B 20D1CFC0D1C8D2C5CBDC2E
0301+  7316             		db	' DJS3000, ÑÏÀÑÈÁÎ ÇÀ ÊÎÍÑÓËÜÒÀÒÈÂÍÓÞ ÏÎÌÎÙÜ ÏÐÈ ÑÎÇÄÀÍÈÈ ÝÒÎÉ ÇÂÓÊÎÂÎÉ ÊÀÐÒÛ.'
0301+  7316 20444A53333030302C20D1CFC0D1C8C1CE20C7C020CACECDD1D3CBDCD2C0D2C8
0301+  7336 C2CDD3DE20CFCECCCED9DC20CFD0C820D1CEC7C4C0CDC8C820DDD2CEC920C7C2
0301+  7356 D3CACEC2CEC920CAC0D0D2DB2E
0302+  7363             		db	' TS-LABS, ÑÏÀÑÈÁÎ ÇÀ ÒÎ ÏÐÈÞÒÈË ÍÀ ÑÂÎÅÌ ÔÎÐÓÌÅ ÁÅÑÕÎÇÍÎÃÎ ÏËÞØÅÂÎÃÎ ÌÅÄÂÅÄß.'
0302+  7363 2054532D4C4142532C20D1CFC0D1C8C1CE20C7C020D2CE20CFD0C8DED2C8CB20
0302+  7383 CDC020D1C2CEC5CC20D4CED0D3CCC520C1C5D1D5CEC7CDCEC3CE20CFCBDED8C5
0302+  73A3 C2CEC3CE20CCC5C4C2C5C4DF2E
0303+  73B0             		db	' ÌÓÇÛÊÀÍÒÀÌ ÈÇ ÑÁÎÐÍÈÊÀ, ÐÅÑÏÅÊÒ ÇÀ ÒÀÊÈÅ ÇÀÌÅ×ÀÒÅËÜÍÛÅ ÌÓÇÎÍÛ.'
0303+  73B0 20CCD3C7DBCAC0CDD2C0CC20C8C720D1C1CED0CDC8CAC02C20D0C5D1CFC5CAD2
0303+  73D0 20C7C020D2C0CAC8C520C7C0CCC5D7C0D2C5CBDCCDDBC520CCD3C7CECDDB2E
0304+  73EF             		db	' ÂÑÅÌ ÂËÀÄÅËÜÖÀÌ ÏÐÎÄÓÊÖÈÈ ÏÎÄ ÁÐÅÍÄÎÌ "ZXM" ÁÎËÜØÓÙÈÉ ÏÐÈÂÅÒ. ÂÀÑ ÒÅÏÅÐÜ ÌÍÎÃÎ, ÌÎÆÍÎ ÍÅ ÁÓÄÓ ÂÀÑ ÍÀÇÛÂÀÒÜ ÂÑÅÕ ÏÎÈÌÅÍÍÎ.'
0304+  73EF 20C2D1C5CC20C2CBC0C4C5CBDCD6C0CC20CFD0CEC4D3CAD6C8C820CFCEC420C1
0304+  740F D0C5CDC4CECC20225A584D2220C1CECBDCD8D3D9C8C920CFD0C8C2C5D22E20C2
0304+  742F C0D120D2C5CFC5D0DC20CCCDCEC3CE2C20CCCEC6CDCE20CDC520C1D3C4D320C2
0304+  744F C0D120CDC0C7DBC2C0D2DC20C2D1C5D520CFCEC8CCC5CDCDCE2E
0305+  7469             		db	' ÏÐÈÂÅÒ ÒÀÊÆÅ ÂÑÅÌ ÑÏÅÊÒÐÓÌÈÑÒÀÌ, ÁÛÂØÈÌ, ÍÀÑÒÎßÙÈÌ È ÂÎÇÌÎÆÍÎ ÁÓÄÓÙÈÌ.'
0305+  7469 20CFD0C8C2C5D220D2C0CAC6C520C2D1C5CC20D1CFC5CAD2D0D3CCC8D1D2C0CC
0305+  7489 2C20C1DBC2D8C8CC2C20CDC0D1D2CEDFD9C8CC20C820C2CEC7CCCEC6CDCE20C1
0305+  74A9 D3C4D3D9C8CC2E
0306+  74B0             		db	'       È ÏÎÑËÅÄÍÈÉ ÀÁÇÀÖ :) :)'
0306+  74B0 20202020202020C820CFCED1CBC5C4CDC8C920C0C1C7C0D6203A29203A29
0307+  74CE             		db	' ÍÀÉÒÈ ÏÎÑËÅÄÍÞÞ ÈÍÔÎÐÌÀÖÈÞ ÏÎ ÌÎÈÌ ÏÐÎÅÊÒÀÌ ÌÎÆÍÎ ÍÀ ÑÀÉÒÅ WWW.MICKLAB.RU.'
0307+  74CE 20CDC0C9D2C820CFCED1CBC5C4CDDEDE20C8CDD4CED0CCC0D6C8DE20CFCE20CC
0307+  74EE CEC8CC20CFD0CEC5CAD2C0CC20CCCEC6CDCE20CDC020D1C0C9D2C5205757572E
0307+  750E 4D49434B4C41422E52552E
0308+  7519             		db	' ÑÂßÇÀÒÑß ÑÎ ÌÍÎÉ ÌÎÆÍÎ ×ÅÐÅÇ ÔÎÐÓÌ WWW.TS-LABS.INFO - ÍÈÊÍÅÉÌ MICK ÈËÈ ×ÅÐÅÇ ÌÛËÎ'
0308+  7519 20D1C2DFC7C0D2D1DF20D1CE20CCCDCEC920CCCEC6CDCE20D7C5D0C5C720D4CE
0308+  7539 D0D3CC205757572E54532D4C4142532E494E464F202D20CDC8CACDC5C9CC204D
0308+  7559 49434B20C8CBC820D7C5D0C5C720CCDBCBCE
0309+  756B             		db	' MICKLAB(ÃÀÂ-ÃÀÂ)MAIL.RU   ' 
0309+  756B 204D49434B4C414228C3C0C22DC3C0C2294D41494C2E5255202020
0310+  7586             		db	' ÏÎÐÀ ÏÐÎÙÀÒÜÑß. ÏÎÑÌÎÐÒÈÌ ÁÓÄÓÒ ËÈ ÅÙÅ ÏÐÎÃÐÀÌÌÊÈ ÎÒ ÌÅÍß :) ÏÎÊÀ! ÏÎÊÀ!      '
0310+  7586 20CFCED0C020CFD0CED9C0D2DCD1DF2E20CFCED1CCCED0D2C8CC20C1D3C4D3D2
0310+  75A6 20CBC820C5D9C520CFD0CEC3D0C0CCCCCAC820CED220CCC5CDDF203A2920CFCE
0310+  75C6 CAC02120CFCECAC021202020202020
0311+  75D5             		db	'            FEBRUARY *2016*    GRAPHICS AND CODE BY MICK         '
0311+  75D5 2020202020202020202020204645425255415259202A323031362A2020202047
0311+  75F5 5241504849435320414E4420434F4445204259204D49434B2020202020202020
0311+  7615 20
0312+  7616             		db	'                                             ',0           		
0312+  7616 2020202020202020202020202020202020202020202020202020202020202020
0312+  7636 2020202020202020202020202000
0313+  7644             Str_addr_font: 
0314+  7644             		incbin "aaa_3.fnt"
0315+  8244             Str_end_font: 
0316+  8244             
0564   8244             		.include  mwm_player.asm
0001+  8244             ;--------------------------------------------------------------------
0002+  8244             ; Îïèñàíèå: Ïðîèãðûâàþùèé ìîäóëü ìóçûêàëüíûõ ôàéëîâ MWM c êîìïüþòåðà MSX
0003+  8244             ; Àâòîð ïîðòà: Òàðàñîâ Ì.Í.(Mick),2015
0004+  8244             ;--------------------------------------------------------------------
0005+  8244             MOON_BASE: 	equ	0C4h
0006+  8244             MOON_REG1: 	equ	MOON_BASE
0007+  8244             MOON_DAT1: 	equ	MOON_BASE+1
0008+  8244             MOON_REG2: 	equ	MOON_BASE+2
0009+  8244             MOON_DAT2: 	equ	MOON_BASE+3
0010+  8244             MOON_STAT: 	equ	MOON_BASE
0011+  8244             
0012+  8244             MOON_WREG: 	equ	7Eh
0013+  8244             MOON_WDAT: 	equ	MOON_WREG+1
0014+  8244             
0015+  8244             PTW_SIZE: 	equ	20	; size of Wave playtable line
0016+  8244             WAVCHNS: 	equ	24
0017+  8244             
0018+  8244             ;-------------------------------------------------------------------
0019+  8244             ; îïèñàíèå: Èíèöèàëèçàöèÿ ïðîèãðûâàòåëÿ
0020+  8244             ; ïàðàìåòðû: íåò
0021+  8244             ; âîçâðàùàåìîå  çíà÷åíèå: íåò
0022+  8244             ;---------------------------------------------------------------------
0023+  8244             MBPlayer_init: 
0024+  8244 C3 50 82    		jp	MBPlayer_start_music
0025+  8247             ;-------------------------------------------------------------------
0026+  8247             ; îïèñàíèå: Ïðîèãðûâàíèå íîòû
0027+  8247             ; ïàðàìåòðû: íåò
0028+  8247             ; âîçâðàùàåìîå  çíà÷åíèå: íåò
0029+  8247             ;---------------------------------------------------------------------
0030+  8247             MBPlayer_play: 
0031+  8247 C3 26 83    		jp	MBPlayer_play_music
0032+  824A             ;-------------------------------------------------------------------
0033+  824A             ; îïèñàíèå: Îñòàíîâêà ïðîèãðûâàíèÿ
0034+  824A             ; ïàðàìåòðû: íåò
0035+  824A             ; âîçâðàùàåìîå  çíà÷åíèå: íåò
0036+  824A             ;---------------------------------------------------------------------
0037+  824A             MBPlayer_stop: 
0038+  824A C3 FC 82    		jp	MBPlayer_stop_music
0039+  824D             ;-------------------------------------------------------------------
0040+  824D             ; îïèñàíèå: Óñòàíîâêà òèøèíû â çâóêîâîé ÷èï
0041+  824D             ; ïàðàìåòðû: íåò
0042+  824D             ; âîçâðàùàåìîå  çíà÷åíèå: íåò
0043+  824D             ;---------------------------------------------------------------------
0044+  824D             MBPlayer_fade: 
0045+  824D C3 16 83    		jp	MBPlayer_fade_music
0046+  8250             ;-------------------------------------------------------------------
0047+  8250             ; îïèñàíèå: Èíèöèàëèçàöèÿ ïðîèãðûâàòåëÿ
0048+  8250             ; ïàðàìåòðû: íåò
0049+  8250             ; âîçâðàùàåìîå  çíà÷åíèå: íåò
0050+  8250             ;---------------------------------------------------------------------
0051+  8250             MBPlayer_start_music: 
0052+  8250 F3          		di	
0053+  8251 3A 2D 89    		ld	a, (MBPlayer_play_busy)
0054+  8254 B7          		or	a
0055+  8255 C0          		ret	nz				; already playing?
0056+  8256             
0057+  8256 3E FF       		ld	a, 0FFh
0058+  8258 32 2D 89    		ld	(MBPlayer_play_busy), a 	; set busy playing
0059+  825B             
0060+  825B AF          		xor	a
0061+  825C 32 51 89    		ld	(MBPlayer_play_intcnt), a
0062+  825F 3E 0F       		ld	a, 15
0063+  8261 32 2F 89    		ld	(MBPlayer_play_step), a 	; set step and position
0064+  8264 3E FF       		ld	a, 0FFh
0065+  8266 32 2E 89    		ld	(MBPlayer_play_pos), a
0066+  8269             
0067+  8269             ;		call	MBPlayer_getbank_FE
0068+  8269             ;		ld	(MBPlayer_save_curbank), a
0069+  8269             
0070+  8269             ;		ld	a, (MBPlayer_songdata_bank1)
0071+  8269             ;		call	MBPlayer_selbank_FE
0072+  8269             
0073+  8269 2A 32 89    		ld	hl, (MBPlayer_songdata_addres)
0074+  826C 11 5D 89    		ld	de, MBPlayer_xleng
0075+  826F 01 DC 00    		ld	bc, 220
0076+  8272 ED B0       		ldir	
0077+  8274 11 3A 00    		ld	de, 58
0078+  8277 19          		add	hl, de
0079+  8278 22 3B 8A    		ld	(MBPlayer_pos_address), hl
0080+  827B 3A 5D 89    		ld	a, (MBPlayer_xleng)
0081+  827E 3C          		inc	a
0082+  827F 5F          		ld	e, a
0083+  8280 19          		add	hl, de
0084+  8281 22 39 8A    		ld	(MBPlayer_pat_address), hl
0085+  8284             
0086+  8284             ;		ld	a, (MBPlayer_save_curbank)
0087+  8284             ;		call	MBPlayer_selbank_FE
0088+  8284             
0089+  8284 CD A6 82    		call	MBPlayer_init_opl4 		;initialise OPL4
0090+  8287 CD B4 82    		call	MBPlayer_init_voices
0091+  828A 3A 77 89    		ld	a, (MBPlayer_xtempo)
0092+  828D 32 4E 89    		ld	(MBPlayer_play_speed), a
0093+  8290 3A 4E 89    		ld	a, (MBPlayer_play_speed)
0094+  8293 D6 03       		sub	3
0095+  8295 32 50 89    		ld	(MBPlayer_play_timercnt), a
0096+  8298 AF          		xor	a
0097+  8299 32 4F 89    		ld	(MBPlayer_play_tspval), a
0098+  829C 32 53 89    		ld	(MBPlayer_play_fading), a
0099+  829F 32 54 89    		ld	(MBPlayer_play_fadecnt), a
0100+  82A2 32 56 89    		ld	(MBPlayer_play_fadetcnt), a
0101+  82A5             
0102+  82A5             loc_0_4378: 
0103+  82A5             ;		di	
0104+  82A5             ;		ld	hl, 0FD9Fh
0105+  82A5             ;		ld	de, locret_0_455C
0106+  82A5             ;		ld	bc, 5
0107+  82A5             ;		ldir	
0108+  82A5             ;		ld	a, 0C3h	; 'Ã'
0109+  82A5             ;		ld	(0FD9Fh), a
0110+  82A5             ;		ld	hl, MBPlayer_play_music
0111+  82A5             ;		ld	(0FDA0h), hl
0112+  82A5             ;		ei	
0113+  82A5 C9          		ret	
0114+  82A6             ;-------------------------------------------------------------------
0115+  82A6             ; îïèñàíèå: Èíèöèàëèçàöèÿ OPL4 ðåãèñòðîâ
0116+  82A6             ; ïàðàìåòðû: íåò
0117+  82A6             ; âîçâðàùàåìîå  çíà÷åíèå: íåò
0118+  82A6             ;---------------------------------------------------------------------
0119+  82A6             MBPlayer_init_opl4: 
0120+  82A6 3E 03       		ld	a, 3
0121+  82A8 0E 05       		ld	c, 5
0122+  82AA CD 0A 89    		call	sub_0_4A3F
0123+  82AD 0E 02       		ld	c, 2
0124+  82AF 3E 10       		ld	a, 10h
0125+  82B1 C3 16 89    		jp	MBPlayer_out_wave
0126+  82B4             ;-------------------------------------------------------------------
0127+  82B4             ; îïèñàíèå: Èíèöèàëèçàöèÿ OPL4 êàíàëîâ
0128+  82B4             ; ïàðàìåòðû: íåò
0129+  82B4             ; âîçâðàùàåìîå  çíà÷åíèå: íåò
0130+  82B4             ;---------------------------------------------------------------------
0131+  82B4             MBPlayer_init_voices: 
0132+  82B4 06 18       		ld	b, WAVCHNS			; # wave channels
0133+  82B6 FD 21 3F 8A 		ld	iy, MBPlayer_play_table_wav
0134+  82BA DD 21 C1 89 		ld	ix, MBPlayer_xbegwav
0135+  82BE 11 14 00    		ld	de, PTW_SIZE
0136+  82C1             loc_0_43AC: 
0137+  82C1 D5          		push	de
0138+  82C2 C5          		push	bc
0139+  82C3 DD 7E B8    		ld	a,(ix - 48h)			; xdetune!
0140+  82C6 87          		add	a, a
0141+  82C7 FD 77 05    		ld	(iy + 5), a			; detune!
0142+  82CA DD 7E 00    		ld	a, (ix + 0)                     ; wave/patchnr
0143+  82CD F5          		push	af
0144+  82CE CD F9 86    		call	MBPlayer_play_wwavevt2
0145+  82D1 F1          		pop	af
0146+  82D2 21 08 8A    		ld	hl, MBPlayer_xwavvols - 1
0147+  82D5 85          		add	a, l
0148+  82D6 30 01       		jr	nc, loc_0_43C4
0149+  82D8 24          		inc	h
0150+  82D9             
0151+  82D9             loc_0_43C4: 
0152+  82D9 6F          		ld	l, a
0153+  82DA 7E          		ld	a, (hl)
0154+  82DB FD 77 0F    		ld	(iy + 0Fh), a
0155+  82DE CD 38 87    		call	MBPlayer_play_wchgvol2
0156+  82E1 DD 7E 9E    		ld	a, (ix - 62h)
0157+  82E4 CD D8 87    		call	MBPlayer_play_wchgste2
0158+  82E7 DD 23       		inc	ix
0159+  82E9 C1          		pop	bc
0160+  82EA D1          		pop	de
0161+  82EB FD 19       		add	iy, de
0162+  82ED 10 D2       		djnz	loc_0_43AC
0163+  82EF C9          		ret	
0164+  82F0             
0165+  82F0             loc_0_43DB: 
0166+  82F0 3A 2D 89    		ld	a, (MBPlayer_play_busy)
0167+  82F3 B7          		or	a
0168+  82F4 C0          		ret	nz
0169+  82F5 3D          		dec	a
0170+  82F6 32 2D 89    		ld	(MBPlayer_play_busy), a
0171+  82F9 C3 A5 82    		jp	loc_0_4378
0172+  82FC             ;-------------------------------------------------------------------
0173+  82FC             ; îïèñàíèå: Îñòàíîâêà ïðîèãðûâàíèÿ
0174+  82FC             ; ïàðàìåòðû: íåò
0175+  82FC             ; âîçâðàùàåìîå  çíà÷åíèå: íåò
0176+  82FC             ;---------------------------------------------------------------------
0177+  82FC             MBPlayer_stop_music: 
0178+  82FC             ;		ld	a, (MBPlayer_play_busy)
0179+  82FC             ;		or	a
0180+  82FC             ;		ret	z
0181+  82FC             
0182+  82FC F3          		di	
0183+  82FD AF          		xor	a
0184+  82FE 32 2D 89    		ld	(MBPlayer_play_busy), a
0185+  8301             
0186+  8301             ;		ld	hl, locret_0_455C
0187+  8301             ;		ld	de, 0FD9Fh
0188+  8301             ;		ld	bc, 5
0189+  8301             ;		ldir	
0190+  8301 06 18       		ld	b, WAVCHNS			; # wave channels
0191+  8303 FD 21 3F 8A 		ld	iy, MBPlayer_play_table_wav
0192+  8307 11 14 00    		ld	de, PTW_SIZE
0193+  830A             
0194+  830A             loc_0_4405: 
0195+  830A CD E3 86    		call	MBPlayer_play_woffevt
0196+  830D CD 31 88    		call	MBPlayer_play_wchgdmp
0197+  8310 FD 19       		add	iy, de
0198+  8312 10 F6       		djnz	loc_0_4405
0199+  8314 FB          		ei	
0200+  8315 C9          		ret	
0201+  8316             ;-------------------------------------------------------------------
0202+  8316             ; îïèñàíèå: Óñòàíîâêà çàòóõàíèÿ
0203+  8316             ; ïàðàìåòðû: B - ñêîðîñòü çàòóõàíèÿ
0204+  8316             ; âîçâðàùàåìîå  çíà÷åíèå: íåò
0205+  8316             ;---------------------------------------------------------------------
0206+  8316             MBPlayer_fade_music: 
0207+  8316 47          		ld	b, a
0208+  8317 3A 2D 89    		ld	a, (MBPlayer_play_busy)		; already stopped?
0209+  831A B7          		or	a
0210+  831B C8          		ret	z
0211+  831C 3E FF       		ld	a, 255
0212+  831E 32 53 89    		ld	(MBPlayer_play_fading), a 	; fading on
0213+  8321 78          		ld	a, b
0214+  8322 32 55 89    		ld	(MBPlayer_play_fadespd), a      ; set fade speed
0215+  8325 C9          		ret	
0216+  8326             ;-------------------------------------------------------------------
0217+  8326             ; îïèñàíèå: Ïðîèãðûâàíèå ìóçûêè ïî ïðåðûâàíèÿì
0218+  8326             ; ïàðàìåòðû: íåò
0219+  8326             ; âîçâðàùàåìîå  çíà÷åíèå: íåò
0220+  8326             ;---------------------------------------------------------------------
0221+  8326             MBPlayer_play_music: 
0222+  8326 F3          		di	
0223+  8327             ;		ld	a, (MBPlayer_xhzequal)
0224+  8327             ;		or	a
0225+  8327             ;		jr	z, loc_0_443E
0226+  8327             
0227+  8327             ;		ld	a, (0FFE8h)
0228+  8327             ;		and	2
0229+  8327             ;		jr	nz, loc_0_443E
0230+  8327             
0231+  8327             ;		ld	hl, MBPlayer_play_intcnt
0232+  8327             ;		ld	a, (hl)
0233+  8327             ;		inc	a
0234+  8327             ;		cp	6
0235+  8327             ;		jr	c, loc_0_443D
0236+  8327             ;		ld	(hl), 0
0237+  8327             ;		jp	locret_0_455C
0238+  8327             ;
0239+  8327             ;loc_0_443D:
0240+  8327             ;		ld	(hl), a
0241+  8327             
0242+  8327             loc_0_443E: 
0243+  8327 CD 45 88    		call	MBPlayer_play_pitch
0244+  832A             
0245+  832A 3A 53 89    		ld	a, (MBPlayer_play_fading)
0246+  832D B7          		or	a
0247+  832E 28 0A       		jr	z, loc_0_4451
0248+  8330 CD CB 88    		call	MBPlayer_play_fade
0249+  8333 3A 53 89    		ld	a, (MBPlayer_play_fading)
0250+  8336 B7          		or	a
0251+  8337 CA 33 84    		jp	z, locret_0_455C
0252+  833A             
0253+  833A             loc_0_4451: 
0254+  833A             ;		call	MBPlayer_getbank_FE
0255+  833A             ;		ld	(MBPlayer_save_curbank), a
0256+  833A             
0257+  833A 3A 4E 89    		ld	a, (MBPlayer_play_speed) 	; speed
0258+  833D 21 50 89    		ld	hl, MBPlayer_play_timercnt
0259+  8340 34          		inc	(hl)
0260+  8341 BE          		cp	(hl)
0261+  8342 C2 38 84    		jp	nz, MBPlayer_play_int_sec	; almost there?
0262+  8345 36 00       		ld	(hl), 0
0263+  8347             
0264+  8347 FD 21 7F 8B 		ld	iy, unk_0_4E30
0265+  834B 21 45 89    		ld	hl, unk_0_4B98
0266+  834E 01 60 08    		ld	bc, 860h
0267+  8351 11 14 00    		ld	de, PTW_SIZE
0268+  8354             
0269+  8354             loc_0_4471: 
0270+  8354 7E          		ld	a, (hl)
0271+  8355 3D          		dec	a
0272+  8356 B9          		cp	c
0273+  8357 DC 21 85    		call	c, MBPlayer_calc_wave
0274+  835A FD 19       		add	iy, de
0275+  835C 23          		inc	hl
0276+  835D 10 F5       		djnz	loc_0_4471
0277+  835F             
0278+  835F             ;		ld	a, (MBPlayer_songdata_bank)
0279+  835F             ;		call	MBPlayer_selbank_FE
0280+  835F             
0281+  835F 21 35 89    		ld	hl, MBPlayer_step_buffer        ;WAVE Event routines
0282+  8362 06 18       		ld	b, WAVCHNS			; # channels
0283+  8364 FD 21 3F 8A 		ld	iy, MBPlayer_play_table_wav
0284+  8368 11 14 00    		ld	de, PTW_SIZE
0285+  836B 0E 60       		ld	c, 96
0286+  836D             
0287+  836D             loc_0_4490: 
0288+  836D 7E          		ld	a, (hl)
0289+  836E 3D          		dec	a
0290+  836F B9          		cp	c
0291+  8370 D2 B0 83    		jp	nc, loc_0_44D3
0292+  8373 3E 67       		ld	a, 67h
0293+  8375 80          		add	a, b 				; calc. register
0294+  8376 D3 7E       		out	(MOON_WREG), a
0295+  8378 AF          		xor	a
0296+  8379             loc_0_449C: 
0297+  8379 C5          		push	bc
0298+  837A C1          		pop	bc
0299+  837B D3 7F       		out	(MOON_WDAT), a			; off
0300+  837D             
0301+  837D 3E 1F       		ld	a, 1Fh
0302+  837F 80          		add	a, b
0303+  8380             loc_0_44A3: 
0304+  8380 C5          		push	bc
0305+  8381 C1          		pop	bc
0306+  8382 D3 7E       		out	(MOON_WREG), a
0307+  8384 FD 7E 08    		ld	a, (iy + 8)
0308+  8387 FD 77 12    		ld	(iy + 12h), a
0309+  838A FD B6 06    		or	(iy + 6)
0310+  838D             loc_0_44B0: 
0311+  838D C5          		push	bc
0312+  838E C1          		pop	bc
0313+  838F D3 7F       		out	(MOON_WDAT), a			; freq + tone
0314+  8391             
0315+  8391 3E 07       		ld	a, 7
0316+  8393 80          		add	a, b
0317+  8394             loc_0_44B7: 
0318+  8394 C5          		push	bc
0319+  8395 C1          		pop	bc
0320+  8396 D3 7E       		out	(MOON_WREG), a
0321+  8398 FD 7E 07    		ld	a, (iy + 7)
0322+  839B             loc_0_44BE: 
0323+  839B C5          		push	bc
0324+  839C C1          		pop	bc
0325+  839D D3 7F       		out	(MOON_WDAT), a 			; tone
0326+  839F             
0327+  839F 3E 37       		ld	a, 37h
0328+  83A1 80          		add	a, b
0329+  83A2             loc_0_44C5: 
0330+  83A2 C5          		push	bc
0331+  83A3 C1          		pop	bc
0332+  83A4 D3 7E       		out	(MOON_WREG), a
0333+  83A6 FD 7E 09    		ld	a, (iy + 9)
0334+  83A9 FD 77 13    		ld	(iy + 13h), a
0335+  83AC             loc_0_44CF: 
0336+  83AC C5          		push	bc
0337+  83AD C1          		pop	bc
0338+  83AE D3 7F       		out	(MOON_WDAT), a
0339+  83B0             loc_0_44D3: 
0340+  83B0 23          		inc	hl
0341+  83B1 FD 19       		add	iy, de
0342+  83B3 10 B8       		djnz	loc_0_4490
0343+  83B5             
0344+  83B5 21 35 89    		ld	hl, MBPlayer_step_buffer		; songdata-adres 
0345+  83B8 FD 21 3F 8A 		ld	iy, MBPlayer_play_table_wav
0346+  83BC 06 18       		ld	b,WAVCHNS
0347+  83BE 11 14 00    		ld	de,PTW_SIZE
0348+  83C1             loc_0_44E4: 
0349+  83C1 DB C4       		in	a, (MOON_STAT)
0350+  83C3 E6 02       		and	2
0351+  83C5 20 FA       		jr	nz, loc_0_44E4
0352+  83C7             
0353+  83C7             MBPlayer_play_int_wlus: 
0354+  83C7 7E          		ld	a, (hl)
0355+  83C8 B7          		or	a
0356+  83C9 28 3A       		jr	z, MBPlayer_play_int_wend2		; empty
0357+  83CB             
0358+  83CB 08          		ex	af, af'
0359+  83CC 78          		ld	a, b
0360+  83CD D9          		exx	
0361+  83CE 47          		ld	b, a
0362+  83CF 08          		ex	af, af'
0363+  83D0             
0364+  83D0 11 04 84    		ld	de, MBPlayer_play_int_wend
0365+  83D3 D5          		push	de
0366+  83D4             
0367+  83D4 FE 61       		cp	97
0368+  83D6 DA 98 86    		jp	c, MBPlayer_play_wonevt		; wave on
0369+  83D9 CA E3 86    		jp	z, MBPlayer_play_woffevt	; wave off 
0370+  83DC FE 92       		cp	146
0371+  83DE DA F7 86    		jp	c, MBPlayer_play_wwavevt	; wave 
0372+  83E1 FE B2       		cp	178
0373+  83E3 DA 33 87    		jp	c, MBPlayer_play_wchgvol	; volume 
0374+  83E6 FE C1       		cp	193
0375+  83E8 DA D6 87    		jp	c, MBPlayer_play_wchgste	; stereo 
0376+  83EB FE D4       		cp	212
0377+  83ED DA 5B 87    		jp	c, MBPlayer_play_wlnk		; link 
0378+  83F0 FE E7       		cp	231
0379+  83F2 DA F9 87    		jp	c, MBPlayer_play_wchgpit	; pitch bending 
0380+  83F5 FE EE       		cp	238
0381+  83F7 DA 29 88    		jp	c, MBPlayer_play_wchgdet	; detune 
0382+  83FA FE F1       		cp	241
0383+  83FC DA 11 88    		jp	c, MBPlayer_play_wchgmod	; modulation 
0384+  83FF FE F3       		cp	243
0385+  8401 DA 31 88    		jp	c, MBPlayer_play_wchgdmp	; damp 
0386+  8404             
0387+  8404             MBPlayer_play_int_wend: 
0388+  8404 D9          		exx	
0389+  8405             MBPlayer_play_int_wend2: 
0390+  8405 FD 19       		add	iy, de
0391+  8407 23          		inc	hl
0392+  8408 05          		dec	b
0393+  8409 C2 C7 83    		jp	nz, MBPlayer_play_int_wlus
0394+  840C             
0395+  840C 7E          		ld	a, (hl)
0396+  840D B7          		or	a
0397+  840E 28 23       		jr	z, loc_0_4556
0398+  8410             
0399+  8410 FE 18       		cp	24			
0400+  8412 DA 2C 84    		jp	c, MBPlayer_play_chgtmp         ; change tempo
0401+  8415 28 0D       		jr	z, MBPlayer_play_endop  	; end of pattern
0402+  8417 FE 4C       		cp	76
0403+  8419 D2 33 84    		jp	nc, loc_0_4556
0404+  841C D6 34       		sub	52				; set transpose
0405+  841E 32 4F 89    		ld	(MBPlayer_play_tspval), a
0406+  8421 C3 33 84    		jp	loc_0_4556
0407+  8424             
0408+  8424             MBPlayer_play_endop: 
0409+  8424 3E 0F       		ld	a, 0Fh
0410+  8426 32 2F 89    		ld	(MBPlayer_play_step), a
0411+  8429 C3 33 84    		jp	loc_0_4556
0412+  842C             
0413+  842C             MBPlayer_play_chgtmp: 
0414+  842C C6 E7       		add	a, 0E7h				; change tempo
0415+  842E ED 44       		neg	
0416+  8430 32 4E 89    		ld	(MBPlayer_play_speed), a
0417+  8433             loc_0_4556: 
0418+  8433             ;		ld	a,(MBPlayer_save_curbank)
0419+  8433             ;		call	MBPlayer_selbank_FE
0420+  8433             locret_0_455C: 
0421+  8433 C9          		ret	
0422+  8434 C9          		ret
0423+  8435 C9          		ret
0424+  8436 C9          		ret
0425+  8437 C9          		ret
0426+  8438             ;-------------------------------------------------------------------
0427+  8438             ; îïèñàíèå: Interrupt routine BEFORE play-interrupt
0428+  8438             ; ïàðàìåòðû: íåò
0429+  8438             ; âîçâðàùàåìîå  çíà÷åíèå: íåò
0430+  8438             ;---------------------------------------------------------------------
0431+  8438             MBPlayer_play_int_sec: 
0432+  8438 3D          		dec	a
0433+  8439 BE          		cp	(hl)
0434+  843A CA EA 84    		jp	z, loc_0_461F
0435+  843D 3D          		dec	a
0436+  843E BE          		cp	(hl)
0437+  843F C2 33 84    		jp	nz, loc_0_4556
0438+  8442             
0439+  8442 3A 2F 89    		ld	a, (MBPlayer_play_step)
0440+  8445 3C          		inc	a
0441+  8446 E6 0F       		and	0Fh
0442+  8448 32 2F 89    		ld	(MBPlayer_play_step), a
0443+  844B 2A 3D 8A    		ld	hl, (MBPlayer_songdata_ptr)
0444+  844E C2 A0 84    		jp	nz, loc_0_45CF
0445+  8451             
0446+  8451             ;		ld	a, (MBPlayer_songdata_bank1)
0447+  8451             ;		call	MBPlayer_selbank_FE 		; this bank contains pattern addresses
0448+  8451             
0449+  8451 3A 5D 89    		ld	a, (MBPlayer_xleng)		; next position
0450+  8454 3C          		inc	a
0451+  8455 47          		ld	b, a
0452+  8456 3A 2E 89    		ld	a, (MBPlayer_play_pos)
0453+  8459 3C          		inc	a
0454+  845A B8          		cp	b
0455+  845B DA 6A 84    		jp	c, loc_0_4599
0456+  845E 3A 5E 89    		ld	a, (MBPlayer_xloop)
0457+  8461 FE FF       		cp	255
0458+  8463 C2 6A 84    		jp	nz, loc_0_4599
0459+  8466 CD FC 82    		call	MBPlayer_stop_music		; stop song, want loop OFF
0460+  8469 AF          		xor	a
0461+  846A             
0462+  846A             loc_0_4599: 
0463+  846A 32 2E 89    		ld	(MBPlayer_play_pos), a
0464+  846D 2A 3B 8A    		ld	hl, (MBPlayer_pos_address)
0465+  8470 85          		add	a, l
0466+  8471 30 01       		jr	nc, loc_0_45A3
0467+  8473 24          		inc	h
0468+  8474             loc_0_45A3: 
0469+  8474 6F          		ld	l, a
0470+  8475 7E          		ld	a, (hl)
0471+  8476 32 52 89    		ld	(MBPlayer_current_pat), a
0472+  8479 87          		add	a, a
0473+  847A 2A 39 8A    		ld	hl, (MBPlayer_pat_address)
0474+  847D 85          		add	a, l
0475+  847E 30 01       		jr	nc, loc_0_45B0
0476+  8480 24          		inc	h
0477+  8481             
0478+  8481             loc_0_45B0: 
0479+  8481 6F          		ld	l, a
0480+  8482 5E          		ld	e, (hl)
0481+  8483 23          		inc	hl
0482+  8484 56          		ld	d, (hl)
0483+  8485 EB          		ex	de, hl
0484+  8486 7C          		ld	a, h
0485+  8487 07          		rlca	
0486+  8488 07          		rlca	
0487+  8489 E6 03       		and	3
0488+  848B 11 31 89    		ld	de, MBPlayer_songdata_bank1
0489+  848E 83          		add	a, e
0490+  848F 30 01       		jr	nc, loc_0_45C1
0491+  8491 14          		inc	d
0492+  8492             loc_0_45C1: 
0493+  8492 5F          		ld	e, a
0494+  8493 1A          		ld	a, (de)
0495+  8494 32 34 89    		ld	(MBPlayer_songdata_bank), a
0496+  8497 7C          		ld	a, h
0497+  8498 E6 3F       		and	3Fh
0498+  849A 67          		ld	h, a
0499+  849B ED 5B 32 89 		ld	de, (MBPlayer_songdata_addres)
0500+  849F 19          		add	hl, de
0501+  84A0             loc_0_45CF: 
0502+  84A0             ;		ld	a, (MBPlayer_songdata_bank)
0503+  84A0             ;		call	MBPlayer_selbank_FE
0504+  84A0             
0505+  84A0 11 35 89    		ld	de, MBPlayer_step_buffer
0506+  84A3             
0507+  84A3 7E          		ld	a, (hl)
0508+  84A4 23          		inc	hl
0509+  84A5 FE FF       		cp	0FFh				; 0FFh => completely empty
0510+  84A7 C2 BB 84    		jp	nz, loc_0_45F0
0511+  84AA D9          		exx	
0512+  84AB 21 35 89    		ld	hl, MBPlayer_step_buffer
0513+  84AE 11 36 89    		ld	de, MBPlayer_step_buffer + 1
0514+  84B1 01 18 00    		ld	bc, 24
0515+  84B4 70          		ld	(hl), b
0516+  84B5 ED B0       		ldir	
0517+  84B7 D9          		exx	
0518+  84B8 C3 DA 84    		jp	loc_0_460F
0519+  84BB             loc_0_45F0: 
0520+  84BB 12          		ld	(de), a				; 1st byte uncrunched
0521+  84BC 13          		inc	de
0522+  84BD E5          		push	hl
0523+  84BE 23          		inc	hl
0524+  84BF 23          		inc	hl
0525+  84C0 23          		inc	hl
0526+  84C1 D9          		exx	
0527+  84C2 E1          		pop	hl
0528+  84C3 06 03       		ld	b, 3				; decrunch 3 * 8 bytes
0529+  84C5             loc_0_45FA: 
0530+  84C5 7E          		ld	a, (hl)
0531+  84C6 D9          		exx	
0532+  84C7 06 08       		ld	b, 8				; decrunch 8 bytes
0533+  84C9 4F          		ld	c, a
0534+  84CA             loc_0_45FF: 
0535+  84CA AF          		xor	a
0536+  84CB CB 01       		rlc	c
0537+  84CD 30 02       		jr	nc, loc_0_4606			; no carry? then empty event
0538+  84CF 7E          		ld	a, (hl)
0539+  84D0 23          		inc	hl
0540+  84D1             loc_0_4606: 
0541+  84D1 12          		ld	(de), a
0542+  84D2 13          		inc	de
0543+  84D3 10 F5       		djnz	loc_0_45FF
0544+  84D5 D9          		exx	
0545+  84D6 23          		inc	hl
0546+  84D7 10 EC       		djnz	loc_0_45FA
0547+  84D9 D9          		exx	
0548+  84DA             loc_0_460F:                                          ;Calculate freq. & note nr of wave to play
0549+  84DA 22 3D 8A    		ld	(MBPlayer_songdata_ptr), hl
0550+  84DD             
0551+  84DD FD 21 3F 8A 		ld	iy, MBPlayer_play_table_wav
0552+  84E1 21 35 89    		ld	hl, MBPlayer_step_buffer    ; third interrupt
0553+  84E4 01 60 08    		ld	bc, 860h                    ;(256 * (WAVCHNS/2)) + 96	; Wave channels
0554+  84E7 C3 10 85    		jp	loc_0_4645
0555+  84EA             
0556+  84EA             loc_0_461F: 
0557+  84EA 06 18       		ld	b, WAVCHNS
0558+  84EC 21 35 89    		ld	hl, MBPlayer_step_buffer
0559+  84EF FD 21 3F 8A 		ld	iy, MBPlayer_play_table_wav
0560+  84F3 11 14 00    		ld	de, PTW_SIZE
0561+  84F6 0E 60       		ld	c, 96
0562+  84F8             loc_0_462D: 
0563+  84F8 7E          		ld	a, (hl)
0564+  84F9 3D          		dec	a
0565+  84FA B9          		cp	c
0566+  84FB 30 04       		jr	nc, loc_0_4636
0567+  84FD FD 36 02 00 		ld	(iy + 2), 0
0568+  8501             loc_0_4636: 
0569+  8501 23          		inc	hl
0570+  8502 FD 19       		add	iy, de
0571+  8504 10 F2       		djnz	loc_0_462D
0572+  8506             
0573+  8506 FD 21 DF 8A 		ld	iy, unk_0_4D90		;play_table_wav + (WAVCHNS/2) * PTW_SIZE
0574+  850A 21 3D 89    		ld	hl, unk_0_4B90		;step_buffer + WAVCHNS / 2	; second interrupt
0575+  850D 01 60 08    		ld	bc, 860h                ;(256 * (WAVCHNS/2)) + 96	; Wave channels
0576+  8510             loc_0_4645: 
0577+  8510 11 14 00    		ld	de, PTW_SIZE
0578+  8513             loc_0_4648: 
0579+  8513 7E          		ld	a, (hl)
0580+  8514 3D          		dec	a
0581+  8515 B9          		cp	c
0582+  8516 DC 21 85    		call	c, MBPlayer_calc_wave
0583+  8519 FD 19       		add	iy, de
0584+  851B 23          		inc	hl
0585+  851C 10 F5       		djnz	loc_0_4648
0586+  851E C3 33 84    		jp	loc_0_4556
0587+  8521             ;-------------------------------------------------------------------
0588+  8521             ; îïèñàíèå: calc wave stuff
0589+  8521             ; ïàðàìåòðû: íåò
0590+  8521             ; âîçâðàùàåìîå  çíà÷åíèå: íåò
0591+  8521             ;---------------------------------------------------------------------
0592+  8521             MBPlayer_calc_wave: 
0593+  8521 D9          		exx	
0594+  8522 57          		ld	d, a
0595+  8523             
0596+  8523 21 CF 94    		ld	hl, MBPlayer_patch_table	; dit stuk verandert A niet!
0597+  8526 06 00       		ld	b, 0
0598+  8528 FD 4E 0A    		ld	c, (iy + 0Ah)
0599+  852B 79          		ld	a, c
0600+  852C FE AF       		cp	175
0601+  852E CA EA 85    		jp	z, MBPlayer_calc_drm		; gm drum patch
0602+  8531 FE B0       		cp	176
0603+  8533 D2 20 86    		jp	nc, loc_0_4755			; own wave
0604+  8536             
0605+  8536             loc_0_466B: 
0606+  8536 7A          		ld	a, d
0607+  8537 09          		add	hl, bc
0608+  8538 09          		add	hl, bc
0609+  8539 5E          		ld	e, (hl)
0610+  853A 23          		inc	hl
0611+  853B 56          		ld	d, (hl)				; to patch
0612+  853C EB          		ex	de, hl
0613+  853D 5E          		ld	e, (hl)
0614+  853E 23          		inc	hl
0615+  853F 4E          		ld	c, (hl)
0616+  8540 23          		inc	hl
0617+  8541 46          		ld	b, (hl)
0618+  8542 23          		inc	hl
0619+  8543 FD 71 0D    		ld	(iy + 0Dh), c			; pointer to header bytes
0620+  8546 FD 70 0E    		ld	(iy + 0Eh), b
0621+  8549             
0622+  8549 CB 43       		bit	0, e				; search right patch part
0623+  854B 28 05       		jr	z, loc_0_4687			; transpose
0624+  854D 47          		ld	b, a
0625+  854E 3A 4F 89    		ld	a, (MBPlayer_play_tspval)
0626+  8551 80          		add	a, b
0627+  8552             loc_0_4687: 
0628+  8552 06 00       		ld	b, 0
0629+  8554 11 05 00    		ld	de, 5
0630+  8557             loc_0_468C: 
0631+  8557 BE          		cp	(hl)
0632+  8558 38 3C       		jr	c, loc_0_46CB
0633+  855A 46          		ld	b, (hl)
0634+  855B 19          		add	hl, de
0635+  855C BE          		cp	(hl)
0636+  855D 38 37       		jr	c, loc_0_46CB
0637+  855F 46          		ld	b, (hl)
0638+  8560 19          		add	hl, de
0639+  8561 BE          		cp	(hl)
0640+  8562 38 32       		jr	c, loc_0_46CB
0641+  8564 46          		ld	b, (hl)
0642+  8565 19          		add	hl, de
0643+  8566 BE          		cp	(hl)
0644+  8567 38 2D       		jr	c, loc_0_46CB
0645+  8569 46          		ld	b, (hl)
0646+  856A 19          		add	hl, de
0647+  856B BE          		cp	(hl)
0648+  856C 38 28       		jr	c, loc_0_46CB
0649+  856E 46          		ld	b, (hl)
0650+  856F 19          		add	hl, de
0651+  8570 BE          		cp	(hl)
0652+  8571 38 23       		jr	c, loc_0_46CB
0653+  8573 46          		ld	b, (hl)
0654+  8574 19          		add	hl, de
0655+  8575 BE          		cp	(hl)
0656+  8576 38 1E       		jr	c, loc_0_46CB
0657+  8578 46          		ld	b, (hl)
0658+  8579 19          		add	hl, de
0659+  857A BE          		cp	(hl)
0660+  857B 38 19       		jr	c, loc_0_46CB
0661+  857D 46          		ld	b, (hl)
0662+  857E 19          		add	hl, de
0663+  857F BE          		cp	(hl)
0664+  8580 38 14       		jr	c, loc_0_46CB
0665+  8582 46          		ld	b, (hl)
0666+  8583 19          		add	hl, de
0667+  8584 BE          		cp	(hl)
0668+  8585 38 0F       		jr	c, loc_0_46CB
0669+  8587 46          		ld	b, (hl)
0670+  8588 19          		add	hl, de
0671+  8589 BE          		cp	(hl)
0672+  858A 38 0A       		jr	c, loc_0_46CB
0673+  858C 46          		ld	b, (hl)
0674+  858D 19          		add	hl, de
0675+  858E BE          		cp	(hl)
0676+  858F 38 05       		jr	c, loc_0_46CB
0677+  8591 46          		ld	b, (hl)
0678+  8592 19          		add	hl, de
0679+  8593 C3 57 85    		jp	loc_0_468C
0680+  8596             loc_0_46CB: 
0681+  8596 57          		ld	d, a                    ; save note...
0682+  8597 23          		inc	hl
0683+  8598 7E          		ld	a, (hl)			; low byte tone
0684+  8599 FD 77 07    		ld	(iy + 7), a
0685+  859C             
0686+  859C 23          		inc	hl
0687+  859D 7E          		ld	a, (hl)
0688+  859E E6 01       		and	1                       ; also resets carry!
0689+  85A0 FD 77 06    		ld	(iy + 6), a             ; high byte tone
0690+  85A3             
0691+  85A3 7E          		ld	a, (hl)                 ; tone-note
0692+  85A4 1F          		rra				; note that carry was set 0 earlier!!	
0693+  85A5 82          		add	a, d
0694+  85A6 90          		sub	b
0695+  85A7 FD 77 00    		ld	(iy + 0), a		; last note
0696+  85AA             
0697+  85AA 23          		inc	hl
0698+  85AB 5E          		ld	e, (hl)
0699+  85AC 23          		inc	hl
0700+  85AD 56          		ld	d, (hl)
0701+  85AE FD 72 11    		ld	(iy + 11h), d		; pointer to freqtab
0702+  85B1 FD 73 10    		ld	(iy + 10h), e
0703+  85B4             
0704+  85B4 21 1F 8C    		ld	hl, MBPlayer_tabdiv12
0705+  85B7 4F          		ld	c, a
0706+  85B8 06 00       		ld	b, 0
0707+  85BA 09          		add	hl, bc
0708+  85BB 09          		add	hl, bc
0709+  85BC 4E          		ld	c, (hl)
0710+  85BD 23          		inc	hl
0711+  85BE 7E          		ld	a, (hl)
0712+  85BF EB          		ex	de, hl
0713+  85C0             
0714+  85C0 85          		add	a, l
0715+  85C1 30 01       		jr	nc, loc_0_46F9
0716+  85C3 24          		inc	h
0717+  85C4             loc_0_46F9: 
0718+  85C4 6F          		ld	l, a
0719+  85C5 5E          		ld	e, (hl)
0720+  85C6 23          		inc	hl
0721+  85C7 56          		ld	d, (hl)
0722+  85C8             
0723+  85C8 CB 23       		sla	e   			; freq fine
0724+  85CA 7A          		ld	a, d
0725+  85CB 17          		rla	      			; freq rotated 1 left
0726+  85CC 81          		add	a, c                    ; octave
0727+  85CD             
0728+  85CD 57          		ld	d, a                    ; high byte freq
0729+  85CE 60          		ld	h, b
0730+  85CF             loc_0_4704: 
0731+  85CF FD 6E 05    		ld	l, (iy + 5)
0732+  85D2 CB 7D       		bit	7, l
0733+  85D4 28 0D       		jr	z, loc_0_4718
0734+  85D6 25          		dec	h
0735+  85D7 29          		add	hl, hl			; detune...
0736+  85D8             loc_0_470D: 
0737+  85D8 19          		add	hl, de
0738+  85D9 CB 9C       		res	3, h
0739+  85DB FD 75 08    		ld	(iy + 8), l		; freq fine
0740+  85DE FD 74 09    		ld	(iy + 9), h
0741+  85E1 D9          		exx				; Yes! Finally, finished...	
0742+  85E2 C9          		ret	
0743+  85E3             loc_0_4718: 
0744+  85E3 EB          		ex	de, hl
0745+  85E4 19          		add	hl, de 			; detune...
0746+  85E5 16 08       		ld	d, 8
0747+  85E7 C3 D8 85    		jp	loc_0_470D
0748+  85EA             ;-------------------------------------------------------------------
0749+  85EA             ; îïèñàíèå: Calc GM drums
0750+  85EA             ; ïàðàìåòðû: íåò
0751+  85EA             ; âîçâðàùàåìîå  çíà÷åíèå: íåò
0752+  85EA             ;---------------------------------------------------------------------
0753+  85EA             MBPlayer_calc_drm: 
0754+  85EA 7A          		ld	a, d
0755+  85EB FE 24       		cp	36			
0756+  85ED DA 36 85    		jp	c, loc_0_466B		; < 36 => first drum handled as patch
0757+  85F0 FE 57       		cp	57h
0758+  85F2 DA F7 85    		jp	c, loc_0_472C
0759+  85F5 3E 56       		ld	a, 56h
0760+  85F7             loc_0_472C: 
0761+  85F7 21 1C A5    		ld	hl, MBPlayer_gmdrm_c4
0762+  85FA D6 24       		sub	36
0763+  85FC 47          		ld	b, a
0764+  85FD 87          		add	a, a
0765+  85FE 87          		add	a, a
0766+  85FF 80          		add	a, b
0767+  8600 85          		add	a, l
0768+  8601 30 01       		jr	nc, loc_0_4739
0769+  8603 24          		inc	h
0770+  8604             
0771+  8604             loc_0_4739: 
0772+  8604 6F          		ld	l, a
0773+  8605 7E          		ld	a, (hl)
0774+  8606 FD 77 07    		ld	(iy + 7), a
0775+  8609 FD 36 06 00 		ld	(iy + 6), 0
0776+  860D 23          		inc	hl
0777+  860E 5E          		ld	e, (hl)
0778+  860F 23          		inc	hl
0779+  8610 56          		ld	d, (hl)
0780+  8611 23          		inc	hl
0781+  8612 7E          		ld	a, (hl)
0782+  8613 FD 77 0D    		ld	(iy + 0Dh), a
0783+  8616 23          		inc	hl
0784+  8617 7E          		ld	a, (hl)
0785+  8618 FD 77 0E    		ld	(iy + 0Eh), a
0786+  861B 26 00       		ld	h, 0
0787+  861D C3 CF 85    		jp	loc_0_4704
0788+  8620             
0789+  8620             loc_0_4755: 
0790+  8620 D6 B0       		sub	176
0791+  8622 4F          		ld	c, a
0792+  8623 87          		add	a, a
0793+  8624 87          		add	a, a
0794+  8625 87          		add	a, a
0795+  8626 6F          		ld	l, a
0796+  8627 26 00       		ld	h, 0
0797+  8629 29          		add	hl, hl
0798+  862A 85          		add	a, l
0799+  862B 30 01       		jr	nc, loc_0_4763
0800+  862D 24          		inc	h
0801+  862E             loc_0_4763: 
0802+  862E 6F          		ld	l, a
0803+  862F 79          		ld	a, c
0804+  8630 85          		add	a, l
0805+  8631 30 01       		jr	nc, loc_0_4769
0806+  8633 24          		inc	h
0807+  8634             loc_0_4769: 
0808+  8634 6F          		ld	l, a
0809+  8635 01 DF 8F    		ld	bc, MBPlayer_waves
0810+  8638 09          		add	hl, bc                          ; pointer to patch
0811+  8639             
0812+  8639 5E          		ld	e, (hl)                         ; transpose
0813+  863A 23          		inc	hl
0814+  863B 7A          		ld	a, d
0815+  863C CB 43       		bit	0, e 				; transpose
0816+  863E 28 04       		jr	z, loc_0_4779
0817+  8640 3A 4F 89    		ld	a, (MBPlayer_play_tspval)
0818+  8643 82          		add	a, d
0819+  8644             loc_0_4779: 
0820+  8644 16 00       		ld	d, 0
0821+  8646 01 03 00    		ld	bc, 3
0822+  8649             loc_0_477E: 
0823+  8649 BE          		cp	(hl)
0824+  864A 38 05       		jr	c, loc_0_4786
0825+  864C 56          		ld	d, (hl)
0826+  864D 09          		add	hl, bc
0827+  864E C3 49 86    		jp	loc_0_477E
0828+  8651             
0829+  8651             loc_0_4786: 
0830+  8651 47          		ld	b, a 				; save note...
0831+  8652 23          		inc	hl
0832+  8653 7E          		ld	a, (hl)				; low byte tone
0833+  8654 5F          		ld	e, a
0834+  8655 C6 80       		add	a, 80h 				; tone 384 and above 
0835+  8657 FD 77 07    		ld	(iy + 7), a
0836+  865A FD 36 06 01 		ld	(iy + 6), 1			; RAM wave is altijd > 256
0837+  865E 23          		inc	hl
0838+  865F             
0839+  865F 7E          		ld	a, (hl)				; tone-note
0840+  8660 80          		add	a, b
0841+  8661 92          		sub	d
0842+  8662 FD 77 00    		ld	(iy + 0), a			; last note
0843+  8665 F5          		push	af
0844+  8666             
0845+  8666 FD 36 0D 00 		ld	(iy + 0Dh), 0			; no header
0846+  866A FD 36 0E 00 		ld	(iy + 0Eh), 0
0847+  866E             
0848+  866E 21 8F 94    		ld	hl, MBPlayer_tones_data
0849+  8671 16 00       		ld	d, 0
0850+  8673 19          		add	hl, de
0851+  8674 7E          		ld	a, (hl)
0852+  8675 E6 06       		and	6
0853+  8677 21 5F 8E    		ld	hl, MBPlayer_frqtab_amiga
0854+  867A 28 0A       		jr	z, loc_0_47BB
0855+  867C 21 9F 8D    		ld	hl, MBPlayer_frqtab_441khz
0856+  867F FE 02       		cp	2
0857+  8681 28 03       		jr	z, loc_0_47BB
0858+  8683 21 1F 8F    		ld	hl, MBPlayer_frqtab_turbo
0859+  8686             loc_0_47BB: 
0860+  8686 F1          		pop	af
0861+  8687 FD 75 10    		ld	(iy + 10h), l
0862+  868A FD 74 11    		ld	(iy + 11h), h
0863+  868D             
0864+  868D 5F          		ld	e, a			; D is still 0
0865+  868E 19          		add	hl, de
0866+  868F 19          		add	hl, de
0867+  8690 5E          		ld	e, (hl)
0868+  8691 23          		inc	hl
0869+  8692 56          		ld	d, (hl)
0870+  8693 26 00       		ld	h, 0
0871+  8695 C3 CF 85    		jp	loc_0_4704
0872+  8698             ;-------------------------------------------------------------------
0873+  8698             ; îïèñàíèå: Play ON event
0874+  8698             ; ïàðàìåòðû: íåò
0875+  8698             ; âîçâðàùàåìîå  çíà÷åíèå: íåò
0876+  8698             ;---------------------------------------------------------------------
0877+  8698             MBPlayer_play_wonevt: 
0878+  8698 05          		dec	b
0879+  8699 FD 6E 0D    		ld	l, (iy + 0Dh)
0880+  869C FD 66 0E    		ld	h, (iy + 0Eh)
0881+  869F 7D          		ld	a, l
0882+  86A0 B4          		or	h 			
0883+  86A1 28 1F       		jr	z, loc_0_47F7           
0884+  86A3             
0885+  86A3 3E 80       		ld	a, 80h
0886+  86A5 80          		add	a, b
0887+  86A6 D3 7E       		out	(MOON_WREG), a
0888+  86A8 7E          		ld	a, (hl)
0889+  86A9             loc_0_47DE: 
0890+  86A9 C5          		push	bc
0891+  86AA C1          		pop	bc
0892+  86AB D3 7F       		out	(MOON_WDAT), a
0893+  86AD 23          		inc	hl
0894+  86AE             loc_0_47E3: 
0895+  86AE 7E          		ld	a, (hl)
0896+  86AF FE FF       		cp	0FFh
0897+  86B1 28 0F       		jr	z, loc_0_47F7
0898+  86B3 80          		add	a, b
0899+  86B4             loc_0_47E9: 
0900+  86B4 C5          		push	bc
0901+  86B5 C1          		pop	bc
0902+  86B6 D3 7E       		out	(MOON_WREG), a
0903+  86B8 23          		inc	hl
0904+  86B9 7E          		ld	a, (hl)
0905+  86BA             loc_0_47EF: 
0906+  86BA C5          		push	bc
0907+  86BB C1          		pop	bc
0908+  86BC D3 7F       		out	(MOON_WDAT), a 		; header byte
0909+  86BE 23          		inc	hl
0910+  86BF C3 AE 86    		jp	loc_0_47E3
0911+  86C2             
0912+  86C2             loc_0_47F7: 
0913+  86C2 3E 50       		ld	a, 50h 			; set volume back to normal
0914+  86C4 80          		add	a, b
0915+  86C5             loc_0_47FA: 
0916+  86C5 C5          		push	bc
0917+  86C6 C1          		pop	bc
0918+  86C7 D3 7E       		out	(MOON_WREG), a
0919+  86C9 FD 7E 0F    		ld	a, (iy + 0Fh)
0920+  86CC F6 01       		or	1			; level direct
0921+  86CE             loc_0_4803: 
0922+  86CE C5          		push	bc
0923+  86CF C1          		pop	bc
0924+  86D0 D3 7F       		out	(MOON_WDAT), a
0925+  86D2             
0926+  86D2 3E 68       		ld	a, 68h 			
0927+  86D4 80          		add	a, b
0928+  86D5             loc_0_480A: 
0929+  86D5 C5          		push	bc
0930+  86D6 C1          		pop	bc
0931+  86D7 D3 7E       		out	(MOON_WREG), a
0932+  86D9 3E 80       		ld	a, 80h
0933+  86DB FD B6 0B    		or	(iy + 0Bh)             ; pan pot
0934+  86DE             loc_0_4813: 
0935+  86DE C5          		push	bc
0936+  86DF C1          		pop	bc
0937+  86E0 D3 7F       		out	(MOON_WDAT), a		; key on
0938+  86E2 C9          		ret	
0939+  86E3             ;-------------------------------------------------------------------
0940+  86E3             ; îïèñàíèå: Play OFF event
0941+  86E3             ; ïàðàìåòðû: íåò
0942+  86E3             ; âîçâðàùàåìîå  çíà÷åíèå: íåò
0943+  86E3             ;---------------------------------------------------------------------
0944+  86E3             MBPlayer_play_woffevt: 
0945+  86E3 3E 67       		ld	a, 67h
0946+  86E5 80          		add	a, b 			; calc. register
0947+  86E6 D3 7E       		out	(MOON_WREG), a
0948+  86E8 FD 36 02 00 		ld	(iy + 2), 0 		; pb/mod off
0949+  86EC             loc_0_4821: 
0950+  86EC C5          		push	bc
0951+  86ED C1          		pop	bc
0952+  86EE DB 7F       		in	a, (MOON_WDAT)
0953+  86F0 E6 7F       		and	7Fh
0954+  86F2             loc_0_4827: 
0955+  86F2 C5          		push	bc
0956+  86F3 C1          		pop	bc
0957+  86F4 D3 7F       		out	(MOON_WDAT), a
0958+  86F6 C9          		ret	
0959+  86F7             ;-------------------------------------------------------------------
0960+  86F7             ; îïèñàíèå: Play Wave event
0961+  86F7             ; ïàðàìåòðû: íåò
0962+  86F7             ; âîçâðàùàåìîå  çíà÷åíèå: íåò
0963+  86F7             ;---------------------------------------------------------------------
0964+  86F7             MBPlayer_play_wwavevt: 
0965+  86F7 D6 61       		sub	61h
0966+  86F9             MBPlayer_play_wwavevt2: 
0967+  86F9 FD 36 02 00 		ld	(iy + 2), 0 		; pb off
0968+  86FD 4F          		ld	c, a
0969+  86FE 21 D8 89    		ld	hl, MBPlayer_xwavnrs - 1
0970+  8701 85          		add	a, l
0971+  8702 30 01       		jr	nc, loc_0_483A
0972+  8704 24          		inc	h
0973+  8705             loc_0_483A: 
0974+  8705 6F          		ld	l, a
0975+  8706 7E          		ld	a, (hl)
0976+  8707 FD 77 0A    		ld	(iy + 0Ah), a
0977+  870A 79          		ld	a, c
0978+  870B 21 08 8A    		ld	hl, MBPlayer_xwavvols - 1
0979+  870E 85          		add	a, l
0980+  870F 30 01       		jr	nc, loc_0_4847
0981+  8711 24          		inc	h
0982+  8712             loc_0_4847: 
0983+  8712 6F          		ld	l, a
0984+  8713 FD 7E 0F    		ld	a, (iy + 0Fh)
0985+  8716 E6 01       		and	1
0986+  8718 57          		ld	d, a
0987+  8719 3A 53 89    		ld	a, (MBPlayer_play_fading)
0988+  871C B7          		or	a
0989+  871D 20 08       		jr	nz, loc_0_485C
0990+  871F             
0991+  871F 7E          		ld	a, (hl)
0992+  8720 87          		add	a, a
0993+  8721 87          		add	a, a
0994+  8722 B2          		or	d
0995+  8723 FD 77 0F    		ld	(iy + 0Fh), a
0996+  8726 C9          		ret	
0997+  8727             
0998+  8727             loc_0_485C: 
0999+  8727 7E          		ld	a, (hl)
1000+  8728 87          		add	a, a
1001+  8729 87          		add	a, a
1002+  872A B2          		or	d
1003+  872B FD BE 0F    		cp	(iy + 0Fh)
1004+  872E D8          		ret	c
1005+  872F FD 77 0F    		ld	(iy + 0Fh), a
1006+  8732 C9          		ret	
1007+  8733             ;-------------------------------------------------------------------
1008+  8733             ; îïèñàíèå: Play volume event
1009+  8733             ; ïàðàìåòðû: íåò
1010+  8733             ; âîçâðàùàåìîå  çíà÷åíèå: íåò
1011+  8733             ;---------------------------------------------------------------------
1012+  8733             MBPlayer_play_wchgvol: 
1013+  8733 D6 92       		sub	146
1014+  8735 EE 1F       		xor	1Fh
1015+  8737 87          		add	a, a
1016+  8738             MBPlayer_play_wchgvol2: 
1017+  8738 87          		add	a, a			;OPL4 can handle 0-127
1018+  8739 87          		add	a, a
1019+  873A 4F          		ld	c, a
1020+  873B             
1021+  873B 3A 53 89    		ld	a, (MBPlayer_play_fading)
1022+  873E B7          		or	a
1023+  873F 28 07       		jr	z, loc_0_487D
1024+  8741 79          		ld	a, c
1025+  8742 F6 01       		or	1
1026+  8744 FD BE 0F    		cp	(iy + 0Fh)
1027+  8747 D8          		ret	c
1028+  8748             
1029+  8748             loc_0_487D: 
1030+  8748 3E 4F       		ld	a, 4Fh			
1031+  874A 80          		add	a, b
1032+  874B D3 7E       		out	(MOON_WREG), a
1033+  874D FD 7E 0F    		ld	a, (iy + 0Fh) 		; level direct
1034+  8750 E6 01       		and	1
1035+  8752 B1          		or	c
1036+  8753 FD 77 0F    		ld	(iy + 0Fh), a
1037+  8756             
1038+  8756             loc_0_488B: 
1039+  8756 C5          		push	bc
1040+  8757 C1          		pop	bc
1041+  8758 D3 7F       		out	(MOON_WDAT), a
1042+  875A C9          		ret	
1043+  875B             ;-------------------------------------------------------------------
1044+  875B             ; îïèñàíèå: Link note
1045+  875B             ; ïàðàìåòðû: íåò
1046+  875B             ; âîçâðàùàåìîå  çíà÷åíèå: íåò
1047+  875B             ;---------------------------------------------------------------------
1048+  875B             MBPlayer_play_wlnk: 
1049+  875B FD 36 02 00 		ld	(iy + 2), 0
1050+  875F C5          		push	bc
1051+  8760 D6 CA       		sub	202
1052+  8762 FD 86 00    		add	a, (iy + 0)
1053+  8765 FD 77 00    		ld	(iy + 0), a
1054+  8768             
1055+  8768 FD CB 06 46 		bit	0, (iy + 6)
1056+  876C 28 06       		jr	z, loc_0_48A9
1057+  876E FD CB 07 7E 		bit	7, (iy + 7)
1058+  8772 20 50       		jr	nz, loc_0_48F9
1059+  8774             loc_0_48A9: 
1060+  8774 21 1F 8C    		ld	hl, MBPlayer_tabdiv12
1061+  8777 4F          		ld	c, a
1062+  8778 06 00       		ld	b, 0
1063+  877A 09          		add	hl, bc
1064+  877B 09          		add	hl, bc
1065+  877C 4E          		ld	c, (hl)
1066+  877D 23          		inc	hl
1067+  877E 7E          		ld	a, (hl)
1068+  877F FD 6E 10    		ld	l, (iy + 10h)
1069+  8782 FD 66 11    		ld	h, (iy + 11h)
1070+  8785 85          		add	a, l
1071+  8786 30 01       		jr	nc, loc_0_48BE
1072+  8788 24          		inc	h
1073+  8789             loc_0_48BE: 
1074+  8789 6F          		ld	l, a
1075+  878A 5E          		ld	e, (hl)
1076+  878B 23          		inc	hl
1077+  878C 56          		ld	d, (hl)
1078+  878D EB          		ex	de, hl 			; HL = freq
1079+  878E             
1080+  878E CB 25       		sla	l
1081+  8790 7C          		ld	a, h
1082+  8791 17          		rla	
1083+  8792 81          		add	a, c
1084+  8793 67          		ld	h, a
1085+  8794             loc_0_48C9: 
1086+  8794 16 00       		ld	d, 0
1087+  8796 FD 5E 05    		ld	e, (iy + 5)
1088+  8799 CB 7B       		bit	7, e
1089+  879B 28 01       		jr	z, loc_0_48D3
1090+  879D 15          		dec	d
1091+  879E             loc_0_48D3: 
1092+  879E 19          		add	hl, de			; detune...
1093+  879F 19          		add	hl, de
1094+  87A0             
1095+  87A0 FD 75 12    		ld	(iy + 12h), l		; freq fine
1096+  87A3 FD 74 13    		ld	(iy + 13h), h
1097+  87A6             
1098+  87A6 C1          		pop	bc
1099+  87A7 3E 1F       		ld	a, 1Fh
1100+  87A9 80          		add	a, b
1101+  87AA D3 7E       		out	(MOON_WREG), a
1102+  87AC 7D          		ld	a, l
1103+  87AD FD B6 06    		or	(iy + 6)
1104+  87B0             loc_0_48E5: 
1105+  87B0 C5          		push	bc
1106+  87B1 C1          		pop	bc
1107+  87B2 D3 7F       		out	(MOON_WDAT), a		; freq + tone
1108+  87B4             
1109+  87B4 3E 37       		ld	a, 37h
1110+  87B6 80          		add	a, b
1111+  87B7             loc_0_48EC: 
1112+  87B7 C5          		push	bc
1113+  87B8 C1          		pop	bc
1114+  87B9 D3 7E       		out	(MOON_WREG), a
1115+  87BB 7C          		ld	a, h
1116+  87BC FD B6 0C    		or	(iy + 0Ch)
1117+  87BF             loc_0_48F4: 
1118+  87BF C5          		push	bc
1119+  87C0 C1          		pop	bc
1120+  87C1 D3 7F       		out	(MOON_WDAT), a 		; freq
1121+  87C3 C9          		ret	
1122+  87C4             
1123+  87C4             loc_0_48F9: 
1124+  87C4 FD 6E 10    		ld	l, (iy + 10h)		; link own wave
1125+  87C7 FD 66 11    		ld	h, (iy + 11h)
1126+  87CA 5F          		ld	e, a
1127+  87CB 16 00       		ld	d, 0
1128+  87CD 19          		add	hl, de
1129+  87CE 19          		add	hl, de
1130+  87CF 5E          		ld	e, (hl)
1131+  87D0 23          		inc	hl
1132+  87D1 56          		ld	d, (hl)
1133+  87D2 EB          		ex	de, hl			; freq
1134+  87D3 C3 94 87    		jp	loc_0_48C9
1135+  87D6             ;-------------------------------------------------------------------
1136+  87D6             ; îïèñàíèå: Play stereo event
1137+  87D6             ; ïàðàìåòðû: íåò
1138+  87D6             ; âîçâðàùàåìîå  çíà÷åíèå: íåò
1139+  87D6             ;---------------------------------------------------------------------
1140+  87D6             MBPlayer_play_wchgste: 
1141+  87D6 D6 B9       		sub	0B9h 		; 178 + 7
1142+  87D8             MBPlayer_play_wchgste2: 
1143+  87D8 E6 0F       		and	0Fh
1144+  87DA 57          		ld	d, a
1145+  87DB FD 7E 0B    		ld	a, (iy + 0Bh)
1146+  87DE E6 F0       		and	0F0h
1147+  87E0 B2          		or	d
1148+  87E1 FD 77 0B    		ld	(iy + 0Bh), a
1149+  87E4 3E 67       		ld	a, 67h
1150+  87E6 80          		add	a, b
1151+  87E7 D3 7E       		out	(MOON_WREG), a
1152+  87E9 FD 36 02 00 		ld	(iy + 2), 0
1153+  87ED             loc_0_4922: 
1154+  87ED C5          		push	bc
1155+  87EE C1          		pop	bc
1156+  87EF DB 7F       		in	a, (MOON_WDAT)
1157+  87F1 E6 F0       		and	0F0h
1158+  87F3 B2          		or	d
1159+  87F4             loc_0_4929: 
1160+  87F4 C5          		push	bc
1161+  87F5 C1          		pop	bc
1162+  87F6 D3 7F       		out	(MOON_WDAT), a
1163+  87F8 C9          		ret	
1164+  87F9             ;-------------------------------------------------------------------
1165+  87F9             ; îïèñàíèå: Pitch bending
1166+  87F9             ; ïàðàìåòðû: íåò
1167+  87F9             ; âîçâðàùàåìîå  çíà÷åíèå: íåò
1168+  87F9             ;---------------------------------------------------------------------
1169+  87F9             MBPlayer_play_wchgpit: 
1170+  87F9 D6 DD       		sub	221
1171+  87FB FD 36 02 01 		ld	(iy + 2), 1		; Pitch bending on
1172+  87FF 87          		add	a, a
1173+  8800 87          		add	a, a
1174+  8801 FD 77 03    		ld	(iy + 3), a		; Set pitch bend speed
1175+  8804 07          		rlca	
1176+  8805 38 05       		jr	c, loc_0_4941
1177+  8807 FD 36 04 00 		ld	(iy + 4), 0
1178+  880B C9          		ret	
1179+  880C             loc_0_4941: 
1180+  880C FD 36 04 FF 		ld	(iy + 4), 0FFh
1181+  8810 C9          		ret	
1182+  8811             ;-------------------------------------------------------------------
1183+  8811             ; îïèñàíèå: Modulation event
1184+  8811             ; ïàðàìåòðû: íåò
1185+  8811             ; âîçâðàùàåìîå  çíà÷åíèå: íåò
1186+  8811             ;---------------------------------------------------------------------
1187+  8811             MBPlayer_play_wchgmod: 
1188+  8811 D6 EC       		sub	0ECh		;238 - 2
1189+  8813 FD 77 02    		ld	(iy + 2), a
1190+  8816 87          		add	a, a
1191+  8817 87          		add	a, a
1192+  8818 87          		add	a, a
1193+  8819 87          		add	a, a
1194+  881A 21 71 89    		ld	hl, MBPlayer_xmodtab - 2 * 16
1195+  881D 85          		add	a, l
1196+  881E 30 01       		jr	nc, loc_0_4956
1197+  8820 24          		inc	h
1198+  8821             loc_0_4956: 
1199+  8821 6F          		ld	l, a
1200+  8822 FD 75 03    		ld	(iy + 3), l
1201+  8825 FD 74 04    		ld	(iy + 4), h
1202+  8828 C9          		ret	
1203+  8829             ;-------------------------------------------------------------------
1204+  8829             ; îïèñàíèå: Set detune
1205+  8829             ; ïàðàìåòðû: íåò
1206+  8829             ; âîçâðàùàåìîå  çíà÷åíèå: íåò
1207+  8829             ;---------------------------------------------------------------------
1208+  8829             MBPlayer_play_wchgdet: 
1209+  8829 D6 EA       		sub	234
1210+  882B 87          		add	a, a
1211+  882C 87          		add	a, a
1212+  882D FD 77 05    		ld	(iy + 5), a
1213+  8830 C9          		ret	
1214+  8831             ;-------------------------------------------------------------------
1215+  8831             ; îïèñàíèå: Damp
1216+  8831             ; ïàðàìåòðû: íåò
1217+  8831             ; âîçâðàùàåìîå  çíà÷åíèå: íåò
1218+  8831             ;---------------------------------------------------------------------
1219+  8831             MBPlayer_play_wchgdmp: 
1220+  8831 3E 67       		ld	a, 67h
1221+  8833 80          		add	a, b			; calc. register
1222+  8834 D3 7E       		out	(MOON_WREG), a
1223+  8836 FD 36 02 00 		ld	(iy + 2), 0
1224+  883A             loc_0_496F: 
1225+  883A C5          		push	bc
1226+  883B C1          		pop	bc
1227+  883C DB 7F       		in	a, (MOON_WDAT)
1228+  883E F6 40       		or	40h			; pb/mod off
1229+  8840             loc_0_4975: 
1230+  8840 C5          		push	bc
1231+  8841 C1          		pop	bc
1232+  8842 D3 7F       		out	(MOON_WDAT), a
1233+  8844 C9          		ret	
1234+  8845             ;-------------------------------------------------------------------
1235+  8845             ; îïèñàíèå: pitch bending/modulation
1236+  8845             ; ïàðàìåòðû: íåò
1237+  8845             ; âîçâðàùàåìîå  çíà÷åíèå: íåò
1238+  8845             ;---------------------------------------------------------------------
1239+  8845             MBPlayer_play_pitch: 
1240+  8845 FD 21 3F 8A 		ld	iy, MBPlayer_play_table_wav
1241+  8849 11 14 00    		ld	de,PTW_SIZE
1242+  884C 21 58 88    		ld	hl,MBPlayer_play_pitchwvl2
1243+  884F 06 18       		ld	b,WAVCHNS		; wave channels
1244+  8851             MBPlayer_play_pitchwlus: 
1245+  8851 FD 7E 02    		ld	a, (iy + 2)
1246+  8854 B7          		or	a
1247+  8855 C2 5D 88    		jp	nz, MBPlayer_play_pitch_wdo
1248+  8858             MBPlayer_play_pitchwvl2: 
1249+  8858 FD 19       		add	iy, de
1250+  885A 10 F5       		djnz	MBPlayer_play_pitchwlus
1251+  885C C9          		ret	
1252+  885D             ;-------------------------------------------------------------------
1253+  885D             ; îïèñàíèå: pitch bending
1254+  885D             ; ïàðàìåòðû: íåò
1255+  885D             ; âîçâðàùàåìîå  çíà÷åíèå: íåò
1256+  885D             ;---------------------------------------------------------------------
1257+  885D             MBPlayer_play_pitch_wdo: 
1258+  885D D9          		exx	
1259+  885E             
1260+  885E 4F          		ld	c, a
1261+  885F             
1262+  885F FD 6E 03    		ld	l, (iy + 3)		; pitch bend speed
1263+  8862 FD 66 04    		ld	h, (iy + 4)
1264+  8865 0D          		dec	c
1265+  8866 C2 A4 88    		jp	nz, MBPlayer_play_mod_wdo ; modulation
1266+  8869 EB          		ex	de, hl
1267+  886A             loc_0_499F: 
1268+  886A FD 66 13    		ld	h, (iy + 13h)
1269+  886D FD 6E 12    		ld	l, (iy + 12h)
1270+  8870 19          		add	hl, de			; sliding
1271+  8871 CB 5C       		bit	3, h
1272+  8873 28 0D       		jr	z, loc_0_49B7
1273+  8875 CB 7A       		bit	7, d
1274+  8877 20 07       		jr	nz, loc_0_49B5
1275+  8879 7C          		ld	a, h
1276+  887A C6 08       		add	a, 8
1277+  887C 67          		ld	h, a
1278+  887D C3 82 88    		jp	loc_0_49B7
1279+  8880             loc_0_49B5: 
1280+  8880 CB 9C       		res	3, h
1281+  8882             loc_0_49B7: 
1282+  8882 FD 75 12    		ld	(iy + 12h), l		; freq fine
1283+  8885 FD 74 13    		ld	(iy + 13h), h
1284+  8888 FD 7E 01    		ld	a, (iy + 1)
1285+  888B 4F          		ld	c, a
1286+  888C D3 7E       		out	(MOON_WREG), a
1287+  888E 7D          		ld	a, l
1288+  888F FD B6 06    		or	(iy + 6)
1289+  8892             loc_0_49C7: 
1290+  8892 C5          		push	bc
1291+  8893 C1          		pop	bc
1292+  8894 D3 7F       		out	(MOON_WDAT), a		; freq + tone
1293+  8896             
1294+  8896 79          		ld	a, c
1295+  8897 C6 18       		add	a, 24
1296+  8899             loc_0_49CE: 
1297+  8899 C5          		push	bc
1298+  889A C1          		pop	bc
1299+  889B D3 7E       		out	(MOON_WREG), a
1300+  889D 7C          		ld	a, h
1301+  889E             loc_0_49D3: 
1302+  889E C5          		push	bc
1303+  889F C1          		pop	bc
1304+  88A0 D3 7F       		out	(MOON_WDAT), a 		; freq
1305+  88A2 D9          		exx	
1306+  88A3 E9          		jp	(hl)
1307+  88A4             ;-------------------------------------------------------------------
1308+  88A4             ; îïèñàíèå: Ìîäóëÿöèÿ
1309+  88A4             ; ïàðàìåòðû: íåò
1310+  88A4             ; âîçâðàùàåìîå  çíà÷åíèå: íåò
1311+  88A4             ;---------------------------------------------------------------------
1312+  88A4             MBPlayer_play_mod_wdo: 
1313+  88A4 16 00       		ld	d, 0
1314+  88A6 5E          		ld	e, (hl)
1315+  88A7 CB 23       		sla	e
1316+  88A9 CB 23       		sla	e
1317+  88AB 30 01       		jr	nc, loc_0_49E3
1318+  88AD 15          		dec	d
1319+  88AE             loc_0_49E3: 
1320+  88AE 23          		inc	hl
1321+  88AF 7E          		ld	a, (hl)
1322+  88B0 FE 0A       		cp	10
1323+  88B2 C2 C2 88    		jp	nz, loc_0_49F7
1324+  88B5 79          		ld	a, c
1325+  88B6             
1326+  88B6 21 81 89    		ld	hl, MBPlayer_xmodtab - 16
1327+  88B9 87          		add	a, a
1328+  88BA 87          		add	a, a
1329+  88BB 87          		add	a, a
1330+  88BC 87          		add	a, a
1331+  88BD 85          		add	a, l
1332+  88BE 30 01       		jr	nc, loc_0_49F6
1333+  88C0 24          		inc	h
1334+  88C1             loc_0_49F6: 
1335+  88C1 6F          		ld	l, a
1336+  88C2             loc_0_49F7: 
1337+  88C2 FD 75 03    		ld	(iy + 3), l
1338+  88C5 FD 74 04    		ld	(iy + 4), h
1339+  88C8 C3 6A 88    		jp	loc_0_499F
1340+  88CB             ;-------------------------------------------------------------------
1341+  88CB             ; îïèñàíèå: Çàòóõàíèå ìåëîäèè
1342+  88CB             ; ïàðàìåòðû: íåò
1343+  88CB             ; âîçâðàùàåìîå  çíà÷åíèå: íåò
1344+  88CB             ;---------------------------------------------------------------------
1345+  88CB             MBPlayer_play_fade: 	
1346+  88CB 3A 55 89    		ld	a,(MBPlayer_play_fadespd)	; speed
1347+  88CE 21 54 89    		ld	hl,MBPlayer_play_fadecnt
1348+  88D1 34          		inc	(hl)
1349+  88D2 BE          		cp	(hl)
1350+  88D3 C0          		ret	nz
1351+  88D4 36 00       		ld	(hl), 0
1352+  88D6             
1353+  88D6 06 18       		ld	b,WAVCHNS
1354+  88D8 FD 21 3F 8A 		ld	iy,MBPlayer_play_table_wav
1355+  88DC 11 14 00    		ld	de,PTW_SIZE
1356+  88DF             loc_0_4A14: 
1357+  88DF FD 7E 0F    		ld	a, (iy + 0Fh)		
1358+  88E2 C6 08       		add	a, 8                    ; -4, but bit 0 is not for volume
1359+  88E4 30 02       		jr	nc, loc_0_4A1D
1360+  88E6 3E FF       		ld	a, 255
1361+  88E8             loc_0_4A1D: 
1362+  88E8 FD 77 0F    		ld	(iy + 0Fh), a
1363+  88EB 3E 4F       		ld	a, 4Fh
1364+  88ED 80          		add	a, b
1365+  88EE D3 7E       		out	(MOON_WREG), a
1366+  88F0 FD 7E 0F    		ld	a, (iy + 0Fh)		; level direct
1367+  88F3             loc_0_4A28: 
1368+  88F3 C5          		push	bc
1369+  88F4 C1          		pop	bc
1370+  88F5 D3 7F       		out	(MOON_WDAT), a
1371+  88F7 FD 19       		add	iy, de
1372+  88F9 10 E4       		djnz	loc_0_4A14
1373+  88FB             
1374+  88FB 21 56 89    		ld	hl, MBPlayer_play_fadetcnt 	; total counter
1375+  88FE 34          		inc	(hl)
1376+  88FF 7E          		ld	a, (hl)
1377+  8900 FE 21       		cp	33			; will always be faded out in 33 steps
1378+  8902 C0          		ret	nz
1379+  8903 AF          		xor	a
1380+  8904 32 53 89    		ld	(MBPlayer_play_fading), a
1381+  8907 C3 FC 82    		jp	MBPlayer_stop_music
1382+  890A             
1383+  890A             sub_0_4A3F: 
1384+  890A 08          		ex	af, af'
1385+  890B 79          		ld	a, c
1386+  890C             loc_0_4A41: 
1387+  890C C5          		push	bc
1388+  890D C1          		pop	bc
1389+  890E D3 C6       		out	(MOON_REG2),a
1390+  8910 08          		ex	af, af'
1391+  8911             loc_0_4A46: 
1392+  8911 C5          		push	bc
1393+  8912 C1          		pop	bc
1394+  8913 D3 C7       		out	(MOON_DAT2),a
1395+  8915 C9          		ret	
1396+  8916             ;-------------------------------------------------------------------
1397+  8916             ; îïèñàíèå: Âûâîä äàííûõ â ðåãèñòðû Wave ÷àñòè
1398+  8916             ; ïàðàìåòðû: C - íîìåð ðåãèñòðà
1399+  8916             ;	     A - âûâîäèìûé áàéò
1400+  8916             ; âîçâðàùàåìîå  çíà÷åíèå: íåò
1401+  8916             ;---------------------------------------------------------------------
1402+  8916             MBPlayer_out_wave: 	
1403+  8916 08          		ex	af, af'
1404+  8917 79          		ld	a, c
1405+  8918             loc_0_4A4D: 
1406+  8918 C5          		push	bc
1407+  8919 C1          		pop	bc
1408+  891A D3 7E       		out	(MOON_WREG), a
1409+  891C 08          		ex	af, af'
1410+  891D             loc_0_4A52: 
1411+  891D C5          		push	bc
1412+  891E C1          		pop	bc
1413+  891F D3 7F       		out	(MOON_WDAT), a
1414+  8921 C9          		ret	
1415+  8922             ;-------------------------------------------------------------------
1416+  8922             ; îïèñàíèå: ×òåíèå äàííûõ èç ðåãèñòðà Wave ÷àñòè
1417+  8922             ; ïàðàìåòðû: C - íîìåð ðåãèñòðà
1418+  8922             ; âîçâðàùàåìîå  çíà÷åíèå: A - áàéò äàííûõ
1419+  8922             ;---------------------------------------------------------------------
1420+  8922             MBPlayer_in_wave: 	
1421+  8922 C5          		push	bc
1422+  8923 C1          		pop	bc
1423+  8924 79          		ld	a, c
1424+  8925 D3 7E       		out	(MOON_WREG), a
1425+  8927 00          		nop	
1426+  8928             loc_0_4A5D: 
1427+  8928 C5          		push	bc
1428+  8929 C1          		pop	bc
1429+  892A DB 7F       		in	a, (MOON_WDAT)
1430+  892C C9          		ret	
1431+  892D             
1432+  892D             MBPlayer_play_busy: 
1433+  892D 00          		db	0
1434+  892E             MBPlayer_play_pos: 	
1435+  892E 00          		db 	0
1436+  892F             MBPlayer_play_step: 	
1437+  892F 00          		db 	0
1438+  8930             MBPlayer_save_curbank: 	
1439+  8930 00          		db	0
1440+  8931             MBPlayer_songdata_bank1: 	
1441+  8931 00          		db 	0
1442+  8932             MBPlayer_songdata_addres: 	
1443+  8932 00 00       		dw 	0
1444+  8934             MBPlayer_songdata_bank: 	
1445+  8934 00          		db 	0
1446+  8935             
1447+  8935             MBPlayer_step_buffer: 	
1448+  8935 00          		db    	0
1449+  8936 00          		db    	0
1450+  8937 00          		db    	0 ;  
1451+  8938 00          		db    	0 ;  
1452+  8939 00          		db    	0 ;  
1453+  893A 00          		db    	0 ;  
1454+  893B 00          		db    	0 ;  
1455+  893C 00          		db    	0 ;  
1456+  893D             unk_0_4B90: 	
1457+  893D 00          		db    	0
1458+  893E 00          		db    	0 ;  
1459+  893F 00          		db    	0 ;  
1460+  8940 00          		db    	0 ;  
1461+  8941 00          		db    	0 ;  
1462+  8942 00          		db    	0 ;  
1463+  8943 00          		db    	0 ;  
1464+  8944 00          		db    	0 ;  
1465+  8945             unk_0_4B98: 	
1466+  8945 00          		db    	0
1467+  8946 00          		db    	0 ;  
1468+  8947 00          		db    	0 ;  
1469+  8948 00          		db    	0 ;  
1470+  8949 00          		db    	0 ;  
1471+  894A 00          		db    	0 ;  
1472+  894B 00          		db    	0 ;  
1473+  894C 00          		db    	0 ;  
1474+  894D 00          		db    	0 ;  
1475+  894E             MBPlayer_play_speed: 	
1476+  894E 00          		db 	0
1477+  894F             MBPlayer_play_tspval: 	
1478+  894F 00          		db 	0
1479+  8950             MBPlayer_play_timercnt: 	
1480+  8950 00          		db 	0
1481+  8951             MBPlayer_play_intcnt: 
1482+  8951 00          		db 	0
1483+  8952             MBPlayer_current_pat: 	
1484+  8952 00          		db 	0
1485+  8953             MBPlayer_play_fading: 	
1486+  8953 00          		db 	0
1487+  8954             MBPlayer_play_fadecnt: 	
1488+  8954 00          		db 	0
1489+  8955             MBPlayer_play_fadespd: 	
1490+  8955 00          		db 	0
1491+  8956             MBPlayer_play_fadetcnt: 	
1492+  8956 00          		db 	0
1493+  8957             MBPlayer_sample_address: 	
1494+  8957 00          		db    	0
1495+  8958 00          		db    	0 ;  
1496+  8959 00          		db    	0 ;  
1497+  895A 00          		db    	0 ;  
1498+  895B             MBPlayer_samplesize: 	
1499+  895B 00 00       		dw 	0
1500+  895D             ;-------------------------------------------------------------------
1501+  895D             ; îïèñàíèå: Èíôîðìàöèÿ î òðåêå = 220 áàéò
1502+  895D             ; ïàðàìåòðû: íåò
1503+  895D             ; âîçâðàùàåìîå  çíà÷åíèå: íåò
1504+  895D             ;---------------------------------------------------------------------
1505+  895D             MBPlayer_xleng: 	
1506+  895D 00          		ds	1		; Song length
1507+  895E             MBPlayer_xloop: 		
1508+  895E 00          		ds	1		; Loop position
1509+  895F             MBPlayer_xwvstpr: 	
1510+  895F 00          		ds	24		; Stereo settings Wave
1511+  8977             MBPlayer_xtempo: 		
1512+  8977 00          		ds	1		; Tempo
1513+  8978             MBPlayer_xhzequal: 	
1514+  8978 00          		ds	1		; Base frequency
1515+  8979             MBPlayer_xdetune: 		
1516+  8979 00          		ds	24		; Detune settings
1517+  8991             MBPlayer_xmodtab: 		
1518+  8991 00          		ds	3*16		; Modulation tables
1519+  89C1             MBPlayer_xbegwav: 		
1520+  89C1 00          		ds	24		; Start waves
1521+  89D9             MBPlayer_xwavnrs: 	
1522+  89D9 00          		ds	48		; Wave numbers
1523+  8A09             MBPlayer_xwavvols: 	                	
1524+  8A09 00          		ds	48		; Wave volumes
1525+  8A39             
1526+  8A39             
1527+  8A39             MBPlayer_pat_address: 	
1528+  8A39 00 00       		dw 	0
1529+  8A3B             MBPlayer_pos_address: 	
1530+  8A3B 00 00       		dw 	0
1531+  8A3D             MBPlayer_songdata_ptr: 	
1532+  8A3D 00 00       		dw 	0
1533+  8A3F             
1534+  8A3F             ;--- smart table: --
1535+  8A3F             
1536+  8A3F             ;    - last note played                 01: + 0
1537+  8A3F             ;    - frequency register               01: + 1
1538+  8A3F             ;    - pitch bending on/off             01: + 2
1539+  8A3F             ;    - pitch bend speed                 02: + 3
1540+  8A3F             ;    - detune value                     01: + 5
1541+  8A3F             ;    - tone nr for next interrupt       02: + 6
1542+  8A3F             ;    - freq for next interrupt          02: + 8
1543+  8A3F             ;    - current patch                    01  + 10
1544+  8A3F             ;    - current stereo setting           01  + 11
1545+  8A3F             ;    - pseudo reverb                    01  + 12
1546+  8A3F             ;    - Pointer to header bytes          02  + 13
1547+  8A3F             ;    - Volume                           01  + 15
1548+  8A3F             ;    - Pointer to used freq table       01  + 16
1549+  8A3F             ;    - Current pitch freq.              02  + 18
1550+  8A3F             ;                               --
1551+  8A3F             ;    Total:                             20
1552+  8A3F             
1553+  8A3F             MBPlayer_play_table_wav: 
1554+  8A3F             		db	0,037h,0,0,0,0,0,0,0,0,0,0,0,0,0,0,0,0,0,0	; ch1
1554+  8A3F 0037000000000000000000000000000000000000
1555+  8A53             		db	0,036h,0,0,0,0,0,0,0,0,0,0,0,0,0,0,0,0,0,0	; ch2
1555+  8A53 0036000000000000000000000000000000000000
1556+  8A67             		db	0,035h,0,0,0,0,0,0,0,0,0,0,0,0,0,0,0,0,0,0	; ch3
1556+  8A67 0035000000000000000000000000000000000000
1557+  8A7B             		db	0,034h,0,0,0,0,0,0,0,0,0,0,0,0,0,0,0,0,0,0	; ch4
1557+  8A7B 0034000000000000000000000000000000000000
1558+  8A8F             		db	0,033h,0,0,0,0,0,0,0,0,0,0,0,0,0,0,0,0,0,0	; ch5
1558+  8A8F 0033000000000000000000000000000000000000
1559+  8AA3             		db	0,032h,0,0,0,0,0,0,0,0,0,0,0,0,0,0,0,0,0,0	; ch6
1559+  8AA3 0032000000000000000000000000000000000000
1560+  8AB7             		db	0,031h,0,0,0,0,0,0,0,0,0,0,0,0,0,0,0,0,0,0	; ch7
1560+  8AB7 0031000000000000000000000000000000000000
1561+  8ACB             		db	0,030h,0,0,0,0,0,0,0,0,0,0,0,0,0,0,0,0,0,0	; ch8
1561+  8ACB 0030000000000000000000000000000000000000
1562+  8ADF             unk_0_4D90: 	
1563+  8ADF             		db	0,02fh,0,0,0,0,0,0,0,0,0,0,0,0,0,0,0,0,0,0	; ch9
1563+  8ADF 002F000000000000000000000000000000000000
1564+  8AF3             		db	0,02eh,0,0,0,0,0,0,0,0,0,0,0,0,0,0,0,0,0,0	; ch10
1564+  8AF3 002E000000000000000000000000000000000000
1565+  8B07             		db	0,02dh,0,0,0,0,0,0,0,0,0,0,0,0,0,0,0,0,0,0	; ch11
1565+  8B07 002D000000000000000000000000000000000000
1566+  8B1B             		db	0,02ch,0,0,0,0,0,0,0,0,0,0,0,0,0,0,0,0,0,0	; ch12
1566+  8B1B 002C000000000000000000000000000000000000
1567+  8B2F             		db	0,02bh,0,0,0,0,0,0,0,0,0,0,0,0,0,0,0,0,0,0	; ch13
1567+  8B2F 002B000000000000000000000000000000000000
1568+  8B43             		db	0,02ah,0,0,0,0,0,0,0,0,0,0,0,0,0,0,0,0,0,0	; ch14
1568+  8B43 002A000000000000000000000000000000000000
1569+  8B57             		db	0,029h,0,0,0,0,0,0,0,0,0,0,0,0,0,0,0,0,0,0	; ch15
1569+  8B57 0029000000000000000000000000000000000000
1570+  8B6B             		db	0,028h,0,0,0,0,0,0,0,0,0,0,0,0,0,0,0,0,0,0	; ch16
1570+  8B6B 0028000000000000000000000000000000000000
1571+  8B7F             unk_0_4E30: 	
1572+  8B7F             		db	0,027h,0,0,0,0,0,0,0,0,0,0,0,0,0,0,0,0,0,0	; ch17
1572+  8B7F 0027000000000000000000000000000000000000
1573+  8B93             		db	0,026h,0,0,0,0,0,0,0,0,0,0,0,0,0,0,0,0,0,0	; ch18
1573+  8B93 0026000000000000000000000000000000000000
1574+  8BA7             		db	0,025h,0,0,0,0,0,0,0,0,0,0,0,0,0,0,0,0,0,0	; ch19
1574+  8BA7 0025000000000000000000000000000000000000
1575+  8BBB             		db	0,024h,0,0,0,0,0,0,0,0,0,0,0,0,0,0,0,0,0,0	; ch20
1575+  8BBB 0024000000000000000000000000000000000000
1576+  8BCF             		db	0,023h,0,0,0,0,0,0,0,0,0,0,0,0,0,0,0,0,0,0	; ch21
1576+  8BCF 0023000000000000000000000000000000000000
1577+  8BE3             		db	0,022h,0,0,0,0,0,0,0,0,0,0,0,0,0,0,0,0,0,0	; ch22
1577+  8BE3 0022000000000000000000000000000000000000
1578+  8BF7             		db	0,021h,0,0,0,0,0,0,0,0,0,0,0,0,0,0,0,0,0,0	; ch23
1578+  8BF7 0021000000000000000000000000000000000000
1579+  8C0B             		db	0,020h,0,0,0,0,0,0,0,0,0,0,0,0,0,0,0,0,0,0	; ch24
1579+  8C0B 0020000000000000000000000000000000000000
1580+  8C1F             
1581+  8C1F             		.include	"freq_table_0.inc"
0001++ 8C1F             ;-------------------------------------------------------------------
0002++ 8C1F             ; îïèñàíèå:  Òàáëèöà äåëèòåëåé
0003++ 8C1F             ;---------------------------------------------------------------------
0004++ 8C1F             MBPlayer_tabdiv12: 
0005++ 8C1F             		db	-5*16,0,-5*16,2*1,-5*16,2*2,-5*16,2*3,-5*16,2*4,-5*16,2*5
0005++ 8C1F B000B002B004B006B008B00A
0006++ 8C2B             		db	-5*16,2*6,-5*16,2*7,-5*16,2*8,-5*16,2*9,-5*16,2*10,-5*16,2*11
0006++ 8C2B B00CB00EB010B012B014B016
0007++ 8C37             		db	-4*16,0,-4*16,2*1,-4*16,2*2,-4*16,2*3,-4*16,2*4,-4*16,2*5
0007++ 8C37 C000C002C004C006C008C00A
0008++ 8C43             		db	-4*16,2*6,-4*16,2*7,-4*16,2*8,-4*16,2*9,-4*16,2*10,-4*16,2*11
0008++ 8C43 C00CC00EC010C012C014C016
0009++ 8C4F             		db	-3*16,0,-3*16,2*1,-3*16,2*2,-3*16,2*3,-3*16,2*4,-3*16,2*5
0009++ 8C4F D000D002D004D006D008D00A
0010++ 8C5B             		db	-3*16,2*6,-3*16,2*7,-3*16,2*8,-3*16,2*9,-3*16,2*10,-3*16,2*11
0010++ 8C5B D00CD00ED010D012D014D016
0011++ 8C67             		db	-2*16,0,-2*16,2*1,-2*16,2*2,-2*16,2*3,-2*16,2*4,-2*16,2*5
0011++ 8C67 E000E002E004E006E008E00A
0012++ 8C73             		db	-2*16,2*6,-2*16,2*7,-2*16,2*8,-2*16,2*9,-2*16,2*10,-2*16,2*11
0012++ 8C73 E00CE00EE010E012E014E016
0013++ 8C7F             		db	-1*16,0,-1*16,2*1,-1*16,2*2,-1*16,2*3,-1*16,2*4,-1*16,2*5
0013++ 8C7F F000F002F004F006F008F00A
0014++ 8C8B             		db	-1*16,2*6,-1*16,2*7,-1*16,2*8,-1*16,2*9,-1*16,2*10,-1*16,2*11
0014++ 8C8B F00CF00EF010F012F014F016
0015++ 8C97             		db	0*16,0,0*16,2*1,0*16,2*2,0*16,2*3,0*16,2*4,0*16,2*5
0015++ 8C97 00000002000400060008000A
0016++ 8CA3             		db	0*16,2*6,0*16,2*7,0*16,2*8,0*16,2*9,0*16,2*10,0*16,2*11
0016++ 8CA3 000C000E0010001200140016
0017++ 8CAF             		db	1*16,0,1*16,2*1,1*16,2*2,1*16,2*3,1*16,2*4,1*16,2*5
0017++ 8CAF 10001002100410061008100A
0018++ 8CBB             		db	1*16,2*6,1*16,2*7,1*16,2*8,1*16,2*9,1*16,2*10,1*16,2*11
0018++ 8CBB 100C100E1010101210141016
0019++ 8CC7             		db	2*16,0,2*16,2*1,2*16,2*2,2*16,2*3,2*16,2*4,2*16,2*5
0019++ 8CC7 20002002200420062008200A
0020++ 8CD3             		db	2*16,2*6,2*16,2*7,2*16,2*8,2*16,2*9,2*16,2*10,2*16,2*11
0020++ 8CD3 200C200E2010201220142016
0021++ 8CDF             		db	3*16,0,3*16,2*1,3*16,2*2,3*16,2*3,3*16,2*4,3*16,2*5
0021++ 8CDF 30003002300430063008300A
0022++ 8CEB             		db	3*16,2*6,3*16,2*7,3*16,2*8,3*16,2*9,3*16,2*10,3*16,2*11
0022++ 8CEB 300C300E3010301230143016
0023++ 8CF7             		db	4*16,0,4*16,2*1,4*16,2*2,4*16,2*3,4*16,2*4,4*16,2*5
0023++ 8CF7 40004002400440064008400A
0024++ 8D03             		db	4*16,2*6,4*16,2*7,4*16,2*8,4*16,2*9,4*16,2*10,4*16,2*11
0024++ 8D03 400C400E4010401240144016
0025++ 8D0F             		db	5*16,0,5*16,2*1,5*16,2*2,5*16,2*3,5*16,2*4,5*16,2*5
0025++ 8D0F 50005002500450065008500A
0026++ 8D1B             		db	5*16,2*6,5*16,2*7,5*16,2*8,5*16,2*9,5*16,2*10,5*16,2*11
0026++ 8D1B 500C500E5010501250145016
0027++ 8D27             		db	6*16,0,6*16,2*1,6*16,2*2,6*16,2*3,6*16,2*4,6*16,2*5
0027++ 8D27 60006002600460066008600A
0028++ 8D33             		db	6*16,2*6,6*16,2*7,6*16,2*8,6*16,2*9,6*16,2*10,6*16,2*11
0028++ 8D33 600C600E6010601260146016
0029++ 8D3F             		db	7*16,0,7*16,2*1,7*16,2*2,7*16,2*3,7*16,2*4,7*16,2*5
0029++ 8D3F 70007002700470067008700A
0030++ 8D4B             		db	7*16,2*6,7*16,2*7,7*16,2*8,7*16,2*9,7*16,2*10,7*16,2*11
0030++ 8D4B 700C700E7010701270147016
0031++ 8D57             		db	8*16,0,8*16,2*1,8*16,2*2,8*16,2*3,8*16,2*4,8*16,2*5
0031++ 8D57 80008002800480068008800A
0032++ 8D63             		db	8*16,2*6,8*16,2*7,8*16,2*8,8*16,2*9,8*16,2*10,8*16,2*11
0032++ 8D63 800C800E8010801280148016
0033++ 8D6F             		db	9*16,0,9*16,2*1,9*16,2*2,9*16,2*3,9*16,2*4,9*16,2*5
0033++ 8D6F 90009002900490069008900A
0034++ 8D7B             		db	9*16,2*6,9*16,2*7,9*16,2*8,9*16,2*9,9*16,2*10,9*16,2*11
0034++ 8D7B 900C900E9010901290149016
0035++ 8D87             		db	10*16,0,10*16,2*1,10*16,2*2,10*16,2*3,10*16,2*4,10*16,2*5
0035++ 8D87 A000A002A004A006A008A00A
0036++ 8D93             		db	10*16,2*6,10*16,2*7,10*16,2*8,10*16,2*9,10*16,2*10,10*16,2*11
0036++ 8D93 A00CA00EA010A012A014A016
0037++ 8D9F             
0038++ 8D9F             
1582+  8D9F             		.include	"freq_table_1.inc"
0001++ 8D9F             ;-------------------------------------------------------------------
0002++ 8D9F             ; îïèñàíèå:  Òàáëèöà ÷àñòîò äëÿ 44.1 kHz
0003++ 8D9F             ;---------------------------------------------------------------------
0004++ 8D9F             MBPlayer_frqtab_441khz: 	
0005++ 8D9F 00 C0       		dw	(-4 * 2048 + 0) * 2
0006++ 8DA1 7A C0       		dw	(-4 * 2048 + 61) * 2
0007++ 8DA3 FA C0       		dw	(-4 * 2048 + 125) * 2
0008++ 8DA5 84 C1       		dw	(-4 * 2048 + 194) * 2
0009++ 8DA7 14 C2       		dw	(-4 * 2048 + 266) * 2
0010++ 8DA9 AE C2       		dw	(-4 * 2048 + 343) * 2
0011++ 8DAB 50 C3       		dw	(-4 * 2048 + 424) * 2
0012++ 8DAD FC C3       		dw	(-4 * 2048 + 510) * 2
0013++ 8DAF B2 C4       		dw	(-4 * 2048 + 601) * 2
0014++ 8DB1 74 C5       		dw	(-4 * 2048 + 698) * 2
0015++ 8DB3 42 C6       		dw	(-4 * 2048 + 801) * 2
0016++ 8DB5 1A C7       		dw	(-4 * 2048 + 909) * 2
0017++ 8DB7 00 D0       		dw	(-3 * 2048 + 0) * 2
0018++ 8DB9 7A D0       		dw	(-3 * 2048 + 61) * 2
0019++ 8DBB FA D0       		dw	(-3 * 2048 + 125) * 2
0020++ 8DBD 84 D1       		dw	(-3 * 2048 + 194) * 2
0021++ 8DBF 14 D2       		dw	(-3 * 2048 + 266) * 2
0022++ 8DC1 AE D2       		dw	(-3 * 2048 + 343) * 2
0023++ 8DC3 50 D3       		dw	(-3 * 2048 + 424) * 2
0024++ 8DC5 FC D3       		dw	(-3 * 2048 + 510) * 2
0025++ 8DC7 B2 D4       		dw	(-3 * 2048 + 601) * 2
0026++ 8DC9 74 D5       		dw	(-3 * 2048 + 698) * 2
0027++ 8DCB 42 D6       		dw	(-3 * 2048 + 801) * 2
0028++ 8DCD 1A D7       		dw	(-3 * 2048 + 909) * 2
0029++ 8DCF 00 E0       		dw	(-2 * 2048 + 0) * 2
0030++ 8DD1 7A E0       		dw	(-2 * 2048 + 61) * 2
0031++ 8DD3 FA E0       		dw	(-2 * 2048 + 125) * 2
0032++ 8DD5 84 E1       		dw	(-2 * 2048 + 194) * 2
0033++ 8DD7 14 E2       		dw	(-2 * 2048 + 266) * 2
0034++ 8DD9 AE E2       		dw	(-2 * 2048 + 343) * 2
0035++ 8DDB 50 E3       		dw	(-2 * 2048 + 424) * 2
0036++ 8DDD FC E3       		dw	(-2 * 2048 + 510) * 2
0037++ 8DDF B2 E4       		dw	(-2 * 2048 + 601) * 2
0038++ 8DE1 74 E5       		dw	(-2 * 2048 + 698) * 2
0039++ 8DE3 42 E6       		dw	(-2 * 2048 + 801) * 2
0040++ 8DE5 1A E7       		dw	(-2 * 2048 + 909) * 2
0041++ 8DE7 00 F0       		dw	(-1 * 2048 + 0) * 2
0042++ 8DE9 7A F0       		dw	(-1 * 2048 + 61) * 2
0043++ 8DEB FA F0       		dw	(-1 * 2048 + 125) * 2
0044++ 8DED 84 F1       		dw	(-1 * 2048 + 194) * 2
0045++ 8DEF 14 F2       		dw	(-1 * 2048 + 266) * 2
0046++ 8DF1 AE F2       		dw	(-1 * 2048 + 343) * 2
0047++ 8DF3 50 F3       		dw	(-1 * 2048 + 424) * 2
0048++ 8DF5 FC F3       		dw	(-1 * 2048 + 510) * 2
0049++ 8DF7 B2 F4       		dw	(-1 * 2048 + 601) * 2
0050++ 8DF9 74 F5       		dw	(-1 * 2048 + 698) * 2
0051++ 8DFB 42 F6       		dw	(-1 * 2048 + 801) * 2
0052++ 8DFD 1A F7       		dw	(-1 * 2048 + 909) * 2
0053++ 8DFF 00 00       		dw	(-0 * 2048 + 0) * 2
0054++ 8E01 7A 00       		dw	(-0 * 2048 + 61) * 2
0055++ 8E03 FA 00       		dw	(-0 * 2048 + 125) * 2
0056++ 8E05 84 01       		dw	(-0 * 2048 + 194) * 2
0057++ 8E07 14 02       		dw	(-0 * 2048 + 266) * 2
0058++ 8E09 AE 02       		dw	(-0 * 2048 + 343) * 2
0059++ 8E0B 50 03       		dw	(-0 * 2048 + 424) * 2
0060++ 8E0D FC 03       		dw	(-0 * 2048 + 510) * 2
0061++ 8E0F B2 04       		dw	(-0 * 2048 + 601) * 2
0062++ 8E11 74 05       		dw	(-0 * 2048 + 698) * 2
0063++ 8E13 42 06       		dw	(-0 * 2048 + 801) * 2
0064++ 8E15 1A 07       		dw	(-0 * 2048 + 909) * 2
0065++ 8E17 00 10       		dw	(+1 * 2048 + 0) * 2
0066++ 8E19 7A 10       		dw	(+1 * 2048 + 61) * 2
0067++ 8E1B FA 10       		dw	(+1 * 2048 + 125) * 2
0068++ 8E1D 84 11       		dw	(+1 * 2048 + 194) * 2
0069++ 8E1F 14 12       		dw	(+1 * 2048 + 266) * 2
0070++ 8E21 AE 12       		dw	(+1 * 2048 + 343) * 2
0071++ 8E23 50 13       		dw	(+1 * 2048 + 424) * 2
0072++ 8E25 FC 13       		dw	(+1 * 2048 + 510) * 2
0073++ 8E27 B2 14       		dw	(+1 * 2048 + 601) * 2
0074++ 8E29 74 15       		dw	(+1 * 2048 + 698) * 2
0075++ 8E2B 42 16       		dw	(+1 * 2048 + 801) * 2
0076++ 8E2D 1A 17       		dw	(+1 * 2048 + 909) * 2
0077++ 8E2F 00 20       		dw	(+2 * 2048 + 0) * 2
0078++ 8E31 7A 20       		dw	(+2 * 2048 + 61) * 2
0079++ 8E33 FA 20       		dw	(+2 * 2048 + 125) * 2
0080++ 8E35 84 21       		dw	(+2 * 2048 + 194) * 2
0081++ 8E37 14 22       		dw	(+2 * 2048 + 266) * 2
0082++ 8E39 AE 22       		dw	(+2 * 2048 + 343) * 2
0083++ 8E3B 50 23       		dw	(+2 * 2048 + 424) * 2
0084++ 8E3D FC 23       		dw	(+2 * 2048 + 510) * 2
0085++ 8E3F B2 24       		dw	(+2 * 2048 + 601) * 2
0086++ 8E41 74 25       		dw	(+2 * 2048 + 698) * 2
0087++ 8E43 42 26       		dw	(+2 * 2048 + 801) * 2
0088++ 8E45 1A 27       		dw	(+2 * 2048 + 909) * 2
0089++ 8E47 00 30       		dw	(+3 * 2048 + 0) * 2
0090++ 8E49 7A 30       		dw	(+3 * 2048 + 61) * 2
0091++ 8E4B FA 30       		dw	(+3 * 2048 + 125) * 2
0092++ 8E4D 84 31       		dw	(+3 * 2048 + 194) * 2
0093++ 8E4F 14 32       		dw	(+3 * 2048 + 266) * 2
0094++ 8E51 AE 32       		dw	(+3 * 2048 + 343) * 2
0095++ 8E53 50 33       		dw	(+3 * 2048 + 424) * 2
0096++ 8E55 FC 33       		dw	(+3 * 2048 + 510) * 2
0097++ 8E57 B2 34       		dw	(+3 * 2048 + 601) * 2
0098++ 8E59 74 35       		dw	(+3 * 2048 + 698) * 2
0099++ 8E5B 42 36       		dw	(+3 * 2048 + 801) * 2
0100++ 8E5D 1A 37       		dw	(+3 * 2048 + 909) * 2
0101++ 8E5F             
1583+  8E5F             		.include	"freq_table_2.inc"
0001++ 8E5F             ;-------------------------------------------------------------------
0002++ 8E5F             ; îïèñàíèå:  Òàáëèöà ÷àñòîò äëÿ Amiga
0003++ 8E5F             ;---------------------------------------------------------------------
0004++ 8E5F             MBPlayer_frqtab_amiga: 	
0005++ 8E5F 22 B4       		dw	(-5 * 2048 + 529) * 2
0006++ 8E61 DA B4       		dw	(-5 * 2048 + 621) * 2
0007++ 8E63 A2 B5       		dw	(-5 * 2048 + 721) * 2
0008++ 8E65 6E B6       		dw	(-5 * 2048 + 823) * 2
0009++ 8E67 52 B7       		dw	(-5 * 2048 + 937) * 2
0010++ 8E69 1C C0       		dw	(-4 * 2048 + 14) * 2
0011++ 8E6B 98 C0       		dw	(-4 * 2048 + 76) * 2
0012++ 8E6D 1C C1       		dw	(-4 * 2048 + 142) * 2
0013++ 8E6F A6 C1       		dw	(-4 * 2048 + 211) * 2
0014++ 8E71 38 C2       		dw	(-4 * 2048 + 284) * 2
0015++ 8E73 D2 C2       		dw	(-4 * 2048 + 361) * 2
0016++ 8E75 7E C3       		dw	(-4 * 2048 + 447) * 2
0017++ 8E77             
0018++ 8E77 22 C4       		dw	(-4 * 2048 + 529) * 2
0019++ 8E79 DA C4       		dw	(-4 * 2048 + 621) * 2
0020++ 8E7B A2 C5       		dw	(-4 * 2048 + 721) * 2
0021++ 8E7D 6E C6       		dw	(-4 * 2048 + 823) * 2
0022++ 8E7F 52 C7       		dw	(-4 * 2048 + 937) * 2
0023++ 8E81 1C D0       		dw	(-3 * 2048 + 14) * 2
0024++ 8E83 98 D0       		dw	(-3 * 2048 + 76) * 2
0025++ 8E85 1C D1       		dw	(-3 * 2048 + 142) * 2
0026++ 8E87 A6 D1       		dw	(-3 * 2048 + 211) * 2
0027++ 8E89 38 D2       		dw	(-3 * 2048 + 284) * 2
0028++ 8E8B D2 D2       		dw	(-3 * 2048 + 361) * 2
0029++ 8E8D 7E D3       		dw	(-3 * 2048 + 447) * 2
0030++ 8E8F             
0031++ 8E8F 22 D4       		dw	(-3 * 2048 + 529) * 2
0032++ 8E91 DA D4       		dw	(-3 * 2048 + 621) * 2
0033++ 8E93 A2 D5       		dw	(-3 * 2048 + 721) * 2
0034++ 8E95 6E D6       		dw	(-3 * 2048 + 823) * 2
0035++ 8E97 52 D7       		dw	(-3 * 2048 + 937) * 2
0036++ 8E99 1C E0       		dw	(-2 * 2048 + 14) * 2
0037++ 8E9B 98 E0       		dw	(-2 * 2048 + 76) * 2
0038++ 8E9D 1C E1       		dw	(-2 * 2048 + 142) * 2
0039++ 8E9F A6 E1       		dw	(-2 * 2048 + 211) * 2
0040++ 8EA1 38 E2       		dw	(-2 * 2048 + 284) * 2
0041++ 8EA3 D2 E2       		dw	(-2 * 2048 + 361) * 2
0042++ 8EA5 7E E3       		dw	(-2 * 2048 + 447) * 2
0043++ 8EA7             
0044++ 8EA7 22 E4       		dw	(-2 * 2048 + 529) * 2
0045++ 8EA9 DA E4       		dw	(-2 * 2048 + 621) * 2
0046++ 8EAB A2 E5       		dw	(-2 * 2048 + 721) * 2
0047++ 8EAD 6E E6       		dw	(-2 * 2048 + 823) * 2
0048++ 8EAF 52 E7       		dw	(-2 * 2048 + 937) * 2
0049++ 8EB1 1C F0       		dw	(-1 * 2048 + 14) * 2
0050++ 8EB3 98 F0       		dw	(-1 * 2048 + 76) * 2
0051++ 8EB5 1C F1       		dw	(-1 * 2048 + 142) * 2
0052++ 8EB7 A6 F1       		dw	(-1 * 2048 + 211) * 2
0053++ 8EB9 38 F2       		dw	(-1 * 2048 + 284) * 2
0054++ 8EBB D2 F2       		dw	(-1 * 2048 + 361) * 2
0055++ 8EBD 7E F3       		dw	(-1 * 2048 + 447) * 2
0056++ 8EBF             
0057++ 8EBF 22 F4       		dw	(-1 * 2048 + 529) * 2
0058++ 8EC1 DA F4       		dw	(-1 * 2048 + 621) * 2
0059++ 8EC3 A2 F5       		dw	(-1 * 2048 + 721) * 2
0060++ 8EC5 6E F6       		dw	(-1 * 2048 + 823) * 2
0061++ 8EC7 52 F7       		dw	(-1 * 2048 + 937) * 2
0062++ 8EC9 1C 00       		dw	(-0 * 2048 + 14) * 2
0063++ 8ECB 98 00       		dw	(-0 * 2048 + 76) * 2
0064++ 8ECD 1C 01       		dw	(-0 * 2048 + 142) * 2
0065++ 8ECF A6 01       		dw	(-0 * 2048 + 211) * 2
0066++ 8ED1 38 02       		dw	(-0 * 2048 + 284) * 2
0067++ 8ED3 D2 02       		dw	(-0 * 2048 + 361) * 2
0068++ 8ED5 7E 03       		dw	(-0 * 2048 + 447) * 2
0069++ 8ED7             
0070++ 8ED7 22 04       		dw	(-0 * 2048 + 529) * 2
0071++ 8ED9 DA 04       		dw	(-0 * 2048 + 621) * 2
0072++ 8EDB A2 05       		dw	(-0 * 2048 + 721) * 2
0073++ 8EDD 6E 06       		dw	(-0 * 2048 + 823) * 2
0074++ 8EDF 52 07       		dw	(-0 * 2048 + 937) * 2
0075++ 8EE1 1C 10       		dw	(+1 * 2048 + 14) * 2
0076++ 8EE3 98 10       		dw	(+1 * 2048 + 76) * 2
0077++ 8EE5 1C 11       		dw	(+1 * 2048 + 142) * 2
0078++ 8EE7 A6 11       		dw	(+1 * 2048 + 211) * 2
0079++ 8EE9 38 12       		dw	(+1 * 2048 + 284) * 2
0080++ 8EEB D2 12       		dw	(+1 * 2048 + 361) * 2
0081++ 8EED 7E 13       		dw	(+1 * 2048 + 447) * 2
0082++ 8EEF             
0083++ 8EEF 22 14       		dw	(+1 * 2048 + 529) * 2
0084++ 8EF1 DA 14       		dw	(+1 * 2048 + 621) * 2
0085++ 8EF3 A2 15       		dw	(+1 * 2048 + 721) * 2
0086++ 8EF5 6E 16       		dw	(+1 * 2048 + 823) * 2
0087++ 8EF7 52 17       		dw	(+1 * 2048 + 937) * 2
0088++ 8EF9 1C 20       		dw	(+2 * 2048 + 14) * 2
0089++ 8EFB 98 20       		dw	(+2 * 2048 + 76) * 2
0090++ 8EFD 1C 21       		dw	(+2 * 2048 + 142) * 2
0091++ 8EFF A6 21       		dw	(+2 * 2048 + 211) * 2
0092++ 8F01 38 22       		dw	(+2 * 2048 + 284) * 2
0093++ 8F03 D2 22       		dw	(+2 * 2048 + 361) * 2
0094++ 8F05 7E 23       		dw	(+2 * 2048 + 447) * 2
0095++ 8F07             
0096++ 8F07 22 24       		dw	(+2 * 2048 + 529) * 2
0097++ 8F09 DA 24       		dw	(+2 * 2048 + 621) * 2
0098++ 8F0B A2 25       		dw	(+2 * 2048 + 721) * 2
0099++ 8F0D 6E 26       		dw	(+2 * 2048 + 823) * 2
0100++ 8F0F 52 27       		dw	(+2 * 2048 + 937) * 2
0101++ 8F11 1C 30       		dw	(+3 * 2048 + 14) * 2
0102++ 8F13 98 30       		dw	(+3 * 2048 + 76) * 2
0103++ 8F15 1C 31       		dw	(+3 * 2048 + 142) * 2
0104++ 8F17 A6 31       		dw	(+3 * 2048 + 211) * 2
0105++ 8F19 38 32       		dw	(+3 * 2048 + 284) * 2
0106++ 8F1B D2 32       		dw	(+3 * 2048 + 361) * 2
0107++ 8F1D 7E 33       		dw	(+3 * 2048 + 447) * 2
0108++ 8F1F             
1584+  8F1F             		.include	"freq_table_3.inc"
0001++ 8F1F             ;-------------------------------------------------------------------
0002++ 8F1F             ; îïèñàíèå:  Òàáëèöà ÷àñòîò äëÿ Turbo-R
0003++ 8F1F             ;---------------------------------------------------------------------
0004++ 8F1F             MBPlayer_frqtab_turbo: 
0005++ 8F1F 6E B3       		dw	(-5 * 2048 + 439) * 2
0006++ 8F21 1C B4       		dw	(-5 * 2048 + 526) * 2
0007++ 8F23 D4 B4       		dw	(-5 * 2048 + 618) * 2
0008++ 8F25 98 B5       		dw	(-5 * 2048 + 716) * 2
0009++ 8F27 66 B6       		dw	(-5 * 2048 + 819) * 2
0010++ 8F29 42 B7       		dw	(-5 * 2048 + 929) * 2
0011++ 8F2B 14 C0       		dw	(-4 * 2048 + 10) * 2
0012++ 8F2D 90 C0       		dw	(-4 * 2048 + 72) * 2
0013++ 8F2F 12 C1       		dw	(-4 * 2048 + 137) * 2
0014++ 8F31 9C C1       		dw	(-4 * 2048 + 206) * 2
0015++ 8F33 2E C2       		dw	(-4 * 2048 + 279) * 2
0016++ 8F35 CA C2       		dw	(-4 * 2048 + 357) * 2
0017++ 8F37             
0018++ 8F37 6E C3       		dw	(-4 * 2048 + 439) * 2
0019++ 8F39 1C C4       		dw	(-4 * 2048 + 526) * 2
0020++ 8F3B D4 C4       		dw	(-4 * 2048 + 618) * 2
0021++ 8F3D 98 C5       		dw	(-4 * 2048 + 716) * 2
0022++ 8F3F 66 C6       		dw	(-4 * 2048 + 819) * 2
0023++ 8F41 42 C7       		dw	(-4 * 2048 + 929) * 2
0024++ 8F43 14 D0       		dw	(-3 * 2048 + 10) * 2
0025++ 8F45 90 D0       		dw	(-3 * 2048 + 72) * 2
0026++ 8F47 12 D1       		dw	(-3 * 2048 + 137) * 2
0027++ 8F49 9C D1       		dw	(-3 * 2048 + 206) * 2
0028++ 8F4B 2E D2       		dw	(-3 * 2048 + 279) * 2
0029++ 8F4D CA D2       		dw	(-3 * 2048 + 357) * 2
0030++ 8F4F             
0031++ 8F4F 6E D3       		dw	(-3 * 2048 + 439) * 2
0032++ 8F51 1C D4       		dw	(-3 * 2048 + 526) * 2
0033++ 8F53 D4 D4       		dw	(-3 * 2048 + 618) * 2
0034++ 8F55 98 D5       		dw	(-3 * 2048 + 716) * 2
0035++ 8F57 66 D6       		dw	(-3 * 2048 + 819) * 2
0036++ 8F59 42 D7       		dw	(-3 * 2048 + 929) * 2
0037++ 8F5B 14 E0       		dw	(-2 * 2048 + 10) * 2
0038++ 8F5D 90 E0       		dw	(-2 * 2048 + 72) * 2
0039++ 8F5F 12 E1       		dw	(-2 * 2048 + 137) * 2
0040++ 8F61 9C E1       		dw	(-2 * 2048 + 206) * 2
0041++ 8F63 2E E2       		dw	(-2 * 2048 + 279) * 2
0042++ 8F65 CA E2       		dw	(-2 * 2048 + 357) * 2
0043++ 8F67             
0044++ 8F67 6E E3       		dw	(-2 * 2048 + 439) * 2
0045++ 8F69 1C E4       		dw	(-2 * 2048 + 526) * 2
0046++ 8F6B D4 E4       		dw	(-2 * 2048 + 618) * 2
0047++ 8F6D 98 E5       		dw	(-2 * 2048 + 716) * 2
0048++ 8F6F 66 E6       		dw	(-2 * 2048 + 819) * 2
0049++ 8F71 42 E7       		dw	(-2 * 2048 + 929) * 2
0050++ 8F73 14 F0       		dw	(-1 * 2048 + 10) * 2
0051++ 8F75 90 F0       		dw	(-1 * 2048 + 72) * 2
0052++ 8F77 12 F1       		dw	(-1 * 2048 + 137) * 2
0053++ 8F79 9C F1       		dw	(-1 * 2048 + 206) * 2
0054++ 8F7B 2E F2       		dw	(-1 * 2048 + 279) * 2
0055++ 8F7D CA F2       		dw	(-1 * 2048 + 357) * 2
0056++ 8F7F             
0057++ 8F7F 6E F3       		dw	(-1 * 2048 + 439) * 2
0058++ 8F81 1C F4       		dw	(-1 * 2048 + 526) * 2
0059++ 8F83 D4 F4       		dw	(-1 * 2048 + 618) * 2
0060++ 8F85 98 F5       		dw	(-1 * 2048 + 716) * 2
0061++ 8F87 66 F6       		dw	(-1 * 2048 + 819) * 2
0062++ 8F89 42 F7       		dw	(-1 * 2048 + 929) * 2
0063++ 8F8B 14 00       		dw	(-0 * 2048 + 10) * 2
0064++ 8F8D 90 00       		dw	(-0 * 2048 + 72) * 2
0065++ 8F8F 12 01       		dw	(-0 * 2048 + 137) * 2
0066++ 8F91 9C 01       		dw	(-0 * 2048 + 206) * 2
0067++ 8F93 2E 02       		dw	(-0 * 2048 + 279) * 2
0068++ 8F95 CA 02       		dw	(-0 * 2048 + 357) * 2
0069++ 8F97             
0070++ 8F97 6E 03       		dw	(-0 * 2048 + 439) * 2
0071++ 8F99 1C 04       		dw	(-0 * 2048 + 526) * 2
0072++ 8F9B D4 04       		dw	(-0 * 2048 + 618) * 2
0073++ 8F9D 98 05       		dw	(-0 * 2048 + 716) * 2
0074++ 8F9F 66 06       		dw	(-0 * 2048 + 819) * 2
0075++ 8FA1 42 07       		dw	(-0 * 2048 + 929) * 2
0076++ 8FA3 14 10       		dw	(+1 * 2048 + 10) * 2
0077++ 8FA5 90 10       		dw	(+1 * 2048 + 72) * 2
0078++ 8FA7 12 11       		dw	(+1 * 2048 + 137) * 2
0079++ 8FA9 9C 11       		dw	(+1 * 2048 + 206) * 2
0080++ 8FAB 2E 12       		dw	(+1 * 2048 + 279) * 2
0081++ 8FAD CA 12       		dw	(+1 * 2048 + 357) * 2
0082++ 8FAF             
0083++ 8FAF 6E 13       		dw	(+1 * 2048 + 439) * 2
0084++ 8FB1 1C 14       		dw	(+1 * 2048 + 526) * 2
0085++ 8FB3 D4 14       		dw	(+1 * 2048 + 618) * 2
0086++ 8FB5 98 15       		dw	(+1 * 2048 + 716) * 2
0087++ 8FB7 66 16       		dw	(+1 * 2048 + 819) * 2
0088++ 8FB9 42 17       		dw	(+1 * 2048 + 929) * 2
0089++ 8FBB 14 20       		dw	(+2 * 2048 + 10) * 2
0090++ 8FBD 90 20       		dw	(+2 * 2048 + 72) * 2
0091++ 8FBF 12 21       		dw	(+2 * 2048 + 137) * 2
0092++ 8FC1 9C 21       		dw	(+2 * 2048 + 206) * 2
0093++ 8FC3 2E 22       		dw	(+2 * 2048 + 279) * 2
0094++ 8FC5 CA 22       		dw	(+2 * 2048 + 357) * 2
0095++ 8FC7             
0096++ 8FC7 6E 23       		dw	236Eh
0097++ 8FC9 1C 24       		dw  	241Ch ;  
0098++ 8FCB D4 24       		dw 	24D4h
0099++ 8FCD 98 25       		dw  	2598h
0100++ 8FCF 66 26       		dw  	2666h
0101++ 8FD1 42 27       		dw  	2742h
0102++ 8FD3 14 30       		dw  	3014h ;  
0103++ 8FD5 90 30       		dw  	3090h
0104++ 8FD7 12 31       		dw  	3112h
0105++ 8FD9 9C 31       		dw  	319Ch
0106++ 8FDB 2E 32       		dw  	322Eh ; .
0107++ 8FDD CA 32       		dw 	32CAh
0108++ 8FDF             
0109++ 8FDF             
1585+  8FDF             
1586+  8FDF             MBPlayer_waves: 
1587+  8FDF 00          		ds    1200
1588+  948F             MBPlayer_tones_data: 	
1589+  948F 00          		ds    64 
1590+  94CF             
1591+  94CF             		.include "patch_table.inc"
0001++ 94CF             ;-------------------------------------------------------------------
0002++ 94CF             ; îïèñàíèå:  Patch table
0003++ 94CF             ;---------------------------------------------------------------------
0004++ 94CF             MBPlayer_patch_table: 	
0005++ 94CF 2F 96       		dw	patch_0
0006++ 94D1 66 96       		dw	patch_1
0007++ 94D3 9B 96 D4 96 		dw	patch_2A, patch_2B
0008++ 94D7 2F 96       		dw	patch_0
0009++ 94D9 DE 96       		dw	patch_3B
0010++ 94DB 13 97       		dw	patch_4
0011++ 94DD 1F 97 56 97 		dw	patch_5A, patch_5B
0012++ 94E1 8B 97       		dw	patch_6
0013++ 94E3 A7 97       		dw	patch_7
0014++ 94E5 B8 97       		dw	patch_8
0015++ 94E7 C4 97       		dw	patch_9
0016++ 94E9 CC 97 D8 97 		dw	patch_10A, patch_10B
0017++ 94ED E4 97       		dw	patch_11
0018++ 94EF EC 97       		dw	patch_12
0019++ 94F1 FB 97       		dw	patch_13
0020++ 94F3 03 98       		dw	patch_14
0021++ 94F5 0F 98 19 98 		dw	patch_15A, patch_15B
0022++ 94F9 23 98       		dw	patch_16
0023++ 94FB 2D 98       		dw	patch_17
0024++ 94FD 3C 98       		dw	patch_18
0025++ 94FF 5A 98       		dw	patch_19
0026++ 9501 78 98       		dw	patch_20
0027++ 9503 89 98 9A 98 		dw	patch_21A, patch_21B
0028++ 9507 A4 98       		dw	patch_22
0029++ 9509 B0 98 BF 98 		dw	patch_23A, patch_23B
0030++ 950D CD 98       		dw	patch_24
0031++ 950F ED 98       		dw	patch_25
0032++ 9511 0C 99       		dw	patch_26
0033++ 9513 1E 99       		dw	patch_27
0034++ 9515 4B 99       		dw	patch_28
0035++ 9517 53 99       		dw	patch_29
0036++ 9519 60 99       		dw	patch_30
0037++ 951B 92 99       		dw	patch_31
0038++ 951D A4 99       		dw	patch_32
0039++ 951F B3 99       		dw	patch_33
0040++ 9521 CA 99       		dw	patch_34
0041++ 9523 E6 99       		dw	patch_35
0042++ 9525 F6 99       		dw	patch_36
0043++ 9527 00 9A       		dw	patch_37
0044++ 9529 0C 9A       		dw	patch_38
0045++ 952B 16 9A       		dw	patch_39
0046++ 952D 1E 9A       		dw	patch_40
0047++ 952F 55 9A       		dw	patch_41
0048++ 9531 98 9A       		dw	patch_42
0049++ 9533 B8 9A       		dw	patch_43
0050++ 9535 C9 9A       		dw	patch_44
0051++ 9537 E9 9A       		dw	patch_45
0052++ 9539 05 9B       		dw	patch_46
0053++ 953B 16 9B       		dw	patch_47
0054++ 953D 1E 9B       		dw	patch_48
0055++ 953F 3A 9B       		dw	patch_49
0056++ 9541 58 9B 68 9B 		dw	patch_50A, patch_50B
0057++ 9545 76 9B 86 9B 		dw	patch_51A, patch_51B
0058++ 9549 8E 9B       		dw	patch_52
0059++ 954B A7 9B       		dw	patch_53
0060++ 954D B7 9B       		dw	patch_54
0061++ 954F C7 9B       		dw	patch_55
0062++ 9551 D1 9B       		dw	patch_56
0063++ 9553 F4 9B       		dw	patch_57
0064++ 9555 08 9C       		dw	patch_58
0065++ 9557 15 9C       		dw	patch_59
0066++ 9559 26 9C       		dw	patch_60
0067++ 955B 35 9C       		dw	patch_61
0068++ 955D 42 9C 83 9C 		dw	patch_62A, patch_62B
0069++ 9561 C8 9C 09 9D 		dw	patch_63A, patch_63B
0070++ 9565 13 9D       		dw	patch_64
0071++ 9567 34 9D       		dw	patch_65
0072++ 9569 7C 9D       		dw	patch_66
0073++ 956B A2 9D       		dw	patch_67
0074++ 956D B9 9D       		dw	patch_68
0075++ 956F DC 9D       		dw	patch_69
0076++ 9571 F0 9D       		dw	patch_70
0077++ 9573 02 9E       		dw	patch_71
0078++ 9575 1B 9E       		dw	patch_72
0079++ 9577 3B 9E       		dw	patch_73
0080++ 9579 4D 9E       		dw	patch_74
0081++ 957B 59 9E       		dw	patch_75
0082++ 957D 65 9E 71 9E 		dw	patch_76A,patch_76B
0083++ 9581 7B 9E 83 9E 		dw	patch_77A,patch_77B
0084++ 9585 8F 9E       		dw	patch_78
0085++ 9587 A7 9E CC 9E 		dw	patch_80A, patch_80B
0086++ 958B F1 9E 38 9F 		dw	patch_81A, patch_81B
0087++ 958F 77 9F 83 9F 		dw	patch_82A, patch_82B
0088++ 9593 91 9F 9D 9F 		dw	patch_83A, patch_83B
0089++ 9597 A5 9F B4 9F 		dw	patch_84A, patch_84B
0090++ 959B FB 9F 05 A0 		dw	patch_85A, patch_85B
0091++ 959F 13 A0 56 A0 		dw	patch_86A, patch_86B
0092++ 95A3 66 A0 B4 9F 		dw	patch_87A, patch_84B
0093++ 95A7 6E A0 78 A0 		dw	patch_88A, patch_88B
0094++ 95AB 8A A0 96 A0 		dw	patch_89A, patch_89B
0095++ 95AF 9E A0 E7 A0 		dw	patch_90A, patch_90B
0096++ 95B3 F3 A0 0E A1 		dw	patch_91A, patch_91B
0097++ 95B7 1C A1 2A A1 		dw	patch_92A, patch_92B
0098++ 95BB 38 A1 55 A1 		dw	patch_93A, patch_93B
0099++ 95BF 61 A1 69 A1 		dw	patch_94A, patch_94B
0100++ 95C3 71 A1 B6 A1 		dw	patch_95A, patch_95B
0101++ 95C7 9B 9E       		dw	patch_79
0102++ 95C9 FB A1       		dw	patch_96
0103++ 95CB 03 A2 0F A2 		dw	patch_97A, patch_97B
0104++ 95CF 21 A2 2B A2 		dw	patch_98A, patch_98B
0105++ 95D3 43 A2 55 A2 		dw	patch_99A, patch_99B
0106++ 95D7 77 A2 7F A2 		dw	patch_100A, patch_100B
0107++ 95DB 8B A2 9B A2 		dw	patch_102A, patch_102B
0108++ 95DF AB A2 CA A2 		dw	patch_103A, patch_103B
0109++ 95E3 D2 A2       		dw	patch_104
0110++ 95E5 E4 A2       		dw	patch_105
0111++ 95E7 05 A3       		dw	patch_106
0112++ 95E9 0D A3       		dw	patch_107
0113++ 95EB 1D A3 2C A3 		dw	patch_109A,patch_109B
0114++ 95EF 15 A3       		dw	patch_108
0115++ 95F1 3B A3       		dw	patch_110
0116++ 95F3 70 A3       		dw	patch_111
0117++ 95F5 7C A3 88 A3 		dw	patch_112A,patch_112B
0118++ 95F9 90 A3       		dw	patch_113
0119++ 95FB 98 A3 A4 A3 		dw	patch_114A,patch_114B
0120++ 95FF B4 A3       		dw	patch_115
0121++ 9601 BE A3       		dw	patch_116
0122++ 9603 C6 A3       		dw	patch_117
0123++ 9605 D2 A3       		dw	patch_118
0124++ 9607 DA A3       		dw	patch_119
0125++ 9609 E6 A3       		dw	patch_120
0126++ 960B EE A3       		dw	patch_121
0127++ 960D F6 A3 02 A4 		dw	patch_122A,patch_122B
0128++ 9611 14 A4       		dw	patch_124
0129++ 9613 21 A4 2D A4 		dw	patch_125A,patch_125B
0130++ 9617 3B A4 47 A4 		dw	patch_126A,patch_126B
0131++ 961B 53 A4       		dw	patch_127
0132++ 961D 64 A4       		dw	drum_1
0133++ 961F 79 A4       		dw	drum_2
0134++ 9621 8E A4       		dw	drum_3
0135++ 9623 9E A4       		dw	drum_4
0136++ 9625 A6 A4       		dw	drum_5
0137++ 9627 AE A4       		dw	drum_6
0138++ 9629 B6 A4       		dw	drum_7
0139++ 962B BE A4       		dw	drum_8
0140++ 962D 14 A5       		dw	drum_midi
0141++ 962F                    	
0142++ 962F             
0143++ 962F             ;--- GM 0 = Ac. Piano ---
0144++ 962F             
0145++ 962F             patch_0: 	
0146++ 962F 01          		db	1	; transpose on
0147++ 9630 64 96       		dw	patch_0hdr
0148++ 9632 10 2C 49    		db	16,02ch,1 + 36 * 2	; tone 300
0149++ 9635 0B B6       		dw	frq_842
0150++ 9637 16 2D 69    		db	22,02dh,1 + 52 * 2	; tone 301
0151++ 963A A3 AE       		dw	frq_363
0152++ 963C 1C 2E 5D    		db	28,02eh,1 + 46 * 2	; tone 302
0153++ 963F EB B4       		dw	frq_810
0154++ 9641 22 2F 69    		db	34,02fh,1 + 52 * 2	; tone 303
0155++ 9644 1B AF       		dw	frq_369
0156++ 9646 28 30 5D    		db	40,030h,1 + 46 * 2	; tone 304
0157++ 9649 43 B4       		dw	frq_726
0158++ 964B 2E 31 69    		db	46,031h,1 + 52 * 2	; tone 305
0159++ 964E 63 AC       		dw	frq_290
0160++ 9650 34 32 75    		db	52,032h,1 + 58 * 2	; tone 306
0161++ 9653 C3 A6       		dw	frq_21
0162++ 9655 3B 33 69    		db	59,033h,1 + 52 * 2	; tone 307
0163++ 9658 1B AC       		dw	frq_286
0164++ 965A 41 34 5F    		db	65,034h,1 + 47 * 2	; tone 308
0165++ 965D 03 B8       		dw	frq_941
0166++ 965F FF 35 83    		db	255,035h,1 + 65 * 2	; tone 309
0167++ 9662 C3 A9       		dw	frq_191
0168++ 9664                    	
0169++ 9664             patch_0hdr: 
0170++ 9664 20 FF       		db	020h,0ffh
0171++ 9666             
0172++ 9666             
0173++ 9666             ;--- GM 1 = Bright Acoustic Piano ---
0174++ 9666             
0175++ 9666             patch_1: 
0176++ 9666 01          		db	1	; transpose on
0177++ 9667 64 96       		dw	patch_0hdr	
0178++ 9669 16 2C 49    		db	22,02ch,1 + 36 * 2	; tone 300
0179++ 966C 0B B6       		dw	frq_842
0180++ 966E 1C 2D 75    		db	28,02dh,1 + 58 * 2	; tone 301
0181++ 9671 A3 AE       		dw	frq_363
0182++ 9673 22 2E 69    		db	34,02eh,1 + 52 * 2	; tone 302
0183++ 9676 D3 B4       		dw	frq_809
0184++ 9678 28 2F 75    		db	40,02fh,1 + 58 * 2	; tone 303
0185++ 967B 1B AF       		dw	frq_369
0186++ 967D 2E 30 69    		db	46,030h,1 + 52 * 2	; tone 304
0187++ 9680 43 B4       		dw	frq_726
0188++ 9682 34 31 75    		db	52,031h,1 + 58 * 2	; tone 305
0189++ 9685 63 AC       		dw	frq_290
0190++ 9687 3B 32 81    		db	59,032h,1 + 64 * 2	; tone 306
0191++ 968A C3 A6       		dw	frq_21
0192++ 968C 41 33 77    		db	65,033h,1 + 59 * 2	; tone 307
0193++ 968F 1B AC       		dw	frq_286
0194++ 9691 47 34 6B    		db	71,034h,1 + 53 * 2	; tone 308
0195++ 9694 03 B8       		dw	frq_941
0196++ 9696 FF 35 8F    		db	255,035h,1 + 71 * 2	; tone 309
0197++ 9699 C3 A9       		dw	frq_191
0198++ 969B             
0199++ 969B             
0200++ 969B             ;--- GM 2 = Elec. Grand Piano ---
0201++ 969B             ; A = v104
0202++ 969B             ; B = v98
0203++ 969B             
0204++ 969B             patch_2A: 
0205++ 969B 01          		db	1	; transpose on
0206++ 969C D0 96       		dw	patch_2Ahdr
0207++ 969E 16 2C 49    		db	22,02ch,1 + 36 * 2	; tone 300
0208++ 96A1 3B B6       		dw	frq_844
0209++ 96A3 1C 2D 75    		db	28,02dh,1 + 58 * 2	; tone 301
0210++ 96A6 BB AE       		dw	frq_364
0211++ 96A8 22 2E 69    		db	34,02eh,1 + 52 * 2	; tone 302
0212++ 96AB 03 B5       		dw	frq_811
0213++ 96AD 28 2F 75    		db	40,02fh,1 + 58 * 2	; tone 303
0214++ 96B0 33 AF       		dw	frq_370
0215++ 96B2 2E 30 69    		db	46,030h,1 + 52 * 2	; tone 304
0216++ 96B5 5B B4       		dw	frq_727
0217++ 96B7 34 31 75    		db	52,031h,1 + 58 * 2	; tone 305
0218++ 96BA 7B AC       		dw	frq_291
0219++ 96BC 3B 32 81    		db	59,032h,1 + 64 * 2	; tone 306
0220++ 96BF DB A6       		dw	frq_22
0221++ 96C1 41 33 77    		db	65,033h,1 + 59 * 2	; tone 307
0222++ 96C4 33 AC       		dw	frq_287
0223++ 96C6 47 34 6B    		db	71,034h,1 + 53 * 2	; tone 308
0224++ 96C9 1B B8       		dw	frq_942
0225++ 96CB FF 35 8F    		db	255,035h,1 + 71 * 2	; tone 309
0226++ 96CE DB A9       		dw	frq_192
0227++ 96D0                    	
0228++ 96D0             patch_2Ahdr: 
0229++ 96D0 20 C8 07 FF 		db	020h,0c8h,007h,0ffh
0230++ 96D4             
0231++ 96D4             patch_2B: 	
0232++ 96D4 01          		db	1	; transpose on
0233++ 96D5 DC 96       		dw	patch_2Bhdr
0234++ 96D7 FF 6C 48    		db	255,108,36 * 2
0235++ 96DA BB A8       		dw	frq_113
0236++ 96DC                    	
0237++ 96DC             patch_2Bhdr: 	
0238++ 96DC 28 FF       		db	028h,0ffh
0239++ 96DE             
0240++ 96DE             
0241++ 96DE             ;--- GM 3 = Honky Tonk, met patch#0 ---
0242++ 96DE             ; gelijk volume
0243++ 96DE             
0244++ 96DE             patch_3B: 	
0245++ 96DE 01          		db	1	; transpose on
0246++ 96DF 64 96       		dw	patch_0hdr	
0247++ 96E1 10 2C 49    		db	16,02ch,1 + 36 * 2	; tone 300
0248++ 96E4 6B B6       		dw	frq_852
0249++ 96E6 16 2D 69    		db	22,02dh,1 + 52 * 2	; tone 301
0250++ 96E9 13 AE       		dw	frq_355
0251++ 96EB 1C 2E 5D    		db	28,02eh,1 + 46 * 2	; tone 302
0252++ 96EE 33 B5       		dw	frq_820
0253++ 96F0 22 2F 69    		db	34,02fh,1 + 52 * 2	; tone 303
0254++ 96F3 73 AE       		dw	frq_360
0255++ 96F5 28 30 5D    		db	40,030h,1 + 46 * 2	; tone 304
0256++ 96F8 8B B4       		dw	frq_737
0257++ 96FA 2E 31 69    		db	46,031h,1 + 52 * 2	; tone 305
0258++ 96FD 03 AC       		dw	frq_282
0259++ 96FF 34 32 75    		db	52,032h,1 + 58 * 2	; tone 306
0260++ 9702 23 A7       		dw	frq_27
0261++ 9704 3B 33 69    		db	59,033h,1 + 52 * 2	; tone 307
0262++ 9707 03 AC       		dw	frq_282
0263++ 9709 41 34 5F    		db	65,034h,1 + 47 * 2	; tone 308
0264++ 970C 93 B8       		dw	frq_952
0265++ 970E FF 35 83    		db	255,035h,1 + 65 * 2	; tone 309
0266++ 9711 7B A9       		dw	frq_184
0267++ 9713                    	
0268++ 9713             ;--- GM 4 = Elec. Piano 1 (+ 2B?) ---
0269++ 9713             ; Eigenlijk samen met tone 11, maar slaat nergens op
0270++ 9713             
0271++ 9713             patch_4: 
0272++ 9713 01          		db	1	; transpose on
0273++ 9714 1B 97       		dw	patch_4hdr
0274++ 9716 FF 6C 48    		db	255,108,36 * 2
0275++ 9719 BB A8       		dw	frq_113
0276++ 971B                    	
0277++ 971B             patch_4hdr: 
0278++ 971B 22 C8 48 FF 		db	022h,0c8h,048h,0ffh
0279++ 971F                    	
0280++ 971F             
0281++ 971F             ;--- GM 5 = Elec. Piano 2 ---
0282++ 971F             ; volumes gelijk
0283++ 971F             
0284++ 971F             patch_5A: 	
0285++ 971F 01          		db	1	; transpose on
0286++ 9720 54 97       		dw	patch_5Ahdr
0287++ 9722 10 2C 49    		db	16,02ch,1 + 36 * 2	; tone 300
0288++ 9725 3B B6       		dw	frq_844
0289++ 9727 16 2D 69    		db	22,02dh,1 + 52 * 2	; tone 301
0290++ 972A BB AE       		dw	frq_364
0291++ 972C 1C 2E 5D    		db	28,02eh,1 + 46 * 2	; tone 302
0292++ 972F 03 B5       		dw	frq_811
0293++ 9731 22 2F 69    		db	34,02fh,1 + 52 * 2	; tone 303
0294++ 9734 33 AF       		dw	frq_370
0295++ 9736 28 30 5D    		db	40,030h,1 + 46 * 2	; tone 304
0296++ 9739 5B B4       		dw	frq_727
0297++ 973B 2E 31 69    		db	46,031h,1 + 52 * 2	; tone 305
0298++ 973E 7B AC       		dw	frq_291
0299++ 9740 34 32 75    		db	52,032h,1 + 58 * 2	; tone 306
0300++ 9743 DB A6       		dw	frq_22
0301++ 9745 3B 33 69    		db	59,033h,1 + 52 * 2	; tone 307
0302++ 9748 33 AC       		dw	frq_287
0303++ 974A 41 34 5F    		db	65,034h,1 + 47 * 2	; tone 308
0304++ 974D 1B B8       		dw	frq_942
0305++ 974F FF 35 83    		db	255,035h,1 + 65 * 2	; tone 309
0306++ 9752 DB A9       		dw	frq_192
0307++ 9754             
0308++ 9754             patch_5Ahdr: 	
0309++ 9754 1B FF       		db	01bh,0ffh
0310++ 9756             
0311++ 9756             patch_5B: 	
0312++ 9756 01          		db	1	; transpose on
0313++ 9757 54 97       		dw	patch_5Ahdr
0314++ 9759 16 2C 49    		db	22,02ch,1 + 36 * 2	; tone 300
0315++ 975C 0B B6       		dw	frq_842
0316++ 975E 1C 2D 75    		db	28,02dh,1 + 58 * 2	; tone 301
0317++ 9761 A3 AE       		dw	frq_363
0318++ 9763 22 2E 69    		db	34,02eh,1 + 52 * 2	; tone 302
0319++ 9766 D3 B4       		dw	frq_809
0320++ 9768 28 2F 75    		db	40,02fh,1 + 58 * 2	; tone 303
0321++ 976B 1B AF       		dw	frq_369
0322++ 976D 2E 30 69    		db	46,030h,1 + 52 * 2	; tone 304
0323++ 9770 43 B4       		dw	frq_726
0324++ 9772 34 31 75    		db	52,031h,1 + 58 * 2	; tone 305
0325++ 9775 63 AC       		dw	frq_290
0326++ 9777 3B 32 81    		db	59,032h,1 + 64 * 2	; tone 306
0327++ 977A C3 A6       		dw	frq_21
0328++ 977C 41 33 77    		db	65,033h,1 + 59 * 2	; tone 307
0329++ 977F 1B AC       		dw	frq_286
0330++ 9781 47 34 6B    		db	71,034h,1 + 53 * 2	; tone 308
0331++ 9784 03 B8       		dw	frq_941
0332++ 9786 FF 35 8F    		db	255,035h,1 + 71 * 2	; tone 309
0333++ 9789 C3 A9       		dw	frq_191
0334++ 978B             
0335++ 978B             
0336++ 978B             ;--- GM 6 = Harpsichord ---
0337++ 978B             
0338++ 978B             patch_6: 	
0339++ 978B 01          		db	1	; transpose on
0340++ 978C 64 96       		dw	patch_0hdr
0341++ 978E 22 80 30    		db	34,128,24 * 2
0342++ 9791 4B AC       		dw	frq_288
0343++ 9793 28 81 5C    		db	40,129,46 * 2
0344++ 9796 53 B6       		dw	frq_847
0345++ 9798 2E 82 68    		db	46,130,52 * 2
0346++ 979B 4B AC       		dw	frq_288
0347++ 979D 36 83 5C    		db	54,131,46 * 2
0348++ 97A0 63 B5       		dw	frq_823
0349++ 97A2 FF 84 54    		db	255,132,42 * 2
0350++ 97A5 63 B5       		dw	frq_823
0351++ 97A7             
0352++ 97A7             
0353++ 97A7             ;--- GM 7 = Clavi ---
0354++ 97A7             
0355++ 97A7             patch_7: 	
0356++ 97A7 01          		db	1	; transpose on
0357++ 97A8 B4 97       		dw	patch_7hdr
0358++ 97AA 3A 27 30    		db	58,39,24 * 2
0359++ 97AD 23 AA       		dw	frq_203
0360++ 97AF FF 28 8C    		db	255,40,70 * 2	; was andere header!
0361++ 97B2 B3 AA       		dw	frq_215
0362++ 97B4             patch_7hdr: 	
0363++ 97B4 28 C8 2B FF 		db	028h,0c8h,02bh,0ffh
0364++ 97B8             
0365++ 97B8             
0366++ 97B8             ;--- GM 8 = Celesta ---
0367++ 97B8             
0368++ 97B8             patch_8: 	
0369++ 97B8 01          		db	1	; transpose on
0370++ 97B9 C0 97       		dw	patch_8hdr
0371++ 97BB FF 2B 18    		db	255,43,12 * 2
0372++ 97BE 5B A8       		dw	frq_94
0373++ 97C0             patch_8hdr: 	
0374++ 97C0 20 E0 03 FF 		db	020h,0e0h,3,0ffh
0375++ 97C4             
0376++ 97C4             
0377++ 97C4             ;--- GM 9 = Glockenspiel ---
0378++ 97C4             
0379++ 97C4             patch_9: 	
0380++ 97C4 01          		db	1	; transpose on
0381++ 97C5 DC 96       		dw	patch_2Bhdr
0382++ 97C7 FF F3 00    		db	255,243,0 * 2
0383++ 97CA 03 A9       		dw	frq_141
0384++ 97CC             
0385++ 97CC             ;--- GM 10 = Music Box ---
0386++ 97CC             
0387++ 97CC             patch_10A: 	
0388++ 97CC 01          		db	1	; transpose on
0389++ 97CD D4 97       		dw	patch_10Ahdr
0390++ 97CF FF F3 18    		db	255,243,12 * 2
0391++ 97D2 1B A9       		dw	frq_143
0392++ 97D4             patch_10Ahdr: 	
0393++ 97D4 20 98 A6 FF 		db	020h,098h,0a6h,0ffh
0394++ 97D8             
0395++ 97D8             patch_10B: 	
0396++ 97D8 01          		db	1	; transpose on
0397++ 97D9 E0 97       		dw	patch_10Bhdr
0398++ 97DB FF 01 31    		db	255,1,1 + 24 * 2	; tone 257
0399++ 97DE CB A7       		dw	frq_79
0400++ 97E0             patch_10Bhdr: 	
0401++ 97E0 20 98 D4 FF 		db	020h,098h,0d4h,0ffh
0402++ 97E4             
0403++ 97E4             
0404++ 97E4             ;--- GM 11 = Vibraphone ---
0405++ 97E4             
0406++ 97E4             patch_11: 	
0407++ 97E4 01          		db	1	; transpose on
0408++ 97E5 DC 96       		dw	patch_2Bhdr
0409++ 97E7 FF 01 31    		db	255,1,1 + 24 * 2	; tone 257
0410++ 97EA E3 A7       		dw	frq_82
0411++ 97EC             
0412++ 97EC             ;--- GM 12 = Marimba ---
0413++ 97EC             
0414++ 97EC             patch_12: 	
0415++ 97EC 01          		db	1	; transpose on
0416++ 97ED F9 97       		dw	patch_12hdr
0417++ 97EF 28 F4 30    		db	40,244, 24 * 2
0418++ 97F2 E3 A7       		dw	frq_82
0419++ 97F4 FF F5 68    		db	255,245, 52 * 2	; was andere header!
0420++ 97F7 6B A7       		dw	frq_69
0421++ 97F9             patch_12hdr: 	
0422++ 97F9 38 FF       		db	038h,0ffh
0423++ 97FB             
0424++ 97FB             ;--- GM 13 = Xylophone ---
0425++ 97FB             
0426++ 97FB             patch_13: 	
0427++ 97FB 01          		db	1	; transpose on
0428++ 97FC F9 97       		dw	patch_12hdr
0429++ 97FE FF 36 01    		db	255,36h, 1 + 0 * 2	; tone 310
0430++ 9801 5B A8       		dw	frq_94
0431++ 9803             
0432++ 9803             
0433++ 9803             ;--- GM 14 = Tubular Bells ---
0434++ 9803             
0435++ 9803             patch_14: 	
0436++ 9803 01          		db	1	; transpose on
0437++ 9804 0B 98       		dw	patch_14hdr
0438++ 9806 FF FF 18    		db	255,255, 12 * 2
0439++ 9809 73 B1       		dw	frq_532
0440++ 980B             patch_14hdr: 	
0441++ 980B 21 E0 01 FF 		db	021h,0e0h,1,0ffh
0442++ 980F             
0443++ 980F             ;--- GM 15 = Dulcimer ---
0444++ 980F             
0445++ 980F             patch_15A: 	
0446++ 980F 01          		db	1	; transpose on
0447++ 9810 17 98       		dw	patch_15Ahdr
0448++ 9812 FF 3F 18    		db	255,63, 12 * 2
0449++ 9815 FB B3       		dw	frq_708
0450++ 9817             patch_15Ahdr: 	
0451++ 9817 29 FF       		db	029h,0ffh
0452++ 9819             
0453++ 9819             patch_15B: 	
0454++ 9819 01          		db	1
0455++ 981A 21 98       		dw	patch_15Bhdr
0456++ 981C FF 40 18    		db	255,64, 12 * 2
0457++ 981F FB B3       		dw	frq_708
0458++ 9821             patch_15Bhdr: 	
0459++ 9821 2A FF       		db	02ah,0ffh
0460++ 9823             
0461++ 9823             ;--- GM 16 = Drawbar organ ---
0462++ 9823             
0463++ 9823             patch_16: 	
0464++ 9823 01          		db	1	; transpose on
0465++ 9824 2B 98       		dw	patch_16hdr
0466++ 9826 FF 8E 18    		db	255,142,12 * 2
0467++ 9829 F3 B5       		dw	frq_835
0468++ 982B             patch_16hdr: 	
0469++ 982B 3A FF       		db	03ah,0ffh
0470++ 982D             
0471++ 982D             ;--- GM 17 = Percussive organ ---
0472++ 982D             
0473++ 982D             patch_17: 	
0474++ 982D 01          		db	1	; transpose on
0475++ 982E 3A 98       		dw	patch_17hdr
0476++ 9830 24 8C 30    		db	36,140, 24 * 2
0477++ 9833 63 B8       		dw	frq_950
0478++ 9835 FF 8D 48    		db	255,141, 36 * 2
0479++ 9838 33 B8       		dw	frq_944
0480++ 983A             patch_17hdr: 	
0481++ 983A 3B FF       		db	03bh,0ffh
0482++ 983C             
0483++ 983C             ;--- GM 18 = Rock Organ ---
0484++ 983C             
0485++ 983C             patch_18: 	
0486++ 983C 01          		db	1	; transpose on
0487++ 983D 58 98       		dw	patch_18hdr
0488++ 983F 19 28 49    		db	25,28h, 1 + 36 * 2	; tone 296
0489++ 9842 FB AA       		dw	frq_219
0490++ 9844 25 29 63    		db	37,29h, 1 + 49 * 2	; tone 297
0491++ 9847 13 AB       		dw	frq_220
0492++ 9849 31 2A 63    		db	49,2ah, 1 + 49 * 2	; tone 298
0493++ 984C E3 AA       		dw	frq_217
0494++ 984E 3D 2B 63    		db	61,2bh, 1 + 49 * 2	; tone 299
0495++ 9851 9B AA       		dw	frq_214
0496++ 9853 FF 27 63    		db	255,27h, 1 + 49 * 2	; tone 295
0497++ 9856 B3 AA       		dw	frq_215
0498++ 9858             patch_18hdr: 	
0499++ 9858 39 FF       		db	039h,0ffh
0500++ 985A             
0501++ 985A             ;--- GM 19 = Church organ ---
0502++ 985A             
0503++ 985A             patch_19: 	
0504++ 985A 01          		db	1	; transpose on
0505++ 985B 76 98       		dw	patch_19hdr
0506++ 985D 12 87 48    		db	18,135, 36 * 2
0507++ 9860 F3 B5       		dw	frq_835
0508++ 9862 19 88 6C    		db	25,136, 54 * 2
0509++ 9865 33 A9       		dw	frq_155
0510++ 9867 21 89 62    		db	33,137, 49 * 2
0511++ 986A 9B B0       		dw	frq_459
0512++ 986C 2A 8A 5A    		db	42,138, 45 * 2
0513++ 986F 53 B6       		dw	frq_847
0514++ 9871 FF 8B 6C    		db	255,139, 54 * 2
0515++ 9874 63 A9       		dw	frq_167
0516++ 9876             patch_19hdr: 	
0517++ 9876 11 FF       		db	011h,0ffh
0518++ 9878             
0519++ 9878             
0520++ 9878             ;--- GM 20 = Reed Organ ---
0521++ 9878             
0522++ 9878             patch_20: 	
0523++ 9878 01          		db	1	; transpose on
0524++ 9879 85 98       		dw	patch_20hdr
0525++ 987B 3C AC 30    		db	60,172, 24 * 2
0526++ 987E 33 B2       		dw	frq_557
0527++ 9880 FF AD 78    		db	255,173, 60 * 2
0528++ 9883 1B B2       		dw	frq_556
0529++ 9885             patch_20hdr: 	
0530++ 9885 38 E0 01 FF 		db	038h,0e0h,1,0ffh
0531++ 9889             
0532++ 9889             ;--- GM 21 = Accordion ---
0533++ 9889             
0534++ 9889             patch_21A: 	
0535++ 9889 01          		db	1	; transpose on
0536++ 988A 96 98       		dw	patch_21Ahdr
0537++ 988C 35 06 18    		db	53,6, 12 * 2
0538++ 988F 5B B4       		dw	frq_727
0539++ 9891 FF 07 52    		db	255,7, 41 * 2
0540++ 9894 53 B9       		dw	frq_1018
0541++ 9896             patch_21Ahdr: 	
0542++ 9896 22 E0 00 FF 		db	022h,0e0h,0,0ffh
0543++ 989A             
0544++ 989A             patch_21B: 	
0545++ 989A 01          		db	1	; transpose on
0546++ 989B A2 98       		dw	patch_21Bhdr
0547++ 989D FF 70 18    		db	255,112, 12 * 2
0548++ 98A0 DB B5       		dw	frq_833
0549++ 98A2             patch_21Bhdr: 	
0550++ 98A2 23 FF       		db	023h,0ffh
0551++ 98A4             
0552++ 98A4             ;--- GM 22 = Harmonica ---
0553++ 98A4             
0554++ 98A4             patch_22: 	
0555++ 98A4 01          		db	1	; transpose on
0556++ 98A5 AC 98       		dw	patch_22hdr
0557++ 98A7 FF 70 18    		db	255,112, 12 * 2
0558++ 98AA 53 B6       		dw	frq_847
0559++ 98AC             patch_22hdr: 	
0560++ 98AC 30 E0 02 FF 		db	030h,0e0h,2,0ffh
0561++ 98B0             
0562++ 98B0             ;--- GM 23 = Tango Accordion ---
0563++ 98B0             
0564++ 98B0             patch_23A: 	
0565++ 98B0 01          		db	1	; transpose on
0566++ 98B1 BD 98       		dw	patch_23Ahdr
0567++ 98B3 3C AC 30    		db	60,172, 24 * 2
0568++ 98B6 63 B2       		dw	frq_559
0569++ 98B8 FF AD 78    		db	255,173, 60 * 2
0570++ 98BB 4B B2       		dw	frq_558
0571++ 98BD             patch_23Ahdr: 	
0572++ 98BD 38 FF       		db	038h,0ffh
0573++ 98BF             
0574++ 98BF             patch_23B: 	
0575++ 98BF 01          		db	1
0576++ 98C0 C7 98       		dw	patch_23Bhdr
0577++ 98C2 FF 41 60    		db	255,65, 48 * 2
0578++ 98C5 3B B0       		dw	frq_445
0579++ 98C7             patch_23Bhdr: 	
0580++ 98C7             		db	03ah,098h,075h,0B0h,000h,0ffh
0580++ 98C7 3A9875B000FF
0581++ 98CD             
0582++ 98CD             ;--- GM 24 = Nylon Ac. Gtr ---
0583++ 98CD             
0584++ 98CD             patch_24: 	
0585++ 98CD 01          		db	1	; transpose on
0586++ 98CE E9 98       		dw	patch_24hdr
0587++ 98D0 18 B3 48    		db	24,179, 36 * 2
0588++ 98D3 9B B0       		dw	frq_459
0589++ 98D5 1F B7 60    		db	31,183, 48 * 2
0590++ 98D8 03 B2       		dw	frq_555
0591++ 98DA 25 B5 6E    		db	37,181, 55 * 2
0592++ 98DD C3 A6       		dw	frq_21
0593++ 98DF 2C B4 62    		db	44,180, 49 * 2
0594++ 98E2 9B B0       		dw	frq_459
0595++ 98E4 FF B6 58    		db	255,182, 44 * 2
0596++ 98E7 43 B4       		dw	frq_726
0597++ 98E9             patch_24hdr: 	
0598++ 98E9 28 C8 09 FF 		db	028h,0c8h,9,0ffh
0599++ 98ED             
0600++ 98ED             
0601++ 98ED             ;--- GM 26 = Steel Ac. Gtr ---
0602++ 98ED             
0603++ 98ED             patch_25: 	
0604++ 98ED 01          		db	1	; transpose on
0605++ 98EE 04 99       		dw	patch_25hdr
0606++ 98F0 1A 0C 48    		db	26,12,36 * 2	;was andere header
0607++ 98F3 0B B0       		dw	frq_442
0608++ 98F5 21 0D 64    		db	33,13,50 * 2	; "
0609++ 98F8 53 B0       		dw	frq_448
0610++ 98FA 30 0E 5A    		db	48,14,45 * 2	; "
0611++ 98FD 63 B5       		dw	frq_823
0612++ 98FF FF 0F 60    		db	255,15,48 * 2	; "
0613++ 9902 63 B5       		dw	frq_823
0614++ 9904             patch_25hdr: 	
0615++ 9904             		db	028h,098h,0f6h,0b0h,034h,0c8h,9h,0ffh
0615++ 9904 2898F6B034C809FF
0616++ 990C             
0617++ 990C             
0618++ 990C             ;--- GM 26 = Elec Jazz Gtr ---
0619++ 990C             
0620++ 990C             patch_26: 	
0621++ 990C 01          		db	1	; transpose on
0622++ 990D DC 96       		dw	patch_2Bhdr
0623++ 990F 1A 5A 48    		db	26,90, 36 * 2
0624++ 9912 4B AF       		dw	frq_373
0625++ 9914 28 5B 64    		db	40,91, 50 * 2
0626++ 9917 1B A9       		dw	frq_143
0627++ 9919 FF 5C 68    		db	255,92, 52 * 2
0628++ 991C 83 A7       		dw	frq_70
0629++ 991E             
0630++ 991E             
0631++ 991E             ;--- GM 27 = Elec Clean Gtr ---
0632++ 991E             
0633++ 991E             patch_27: 	
0634++ 991E 01          		db	1	; transpose on
0635++ 991F 49 99       		dw	patch_27hdr
0636++ 9921 15 61 48    		db	21,97, 36 * 2
0637++ 9924 43 B1       		dw	frq_519
0638++ 9926 1A 60 72    		db	26,96, 57 * 2
0639++ 9929 1B A9       		dw	frq_143
0640++ 992B 21 63 64    		db	33,99, 50 * 2
0641++ 992E CB B3       		dw	frq_701
0642++ 9930 28 62 72    		db	40,98, 57 * 2
0643++ 9933 63 A6       		dw	frq_9
0644++ 9935 2D 65 68    		db	45,101, 52 * 2
0645++ 9938 2B B1       		dw	frq_508
0646++ 993A 34 64 72    		db	52,100, 57 * 2
0647++ 993D D3 A8       		dw	frq_118
0648++ 993F 3D 66 68    		db	61,102, 52 * 2
0649++ 9942 5B B1       		dw	frq_531
0650++ 9944 FF 67 62    		db	255,103, 49 * 2
0651++ 9947 63 B5       		dw	frq_823
0652++ 9949             patch_27hdr: 	
0653++ 9949 29 FF       		db	029h,0ffh
0654++ 994B             
0655++ 994B             
0656++ 994B             ;--- GM 28 = Muted Gtr ---
0657++ 994B             
0658++ 994B             patch_28: 	
0659++ 994B 01          		db	1	; transpose on
0660++ 994C DC 96       		dw	patch_2Bhdr
0661++ 994E FF 68 18    		db	255,104, 12 * 2
0662++ 9951 53 B6       		dw	frq_847
0663++ 9953             
0664++ 9953             
0665++ 9953             ;--- GM 29 = Overdriven Gtr ---
0666++ 9953             
0667++ 9953             patch_29: 	
0668++ 9953 01          		db	1	; transpose on
0669++ 9954 49 99       		dw	patch_27hdr
0670++ 9956 29 A5 48    		db	41,165, 36 * 2
0671++ 9959 43 AB       		dw	frq_228
0672++ 995B FF A6 82    		db	255,166, 65 * 2
0673++ 995E 9B B0       		dw	frq_459
0674++ 9960             
0675++ 9960             ;--- GM 30 = Distortion Gtr ---
0676++ 9960             
0677++ 9960             patch_30: 	
0678++ 9960 01          		db	1	; transpose on
0679++ 9961 90 99       		dw	patch_30hdr
0680++ 9963 13 51 48    		db	19,81, 36 * 2
0681++ 9966 DB AF       		dw	frq_434
0682++ 9968 17 52 6E    		db	23,82, 55 * 2
0683++ 996B 1B A9       		dw	frq_143
0684++ 996D 1B 53 5E    		db	27,83, 47 * 2
0685++ 9970 53 B6       		dw	frq_847
0686++ 9972 1F 54 66    		db	31,84, 51 * 2
0687++ 9975 DB AF       		dw	frq_434
0688++ 9977 23 55 6E    		db	35,85, 55 * 2
0689++ 997A 1B A9       		dw	frq_143
0690++ 997C 27 56 5E    		db	39,86, 47 * 2
0691++ 997F 53 B6       		dw	frq_847
0692++ 9981 2B 57 66    		db	43,87, 51 * 2
0693++ 9984 9B B0       		dw	frq_459
0694++ 9986 2F 58 6E    		db	47,88, 55 * 2
0695++ 9989 1B A9       		dw	frq_143
0696++ 998B FF 59 5E    		db	255,89, 47 * 2
0697++ 998E BB B4       		dw	frq_775
0698++ 9990             patch_30hdr: 	
0699++ 9990 21 FF       		db	021h,0ffh
0700++ 9992             
0701++ 9992             ;--- GM 31 = Gtr Harmonics ---
0702++ 9992             
0703++ 9992             patch_31: 	
0704++ 9992 01          		db	1	; transpose on
0705++ 9993 DC 96       		dw	patch_2Bhdr
0706++ 9995 2D 5E 30    		db	45,94, 24 * 2
0707++ 9998 13 B1       		dw	frq_507
0708++ 999A 32 5D 8A    		db	50,93, 69 * 2
0709++ 999D D3 A8       		dw	frq_118
0710++ 999F FF 5F 7C    		db	255,95, 62 * 2
0711++ 99A2 43 B4       		dw	frq_726
0712++ 99A4             
0713++ 99A4             ;--- GM 32 = Acoustic Bass ---
0714++ 99A4             
0715++ 99A4             patch_32: 	
0716++ 99A4 01          		db	1	; transpose on
0717++ 99A5 B1 99       		dw	patch_32hdr
0718++ 99A7 19 04 60    		db	25,4, 48 * 2
0719++ 99AA AB A9       		dw	frq_188
0720++ 99AC FF 05 62    		db	255,5, 49 * 2
0721++ 99AF 83 A7       		dw	frq_70
0722++ 99B1             patch_32hdr: 	
0723++ 99B1 18 FF       		db	018h,0ffh
0724++ 99B3             
0725++ 99B3             
0726++ 99B3             ;--- GM 33 = Elec. Bass (finger) ---
0727++ 99B3             
0728++ 99B3             patch_33: 	
0729++ 99B3 01          		db	1	; transpose on
0730++ 99B4 B1 99       		dw	patch_32hdr
0731++ 99B6 09 4A 60    		db	9,74,48 * 2
0732++ 99B9 23 B3       		dw	frq_645
0733++ 99BB 0E 4B 72    		db	14,75,57 * 2
0734++ 99BE 2B AB       		dw	frq_221
0735++ 99C0 13 4C 64    		db	19,76,50 * 2
0736++ 99C3 23 B6       		dw	frq_843
0737++ 99C5 FF 4D 6E    		db	255,77,55 * 2
0738++ 99C8 63 AF       		dw	frq_378
0739++ 99CA             
0740++ 99CA             
0741++ 99CA             ;--- GM 34 = Elec. Bass (pick) ---
0742++ 99CA             
0743++ 99CA             patch_34: 	
0744++ 99CA 01          		db	1	; transpose on
0745++ 99CB B1 99       		dw	patch_32hdr
0746++ 99CD 0C 4F 60    		db	12,79,48 * 2
0747++ 99D0 EB A8       		dw	frq_135
0748++ 99D2 13 50 60    		db	19,80,48 * 2
0749++ 99D5 13 B4       		dw	frq_715
0750++ 99D7 18 6B 6E    		db	24,107,55 * 2
0751++ 99DA BB AB       		dw	frq_264
0752++ 99DC 30 69 60    		db	48,105,48 * 2
0753++ 99DF 13 B7       		dw	frq_921
0754++ 99E1 FF 6A 90    		db	255,106,72 * 2
0755++ 99E4 DB AF       		dw	frq_434
0756++ 99E6             
0757++ 99E6             ;--- GM 35 = Fretless Bass ---
0758++ 99E6             
0759++ 99E6             patch_35: 	
0760++ 99E6 01          		db	1	; transpose on
0761++ 99E7 EE 99       		dw	patch_35hdr
0762++ 99E9 FF 4E 30    		db	255,78,24 * 2
0763++ 99EC 4B AF       		dw	frq_373
0764++ 99EE             patch_35hdr: 	
0765++ 99EE             		db	010h,098h,0f3h,0b0h,063h,0c8h,019h,0ffh
0765++ 99EE 1098F3B063C819FF
0766++ 99F6             
0767++ 99F6             ;--- GM 36 = Slap Bass 1 ---
0768++ 99F6             
0769++ 99F6             patch_36: 	
0770++ 99F6 01          		db	1	; transpose on
0771++ 99F7 FE 99       		dw	patch_36hdr
0772++ 99F9 FF A3 4E    		db	255,163,(36 + 3) * 2
0773++ 99FC 0B B3       		dw	frq_641
0774++ 99FE             patch_36hdr: 	
0775++ 99FE 19 FF       		db	019h,0ffh
0776++ 9A00             
0777++ 9A00             ;--- GM 37 = Slap bass 2 ---
0778++ 9A00             
0779++ 9A00             patch_37: 	
0780++ 9A00 01          		db	1	; transpose on
0781++ 9A01 08 9A       		dw	patch_37hdr
0782++ 9A03 FF A2 30    		db	255,162,24 * 2
0783++ 9A06 4B AC       		dw	frq_288
0784++ 9A08             patch_37hdr: 	
0785++ 9A08 20 98 B0 FF 		db	020h,098h,0b0h,0ffh
0786++ 9A0C             
0787++ 9A0C             ;--- GM 38 = Synth Bass 1 ---
0788++ 9A0C             
0789++ 9A0C             patch_38: 	
0790++ 9A0C 01          		db	1	; transpose on
0791++ 9A0D 14 9A       		dw	patch_38hdr
0792++ 9A0F FF BE 48    		db	255,190,36 * 2
0793++ 9A12 F3 B5       		dw	frq_835
0794++ 9A14             patch_38hdr: 	
0795++ 9A14 39 FF       		db	039h,0ffh
0796++ 9A16             
0797++ 9A16             ;--- GM 39 = Synth Bass 2 ---
0798++ 9A16             
0799++ 9A16             patch_39: 	
0800++ 9A16 01          		db	1	; transpose on
0801++ 9A17 14 9A       		dw	patch_38hdr
0802++ 9A19 FF 17 61    		db	255,17h,1 + 48 * 2	; tone 279
0803++ 9A1C B3 AA       		dw	frq_215
0804++ 9A1E             
0805++ 9A1E             ;--- GM 40 = Violin ---
0806++ 9A1E             
0807++ 9A1E             patch_40: 	
0808++ 9A1E 01          		db	1	; transpose on
0809++ 9A1F 53 9A       		dw	patch_40hdr
0810++ 9A21 23 05 31    		db	35,5h,1 + 24 * 2	; tone 261
0811++ 9A24 4B AC       		dw	frq_288
0812++ 9A26 28 02 77    		db	40,2h,1 + 59 * 2	; tone 258
0813++ 9A29 6B A7       		dw	frq_69
0814++ 9A2B 2A 06 69    		db	42,6h,1 + 52 * 2	; tone 262
0815++ 9A2E C3 B2       		dw	frq_627
0816++ 9A30 2D 07 6D    		db	45,7h,1 + 54 * 2	; tone 263
0817++ 9A33 1B B2       		dw	frq_556
0818++ 9A35 30 08 73    		db	48,8h,1 + 57 * 2	; tone 264
0819++ 9A38 BB AB       		dw	frq_264
0820++ 9A3A 33 0A 61    		db	51,0ah,1 + 48 * 2	; tone 266
0821++ 9A3D FB B6       		dw	frq_920
0822++ 9A3F 35 0B 67    		db	53,0bh,1 + 51 * 2	; tone 267
0823++ 9A42 43 B4       		dw	frq_726
0824++ 9A44 37 0C 6B    		db	55,0ch,1 + 53 * 2	; tone 268
0825++ 9A47 93 B2       		dw	frq_579
0826++ 9A49 3A 0D 6F    		db	58,0dh,1 + 55 * 2	; tone 269
0827++ 9A4C 23 AD       		dw	frq_338
0828++ 9A4E FF 09 75    		db	255,09h,1 + 58	* 2	; tone 265
0829++ 9A51 1B A9       		dw	frq_143
0830++ 9A53             patch_40hdr: 	
0831++ 9A53 3B FF       		db	03bh,0ffh
0832++ 9A55             
0833++ 9A55             
0834++ 9A55             ;--- GM 41 = Viola ---
0835++ 9A55             
0836++ 9A55             patch_41: 	
0837++ 9A55 01          		db	1	; transpose on
0838++ 9A56 94 9A       		dw	patch_41hdr
0839++ 9A58 1B 03 31    		db	27,03h,1 + 24 * 2	; tone 259
0840++ 9A5B 13 B4       		dw	frq_715
0841++ 9A5D 1E 04 67    		db	30,04h,1 + 51 * 2	; tone 260
0842++ 9A60 5B B1       		dw	frq_531
0843++ 9A62 21 05 6D    		db	33,05h,1 + 54 * 2	; tone 261
0844++ 9A65 4B AC       		dw	frq_288
0845++ 9A67 26 02 73    		db	38,02h,1 + 57 * 2	; tone 258
0846++ 9A6A 6B A7       		dw	frq_69
0847++ 9A6C 28 06 65    		db	40,06h,1 + 50 * 2	; tone 262
0848++ 9A6F C3 B2       		dw	frq_627
0849++ 9A71 2B 07 69    		db	43,07h,1 + 52 * 2	; tone 263
0850++ 9A74 1B B2       		dw	frq_556
0851++ 9A76 2E 08 6F    		db	46,08h,1 + 55 * 2	; tone 264
0852++ 9A79 BB AB       		dw	frq_264
0853++ 9A7B 31 0A 5D    		db	49,0ah,1 + 46 * 2	; tone 266
0854++ 9A7E FB B6       		dw	frq_920
0855++ 9A80 33 0B 63    		db	51,0bh,1 + 49 * 2	; tone 267
0856++ 9A83 43 B4       		dw	frq_726
0857++ 9A85 36 0C 67    		db	54,0ch,1 + 51 * 2	; tone 268
0858++ 9A88 93 B2       		dw	frq_579
0859++ 9A8A 38 0D 6D    		db	56,0dh,1 + 54 * 2	; tone 269
0860++ 9A8D 23 AD       		dw	frq_338
0861++ 9A8F FF 09 71    		db	255,09h,1 + 56 * 2	; tone 265
0862++ 9A92 1B A9       		dw	frq_143
0863++ 9A94             patch_41hdr: 	
0864++ 9A94 3B 98 A3 FF 		db	03bh,098h,0a3h,0ffh
0865++ 9A98             
0866++ 9A98             
0867++ 9A98             ;--- GM 42 = Cello ---
0868++ 9A98             
0869++ 9A98             patch_42: 	
0870++ 9A98 01          		db	1	; transpose on
0871++ 9A99 B4 9A       		dw	patch_42hdr
0872++ 9A9B 16 12 49    		db	22,12h,1 + 36 * 2	; tone 274
0873++ 9A9E 23 AA       		dw	frq_203
0874++ 9AA0 20 13 5D    		db	32,13h,1 + 46 * 2	; tone 275
0875++ 9AA3 CB B3       		dw	frq_701
0876++ 9AA5 27 15 59    		db	39,15h,1 + 44 * 2	; tone 277
0877++ 9AA8 4B B5       		dw	frq_822
0878++ 9AAA 2D 16 67    		db	45,16h,1 + 51 * 2	; tone 278
0879++ 9AAD 5B B1       		dw	frq_531
0880++ 9AAF FF 14 73    		db	255,14h,1 + 57 * 2	; tone 276
0881++ 9AB2 6B A7       		dw	frq_69
0882++ 9AB4             patch_42hdr: 	
0883++ 9AB4 33 C8 08 FF 		db	033h,0c8h,8,0ffh
0884++ 9AB8             
0885++ 9AB8             ;--- GM 43 = Contrabass ---
0886++ 9AB8             
0887++ 9AB8             patch_43: 	
0888++ 9AB8 01          		db	1	; transpose on
0889++ 9AB9 C5 9A       		dw	patch_43hdr
0890++ 9ABB 12 10 61    		db	18,10h,1 + 48 * 2	; tone 272
0891++ 9ABE 93 A6       		dw	frq_15
0892++ 9AC0 FF 11 6D    		db	255,11h,1 + 54 * 2	; tone 273
0893++ 9AC3 4B A6       		dw	frq_8
0894++ 9AC5             patch_43hdr: 	
0895++ 9AC5 10 98 90 FF 		db	010h,098h,090h,0ffh
0896++ 9AC9             
0897++ 9AC9             ;--- GM 44 = Tremolo Strings ---
0898++ 9AC9             
0899++ 9AC9             patch_44: 	
0900++ 9AC9 01          		db	1	; transpose on
0901++ 9ACA E5 9A       		dw	patch_44hdr
0902++ 9ACC 24 B0 30    		db	36,176,24 * 2
0903++ 9ACF A3 A8       		dw	frq_98
0904++ 9AD1 2A 35 60    		db	42,53,48 * 2
0905++ 9AD4 33 B2       		dw	frq_557
0906++ 9AD6 30 33 6C    		db	48,51,54 * 2
0907++ 9AD9 0B A7       		dw	frq_26
0908++ 9ADB 3B 34 60    		db	59,52,48 * 2
0909++ 9ADE 3B B3       		dw	frq_650
0910++ 9AE0 FF AF 5E    		db	255,175,47 * 2
0911++ 9AE3 8B B1       		dw	frq_538
0912++ 9AE5             patch_44hdr: 	
0913++ 9AE5 38 E0 06 FF 		db	038h,0e0h,6,0ffh
0914++ 9AE9             
0915++ 9AE9             
0916++ 9AE9             ;--- GM 45 = Pizzicato Strings ---
0917++ 9AE9             
0918++ 9AE9             patch_45: 	
0919++ 9AE9 01          		db	1	; transpose on
0920++ 9AEA DC 96       		dw	patch_2Bhdr
0921++ 9AEC 1B B8 48    		db	27,184,36 * 2
0922++ 9AEF AB A6       		dw	frq_20
0923++ 9AF1 24 B9 66    		db	36,185,51 * 2
0924++ 9AF4 CB AA       		dw	frq_216
0925++ 9AF6 2B BB 60    		db	43,187,48 * 2
0926++ 9AF9 F3 B2       		dw	frq_639
0927++ 9AFB 31 BA 6E    		db	49,186,55 * 2
0928++ 9AFE FB A7       		dw	frq_84
0929++ 9B00 FF BC 62    		db	255,188,49 * 2
0930++ 9B03 83 B0       		dw	frq_455
0931++ 9B05             
0932++ 9B05             ;--- GM 46 = Harp ---
0933++ 9B05             
0934++ 9B05             patch_46: 	
0935++ 9B05 01          		db	1	; transpose on
0936++ 9B06 12 9B       		dw	patch_46hdr
0937++ 9B08 2F 7E 18    		db	47,126,12 * 2
0938++ 9B0B 73 AE       		dw	frq_360
0939++ 9B0D FF 7F 5E    		db	255,127,47 * 2
0940++ 9B10 DB AF       		dw	frq_434
0941++ 9B12             patch_46hdr: 	
0942++ 9B12 29 C8 07 FF 		db	029h,0c8h,7,0ffh
0943++ 9B16             
0944++ 9B16             
0945++ 9B16             ;--- GM 47 = Timpani ---
0946++ 9B16             
0947++ 9B16             patch_47: 	
0948++ 9B16 01          		db	1	; transpose on
0949++ 9B17 DC 96       		dw	patch_2Bhdr
0950++ 9B19 FF 00 49    		db	255,0,1 + 36 * 2	; tone 256
0951++ 9B1C E3 AA       		dw	frq_217
0952++ 9B1E             
0953++ 9B1E             
0954++ 9B1E             ;--- GM 48 = Strings ---
0955++ 9B1E             
0956++ 9B1E             patch_48: 	
0957++ 9B1E 01          		db	1	; transpose on
0958++ 9B1F 64 96       		dw	patch_0hdr
0959++ 9B21 24 3C 31    		db	36,03ch,1 + 24 * 2	; tone 316
0960++ 9B24 73 A8       		dw	frq_96
0961++ 9B26 2A 3E 61    		db	42,03eh,1 + 48 * 2	; tone 318
0962++ 9B29 33 B2       		dw	frq_557
0963++ 9B2B 30 3D 6D    		db	48,03dh,1 + 54 * 2	; tone 317
0964++ 9B2E F3 A6       		dw	frq_24
0965++ 9B30 3B 3F 61    		db	59,03fh,1 + 48 * 2	; tone 319
0966++ 9B33 53 B3       		dw	frq_653
0967++ 9B35 FF 40 5F    		db	255,040h,1 + 47 * 2	; tone 320
0968++ 9B38 BB B1       		dw	frq_548
0969++ 9B3A             
0970++ 9B3A             ;--- GM 49 = Slow Strings ---
0971++ 9B3A             
0972++ 9B3A             patch_49: 	
0973++ 9B3A 01          		db	1	; transpose on
0974++ 9B3B 56 9B       		dw	patch_49hdr
0975++ 9B3D 24 B0 30    		db	36,176, 24 * 2
0976++ 9B40 A3 A8       		dw	frq_98
0977++ 9B42 2A 35 60    		db	42,53, 48 * 2
0978++ 9B45 33 B2       		dw	frq_557
0979++ 9B47 30 33 6C    		db	48,51, 54 * 2
0980++ 9B4A 23 A7       		dw	frq_27
0981++ 9B4C 3B 34 60    		db	59,52, 48 * 2
0982++ 9B4F 3B B3       		dw	frq_650
0983++ 9B51 FF AF 5E    		db	255,175, 47 * 2
0984++ 9B54 8B B1       		dw	frq_538
0985++ 9B56             patch_49hdr: 	
0986++ 9B56 19 FF       		db	019h,0ffh
0987++ 9B58             
0988++ 9B58             
0989++ 9B58             ;--- GM 50 = Synth Strings 1 ---
0990++ 9B58             
0991++ 9B58             patch_50A: 	
0992++ 9B58 01          		db	1	; transpose on
0993++ 9B59 60 9B       		dw	patch_50Ahdr
0994++ 9B5B FF 02 30    		db	255,2, 24 * 2
0995++ 9B5E A3 B7       		dw	frq_935
0996++ 9B60             patch_50Ahdr: 	
0997++ 9B60             		db	020h,098h,093h,0b0h,022h,0c8h,06h,0ffh
0997++ 9B60 209893B022C806FF
0998++ 9B68             
0999++ 9B68             patch_50B: 	
1000++ 9B68 01          		db	1	; transpose on
1001++ 9B69 70 9B       		dw	patch_50Bhdr
1002++ 9B6B FF AE 18    		db	255,174, 12 * 2
1003++ 9B6E 43 A8       		dw	frq_91
1004++ 9B70             patch_50Bhdr: 	
1005++ 9B70             		db	020h,098h,070h,0c8h,006h,0ffh
1005++ 9B70 209870C806FF
1006++ 9B76             
1007++ 9B76             
1008++ 9B76             ;--- GM 51 = Synth Strings 2 ---
1009++ 9B76             
1010++ 9B76             patch_51A: 	
1011++ 9B76 01          		db	1	; transpose on
1012++ 9B77 7E 9B       		dw	patch_51Ahdr
1013++ 9B79 FF 02 18    		db	255,2, 12 * 2
1014++ 9B7C A3 B7       		dw	frq_935
1015++ 9B7E             patch_51Ahdr: 	
1016++ 9B7E             		db	019h,098h,070h,0b0h,000h,0c8h,06h,0ffh
1016++ 9B7E 199870B000C806FF
1017++ 9B86             
1018++ 9B86             patch_51B: 	
1019++ 9B86 01          		db	1	; transpose on
1020++ 9B87 7E 9B       		dw	patch_51Ahdr
1021++ 9B89 FF 02 18    		db	255,2, 12 * 2
1022++ 9B8C 5B B7       		dw	frq_927
1023++ 9B8E             
1024++ 9B8E             
1025++ 9B8E             ;--- GM 52 = Choir Aahs ---
1026++ 9B8E             
1027++ 9B8E             patch_52: 	
1028++ 9B8E 01          		db	1	; transpose on
1029++ 9B8F A5 9B       		dw	patch_52hdr
1030++ 9B91 23 18 30    		db	35,24, 24 * 2
1031++ 9B94 3B AA       		dw	frq_204
1032++ 9B96 29 19 5E    		db	41,25, 47 * 2
1033++ 9B99 1B B5       		dw	frq_815
1034++ 9B9B 30 1A 6A    		db	48,26, 53 * 2
1035++ 9B9E 53 AA       		dw	frq_206
1036++ 9BA0 FF 1B 60    		db	255,27, 48 * 2
1037++ 9BA3 2B AE       		dw	frq_356
1038++ 9BA5             patch_52hdr: 	
1039++ 9BA5 1A FF       		db	01ah,0ffh
1040++ 9BA7             
1041++ 9BA7             ;--- GM 53 = Voice Oohs ---
1042++ 9BA7             
1043++ 9BA7             patch_53: 	
1044++ 9BA7 01          		db	1	; transpose on
1045++ 9BA8 AF 9B       		dw	patch_53hdr
1046++ 9BAA FF 29 18    		db	255,41, 12 * 2
1047++ 9BAD D3 AB       		dw	frq_273
1048++ 9BAF             patch_53hdr: 	
1049++ 9BAF             		db	020h,098h,0f7h,0b0h,020h,0c8h,8,0ffh
1049++ 9BAF 2098F7B020C808FF
1050++ 9BB7             
1051++ 9BB7             ;--- GM 54 = Synth Voice ---
1052++ 9BB7             
1053++ 9BB7             patch_54: 	
1054++ 9BB7 01          		db	1	; transpose on
1055++ 9BB8 BF 9B       		dw	patch_54hdr
1056++ 9BBA FF 2A 18    		db	255,42, 12 * 2
1057++ 9BBD 6B AA       		dw	frq_208
1058++ 9BBF             patch_54hdr: 	
1059++ 9BBF             		db	019h,098h,085h,0b0h,021h,0c8h,7,0ffh
1059++ 9BBF 199885B021C807FF
1060++ 9BC7             
1061++ 9BC7             ;--- GM 55 = Orchestra Hit ---
1062++ 9BC7             
1063++ 9BC7             patch_55: 	
1064++ 9BC7 01          		db	1	; transpose on
1065++ 9BC8 CF 9B       		dw	patch_55hdr
1066++ 9BCA FF 49 18    		db	255,73, 12 * 2
1067++ 9BCD F3 B5       		dw	frq_835
1068++ 9BCF             patch_55hdr: 	
1069++ 9BCF 30 FF       		db	030h,0ffh
1070++ 9BD1             
1071++ 9BD1             ;--- GM 56 = Trumpet ---
1072++ 9BD1             
1073++ 9BD1             patch_56: 	
1074++ 9BD1 01          		db	1	; transpose on
1075++ 9BD2 F2 9B       		dw	patch_56hdr
1076++ 9BD4 25 F6 30    		db	37,246, 24 * 2
1077++ 9BD7 53 A7       		dw	frq_46
1078++ 9BD9 2C F8 62    		db	44,248, 49 * 2
1079++ 9BDC B3 B0       		dw	frq_460
1080++ 9BDE 31 F7 70    		db	49,247, 56 * 2
1081++ 9BE1 DB A6       		dw	frq_22
1082++ 9BE3 37 FA 62    		db	55,250, 49 * 2
1083++ 9BE6 F3 AF       		dw	frq_436
1084++ 9BE8 3E F9 6E    		db	62,249, 55 * 2
1085++ 9BEB 53 A7       		dw	frq_46
1086++ 9BED FF FB 64    		db	255,251, 50 * 2
1087++ 9BF0 F3 AF       		dw	frq_436
1088++ 9BF2             patch_56hdr: 	
1089++ 9BF2 32 FF       		db	032h,0ffh
1090++ 9BF4             
1091++ 9BF4             ;--- GM 57 = Trombone ---
1092++ 9BF4             
1093++ 9BF4             patch_57: 	
1094++ 9BF4 01          		db	1	; transpose on
1095++ 9BF5 06 9C       		dw	patch_57hdr
1096++ 9BF7 23 F0 30    		db	35,240, 24 * 2
1097++ 9BFA 43 AB       		dw	frq_228
1098++ 9BFC 28 F1 5E    		db	40,241, 47 * 2
1099++ 9BFF A3 B4       		dw	frq_750
1100++ 9C01 FF F2 68    		db	255,242, 52 * 2
1101++ 9C04 BB AB       		dw	frq_264
1102++ 9C06             patch_57hdr: 	
1103++ 9C06 21 FF       		db	021h,0ffh
1104++ 9C08             
1105++ 9C08             ;--- GM 58 = Tuba ---
1106++ 9C08             
1107++ 9C08             patch_58: 	
1108++ 9C08 01          		db	1	; transpose on
1109++ 9C09 06 9C       		dw	patch_57hdr
1110++ 9C0B 16 85 48    		db	22,133, 36 * 2
1111++ 9C0E D3 B1       		dw	frq_550
1112++ 9C10 FF 86 5C    		db	255,134, 46 * 2
1113++ 9C13 9B B6       		dw	frq_908
1114++ 9C15             
1115++ 9C15             ;--- GM 59 = Muted Trumpet ---
1116++ 9C15             
1117++ 9C15             patch_59: 	
1118++ 9C15 01          		db	1	; transpose on
1119++ 9C16 22 9C       		dw	patch_59hdr
1120++ 9C18 2E B1 18    		db	46,177, 12 * 2
1121++ 9C1B DB B2       		dw	frq_630
1122++ 9C1D FF B2 5C    		db	255,178, 46 * 2
1123++ 9C20 DB B2       		dw	frq_630
1124++ 9C22             patch_59hdr: 	
1125++ 9C22 28 E0 01 FF 		db	28h,0e0h,1,0ffh
1126++ 9C26             
1127++ 9C26             ;--- GM 60 = French Horn ---
1128++ 9C26             
1129++ 9C26             patch_60: 	
1130++ 9C26 01          		db	1	; transpose on
1131++ 9C27 33 9C       		dw	patch_60hdr
1132++ 9C29 32 7C 18    		db	50,124, 12 * 2
1133++ 9C2C 63 AC       		dw	frq_290
1134++ 9C2E FF 7D 64    		db	255,125, 50 * 2
1135++ 9C31 9B B3       		dw	frq_679
1136++ 9C33             patch_60hdr: 	
1137++ 9C33 1A FF       		db	01ah,0ffh
1138++ 9C35             
1139++ 9C35             ;--- GM 61 = Brass Section ---
1140++ 9C35             
1141++ 9C35             patch_61: 	
1142++ 9C35 01          		db	1	; transpose on
1143++ 9C36 DC 96       		dw	patch_2Bhdr
1144++ 9C38 2B FC 18    		db	43,252, 12 * 2
1145++ 9C3B 33 B5       		dw	frq_820
1146++ 9C3D FF FD 56    		db	255,253, 43 * 2
1147++ 9C40 C3 B5       		dw	frq_832
1148++ 9C42             
1149++ 9C42             ;--- GM 62 = Synth Brass 1 ---
1150++ 9C42             
1151++ 9C42             patch_62A: 	
1152++ 9C42 01          		db	1	; transpose on
1153++ 9C43 81 9C       		dw	patch_62Ahdr
1154++ 9C45 10 D3 60    		db	16,211, 48 * 2
1155++ 9C48 CB B6       		dw	frq_916
1156++ 9C4A 16 DA 80    		db	22,218, 64 * 2
1157++ 9C4D FB AD       		dw	frq_354
1158++ 9C4F 1C D4 74    		db	28,212, 58 * 2
1159++ 9C52 CB B6       		dw	frq_916
1160++ 9C54 22 DB 80    		db	34,219, 64 * 2
1161++ 9C57 9B AD       		dw	frq_345
1162++ 9C59 28 D5 74    		db	40,213, 58 * 2
1163++ 9C5C A3 B7       		dw	frq_935
1164++ 9C5E 2E DC 80    		db	46,220, 64 * 2
1165++ 9C61 CB AD       		dw	frq_350
1166++ 9C63 34 D6 74    		db	52,214, 58 * 2
1167++ 9C66 2B B7       		dw	frq_925
1168++ 9C68 3A DD 80    		db	58,221, 64 * 2
1169++ 9C6B A3 AE       		dw	frq_363
1170++ 9C6D 40 D7 74    		db	64,215, 58 * 2
1171++ 9C70 F3 B8       		dw	frq_969
1172++ 9C72 46 DE 80    		db	70,222, 64 * 2
1173++ 9C75 23 AD       		dw	frq_338
1174++ 9C77 4D D8 74    		db	77,216, 58 * 2
1175++ 9C7A 2B B7       		dw	frq_925
1176++ 9C7C FF D9 6A    		db	255,217, 53 * 2
1177++ 9C7F 2B B7       		dw	frq_925
1178++ 9C81             patch_62Ahdr: 	
1179++ 9C81 18 FF       		db	018h,0ffh
1180++ 9C83             
1181++ 9C83             
1182++ 9C83             patch_62B: 	
1183++ 9C83 01          		db	1	; transpose on
1184++ 9C84 C2 9C       		dw	patch_62Bhdr
1185++ 9C86 10 18 61    		db	16,18h, 1 + 48 * 2	; tone 280
1186++ 9C89 73 B7       		dw	frq_929
1187++ 9C8B 16 19 81    		db	22,19h, 1 + 64 * 2	; tone 281
1188++ 9C8E 73 AE       		dw	frq_360
1189++ 9C90 1C 1A 75    		db	28,1ah, 1 + 58 * 2	; tone 282
1190++ 9C93 5B B7       		dw	frq_927
1191++ 9C95 22 1B 81    		db	34,1bh, 1 + 64 * 2	; tone 283
1192++ 9C98 73 AE       		dw	frq_360
1193++ 9C9A 28 1C 75    		db	40,1ch, 1 + 58 * 2	; tone 284
1194++ 9C9D EB B7       		dw	frq_939
1195++ 9C9F 2E 1D 81    		db	46,1dh, 1 + 64 * 2	; tone 285
1196++ 9CA2 EB AE       		dw	frq_366
1197++ 9CA4 34 1E 75    		db	52,1eh, 1 + 58 * 2	; tone 286
1198++ 9CA7 7B B8       		dw	frq_951
1199++ 9CA9 3A 1F 81    		db	58,1fh, 1 + 64 * 2	; tone 287
1200++ 9CAC EB AE       		dw	frq_366
1201++ 9CAE 40 20 75    		db	64,20h, 1 + 58 * 2	; tone 288
1202++ 9CB1 23 B9       		dw	frq_977
1203++ 9CB3 46 21 81    		db	70,21h, 1 + 64 * 2	; tone 289
1204++ 9CB6 6B AD       		dw	frq_342
1205++ 9CB8 4D 22 75    		db	77,22h, 1 + 58 * 2	; tone 290
1206++ 9CBB 5B B7       		dw	frq_927
1207++ 9CBD FF 23 6B    		db	255,23h, 1 + 53 * 2	; tone 291
1208++ 9CC0 5B B7       		dw	frq_927
1209++ 9CC2             patch_62Bhdr: 	
1210++ 9CC2             		db	018h,098h,0a5h,0b0h,011h,0ffh
1210++ 9CC2 1898A5B011FF
1211++ 9CC8             
1212++ 9CC8             
1213++ 9CC8             ;--- GM 63 = Synth Brass 2 ---
1214++ 9CC8             ; B zachter dan A, vals??
1215++ 9CC8             
1216++ 9CC8             patch_63A: 	
1217++ 9CC8 01          		db	1	; transpose on
1218++ 9CC9 07 9D       		dw	patch_63Ahdr
1219++ 9CCB 10 18 61    		db	16,18h, 1 + 48 * 2	; tone 280
1220++ 9CCE 8B B7       		dw	frq_931
1221++ 9CD0 16 19 81    		db	22,19h, 1 + 64 * 2	; tone 281
1222++ 9CD3 8B AE       		dw	frq_361
1223++ 9CD5 1C 1A 75    		db	28,1ah, 1 + 58 * 2	; tone 282
1224++ 9CD8 73 B7       		dw	frq_929
1225++ 9CDA 22 1B 81    		db	34,1bh, 1 + 64 * 2	; tone 283
1226++ 9CDD 8B AE       		dw	frq_361
1227++ 9CDF 28 1C 75    		db	40,1ch, 1 + 58 * 2	; tone 284
1228++ 9CE2 03 B8       		dw	frq_941
1229++ 9CE4 2E 1D 81    		db	46,1dh, 1 + 64 * 2	; tone 285
1230++ 9CE7 03 AF       		dw	frq_367
1231++ 9CE9 34 1E 75    		db	52,1eh, 1 + 58 * 2	; tone 286
1232++ 9CEC AB B8       		dw	frq_953
1233++ 9CEE 3A 1F 81    		db	58,1fh, 1 + 64 * 2	; tone 287
1234++ 9CF1 03 AF       		dw	frq_367
1235++ 9CF3 40 20 75    		db	64,20h, 1 + 58 * 2	; tone 288
1236++ 9CF6 3B B9       		dw	frq_978
1237++ 9CF8 46 21 81    		db	70,21h, 1 + 64 * 2	; tone 289
1238++ 9CFB 83 AD       		dw	frq_343
1239++ 9CFD 4D 22 75    		db	77,22h, 1 + 58 * 2	; tone 290
1240++ 9D00 73 B7       		dw	frq_929
1241++ 9D02 FF 23 6B    		db	255,23h, 1 + 53 * 2	; tone 291
1242++ 9D05 73 B7       		dw	frq_929
1243++ 9D07             patch_63Ahdr: 	
1244++ 9D07 26 FF       		db	026h,0ffh
1245++ 9D09             
1246++ 9D09             
1247++ 9D09             patch_63B: 	
1248++ 9D09 01          		db	1	; transpose on
1249++ 9D0A 11 9D       		dw	patch_63Bhdr
1250++ 9D0C FF 24 19    		db	255,24h, 1 + 12 * 2	; tone 292
1251++ 9D0F 33 B2       		dw	frq_557
1252++ 9D11             patch_63Bhdr: 	
1253++ 9D11 22 FF       		db	022h,0ffh
1254++ 9D13             
1255++ 9D13             ;--- GM 64 = Soprano Sax ---
1256++ 9D13             
1257++ 9D13             patch_64: 	
1258++ 9D13 01          		db	1	; transpose on
1259++ 9D14 90 99       		dw	patch_30hdr
1260++ 9D16 28 E3 18    		db	40,227, 12 * 2
1261++ 9D19 CB B3       		dw	frq_701
1262++ 9D1B 2E E4 68    		db	46,228, 52 * 2
1263++ 9D1E CB AA       		dw	frq_216
1264++ 9D20 34 E5 5C    		db	52,229, 46 * 2
1265++ 9D23 83 B3       		dw	frq_677
1266++ 9D25 3A E6 68    		db	58,230, 52 * 2
1267++ 9D28 73 AB       		dw	frq_242
1268++ 9D2A 41 E7 5C    		db	65,231, 46 * 2
1269++ 9D2D 43 B4       		dw	frq_726
1270++ 9D2F FF E8 82    		db	255,232, 65 * 2
1271++ 9D32 5B A8       		dw	frq_94
1272++ 9D34             
1273++ 9D34             ;--- GM 65 = Alto Sax ---
1274++ 9D34             
1275++ 9D34             patch_65: 	
1276++ 9D34 01          		db	1	; transpose on
1277++ 9D35 78 9D       		dw	patch_65hdr
1278++ 9D37 1B 92 48    		db	27,146, 36 * 2
1279++ 9D3A 23 A7       		dw	frq_27
1280++ 9D3C 1E 96 66    		db	30,150, 51 * 2
1281++ 9D3F 8B B4       		dw	frq_737
1282++ 9D41 23 99 6C    		db	35,153, 54 * 2
1283++ 9D44 AB AF       		dw	frq_385
1284++ 9D46 24 8F 76    		db	36,143, 59 * 2
1285++ 9D49 73 AB       		dw	frq_242
1286++ 9D4B 27 93 78    		db	39,147, 60 * 2
1287++ 9D4E 53 A7       		dw	frq_46
1288++ 9D50 2A 97 66    		db	42,151, 51 * 2
1289++ 9D53 BB B4       		dw	frq_775
1290++ 9D55 2D 9A 6C    		db	45,154, 54 * 2
1291++ 9D58 B3 B0       		dw	frq_460
1292++ 9D5A 30 90 72    		db	48,144, 57 * 2
1293++ 9D5D CB AA       		dw	frq_216
1294++ 9D5F 33 94 78    		db	51,148, 60 * 2
1295++ 9D62 DB A6       		dw	frq_22
1296++ 9D64 35 98 66    		db	53,152, 51 * 2
1297++ 9D67 5B B4       		dw	frq_727
1298++ 9D69 39 9B 6A    		db	57,155, 53 * 2
1299++ 9D6C FB B0       		dw	frq_480
1300++ 9D6E 3C 91 72    		db	60,145, 57 * 2
1301++ 9D71 63 AC       		dw	frq_290
1302++ 9D73 FF 95 78    		db	255,149, 60 * 2
1303++ 9D76 5B A8       		dw	frq_94
1304++ 9D78             patch_65hdr: 	
1305++ 9D78 19 C8 0B FF 		db	019h,0c8h,000bh,0ffh
1306++ 9D7C             
1307++ 9D7C             ;--- GM 66 = Tenor Sax ---
1308++ 9D7C             
1309++ 9D7C             patch_66: 	
1310++ 9D7C 01          		db	1	; transpose on
1311++ 9D7D FE 99       		dw	patch_36hdr
1312++ 9D7F 19 E9 48    		db	25,233, 36 * 2
1313++ 9D82 B3 A7       		dw	frq_75
1314++ 9D84 1D EA 62    		db	29,234, 49 * 2
1315++ 9D87 13 B4       		dw	frq_715
1316++ 9D89 23 EB 6A    		db	35,235, 53 * 2
1317++ 9D8C 43 AB       		dw	frq_228
1318++ 9D8E 2A ED 5E    		db	42,237, 47 * 2
1319++ 9D91 53 B3       		dw	frq_653
1320++ 9D93 30 EC 6C    		db	48,236, 54 * 2
1321++ 9D96 83 A7       		dw	frq_70
1322++ 9D98 3A EE 60    		db	58,238, 48 * 2
1323++ 9D9B 5B B1       		dw	frq_531
1324++ 9D9D FF EF 5C    		db	255,239, 46 * 2
1325++ 9DA0 FB B6       		dw	frq_920
1326++ 9DA2             
1327++ 9DA2             
1328++ 9DA2             ;--- GM 67 = Baritone Sax ---
1329++ 9DA2             
1330++ 9DA2             patch_67: 	
1331++ 9DA2 01          		db	1	; transpose on
1332++ 9DA3 FE 99       		dw	patch_36hdr
1333++ 9DA5 16 DF 48    		db	22,223, 36 * 2
1334++ 9DA8 93 AC       		dw	frq_299
1335++ 9DAA 1D E1 5C    		db	29,225, 46 * 2
1336++ 9DAD A3 B1       		dw	frq_545
1337++ 9DAF 22 E2 6A    		db	34,226, 53 * 2
1338++ 9DB2 93 AC       		dw	frq_299
1339++ 9DB4 FF E0 5C    		db	255,224, 46 * 2
1340++ 9DB7 83 B6       		dw	frq_874
1341++ 9DB9             
1342++ 9DB9             ;--- GM 68 = Oboe ---
1343++ 9DB9             
1344++ 9DB9             patch_68: 	
1345++ 9DB9 01          		db	1	; transpose on
1346++ 9DBA DA 9D       		dw	patch_68hdr
1347++ 9DBC 25 42 18    		db	37,66, 12 * 2
1348++ 9DBF FB B6       		dw	frq_920
1349++ 9DC1 2C 44 62    		db	44,68, 49 * 2
1350++ 9DC4 23 AD       		dw	frq_338
1351++ 9DC6 32 43 58    		db	50,67, 44 * 2
1352++ 9DC9 FB B6       		dw	frq_920
1353++ 9DCB 38 46 64    		db	56,70, 50 * 2
1354++ 9DCE 0B AD       		dw	frq_335
1355++ 9DD0 3E 45 58    		db	62,69, 44 * 2
1356++ 9DD3 FB B6       		dw	frq_920
1357++ 9DD5 FF 47 64    		db	255,71, 50 * 2
1358++ 9DD8 0B AD       		dw	frq_335
1359++ 9DDA             patch_68hdr: 	
1360++ 9DDA 39 FF       		db	039h,0ffh
1361++ 9DDC             
1362++ 9DDC             ;--- GM 69 = English Horn ---
1363++ 9DDC             
1364++ 9DDC             patch_69: 	
1365++ 9DDC 01          		db	1	; transpose on
1366++ 9DDD EE 9D       		dw	patch_69hdr
1367++ 9DDF 21 3C 30    		db	33,60, 24 * 2
1368++ 9DE2 8B AB       		dw	frq_254
1369++ 9DE4 27 3B 5A    		db	39,59, 45 * 2
1370++ 9DE7 A3 B4       		dw	frq_750
1371++ 9DE9 FF 3D 66    		db	255,61, 51 * 2
1372++ 9DEC 73 AB       		dw	frq_242
1373++ 9DEE             patch_69hdr: 	
1374++ 9DEE 31 FF       		db	031h,0ffh
1375++ 9DF0             
1376++ 9DF0             ;--- GM 70 = Bassoon ---
1377++ 9DF0             
1378++ 9DF0             patch_70: 	
1379++ 9DF0 01          		db	1	; transpose on
1380++ 9DF1 EE 9D       		dw	patch_69hdr
1381++ 9DF3 0B 38 60    		db	11,56, 48 * 2
1382++ 9DF6 9B A7       		dw	frq_73
1383++ 9DF8 17 3A 5E    		db	23,58, 47 * 2
1384++ 9DFB 73 B1       		dw	frq_532
1385++ 9DFD FF 39 76    		db	255,57, 59 * 2
1386++ 9E00 B3 A7       		dw	frq_75
1387++ 9E02             
1388++ 9E02             ;--- GM 71 = Clarinet ---
1389++ 9E02             
1390++ 9E02             patch_71: 	
1391++ 9E02 01          		db	1	; transpose on
1392++ 9E03 19 9E       		dw	patch_71hdr
1393++ 9E05 24 9E 30    		db	36,158, 24 * 2
1394++ 9E08 EB B4       		dw	frq_810
1395++ 9E0A 2A A0 78    		db	42,160, 60 * 2
1396++ 9E0D 4B AC       		dw	frq_288
1397++ 9E0F 33 9F 6C    		db	51,159, 54 * 2
1398++ 9E12 43 B4       		dw	frq_726
1399++ 9E14 FF A1 66    		db	255,161, 51 * 2
1400++ 9E17 FB B6       		dw	frq_920
1401++ 9E19             patch_71hdr: 	
1402++ 9E19 29 FF       		db	029h,0ffh
1403++ 9E1B             
1404++ 9E1B             ;--- GM 72 = Piccolo ---
1405++ 9E1B             
1406++ 9E1B             patch_72: 	
1407++ 9E1B 01          		db	1	; transpose on
1408++ 9E1C 37 9E       		dw	patch_72hdr
1409++ 9E1E 29 71 30    		db	41,113, 24 * 2
1410++ 9E21 5B A8       		dw	frq_94
1411++ 9E23 36 72 6A    		db	54,114, 53 * 2
1412++ 9E26 D3 A8       		dw	frq_118
1413++ 9E28 3C 73 6C    		db	60,115, 54 * 2
1414++ 9E2B 5B A8       		dw	frq_94
1415++ 9E2D 48 74 78    		db	72,116, 60 * 2
1416++ 9E30 4B AC       		dw	frq_288
1417++ 9E32 FF 75 78    		db	255,117, 60 * 2
1418++ 9E35 FB B6       		dw	frq_920
1419++ 9E37             patch_72hdr: 	
1420++ 9E37 38 E0 02 FF 		db	038h,0e0h,2,0ffh
1421++ 9E3B             
1422++ 9E3B             ;--- GM 73 = Flute ---
1423++ 9E3B             
1424++ 9E3B             patch_73: 	
1425++ 9E3B 01          		db	1	; transpose on
1426++ 9E3C 37 9E       		dw	patch_72hdr
1427++ 9E3E 29 71 30    		db	41,113, 24 * 2
1428++ 9E41 5B A8       		dw	frq_94
1429++ 9E43 36 72 6A    		db	54,114, 53 * 2
1430++ 9E46 D3 A8       		dw	frq_118
1431++ 9E48 FF 73 6C    		db	255,115, 54 * 2
1432++ 9E4B 5B A8       		dw	frq_94
1433++ 9E4D             
1434++ 9E4D             ;--- GM 74 = Recorder ---
1435++ 9E4D             
1436++ 9E4D             patch_74: 	
1437++ 9E4D 01          		db	1	; transpose on
1438++ 9E4E 55 9E       		dw	patch_74hdr
1439++ 9E50 FF BD 30    		db	255,189, 24 * 2
1440++ 9E53 1B A9       		dw	frq_143
1441++ 9E55             patch_74hdr: 	
1442++ 9E55 30 E0 01 FF 		db	030h,0e0h,1,0ffh
1443++ 9E59             
1444++ 9E59             ;--- GM 75 = Pan Flute ---
1445++ 9E59             
1446++ 9E59             patch_75: 	
1447++ 9E59 01          		db	1	; transpose on
1448++ 9E5A 61 9E       		dw	patch_75hdr
1449++ 9E5C FF 77 00    		db	255,119, 0 * 2
1450++ 9E5F CB B0       		dw	frq_461
1451++ 9E61             patch_75hdr: 	
1452++ 9E61 30 E0 03 FF 		db	030h,0e0h,3,0ffh
1453++ 9E65             
1454++ 9E65             ;--- GM 76 = Blown Bottle ---
1455++ 9E65             
1456++ 9E65             patch_76A: 	
1457++ 9E65 01          		db	1	; transpose on
1458++ 9E66 6D 9E       		dw	patch_76Ahdr
1459++ 9E68 FF 77 00    		db	255,119, 0 * 2
1460++ 9E6B CB B0       		dw	frq_461
1461++ 9E6D             patch_76Ahdr: 	
1462++ 9E6D 38 E0 01 FF 		db	038h,0e0h,1,0ffh
1463++ 9E71             
1464++ 9E71             patch_76B: 	
1465++ 9E71 01          		db	1	; transpose on
1466++ 9E72 79 9E       		dw	patch_76Bhdr
1467++ 9E74 FF 25 31    		db	255,25h, 31h ;1 + (12 + 2) * 2	; tone 293
1468++ 9E77 C3 A6       		dw	frq_21
1469++ 9E79             patch_76Bhdr: 	
1470++ 9E79 00 FF       		db	0h,0ffh
1471++ 9E7B             
1472++ 9E7B             ;--- GM 77 = Shakuhachi ---
1473++ 9E7B             
1474++ 9E7B             patch_77A: 		
1475++ 9E7B 01          		db	1	; transpose on
1476++ 9E7C 61 9E       		dw	patch_75hdr
1477++ 9E7E FF AB 18    		db	255,171, 12 * 2
1478++ 9E81 F3 B8       		dw	frq_969
1479++ 9E83             
1480++ 9E83             patch_77B: 	
1481++ 9E83 01          		db	1	; transpose on
1482++ 9E84 8B 9E       		dw	patch_77Bhdr
1483++ 9E86 FF 76 18    		db	255,118, 12 * 2
1484++ 9E89 9B AD       		dw	frq_345
1485++ 9E8B             patch_77Bhdr: 	
1486++ 9E8B 28 E0 02 FF 		db	028h,0e0h,2,0ffh
1487++ 9E8F             
1488++ 9E8F             ;--- GM 78 = Whistle ---
1489++ 9E8F             
1490++ 9E8F             patch_78: 	
1491++ 9E8F 01          		db	1	; transpose on
1492++ 9E90 97 9E       		dw	patch_78hdr
1493++ 9E92 FF AA 00    		db	255,170, 0 * 2
1494++ 9E95 5B A8       		dw	frq_94
1495++ 9E97             patch_78hdr: 	
1496++ 9E97 2C 98 70 FF 		db	02ch,098h,070h,0ffh
1497++ 9E9B             
1498++ 9E9B             ;--- GM 79 = Ocarina ---
1499++ 9E9B             
1500++ 9E9B             patch_79: 	
1501++ 9E9B 01          		db	1	; transpose on
1502++ 9E9C A3 9E       		dw	patch_79hdr
1503++ 9E9E FF AA 00    		db	255,170, 0 * 2
1504++ 9EA1 5B A8       		dw	frq_94
1505++ 9EA3             patch_79hdr: 	
1506++ 9EA3 29 E0 01 FF 		db	029h,0e0h,1,0ffh
1507++ 9EA7             
1508++ 9EA7             ;--- GM 80 = Lead 1 (square) ---
1509++ 9EA7             
1510++ 9EA7             patch_80A: 	
1511++ 9EA7 01          		db	1	; transpose on
1512++ 9EA8 C8 9E       		dw	patch_80Ahdr
1513++ 9EAA 13 CC 78    		db	19,204, 60 * 2
1514++ 9EAD 53 AD       		dw	frq_341
1515++ 9EAF 1F CD 6E    		db	31,205, 55 * 2
1516++ 9EB2 83 AD       		dw	frq_343
1517++ 9EB4 2B CA 6E    		db	43,202, 55 * 2
1518++ 9EB7 83 AD       		dw	frq_343
1519++ 9EB9 37 CF 6E    		db	55,207, 55 * 2
1520++ 9EBC 83 AD       		dw	frq_343
1521++ 9EBE 43 CE 6E    		db	67,206, 55 * 2
1522++ 9EC1 83 AD       		dw	frq_343
1523++ 9EC3 FF CB 6E    		db	255,203, 55 * 2
1524++ 9EC6 83 AD       		dw	frq_343
1525++ 9EC8             patch_80Ahdr: 	
1526++ 9EC8 38 98 C6 FF 		db	038h,098h,0c6h,0ffh
1527++ 9ECC             
1528++ 9ECC             
1529++ 9ECC             patch_80B: 	
1530++ 9ECC 01          		db	1	; transpose on
1531++ 9ECD ED 9E       		dw	patch_80Bhdr
1532++ 9ECF 13 CC 78    		db	19,204, 60 * 2
1533++ 9ED2 0B AD       		dw	frq_335
1534++ 9ED4 1F CD 6E    		db	31,205, 55 * 2
1535++ 9ED7 23 AD       		dw	frq_338
1536++ 9ED9 2B CA 6E    		db	43,202, 55 * 2
1537++ 9EDC 23 AD       		dw	frq_338
1538++ 9EDE 37 CF 6E    		db	55,207, 55 * 2
1539++ 9EE1 23 AD       		dw	frq_338
1540++ 9EE3 43 CE 6E    		db	67,206, 55 * 2
1541++ 9EE6 23 AD       		dw	frq_338
1542++ 9EE8 FF CB 6E    		db	255,203, 55 * 2
1543++ 9EEB 23 AD       		dw	frq_338
1544++ 9EED             patch_80Bhdr: 	
1545++ 9EED 08 98 C6 FF 		db	008h,098h,0c6h,0ffh
1546++ 9EF1             
1547++ 9EF1             
1548++ 9EF1             ;--- GM 81 = Lead 2 (sawtooth) ---
1549++ 9EF1             
1550++ 9EF1             patch_81A: 	
1551++ 9EF1 01          		db	1	; transpose on
1552++ 9EF2 30 9F       		dw	patch_81Ahdr
1553++ 9EF4 10 18 61    		db	16,18h, 1 + 48 * 2	; tone 280
1554++ 9EF7 5B B7       		dw	frq_927
1555++ 9EF9 16 19 81    		db	22,19h, 1 + 64 * 2	; tone 281
1556++ 9EFC 5B AE       		dw	frq_358
1557++ 9EFE 1C 1A 75    		db	28,1ah, 1 + 58 * 2	; tone 282
1558++ 9F01 2B B7       		dw	frq_925
1559++ 9F03 22 1B 81    		db	34,1bh, 1 + 64 * 2	; tone 283
1560++ 9F06 5B AE       		dw	frq_358
1561++ 9F08 28 1C 75    		db	40,1ch, 1 + 58 * 2	; tone 284
1562++ 9F0B BB B7       		dw	frq_936
1563++ 9F0D 2E 1D 81    		db	46,1dh, 1 + 64 * 2	; tone 285
1564++ 9F10 BB AE       		dw	frq_364
1565++ 9F12 34 1E 75    		db	52,1eh, 1 + 58 * 2	; tone 286
1566++ 9F15 4B B8       		dw	frq_949
1567++ 9F17 3A 1F 81    		db	58,1fh, 1 + 64 * 2	; tone 287
1568++ 9F1A BB AE       		dw	frq_364
1569++ 9F1C 40 20 75    		db	64,20h, 1 + 58 * 2	; tone 288
1570++ 9F1F 0B B9       		dw	frq_974
1571++ 9F21 46 21 81    		db	70,21h, 1 + 64 * 2	; tone 289
1572++ 9F24 3B AD       		dw	frq_340
1573++ 9F26 4F 22 75    		db	79,22h, 1 + 58 * 2	; tone 290
1574++ 9F29 2B B7       		dw	frq_925
1575++ 9F2B FF 23 6F    		db	255,23h, 1 + 55 * 2	; tone 291
1576++ 9F2E 2B B7       		dw	frq_925
1577++ 9F30             patch_81Ahdr: 	
1578++ 9F30             		db	030h,098h,0f2h,0b0h,022h,0c8h,00ah,0ffh
1578++ 9F30 3098F2B022C80AFF
1579++ 9F38             
1580++ 9F38             patch_81B: 	
1581++ 9F38 01          		db	1	; transpose on
1582++ 9F39 30 9F       		dw	patch_81Ahdr
1583++ 9F3B 10 18 61    		db	16,18h, 1 + 48 * 2	; tone 280
1584++ 9F3E E3 B6       		dw	frq_918
1585++ 9F40 16 19 81    		db	22,19h, 1 + 64 * 2	; tone 281
1586++ 9F43 E3 AD       		dw	frq_352
1587++ 9F45 1C 1A 75    		db	28,1ah, 1 + 58 * 2	; tone 282
1588++ 9F48 CB B6       		dw	frq_916
1589++ 9F4A 22 1B 81    		db	34,1bh, 1 + 64 * 2	; tone 283
1590++ 9F4D E3 AD       		dw	frq_352
1591++ 9F4F 28 1C 75    		db	40,1ch, 1 + 58 * 2	; tone 284
1592++ 9F52 5B B7       		dw	frq_927
1593++ 9F54 2E 1D 81    		db	46,1dh, 1 + 64 * 2	; tone 285
1594++ 9F57 5B AE       		dw	frq_358
1595++ 9F59 34 1E 75    		db	52,1eh, 1 + 58 * 2	; tone 286
1596++ 9F5C 03 B8       		dw	frq_941
1597++ 9F5E 3A 1F 81    		db	58,1fh, 1 + 64 * 2	; tone 287
1598++ 9F61 5B AE       		dw	frq_358
1599++ 9F63 40 20 75    		db	64,20h, 1 + 58 * 2	; tone 288
1600++ 9F66 DB B8       		dw	frq_966
1601++ 9F68 46 21 81    		db	70,21h, 1 + 64 * 2	; tone 289
1602++ 9F6B F3 AC       		dw	frq_333
1603++ 9F6D 4F 22 75    		db	79,22h, 1 + 58 * 2	; tone 290
1604++ 9F70 CB B6       		dw	frq_916
1605++ 9F72 FF 23 6F    		db	255,23h, 1 + 55 * 2	; tone 291
1606++ 9F75 CB B6       		dw	frq_916
1607++ 9F77             
1608++ 9F77             ;--- GM 82 = Lead 3 (calliope) ---
1609++ 9F77             
1610++ 9F77             patch_82A: 	
1611++ 9F77 01          		db	1	; transpose on
1612++ 9F78 7F 9F       		dw	patch_82Ahdr
1613++ 9F7A FF AA 00    		db	255,170, 0 * 2
1614++ 9F7D 5B A8       		dw	frq_94
1615++ 9F7F             patch_82Ahdr: 	
1616++ 9F7F 28 E0 02 FF 		db	028h,0e0h,2,0ffh
1617++ 9F83             
1618++ 9F83             patch_82B: 	
1619++ 9F83 01          		db	1	; transpose on
1620++ 9F84 8B 9F       		dw	patch_82Bhdr
1621++ 9F86 FF 76 18    		db	255,118, 12 * 2
1622++ 9F89 9B AD       		dw	frq_345
1623++ 9F8B             patch_82Bhdr: 	
1624++ 9F8B             		db	028h,098h,0b0h,0e0h,2,0ffh
1624++ 9F8B 2898B0E002FF
1625++ 9F91             
1626++ 9F91             ;--- GM 83 = Lead 4 (chiff) ---
1627++ 9F91             
1628++ 9F91             patch_83A: 	
1629++ 9F91 01          		db	1	; transpose on
1630++ 9F92 99 9F       		dw	patch_83Ahdr
1631++ 9F94 FF 3A 19    		db	255,3ah, 1 + 12 * 2	; tone 314
1632++ 9F97 C3 AC       		dw	frq_314
1633++ 9F99             patch_83Ahdr: 	
1634++ 9F99 2A E0 01 FF 		db	02ah,0e0h,1,0ffh
1635++ 9F9D             
1636++ 9F9D             patch_83B: 	
1637++ 9F9D 01          		db	1	; transpose on
1638++ 9F9E DC 96       		dw	patch_2Bhdr
1639++ 9FA0 FF FE 18    		db	255,254, 12 * 2
1640++ 9FA3 AB AC       		dw	frq_311
1641++ 9FA5             
1642++ 9FA5             
1643++ 9FA5             ;--- GM 84 = Lead 5 (charang) ---
1644++ 9FA5             
1645++ 9FA5             patch_84A: 	
1646++ 9FA5 01          		db	1	; transpose on
1647++ 9FA6 B2 9F       		dw	patch_84Ahdr
1648++ 9FA8 29 A5 48    		db	41,165, 36 * 2
1649++ 9FAB 5B AB       		dw	frq_231
1650++ 9FAD FF A6 82    		db	255,166, 65 * 2
1651++ 9FB0 E3 B0       		dw	frq_462
1652++ 9FB2             patch_84Ahdr: 	
1653++ 9FB2 33 FF       		db	033h,0ffh
1654++ 9FB4             
1655++ 9FB4             patch_84B: 	
1656++ 9FB4 01          		db	1	; transpose on
1657++ 9FB5 F3 9F       		dw	patch_84Bhdr
1658++ 9FB7 10 18 61    		db	16,18h, 1 + 48 * 2	; tone 280
1659++ 9FBA E3 B6       		dw	frq_918
1660++ 9FBC 16 19 81    		db	22,19h, 1 + 64 * 2	; tone 281
1661++ 9FBF E3 AD       		dw	frq_352
1662++ 9FC1 1C 1A 75    		db	28,1ah, 1 + 58 * 2	; tone 282
1663++ 9FC4 CB B6       		dw	frq_916
1664++ 9FC6 22 1B 81    		db	34,1bh, 1 + 64 * 2	; tone 283
1665++ 9FC9 E3 AD       		dw	frq_352
1666++ 9FCB 28 1C 75    		db	40,1ch, 1 + 58 * 2	; tone 284
1667++ 9FCE 5B B7       		dw	frq_927
1668++ 9FD0 2E 1D 81    		db	46,1dh, 1 + 64 * 2	; tone 285
1669++ 9FD3 5B AE       		dw	frq_358
1670++ 9FD5 34 1E 75    		db	52,1eh, 1 + 58 * 2	; tone 286
1671++ 9FD8 03 B8       		dw	frq_941
1672++ 9FDA 3A 1F 81    		db	58,1fh, 1 + 64 * 2	; tone 287
1673++ 9FDD 5B AE       		dw	frq_358
1674++ 9FDF 40 20 75    		db	64,20h, 1 + 58 * 2	; tone 288
1675++ 9FE2 DB B8       		dw	frq_966
1676++ 9FE4 46 21 81    		db	70,21h, 1 + 64 * 2	; tone 289
1677++ 9FE7 F3 AC       		dw	frq_333
1678++ 9FE9 4F 22 75    		db	79,22h, 1 + 58 * 2	; tone 290
1679++ 9FEC CB B6       		dw	frq_916
1680++ 9FEE FF 23 6F    		db	255,23h, 1 + 55 * 2	; tone 291
1681++ 9FF1 CB B6       		dw	frq_916
1682++ 9FF3             patch_84Bhdr: 	
1683++ 9FF3             		db	02ah,098h,0f2h,0b0h,022h,0c8h,00eh,0ffh
1683++ 9FF3 2A98F2B022C80EFF
1684++ 9FFB             
1685++ 9FFB             
1686++ 9FFB             ;--- GM 85 = Lead 6 (voice) ---
1687++ 9FFB             
1688++ 9FFB             patch_85A: 	
1689++ 9FFB 01          		db	1	; transpose on
1690++ 9FFC 03 A0       		dw	patch_85Ahdr
1691++ 9FFE FF AA 00    		db	255,170, 0 * 2
1692++ A001 A3 A8       		dw	frq_98
1693++ A003             patch_85Ahdr: 	
1694++ A003 2E FF       		db	02eh,0ffh
1695++ A005             
1696++ A005             patch_85B: 	
1697++ A005 01          		db	1	; transpose on
1698++ A006 0D A0       		dw	patch_85Bhdr
1699++ A008 FF 2A 18    		db	255,42, 12 * 2
1700++ A00B 3B AA       		dw	frq_204
1701++ A00D             patch_85Bhdr: 	
1702++ A00D             		db	029h,098h,0f0h,0c8h,00ah,0ffh
1702++ A00D 2998F0C80AFF
1703++ A013             
1704++ A013             
1705++ A013             ;--- GM 86 = Lead 7 (fifths) ---
1706++ A013             
1707++ A013             patch_86A: 	
1708++ A013 01          		db	1	; transpose on
1709++ A014 52 A0       		dw	patch_86Ahdr
1710++ A016 10 18 61    		db	16,18h, 1 + 48 * 2	; tone 280
1711++ A019 E3 B6       		dw	frq_918
1712++ A01B 16 19 81    		db	22,19h, 1 + 64 * 2	; tone 281
1713++ A01E E3 AD       		dw	frq_352
1714++ A020 1C 1A 75    		db	28,1ah, 1 + 58 * 2	; tone 282
1715++ A023 CB B6       		dw	frq_916
1716++ A025 22 1B 81    		db	34,1bh, 1 + 64 * 2	; tone 283
1717++ A028 E3 AD       		dw	frq_352
1718++ A02A 28 1C 75    		db	40,1ch, 1 + 58 * 2	; tone 284
1719++ A02D 5B B7       		dw	frq_927
1720++ A02F 2E 1D 81    		db	46,1dh, 1 + 64 * 2	; tone 285
1721++ A032 5B AE       		dw	frq_358
1722++ A034 34 1E 75    		db	52,1eh, 1 + 58 * 2	; tone 286
1723++ A037 03 B8       		dw	frq_941
1724++ A039 3A 1F 81    		db	58,1fh, 1 + 64 * 2	; tone 287
1725++ A03C 5B AE       		dw	frq_358
1726++ A03E 40 20 75    		db	64,20h, 1 + 58 * 2	; tone 288
1727++ A041 DB B8       		dw	frq_966
1728++ A043 46 21 81    		db	70,21h, 1 + 64 * 2	; tone 289
1729++ A046 F3 AC       		dw	frq_333
1730++ A048 4F 22 75    		db	79,22h, 1 + 58 * 2	; tone 290
1731++ A04B CB B6       		dw	frq_916
1732++ A04D FF 23 6F    		db	255,23h, 1 + 55 * 2	; tone 291
1733++ A050 CB B6       		dw	frq_916
1734++ A052             patch_86Ahdr: 	
1735++ A052 32 98 F5 FF 		db	032h,098h,0f5h,0ffh
1736++ A056             
1737++ A056             patch_86B: 	
1738++ A056 01          		db	1	; transpose on
1739++ A057 5E A0       		dw	patch_86Bhdr
1740++ A059 FF 02 18    		db	255,2, 12 * 2
1741++ A05C 73 B7       		dw	frq_929
1742++ A05E             patch_86Bhdr: 	
1743++ A05E             		db	031h,098h,0b3h,0b0h,022h,0c8h,00bh,0ffh
1743++ A05E 3198B3B022C80BFF
1744++ A066             
1745++ A066             ;--- GM 87 = Lead 8 (bass + lead) ---
1746++ A066             
1747++ A066             patch_87A: 	
1748++ A066 01          		db	1	; transpose on
1749++ A067 49 99       		dw	patch_27hdr
1750++ A069 FF 17 61    		db	255,17h, 1 + 48 * 2	; tone 279
1751++ A06C FB AA       		dw	frq_219
1752++ A06E             
1753++ A06E             
1754++ A06E             ;--- GM 88 = Pad 1 (new age) ---
1755++ A06E             ; B zachter dan A
1756++ A06E             patch_88A: 	
1757++ A06E 01          		db	1	; transpose on
1758++ A06F 76 A0       		dw	patch_88Ahdr
1759++ A071 FF 02 18    		db	255,2, 12 * 2
1760++ A074 5B B7       		dw	frq_927
1761++ A076             patch_88Ahdr: 	
1762++ A076 24 FF       		db	024h,0ffh
1763++ A078             
1764++ A078             patch_88B: 	
1765++ A078 01          		db	1	; transpose on
1766++ A079 80 A0       		dw	patch_88Bhdr
1767++ A07B FF F3 18    		db	255,243, 12 * 2
1768++ A07E 2B B4       		dw	frq_721
1769++ A080             patch_88Bhdr: 	
1770++ A080             		db	023h,098h,0a2h,0b0h,014h,0c8h,6,0e0h,1,0ffh
1770++ A080 2398A2B014C806E001FF
1771++ A08A             
1772++ A08A             ;--- GM 89 = Pad 2 (warm) ---
1773++ A08A             ; B zachter dan A
1774++ A08A             patch_89A: 	
1775++ A08A 01          		db	1	; transpose on
1776++ A08B 92 A0       		dw	patch_89Ahdr
1777++ A08D FF 4E 30    		db	255,78, 24 * 2
1778++ A090 7B AF       		dw	frq_379
1779++ A092             patch_89Ahdr: 	
1780++ A092 2A E0 02 FF 		db	02ah,0e0h,2,0ffh
1781++ A096             
1782++ A096             patch_89B: 	
1783++ A096 01          		db	1	; transpose on
1784++ A097 11 9D       		dw	patch_63Bhdr
1785++ A099 FF 29 18    		db	255,41, 12 * 2
1786++ A09C A3 AB       		dw	frq_261
1787++ A09E             
1788++ A09E             
1789++ A09E             ;--- GM 90 = Pad 3 (polysynth) ---
1790++ A09E             
1791++ A09E             patch_90A: 	
1792++ A09E 01          		db	1	; transpose on
1793++ A09F DD A0       		dw	patch_90Ahdr
1794++ A0A1 10 18 61    		db	16,18h, 1 + 48 * 2	; tone 280
1795++ A0A4 73 B7       		dw	frq_929
1796++ A0A6 16 19 81    		db	22,19h, 1 + 64 * 2	; tone 281
1797++ A0A9 73 AE       		dw	frq_360
1798++ A0AB 1C 1A 75    		db	28,1ah, 1 + 58 * 2	; tone 282
1799++ A0AE 5B B7       		dw	frq_927
1800++ A0B0 22 1B 81    		db	34,1bh, 1 + 64 * 2	; tone 283
1801++ A0B3 73 AE       		dw	frq_360
1802++ A0B5 28 1C 75    		db	40,1ch, 1 + 58 * 2	; tone 284
1803++ A0B8 EB B7       		dw	frq_939
1804++ A0BA 2E 1D 81    		db	46,1dh, 1 + 64 * 2	; tone 285
1805++ A0BD EB AE       		dw	frq_366
1806++ A0BF 34 1E 75    		db	52,1eh, 1 + 58 * 2	; tone 286
1807++ A0C2 7B B8       		dw	frq_951
1808++ A0C4 3A 1F 81    		db	58,1fh, 1 + 64 * 2	; tone 287
1809++ A0C7 EB AE       		dw	frq_366
1810++ A0C9 40 20 75    		db	64,20h, 1 + 58 * 2	; tone 288
1811++ A0CC 23 B9       		dw	frq_977
1812++ A0CE 46 21 81    		db	70,21h, 1 + 64 * 2	; tone 289
1813++ A0D1 53 AD       		dw	frq_341
1814++ A0D3 4F 22 75    		db	79,22h, 1 + 58 * 2	; tone 290
1815++ A0D6 5B B7       		dw	frq_927
1816++ A0D8 FF 23 6F    		db	255,23h, 1 + 55 * 2	; tone 291
1817++ A0DB 5B B7       		dw	frq_927
1818++ A0DD             patch_90Ahdr: 	
1819++ A0DD             		db	023h,098h,0f2h,0b0h,022h,0c8h,007h,0e0h,1,0ffh
1819++ A0DD 2398F2B022C807E001FF
1820++ A0E7             
1821++ A0E7             patch_90B: 	
1822++ A0E7 01          		db	1	; transpose on
1823++ A0E8 EF A0       		dw	patch_90Bhdr
1824++ A0EA FF 24 19    		db	255,24h, 1 + 12 * 2	; tone 292
1825++ A0ED D3 B1       		dw	frq_550
1826++ A0EF             patch_90Bhdr: 	
1827++ A0EF 22 98 E5 FF 		db	022h,098h,0e5h,0ffh
1828++ A0F3             
1829++ A0F3             ;--- GM 91 = Pad 4 (choir) ---
1830++ A0F3             
1831++ A0F3             patch_91A: 	
1832++ A0F3 01          		db	1	; transpose on
1833++ A0F4 0A A1       		dw	patch_91Ahdr
1834++ A0F6 23 18 30    		db	35,24, 24 * 2
1835++ A0F9 3B AA       		dw	frq_204
1836++ A0FB 29 19 5E    		db	41,25, 47 * 2
1837++ A0FE 1B B5       		dw	frq_815
1838++ A100 30 1A 6A    		db	48,26, 53 * 2
1839++ A103 53 AA       		dw	frq_206
1840++ A105 FF 1B 60    		db	255,27, 48 * 2
1841++ A108 2B AE       		dw	frq_356
1842++ A10A             patch_91Ahdr: 	
1843++ A10A 25 C8 06 FF 		db	025h,0c8h,006h,0ffh
1844++ A10E             
1845++ A10E             patch_91B: 	
1846++ A10E 01          		db	1	; transpose on
1847++ A10F 16 A1       		dw	patch_91Bhdr
1848++ A111 FF 2A 18    		db	255,42, 12 * 2
1849++ A114 6B AA       		dw	frq_208
1850++ A116             patch_91Bhdr: 	
1851++ A116             		db	024h,098h,065h,0b0h,021h,0ffh
1851++ A116 249865B021FF
1852++ A11C             
1853++ A11C             ;--- GM 92 = Pad 5 (bowed) ---
1854++ A11C             
1855++ A11C             patch_92A: 	
1856++ A11C 01          		db	1	; transpose on
1857++ A11D 24 A1       		dw	patch_92Ahdr
1858++ A11F FF 02 31    		db	255,2, 1 + 24 * 2	; tone 257
1859++ A122 13 A8       		dw	frq_88
1860++ A124             patch_92Ahdr: 	
1861++ A124             		db	019h,098h,044h,0e0h,2,0ffh
1861++ A124 199844E002FF
1862++ A12A             
1863++ A12A             patch_92B: 	
1864++ A12A 01          		db	1	; transpose on
1865++ A12B 32 A1       		dw	patch_92Bhdr
1866++ A12D FF AA 00    		db	255,170, 0 * 2
1867++ A130 2B A8       		dw	frq_89
1868++ A132             patch_92Bhdr: 	
1869++ A132             		db	019h,098h,040h,0c8h,6,0ffh
1869++ A132 199840C806FF
1870++ A138             
1871++ A138             ;--- GM 93 = Pad 6 (metallic) ---
1872++ A138             
1873++ A138             patch_93A: 	
1874++ A138 01          		db	1	; transpose on
1875++ A139 4F A1       		dw	patch_93Ahdr
1876++ A13B 1A 0C 48    		db	26,12, 36 * 2
1877++ A13E 3B B0       		dw	frq_445
1878++ A140 21 0D 64    		db	33,13, 50 * 2
1879++ A143 6B B0       		dw	frq_450
1880++ A145 30 0E 5A    		db	48,14, 45 * 2
1881++ A148 93 B5       		dw	frq_828
1882++ A14A FF 0F 60    		db	255,15, 48 * 2
1883++ A14D 93 B5       		dw	frq_828
1884++ A14F             patch_93Ahdr: 	
1885++ A14F             		db	00ah,0b0h,003h,0c8h,6,0ffh
1885++ A14F 0AB003C806FF
1886++ A155             
1887++ A155             patch_93B: 	
1888++ A155 01          		db	1	; transpose on
1889++ A156 5D A1       		dw	patch_93Bhdr
1890++ A158 FF 3F 18    		db	255,63, 12 * 2
1891++ A15B B3 B3       		dw	frq_698
1892++ A15D             patch_93Bhdr: 	
1893++ A15D 31 98 85 FF 		db	031h,098h,085h,0ffh
1894++ A161             
1895++ A161             ;--- GM 94 = Pad 7 (halo) ---
1896++ A161             patch_94A: 	
1897++ A161 01          		db	1	; transpose on
1898++ A162 A5 9B       		dw	patch_52hdr
1899++ A164 FF 24 19    		db	255,24h, 1 + 12 * 2	; 292
1900++ A167 7B B2       		dw	frq_560
1901++ A169             
1902++ A169             patch_94B: 	
1903++ A169 01          		db	1	; transpose on
1904++ A16A 54 97       		dw	patch_5Ahdr
1905++ A16C FF 2A 18    		db	255,42, 12 * 2
1906++ A16F 0B AA       		dw	frq_202
1907++ A171             
1908++ A171             
1909++ A171             ;--- GM 95 = Pad 8 (sweep) ---
1910++ A171             
1911++ A171             patch_95A: 	
1912++ A171 01          		db	1	; transpose on
1913++ A172 B0 A1       		dw	patch_95Ahdr
1914++ A174 10 D3 60    		db	16,211, 48 * 2
1915++ A177 FB B6       		dw	frq_920
1916++ A179 16 DA 80    		db	22,218, 64 * 2
1917++ A17C 2B AE       		dw	frq_356
1918++ A17E 1C D4 74    		db	28,212, 58 * 2
1919++ A181 FB B6       		dw	frq_920
1920++ A183 22 DB 80    		db	34,219, 64 * 2
1921++ A186 B3 AD       		dw	frq_348
1922++ A188 28 D5 74    		db	40,213, 58 * 2
1923++ A18B D3 B7       		dw	frq_937
1924++ A18D 2E DC 80    		db	46,220, 64 * 2
1925++ A190 E3 AD       		dw	frq_352
1926++ A192 34 D6 74    		db	52,214, 58 * 2
1927++ A195 43 B7       		dw	frq_926
1928++ A197 3A DD 80    		db	58,221, 64 * 2
1929++ A19A D3 AE       		dw	frq_365
1930++ A19C 40 D7 74    		db	64,215, 58 * 2
1931++ A19F 0B B9       		dw	frq_974	; 975
1932++ A1A1 46 DE 80    		db	70,222, 64 * 2
1933++ A1A4 53 AD       		dw	frq_341
1934++ A1A6 4C D8 74    		db	76,216, 58 * 2
1935++ A1A9 43 B7       		dw	frq_926
1936++ A1AB FF D9 68    		db	255,217, 52 * 2
1937++ A1AE 43 B7       		dw	frq_926
1938++ A1B0             patch_95Ahdr: 	
1939++ A1B0             		db	019h,098h,015h,0c8h,6,0ffh
1939++ A1B0 199815C806FF
1940++ A1B6             
1941++ A1B6             patch_95B: 	
1942++ A1B6 01          		db	1	; transpose on
1943++ A1B7 F5 A1       		dw	patch_95Bhdr
1944++ A1B9 10 D3 60    		db	16,211, 48 * 2
1945++ A1BC B3 B6       		dw	frq_909
1946++ A1BE 16 DA 80    		db	22,218, 64 * 2
1947++ A1C1 CB AD       		dw	frq_350
1948++ A1C3 1C D4 74    		db	28,212, 58 * 2
1949++ A1C6 B3 B6       		dw	frq_909
1950++ A1C8 22 DB 80    		db	34,219, 64 * 2
1951++ A1CB 3B AD       		dw	frq_340
1952++ A1CD 28 D5 74    		db	40,213, 58 * 2
1953++ A1D0 5B B7       		dw	frq_927
1954++ A1D2 2E DC 80    		db	46,220, 64 * 2
1955++ A1D5 9B AD       		dw	frq_345
1956++ A1D7 34 D6 74    		db	52,214, 58 * 2
1957++ A1DA CB B6       		dw	frq_916
1958++ A1DC 3A DD 80    		db	58,221, 64 * 2
1959++ A1DF 43 AE       		dw	frq_357
1960++ A1E1 40 D7 74    		db	64,215, 58 * 2
1961++ A1E4 C3 B8       		dw	frq_964
1962++ A1E6 46 DE 80    		db	70,222, 64 * 2
1963++ A1E9 F3 AC       		dw	frq_333
1964++ A1EB 4C D8 74    		db	76,216, 58 * 2
1965++ A1EE 43 B7       		dw	frq_926
1966++ A1F0 FF D9 68    		db	255,217, 52 * 2
1967++ A1F3 CB B6       		dw	frq_916
1968++ A1F5             
1969++ A1F5             patch_95Bhdr: 	
1970++ A1F5             		db	018h,098h,015h,0c8h,6,0ffh
1970++ A1F5 189815C806FF
1971++ A1FB             
1972++ A1FB             ;--- GM 96 = Rain ---
1973++ A1FB             
1974++ A1FB             patch_96: 	
1975++ A1FB 00          		db	0	; transpose off
1976++ A1FC 21 98       		dw	patch_15Bhdr
1977++ A1FE FF 43 63    		db	255,43h, 1 + (48 + 1) * 2	; tone 323
1978++ A201 53 B0       		dw	frq_448
1979++ A203             
1980++ A203             
1981++ A203             ;--- GM 97 = Soundtrack ---
1982++ A203             
1983++ A203             patch_97A: 	
1984++ A203 01          		db	1	; transpose on
1985++ A204 0B A2       		dw	patch_97Ahdr
1986++ A206 FF 02 30    		db	255,2, 24 * 2
1987++ A209 5B B7       		dw	frq_927
1988++ A20B             patch_97Ahdr: 	
1989++ A20B 2A 98 60 FF 		db	02ah,098h,060h,0ffh
1990++ A20F             
1991++ A20F             patch_97B: 	
1992++ A20F 01          		db	1	; transpose on
1993++ A210 17 A2       		dw	patch_97Bhdr
1994++ A212 FF F3 00    		db	255,243, 0 * 2
1995++ A215 E3 B3       		dw	frq_704
1996++ A217             patch_97Bhdr: 	
1997++ A217             		db	02dh,098h,052h,0b0h,014h,0c8h,006h,0e0h,2,0ffh
1997++ A217 2D9852B014C806E002FF
1998++ A221             
1999++ A221             ;--- GM 98 = Crystal ---
2000++ A221             
2001++ A221             patch_98A: 	
2002++ A221 01          		db	1	; transpose on
2003++ A222 29 A2       		dw	patch_98Ahdr
2004++ A224 FF F3 00    		db	255,243, 0 * 2
2005++ A227 1B A9       		dw	frq_143
2006++ A229             patch_98Ahdr: 	
2007++ A229 33 FF       		db	033h,0ffh
2008++ A22B             
2009++ A22B             patch_98B: 	
2010++ A22B 01          		db	1	; transpose on
2011++ A22C 3D A2       		dw	patch_98Bhdr
2012++ A22E 15 6D 48    		db	21,109, 36 * 2
2013++ A231 7B B5       		dw	frq_824
2014++ A233 1F 6E 5A    		db	31,110, 45 * 2
2015++ A236 AB B5       		dw	frq_831
2016++ A238 FF 6F 56    		db	255,111, 43 * 2
2017++ A23B 23 B6       		dw	frq_843
2018++ A23D             patch_98Bhdr: 	
2019++ A23D             		db	03bh,098h,085h,0c8h,6,0ffh
2019++ A23D 3B9885C806FF
2020++ A243             
2021++ A243             ;--- GM 99 = Atmosphere ---
2022++ A243             
2023++ A243             patch_99A: 	
2024++ A243 01          		db	1	; transpose on
2025++ A244 4B A2       		dw	patch_99Ahdr
2026++ A246 FF 02 30    		db	255,2, 24 * 2
2027++ A249 5B B7       		dw	frq_927
2028++ A24B             patch_99Ahdr: 	
2029++ A24B             		db	032h,098h,073h,0b0h,022h,0c8h,6,0e0h,1,0ffh
2029++ A24B 329873B022C806E001FF
2030++ A255             
2031++ A255             patch_99B: 	
2032++ A255 01          		db	1	; transpose on
2033++ A256 71 A2       		dw	patch_99Bhdr
2034++ A258 18 B3 48    		db	24,179, 36 * 2
2035++ A25B 9B B0       		dw	frq_459
2036++ A25D 1F B7 60    		db	31,183, 48 * 2
2037++ A260 03 B2       		dw	frq_555
2038++ A262 25 B5 6E    		db	37,181, 55 * 2
2039++ A265 C3 A6       		dw	frq_21
2040++ A267 2C B4 62    		db	44,180, 49 * 2
2041++ A26A 9B B0       		dw	frq_459
2042++ A26C FF B6 58    		db	255,182, 44 * 2
2043++ A26F 43 B4       		dw	frq_726
2044++ A271             patch_99Bhdr: 	
2045++ A271             		db	032h,0c8h,7,0e0h,2,0ffh
2045++ A271 32C807E002FF
2046++ A277             
2047++ A277             ;--- GM 100 = Brightness ---
2048++ A277             
2049++ A277             patch_100A: 	
2050++ A277 01          		db	1	; transpose on
2051++ A278 21 98       		dw	patch_15Bhdr
2052++ A27A FF 37 31    		db	255,37h, 1 + 24 * 2	; tone 311
2053++ A27D EB AE       		dw	frq_366
2054++ A27F             
2055++ A27F             patch_100B: 	
2056++ A27F 01          		db	1	; transpose on
2057++ A280 87 A2       		dw	patch_100Bhdr
2058++ A282 FF 2A 18    		db	255,42, 12 * 2
2059++ A285 6B AA       		dw	frq_208
2060++ A287             patch_100Bhdr: 	
2061++ A287 29 C8 06 FF 		db	029h,0c8h,6,0ffh
2062++ A28B             
2063++ A28B             ;--- GM 102 = Echoes ---
2064++ A28B             
2065++ A28B             patch_102A: 	
2066++ A28B 01          		db	1	; transpose on
2067++ A28C 93 A2       		dw	patch_102Ahdr
2068++ A28E FF 24 31    		db	255,24h, 1 + 24 * 2	; tone 292
2069++ A291 EB B1       		dw	frq_552
2070++ A293             patch_102Ahdr: 	
2071++ A293             		db	02bh,098h,0f5h,0b0h,021h,0c8h,6,0ffh
2071++ A293 2B98F5B021C806FF
2072++ A29B             
2073++ A29B             patch_102B: 	
2074++ A29B 01          		db	1	; transpose on
2075++ A29C A3 A2       		dw	patch_102Bhdr
2076++ A29E FF 2A 18    		db	255,42, 12 * 2
2077++ A2A1 83 AA       		dw	frq_211
2078++ A2A3             patch_102Bhdr: 	
2079++ A2A3             		db	02bh,098h,085h,0b0h,023h,0c8h,7,0ffh
2079++ A2A3 2B9885B023C807FF
2080++ A2AB             
2081++ A2AB             ;--- GM 103 = FX 8 (sci-fi) ---
2082++ A2AB             
2083++ A2AB             patch_103A: 	
2084++ A2AB 01          		db	1	; transpose on
2085++ A2AC C2 A2       		dw	patch_103Ahdr
2086++ A2AE 1A 0C 48    		db	26,12, 36 * 2
2087++ A2B1 23 B0       		dw	frq_443
2088++ A2B3 21 0D 64    		db	33,13, 50 * 2
2089++ A2B6 53 B0       		dw	frq_448
2090++ A2B8 30 0E 5A    		db	48,14, 45 * 2
2091++ A2BB 7B B5       		dw	frq_824
2092++ A2BD FF 0F 60    		db	255,15, 48 * 2
2093++ A2C0 7B B5       		dw	frq_824
2094++ A2C2             patch_103Ahdr: 	
2095++ A2C2             		db	02bh,098h,090h,0c8h,6,0e0h,3,0ffh
2095++ A2C2 2B9890C806E003FF
2096++ A2CA             
2097++ A2CA             patch_103B: 	
2098++ A2CA 01          		db	1	; transpose on
2099++ A2CB 11 9D       		dw	patch_63Bhdr
2100++ A2CD FF 02 18    		db	255,2, 12 * 2
2101++ A2D0 2B B7       		dw	frq_925
2102++ A2D2             
2103++ A2D2             
2104++ A2D2             ;--- GM 104 = Sitar ---
2105++ A2D2             
2106++ A2D2             patch_104: 	
2107++ A2D2 01          		db	1	; transpose on
2108++ A2D3 DA A2       		dw	patch_104hdr
2109++ A2D5 FF 0F 19    		db	255,0fh, 1 + 12 * 2	; tone 271
2110++ A2D8 53 B6       		dw	frq_847
2111++ A2DA             patch_104hdr: 	
2112++ A2DA             		db	032h,098h,0f4h,0b0h,015h,0c8h,016h,0e0h,1,0ffh
2112++ A2DA 3298F4B015C816E001FF
2113++ A2E4             
2114++ A2E4             ;--- GM 105 = Banjo ---
2115++ A2E4             
2116++ A2E4             patch_105: 	
2117++ A2E4 01          		db	1	; transpose on
2118++ A2E5 BD 98       		dw	patch_23Ahdr
2119++ A2E7 1D 13 30    		db	29,19, 24 * 2
2120++ A2EA 0B B3       		dw	frq_641
2121++ A2EC 21 14 6A    		db	33,20, 53 * 2
2122++ A2EF 23 AA       		dw	frq_203
2123++ A2F1 25 12 5A    		db	37,18, 45 * 2
2124++ A2F4 33 B8       		dw	frq_944
2125++ A2F6 2D 15 62    		db	45,21, 49 * 2
2126++ A2F9 4B AC       		dw	frq_288
2127++ A2FB 35 17 5A    		db	53,23, 45 * 2
2128++ A2FE 83 B3       		dw	frq_677
2129++ A300 FF 16 6A    		db	255,22, 53 * 2
2130++ A303 3B A7       		dw	frq_45
2131++ A305             
2132++ A305             ;--- GM 106 = Shamisen ---
2133++ A305             
2134++ A305             patch_106: 	
2135++ A305 01          		db	1	; transpose on
2136++ A306 DC 96       		dw	patch_2Bhdr
2137++ A308 FF 0E 19    		db	255,0eh, 1 + 12 * 2	; tone 270
2138++ A30B 8B A8       		dw	frq_97
2139++ A30D             
2140++ A30D             ;--- GM 107 = Koto ---
2141++ A30D             
2142++ A30D             patch_107: 	
2143++ A30D 01          		db	1	; transpose on
2144++ A30E 64 96       		dw	patch_0hdr
2145++ A310 FF A9 18    		db	255,169, 12 * 2
2146++ A313 1B B2       		dw	frq_556
2147++ A315             
2148++ A315             
2149++ A315             ;--- GM 108 = Kalimba ---
2150++ A315             
2151++ A315             patch_108: 	
2152++ A315 01          		db	1	; transpose on
2153++ A316 BD 98       		dw	patch_23Ahdr
2154++ A318 FF 37 19    		db	255,37h, 1 + 12 * 2	; tone 311
2155++ A31B EB AE       		dw	frq_366
2156++ A31D             
2157++ A31D             
2158++ A31D             ;--- GM 109 = Bagpipes ---
2159++ A31D             
2160++ A31D             patch_109A: 	
2161++ A31D 01          		db	1	; transpose on
2162++ A31E 2A A3       		dw	patch_109Ahdr
2163++ A320 22 A4 60    		db	34,164, 48 * 2
2164++ A323 33 A6       		dw	frq_1
2165++ A325 FF A8 5C    		db	255,168, 46 * 2
2166++ A328 0B AD       		dw	frq_335
2167++ A32A             patch_109Ahdr: 	
2168++ A32A 1C FF       		db	01ch,0ffh
2169++ A32C             
2170++ A32C             
2171++ A32C             patch_109B: 	
2172++ A32C 01          		db	1	; transpose on
2173++ A32D 39 A3       		dw	patch_109Bhdr
2174++ A32F 22 A7 60    		db	34,167, 48 * 2
2175++ A332 1B A6       		dw	frq_0
2176++ A334 FF A8 5C    		db	255,168, 46 * 2
2177++ A337 0B AD       		dw	frq_335
2178++ A339             patch_109Bhdr: 	
2179++ A339 19 FF       		db	019h,0ffh
2180++ A33B             
2181++ A33B             ;--- GM 110 = Fiddle ---
2182++ A33B             
2183++ A33B             patch_110: 	
2184++ A33B 01          		db	1	; transpose on
2185++ A33C EE 9D       		dw	patch_69hdr
2186++ A33E 23 05 31    		db	35,05h, 1 + 24 * 2	; tone 261
2187++ A341 4B AC       		dw	frq_288
2188++ A343 28 02 77    		db	40,02h, 1 + 59 * 2	; tone 258
2189++ A346 6B A7       		dw	frq_69
2190++ A348 2A 06 69    		db	42,06h, 1 + 52 * 2	; tone 262
2191++ A34B DB B2       		dw	frq_630
2192++ A34D 2D 07 6D    		db	45,07h, 1 + 54 * 2	; tone 263
2193++ A350 1B B2       		dw	frq_556
2194++ A352 30 08 73    		db	48,08h, 1 + 57 * 2	; tone 264
2195++ A355 BB AB       		dw	frq_264
2196++ A357 33 0A 61    		db	51,0ah, 1 + 48 * 2	; tone 266
2197++ A35A FB B6       		dw	frq_920
2198++ A35C 35 0B 67    		db	53,0bh, 1 + 51 * 2	; tone 267
2199++ A35F 43 B4       		dw	frq_726
2200++ A361 37 0C 6B    		db	55,0ch, 1 + 53 * 2	; tone 268
2201++ A364 93 B2       		dw	frq_579
2202++ A366 3A 0D 6F    		db	58,0dh, 1 + 55 * 2	; tone 269
2203++ A369 23 AD       		dw	frq_338
2204++ A36B FF 09 75    		db	255,09h, 1 + 58 * 2	; tone 265
2205++ A36E 1B A9       		dw	frq_143
2206++ A370             
2207++ A370             ;--- GM 111 = Shanai ---
2208++ A370             
2209++ A370             patch_111: 	
2210++ A370 01          		db	1	; transpose on
2211++ A371 78 A3       		dw	patch_111hdr
2212++ A373 FF 41 48    		db	255,65, 36 * 2
2213++ A376 53 B0       		dw	frq_448
2214++ A378             patch_111hdr: 	
2215++ A378 31 C8 09 FF 		db	031h,0c8h,9,0ffh
2216++ A37C             
2217++ A37C             ;--- GM 112 = Tinkle Bell ---
2218++ A37C             
2219++ A37C             patch_112A: 	
2220++ A37C 01          		db	1	; transpose on
2221++ A37D 84 A3       		dw	patch_112Ahdr
2222++ A37F FF F3 00    		db	255,243, 0 * 2
2223++ A382 2B B4       		dw	frq_721
2224++ A384             patch_112Ahdr: 	
2225++ A384 3B 98 D6 FF 		db	03bh,098h,0d6h,0ffh
2226++ A388             
2227++ A388             patch_112B: 	
2228++ A388 01          		db	1	; transpose on
2229++ A389 3A 98       		dw	patch_17hdr
2230++ A38B FF 37 49    		db	255,37h, 1 + 36 * 2	; 311
2231++ A38E 9B AA       		dw	frq_214
2232++ A390             
2233++ A390             ;--- GM 113 = Agogo ---
2234++ A390             
2235++ A390             patch_113: 	
2236++ A390 00          		db	0	; transpose off
2237++ A391 BD 98       		dw	patch_23Ahdr
2238++ A393 FF 0B 18    		db	255,11, 12 * 2
2239++ A396 E3 AA       		dw	frq_217
2240++ A398             
2241++ A398             
2242++ A398             ;--- GM 114 = Steel Drums ---
2243++ A398             
2244++ A398             patch_114A: 	
2245++ A398 00          		db	0	; transpose off
2246++ A399 A0 A3       		dw	patch_114Ahdr
2247++ A39B FF FE 18    		db	255,254, 12 * 2
2248++ A39E DB AC       		dw	frq_317
2249++ A3A0             patch_114Ahdr: 	
2250++ A3A0 38 E0 01 FF 		db	038h,0e0h,1,0ffh
2251++ A3A4             
2252++ A3A4             patch_114B: 	
2253++ A3A4 00          		db	0	; transpose off
2254++ A3A5 AC A3       		dw	patch_114Bhdr
2255++ A3A7 FF 01 49    		db	255,1, 1 + 36 * 2	; tone 257
2256++ A3AA F3 A9       		dw	frq_195
2257++ A3AC             patch_114Bhdr: 	
2258++ A3AC             		db	038h,098h,0b0h,0b0h,005h,0e0h,1,0ffh
2258++ A3AC 3898B0B005E001FF
2259++ A3B4             
2260++ A3B4             ;--- GM 115 = Woodblock ---
2261++ A3B4             
2262++ A3B4             patch_115: 	
2263++ A3B4 00          		db	0	; transpose off
2264++ A3B5 BC A3       		dw	patch_115hdr
2265++ A3B7 FF 2C 30    		db	255,44, 24 * 2
2266++ A3BA 13 AE       		dw	frq_355
2267++ A3BC             patch_115hdr: 	
2268++ A3BC 00 FF       		db	0,0ffh
2269++ A3BE             
2270++ A3BE             ;--- GM 116 = Taiko Drum ---
2271++ A3BE             
2272++ A3BE             patch_116: 	
2273++ A3BE 00          		db	0	; transpose off
2274++ A3BF BD 98       		dw	patch_23Ahdr
2275++ A3C1 FF 3E 18    		db	255,62, 12 * 2
2276++ A3C4 E3 AA       		dw	frq_217
2277++ A3C6             
2278++ A3C6             ;--- GM 117 = Melodic Tom ---
2279++ A3C6             
2280++ A3C6             patch_117: 	
2281++ A3C6 00          		db	0	; transpose off
2282++ A3C7 CE A3       		dw	patch_117hdr
2283++ A3C9 FF C7 48    		db	255,199, 36 * 2
2284++ A3CC AB B2       		dw	frq_616
2285++ A3CE             patch_117hdr: 	
2286++ A3CE 38 C8 01 FF 		db	038h,0c8h,1,0ffh
2287++ A3D2             
2288++ A3D2             ;--- GM 118 = Synth Drum ---
2289++ A3D2             
2290++ A3D2             patch_118: 	
2291++ A3D2 00          		db	0	; transpose off
2292++ A3D3 BD 98       		dw	patch_23Ahdr
2293++ A3D5 FF 26 30    		db	255,38, 24 * 2
2294++ A3D8 23 A7       		dw	frq_27
2295++ A3DA             
2296++ A3DA             ;--- GM 119 = Reverse Cymbal ---
2297++ A3DA             
2298++ A3DA             patch_119: 	
2299++ A3DA 00          		db	0	; transpose off
2300++ A3DB E2 A3       		dw	patch_119hdr
2301++ A3DD FF 31 48    		db	255,49, 36 * 2
2302++ A3E0 1B A9       		dw	frq_143
2303++ A3E2             patch_119hdr: 	
2304++ A3E2 38 C8 09 FF 		db	038h,0c8h,9,0ffh
2305++ A3E6             
2306++ A3E6             ;--- GM 120 = Gtr Fret Noise ---
2307++ A3E6             
2308++ A3E6             patch_120: 	
2309++ A3E6 00          		db	0	; transpose off
2310++ A3E7 BD 98       		dw	patch_23Ahdr
2311++ A3E9 FF 38 31    		db	255,38h, 1 + 24 * 2	; tone 312
2312++ A3EC FB AD       		dw	frq_354
2313++ A3EE             
2314++ A3EE             ;--- GM 121 = Breath Noise ---
2315++ A3EE             
2316++ A3EE             patch_121: 	
2317++ A3EE 00          		db	0	; transpose off
2318++ A3EF BD 98       		dw	patch_23Ahdr
2319++ A3F1 FF 25 31    		db	255,25h, 1 + 24 * 2	; tone 293
2320++ A3F4 73 B4       		dw	frq_733
2321++ A3F6             
2322++ A3F6             ;--- GM 122 = Sea Shore ---
2323++ A3F6             
2324++ A3F6             patch_122A: 	
2325++ A3F6 00          		db	0	; transpose off
2326++ A3F7 FE A3       		dw	patch_122Ahdr
2327++ A3F9 FF 08 48    		db	255,8, 36 * 2
2328++ A3FC BB AB       		dw	frq_264
2329++ A3FE             patch_122Ahdr: 	
2330++ A3FE 00 C8 04 FF 		db	0,0c8h,4,0ffh
2331++ A402             
2332++ A402             patch_122B: 	
2333++ A402 00          		db	0	; transpose off
2334++ A403 0A A4       		dw	patch_122Bhdr
2335++ A405 FF 37 60    		db	255,55, 48 * 2
2336++ A408 23 AA       		dw	frq_203
2337++ A40A             patch_122Bhdr: 	
2338++ A40A             		db	0,098h,020h,0b0h,4,0c8h,5,0e0h,0,0ffh
2338++ A40A 009820B004C805E000FF
2339++ A414             
2340++ A414             
2341++ A414             ;--- GM 124 = Telephone / Bird ---
2342++ A414             
2343++ A414             patch_124: 	
2344++ A414 00          		db	0	; transpose off
2345++ A415 BC A3       		dw	patch_115hdr
2346++ A417 30 03 48    		db	48, 3, 36 * 2
2347++ A41A 23 A7       		dw	frq_27
2348++ A41C FF 09 48    		db	255, 9, 36 * 2
2349++ A41F 23 AA       		dw	frq_203
2350++ A421             
2351++ A421             
2352++ A421             ;--- GM 125 = Helicopter ---
2353++ A421             
2354++ A421             patch_125A: 	
2355++ A421 00          		db	0	; transpose off
2356++ A422 29 A4       		dw	patch_125Ahdr
2357++ A424 FF 01 30    		db	255, 1, 24 * 2
2358++ A427 7B B2       		dw	frq_560
2359++ A429             patch_125Ahdr: 	
2360++ A429 08 C8 07 FF 		db	8,0c8h,7,0ffh
2361++ A42D             
2362++ A42D 00          patch_125B: 	db	0	; transpose off
2363++ A42E 35 A4       		dw	patch_125Bhdr
2364++ A430 FF 37 48    		db	255, 55, 36 * 2
2365++ A433 E3 B0       		dw	frq_462
2366++ A435             patch_125Bhdr: 	
2367++ A435             		db	0,0c8h,7,0e0h,0,0ffh
2367++ A435 00C807E000FF
2368++ A43B             
2369++ A43B             
2370++ A43B             ;--- GM 126 = Applause ---
2371++ A43B             
2372++ A43B             patch_126A: 	
2373++ A43B 00          		db	0	; transpose off
2374++ A43C 43 A4       		dw	patch_126Ahdr
2375++ A43E FF 36 30    		db	255, 54, 24 * 2
2376++ A441 CB AA       		dw	frq_216
2377++ A443             patch_126Ahdr: 	
2378++ A443 0F 98 70 FF 		db	0fh,098h,070h,0ffh
2379++ A447             
2380++ A447             patch_126B: 	
2381++ A447 00          		db	0	; transpose off
2382++ A448 4F A4       		dw	patch_126Bhdr
2383++ A44A FF 36 30    		db	255, 54, 24 * 2
2384++ A44D E3 B0       		dw	frq_462
2385++ A44F             patch_126Bhdr: 	
2386++ A44F 07 98 70 FF 		db	07h,098h,070h,0ffh
2387++ A453             
2388++ A453             ;--- GM 127 = Gunshot / Snare ---
2389++ A453             
2390++ A453             patch_127: 	
2391++ A453 00          		db	0	; transpose off
2392++ A454 60 A4       		dw	patch_127hdr
2393++ A456 30 39 31    		db	48,39h, 1 + 24 * 2	; tone 313
2394++ A459 23 AA       		dw	frq_203
2395++ A45B             ;        	db      255, 59, 1 + 24 * 2
2396++ A45B FF 78 30    		db	255, 120, 0 + 24 * 2
2397++ A45E 23 AA       		dw	frq_203
2398++ A460             patch_127hdr: 	
2399++ A460 38 C8 03 FF 		db	038h,0c8h,3,0ffh
2400++ A464             
2401++ A464             ;--- Drum patch 1 ---
2402++ A464             
2403++ A464             drum_1: 	
2404++ A464 00          		db	0	; transpose off
2405++ A465 71 A4       		dw	drum_1hdr
2406++ A467 30 11 30    		db	48,17, 24 * 2	; tone 17
2407++ A46A BB AB       		dw	frq_264
2408++ A46C FF BF 48    		db	255,191, 36 * 2	; tone 191
2409++ A46F BB AB       		dw	frq_264
2410++ A471             drum_1hdr: 	
2411++ A471             		db	0,098h,0f4h,0b0h,0feh,0c8h,6,0ffh
2411++ A471 0098F4B0FEC806FF
2412++ A479             
2413++ A479             ;--- Drum patch 2 ---
2414++ A479             
2415++ A479             drum_2: 	
2416++ A479 00          		db	0	; transpose off
2417++ A47A 86 A4       		dw	drum_2hdr
2418++ A47C 30 D1 30    		db	48,209, 24 * 2	; tone 209
2419++ A47F 9B B6       		dw	frq_908
2420++ A481 FF C5 30    		db	255,197, 24 * 2	; tone 197
2421++ A484 9B B6       		dw	frq_908
2422++ A486             drum_2hdr: 	
2423++ A486             		db	0,098h,0f5h,0b0h,0f2h,0c8h,6,0ffh
2423++ A486 0098F5B0F2C806FF
2424++ A48E             
2425++ A48E             
2426++ A48E             ;--- Drum patch 3 ---
2427++ A48E             
2428++ A48E             drum_3: 		
2429++ A48E 00          		db	0	; transpose off
2430++ A48F 96 A4       		dw	drum_3hdr
2431++ A491 FF 0A 30    		db	255,10, 24 * 2	; tone 10
2432++ A494 6B B3       		dw	frq_654
2433++ A496             drum_3hdr: 	
2434++ A496             		db	0,098h,0f4h,0b0h,0f2h,0c8h,6,0ffh
2434++ A496 0098F4B0F2C806FF
2435++ A49E             
2436++ A49E             ;--- Drum patch 4 ---
2437++ A49E             
2438++ A49E             drum_4: 		
2439++ A49E 00          		db	0	; transpose off
2440++ A49F 96 A4       		dw	drum_3hdr
2441++ A4A1 FF 1C 30    		db	255,28, 24 * 2	; tone 28
2442++ A4A4 93 A9       		dw	frq_187
2443++ A4A6             
2444++ A4A6             ;--- Drum patch 5 ---
2445++ A4A6             
2446++ A4A6             drum_5: 	
2447++ A4A6 00          		db	0	; transpose off
2448++ A4A7 96 A4       		dw	drum_3hdr
2449++ A4A9 FF 1F 30    		db	255,31, 24 * 2	; tone 31
2450++ A4AC 9B B6       		dw	frq_908
2451++ A4AE             
2452++ A4AE             ;--- Drum patch 6 ---
2453++ A4AE             
2454++ A4AE             drum_6: 		
2455++ A4AE 00          		db	0	; transpose off
2456++ A4AF 96 A4       		dw	drum_3hdr
2457++ A4B1 FF 9C 30    		db	255,156, 24 * 2	; tone 156
2458++ A4B4 23 A7       		dw	frq_27
2459++ A4B6             
2460++ A4B6             ;--- Drum patch 7 ---
2461++ A4B6             
2462++ A4B6             drum_7: 	
2463++ A4B6 00          		db	0	; transpose off
2464++ A4B7 96 A4       		dw	drum_3hdr
2465++ A4B9 FF 31 30    		db	255,49, 24 * 2	; tone 49
2466++ A4BC F3 A6       		dw	frq_24
2467++ A4BE             
2468++ A4BE             ;--- Drum patch 8 ---
2469++ A4BE             
2470++ A4BE             drum_8: 	
2471++ A4BE 00          		db	0	; transpose off
2472++ A4BF C6 A4       		dw	drum_8hdr
2473++ A4C1 FF 9D 30    		db	255,157, 24 * 2	; tone 157
2474++ A4C4 8B B4       		dw	frq_737
2475++ A4C6             drum_8hdr: 	
2476++ A4C6             		db	0,0b0h,027h,0c8h,6,0ffh
2476++ A4C6 00B027C806FF
2477++ A4CC             
2478++ A4CC             gmdrm_hdr1: 	
2479++ A4CC             		db	0,098h,0f4h,0b0h,0f2h,0c8h,6,0ffh
2479++ A4CC 0098F4B0F2C806FF
2480++ A4D4             gmdrm_hdr2: 	
2481++ A4D4             		db	0,098h,0f5h,0b0h,0f2h,0c8h,6,0ffh
2481++ A4D4 0098F5B0F2C806FF
2482++ A4DC             gmdrm_hdr3: 	
2483++ A4DC             		db	0,098h,0f2h,0b0h,0f2h,0c8h,6,0ffh
2483++ A4DC 0098F2B0F2C806FF
2484++ A4E4             gmdrm_hdr4: 	
2485++ A4E4             		db	0,098h,0f1h,0b0h,0f2h,0c8h,6,0ffh
2485++ A4E4 0098F1B0F2C806FF
2486++ A4EC             gmdrm_hdr5: 	
2487++ A4EC             		db	0,098h,0f4h,0b0h,027h,0c8h,6,0ffh
2487++ A4EC 0098F4B027C806FF
2488++ A4F4             gmdrm_hdr6: 	
2489++ A4F4             		db	0,098h,0f4h,0b0h,0f2h,0c8h,7,0ffh
2489++ A4F4 0098F4B0F2C807FF
2490++ A4FC             gmdrm_hdr7: 	
2491++ A4FC             		db	0,098h,0f6h,0b0h,0ffh,0c8h,6,0ffh
2491++ A4FC 0098F6B0FFC806FF
2492++ A504             gmdrm_hdr8: 	
2493++ A504             		db	0,098h,0f4h,0b0h,0f2h,0c8h,6,0ffh
2493++ A504 0098F4B0F2C806FF
2494++ A50C             gmdrm_hdr9: 	
2495++ A50C             		db	0,098h,0f4h,0b0h,0f2h,0c8h,4,0ffh
2495++ A50C 0098F4B0F2C804FF
2496++ A514             
2497++ A514             ;--- Midi Drum patch ---
2498++ A514             
2499++ A514             drum_midi: 	
2500++ A514 00          		db	0	; transpose off
2501++ A515 CC A4       		dw	gmdrm_hdr1
2502++ A517 24 10 1A    		db	36,16, (48 - 35) * 2	; tone 16
2503++ A51A AB AC       		dw	frq_311
2504++ A51C             
2505++ A51C             MBPlayer_gmdrm_c4: 
2506++ A51C             gmdrm_c4: 	
2507++ A51C 11          		db	17
2508++ A51D 18 F2       		db	018h,0f2h
2509++ A51F CC A4       		dw	gmdrm_hdr1
2510++ A521             gmdrm_cp4: 	
2511++ A521 D2          		db	210
2512++ A522 F6 00       		db	0f6h,0
2513++ A524 CC A4       		dw	gmdrm_hdr1
2514++ A526             gmdrm_d4: 	
2515++ A526 D1          		db	209
2516++ A527 F4 F6       		db	0f4h,0f6h
2517++ A529 D4 A4       		dw	gmdrm_hdr2
2518++ A52B             gmdrm_dp4: 	
2519++ A52B 0A          		db	10
2520++ A52C 2A F5       		db	02ah,0f5h
2521++ A52E CC A4       		dw	gmdrm_hdr1
2522++ A530             gmdrm_e4: 	
2523++ A530 D1          		db	209
2524++ A531 38 03       		db	038h,003h
2525++ A533 DC A4       		dw	gmdrm_hdr3
2526++ A535             gmdrm_f4: 	
2527++ A535 C8          		db	200
2528++ A536 60 00       		db	060h,0
2529++ A538 CC A4       		dw	gmdrm_hdr1
2530++ A53A             gmdrm_fp4: 	
2531++ A53A 79          		db	121
2532++ A53B 5C 01       		db	05ch,1
2533++ A53D CC A4       		dw	gmdrm_hdr1
2534++ A53F             gmdrm_g4: 	
2535++ A53F C8          		db	200
2536++ A540 A8 02       		db	0a8h,2
2537++ A542 CC A4       		dw	gmdrm_hdr1
2538++ A544             gmdrm_gp4: 	
2539++ A544 7B          		db	123
2540++ A545 34 05       		db	034h,5
2541++ A547 CC A4       		dw	gmdrm_hdr1
2542++ A549             gmdrm_a4: 	
2543++ A549 C8          		db	200
2544++ A54A 46 04       		db	046h,4
2545++ A54C CC A4       		dw	gmdrm_hdr1
2546++ A54E             gmdrm_ap4: 	
2547++ A54E 7A          		db	122
2548++ A54F 34 05       		db	034h,5
2549++ A551 E4 A4       		dw	gmdrm_hdr4
2550++ A553 C7          gmdrm_b4: 	db	199
2551++ A554 0A 03       		db	00ah,3
2552++ A556 CC A4       		dw	gmdrm_hdr1
2553++ A558             
2554++ A558             gmdrm_c5: 	
2555++ A558 C7          		db	199
2556++ A559 F4 04       		db	0f4h,4
2557++ A55B CC A4       		dw	gmdrm_hdr1
2558++ A55D             gmdrm_cp5: 	
2559++ A55D 31          		db	49
2560++ A55E 32 00       		db	032h,0
2561++ A560 CC A4       		dw	gmdrm_hdr1
2562++ A562             gmdrm_d5: 	
2563++ A562 C7          		db	199
2564++ A563 90 10       		db	090h,010h
2565++ A565 CC A4       		dw	gmdrm_hdr1
2566++ A567             gmdrm_dp5: 	
2567++ A567 2E          		db	46
2568++ A568 CE 01       		db	0ceh,1
2569++ A56A CC A4       		dw	gmdrm_hdr1
2570++ A56C             gmdrm_e5: 	
2571++ A56C 7A          		db	122
2572++ A56D 56 E1       		db	056h,0e1h
2573++ A56F CC A4       		dw	gmdrm_hdr1
2574++ A571             gmdrm_f5: 	
2575++ A571 21          		db	33
2576++ A572 3C 01       		db	03ch,1
2577++ A574 CC A4       		dw	gmdrm_hdr1
2578++ A576             gmdrm_fp5: 	
2579++ A576 25          		db	37
2580++ A577 BA 00       		db	0bah,0
2581++ A579 DC A4       		dw	gmdrm_hdr3
2582++ A57B             gmdrm_g5: 	
2583++ A57B 31          		db	49
2584++ A57C CA 05       		db	0cah,5
2585++ A57E D4 A4       		dw	gmdrm_hdr2
2586++ A580 1D          gmdrm_gp5: 	db	29
2587++ A581 FE F6       		db	0feh,0f6h
2588++ A583 CC A4       		dw	gmdrm_hdr1
2589++ A585             gmdrm_a5: 	
2590++ A585 31          		db	49
2591++ A586 70 03       		db	070h,3
2592++ A588 CC A4       		dw	gmdrm_hdr1
2593++ A58A 9D          gmdrm_ap5: 	db	157
2594++ A58B CA F5       		db	0cah,0f5h
2595++ A58D EC A4       		dw	gmdrm_hdr5
2596++ A58F             gmdrm_b5: 	
2597++ A58F 2E          		db	46
2598++ A590 74 05       		db	074h,5
2599++ A592 F4 A4       		dw	gmdrm_hdr6
2600++ A594             
2601++ A594             gmdrm_c6: 	
2602++ A594 1C          		db	28
2603++ A595 76 01       		db	076h,1
2604++ A597 CC A4       		dw	gmdrm_hdr1
2605++ A599             gmdrm_cp6: 	
2606++ A599 1C          		db	28
2607++ A59A 32 00       		db	032h,0
2608++ A59C CC A4       		dw	gmdrm_hdr1
2609++ A59E             gmdrm_d6: 	
2610++ A59E 1E          		db	30
2611++ A59F DA F4       		db	0dah,0f4h
2612++ A5A1 CC A4       		dw	gmdrm_hdr1
2613++ A5A3             gmdrm_dp6: 	
2614++ A5A3 1F          		db	31
2615++ A5A4 FE F6       		db	0feh,0f6h
2616++ A5A6 CC A4       		dw	gmdrm_hdr1
2617++ A5A8             gmdrm_e6: 	
2618++ A5A8 1F          		db	31
2619++ A5A9 FC F2       		db	0fch,0f2h
2620++ A5AB CC A4       		dw	gmdrm_hdr1
2621++ A5AD             gmdrm_f6: 	
2622++ A5AD 9C          		db	156
2623++ A5AE 3E 00       		db	03eh,0
2624++ A5B0 CC A4       		dw	gmdrm_hdr1
2625++ A5B2             gmdrm_fp6: 	
2626++ A5B2 9C          		db	156
2627++ A5B3 D0 F4       		db	0d0h,0f4h
2628++ A5B5 CC A4       		dw	gmdrm_hdr1
2629++ A5B7             gmdrm_g6: 	
2630++ A5B7 0B          		db	11
2631++ A5B8 16 00       		db	016h,0
2632++ A5BA CC A4       		dw	gmdrm_hdr1
2633++ A5BC             gmdrm_gp6: 	
2634++ A5BC 0B          		db	11
2635++ A5BD 3C F4       		db	03ch,0f4h
2636++ A5BF CC A4       		dw	gmdrm_hdr1
2637++ A5C1             gmdrm_a6: 	
2638++ A5C1 2F          		db	47
2639++ A5C2 50 03       		db	050h,3
2640++ A5C4 CC A4       		dw	gmdrm_hdr1
2641++ A5C6             gmdrm_ap6: 	
2642++ A5C6 30          		db	48
2643++ A5C7 4A 00       		db	04ah,0
2644++ A5C9 CC A4       		dw	gmdrm_hdr1
2645++ A5CB             gmdrm_b6: 	
2646++ A5CB 2D          		db	45
2647++ A5CC 38 F3       		db	038h,0f3h
2648++ A5CE CC A4       		dw	gmdrm_hdr1
2649++ A5D0             
2650++ A5D0             gmdrm_c7: 	
2651++ A5D0 44          		db	044h
2652++ A5D1 53 F2       		db	053h,0f2h
2653++ A5D3 FC A4       		dw	gmdrm_hdr7
2654++ A5D5             gmdrm_cp7: 	
2655++ A5D5 24          		db	36
2656++ A5D6 74 05       		db	074h,5
2657++ A5D8 04 A5       		dw	gmdrm_hdr8
2658++ A5DA             gmdrm_d7: 	
2659++ A5DA 24          		db	36
2660++ A5DB 48 F6       		db	048h,0f6h
2661++ A5DD CC A4       		dw	gmdrm_hdr1
2662++ A5DF             gmdrm_dp7: 	
2663++ A5DF 20          		db	32
2664++ A5E0 50 F5       		db	050h,0f5h
2665++ A5E2 CC A4       		dw	gmdrm_hdr1
2666++ A5E4             gmdrm_e7: 	
2667++ A5E4 2C          		db	44
2668++ A5E5 28 F2       		db	028h,0f2h
2669++ A5E7 CC A4       		dw	gmdrm_hdr1
2670++ A5E9             gmdrm_f7: 	
2671++ A5E9 2C          		db	44
2672++ A5EA 5C E7       		db	05ch,0e7h
2673++ A5EC CC A4       		dw	gmdrm_hdr1
2674++ A5EE             gmdrm_fp7: 	
2675++ A5EE 22          		db	34
2676++ A5EF 22 10       		db	022h,010h
2677++ A5F1 CC A4       		dw	gmdrm_hdr1
2678++ A5F3             gmdrm_g7: 	
2679++ A5F3 23          		db	35
2680++ A5F4 C0 F6       		db	0c0h,0f6h
2681++ A5F6 CC A4       		dw	gmdrm_hdr1
2682++ A5F8             gmdrm_gp7: 	
2683++ A5F8 32          		db	50
2684++ A5F9 50 00       		db	050h,0
2685++ A5FB CC A4       		dw	gmdrm_hdr1
2686++ A5FD             gmdrm_a7: 	
2687++ A5FD 32          		db	50
2688++ A5FE 54 00       		db	054h,0
2689++ A600 0C A5       		dw	gmdrm_hdr9
2690++ A602             gmdrm_ap7: 	
2691++ A602 BF          		db	191
2692++ A603 18 F2       		db	018h,0f2h
2693++ A605 CC A4       		dw	gmdrm_hdr1
2694++ A607             gmdrm_b7: 	
2695++ A607 C5          		db	197
2696++ A608 18 F7       		db	018h,0f7h
2697++ A60A CC A4       		dw	gmdrm_hdr1
2698++ A60C             gmdrm_c8: 	
2699++ A60C C5          		db	197
2700++ A60D 38 03       		db	038h,003h
2701++ A60F CC A4       		dw	gmdrm_hdr1
2702++ A611             gmdrm_cp8: 	
2703++ A611 D0          		db	208
2704++ A612 18 F2       		db	018h,0f2h
2705++ A614 CC A4       		dw	gmdrm_hdr1
2706++ A616             gmdrm_d8: 	
2707++ A616 78          		db	120
2708++ A617 18 F2       		db	018h,0f2h
2709++ A619 CC A4       		dw	gmdrm_hdr1
2710++ A61B             
1592+  A61B             		.include "freq_table_4.inc"
0001++ A61B             ;-------------------------------------------------------------------
0002++ A61B             ; îïèñàíèå:  Òàáëèöà ÷àñòîò
0003++ A61B             ;---------------------------------------------------------------------
0004++ A61B             frq_0: 		
0005++ A61B             		dw	0,61,125,194,266,343,424,510,601,698,801,909
0005++ A61B 00003D007D00C2000A015701A801FE015902BA0221038D03
0006++ A633             frq_1: 		
0007++ A633             		dw	1,62,127,195,268,345,426,512,604,700,803,912
0007++ A633 01003E007F00C3000C015901AA0100025C02BC0223039003
0008++ A64B             frq_8: 		
0009++ A64B             		dw	8,69,134,203,276,353,435,522,614,711,814,924
0009++ A64B 080045008600CB0014016101B3010A026602C7022E039C03
0010++ A663             frq_9: 		
0011++ A663             		dw	9,70,135,204,277,355,437,524,616,713,816,926
0011++ A663 090046008700CC0015016301B5010C026802C90230039E03
0012++ A67B             frq_10: 		
0013++ A67B             		dw	10,71,136,205,278,356,438,525,617,714,818,927
0013++ A67B 0A0047008800CD0016016401B6010D026902CA0232039F03
0014++ A693             frq_15: 		
0015++ A693             		dw	15,77,143,212,286,364,446,533,626,724,828,938
0015++ A693 0F004D008F00D4001E016C01BE0115027202D4023C03AA03
0016++ A6AB             frq_20: 		
0017++ A6AB             		dw	20,82,148,217,291,369,452,540,633,731,836,946
0017++ A6AB 140052009400D90023017101C4011C027902DB024403B203
0018++ A6C3             frq_21: 		
0019++ A6C3             		dw	21,83,148,218,292,370,453,542,635,733,838,949
0019++ A6C3 150053009400DA0024017201C5011E027B02DD024603B503
0020++ A6DB             frq_22: 		
0021++ A6DB             		dw	22,84,150,219,293,372,455,542,636,734,839,950
0021++ A6DB 160054009600DB0025017401C7011E027C02DE024703B603
0022++ A6F3             frq_24: 		
0023++ A6F3             		dw	24,86,152,222,296,375,457,545,639,737,842,953
0023++ A6F3 180056009800DE0028017701C90121027F02E1024A03B903
0024++ A70B             frq_26: 		
0025++ A70B             		dw	26,88,154,224,299,377,461,549,642,741,846,958
0025++ A70B 1A0058009A00E0002B017901CD0125028202E5024E03BE03
0026++ A723             frq_27: 		
0027++ A723             		dw	27,89,155,225,300,378,462,550,644,743,848,959
0027++ A723 1B0059009B00E1002C017A01CE0126028402E7025003BF03
0028++ A73B             frq_45: 		
0029++ A73B             		dw	45,109,176,248,324,403,488,578,673,774,881,995
0029++ A73B 2D006D00B000F80044019301E8014202A10206037103E303
0030++ A753             frq_46: 		
0031++ A753             		dw	46,110,177,248,324,404,489,579,674,775,882,996
0031++ A753 2E006E00B100F80044019401E9014302A20207037203E403
0032++ A76B             frq_69: 		
0033++ A76B             		dw	69,134,203,276,353,435,522,614,711,815,924,8+2048
0033++ A76B 45008600CB0014016101B3010A026602C7022F039C030808
0034++ A783             frq_70: 		
0035++ A783             		dw	70,135,204,277,354,436,523,615,712,815,925,8+2048
0035++ A783 46008700CC0015016201B4010B026702C8022F039D030808
0036++ A79B             frq_73: 		
0037++ A79B             		dw	73,139,208,281,359,441,528,620,718,822,932,12+2048
0037++ A79B 49008B00D00019016701B90110026C02CE023603A4030C08
0038++ A7B3             frq_75: 		
0039++ A7B3             		dw	75,141,210,283,361,444,531,623,721,825,935,14+2048
0039++ A7B3 4B008D00D2001B016901BC0113026F02D1023903A7030E08
0040++ A7CB             frq_79: 		
0041++ A7CB             		dw	79,145,214,288,366,449,536,629,727,831,942,17+2048
0041++ A7CB 4F009100D60020016E01C10118027502D7023F03AE031108
0042++ A7E3             frq_82: 		
0043++ A7E3             		dw	82,147,217,291,369,452,540,633,731,835,946,20+2048
0043++ A7E3 52009300D90023017101C4011C027902DB024303B2031408
0044++ A7FB             frq_84: 		
0045++ A7FB             		dw	84,150,219,293,372,455,543,636,734,839,950,22+2048
0045++ A7FB 54009600DB0025017401C7011F027C02DE024703B6031608
0046++ A813             frq_88: 		
0047++ A813             		dw	88,154,224,298,377,460,548,642,741,846,957,25+2048
0047++ A813 58009A00E0002A017901CC0124028202E5024E03BD031908
0048++ A82B             frq_89: 		
0049++ A82B             		dw	89,155,225,299,378,461,550,643,742,847,959,26+2048
0049++ A82B 59009B00E1002B017A01CD0126028302E6024F03BF031A08
0050++ A843             frq_91: 		
0051++ A843             		dw	91,157,228,302,381,465,553,647,746,851,963,29+2048
0051++ A843 5B009D00E4002E017D01D10129028702EA025303C3031D08
0052++ A85B             frq_94: 		
0053++ A85B             		dw	94,161,231,306,385,469,557,651,751,857,968,31+2048
0053++ A85B 5E00A100E70032018101D5012D028B02EF025903C8031F08
0054++ A873             frq_96: 		
0055++ A873             		dw	96,162,233,308,387,471,560,654,753,859,971,33+2048
0055++ A873 6000A200E90034018301D70130028E02F1025B03CB032108
0056++ A88B             frq_97: 		
0057++ A88B             		dw	97,164,235,309,389,473,562,656,756,862,974,34+2048
0057++ A88B 6100A400EB0035018501D90132029002F4025E03CE032208
0058++ A8A3             frq_98: 		
0059++ A8A3             		dw	98,165,236,311,390,474,563,657,757,863,976,35+2048
0059++ A8A3 6200A500EC0037018601DA0133029102F5025F03D0032308
0060++ A8BB             frq_113: 	
0061++ A8BB             		dw	113,180,252,328,408,493,583,679,780,887,1001,49+2048
0061++ A8BB 7100B400FC0048019801ED014702A7020C037703E9033108
0062++ A8D3             frq_118: 	
0063++ A8D3             		dw	118,186,257,334,415,501,591,687,789,897,1011,54+2048
0063++ A8D3 7600BA0001014E019F01F5014F02AF0215038103F3033608
0064++ A8EB             frq_135: 	
0065++ A8EB             		dw	135,204,277,355,437,524,616,713,816,926,9+2048,70+2048
0065++ A8EB 8700CC0015016301B5010C026802C90230039E0309084608
0066++ A903             frq_141: 	
0067++ A903             		dw	141,210,283,361,443,530,623,721,825,935,13+2048,75+2048
0067++ A903 8D00D2001B016901BB0112026F02D1023903A7030D084B08
0068++ A91B             frq_143: 	
0069++ A91B             		dw	143,212,286,363,446,533,626,724,828,938,15+2048,77+2048
0069++ A91B 8F00D4001E016B01BE0115027202D4023C03AA030F084D08
0070++ A933             frq_155: 	
0071++ A933             		dw	155,225,299,376,461,549,643,742,847,959,26+2048,89+2048
0071++ A933 9B00E1002B017801CD0125028302E6024F03BF031A085908
0072++ A94B             frq_156: 	
0073++ A94B             		dw	156,226,300,379,462,551,644,744,849,960,27+2048,89+2048
0073++ A94B 9C00E2002C017B01CE0127028402E8025103C0031B085908
0074++ A963             frq_167: 	
0075++ A963             		dw	167,237,312,392,476,565,660,760,866,978,37+2048,100+2048
0075++ A963 A700ED0038018801DC0135029402F8026203D20325086408
0076++ A97B             frq_184: 	
0077++ A97B             		dw	184,256,332,413,499,589,685,787,894,1008,53+2048,117+2048
0077++ A97B B80000014C019D01F3014D02AD0213037E03F00335087508
0078++ A993             frq_187: 	
0079++ A993             		dw	187,259,336,417,502,593,689,791,899,1013,55+2048,119+2048
0079++ A993 BB0003015001A101F6015102B10217038303F50337087708
0080++ A9AB             frq_188: 	
0081++ A9AB             		dw	188,260,336,417,503,593,690,792,899,1014,56+2048,120+2048
0081++ A9AB BC0004015001A101F7015102B20218038303F60338087808
0082++ A9C3             frq_191: 	
0083++ A9C3             		dw	191,263,340,421,507,598,694,796,905,1019,58+2048,123+2048
0083++ A9C3 BF0007015401A501FB015602B6021C038903FB033A087B08
0084++ A9DB             frq_192: 	
0085++ A9DB             		dw	192,264,341,422,508,599,696,798,906,1021,59+2048,124+2048
0085++ A9DB C00008015501A601FC015702B8021E038A03FD033B087C08
0086++ A9F3             frq_195: 	
0087++ A9F3             		dw	195,267,344,425,512,603,700,802,911,1+2048,62+2048,126+2048
0087++ A9F3 C3000B015801A90100025B02BC0222038F0301083E087E08
0088++ AA0B             frq_202: 	
0089++ AA0B             		dw	202,275,352,434,521,613,710,813,922,7+2048,68+2048,133+2048
0089++ AA0B CA0013016001B20109026502C6022D039A03070844088508
0090++ AA23             frq_203: 	
0091++ AA23             		dw	203,276,353,435,522,614,711,815,924,8+2048,69+2048,134+2048
0091++ AA23 CB0014016101B3010A026602C7022F039C03080845088608
0092++ AA3B             frq_204: 	
0093++ AA3B             		dw	204,277,354,436,523,615,712,815,925,8+2048,70+2048,135+2048
0093++ AA3B CC0015016201B4010B026702C8022F039D03080846088708
0094++ AA53             frq_206: 	
0095++ AA53             		dw	206,279,356,438,525,618,715,819,928,10+2048,72+2048,137+2048
0095++ AA53 CE0017016401B6010D026A02CB023303A0030A0848088908
0096++ AA6B             frq_208: 	
0097++ AA6B             		dw	208,281,359,441,528,621,718,822,932,12+2048,74+2048,139+2048
0097++ AA6B D00019016701B90110026D02CE023603A4030C084A088B08
0098++ AA83             frq_211: 	
0099++ AA83             		dw	211,284,362,445,532,624,722,826,936,14+2048,76+2048,142+2048
0099++ AA83 D3001C016A01BD0114027002D2023A03A8030E084C088E08
0100++ AA9B             frq_214: 	
0101++ AA9B             		dw	214,288,366,449,536,629,727,831,942,17+2048,79+2048,145+2048
0101++ AA9B D60020016E01C10118027502D7023F03AE0311084F089108
0102++ AAB3             frq_215: 	
0103++ AAB3             		dw	215,289,367,450,538,630,729,833,943,18+2048,80+2048,146+2048
0103++ AAB3 D70021016F01C2011A027602D9024103AF03120850089208
0104++ AACB             frq_216: 	
0105++ AACB             		dw	216,289,368,450,538,631,729,834,944,19+2048,80+2048,146+2048
0105++ AACB D80021017001C2011A027702D9024203B003130850089208
0106++ AAE3             frq_217: 	
0107++ AAE3             		dw	217,291,369,452,540,633,731,835,946,20+2048,82+2048,147+2048
0107++ AAE3 D90023017101C4011C027902DB024303B203140852089308
0108++ AAFB             frq_219: 	
0109++ AAFB             		dw	219,293,372,455,543,636,734,839,950,22+2048,84+2048,150+2048
0109++ AAFB DB0025017401C7011F027C02DE024703B603160854089608
0110++ AB13             frq_220: 	
0111++ AB13             		dw	220,294,373,456,544,637,736,841,951,22+2048,85+2048,151+2048
0111++ AB13 DC0026017501C80120027D02E0024903B703160855089708
0112++ AB2B             frq_221: 	
0113++ AB2B             		dw	221,296,374,457,545,639,737,842,953,23+2048,86+2048,152+2048
0113++ AB2B DD0028017601C90121027F02E1024A03B903170856089808
0114++ AB43             frq_228: 	
0115++ AB43             		dw	228,302,381,465,553,647,747,852,963,29+2048,91+2048,158+2048
0115++ AB43 E4002E017D01D10129028702EB025403C3031D085B089E08
0116++ AB5B             frq_231: 	
0117++ AB5B             		dw	231,305,384,468,557,651,750,856,967,31+2048,94+2048,160+2048
0117++ AB5B E70031018001D4012D028B02EE025803C7031F085E08A008
0118++ AB73             frq_242: 	
0119++ AB73             		dw	242,317,397,481,571,666,766,873,985,40+2048,104+2048,171+2048
0119++ AB73 F2003D018D01E1013B029A02FE026903D90328086808AB08
0120++ AB8B             frq_254: 	
0121++ AB8B             		dw	254,330,410,495,586,681,783,890,1004,50+2048,114+2048,182+2048
0121++ AB8B FE004A019A01EF014A02A9020F037A03EC0332087208B608
0122++ ABA3             frq_261: 	
0123++ ABA3             		dw	261,337,418,504,595,691,793,901,1016,56+2048,121+2048,189+2048
0123++ ABA3 05015101A201F8015302B30219038503F80338087908BD08
0124++ ABBB             frq_264: 	
0125++ ABBB             		dw	264,341,422,508,599,695,797,906,1020,59+2048,123+2048,192+2048
0125++ ABBB 08015501A601FC015702B7021D038A03FC033B087B08C008
0126++ ABD3             frq_273: 	
0127++ ABD3             		dw	273,350,432,519,610,708,810,920,6+2048,67+2048,132+2048,200+2048
0127++ ABD3 11015E01B00107026202C4022A039803060843088408C808
0128++ ABEB             frq_274: 	
0129++ ABEB             		dw	274,351,433,519,611,708,811,920,6+2048,67+2048,132+2048,201+2048
0129++ ABEB 12015F01B10107026302C4022B039803060843088408C908
0130++ AC03             frq_282: 	
0131++ AC03             		dw	282,360,442,529,621,719,823,933,13+2048,74+2048,139+2048,209+2048
0131++ AC03 1A016801BA0111026D02CF023703A5030D084A088B08D108
0132++ AC1B             frq_286: 	
0133++ AC1B             		dw	286,363,446,533,626,724,828,938,15+2048,77+2048,143+2048,212+2048
0133++ AC1B 1E016B01BE0115027202D4023C03AA030F084D088F08D408
0134++ AC33             frq_287: 	
0135++ AC33             		dw	287,365,447,535,627,726,830,940,16+2048,78+2048,144+2048,213+2048
0135++ AC33 1F016D01BF0117027302D6023E03AC0310084E089008D508
0136++ AC4B             frq_288: 	
0137++ AC4B             		dw	288,366,449,536,629,727,831,942,17+2048,79+2048,145+2048,214+2048
0137++ AC4B 20016E01C10118027502D7023F03AE0311084F089108D608
0138++ AC63             frq_290: 	
0139++ AC63             		dw	290,368,451,539,632,730,835,945,19+2048,81+2048,147+2048,216+2048
0139++ AC63 22017001C3011B027802DA024303B103130851089308D808
0140++ AC7B             frq_291: 	
0141++ AC7B             		dw	291,370,453,540,633,731,836,946,20+2048,82+2048,148+2048,217+2048
0141++ AC7B 23017201C5011C027902DB024403B203140852089408D908
0142++ AC93             frq_299: 	
0143++ AC93             		dw	299,378,461,550,643,742,848,959,26+2048,89+2048,155+2048,225+2048
0143++ AC93 2B017A01CD0126028302E6025003BF031A0859089B08E108
0144++ ACAB             frq_311: 	
0145++ ACAB             		dw	311,391,475,564,658,758,864,977,36+2048,99+2048,166+2048,236+2048
0145++ ACAB 37018701DB0134029202F6026003D10324086308A608EC08
0146++ ACC3             frq_314: 	
0147++ ACC3             		dw	314,394,478,567,662,762,868,981,38+2048,101+2048,168+2048,239+2048
0147++ ACC3 3A018A01DE0137029602FA026403D50326086508A808EF08
0148++ ACDB             frq_317: 	
0149++ ACDB             		dw	317,397,481,571,666,766,873,986,41+2048,104+2048,171+2048,242+2048
0149++ ACDB 3D018D01E1013B029A02FE026903DA0329086808AB08F208
0150++ ACF3             frq_333: 	
0151++ ACF3             		dw	333,414,500,590,686,788,896,1010,53+2048,117+2048,185+2048,257+2048
0151++ ACF3 4D019E01F4014E02AE0214038003F20335087508B9080109
0152++ AD0B             frq_335: 	
0153++ AD0B             		dw	335,416,502,593,689,791,899,1013,55+2048,119+2048,187+2048,259+2048
0153++ AD0B 4F01A001F6015102B10217038303F50337087708BB080309
0154++ AD23             frq_338: 	
0155++ AD23             		dw	338,419,505,596,692,794,902,1016,56+2048,121+2048,189+2048,261+2048
0155++ AD23 5201A301F9015402B4021A038603F80338087908BD080509
0156++ AD3B             frq_340: 	
0157++ AD3B             		dw	340,421,507,598,694,796,905,1019,58+2048,123+2048,191+2048,263+2048
0157++ AD3B 5401A501FB015602B6021C038903FB033A087B08BF080709
0158++ AD53             frq_341: 	
0159++ AD53             		dw	341,422,508,599,696,798,906,1021,59+2048,124+2048,192+2048,264+2048
0159++ AD53 5501A601FC015702B8021E038A03FD033B087C08C0080809
0160++ AD6B             frq_342: 	
0161++ AD6B             		dw	342,423,509,600,697,799,907,1022,60+2048,125+2048,193+2048,265+2048
0161++ AD6B 5601A701FD015802B9021F038B03FE033C087D08C1080909
0162++ AD83             frq_343: 	
0163++ AD83             		dw	343,425,511,602,699,801,910,0+2048,61+2048,126+2048,195+2048,267+2048
0163++ AD83 5701A901FF015A02BB0221038E0300083D087E08C3080B09
0164++ AD9B             frq_345: 	
0165++ AD9B             		dw	345,427,513,604,701,804,913,2+2048,63+2048,127+2048,196+2048,268+2048
0165++ AD9B 5901AB0101025C02BD022403910302083F087F08C4080C09
0166++ ADB3             frq_348: 	
0167++ ADB3             		dw	348,429,516,607,704,806,915,3+2048,64+2048,129+2048,198+2048,271+2048
0167++ ADB3 5C01AD0104025F02C00226039303030840088108C6080F09
0168++ ADCB             frq_350: 	
0169++ ADCB             		dw	350,430,518,609,705,808,917,4+2048,65+2048,130+2048,199+2048,272+2048
0169++ ADCB 5E01AE0106026102C10228039503040841088208C7081009
0170++ ADE3             frq_352: 	
0171++ ADE3             		dw	352,434,521,613,710,813,922,7+2048,68+2048,133+2048,202+2048,275+2048
0171++ ADE3 6001B20109026502C6022D039A03070844088508CA081309
0172++ ADFB             frq_354: 	
0173++ ADFB             		dw	354,436,523,615,712,815,925,8+2048,70+2048,135+2048,204+2048,277+2048
0173++ ADFB 6201B4010B026702C8022F039D03080846088708CC081509
0174++ AE13             frq_355: 	
0175++ AE13             		dw	355,437,524,616,713,816,926,9+2048,70+2048,135+2048,204+2048,277+2048
0175++ AE13 6301B5010C026802C90230039E03090846088708CC081509
0176++ AE2B             frq_356: 	
0177++ AE2B             		dw	356,438,525,617,714,818,927,10+2048,71+2048,136+2048,205+2048,278+2048
0177++ AE2B 6401B6010D026902CA0232039F030A0847088808CD081609
0178++ AE43             frq_357: 	
0179++ AE43             		dw	357,439,526,618,716,820,929,11+2048,72+2048,137+2048,206+2048,279+2048
0179++ AE43 6501B7010E026A02CC023403A1030B0848088908CE081709
0180++ AE5B             frq_358: 	
0181++ AE5B             		dw	358,441,528,620,718,821,931,12+2048,73+2048,138+2048,207+2048,281+2048
0181++ AE5B 6601B90110026C02CE023503A3030C0849088A08CF081909
0182++ AE73             frq_360: 	
0183++ AE73             		dw	360,443,530,622,720,824,934,13+2048,75+2048,140+2048,209+2048,283+2048
0183++ AE73 6801BB0112026E02D0023803A6030D084B088C08D1081B09
0184++ AE8B             frq_361: 	
0185++ AE8B             		dw	361,443,531,623,722,825,935,14+2048,76+2048,141+2048,211+2048,284+2048
0185++ AE8B 6901BB0113026F02D2023903A7030E084C088D08D3081C09
0186++ AEA3             frq_363: 	
0187++ AEA3             		dw	363,445,533,625,723,827,937,15+2048,77+2048,142+2048,211+2048,285+2048
0187++ AEA3 6B01BD0115027102D3023B03A9030F084D088E08D3081D09
0188++ AEBB             frq_364: 	
0189++ AEBB             		dw	364,447,534,627,725,829,939,16+2048,78+2048,144+2048,213+2048,286+2048
0189++ AEBB 6C01BF0116027302D5023D03AB0310084E089008D5081E09
0190++ AED3             frq_365: 	
0191++ AED3             		dw	365,447,535,627,726,830,940,16+2048,78+2048,144+2048,213+2048,287+2048
0191++ AED3 6D01BF0117027302D6023E03AC0310084E089008D5081F09
0192++ AEEB             frq_366: 	
0193++ AEEB             		dw	366,449,536,629,727,831,942,17+2048,79+2048,145+2048,214+2048,288+2048
0193++ AEEB 6E01C10118027502D7023F03AE0311084F089108D6082009
0194++ AF03             frq_367: 	
0195++ AF03             		dw	367,450,537,630,729,833,943,18+2048,80+2048,146+2048,216+2048,289+2048
0195++ AF03 6F01C20119027602D9024103AF03120850089208D8082109
0196++ AF1B             frq_369: 	
0197++ AF1B             		dw	369,452,540,633,731,835,946,20+2048,82+2048,147+2048,217+2048,291+2048
0197++ AF1B 7101C4011C027902DB024303B203140852089308D9082309
0198++ AF33             frq_370: 	
0199++ AF33             		dw	370,453,541,634,732,837,947,20+2048,82+2048,148+2048,218+2048,292+2048
0199++ AF33 7201C5011D027A02DC024503B303140852089408DA082409
0200++ AF4B             frq_373: 	
0201++ AF4B             		dw	373,457,545,638,737,841,952,23+2048,85+2048,151+2048,221+2048,295+2048
0201++ AF4B 7501C90121027E02E1024903B803170855089708DD082709
0202++ AF63             frq_378: 	
0203++ AF63             		dw	378,462,550,644,743,848,959,27+2048,89+2048,155+2048,225+2048,300+2048
0203++ AF63 7A01CE0126028402E7025003BF031B0859089B08E1082C09
0204++ AF7B             frq_379: 	
0205++ AF7B             		dw	378,463,551,645,744,849,960,27+2048,90+2048,156+2048,226+2048,300+2048
0205++ AF7B 7A01CF0127028502E8025103C0031B085A089C08E2082C09
0206++ AF93             frq_381: 	
0207++ AF93             		dw	381,465,553,647,747,852,963,29+2048,91+2048,158+2048,228+2048,302+2048
0207++ AF93 7D01D10129028702EB025403C3031D085B089E08E4082E09
0208++ AFAB             frq_385: 	
0209++ AFAB             		dw	385,469,558,652,752,857,969,32+2048,95+2048,161+2048,232+2048,306+2048
0209++ AFAB 8101D5012E028C02F0025903C90320085F08A108E8083209
0210++ AFC3             frq_433: 	
0211++ AFC3             		dw	433,520,612,709,812,921,7+2048,68+2048,133+2048,202+2048,274+2048,352+2048
0211++ AFC3 B10108026402C5022C039903070844088508CA0812096009
0212++ AFDB             frq_434: 	
0213++ AFDB             		dw	434,521,613,710,813,922,7+2048,68+2048,133+2048,202+2048,275+2048,352+2048
0213++ AFDB B20109026502C6022D039A03070844088508CA0813096009
0214++ AFF3             frq_436: 	
0215++ AFF3             		dw	436,523,615,712,815,925,8+2048,70+2048,135+2048,204+2048,277+2048,354+2048
0215++ AFF3 B4010B026702C8022F039D03080846088708CC0815096209
0216++ B00B             frq_442: 	
0217++ B00B             		dw	442,529,621,719,823,933,12+2048,74+2048,139+2048,209+2048,282+2048,360+2048
0217++ B00B BA0111026D02CF023703A5030C084A088B08D1081A096809
0218++ B023             frq_443: 	
0219++ B023             		dw	443,530,622,720,824,934,13+2048,75+2048,140+2048,209+2048,283+2048,360+2048
0219++ B023 BB0112026E02D0023803A6030D084B088C08D1081B096809
0220++ B03B             frq_445: 	
0221++ B03B             		dw	445,532,624,723,826,936,14+2048,76+2048,142+2048,211+2048,284+2048,362+2048
0221++ B03B BD0114027002D3023A03A8030E084C088E08D3081C096A09
0222++ B053             frq_448: 	
0223++ B053             		dw	448,535,628,726,830,941,17+2048,79+2048,144+2048,214+2048,287+2048,365+2048
0223++ B053 C00117027402D6023E03AD0311084F089008D6081F096D09
0224++ B06B             frq_450: 	
0225++ B06B             		dw	450,538,631,730,834,944,19+2048,81+2048,146+2048,216+2048,290+2048,368+2048
0225++ B06B C2011A027702DA024203B003130851089208D80822097009
0226++ B083             frq_455: 	
0227++ B083             		dw	455,543,637,735,840,951,22+2048,84+2048,150+2048,220+2048,294+2048,372+2048
0227++ B083 C7011F027D02DF024803B703160854089608DC0826097409
0228++ B09B             frq_459: 	
0229++ B09B             		dw	459,547,640,739,844,955,24+2048,87+2048,153+2048,223+2048,297+2048,375+2048
0229++ B09B CB0123028002E3024C03BB03180857089908DF0829097709
0230++ B0B3             frq_460: 	
0231++ B0B3             		dw	460,548,641,740,845,957,25+2048,88+2048,154+2048,224+2048,298+2048,376+2048
0231++ B0B3 CC0124028102E4024D03BD03190858089A08E0082A097809
0232++ B0CB             frq_461: 	
0233++ B0CB             		dw	461,549,642,741,846,958,26+2048,88+2048,154+2048,224+2048,299+2048,377+2048
0233++ B0CB CD0125028202E5024E03BE031A0858089A08E0082B097909
0234++ B0E3             frq_462: 	
0235++ B0E3             		dw	462,550,644,743,848,959,27+2048,89+2048,155+2048,225+2048,300+2048,378+2048
0235++ B0E3 CE0126028402E7025003BF031B0859089B08E1082C097A09
0236++ B0FB             frq_480: 	
0237++ B0FB             		dw	480,569,664,764,870,983,39+2048,102+2048,169+2048,240+2048,316+2048,395+2048
0237++ B0FB E00139029802FC026603D70327086608A908F0083C098B09
0238++ B113             frq_507: 	
0239++ B113             		dw	507,598,694,796,905,1019,58+2048,123+2048,191+2048,263+2048,340+2048,421+2048
0239++ B113 FB015602B6021C038903FB033A087B08BF0807095409A509
0240++ B12B             frq_508: 	
0241++ B12B             		dw	508,599,695,797,905,1019,58+2048,123+2048,191+2048,264+2048,341+2048,422+2048
0241++ B12B FC015702B7021D038903FB033A087B08BF0808095509A609
0242++ B143             frq_519: 	
0243++ B143             		dw	519,611,708,811,920,6+2048,67+2048,132+2048,201+2048,274+2048,351+2048,433+2048
0243++ B143 07026302C4022B039803060843088408C90812095F09B109
0244++ B15B             frq_531: 	
0245++ B15B             		dw	531,623,721,825,935,14+2048,76+2048,141+2048,210+2048,284+2048,362+2048,444+2048
0245++ B15B 13026F02D1023903A7030E084C088D08D2081C096A09BC09
0246++ B173             frq_532: 	
0247++ B173             		dw	532,624,722,826,936,14+2048,76+2048,141+2048,211+2048,284+2048,362+2048,445+2048
0247++ B173 14027002D2023A03A8030E084C088D08D3081C096A09BD09
0248++ B18B             frq_538: 	
0249++ B18B             		dw	538,631,730,834,944,19+2048,81+2048,146+2048,216+2048,290+2048,368+2048,451+2048
0249++ B18B 1A027702DA024203B003130851089208D80822097009C309
0250++ B1A3             frq_545: 	
0251++ B1A3             		dw	545,639,737,842,953,23+2048,86+2048,152+2048,221+2048,296+2048,374+2048,457+2048
0251++ B1A3 21027F02E1024A03B903170856089808DD0828097609C909
0252++ B1BB             frq_548: 	
0253++ B1BB             		dw	548,642,741,846,957,25+2048,88+2048,154+2048,224+2048,298+2048,377+2048,460+2048
0253++ B1BB 24028202E5024E03BD03190858089A08E0082A097909CC09
0254++ B1D3             frq_550: 	
0255++ B1D3             		dw	550,643,742,848,959,26+2048,89+2048,155+2048,225+2048,299+2048,378+2048,461+2048
0255++ B1D3 26028302E6025003BF031A0859089B08E1082B097A09CD09
0256++ B1EB             frq_552: 	
0257++ B1EB             		dw	552,645,745,850,961,28+2048,90+2048,156+2048,227+2048,301+2048,380+2048,463+2048
0257++ B1EB 28028502E9025203C1031C085A089C08E3082D097C09CF09
0258++ B203             frq_555: 	
0259++ B203             		dw	555,648,748,853,965,30+2048,92+2048,159+2048,229+2048,304+2048,383+2048,467+2048
0259++ B203 2B028802EC025503C5031E085C089F08E50830097F09D309
0260++ B21B             frq_556: 	
0261++ B21B             		dw	556,650,749,855,967,30+2048,93+2048,160+2048,231+2048,305+2048,384+2048,467+2048
0261++ B21B 2C028A02ED025703C7031E085D08A008E70831098009D309
0262++ B233             frq_557: 	
0263++ B233             		dw	557,651,750,856,967,31+2048,94+2048,160+2048,231+2048,305+2048,384+2048,468+2048
0263++ B233 2D028B02EE025803C7031F085E08A008E70831098009D409
0264++ B24B             frq_558: 	
0265++ B24B             		dw	558,652,752,857,969,32+2048,95+2048,161+2048,232+2048,306+2048,385+2048,469+2048
0265++ B24B 2E028C02F0025903C90320085F08A108E80832098109D509
0266++ B263             frq_559: 	
0267++ B263             		dw	559,653,753,858,970,32+2048,95+2048,162+2048,232+2048,307+2048,386+2048,470+2048
0267++ B263 2F028D02F1025A03CA0320085F08A208E80833098209D609
0268++ B27B             frq_560: 	
0269++ B27B             		dw	560,654,753,859,971,33+2048,96+2048,162+2048,233+2048,308+2048,387+2048,471+2048
0269++ B27B 30028E02F1025B03CB0321086008A208E90834098309D709
0270++ B293             frq_579: 	
0271++ B293             		dw	579,674,775,882,996,46+2048,110+2048,177+2048,248+2048,324+2048,404+2048,489+2048
0271++ B293 4302A20207037203E4032E086E08B108F80844099409E909
0272++ B2AB             frq_616: 	
0273++ B2AB             		dw	616,713,816,926,9+2048,70+2048,135+2048,204+2048,277+2048,355+2048,437+2048,524+2048
0273++ B2AB 6802C90230039E03090846088708CC0815096309B5090C0A
0274++ B2C3             frq_627: 	
0275++ B2C3             		dw	627,725,829,939,16+2048,78+2048,143+2048,213+2048,286+2048,364+2048,447+2048,534+2048
0275++ B2C3 7302D5023D03AB0310084E088F08D5081E096C09BF09160A
0276++ B2DB             frq_630: 	
0277++ B2DB             		dw	630,729,833,943,18+2048,80+2048,146+2048,215+2048,289+2048,367+2048,450+2048,538+2048
0277++ B2DB 7602D9024103AF03120850089208D70821096F09C2091A0A
0278++ B2F3             frq_639: 	
0279++ B2F3             		dw	639,738,843,954,24+2048,86+2048,152+2048,222+2048,296+2048,375+2048,458+2048,546+2048
0279++ B2F3 7F02E2024B03BA03180856089808DE0828097709CA09220A
0280++ B30B             frq_641: 	
0281++ B30B             		dw	641,740,845,957,25+2048,88+2048,154+2048,224+2048,298+2048,376+2048,460+2048,548+2048
0281++ B30B 8102E4024D03BD03190858089A08E0082A097809CC09240A
0282++ B323             frq_645: 	
0283++ B323             		dw	645,744,849,960,27+2048,90+2048,156+2048,226+2048,300+2048,380+2048,463+2048,552+2048
0283++ B323 8502E8025103C0031B085A089C08E2082C097C09CF09280A
0284++ B33B             frq_650: 	
0285++ B33B             		dw	650,749,855,967,30+2048,93+2048,160+2048,230+2048,305+2048,384+2048,467+2048,556+2048
0285++ B33B 8A02ED025703C7031E085D08A008E60831098009D3092C0A
0286++ B353             frq_653: 	
0287++ B353             		dw	653,753,858,970,32+2048,95+2048,162+2048,232+2048,307+2048,386+2048,470+2048,559+2048
0287++ B353 8D02F1025A03CA0320085F08A208E80833098209D6092F0A
0288++ B36B             frq_654: 	
0289++ B36B             		dw	654,754,859,971,33+2048,96+2048,163+2048,233+2048,308+2048,387+2048,471+2048,560+2048
0289++ B36B 8E02F2025B03CB0321086008A308E90834098309D709300A
0290++ B383             frq_677: 	
0291++ B383             		dw	677,778,886,999,48+2048,112+2048,179+2048,251+2048,326+2048,407+2048,492+2048,582+2048
0291++ B383 A5020A037603E70330087008B308FB0846099709EC09460A
0292++ B39B             frq_679: 	
0293++ B39B             		dw	679,781,888,1002,49+2048,113+2048,180+2048,252+2048,328+2048,408+2048,494+2048,584+2048
0293++ B39B A7020D037803EA0331087108B408FC0848099809EE09480A
0294++ B3B3             frq_698: 	
0295++ B3B3             		dw	698,801,909,0+2048,61+2048,125+2048,194+2048,266+2048,343+2048,424+2048,510+2048,601+2048
0295++ B3B3 BA0221038D0300083D087D08C2080A095709A809FE09590A
0296++ B3CB             frq_701: 	
0297++ B3CB             		dw	701,805,913,2+2048,63+2048,127+2048,196+2048,268+2048,345+2048,427+2048,513+2048,604+2048
0297++ B3CB BD022503910302083F087F08C4080C095909AB09010A5C0A
0298++ B3E3             frq_704: 	
0299++ B3E3             		dw	704,807,916,4+2048,65+2048,130+2048,198+2048,271+2048,348+2048,429+2048,516+2048,607+2048
0299++ B3E3 C00227039403040841088208C6080F095C09AD09040A5F0A
0300++ B3FB             frq_708: 	
0301++ B3FB             		dw	708,810,920,6+2048,67+2048,132+2048,200+2048,273+2048,350+2048,432+2048,519+2048,610+2048
0301++ B3FB C4022A039803060843088408C80811095E09B009070A620A
0302++ B413             frq_715: 	
0303++ B413             		dw	715,819,928,10+2048,72+2048,137+2048,206+2048,279+2048,356+2048,438+2048,525+2048,618+2048
0303++ B413 CB023303A0030A0848088908CE0817096409B6090D0A6A0A
0304++ B42B             frq_721: 	
0305++ B42B             		dw	721,825,935,13+2048,75+2048,141+2048,210+2048,283+2048,361+2048,443+2048,530+2048,623+2048
0305++ B42B D1023903A7030D084B088D08D2081B096909BB09120A6F0A
0306++ B443             frq_726: 	
0307++ B443             		dw	726,830,941,17+2048,79+2048,144+2048,214+2048,287+2048,365+2048,448+2048,535+2048,628+2048
0307++ B443 D6023E03AD0311084F089008D6081F096D09C009170A740A
0308++ B45B             frq_727: 	
0309++ B45B             		dw	727,831,942,18+2048,80+2048,145+2048,215+2048,288+2048,367+2048,449+2048,536+2048,629+2048
0309++ B45B D7023F03AE03120850089108D70820096F09C109180A750A
0310++ B473             frq_733: 	
0311++ B473             		dw	733,838,949,21+2048,83+2048,149+2048,219+2048,293+2048,371+2048,454+2048,542+2048,635+2048
0311++ B473 DD024603B503150853089508DB0825097309C6091E0A7B0A
0312++ B48B             frq_737: 	
0313++ B48B             		dw	737,842,953,23+2048,86+2048,152+2048,221+2048,296+2048,374+2048,457+2048,545+2048,639+2048
0313++ B48B E1024A03B903170856089808DD0828097609C909210A7F0A
0314++ B4A3             frq_750: 	
0315++ B4A3             		dw	750,855,967,31+2048,93+2048,160+2048,230+2048,305+2048,384+2048,467+2048,556+2048,650+2048
0315++ B4A3 EE025703C7031F085D08A008E60831098009D3092C0A8A0A
0316++ B4BB             frq_775: 	
0317++ B4BB             		dw	775,882,996,46+2048,110+2048,177+2048,248+2048,324+2048,404+2048,489+2048,579+2048,674+2048
0317++ B4BB 07037203E4032E086E08B108F80844099409E909430AA20A
0318++ B4D3             frq_809: 	
0319++ B4D3             		dw	809,918,5+2048,66+2048,131+2048,199+2048,272+2048,349+2048,431+2048,517+2048,609+2048,706+2048
0319++ B4D3 29039603050842088308C70810095D09AF09050A610AC20A
0320++ B4EB             frq_810: 	
0321++ B4EB             		dw	810,919,5+2048,66+2048,131+2048,200+2048,273+2048,350+2048,431+2048,518+2048,610+2048,707+2048
0321++ B4EB 2A039703050842088308C80811095E09AF09060A620AC30A
0322++ B503             frq_811: 	
0323++ B503             		dw	811,920,6+2048,67+2048,132+2048,201+2048,274+2048,351+2048,433+2048,519+2048,611+2048,708+2048
0323++ B503 2B039803060843088408C90812095F09B109070A630AC40A
0324++ B51B             frq_815: 	
0325++ B51B             		dw	815,925,8+2048,70+2048,135+2048,204+2048,277+2048,354+2048,436+2048,523+2048,615+2048,712+2048
0325++ B51B 2F039D03080846088708CC0815096209B4090B0A670AC80A
0326++ B533             frq_820: 	
0327++ B533             		dw	820,929,11+2048,72+2048,137+2048,206+2048,280+2048,357+2048,439+2048,526+2048,618+2048,716+2048
0327++ B533 3403A1030B0848088908CE0818096509B7090E0A6A0ACC0A
0328++ B54B             frq_822: 	
0329++ B54B             		dw	822,932,12+2048,73+2048,139+2048,208+2048,281+2048,359+2048,441+2048,528+2048,620+2048,718+2048
0329++ B54B 3603A4030C0849088B08D00819096709B909100A6C0ACE0A
0330++ B563             frq_823: 	
0331++ B563             		dw	823,933,13+2048,74+2048,139+2048,209+2048,282+2048,360+2048,442+2048,529+2048,621+2048,719+2048
0331++ B563 3703A5030D084A088B08D1081A096809BA09110A6D0ACF0A
0332++ B57B             frq_824: 	
0333++ B57B             		dw	824,934,13+2048,75+2048,140+2048,209+2048,283+2048,360+2048,443+2048,530+2048,622+2048,720+2048
0333++ B57B 3803A6030D084B088C08D1081B096809BB09120A6E0AD00A
0334++ B593             frq_828: 	
0335++ B593             		dw	828,938,15+2048,77+2048,143+2048,212+2048,286+2048,363+2048,446+2048,533+2048,626+2048,724+2048
0335++ B593 3C03AA030F084D088F08D4081E096B09BE09150A720AD40A
0336++ B5AB             frq_831: 	
0337++ B5AB             		dw	831,942,17+2048,79+2048,145+2048,214+2048,288+2048,366+2048,449+2048,536+2048,629+2048,727+2048
0337++ B5AB 3F03AE0311084F089108D60820096E09C109180A750AD70A
0338++ B5C3             frq_832: 	
0339++ B5C3             		dw	832,942,18+2048,80+2048,145+2048,215+2048,288+2048,367+2048,449+2048,537+2048,630+2048,728+2048
0339++ B5C3 4003AE03120850089108D70820096F09C109190A760AD80A
0340++ B5DB             frq_833: 	
0341++ B5DB             		dw	833,943,18+2048,80+2048,146+2048,215+2048,289+2048,367+2048,450+2048,538+2048,630+2048,729+2048
0341++ B5DB 4103AF03120850089208D70821096F09C2091A0A760AD90A
0342++ B5F3             frq_835: 	
0343++ B5F3             		dw	835,946,20+2048,82+2048,147+2048,217+2048,291+2048,369+2048,452+2048,540+2048,633+2048,731+2048
0343++ B5F3 4303B203140852089308D90823097109C4091C0A790ADB0A
0344++ B60B             frq_842: 	
0345++ B60B             		dw	842,953,23+2048,86+2048,152+2048,222+2048,296+2048,374+2048,457+2048,545+2048,639+2048,737+2048
0345++ B60B 4A03B903170856089808DE0828097609C909210A7F0AE10A
0346++ B623             frq_843: 	
0347++ B623             		dw	843,954,24+2048,86+2048,152+2048,222+2048,296+2048,375+2048,458+2048,546+2048,639+2048,738+2048
0347++ B623 4B03BA03180856089808DE0828097709CA09220A7F0AE20A
0348++ B63B             frq_844: 	
0349++ B63B             		dw	844,955,24+2048,87+2048,153+2048,223+2048,297+2048,375+2048,459+2048,547+2048,640+2048,739+2048
0349++ B63B 4C03BB03180857089908DF0829097709CB09230A800AE30A
0350++ B653             frq_847: 	
0351++ B653             		dw	847,959,26+2048,89+2048,155+2048,225+2048,299+2048,378+2048,461+2048,550+2048,643+2048,742+2048
0351++ B653 4F03BF031A0859089B08E1082B097A09CD09260A830AE60A
0352++ B66B             frq_852: 	
0353++ B66B             		dw	852,964,29+2048,92+2048,158+2048,228+2048,303+2048,382+2048,465+2048,554+2048,648+2048,747+2048
0353++ B66B 5403C4031D085C089E08E4082F097E09D1092A0A880AEB0A
0354++ B683             frq_874: 	
0355++ B683             		dw	874,986,41+2048,104+2048,171+2048,243+2048,318+2048,398+2048,482+2048,572+2048,667+2048,767+2048
0355++ B683 6A03DA0329086808AB08F3083E098E09E2093C0A9B0AFF0A
0356++ B69B             frq_908: 	
0357++ B69B             		dw	908,1023,60+2048,125+2048,193+2048,265+2048,342+2048,423+2048,509+2048,601+2048,697+2048,800+2048
0357++ B69B 8C03FF033C087D08C10809095609A709FD09590AB90A200B
0358++ B6B3             frq_909: 	
0359++ B6B3             		dw	909,0+2048,61+1025,125+2048,194+2048,266+2048,343+2048,424+2048,510+2048,601+2048,698+2048,801+2048
0359++ B6B3 8D0300083E047D08C2080A095709A809FE09590ABA0A210B
0360++ B6CB             frq_916: 	
0361++ B6CB             		dw	916,4+2048,65+2048,130+2048,198+2048,271+2048,347+2048,429+2048,515+2048,607+2048,704+2048,807+2048
0361++ B6CB 9403040841088208C6080F095B09AD09030A5F0AC00A270B
0362++ B6E3             frq_918: 	
0363++ B6E3             		dw	918,5+2048,66+2048,131+2048,199+2048,272+2048,349+2048,431+2048,517+2048,609+2048,706+2048,809+2048
0363++ B6E3 9603050842088308C70810095D09AF09050A610AC20A290B
0364++ B6FB             frq_920: 	
0365++ B6FB             		dw	920,6+2048,67+2048,132+2048,201+2048,274+2048,351+2048,433+2048,519+2048,611+2048,708+2048,811+2048
0365++ B6FB 9803060843088408C90812095F09B109070A630AC40A2B0B
0366++ B713             frq_921: 	
0367++ B713             		dw	921,7+2048,68+2048,133+2048,202+2048,274+2048,352+2048,433+2048,520+2048,612+2048,709+2048,812+2048
0367++ B713 9903070844088508CA0812096009B109080A640AC50A2C0B
0368++ B72B             frq_925: 	
0369++ B72B             		dw	925,8+2048,70+2048,135+2048,204+2048,277+2048,354+2048,436+2048,523+2048,615+2048,712+2048,815+2048
0369++ B72B 9D03080846088708CC0815096209B4090B0A670AC80A2F0B
0370++ B743             frq_926: 	
0371++ B743             		dw	926,9+2048,70+2048,135+2048,204+2048,277+2048,355+2048,437+2048,523+2048,615+2048,713+2048,816+2048
0371++ B743 9E03090846088708CC0815096309B5090B0A670AC90A300B
0372++ B75B             frq_927: 	
0373++ B75B             		dw	927,10+2048,71+2048,136+2048,205+2048,278+2048,356+2048,438+2048,525+2048,617+2048,715+2048,818+2048
0373++ B75B 9F030A0847088808CD0816096409B6090D0A690ACB0A320B
0374++ B773             frq_929: 	
0375++ B773             		dw	929,11+2048,72+2048,137+2048,206+2048,280+2048,357+2048,439+2048,526+2048,618+2048,716+2048,820+2048
0375++ B773 A1030B0848088908CE0818096509B7090E0A6A0ACC0A340B
0376++ B78B             frq_931: 	
0377++ B78B             		dw	931,12+2048,73+2048,138+2048,208+2048,281+2048,358+2048,441+2048,528+2048,620+2048,718+2048,821+2048
0377++ B78B A3030C0849088A08D00819096609B909100A6C0ACE0A350B
0378++ B7A3             frq_935: 	
0379++ B7A3             		dw	935,13+2048,75+2048,141+2048,210+2048,283+2048,361+2048,443+2048,530+2048,623+2048,721+2048,825+2048
0379++ B7A3 A7030D084B088D08D2081B096909BB09120A6F0AD10A390B
0380++ B7BB             frq_936: 	
0381++ B7BB             		dw	936,14+2048,76+2048,142+2048,211+2048,284+2048,362+2048,444+2048,532+2048,624+2048,722+2048,826+2048
0381++ B7BB A8030E084C088E08D3081C096A09BC09140A700AD20A3A0B
0382++ B7D3             frq_937: 	
0383++ B7D3             		dw	937,15+2048,77+2048,142+2048,211+2048,285+2048,363+2048,445+2048,533+2048,625+2048,723+2048,827+2048
0383++ B7D3 A9030F084D088E08D3081D096B09BD09150A710AD30A3B0B
0384++ B7EB             frq_939: 	
0385++ B7EB             		dw	939,16+2048,78+2048,143+2048,213+2048,286+2048,364+2048,447+2048,534+2048,627+2048,725+2048,829+2048
0385++ B7EB AB0310084E088F08D5081E096C09BF09160A730AD50A3D0B
0386++ B803             frq_941: 	
0387++ B803             		dw	941,17+2048,79+2048,144+2048,214+2048,287+2048,365+2048,448+2048,535+2048,628+2048,726+2048,830+2048
0387++ B803 AD0311084F089008D6081F096D09C009170A740AD60A3E0B
0388++ B81B             frq_942: 	
0389++ B81B             		dw	942,18+2048,80+2048,145+2048,215+2048,288+2048,367+2048,449+2048,537+2048,630+2048,728+2048,832+2048
0389++ B81B AE03120850089108D70820096F09C109190A760AD80A400B
0390++ B833             frq_944: 	
0391++ B833             		dw	944,19+2048,80+2048,146+2048,216+2048,289+2048,368+2048,450+2048,538+2048,631+2048,729+2048,834+2048
0391++ B833 B003130850089208D80821097009C2091A0A770AD90A420B
0392++ B84B             frq_949: 	
0393++ B84B             		dw	949,21+2048,83+2048,149+2048,218+2048,292+2048,371+2048,454+2048,542+2048,635+2048,733+2048,838+2048
0393++ B84B B503150853089508DA0824097309C6091E0A7B0ADD0A460B
0394++ B863             frq_950: 	
0395++ B863             		dw	950,22+2048,84+2048,150+2048,219+2048,293+2048,372+2048,455+2048,543+2048,636+2048,734+2048,839+2048
0395++ B863 B603160854089608DB0825097409C7091F0A7C0ADE0A470B
0396++ B87B             frq_951: 	
0397++ B87B             		dw	951,22+2048,85+2048,151+2048,220+2048,294+2048,372+2048,456+2048,543+2048,637+2048,736+2048,841+2048
0397++ B87B B703160855089708DC0826097409C8091F0A7D0AE00A490B
0398++ B893             frq_952: 	
0399++ B893             		dw	952,23+2048,85+2048,151+2048,221+2048,295+2048,373+2048,456+2048,544+2048,638+2048,736+2048,841+2048
0399++ B893 B803170855089708DD0827097509C809200A7E0AE00A490B
0400++ B8AB             frq_953: 	
0401++ B8AB             		dw	953,23+2048,86+2048,152+2048,221+2048,296+2048,374+2048,457+2048,545+2048,639+2048,737+2048,842+2048
0401++ B8AB B903170856089808DD0828097609C909210A7F0AE10A4A0B
0402++ B8C3             frq_964: 	
0403++ B8C3             		dw	964,29+2048,92+2048,158+2048,228+2048,303+2048,382+2048,466+2048,554+2048,648+2048,747+2048,852+2048
0403++ B8C3 C4031D085C089E08E4082F097E09D2092A0A880AEB0A540B
0404++ B8DB             frq_966: 	
0405++ B8DB             		dw	966,30+2048,93+2048,159+2048,229+2048,304+2048,383+2048,467+2048,555+2048,649+2048,749+2048,854+2048
0405++ B8DB C6031E085D089F08E50830097F09D3092B0A890AED0A560B
0406++ B8F3             frq_969: 	
0407++ B8F3             		dw	969,32+2048,95+2048,161+2048,232+2048,306+2048,385+2048,469+2048,558+2048,652+2048,752+2048,857+2048
0407++ B8F3 C90320085F08A108E80832098109D5092E0A8C0AF00A590B
0408++ B90B             frq_974: 	
0409++ B90B             		dw	974,34+2048,97+2048,164+2048,235+2048,310+2048,389+2048,473+2048,562+2048,656+2048,756+2048,862+2048
0409++ B90B CE0322086108A408EB0836098509D909320A900AF40A5E0B
0410++ B923             frq_977: 	
0411++ B923             		dw	977,36+2048,99+2048,166+2048,237+2048,312+2048,391+2048,475+2048,564+2048,659+2048,759+2048,865+2048
0411++ B923 D10324086308A608ED0838098709DB09340A930AF70A610B
0412++ B93B             frq_978: 	
0413++ B93B             		dw	978,37+2048,100+2048,167+2048,238+2048,313+2048,392+2048,476+2048,565+2048,660+2048,760+2048,866+2048
0413++ B93B D20325086408A708EE0839098809DC09350A940AF80A620B
0414++ B953             frq_1018: 	
0415++ B953             		dw	1018,58+2048,122+2048,190+2048,263+2048,339+2048,420+2048,506+2048,597+2048,693+2048,796+2048,904+2048
0415++ B953 FA033A087A08BE0807095309A409FA09550AB50A1C0B880B
0416++ B96B             
0417++ B96B             
1593+  B96B             
0565   B96B             
0566   B96B             MoonSound_end: 
0567   B96B             		.savebin "moonsound.bin",MoonSound_Start, MoonSound_end - MoonSound_Start
0568   B96B             
0569   B96B             
0570   B96B             		.end
0571   B96B             
0572   B96B             
