0001   0000             ;--------------------------------------------------------------------
0002   0000             ; Ž¯¨á ­¨¥: à®£à ¬¬  ¯à®¨£àë¢ ­¨ï à §­ëå §¢ãª®¢ëå ¬®¤ã«¥© Amstrad CPC
0003   0000             ; ¯®¤¤¥à¦ª  ¢ ¦¥«¥§¥: ZXM-MoonSound
0004   0000             ; €¢â®à ¯®àâ : ’ à á®¢ Œ..(Mick),2014
0005   0000             ;--------------------------------------------------------------------
0006   0000             		DEVICE ZXSPECTRUM128
0007   0000             
0008   0000             		.org 	6200h
0009   6200             
0010   6200             ;-------------------------------------------------------------------
0011   6200             ; ®¯¨á ­¨¥: ’®çª  ¢å®¤  ¢ ¯à®£à ¬¬ã ¯®á«¥ ¯¥à¥¤ ç¨ ã¯à ¢«¥­¨ï ¨§ Ž‘
0012   6200             ;---------------------------------------------------------------------
0013   6200             MoonSound_Start: 		
0014   6200 AF          		xor	a               		;¡®à¤¥à ¢ ç¥à­ë© æ¢¥â
0015   6201 D3 FE       		out	(0feh),a	
0016   6203 32 A3 65    		ld	(MoonSound_count_music),a	;áç¥âç¨ª ­®¬¥à  ¬ã§ëª¨
0017   6206 32 A2 65    		ld	(MoonSound_number_music),a
0018   6209 32 A1 65                    ld	(MoonSound_flg_next),a
0019   620C             
0020   620C 21 00 40    		ld	hl,4000h
0021   620F 11 01 40    		ld	de,4001h
0022   6212 01 00 1B    		ld	bc,1b00h
0023   6215 71          		ld	(hl),c
0024   6216 ED B0       		ldir
0025   6218             		
0026   6218 21 00 40    		ld	hl,4000h			;£àã§¨¬ íªà ­
0027   621B ED 5B F4 5C 		ld	de,(5CF4h)
0028   621F 01 05 1B    		ld	bc,1B05h
0029   6222 CD 13 3D    		call	3d13h
0030   6225 CD A5 67    		call	Str_init_load
0031   6228 FB          		ei
0032   6229             MoonSound_loading: 
0033   6229 76          		halt
0034   622A 06 00       		ld	b,0
0035   622C             MoonSound_wait: 
0036   622C 10 FE       		djnz	MoonSound_wait			
0037   622E CD B7 67    		call	Str_play
0038   6231 38 02       		jr	c,MoonSound_load
0039   6233 30 F4       		jr	nc,MoonSound_loading	
0040   6235             MoonSound_load: 
0041   6235 F3          		di                                      ;­  ¢áïª¨© ¯®¦ à­ë© § ¯à¥â¨¬ ¯à¥àë¢ ­¨ï
0042   6236             
0043   6236 3E 11       		ld	a,11h 
0044   6238 01 FD 7F    		ld	bc,7ffdh
0045   623B ED 79       		out	(c),a
0046   623D 21 00 C0    		ld	hl,0C000h			;£àã§¨¬ ¬ã§ëª «ì­ë© ¯ ª 0.
0047   6240 ED 5B F4 5C 		ld	de,(5CF4h)
0048   6244 01 05 3F    		ld	bc,3F05h
0049   6247 CD 13 3D    		call	3d13h
0050   624A             
0051   624A 3E 13       		ld	a,13h 
0052   624C 01 FD 7F    		ld	bc,7ffdh
0053   624F ED 79       		out	(c),a
0054   6251 21 00 C0    		ld	hl,0C000h			;£àã§¨¬ ¬ã§ëª «ì­ë© ¯ ª 1.
0055   6254 ED 5B F4 5C 		ld	de,(5CF4h)
0056   6258 01 05 3F    		ld	bc,3F05h
0057   625B CD 13 3D    		call	3d13h
0058   625E             
0059   625E 3E 14       		ld	a,14h 
0060   6260 01 FD 7F    		ld	bc,7ffdh
0061   6263 ED 79       		out	(c),a
0062   6265 21 00 C0    		ld	hl,0C000h			;£àã§¨¬ ¬ã§ëª «ì­ë© ¯ ª 2.
0063   6268 ED 5B F4 5C 		ld	de,(5CF4h)
0064   626C 01 05 40    		ld	bc,4005h
0065   626F CD 13 3D    		call	3d13h
0066   6272             		
0067   6272 3E 16       		ld	a,16h 
0068   6274 01 FD 7F    		ld	bc,7ffdh
0069   6277 ED 79       		out	(c),a
0070   6279 21 00 C0    		ld	hl,0C000h			;£àã§¨¬ ¬ã§ëª «ì­ë© ¯ ª 3
0071   627C ED 5B F4 5C 		ld	de,(5CF4h)
0072   6280 01 05 2C    		ld	bc,2C05h
0073   6283 CD 13 3D    		call	3d13h
0074   6286             
0075   6286             ;		ld	a,17h 
0076   6286             ;		ld	bc,7ffdh
0077   6286             ;		out	(c),a
0078   6286             ;		ld	hl,0C000h			;£àã§¨¬ ¬ã§ëª «ì­ë© ¯ ª 4
0079   6286             ;		ld	de,(5CF4h)
0080   6286             ;		ld	bc,3505h
0081   6286             ;		call	3d13h
0082   6286             
0083   6286             
0084   6286 31 FF 5F    		ld	sp,5fffh
0085   6289 3E 10       		ld	a,10h 
0086   628B 01 FD 7F    		ld	bc,7ffdh
0087   628E ED 79       		out	(c),a
0088   6290             
0089   6290 CD 98 67    		call	Str_init			;¨­¨æ¨ «¨§ æ¨ï ¡¥£ãé¥© áâà®ª¨
0090   6293 CD 68 67    		call	Analyzer_init			
0091   6296             
0092   6296 CD 8B 64    		call	MoonSound_view_number
0093   6299 CD 24 64    		call	MoonSound_time_init
0094   629C             
0095   629C 21 00 60    		ld	hl,6000h                       	
0096   629F 11 01 60    		ld	de,6001h
0097   62A2 01 00 01    		ld	bc,0100h
0098   62A5 36 61       		ld	(hl),61h
0099   62A7 ED B0       		ldir
0100   62A9 3E C3       		ld	a,0c3h                          
0101   62AB 32 61 61    		ld	(6161h),a
0102   62AE 21 B4 66    		ld	hl,Interrupt_handle
0103   62B1 22 62 61    		ld	(6162h),hl
0104   62B4             
0105   62B4 3E 60       		ld	a,60h                          
0106   62B6 ED 47       		ld	i,a
0107   62B8 ED 5E       		im	2
0108   62BA             
0109   62BA AF          		xor	a
0110   62BB C3 FD 62    		jp	MoonSound_next_music
0111   62BE             
0112   62BE             ;		ei
0113   62BE             
0114   62BE             MoonSound_key: 		
0115   62BE AF          		xor	a
0116   62BF 32 A5 65                    ld	(MoonSound_key_press),a
0117   62C2             MoonSound_loop: 		
0118   62C2 76          		halt
0119   62C3             
0120   62C3 3A A1 65                    ld	a,(MoonSound_flg_next)
0121   62C6 A7          		and	a
0122   62C7 20 27       		jr	nz,MoonSound_select_next 	
0123   62C9             
0124   62C9 3E 7F       		ld	a,7fh				;®¦¨¤ ¥¬ ¯à®¡¥« - ¯¥à¥å®¤ ª á«¥¤ãîé¥© ª®¬¯®§¨æ¨¨
0125   62CB DB FE       		in	a,(0feh)
0126   62CD 1F          		rra	
0127   62CE 38 EE       		jr	c,MoonSound_key
0128   62D0             
0129   62D0 3E FE       		ld	a,0FEh
0130   62D2 DB FE       		in	a,(0FEh)
0131   62D4 1F          		rra	    
0132   62D5 D2 19 64    		jp	nc,MoonSound_exit
0133   62D8             
0134   62D8 3A A5 65    		ld	a,(MoonSound_key_press)
0135   62DB A7          		and	a
0136   62DC 20 E4       		jr	nz,MoonSound_loop
0137   62DE             
0138   62DE 3C          		inc	a
0139   62DF 32 A5 65                    ld	(MoonSound_key_press),a
0140   62E2             
0141   62E2 3E 08       		ld	a,8
0142   62E4 CD 0C 87    		call	MBPlayer_fade			;§ âãå ­¨¥ ¬¥«®¤¨¨
0143   62E7             		
0144   62E7             MoonSound_fade_wait: 	
0145   62E7 3A 68 8E    		ld	a,(MBPlayer_play_busy)		;¦¤¥¬ ¯®ª  ®áâ ­®¢¨âáï ¯à®¨£àë¢ â¥«ì
0146   62EA B7          		or	a
0147   62EB 20 FA       		jr	nz,MoonSound_fade_wait
0148   62ED CD 09 87    		call	MBPlayer_stop
0149   62F0             
0150   62F0             
0151   62F0             MoonSound_select_next: 
0152   62F0 AF          		xor	a
0153   62F1 32 A1 65                    ld	(MoonSound_flg_next),a
0154   62F4             
0155   62F4 3A A3 65    		ld	a,(MoonSound_count_music)
0156   62F7 3C          		inc	a
0157   62F8 FE 1E       		cp	30
0158   62FA 38 01       		jr	c,MoonSound_next_music
0159   62FC AF          		xor	a
0160   62FD             
0161   62FD             MoonSound_next_music: 
0162   62FD F3          		di	
0163   62FE 32 A3 65    		ld	(MoonSound_count_music),a
0164   6301 6F          		ld	l,a
0165   6302 5F          		ld	e,a
0166   6303 26 00       		ld	h,0
0167   6305 54          		ld	d,h
0168   6306 29          		add	hl,hl
0169   6307 29          		add	hl,hl
0170   6308 19          		add	hl,de
0171   6309 11 83 63    		ld	de,MoonSound_tabl_music
0172   630C 19          		add	hl,de
0173   630D 7E          		ld	a,(hl)				;­®¬¥à áâà ­¨æë ¯ ¬ïâ¨
0174   630E 32 A4 65    		ld	(MoonSound_page_memory),a
0175   6311 23          		inc	hl
0176   6312 5E          		ld	e,(hl)				; ¤à¥á âà¥ª                           
0177   6313 23          		inc	hl
0178   6314 56          		ld	d,(hl)
0179   6315 23          		inc	hl
0180   6316 7E          		ld	a,(hl)                          ;ç¨á«® ­¥¯®«­ëå ¡ ©â
0181   6317 23          		inc	hl
0182   6318 46          		ld	b,(hl)				;ç¨á«® á¥ªâ®à®¢
0183   6319 A7          		and	a
0184   631A 28 01       		jr	z,MoonSound_copy_block
0185   631C 04          		inc	b	
0186   631D             
0187   631D             MoonSound_copy_block: 
0188   631D 21 00 C8    		ld	hl,0C800h
0189   6320 22 A9 65    		ld	(MoonSound_copy_addr),hl
0190   6323 EB          		ex	hl,de
0191   6324             
0192   6324             MoonSound_copy_loop: 
0193   6324 C5          		push	bc
0194   6325 3A A4 65    		ld	a,(MoonSound_page_memory)	;§ £àã§¨¬ ­®¬¥à áâà ­¨æë ¯ ¬ïâ¨
0195   6328 01 FD 7F    		ld	bc,7ffdh
0196   632B ED 79       		out	(c),a
0197   632D             
0198   632D 11 AB 65    		ld	de,MoonSound_copy_buffer
0199   6330 01 00 01    		ld	bc,100h
0200   6333 ED B0       		ldir
0201   6335 E5          		push	hl
0202   6336 3E 10       		ld	a,10h
0203   6338 01 FD 7F    		ld	bc,7ffdh
0204   633B ED 79       		out	(c),a
0205   633D 2A A9 65    		ld	hl,(MoonSound_copy_addr)
0206   6340 11 AB 65    		ld	de,MoonSound_copy_buffer
0207   6343 EB          		ex	hl,de
0208   6344 01 00 01    		ld	bc,100h
0209   6347 ED B0       		ldir
0210   6349 EB          		ex	hl,de
0211   634A 22 A9 65    		ld	(MoonSound_copy_addr),hl
0212   634D E1          		pop	hl
0213   634E C1          		pop	bc
0214   634F 10 D3       		djnz	MoonSound_copy_loop
0215   6351             
0216   6351 CD C3 64    		call	MoonSound_mwmload
0217   6354             
0218   6354 21 00 C0    		ld	hl,0C000h
0219   6357 22 6D 8E    		ld	(MBPlayer_songdata_addres),hl
0220   635A CD 03 87    		call	MBPlayer_init
0221   635D             
0222   635D 3A A2 65    		ld	a,(MoonSound_number_music)
0223   6360 3C          		inc	a
0224   6361 4F          		ld	c,a
0225   6362 E6 0F       		and	0Fh
0226   6364 FE 0A       		cp	10
0227   6366 38 04       		jr	c,MoonSound_number_correct
0228   6368 3E 06       		ld	a,6
0229   636A 81          		add	c
0230   636B 4F          		ld	c,a
0231   636C             
0232   636C             MoonSound_number_correct: 
0233   636C 79          		ld	a,c
0234   636D 32 A2 65    		ld	(MoonSound_number_music),a
0235   6370 FE 31       		cp	31h
0236   6372 38 02       		jr	c,MoonSound_number_valid
0237   6374 3E 01       		ld	a,1
0238   6376             
0239   6376             MoonSound_number_valid: 
0240   6376 32 A2 65    		ld	(MoonSound_number_music),a
0241   6379 CD 8B 64    		call	MoonSound_view_number
0242   637C CD 24 64    		call	MoonSound_time_init
0243   637F             
0244   637F FB          		ei
0245   6380 C3 C2 62    		jp      MoonSound_loop
0246   6383             
0247   6383             MoonSound_tabl_music: 
0248   6383 11          		db	11h   				; 1 ¬ã§ëª «ì­®¥ ¯à®¨§¢¥¤¥­¨¥
0249   6384 00 C0       		dw	0C000h
0250   6386 20 2C       		dw	2C20h
0251   6388 11          		db	11h   				; 2 ¬ã§ëª «ì­®¥ ¯à®¨§¢¥¤¥­¨¥
0252   6389 20 EC       		dw	0EC20h
0253   638B D0 03       		dw	03D0h
0254   638D 11          		db	11h   				; 3 ¬ã§ëª «ì­®¥ ¯à®¨§¢¥¤¥­¨¥
0255   638E F0 EF       		dw	0EFF0h
0256   6390 B0 08       		dw	08B0h
0257   6392 11          		db	11h   				; 4 ¬ã§ëª «ì­®¥ ¯à®¨§¢¥¤¥­¨¥
0258   6393 A0 F8       		dw	0F8A0h
0259   6395 80 02       		dw	0280h
0260   6397 11          		db	11h   				; 5 ¬ã§ëª «ì­®¥ ¯à®¨§¢¥¤¥­¨¥
0261   6398 20 FB       		dw	0FB20h
0262   639A 90 03       		dw	0390h
0263   639C             
0264   639C 13          		db	13h   				; 6 ¬ã§ëª «ì­®¥ ¯à®¨§¢¥¤¥­¨¥
0265   639D 00 C0       		dw	0C000h
0266   639F E0 06       		dw	06E0h
0267   63A1 13          		db	13h   				; 7 ¬ã§ëª «ì­®¥ ¯à®¨§¢¥¤¥­¨¥
0268   63A2 10 C7       		dw	0C710h
0269   63A4 00 06       		dw	0600h
0270   63A6 13          		db	13h   				; 8 ¬ã§ëª «ì­®¥ ¯à®¨§¢¥¤¥­¨¥
0271   63A7 10 CD       		dw	0CD10h
0272   63A9 D0 06       		dw	06D0h
0273   63AB 13          		db	13h   				; 9 ¬ã§ëª «ì­®¥ ¯à®¨§¢¥¤¥­¨¥
0274   63AC E0 D3       		dw	0D3E0h
0275   63AE B0 06       		dw	06B0h
0276   63B0 13          		db	13h   				; 10 ¬ã§ëª «ì­®¥ ¯à®¨§¢¥¤¥­¨¥
0277   63B1 90 DA       		dw	0DA90h
0278   63B3 D0 07       		dw	07D0h
0279   63B5 13          		db	13h   				; 11 ¬ã§ëª «ì­®¥ ¯à®¨§¢¥¤¥­¨¥
0280   63B6 60 E2       		dw	0E260h
0281   63B8 F0 0B       		dw	0BF0h
0282   63BA 13          		db	13h   				; 12 ¬ã§ëª «ì­®¥ ¯à®¨§¢¥¤¥­¨¥
0283   63BB 50 EE       		dw	0EE50h
0284   63BD E0 07       		dw	07E0h
0285   63BF 13          		db	13h   				; 13 ¬ã§ëª «ì­®¥ ¯à®¨§¢¥¤¥­¨¥
0286   63C0 30 F6       		dw	0F630h
0287   63C2 F0 02       		dw	02F0h
0288   63C4 13          		db	13h   				; 14 ¬ã§ëª «ì­®¥ ¯à®¨§¢¥¤¥­¨¥
0289   63C5 20 F9       		dw	0F920h
0290   63C7 A0 05       		dw	05A0h
0291   63C9             
0292   63C9 14          		db	14h   				; 15 ¬ã§ëª «ì­®¥ ¯à®¨§¢¥¤¥­¨¥
0293   63CA 00 C0       		dw	0C000h
0294   63CC 50 03       		dw	0350h
0295   63CE 14          		db	14h   				; 16 ¬ã§ëª «ì­®¥ ¯à®¨§¢¥¤¥­¨¥
0296   63CF 50 C3       		dw	0C350h
0297   63D1 A0 07       		dw	07A0h
0298   63D3 14          		db	14h   				; 17 ¬ã§ëª «ì­®¥ ¯à®¨§¢¥¤¥­¨¥
0299   63D4 F0 CA       		dw	0CAF0h
0300   63D6 C0 03       		dw	03C0h
0301   63D8 14          		db	14h   				; 18 ¬ã§ëª «ì­®¥ ¯à®¨§¢¥¤¥­¨¥
0302   63D9 B0 CE       		dw	0CEB0h
0303   63DB E0 06       		dw	06E0h
0304   63DD 14          		db	14h   				; 19 ¬ã§ëª «ì­®¥ ¯à®¨§¢¥¤¥­¨¥
0305   63DE 90 D5       		dw	0D590h
0306   63E0 70 0A       		dw	0A70h
0307   63E2 14          		db	14h   				; 20 ¬ã§ëª «ì­®¥ ¯à®¨§¢¥¤¥­¨¥
0308   63E3 00 E0       		dw	0E000h
0309   63E5 30 04       		dw	0430h
0310   63E7 14          		db	14h   				; 21 ¬ã§ëª «ì­®¥ ¯à®¨§¢¥¤¥­¨¥
0311   63E8 30 E4       		dw	0E430h
0312   63EA 90 07       		dw	0790h
0313   63EC 14          		db	14h   				; 22 ¬ã§ëª «ì­®¥ ¯à®¨§¢¥¤¥­¨¥
0314   63ED C0 EB       		dw	0EBC0h
0315   63EF 90 06       		dw	0690h
0316   63F1 14          		db	14h   				; 23 ¬ã§ëª «ì­®¥ ¯à®¨§¢¥¤¥­¨¥
0317   63F2 50 F2       		dw	0F250h
0318   63F4 70 03       		dw	0370h
0319   63F6 14          		db	14h   				; 24 ¬ã§ëª «ì­®¥ ¯à®¨§¢¥¤¥­¨¥
0320   63F7 C0 F5       		dw	0F5C0h
0321   63F9 90 09       		dw	0990h
0322   63FB             
0323   63FB 16          		db	16h   				; 25 ¬ã§ëª «ì­®¥ ¯à®¨§¢¥¤¥­¨¥
0324   63FC 00 C0       		dw	0C000h
0325   63FE B0 04       		dw	04B0h
0326   6400 16          		db	16h   				; 26 ¬ã§ëª «ì­®¥ ¯à®¨§¢¥¤¥­¨¥
0327   6401 B0 C4       		dw	0C4B0h
0328   6403 20 0C       		dw	0C20h
0329   6405 16          		db	16h   				; 27 ¬ã§ëª «ì­®¥ ¯à®¨§¢¥¤¥­¨¥
0330   6406 D0 D0       		dw	0D0D0h
0331   6408 00 03       		dw	0300h
0332   640A 16          		db	16h   				; 28 ¬ã§ëª «ì­®¥ ¯à®¨§¢¥¤¥­¨¥
0333   640B D0 D3       		dw	0D3D0h
0334   640D 50 02       		dw	0250h
0335   640F 16          		db	16h   				; 29 ¬ã§ëª «ì­®¥ ¯à®¨§¢¥¤¥­¨¥
0336   6410 20 D6       		dw	0D620h
0337   6412 B0 08       		dw	08B0h
0338   6414 16          		db	16h   				; 30 ¬ã§ëª «ì­®¥ ¯à®¨§¢¥¤¥­¨¥
0339   6415 D0 DE       		dw	0DED0h
0340   6417 E0 0C       		dw	0CE0h
0341   6419             
0342   6419             
0343   6419             
0344   6419             MoonSound_exit: 		
0345   6419 F3          		di	
0346   641A CD 09 87    		call	MBPlayer_stop
0347   641D 21 00 00    		ld	hl,0	
0348   6420 E5          		push	hl
0349   6421 C3 2F 3D          		jp  	3d2fh				;¢ëå®¤ ¢ TR-DOS
0350   6424             
0351   6424             
0352   6424             MoonSound_time_init: 
0353   6424 AF          		xor	a
0354   6425 32 A6 65                    ld	(MoonSound_time_int),a
0355   6428 32 A7 65    		ld	(MoonSound_time_count),a		
0356   642B 32 A8 65    		ld	(MoonSound_time_minute),a
0357   642E 18 38       		jr	MoonSound_time_draw
0358   6430             
0359   6430             MoonSound_time_view: 
0360   6430 3A A6 65                    ld	a,(MoonSound_time_int)
0361   6433 3C          		inc	a
0362   6434 32 A6 65                    ld	(MoonSound_time_int),a
0363   6437 FE 32       		cp	50
0364   6439 D8          		ret	c
0365   643A AF          		xor	a
0366   643B 32 A6 65                    ld	(MoonSound_time_int),a
0367   643E 3A A7 65                    ld	a,(MoonSound_time_count)
0368   6441 3C          		inc	a
0369   6442 4F          		ld	c,a
0370   6443 E6 0F       		and	0Fh
0371   6445 FE 0A       		cp	10
0372   6447 38 04       		jr	c,MoonSound_time_next
0373   6449 3E 06       		ld	a,6
0374   644B 81          		add	c
0375   644C 4F          		ld	c,a
0376   644D             MoonSound_time_next: 
0377   644D 79          		ld	a,c
0378   644E 32 A7 65    		ld	(MoonSound_time_count),a		
0379   6451 FE 60       		cp	60h
0380   6453 38 13       		jr	c,MoonSound_time_draw
0381   6455 AF          		xor	a
0382   6456 32 A7 65    		ld	(MoonSound_time_count),a		
0383   6459 3A A8 65    		ld	a,(MoonSound_time_minute)
0384   645C 3C          		inc	a
0385   645D 32 A8 65    		ld	(MoonSound_time_minute),a
0386   6460 FE 0A       		cp	10
0387   6462 38 04       		jr	c,MoonSound_time_draw
0388   6464 AF          		xor	a
0389   6465 32 A8 65    		ld	(MoonSound_time_minute),a
0390   6468             MoonSound_time_draw: 
0391   6468 3A A8 65    		ld	a,(MoonSound_time_minute)
0392   646B E6 0F       		and	0Fh
0393   646D 21 1C 40    		ld	hl,401Ch
0394   6470 CD 9E 64    		call 	MoonSound_view_symbol
0395   6473 3A A7 65    		ld	a,(MoonSound_time_count)
0396   6476 4F          		ld	c,a
0397   6477 E6 F0       		and	0F0h
0398   6479 0F          		rrca
0399   647A 0F          		rrca
0400   647B 0F          		rrca
0401   647C 0F          		rrca
0402   647D 21 1E 40    		ld	hl,401Eh
0403   6480 CD 9E 64    		call	MoonSound_view_symbol
0404   6483 79          		ld	a,c
0405   6484 E6 0F       		and	0Fh
0406   6486 21 1F 40    		ld	hl,401Fh
0407   6489 18 13       		jr	MoonSound_view_symbol
0408   648B              
0409   648B             MoonSound_view_number: 
0410   648B 4F          		ld	c,a
0411   648C E6 F0       		and	0F0h
0412   648E 0F          		rrca
0413   648F 0F          		rrca
0414   6490 0F          		rrca
0415   6491 0F          		rrca
0416   6492 21 07 40    		ld	hl,4007h
0417   6495 CD 9E 64    		call	MoonSound_view_symbol
0418   6498 79          		ld	a,c
0419   6499 E6 0F       		and	0Fh
0420   649B 21 08 40    		ld	hl,4008h
0421   649E             MoonSound_view_symbol: 
0422   649E E5          		push	hl
0423   649F 26 00       		ld	h,0
0424   64A1 6F          		ld	l,a
0425   64A2 29          		add	hl,hl
0426   64A3 29          		add	hl,hl
0427   64A4 29          		add	hl,hl
0428   64A5 11 51 65    		ld	de,MoonSound_table_symbol
0429   64A8 19          	        add	hl,de	
0430   64A9 EB          		ex	de,hl
0431   64AA E1          		pop	hl
0432   64AB 06 08       		ld	b,8
0433   64AD             
0434   64AD             MoonSound_view_loop: 
0435   64AD 1A          		ld	a,(de)
0436   64AE 77          		ld	(hl),a
0437   64AF 13          		inc	de		
0438   64B0 24          		inc	h
0439   64B1 7C          		ld	a,h
0440   64B2 E6 07       		and	7
0441   64B4 20 0A       		jr	nz,MoonSound_next_line
0442   64B6 7D          		ld	a,l
0443   64B7 C6 20       		add	a,20h
0444   64B9 6F          		ld	l,a
0445   64BA 38 04       		jr	c,MoonSound_next_line
0446   64BC 7C          		ld	a,h
0447   64BD D6 08       		sub	8
0448   64BF 67          		ld	h,a
0449   64C0             MoonSound_next_line: 
0450   64C0 10 EB       		djnz	MoonSound_view_loop
0451   64C2 C9          		ret	
0452   64C3             
0453   64C3             MoonSound_mwmload: 
0454   64C3 21 00 C8    		ld	hl,0C800h
0455   64C6 22 AF 66    		ld	(load_position),hl
0456   64C9 21 00 C0    		ld	hl,0C000h
0457   64CC 22 6D 8E    		ld	(MBPlayer_songdata_addres),hl
0458   64CF             
0459   64CF             ;--- Load MWM file ---
0460   64CF             
0461   64CF             ; Note: The routine below is a bit complex because it supports
0462   64CF             ; songs > 16K. However, if you know that your song will always be < 16K you
0463   64CF             ; can simplify it a lot:
0464   64CF             ; - read the header and trash it!
0465   64CF             ; - read the rest of the file
0466   64CF             ; - modify the play_nextpos routine so that 3 is added to the pattern address
0467   64CF             
0468   64CF             mbload: 
0469   64CF             
0470   64CF 21 6C 8E    		ld	hl,MBPlayer_songdata_bank1	; select first song bank
0471   64D2 22 AD 66    		ld	(load_bank),hl
0472   64D5 7E          		ld	a,(hl)
0473   64D6             
0474   64D6 21 06 00    		ld	hl,6
0475   64D9 ED 5B 6D 8E 		ld	de,(MBPlayer_songdata_addres)
0476   64DD CD 2D 65    		call	load_file			; read header
0477   64E0             
0478   64E0 21 16 01    		ld	hl,278
0479   64E3 ED 5B 6D 8E 		ld	de,(MBPlayer_songdata_addres)		; read settings
0480   64E7 CD 2D 65    		call	load_file
0481   64EA 1A          		ld	a,(de)
0482   64EB 19          		add	hl,de
0483   64EC EB          		ex	de,hl
0484   64ED 3C          		inc	a
0485   64EE 6F          		ld	l,a
0486   64EF 26 00       		ld	h,0
0487   64F1 CD 2D 65    		call	load_file			; read positions
0488   64F4 CD 41 65    		call	check_pats
0489   64F7 19          		add	hl,de
0490   64F8 EB          		ex	de,hl
0491   64F9 87          		add	a,a
0492   64FA 6F          		ld	l,a
0493   64FB 26 00       		ld	h,0
0494   64FD CD 2D 65    		call	load_file			; read pattern addresses
0495   6500 19          		add	hl,de
0496   6501 22 AB 66    		ld	(load_adres),hl
0497   6504             
0498   6504             mbload_lp: 
0499   6504 11 B1 66    		ld	de,load_buffer
0500   6507 21 03 00    		ld	hl,3
0501   650A CD 2D 65    		call	load_file
0502   650D 3A B3 66    		ld	a,(load_buffer + 2)
0503   6510 B7          		or	a
0504   6511 C8          		ret	z
0505   6512 ED 5B AB 66 		ld	de,(load_adres)
0506   6516 2A B1 66    		ld	hl,(load_buffer)
0507   6519 CD 2D 65    		call	load_file
0508   651C             
0509   651C 11 00 C0    		ld	de,0C000h
0510   651F ED 53 AB 66 		ld	(load_adres),de
0511   6523 2A AD 66    		ld	hl,(load_bank)
0512   6526 23          		inc	hl
0513   6527 7E          		ld	a,(hl)
0514   6528 22 AD 66    		ld	(load_bank),hl
0515   652B 18 D7       		jr	mbload_lp
0516   652D             
0517   652D             
0518   652D             
0519   652D             ;--- Load (part of) file ---
0520   652D             ; In: HL = number of bytes to read
0521   652D             ;     DE = transfer address
0522   652D             
0523   652D             load_file: 	
0524   652D 7D          		ld	a,l
0525   652E B4          		or	h
0526   652F C8          		ret	z
0527   6530             
0528   6530 E5          		push	hl
0529   6531 D5          		push	de
0530   6532 C5          		push	bc
0531   6533             
0532   6533 E5          		push	hl
0533   6534 C1          		pop	bc
0534   6535 2A AF 66    		ld	hl,(load_position)
0535   6538 ED B0       		ldir
0536   653A 22 AF 66    		ld	(load_position),hl
0537   653D C1          		pop	bc
0538   653E D1          		pop	de
0539   653F E1          		pop	hl
0540   6540 C9          		ret
0541   6541             
0542   6541             ;--- search highest pattern ---
0543   6541             ; In: L = #positions, DE = pointer to patterns
0544   6541             ; Out: A = highest pattern
0545   6541             
0546   6541             check_pats: 	
0547   6541 E5          		push	hl
0548   6542 D5          		push	de
0549   6543 45          		ld	b,l
0550   6544 EB          		ex	de,hl
0551   6545 AF          		xor	a
0552   6546             check_patslp: 	
0553   6546 BE          		cp	(hl)
0554   6547 30 01       		jr	nc,check_pats2
0555   6549 7E          		ld	a,(hl)
0556   654A 23          check_pats2: 	inc	hl
0557   654B 10 F9       		djnz	check_patslp
0558   654D 3C          		inc	a
0559   654E D1          		pop	de
0560   654F E1          		pop	hl
0561   6550 C9          		ret
0562   6551             
0563   6551             MoonSound_table_symbol: 
0564   6551               		db 	0,3Ch,66h,6Eh,76h,66h,3Ch,0
0564   6551 003C666E76663C00
0565   6559               		db 	0,18h,38h,18h,18h,18h,7Eh,0
0565   6559 0018381818187E00
0566   6561               		db 	0,3Ch,66h,0Ch,18h,30h,7Eh,0
0566   6561 003C660C18307E00
0567   6569               		db 	0,7Eh,0Ch,18h,0Ch,66h,3Ch,0
0567   6569 007E0C180C663C00
0568   6571               		db 	0,0Ch,1Ch,3Ch,6Ch,7Eh,0Ch,0
0568   6571 000C1C3C6C7E0C00
0569   6579               		db 	0,7Eh,60h,7Ch,06h,66h,3Ch,0
0569   6579 007E607C06663C00
0570   6581               		db 	0,3Ch,60h,7Ch,66h,66h,3Ch,0
0570   6581 003C607C66663C00
0571   6589               		db 	0,7Eh,06h,0Ch,18h,30h,30h,0
0571   6589 007E060C18303000
0572   6591               		db 	0,3Ch,66h,3Ch,66h,66h,3Ch,0
0572   6591 003C663C66663C00
0573   6599             		db 	0,3Ch,66h,3Eh,06h,0Ch,38h,0
0573   6599 003C663E060C3800
0574   65A1             
0575   65A1             MoonSound_flg_next: 
0576   65A1 00          		db	0
0577   65A2             MoonSound_number_music: 
0578   65A2 00          		db	0
0579   65A3             
0580   65A3             MoonSound_count_music: 
0581   65A3 00          		db	0
0582   65A4             
0583   65A4             MoonSound_page_memory: 
0584   65A4 00          		db	0		
0585   65A5             MoonSound_key_press: 
0586   65A5 00          		db	0
0587   65A6             
0588   65A6             MoonSound_time_int: 
0589   65A6 00          		db	0
0590   65A7             MoonSound_time_count: 
0591   65A7 00          		db	0		
0592   65A8             MoonSound_time_minute: 
0593   65A8 00          		db	0
0594   65A9             
0595   65A9             
0596   65A9             MoonSound_copy_addr: 
0597   65A9 00 00       		dw	0
0598   65AB             MoonSound_copy_buffer: 
0599   65AB 00          		ds	256
0600   66AB             
0601   66AB 00 00       load_adres: 	dw	0
0602   66AD 00 00       load_bank: 	dw	0
0603   66AF 00 00       load_position: 	dw	0
0604   66B1 00 00 00    load_buffer: 	db	0,0,0
0605   66B4             
0606   66B4             
0607   66B4             Interrupt_handle: 
0608   66B4 E5          		push	hl
0609   66B5 D5          		push	de
0610   66B6 C5          		push	bc
0611   66B7 F5          		push	af
0612   66B8             
0613   66B8 CD CD 66    		call 	Analyzer_update
0614   66BB CD B7 67    		call	Str_play
0615   66BE CD 30 64    		call	MoonSound_time_view
0616   66C1             
0617   66C1             ;		ld	a,(MoonSound_page_memory)	;§ £àã§¨¬ ­®¬¥à áâà ­¨æë ¯ ¬ïâ¨ â¥ªãé¥© ¬ã§ëª¨
0618   66C1             ;		ld	bc,7ffdh
0619   66C1             ;		out	(c),a
0620   66C1 CD 06 87    		call	MBPlayer_play
0621   66C4             
0622   66C4 CD 0E 67    		call 	Analyzer_view
0623   66C7             
0624   66C7             ;		ld	a,10h
0625   66C7             ;		ld	bc,7ffdh
0626   66C7             ;		out	(c),a
0627   66C7             
0628   66C7             Interrupt_exit: 
0629   66C7             
0630   66C7 F1          		pop	af
0631   66C8 C1          		pop	bc
0632   66C9 D1          		pop	de
0633   66CA E1          		pop	hl
0634   66CB FB          		ei
0635   66CC C9          		ret
0636   66CD             
0637   66CD             
0638   66CD             		.include  analyzer.asm
0001+  66CD             ;--------------------------------------------------------------------
0002+  66CD             ; Ž¯¨á ­¨¥: Œ®¤ã«ì ®â®¡à ¦¥­¨ï  ­ «¨§ â®à 
0003+  66CD             ; €¢â®à: ’ à á®¢ Œ..(Mick),2016
0004+  66CD             ;--------------------------------------------------------------------
0005+  66CD             
0006+  66CD             ;-------------------------------------------------------------------
0007+  66CD             ; ®¯¨á ­¨¥: Ž¡­®¢«¥­¨¥ ¯ à ¬¥âà®¢  ­ «¨§ â®à 
0008+  66CD             ; ¯ à ¬¥âàë: ­¥â
0009+  66CD             ; ¢®§¢à é ¥¬®¥  §­ ç¥­¨¥: ­¥â
0010+  66CD             ;---------------------------------------------------------------------
0011+  66CD             Analyzer_update: 
0012+  66CD 3E 0C       		ld	a, 0Ch
0013+  66CF 32 73 67    		ld	(byte_0_CF9), a
0014+  66D2 11 22 9A    		ld	de, MBPlayer_volume_buffer_2
0015+  66D5 21 74 67    		ld	hl, Analyzer_vol_table_1
0016+  66D8 3E 18       		ld	a, 24
0017+  66DA             
0018+  66DA             loc_0_5D8: 
0019+  66DA 08          		ex	af, af'
0020+  66DB E5          		push	hl
0021+  66DC 1A          		ld	a, (de)
0022+  66DD             
0023+  66DD E6 0F       		and	0Fh
0024+  66DF 4F          		ld	c,a
0025+  66E0 1A          		ld	a,(de)
0026+  66E1 E6 F0       		and	0F0h
0027+  66E3 0F          		rrca	
0028+  66E4 0F          		rrca	
0029+  66E5 0F          		rrca
0030+  66E6 0F          		rrca	
0031+  66E7 B9          		cp	c
0032+  66E8 30 01       		jr	nc,Analyzer_up_ch0
0033+  66EA 79          		ld	a,c	
0034+  66EB             
0035+  66EB             Analyzer_up_ch0: 
0036+  66EB E6 0F       		and	0Fh
0037+  66ED 28 07       		jr	z, loc_0_5EA
0038+  66EF ED 44       		neg	
0039+  66F1 C6 11       		add	a, 11h
0040+  66F3 C3 FC 66    		jp	loc_0_5F0
0041+  66F6             
0042+  66F6             loc_0_5EA: 
0043+  66F6 7E          		ld	a, (hl)
0044+  66F7 FE 01       		cp	1
0045+  66F9 38 02       		jr	c, loc_0_5FA
0046+  66FB 3D          		dec	a
0047+  66FC             loc_0_5F0: 
0048+  66FC 77          		ld	(hl), a
0049+  66FD             loc_0_5FA: 
0050+  66FD 3E 04       		ld	a, 4
0051+  66FF 21 73 67    		ld	hl, byte_0_CF9
0052+  6702 86          		add	a, (hl)
0053+  6703 77          		ld	(hl), a
0054+  6704 E1          		pop	hl
0055+  6705 23          		inc	hl
0056+  6706 AF          		xor	a
0057+  6707 12          		ld	(de), a
0058+  6708 13          		inc	de
0059+  6709 08          		ex	af, af'
0060+  670A 3D          		dec	a
0061+  670B 20 CD       		jr	nz, loc_0_5D8
0062+  670D C9          		ret
0063+  670E             ;-------------------------------------------------------------------
0064+  670E             ; ®¯¨á ­¨¥: Žâ®¡à ¦¥­¨¥  ­ «¨§ â®à 
0065+  670E             ; ¯ à ¬¥âàë: ­¥â
0066+  670E             ; ¢®§¢à é ¥¬®¥  §­ ç¥­¨¥: ­¥â
0067+  670E             ;---------------------------------------------------------------------
0068+  670E             Analyzer_view: 
0069+  670E             
0070+  670E 0E 0E       		ld	c,14
0071+  6710 21 24 57    		ld	hl,5724h
0072+  6713 CD 4D 67    		call	Analyzer_draw
0073+  6716             
0074+  6716 0E 0C       		ld	c,12
0075+  6718 21 44 51    		ld	hl,5144h
0076+  671B CD 4D 67    		call	Analyzer_draw
0077+  671E                                                                     
0078+  671E             
0079+  671E 0E 0A       		ld	c,10
0080+  6720 21 44 53    		ld	hl,5344h
0081+  6723 CD 4D 67    		call	Analyzer_draw
0082+  6726                                                                    
0083+  6726             
0084+  6726 0E 08       		ld	c,8
0085+  6728 21 44 55    		ld	hl,5544h
0086+  672B CD 4D 67    		call	Analyzer_draw
0087+  672E             
0088+  672E 0E 06       		ld	c,6
0089+  6730 21 44 57    		ld	hl,5744h
0090+  6733 CD 4D 67    		call	Analyzer_draw
0091+  6736             
0092+  6736 0E 04       		ld	c,4
0093+  6738 21 64 51    		ld	hl,5164h
0094+  673B CD 4D 67    		call	Analyzer_draw
0095+  673E             
0096+  673E 0E 02       		ld	c,2
0097+  6740 21 64 53    		ld	hl,5364h
0098+  6743 CD 4D 67    		call	Analyzer_draw
0099+  6746             
0100+  6746 21 64 55    		ld	hl,5564h
0101+  6749 CD 5F 67    		call	Analyzer_fill
0102+  674C C9          		ret
0103+  674D             ;-------------------------------------------------------------------
0104+  674D             ; ®¯¨á ­¨¥: Žâà¨á®¢ª  «¥¢®£® ª ­ «   ­ «¨§ â®à 
0105+  674D             ; ¯ à ¬¥âàë: HL -  ¤à¥á íªà ­ 
0106+  674D             ;            C - ¯®§¨æ¨ï ¢ ¨­¤¨ª â®à¥
0107+  674D             ; ¢®§¢à é ¥¬®¥  §­ ç¥­¨¥: ­¥â
0108+  674D             ;---------------------------------------------------------------------
0109+  674D             Analyzer_draw: 
0110+  674D 06 18       		ld	b,24
0111+  674F 11 74 67    		ld	de, Analyzer_vol_table_1
0112+  6752             Analyzer_loop: 
0113+  6752 36 00       		ld	(hl),0
0114+  6754 1A          		ld	a,(de)
0115+  6755 B9          		cp	c
0116+  6756 38 02       		jr	c,Analyzer_skip
0117+  6758 36 0F       		ld	(hl),0Fh
0118+  675A             Analyzer_skip: 
0119+  675A 2C          		inc	l
0120+  675B 13          		inc	de
0121+  675C 10 F4       		djnz	Analyzer_loop
0122+  675E C9          		ret	
0123+  675F             ;-------------------------------------------------------------------
0124+  675F             ; ®¯¨á ­¨¥: Žâà¨á®¢ª  «¥¢®£® ª ­ «   ­ «¨§ â®à 
0125+  675F             ; ¯ à ¬¥âàë: HL -  ¤à¥á íªà ­ 
0126+  675F             ; ¢®§¢à é ¥¬®¥  §­ ç¥­¨¥: ­¥â
0127+  675F             ;---------------------------------------------------------------------
0128+  675F             Analyzer_fill: 
0129+  675F 06 18       		ld	b,24
0130+  6761 3E 0F       		ld	a,0Fh
0131+  6763             Analyzer_fill_loop: 
0132+  6763 77          		ld	(hl),a
0133+  6764 2C          		inc	l
0134+  6765 10 FC       		djnz	Analyzer_fill_loop
0135+  6767 C9          		ret	
0136+  6768             ;-------------------------------------------------------------------
0137+  6768             ; ®¯¨á ­¨¥: Ž¡­®¢«¥­¨¥ ¯ à ¬¥âà®¢  ­ «¨§ â®à 
0138+  6768             ; ¯ à ¬¥âàë: ­¥â
0139+  6768             ; ¢®§¢à é ¥¬®¥  §­ ç¥­¨¥: ­¥â
0140+  6768             ;---------------------------------------------------------------------
0141+  6768             Analyzer_init: 
0142+  6768 06 18                     	ld	b, 24
0143+  676A 21 74 67    		ld	hl,Analyzer_vol_table_1
0144+  676D             
0145+  676D             Analyzer_init_loop: 
0146+  676D 36 00                       ld	(hl),0
0147+  676F 23          		inc	hl
0148+  6770 10 FB       		djnz	Analyzer_init_loop
0149+  6772 C9          		ret
0150+  6773             
0151+  6773             ;-------------------------------------------------------------------
0152+  6773             ; ®¯¨á ­¨¥:  ¥à¥¬¥­­ë¥ ¯à ¢®£® ¨ «¥¢®£® ª ­ «®¢  ­ «¨§ â®à 
0153+  6773             ;---------------------------------------------------------------------
0154+  6773             byte_0_CF9: 
0155+  6773 00          		ds	1
0156+  6774             Analyzer_vol_table_1: 
0157+  6774 00          		ds	24
0158+  678C             
0639   678C             		.include  string.asm
0001+  678C             ;--------------------------------------------------------------------
0002+  678C             ; Îïèñàíèå: Áåãóùàÿ ñòðîêà
0003+  678C             ; Àâòîð ïîðòà: îñíîâà âûäðàíà èç çàïèëÿòîðà
0004+  678C             ;--------------------------------------------------------------------
0005+  678C             Str_reload: 
0006+  678C 3A BA 68    		ld	a,(Str_flg_end)
0007+  678F A7          		and	a
0008+  6790 28 06       		jr 	z,Str_init
0009+  6792 AF          		xor	a
0010+  6793 32 BA 68    		ld	(Str_flg_end),a
0011+  6796 37          		scf
0012+  6797 C9          		ret
0013+  6798             
0014+  6798             Str_init: 
0015+  6798 3E 0F       		ld	a,0Fh
0016+  679A 32 BB 68    		ld	(Str_count_bit),a
0017+  679D 21 D6 6A    		ld	hl,Str_addr_text
0018+  67A0 22 BC 68    		ld	(Str_addr_work),hl
0019+  67A3 7E          		ld	a,(hl)
0020+  67A4 C9          		ret
0021+  67A5             
0022+  67A5             
0023+  67A5             Str_init_load: 
0024+  67A5 3E 0F       		ld	a,0Fh
0025+  67A7 32 BB 68    		ld	(Str_count_bit),a
0026+  67AA 21 BE 6A    		ld	hl,Str_addr_load
0027+  67AD 22 BC 68    		ld	(Str_addr_work),hl
0028+  67B0 3E 01       		ld	a,1
0029+  67B2 32 BA 68    		ld	(Str_flg_end),a
0030+  67B5 7E          		ld	a,(hl)
0031+  67B6 C9          		ret	
0032+  67B7             
0033+  67B7             Str_play: 
0034+  67B7 3A BB 68    		ld	a,(Str_count_bit)
0035+  67BA 3C          		inc	a
0036+  67BB E6 0F       		and	0Fh
0037+  67BD 32 BB 68    		ld	(Str_count_bit),a
0038+  67C0 B7          		or	a
0039+  67C1 20 10       		jr	nz, Str_move_string
0040+  67C3             
0041+  67C3             Str_next_symbol: 
0042+  67C3 2A BC 68    		ld	hl,(Str_addr_work)
0043+  67C6 7E          		ld	a,(hl)
0044+  67C7 A7          		and	a
0045+  67C8 CC 8C 67    		call	z,Str_reload
0046+  67CB D8          		ret	c
0047+  67CC 23          		inc	hl
0048+  67CD 22 BC 68    		ld	(Str_addr_work),hl
0049+  67D0 CD 4A 68    		call	Str_load_symbol
0050+  67D3             
0051+  67D3             Str_move_string: 
0052+  67D3 11 BF 54    		ld	de, 54BFh
0053+  67D6 21 BF 68    		ld	hl, Str_buf_data +1 
0054+  67D9 06 10       		ld	b, 10h
0055+  67DB             
0056+  67DB             Str_move_line: 
0057+  67DB 37          		scf	
0058+  67DC 3F          		ccf	
0059+  67DD CB 16       		rl	(hl)
0060+  67DF 2B          		dec	hl
0061+  67E0 CB 16       		rl	(hl)
0062+  67E2 23          		inc	hl
0063+  67E3 23          		inc	hl
0064+  67E4 23          		inc	hl
0065+  67E5 EB          		ex	de, hl
0066+  67E6 E5          		push	hl
0067+  67E7 CB 16       		rl	(hl)
0068+  67E9 2B          		dec	hl
0069+  67EA CB 16       		rl	(hl)
0070+  67EC 2B          		dec	hl
0071+  67ED CB 16       		rl	(hl)
0072+  67EF 2B          		dec	hl
0073+  67F0 CB 16       		rl	(hl)
0074+  67F2 2B          		dec	hl
0075+  67F3 CB 16       		rl	(hl)
0076+  67F5 2B          		dec	hl
0077+  67F6 CB 16       		rl	(hl)
0078+  67F8 2B          		dec	hl
0079+  67F9 CB 16       		rl	(hl)
0080+  67FB 2B          		dec	hl
0081+  67FC CB 16       		rl	(hl)
0082+  67FE 2B          		dec	hl
0083+  67FF CB 16       		rl	(hl)
0084+  6801 2B          		dec	hl
0085+  6802 CB 16       		rl	(hl)
0086+  6804 2B          		dec	hl
0087+  6805 CB 16       		rl	(hl)
0088+  6807 2B          		dec	hl
0089+  6808 CB 16       		rl	(hl)
0090+  680A 2B          		dec	hl
0091+  680B CB 16       		rl	(hl)
0092+  680D 2B          		dec	hl
0093+  680E CB 16       		rl	(hl)
0094+  6810 2B          		dec	hl
0095+  6811 CB 16       		rl	(hl)
0096+  6813 2B          		dec	hl
0097+  6814 CB 16       		rl	(hl)
0098+  6816 2B          		dec	hl
0099+  6817 CB 16       		rl	(hl)
0100+  6819 2B          		dec	hl
0101+  681A CB 16       		rl	(hl)
0102+  681C 2B          		dec	hl
0103+  681D CB 16       		rl	(hl)
0104+  681F 2B          		dec	hl
0105+  6820 CB 16       		rl	(hl)
0106+  6822 2B          		dec	hl
0107+  6823 CB 16       		rl	(hl)
0108+  6825 2B          		dec	hl
0109+  6826 CB 16       		rl	(hl)
0110+  6828 2B          		dec	hl
0111+  6829 CB 16       		rl	(hl)
0112+  682B 2B          		dec	hl
0113+  682C CB 16       		rl	(hl)
0114+  682E 2B          		dec	hl
0115+  682F CB 16       		rl	(hl)
0116+  6831 2B          		dec	hl
0117+  6832 CB 16       		rl	(hl)
0118+  6834 2B          		dec	hl
0119+  6835             
0120+  6835 E1          		pop	hl
0121+  6836 24          		inc	h
0122+  6837 7C          		ld	a, h
0123+  6838 E6 07       		and	7
0124+  683A 20 09       		jr	nz, Str_next_line
0125+  683C 7D          		ld	a, l
0126+  683D D6 E0       		sub	0E0h ; 'à'
0127+  683F 6F          		ld	l, a
0128+  6840 9F          		sbc	a, a
0129+  6841 E6 F8       		and	0F8h ; 'ø'
0130+  6843 84          		add	a, h
0131+  6844 67          		ld	h, a
0132+  6845             Str_next_line: 
0133+  6845 EB          		ex	de, hl
0134+  6846 10 93       		djnz	Str_move_line
0135+  6848 A7          		and	a
0136+  6849 C9          		ret
0137+  684A             
0138+  684A             Str_load_symbol: 
0139+  684A D6 20       		sub	20h
0140+  684C FE 60       		cp	60h
0141+  684E 38 02       		jr	c, Str_load_data
0142+  6850 D6 60       		sub	60h
0143+  6852             
0144+  6852             Str_load_data: 
0145+  6852 26 00       		ld	h, 0
0146+  6854 6F          		ld	l, a
0147+  6855 29          		add	hl, hl
0148+  6856 29          		add	hl, hl
0149+  6857 29          		add	hl, hl
0150+  6858 29          		add	hl, hl
0151+  6859 29          		add	hl, hl
0152+  685A 01 03 7B    		ld	bc, Str_addr_font
0153+  685D 09          		add	hl, bc
0154+  685E ED 73 B7 68 		ld	(Str_save_stack + 1),sp
0155+  6862 F9          		ld	sp, hl
0156+  6863 21 BE 68    		ld	hl, Str_buf_data
0157+  6866 C1          		pop	bc
0158+  6867 71          		ld	(hl), c
0159+  6868 23          		inc	hl
0160+  6869 70          		ld	(hl), b
0161+  686A 23          		inc	hl
0162+  686B C1          		pop	bc
0163+  686C 71          		ld	(hl), c
0164+  686D 23          		inc	hl
0165+  686E 70          		ld	(hl), b
0166+  686F 23          		inc	hl
0167+  6870 C1          		pop	bc
0168+  6871 71          		ld	(hl), c
0169+  6872 23          		inc	hl
0170+  6873 70          		ld	(hl), b
0171+  6874 23          		inc	hl
0172+  6875 C1          		pop	bc
0173+  6876 71          		ld	(hl), c
0174+  6877 23          		inc	hl
0175+  6878 70          		ld	(hl), b
0176+  6879 23          		inc	hl
0177+  687A C1          		pop	bc
0178+  687B 71          		ld	(hl), c
0179+  687C 23          		inc	hl
0180+  687D 70          		ld	(hl), b
0181+  687E 23          		inc	hl
0182+  687F C1          		pop	bc
0183+  6880 71          		ld	(hl), c
0184+  6881 23          		inc	hl
0185+  6882 70          		ld	(hl), b
0186+  6883 23          		inc	hl
0187+  6884 C1          		pop	bc
0188+  6885 71          		ld	(hl), c
0189+  6886 23          		inc	hl
0190+  6887 70          		ld	(hl), b
0191+  6888 23          		inc	hl
0192+  6889 C1          		pop	bc
0193+  688A 71          		ld	(hl), c
0194+  688B 23          		inc	hl
0195+  688C 70          		ld	(hl), b
0196+  688D 23          		inc	hl
0197+  688E C1          		pop	bc
0198+  688F 71          		ld	(hl), c
0199+  6890 23          		inc	hl
0200+  6891 70          		ld	(hl), b
0201+  6892 23          		inc	hl
0202+  6893 C1          		pop	bc
0203+  6894 71          		ld	(hl), c
0204+  6895 23          		inc	hl
0205+  6896 70          		ld	(hl), b
0206+  6897 23          		inc	hl
0207+  6898 C1          		pop	bc
0208+  6899 71          		ld	(hl), c
0209+  689A 23          		inc	hl
0210+  689B 70          		ld	(hl), b
0211+  689C 23          		inc	hl
0212+  689D C1          		pop	bc
0213+  689E 71          		ld	(hl), c
0214+  689F 23          		inc	hl
0215+  68A0 70          		ld	(hl), b
0216+  68A1 23          		inc	hl
0217+  68A2 C1          		pop	bc
0218+  68A3 71          		ld	(hl), c
0219+  68A4 23          		inc	hl
0220+  68A5 70          		ld	(hl), b
0221+  68A6 23          		inc	hl
0222+  68A7 C1          		pop	bc
0223+  68A8 71          		ld	(hl), c
0224+  68A9 23          		inc	hl
0225+  68AA 70          		ld	(hl), b
0226+  68AB 23          		inc	hl
0227+  68AC C1          		pop	bc
0228+  68AD 71          		ld	(hl), c
0229+  68AE 23          		inc	hl
0230+  68AF 70          		ld	(hl), b
0231+  68B0 23          		inc	hl
0232+  68B1 C1          		pop	bc
0233+  68B2 71          		ld	(hl), c
0234+  68B3 23          		inc	hl
0235+  68B4 70          		ld	(hl), b
0236+  68B5 23          		inc	hl
0237+  68B6             Str_save_stack: 
0238+  68B6 31 00 00    		ld	sp, 0
0239+  68B9 C9          		ret	
0240+  68BA             
0241+  68BA             
0242+  68BA             Str_flg_end: 
0243+  68BA 00          		db 	0
0244+  68BB             
0245+  68BB             Str_count_bit: 
0246+  68BB 00          		db 	0
0247+  68BC             Str_addr_work: 
0248+  68BC 00 00       		dw 	0
0249+  68BE             
0250+  68BE             Str_buf_data:    
0251+  68BE 00          		ds	512
0252+  6ABE             
0253+  6ABE             Str_addr_load: 
0254+  6ABE             		db	'            *LOAD*     ',0
0254+  6ABE 2020202020202020202020202A4C4F41442A202020202000
0255+  6AD6             
0256+  6AD6             Str_addr_text: 
0257+  6AD6             		db 	'                << SPACE TO CHANGE MUSIC >>       '
0257+  6AD6 202020202020202020202020202020203C3C20535041434520544F204348414E
0257+  6AF6 4745204D55534943203E3E20202020202020
0258+  6B08             		db 	'                ÏÐÈÂÅÒ, ÏÐÈÂÅÒ! ÍÀÄÎÅÄËÈÂÛÉ ÏËÞØÅÂÛÉ ÌÅÄÂÅÄÜ MICK ÏÐÎÄÎËÆÀÅÒ ÂÀÌ ÄÎÊÓ×ÀÒÜ !'
0258+  6B08 20202020202020202020202020202020CFD0C8C2C5D22C20CFD0C8C2C5D22120
0258+  6B28 CDC0C4CEC5C4CBC8C2DBC920CFCBDED8C5C2DBC920CCC5C4C2C5C4DC204D4943
0258+  6B48 4B20CFD0CEC4CECBC6C0C5D220C2C0CC20C4CECAD3D7C0D2DC2021
0259+  6B63             		db	' È ÅÙÅ ÎÄÈÍ ÑÂÅÆÈÉ ÑÁÎÐÍÈÊ ÌÅËÎÄÈÉ ÄËß ÇÂÓÊÎÂÎÉ ÊÀÐÒÛ *ZXM-MOONSOUND* ÕÎ×Ó ÂÀÌ ÏÐÅÄËÎÆÈÒÜ ÄËß ÏÐÎÑËÓØÈÂÀÍÈß.'
0259+  6B63 20C820C5D9C520CEC4C8CD20D1C2C5C6C8C920D1C1CED0CDC8CA20CCC5CBCEC4
0259+  6B83 C8C920C4CBDF20C7C2D3CACEC2CEC920CAC0D0D2DB202A5A584D2D4D4F4F4E53
0259+  6BA3 4F554E442A20D5CED7D320C2C0CC20CFD0C5C4CBCEC6C8D2DC20C4CBDF20CFD0
0259+  6BC3 CED1CBD3D8C8C2C0CDC8DF2E
0260+  6BCF             		db	' ÍÀ ÝÒÎÒ ÐÀÇ ÌÅËÎÄÈÉ ÌÍÎÃÎ, ÀÆ ÖÅËÛÕ 30, ÍÎ ÎÍÈ ÂÑÅ ÊÎÐÎÒÊÈÅ. ÖÅËÈÊÎÌ ÑÁÎÐÍÈÊ ÇÂÓ×ÈÒ 26 ÌÈÍÓÒ,'
0260+  6BCF 20CDC020DDD2CED220D0C0C720CCC5CBCEC4C8C920CCCDCEC3CE2C20C0C620D6
0260+  6BEF C5CBDBD52033302C20CDCE20CECDC820C2D1C520CACED0CED2CAC8C52E20D6C5
0260+  6C0F CBC8CACECC20D1C1CED0CDC8CA20C7C2D3D7C8D220323620CCC8CDD3D22C
0261+  6C2D             		db	' ÒÀÊ ×ÒÎ ÂÐÅÌÅÍÈ ÎÍ Ó ÂÀÑ ÇÀÉÌÅÒ ÑÎÂÑÅÌ ÍÅÌÍÎÃÎ. ÏÎ ÑÓÒÈ ÝÒÎ ÑÁÎÐÍÈÊ ÎÄÍÎÃÎ ÌÓÇÛÊÀÍÒÀ - MANUEL PAZOS,'
0261+  6C2D 20D2C0CA20D7D2CE20C2D0C5CCC5CDC820CECD20D320C2C0D120C7C0C9CCC5D2
0261+  6C4D 20D1CEC2D1C5CC20CDC5CCCDCEC3CE2E20CFCE20D1D3D2C820DDD2CE20D1C1CE
0261+  6C6D D0CDC8CA20CEC4CDCEC3CE20CCD3C7DBCAC0CDD2C0202D204D414E55454C2050
0261+  6C8D 415A4F532C
0262+  6C92             		db	' ÍÎ ÅÑÒÜ ÄÂÀ-ÒÐÈ ÒÐÅÊÀ Ñ ÄÐÓÃÈÌÈ ÀÂÒÎÐÀÌÈ, ÎÄÈÍ ÈÇ ÊÎÒÎÐÛÕ ÑÀÌ WOLF. È ÏÎ ÒÀÐÄÈÖÈÈ ÍÀØÈ ÕÓÄÎÆÍÈÊÈ'
0262+  6C92 20CDCE20C5D1D2DC20C4C2C02DD2D0C820D2D0C5CAC020D120C4D0D3C3C8CCC8
0262+  6CB2 20C0C2D2CED0C0CCC82C20CEC4C8CD20C8C720CACED2CED0DBD520D1C0CC2057
0262+  6CD2 4F4C462E20C820CFCE20D2C0D0C4C8D6C8C820CDC0D8C820D5D3C4CEC6CDC8CA
0262+  6CF2 C8
0263+  6CF3             		db	' ÎÒÄÛÕÀÞÒ, ÏÐÈÕÎÄÈÒÑß ÂÌÅÑÒÎ ÍÈÕ ÇÀÍÈÌÀÒÜÑß ÊÎÏÈÏÀÑÒÎÉ, ÒÎÅÑÒÜ ÊÀËßÊÀÍÈÅÌ ÌÀËßÊÀÍÈÅÌ.'
0263+  6CF3 20CED2C4DBD5C0DED22C20CFD0C8D5CEC4C8D2D1DF20C2CCC5D1D2CE20CDC8D5
0263+  6D13 20C7C0CDC8CCC0D2DCD1DF20CACECFC8CFC0D1D2CEC92C20D2CEC5D1D2DC20CA
0263+  6D33 C0CBDFCAC0CDC8C5CC20CCC0CBDFCAC0CDC8C5CC2E
0264+  6D48             		db	' À Â ÎÑÒÀËÜÍÎÌ ÂÑÅ ÊÀÊ ÎÁÛ×ÍÎ, Î×ÅÐÅÄÍÀß ÏÎÐÖÈß ÔÀÉËÎÂ Ñ ÐÀÑØÈÐÅÍÈÅÌ MWM,'
0264+  6D48 20C020C220CED1D2C0CBDCCDCECC20C2D1C520CAC0CA20CEC1DBD7CDCE2C20CE
0264+  6D68 D7C5D0C5C4CDC0DF20CFCED0D6C8DF20D4C0C9CBCEC220D120D0C0D1D8C8D0C5
0264+  6D88 CDC8C5CC204D574D2C
0265+  6D91             		db	' ÊÎÒÎÐÛÅ ÍÅ ÒÐÅÁÓÞÒ ÇÀÃÐÓÇÊÈ'
0265+  6D91 20CACED2CED0DBC520CDC520D2D0C5C1D3DED220C7C0C3D0D3C7CAC8
0266+  6DAD             		db	' ÑÝÌÏËÎÂ. ÊÀÐÒÈÍÊÀ ÈÇ ÈÍÅÒÀ, ÑËÅÃÊÀ ÑÊÎÍÂÅÐ×ÅÍÀ È ÏÎÄÐÈÕÒÎÂÀÍÀ Â ÌÅÐÓ ÌÎÈÕ ÓÌÅÍÈÉ.'
0266+  6DAD 20D1DDCCCFCBCEC22E20CAC0D0D2C8CDCAC020C8C720C8CDC5D2C02C20D1CBC5
0266+  6DCD C3CAC020D1CACECDC2C5D0D7C5CDC020C820CFCEC4D0C8D5D2CEC2C0CDC020C2
0266+  6DED 20CCC5D0D320CCCEC8D520D3CCC5CDC8C92E
0267+  6DFF             		db	' ÍÓ È ÅÙÅ ÕÎÒÅËÎÑÜ ÁÛ ÎÒÌÅÒÈÒÜ, ×ÒÎ Â ÌÈÐÅ ÑÏÅÊÒÐÓÌÀ ÑÒÐÀÑÒÈ ÂÑÅ ÍÀÊÀËßÞÒÑß È ÍÀÊÀËßÞÒÑß.'
0267+  6DFF 20CDD320C820C5D9C520D5CED2C5CBCED1DC20C1DB20CED2CCC5D2C8D2DC2C20
0267+  6E1F D7D2CE20C220CCC8D0C520D1CFC5CAD2D0D3CCC020D1D2D0C0D1D2C820C2D1C5
0267+  6E3F 20CDC0CAC0CBDFDED2D1DF20C820CDC0CAC0CBDFDED2D1DF2E
0268+  6E58             		db	' ÍÅ ÓÑÏÅËÈ ÓÒÈÕÍÓÒÜ ÑÒÐÀÑÒÈ ÏÎ ÏÎÂÎÄÓ ÀÀÀ È ÅÃÎ ÌÀÐÈÅÉ ÁÐÀÕÌÀÒÓËËÈÍÎÉ, ÊÀÊ ÎÁÙÅÑÒÂÅÍÍÎÑÒÜ'
0268+  6E58 20CDC520D3D1CFC5CBC820D3D2C8D5CDD3D2DC20D1D2D0C0D1D2C820CFCE20CF
0268+  6E78 CEC2CEC4D320C0C0C020C820C5C3CE20CCC0D0C8C5C920C1D0C0D5CCC0D2D3CB
0268+  6E98 CBC8CDCEC92C20CAC0CA20CEC1D9C5D1D2C2C5CDCDCED1D2DC
0269+  6EB1             		db	' ÂÇÎÐÂÀË RINDEX. ÅÃÎ ÂÑÅ ÒÀÊÈ ÇÀÁÀÍÈËÈ ÍÀ ZX.PK.RU, ÒÀÊ ÑÊÀÇÀÒÜ ÇÀÒÐÀÕÀË ÒÀÌ ÂÑÅÌ ÌÎÇÃ.'
0269+  6EB1 20C2C7CED0C2C0CB2052494E4445582E20C5C3CE20C2D1C520D2C0CAC820C7C0
0269+  6ED1 C1C0CDC8CBC820CDC0205A582E504B2E52552C20D2C0CA20D1CAC0C7C0D2DC20
0269+  6EF1 C7C0D2D0C0D5C0CB20D2C0CC20C2D1C5CC20CCCEC7C32E
0270+  6F08             		db	' ×ÅÐÒ, ÊÓÄÀ ÄÅËÑß ÒÎÒ RINDEX, ÊÎÒÎÐÎÃÎ ÇÍÀËÈ ÑÎÂÑÅÌ ÄÐÓÃÈÌ. ÈÒÎÃÎ, ÂÑÅ ÐÀÇÆÎÏÈËÈÑÜ È ÈÌÅÅÌ'
0270+  6F08 20D7C5D0D22C20CAD3C4C020C4C5CBD1DF20D2CED22052494E4445582C20CACE
0270+  6F28 D2CED0CEC3CE20C7CDC0CBC820D1CEC2D1C5CC20C4D0D3C3C8CC2E20C8D2CEC3
0270+  6F48 CE2C20C2D1C520D0C0C7C6CECFC8CBC8D1DC20C820C8CCC5C5CC
0271+  6F62             		db	' ×ÅÒÛÐÅ ÔÎÐÓÌÀ È ÎÄÈÍ ÕÀÉÏ. È ÊÀÊ ÏÎËÀÃÀÅÒÑß ÑÎ ÑÂÎÈÌÈ ÖÀÐßÌÈ È ÏÎÐßÄÊÀÌÈ, ÈÍÒÐÈÃÀÌÈ ÑÏËÅÒÍßÌÈ.'
0271+  6F62 20D7C5D2DBD0C520D4CED0D3CCC020C820CEC4C8CD20D5C0C9CF2E20C820CAC0
0271+  6F82 CA20CFCECBC0C3C0C5D2D1DF20D1CE20D1C2CEC8CCC820D6C0D0DFCCC820C820
0271+  6FA2 CFCED0DFC4CAC0CCC82C20C8CDD2D0C8C3C0CCC820D1CFCBC5D2CDDFCCC82E
0272+  6FC1             		db	' ÊÎÐÎ×Å ÈÃÐÀ ÏÐÅÑÒÎËÎÂ ÑÅÇÎÍ ÊÀÊÎÉ ÒÎ ÒÀÌ. ÍÎ Â ÝÒÎÉ ÃÐÛÇÍÅ ÌÈÍÓÑ ÎÄÈÍ - ÏÎÕÎÆÅ ÍÀÑÒÓÏÈË ÇÀÊÀÒ'
0272+  6FC1 20CACED0CED7C520C8C3D0C020CFD0C5D1D2CECBCEC220D1C5C7CECD20CAC0CA
0272+  6FE1 CEC920D2CE20D2C0CC2E20CDCE20C220DDD2CEC920C3D0DBC7CDC520CCC8CDD3
0272+  7001 D120CEC4C8CD202D20CFCED5CEC6C520CDC0D1D2D3CFC8CB20C7C0CAC0D2
0273+  701F             		db	' ÑÏÅÊÒÐÓÌÀ. ÎÁÈÄÍÎ È ÄÎÑÀÄÍÎ. ËÀÄÍÎ ÕÂÀÒÈÒ Î ÃÐÓÑÒÍÎÌ.    '
0273+  701F 20D1CFC5CAD2D0D3CCC02E20CEC1C8C4CDCE20C820C4CED1C0C4CDCE2E20CBC0
0273+  703F C4CDCE20D5C2C0D2C8D220CE20C3D0D3D1D2CDCECC2E20202020
0274+  7059             
0275+  7059             		db	' ÈÒÀÊ, Â ÝÒÎÌ ÑÁÎÐÍÈÊÅ ÒÐÈÄÖÀÒÜ ÊÎÐÎÒÅÍÜÊÈÕ ÌÅËÎÄÈÉ, ÊÎÒÎÐÛÅ'
0275+  7059 20C8D2C0CA2C20C220DDD2CECC20D1C1CED0CDC8CAC520D2D0C8C4D6C0D2DC20
0275+  7079 CACED0CED2C5CDDCCAC8D520CCC5CBCEC4C8C92C20CACED2CED0DBC5
0276+  7095             		db	' ÏÅÐÅÊËÞ×ÀÞÒÑß ÏÓÒÅÌ ÍÀÆÀÒÈß ÊËÀÂÈØÈ "SPACE", ËÈÁÎ ÆÄÅÒÅ ÏÎÊÀ ÍÅ ÇÀÊÎÍ×ÈÒÑß ÌÅËÎÄÈß.'
0276+  7095 20CFC5D0C5CACBDED7C0DED2D1DF20CFD3D2C5CC20CDC0C6C0D2C8DF20CACBC0
0276+  70B5 C2C8D8C820225350414345222C20CBC8C1CE20C6C4C5D2C520CFCECAC020CDC5
0276+  70D5 20C7C0CACECDD7C8D2D1DF20CCC5CBCEC4C8DF2E
0277+  70E9             		db	' ÑÏÈÑÎÊ ÌÅËÎÄÈÉ ÈÄÅÒ ÑËÅÄÎÌ: '
0277+  70E9 20D1CFC8D1CECA20CCC5CBCEC4C8C920C8C4C5D220D1CBC5C4CECC3A20
0278+  7106             
0279+  7106             		db	' IMPACT196.MWM (IMPACT 196 - BDD 1992 - Omega 1995 (C) DREAMSCAPE),'
0279+  7106 20494D504143543139362E4D574D2028494D5041435420313936202D20424444
0279+  7126 2031393932202D204F6D65676120313939352028432920445245414D53434150
0279+  7146 45292C
0280+  7149             		db	' AMAG02.MWM (AMAGO 2 - MANUEL PAZOS),'
0280+  7149 20414D414730322E4D574D2028414D41474F2032202D204D414E55454C205041
0280+  7169 5A4F53292C
0281+  716E             		db	' APROACH.MWM (APPROACHING - MANUEL PAZOS),'
0281+  716E 204150524F4143482E4D574D2028415050524F414348494E47202D204D414E55
0281+  718E 454C2050415A4F53292C
0282+  7198             		db	' BASS.MWM (BASS INSPIRATION - MANUEL PAZOS),'
0282+  7198 20424153532E4D574D20284241535320494E535049524154494F4E202D204D41
0282+  71B8 4E55454C2050415A4F53292C
0283+  71C4             		db	' CEREMONY.MWM (CEREMONY - MANUEL PAZOS),'
0283+  71C4 20434552454D4F4E592E4D574D2028434552454D4F4E59202D204D414E55454C
0283+  71E4 2050415A4F53292C
0284+  71EC             		db	' AMAG06.MWM (AMAGO 6 - MANUEL PAZOS),'
0284+  71EC 20414D414730362E4D574D2028414D41474F2036202D204D414E55454C205041
0284+  720C 5A4F53292C
0285+  7211             		db	' MISION.MWM (MISION IMPOSIBLE - MANUEL PAZOS),'
0285+  7211 204D4953494F4E2E4D574D20284D4953494F4E20494D504F5349424C45202D20
0285+  7231 4D414E55454C2050415A4F53292C
0286+  723F             		db	' CLOUDS.MWM (CLOUDS - MANUEL PAZOS),'
0286+  723F 20434C4F5544532E4D574D2028434C4F554453202D204D414E55454C2050415A
0286+  725F 4F53292C
0287+  7263             		db	' DONTCRY.MWM (DONT CRY LITTLE SISTER - MANUEL PAZOS),'
0287+  7263 20444F4E544352592E4D574D2028444F4E5420435259204C4954544C45205349
0287+  7283 53544552202D204D414E55454C2050415A4F53292C
0288+  7298             		db	' ECHOS.MWM (ECHOS - MANUEL PAZOS),'
0288+  7298 204543484F532E4D574D20284543484F53202D204D414E55454C2050415A4F53
0288+  72B8 292C
0289+  72BA             		db	' GALIOUS.MWM (THE MAZE OF GALIOUS INNER CASTLE - MANUEL PAZOS),'
0289+  72BA 2047414C494F55532E4D574D2028544845204D415A45204F462047414C494F55
0289+  72DA 5320494E4E455220434153544C45202D204D414E55454C2050415A4F53292C
0290+  72F9             		db	' ITIY2.MWM (ITIY 2 - MANUEL PAZOS),'
0290+  72F9 2049544959322E4D574D2028495449592032202D204D414E55454C2050415A4F
0290+  7319 53292C
0291+  731C             		db	' LOOP.MWM (LOOP - MANUEL PAZOS),'
0291+  731C 204C4F4F502E4D574D20284C4F4F50202D204D414E55454C2050415A4F53292C
0292+  733C             		db	' MAE2.MWM (MAE 2 - MANUEL PAZOS),'
0292+  733C 204D4145322E4D574D20284D41452032202D204D414E55454C2050415A4F5329
0292+  735C 2C
0293+  735D             		db	' AMAG04.MWM (AMAGO 4 - MANUEL PAZOS),'
0293+  735D 20414D414730342E4D574D2028414D41474F2034202D204D414E55454C205041
0293+  737D 5A4F53292C
0294+  7382             		db	' BLOWING.MWM (BLOWING DARKNESS - MANUEL PAZOS),'
0294+  7382 20424C4F57494E472E4D574D2028424C4F57494E47204441524B4E455353202D
0294+  73A2 204D414E55454C2050415A4F53292C
0295+  73B1             		db	' CREDITS.MWM (CREDITOS CARLOS GARSIA. MARZO 1996 - MANUEL PAZOS),'
0295+  73B1 20435245444954532E4D574D20284352454449544F53204341524C4F53204741
0295+  73D1 525349412E204D41525A4F2031393936202D204D414E55454C2050415A4F5329
0295+  73F1 2C
0296+  73F2             		db	' GALIOUS2.MWM (THE MAZE OF GALIOUS WORLD - MANUEL PAZOS),'
0296+  73F2 2047414C494F5553322E4D574D2028544845204D415A45204F462047414C494F
0296+  7412 555320574F524C44202D204D414E55454C2050415A4F53292C
0297+  742B             		db	' MAE.MWM (MAE - MANUEL PAZOS),'
0297+  742B 204D41452E4D574D20284D4145202D204D414E55454C2050415A4F53292C
0298+  7449             		db	' NERTY.MWM (NERTY - MANUEL PAZOS),'
0298+  7449 204E455254592E4D574D20284E45525459202D204D414E55454C2050415A4F53
0298+  7469 292C
0299+  746B             		db	' PARO14.MWM (PARODIUS BGM 14 - MANUEL PAZOS),' 
0299+  746B 205041524F31342E4D574D20285041524F444955532042474D203134202D204D
0299+  748B 414E55454C2050415A4F53292C
0300+  7498             		db	' SACRA.MWM (MUSICA SACRA - MANUEL PAZOS),'
0300+  7498 2053414352412E4D574D20284D5553494341205341435241202D204D414E5545
0300+  74B8 4C2050415A4F53292C
0301+  74C1             		db	' TEARSYLP.MWM (TEARS OF SYLPH - MANUEL PAZOS),'
0301+  74C1 205445415253594C502E4D574D20285445415253204F462053594C5048202D20
0301+  74E1 4D414E55454C2050415A4F53292C
0302+  74EF             		db	' FD_MG5.MWM (BOSS BATTLE - MG - SOUNDWAVE 1998),'
0302+  74EF 2046445F4D47352E4D574D2028424F535320424154544C45202D204D47202D20
0302+  750F 534F554E44574156452031393938292C
0303+  751F             		db	' AMAG05.MWM (AMAGO 5 - MANUEL PAZOS),'
0303+  751F 20414D414730352E4D574D2028414D41474F2035202D204D414E55454C205041
0303+  753F 5A4F53292C
0304+  7544             		db	' CUARTA.MWM (4A CARLOS GARCIA, MARZO 1996 - MANUEL PAZOS),'
0304+  7544 204355415254412E4D574D20283441204341524C4F53204741524349412C204D
0304+  7564 41525A4F2031393936202D204D414E55454C2050415A4F53292C
0305+  757E             		db	' MAKING1.MWM (UNKNOWN),'
0305+  757E 204D414B494E47312E4D574D2028554E4B4E4F574E292C
0306+  7595             		db	' NONAMED.MWM (UNKNOWN),'
0306+  7595 204E4F4E414D45442E4D574D2028554E4B4E4F574E292C
0307+  75AC             		db	' PARO14B.MWM (PARODIUS BGM 14 - MANUEL PAZOS),' 
0307+  75AC 205041524F3134422E4D574D20285041524F444955532042474D203134202D20
0307+  75CC 4D414E55454C2050415A4F53292C
0308+  75DA             		db	' GO.MWM (SPELLEKE... G A M E O V E R - (C) 1995 WOLF).'
0308+  75DA 20474F2E4D574D20285350454C4C454B452E2E2E20472041204D2045204F2056
0308+  75FA 20452052202D20284329203139393520574F4C46292E
0309+  7610             
0310+  7610             		db	' ÊÐÎÌÅ ÒÎÃÎ ÅÑÒÜ ÅÙÅ ÎÄÍÀ ÊÍÎÏÊÀ "BREAK" - ÂÛÕÎÄ Â TR-DOS.'
0310+  7610 20CAD0CECCC520D2CEC3CE20C5D1D2DC20C5D9C520CEC4CDC020CACDCECFCAC0
0310+  7630 2022425245414B22202D20C2DBD5CEC420C22054522D444F532E
0311+  764A             		db 	' Î ÏÐÎÃÐÀÌÌÅ: ÎÑÍÎÂÍÛÅ ÌÀÒÅÐÈÀËÛ ÁÛËÈ ÏÎÇÀÈÌÑÒÂÎÂÀÍÛ Ñ ÏÐÎÃÐÀÌÌ ÊÎÌÏÜÞÒÅÐÀ "MSX" È ÂÅËÈÊÎÉ'
0311+  764A 20CE20CFD0CEC3D0C0CCCCC53A20CED1CDCEC2CDDBC520CCC0D2C5D0C8C0CBDB
0311+  766A 20C1DBCBC820CFCEC7C0C8CCD1D2C2CEC2C0CDDB20D120CFD0CEC3D0C0CCCC20
0311+  768A CACECCCFDCDED2C5D0C020224D53582220C820C2C5CBC8CACEC9
0312+  76A4             		db	' ÌÓÑÎÐÊÈ ÏÎÄ ÍÀÇÂÀÍÈÅÌ ÈÍÒÅÐÍÅÒ.' 
0312+  76A4 20CCD3D1CED0CAC820CFCEC420CDC0C7C2C0CDC8C5CC20C8CDD2C5D0CDC5D22E
0313+  76C4             		db 	' ÂÑÅ ÝÒÎ ÑÎÁÈÐÀËÎÑÜ ÍÀ ÐÑ ÏÐÈ ÏÎÌÎÙÈ ÀÑÑÅÌÁËÅÐÀ  SJASMPLUS.'
0313+  76C4 20C2D1C520DDD2CE20D1CEC1C8D0C0CBCED1DC20CDC020D0D120CFD0C820CFCE
0313+  76E4 CCCED9C820C0D1D1C5CCC1CBC5D0C02020534A41534D504C55532E
0314+  76FF             		db	' ÍÀÏÎÌÍÞ, ÅÑËÈ Ó ÂÀÑ ÊÀÐÒÈÍÊÀ ÃÄÅ ÅÑÒÜ ÒÅÌÀ ËÓÍÛ È ÏÅÉÇÀÉÆÅÉ, ÒÎ ÌÈËÎÑÒÈ ÏÐÎÑÈÌ Â ÑËÅÄÓÞÙÈÉ ÂÛÏÓÑÊ.'
0314+  76FF 20CDC0CFCECCCDDE2C20C5D1CBC820D320C2C0D120CAC0D0D2C8CDCAC020C3C4
0314+  771F C520C5D1D2DC20D2C5CCC020CBD3CDDB20C820CFC5C9C7C0C9C6C5C92C20D2CE
0314+  773F 20CCC8CBCED1D2C820CFD0CED1C8CC20C220D1CBC5C4D3DED9C8C920C2DBCFD3
0314+  775F D1CA2E
0315+  7762             		db	' ÊÎÐÎ×Å, ÆÄÅÌ ÍÎÂÛÕ ÒÂÎÐÅÍÈÉ ÎÒ ÕÓÄÎÆÍÈÊÎÂ ÏÐÎÔÅÑÑÈÎÍÀËÜÍÛÕ È ÍÅ Î×ÅÍÜ. ÇÀÑÈÌ ÏÐÎÑÈÌ ÎÒÊËÀÍßÒÑß, ÄÀËÅÅ ÈÄÅÒ'
0315+  7762 20CACED0CED7C52C20C6C4C5CC20CDCEC2DBD520D2C2CED0C5CDC8C920CED220
0315+  7782 D5D3C4CEC6CDC8CACEC220CFD0CED4C5D1D1C8CECDC0CBDCCDDBD520C820CDC5
0315+  77A2 20CED7C5CDDC2E20C7C0D1C8CC20CFD0CED1C8CC20CED2CACBC0CDDFD2D1DF2C
0315+  77C2 20C4C0CBC5C520C8C4C5D2
0316+  77CD             		db	' ÒÐÀÄÈÖÈÎÍÍÀß ÐÓÁÐÈÊÀ.'
0316+  77CD 20D2D0C0C4C8D6C8CECDCDC0DF20D0D3C1D0C8CAC02E
0317+  77E3             		db	'             ÏÐÈÂÅÒÛ È ÑÏÀÑÈÁÛ!     '
0317+  77E3 20202020202020202020202020CFD0C8C2C5D2DB20C820D1CFC0D1C8C1DB2120
0317+  7803 20202020
0318+  7807             		db	' ÀÀÀ, TÅÁÅ ÏÐÎÑÒÎ ÏÐÈÂÅÒ ÊÀÊ ÂÅËÈÊÎÌÓ ÁÎÃÓ ÄÅÌÎÑÖÅÍÛ :).'
0318+  7807 20C0C0C02C2054C5C1C520CFD0CED1D2CE20CFD0C8C2C5D220CAC0CA20C2C5CB
0318+  7827 C8CACECCD320C1CEC3D320C4C5CCCED1D6C5CDDB203A292E
0319+  783F             		db	' TS-LABS, ÑÏÀÑÈÁÎ ÇÀ ÒÎ, ×ÒÎ ÏÐÈÞÒÈË ÍÀ ÑÂÎÅÌ ÔÎÐÓÌÅ ÁÅÑÕÎÇÍÎÃÎ ÏËÞØÅÂÎÃÎ ÌÅÄÂÅÄß.'
0319+  783F 2054532D4C4142532C20D1CFC0D1C8C1CE20C7C020D2CE2C20D7D2CE20CFD0C8
0319+  785F DED2C8CB20CDC020D1C2CEC5CC20D4CED0D3CCC520C1C5D1D5CEC7CDCEC3CE20
0319+  787F CFCBDED8C5C2CEC3CE20CCC5C4C2C5C4DF2E
0320+  7891             		db	' ÀÂÒÎÐÀÌ ÌÓÇÛÊÈ, ÇÂÓ×ÀÙÅÉ Â ÑÁÎÐÍÈÊÅ ÎÃÐÎÌÍÛÉ ÐÅÑÏÅÊÒ È ÓÂÀÆÓÕÀ.'
0320+  7891 20C0C2D2CED0C0CC20CCD3C7DBCAC82C20C7C2D3D7C0D9C5C920C220D1C1CED0
0320+  78B1 CDC8CAC520CEC3D0CECCCDDBC920D0C5D1CFC5CAD220C820D3C2C0C6D3D5C02E
0321+  78D1             		db	' ÂÑÅÌ ÂËÀÄÅËÜÖÀÌ ÏÐÎÄÓÊÖÈÈ ÏÎÄ ÁÐÅÍÄÎÌ "ZXM" ÁÎËÜØÓÙÈÉ ÏÐÈÂÅÒ. ÂÀÑ ÌÍÎÃÎ, ÌÎÆÍÎ ÍÅ ÁÓÄÓ ÂÀÑ ÍÀÇÛÂÀÒÜ ÂÑÅÕ ÏÎÈÌÅÍÍÎ.'
0321+  78D1 20C2D1C5CC20C2CBC0C4C5CBDCD6C0CC20CFD0CEC4D3CAD6C8C820CFCEC420C1
0321+  78F1 D0C5CDC4CECC20225A584D2220C1CECBDCD8D3D9C8C920CFD0C8C2C5D22E20C2
0321+  7911 C0D120CCCDCEC3CE2C20CCCEC6CDCE20CDC520C1D3C4D320C2C0D120CDC0C7DB
0321+  7931 C2C0D2DC20C2D1C5D520CFCEC8CCC5CDCDCE2E
0322+  7944             		db	' ÏÐÈÂÅÒ ÒÀÊÆÅ ÂÑÅÌ ÑÏÅÊÒÐÓÌÈÑÒÀÌ, ÁÛÂØÈÌ, ÍÀÑÒÎßÙÈÌ È ÂÎÇÌÎÆÍÎ ÁÓÄÓÙÈÌ.'
0322+  7944 20CFD0C8C2C5D220D2C0CAC6C520C2D1C5CC20D1CFC5CAD2D0D3CCC8D1D2C0CC
0322+  7964 2C20C1DBC2D8C8CC2C20CDC0D1D2CEDFD9C8CC20C820C2CEC7CCCEC6CDCE20C1
0322+  7984 D3C4D3D9C8CC2E
0323+  798B             		db	'       È ÏÎÑËÅÄÍÈÉ ÀÁÇÀÖ :) :)'
0323+  798B 20202020202020C820CFCED1CBC5C4CDC8C920C0C1C7C0D6203A29203A29
0324+  79A9             		db	' ÂÑß ÈÍÔÀ ÏÎ ÌÎÈÌ ÏÐÎÅÊÒÀÌ ÍÀ ÑÀÉÒÅ WWW.MICKLAB.RU, '
0324+  79A9 20C2D1DF20C8CDD4C020CFCE20CCCEC8CC20CFD0CEC5CAD2C0CC20CDC020D1C0
0324+  79C9 C9D2C5205757572E4D49434B4C41422E52552C20
0325+  79DD             		db	' ÑÂßÇÀÒÜÑß ÑÎ ÌÍÎÉ ÌÎÆÍÎ ×ÅÐÅÇ ÔÎÐÓÌ WWW.TS-LABS.INFO - ÍÈÊÍÅÉÌ MICK ÈËÈ ×ÅÐÅÇ ÌÛËÎ'
0325+  79DD 20D1C2DFC7C0D2DCD1DF20D1CE20CCCDCEC920CCCEC6CDCE20D7C5D0C5C720D4
0325+  79FD CED0D3CC205757572E54532D4C4142532E494E464F202D20CDC8CACDC5C9CC20
0325+  7A1D 4D49434B20C8CBC820D7C5D0C5C720CCDBCBCE
0326+  7A30             		db	' MICKLAB(ÃÀÂ-ÃÀÂ)MAIL.RU.' 
0326+  7A30 204D49434B4C414228C3C0C22DC3C0C2294D41494C2E52552E
0327+  7A49             		db	' ÏÎÐÀ ÏÐÎÙÀÒÜÑß. ÏÎÑÌÎÐÒÈÌ ÁÓÄÓÒ ËÈ ÅÙÅ ÏÐÎÃÐÀÌÌÊÈ ÎÒ ÌÅÍß :) ÏÎÊÀ! ÏÎÊÀ!      '
0327+  7A49 20CFCED0C020CFD0CED9C0D2DCD1DF2E20CFCED1CCCED0D2C8CC20C1D3C4D3D2
0327+  7A69 20CBC820C5D9C520CFD0CEC3D0C0CCCCCAC820CED220CCC5CDDF203A2920CFCE
0327+  7A89 CAC02120CFCECAC021202020202020
0328+  7A98             		db	'            JULY *2016*    GRAPHICS AND CODE BY MICK         '
0328+  7A98 2020202020202020202020204A554C59202A323031362A202020204752415048
0328+  7AB8 49435320414E4420434F4445204259204D49434B202020202020202020
0329+  7AD5             		db	'                                             ',0           		
0329+  7AD5 2020202020202020202020202020202020202020202020202020202020202020
0329+  7AF5 2020202020202020202020202000
0330+  7B03             Str_addr_font: 
0331+  7B03             		incbin "aaa_1.fnt"
0332+  8703             Str_end_font: 
0333+  8703             
0640   8703             		.include  mwm_player.asm
0001+  8703             ;--------------------------------------------------------------------
0002+  8703             ; Îïèñàíèå: Ïðîèãðûâàþùèé ìîäóëü ìóçûêàëüíûõ ôàéëîâ MWM c êîìïüþòåðà MSX
0003+  8703             ; Àâòîð ïîðòà: Òàðàñîâ Ì.Í.(Mick),2015
0004+  8703             ;--------------------------------------------------------------------
0005+  8703             MOON_BASE: 	equ	0C4h
0006+  8703             MOON_REG1: 	equ	MOON_BASE
0007+  8703             MOON_DAT1: 	equ	MOON_BASE+1
0008+  8703             MOON_REG2: 	equ	MOON_BASE+2
0009+  8703             MOON_DAT2: 	equ	MOON_BASE+3
0010+  8703             MOON_STAT: 	equ	MOON_BASE
0011+  8703             
0012+  8703             MOON_WREG: 	equ	7Eh
0013+  8703             MOON_WDAT: 	equ	MOON_WREG+1
0014+  8703             
0015+  8703             PTW_SIZE: 	equ	20	; size of Wave playtable line
0016+  8703             WAVCHNS: 	equ	24
0017+  8703             
0018+  8703             ;-------------------------------------------------------------------
0019+  8703             ; îïèñàíèå: Èíèöèàëèçàöèÿ ïðîèãðûâàòåëÿ
0020+  8703             ; ïàðàìåòðû: íåò
0021+  8703             ; âîçâðàùàåìîå  çíà÷åíèå: íåò
0022+  8703             ;---------------------------------------------------------------------
0023+  8703             MBPlayer_init: 
0024+  8703 C3 0F 87    		jp	MBPlayer_start_music
0025+  8706             ;-------------------------------------------------------------------
0026+  8706             ; îïèñàíèå: Ïðîèãðûâàíèå íîòû
0027+  8706             ; ïàðàìåòðû: íåò
0028+  8706             ; âîçâðàùàåìîå  çíà÷åíèå: íåò
0029+  8706             ;---------------------------------------------------------------------
0030+  8706             MBPlayer_play: 
0031+  8706 C3 E5 87    		jp	MBPlayer_play_music
0032+  8709             ;-------------------------------------------------------------------
0033+  8709             ; îïèñàíèå: Îñòàíîâêà ïðîèãðûâàíèÿ
0034+  8709             ; ïàðàìåòðû: íåò
0035+  8709             ; âîçâðàùàåìîå  çíà÷åíèå: íåò
0036+  8709             ;---------------------------------------------------------------------
0037+  8709             MBPlayer_stop: 
0038+  8709 C3 BB 87    		jp	MBPlayer_stop_music
0039+  870C             ;-------------------------------------------------------------------
0040+  870C             ; îïèñàíèå: Óñòàíîâêà òèøèíû â çâóêîâîé ÷èï
0041+  870C             ; ïàðàìåòðû: íåò
0042+  870C             ; âîçâðàùàåìîå  çíà÷åíèå: íåò
0043+  870C             ;---------------------------------------------------------------------
0044+  870C             MBPlayer_fade: 
0045+  870C C3 D5 87    		jp	MBPlayer_fade_music
0046+  870F             ;-------------------------------------------------------------------
0047+  870F             ; îïèñàíèå: Èíèöèàëèçàöèÿ ïðîèãðûâàòåëÿ
0048+  870F             ; ïàðàìåòðû: íåò
0049+  870F             ; âîçâðàùàåìîå  çíà÷åíèå: íåò
0050+  870F             ;---------------------------------------------------------------------
0051+  870F             MBPlayer_start_music: 
0052+  870F F3          		di	
0053+  8710 3A 68 8E    		ld	a, (MBPlayer_play_busy)
0054+  8713 B7          		or	a
0055+  8714 C0          		ret	nz				; already playing?
0056+  8715             
0057+  8715 3E FF       		ld	a, 0FFh
0058+  8717 32 68 8E    		ld	(MBPlayer_play_busy), a 	; set busy playing
0059+  871A             
0060+  871A AF          		xor	a
0061+  871B 32 8C 8E    		ld	(MBPlayer_play_intcnt), a
0062+  871E 3E 0F       		ld	a, 15
0063+  8720 32 6A 8E    		ld	(MBPlayer_play_step), a 	; set step and position
0064+  8723 3E FF       		ld	a, 0FFh
0065+  8725 32 69 8E    		ld	(MBPlayer_play_pos), a
0066+  8728             
0067+  8728             ;		call	MBPlayer_getbank_FE
0068+  8728             ;		ld	(MBPlayer_save_curbank), a
0069+  8728             
0070+  8728             ;		ld	a, (MBPlayer_songdata_bank1)
0071+  8728             ;		call	MBPlayer_selbank_FE
0072+  8728             
0073+  8728 2A 6D 8E    		ld	hl, (MBPlayer_songdata_addres)
0074+  872B 11 98 8E    		ld	de, MBPlayer_xleng
0075+  872E 01 DC 00    		ld	bc, 220
0076+  8731 ED B0       		ldir	
0077+  8733 11 3A 00    		ld	de, 58
0078+  8736 19          		add	hl, de
0079+  8737 22 76 8F    		ld	(MBPlayer_pos_address), hl
0080+  873A 3A 98 8E    		ld	a, (MBPlayer_xleng)
0081+  873D 3C          		inc	a
0082+  873E 5F          		ld	e, a
0083+  873F 19          		add	hl, de
0084+  8740 22 74 8F    		ld	(MBPlayer_pat_address), hl
0085+  8743             
0086+  8743             ;		ld	a, (MBPlayer_save_curbank)
0087+  8743             ;		call	MBPlayer_selbank_FE
0088+  8743             
0089+  8743 CD 65 87    		call	MBPlayer_init_opl4 		;initialise OPL4
0090+  8746 CD 73 87    		call	MBPlayer_init_voices
0091+  8749 3A B2 8E    		ld	a, (MBPlayer_xtempo)
0092+  874C 32 89 8E    		ld	(MBPlayer_play_speed), a
0093+  874F 3A 89 8E    		ld	a, (MBPlayer_play_speed)
0094+  8752 D6 03       		sub	3
0095+  8754 32 8B 8E    		ld	(MBPlayer_play_timercnt), a
0096+  8757 AF          		xor	a
0097+  8758 32 8A 8E    		ld	(MBPlayer_play_tspval), a
0098+  875B 32 8E 8E    		ld	(MBPlayer_play_fading), a
0099+  875E 32 8F 8E    		ld	(MBPlayer_play_fadecnt), a
0100+  8761 32 91 8E    		ld	(MBPlayer_play_fadetcnt), a
0101+  8764             
0102+  8764             loc_0_4378: 
0103+  8764             ;		di	
0104+  8764             ;		ld	hl, 0FD9Fh
0105+  8764             ;		ld	de, locret_0_455C
0106+  8764             ;		ld	bc, 5
0107+  8764             ;		ldir	
0108+  8764             ;		ld	a, 0C3h	; 'Ã'
0109+  8764             ;		ld	(0FD9Fh), a
0110+  8764             ;		ld	hl, MBPlayer_play_music
0111+  8764             ;		ld	(0FDA0h), hl
0112+  8764             ;		ei	
0113+  8764 C9          		ret	
0114+  8765             ;-------------------------------------------------------------------
0115+  8765             ; îïèñàíèå: Èíèöèàëèçàöèÿ OPL4 ðåãèñòðîâ
0116+  8765             ; ïàðàìåòðû: íåò
0117+  8765             ; âîçâðàùàåìîå  çíà÷åíèå: íåò
0118+  8765             ;---------------------------------------------------------------------
0119+  8765             MBPlayer_init_opl4: 
0120+  8765 3E 03       		ld	a, 3
0121+  8767 0E 05       		ld	c, 5
0122+  8769 CD 45 8E    		call	sub_0_4A3F
0123+  876C 0E 02       		ld	c, 2
0124+  876E 3E 10       		ld	a, 10h
0125+  8770 C3 51 8E    		jp	MBPlayer_out_wave
0126+  8773             ;-------------------------------------------------------------------
0127+  8773             ; îïèñàíèå: Èíèöèàëèçàöèÿ OPL4 êàíàëîâ
0128+  8773             ; ïàðàìåòðû: íåò
0129+  8773             ; âîçâðàùàåìîå  çíà÷åíèå: íåò
0130+  8773             ;---------------------------------------------------------------------
0131+  8773             MBPlayer_init_voices: 
0132+  8773 06 18       		ld	b, WAVCHNS			; # wave channels
0133+  8775 FD 21 7A 8F 		ld	iy, MBPlayer_play_table_wav
0134+  8779 DD 21 FC 8E 		ld	ix, MBPlayer_xbegwav
0135+  877D 11 14 00    		ld	de, PTW_SIZE
0136+  8780             loc_0_43AC: 
0137+  8780 D5          		push	de
0138+  8781 C5          		push	bc
0139+  8782 DD 7E B8    		ld	a,(ix - 48h)			; xdetune!
0140+  8785 87          		add	a, a
0141+  8786 FD 77 05    		ld	(iy + 5), a			; detune!
0142+  8789 DD 7E 00    		ld	a, (ix + 0)                     ; wave/patchnr
0143+  878C F5          		push	af
0144+  878D CD 24 8C    		call	MBPlayer_play_wwavevt2
0145+  8790 F1          		pop	af
0146+  8791 21 43 8F    		ld	hl, MBPlayer_xwavvols - 1
0147+  8794 85          		add	a, l
0148+  8795 30 01       		jr	nc, loc_0_43C4
0149+  8797 24          		inc	h
0150+  8798             
0151+  8798             loc_0_43C4: 
0152+  8798 6F          		ld	l, a
0153+  8799 7E          		ld	a, (hl)
0154+  879A FD 77 0F    		ld	(iy + 0Fh), a
0155+  879D CD 63 8C    		call	MBPlayer_play_wchgvol2
0156+  87A0 DD 7E 9E    		ld	a, (ix - 62h)
0157+  87A3 CD 13 8D    		call	MBPlayer_play_wchgste2
0158+  87A6 DD 23       		inc	ix
0159+  87A8 C1          		pop	bc
0160+  87A9 D1          		pop	de
0161+  87AA FD 19       		add	iy, de
0162+  87AC 10 D2       		djnz	loc_0_43AC
0163+  87AE C9          		ret	
0164+  87AF             
0165+  87AF             loc_0_43DB: 
0166+  87AF 3A 68 8E    		ld	a, (MBPlayer_play_busy)
0167+  87B2 B7          		or	a
0168+  87B3 C0          		ret	nz
0169+  87B4 3D          		dec	a
0170+  87B5 32 68 8E    		ld	(MBPlayer_play_busy), a
0171+  87B8 C3 64 87    		jp	loc_0_4378
0172+  87BB             ;-------------------------------------------------------------------
0173+  87BB             ; îïèñàíèå: Îñòàíîâêà ïðîèãðûâàíèÿ
0174+  87BB             ; ïàðàìåòðû: íåò
0175+  87BB             ; âîçâðàùàåìîå  çíà÷åíèå: íåò
0176+  87BB             ;---------------------------------------------------------------------
0177+  87BB             MBPlayer_stop_music: 
0178+  87BB             ;		ld	a, (MBPlayer_play_busy)
0179+  87BB             ;		or	a
0180+  87BB             ;		ret	z
0181+  87BB             
0182+  87BB F3          		di	
0183+  87BC AF          		xor	a
0184+  87BD 32 68 8E    		ld	(MBPlayer_play_busy), a
0185+  87C0             
0186+  87C0             ;		ld	hl, locret_0_455C
0187+  87C0             ;		ld	de, 0FD9Fh
0188+  87C0             ;		ld	bc, 5
0189+  87C0             ;		ldir	
0190+  87C0 06 18       		ld	b, WAVCHNS			; # wave channels
0191+  87C2 FD 21 7A 8F 		ld	iy, MBPlayer_play_table_wav
0192+  87C6 11 14 00    		ld	de, PTW_SIZE
0193+  87C9             
0194+  87C9             loc_0_4405: 
0195+  87C9 CD 0E 8C    		call	MBPlayer_play_woffevt
0196+  87CC CD 6C 8D    		call	MBPlayer_play_wchgdmp
0197+  87CF FD 19       		add	iy, de
0198+  87D1 10 F6       		djnz	loc_0_4405
0199+  87D3 FB          		ei	
0200+  87D4 C9          		ret	
0201+  87D5             ;-------------------------------------------------------------------
0202+  87D5             ; îïèñàíèå: Óñòàíîâêà çàòóõàíèÿ
0203+  87D5             ; ïàðàìåòðû: B - ñêîðîñòü çàòóõàíèÿ
0204+  87D5             ; âîçâðàùàåìîå  çíà÷åíèå: íåò
0205+  87D5             ;---------------------------------------------------------------------
0206+  87D5             MBPlayer_fade_music: 
0207+  87D5 47          		ld	b, a
0208+  87D6 3A 68 8E    		ld	a, (MBPlayer_play_busy)		; already stopped?
0209+  87D9 B7          		or	a
0210+  87DA C8          		ret	z
0211+  87DB 3E FF       		ld	a, 255
0212+  87DD 32 8E 8E    		ld	(MBPlayer_play_fading), a 	; fading on
0213+  87E0 78          		ld	a, b
0214+  87E1 32 90 8E    		ld	(MBPlayer_play_fadespd), a      ; set fade speed
0215+  87E4 C9          		ret	
0216+  87E5             ;-------------------------------------------------------------------
0217+  87E5             ; îïèñàíèå: Ïðîèãðûâàíèå ìóçûêè ïî ïðåðûâàíèÿì
0218+  87E5             ; ïàðàìåòðû: íåò
0219+  87E5             ; âîçâðàùàåìîå  çíà÷åíèå: íåò
0220+  87E5             ;---------------------------------------------------------------------
0221+  87E5             MBPlayer_play_music: 
0222+  87E5 F3          		di	
0223+  87E6             ;		ld	a, (MBPlayer_xhzequal)
0224+  87E6             ;		or	a
0225+  87E6             ;		jr	z, loc_0_443E
0226+  87E6             
0227+  87E6             ;		ld	a, (0FFE8h)
0228+  87E6             ;		and	2
0229+  87E6             ;		jr	nz, loc_0_443E
0230+  87E6             
0231+  87E6             ;		ld	hl, MBPlayer_play_intcnt
0232+  87E6             ;		ld	a, (hl)
0233+  87E6             ;		inc	a
0234+  87E6             ;		cp	6
0235+  87E6             ;		jr	c, loc_0_443D
0236+  87E6             ;		ld	(hl), 0
0237+  87E6             ;		jp	locret_0_455C
0238+  87E6             ;
0239+  87E6             ;loc_0_443D:
0240+  87E6             ;		ld	(hl), a
0241+  87E6             
0242+  87E6             loc_0_443E: 
0243+  87E6 CD 80 8D    		call	MBPlayer_play_pitch
0244+  87E9             
0245+  87E9 3A 8E 8E    		ld	a, (MBPlayer_play_fading)
0246+  87EC B7          		or	a
0247+  87ED 28 0A       		jr	z, loc_0_4451
0248+  87EF CD 06 8E    		call	MBPlayer_play_fade
0249+  87F2 3A 8E 8E    		ld	a, (MBPlayer_play_fading)
0250+  87F5 B7          		or	a
0251+  87F6 CA 49 89    		jp	z, locret_0_455C
0252+  87F9             
0253+  87F9             loc_0_4451: 
0254+  87F9             ;		call	MBPlayer_getbank_FE
0255+  87F9             ;		ld	(MBPlayer_save_curbank), a
0256+  87F9             
0257+  87F9 3A 89 8E    		ld	a, (MBPlayer_play_speed) 	; speed
0258+  87FC 21 8B 8E    		ld	hl, MBPlayer_play_timercnt
0259+  87FF 34          		inc	(hl)
0260+  8800 BE          		cp	(hl)
0261+  8801 C2 4E 89    		jp	nz, MBPlayer_play_int_sec	; almost there?
0262+  8804 36 00       		ld	(hl), 0
0263+  8806             
0264+  8806 FD 21 BA 90 		ld	iy, unk_0_4E30
0265+  880A 21 80 8E    		ld	hl, unk_0_4B98
0266+  880D 01 60 08    		ld	bc, 860h
0267+  8810 11 14 00    		ld	de, PTW_SIZE
0268+  8813             
0269+  8813             loc_0_4471: 
0270+  8813 7E          		ld	a, (hl)
0271+  8814 3D          		dec	a
0272+  8815 B9          		cp	c
0273+  8816 DC 3C 8A    		call	c, MBPlayer_calc_wave
0274+  8819 FD 19       		add	iy, de
0275+  881B 23          		inc	hl
0276+  881C 10 F5       		djnz	loc_0_4471
0277+  881E             
0278+  881E             ;		ld	a, (MBPlayer_songdata_bank)
0279+  881E             ;		call	MBPlayer_selbank_FE
0280+  881E             
0281+  881E 21 70 8E    		ld	hl, MBPlayer_step_buffer        ;WAVE Event routines
0282+  8821 06 18       		ld	b, WAVCHNS			; # channels
0283+  8823 FD 21 7A 8F 		ld	iy, MBPlayer_play_table_wav
0284+  8827 11 14 00    		ld	de, PTW_SIZE
0285+  882A 0E 60       		ld	c, 96
0286+  882C             
0287+  882C             loc_0_4490: 
0288+  882C 7E          		ld	a, (hl)
0289+  882D 3D          		dec	a
0290+  882E B9          		cp	c
0291+  882F D2 6F 88    		jp	nc, loc_0_44D3
0292+  8832 3E 67       		ld	a, 67h
0293+  8834 80          		add	a, b 				; calc. register
0294+  8835 D3 7E       		out	(MOON_WREG), a
0295+  8837 AF          		xor	a
0296+  8838             loc_0_449C: 
0297+  8838 C5          		push	bc
0298+  8839 C1          		pop	bc
0299+  883A D3 7F       		out	(MOON_WDAT), a			; off
0300+  883C             
0301+  883C 3E 1F       		ld	a, 1Fh
0302+  883E 80          		add	a, b
0303+  883F             loc_0_44A3: 
0304+  883F C5          		push	bc
0305+  8840 C1          		pop	bc
0306+  8841 D3 7E       		out	(MOON_WREG), a
0307+  8843 FD 7E 08    		ld	a, (iy + 8)
0308+  8846 FD 77 12    		ld	(iy + 12h), a
0309+  8849 FD B6 06    		or	(iy + 6)
0310+  884C             loc_0_44B0: 
0311+  884C C5          		push	bc
0312+  884D C1          		pop	bc
0313+  884E D3 7F       		out	(MOON_WDAT), a			; freq + tone
0314+  8850             
0315+  8850 3E 07       		ld	a, 7
0316+  8852 80          		add	a, b
0317+  8853             loc_0_44B7: 
0318+  8853 C5          		push	bc
0319+  8854 C1          		pop	bc
0320+  8855 D3 7E       		out	(MOON_WREG), a
0321+  8857 FD 7E 07    		ld	a, (iy + 7)
0322+  885A             loc_0_44BE: 
0323+  885A C5          		push	bc
0324+  885B C1          		pop	bc
0325+  885C D3 7F       		out	(MOON_WDAT), a 			; tone
0326+  885E             
0327+  885E 3E 37       		ld	a, 37h
0328+  8860 80          		add	a, b
0329+  8861             loc_0_44C5: 
0330+  8861 C5          		push	bc
0331+  8862 C1          		pop	bc
0332+  8863 D3 7E       		out	(MOON_WREG), a
0333+  8865 FD 7E 09    		ld	a, (iy + 9)
0334+  8868 FD 77 13    		ld	(iy + 13h), a
0335+  886B             loc_0_44CF: 
0336+  886B C5          		push	bc
0337+  886C C1          		pop	bc
0338+  886D D3 7F       		out	(MOON_WDAT), a
0339+  886F             loc_0_44D3: 
0340+  886F 23          		inc	hl
0341+  8870 FD 19       		add	iy, de
0342+  8872 10 B8       		djnz	loc_0_4490
0343+  8874             
0344+  8874 21 70 8E    		ld	hl, MBPlayer_step_buffer		; songdata-adres 
0345+  8877 DD 21 0A 9A 		ld	ix, MBPlayer_volume_buffer_1
0346+  887B FD 21 7A 8F 		ld	iy, MBPlayer_play_table_wav
0347+  887F 06 18       		ld	b,WAVCHNS
0348+  8881 11 14 00    		ld	de,PTW_SIZE
0349+  8884             loc_0_44E4: 
0350+  8884 DB C4       		in	a, (MOON_STAT)
0351+  8886 E6 02       		and	2
0352+  8888 20 FA       		jr	nz, loc_0_44E4
0353+  888A             
0354+  888A             MBPlayer_play_int_wlus: 
0355+  888A AF          		xor	a
0356+  888B DD 77 00    		ld	(ix + 0), a
0357+  888E DD 77 18    		ld	(ix + 18h), a
0358+  8891             
0359+  8891             
0360+  8891 7E          		ld	a, (hl)
0361+  8892 B7          		or	a
0362+  8893 28 3A       		jr	z, MBPlayer_play_int_wend2		; empty
0363+  8895             
0364+  8895 08          		ex	af, af'
0365+  8896 78          		ld	a, b
0366+  8897 D9          		exx	
0367+  8898 47          		ld	b, a
0368+  8899 08          		ex	af, af'
0369+  889A             
0370+  889A 11 CE 88    		ld	de, MBPlayer_play_int_wend
0371+  889D D5          		push	de
0372+  889E             
0373+  889E FE 61       		cp	97
0374+  88A0 DA B3 8B    		jp	c, MBPlayer_play_wonevt		; wave on
0375+  88A3 CA 0E 8C    		jp	z, MBPlayer_play_woffevt	; wave off 
0376+  88A6 FE 92       		cp	146
0377+  88A8 DA 22 8C    		jp	c, MBPlayer_play_wwavevt	; wave 
0378+  88AB FE B2       		cp	178
0379+  88AD DA 5E 8C    		jp	c, MBPlayer_play_wchgvol	; volume 
0380+  88B0 FE C1       		cp	193
0381+  88B2 DA 11 8D    		jp	c, MBPlayer_play_wchgste	; stereo 
0382+  88B5 FE D4       		cp	212
0383+  88B7 DA 86 8C    		jp	c, MBPlayer_play_wlnk		; link 
0384+  88BA FE E7       		cp	231
0385+  88BC DA 34 8D    		jp	c, MBPlayer_play_wchgpit	; pitch bending 
0386+  88BF FE EE       		cp	238
0387+  88C1 DA 64 8D    		jp	c, MBPlayer_play_wchgdet	; detune 
0388+  88C4 FE F1       		cp	241
0389+  88C6 DA 4C 8D    		jp	c, MBPlayer_play_wchgmod	; modulation 
0390+  88C9 FE F3       		cp	243
0391+  88CB DA 6C 8D    		jp	c, MBPlayer_play_wchgdmp	; damp 
0392+  88CE             
0393+  88CE             MBPlayer_play_int_wend: 
0394+  88CE D9          		exx	
0395+  88CF             
0396+  88CF             MBPlayer_play_int_wend2: 
0397+  88CF             ;		ld	a, (byte_0_4C6F)
0398+  88CF             ;		or	a
0399+  88CF             ;		jr	z, loc_0_45A6
0400+  88CF DD 7E 00    		ld	a, (ix + 0)
0401+  88D2 B7          		or	a
0402+  88D3 CA 19 89    		jp	z, loc_0_45A6
0403+  88D6 E5          		push	hl
0404+  88D7 67          		ld	h, a
0405+  88D8 6F          		ld	l, a
0406+  88D9 FD 7E 0B    		ld	a, (iy + 0Bh)
0407+  88DC E6 0F       		and	0Fh
0408+  88DE 28 2B       		jr	z, loc_0_4598
0409+  88E0 FE 08       		cp	8
0410+  88E2 28 24       		jr	z, loc_0_4595
0411+  88E4 30 0A       		jr	nc, loc_0_457D
0412+  88E6 FE 07       		cp	7
0413+  88E8 28 19       		jr	z, loc_0_4590
0414+  88EA 87          		add	a, a
0415+  88EB 84          		add	a, h
0416+  88EC 67          		ld	h, a
0417+  88ED C3 0B 89    		jp	loc_0_4598
0418+  88F0             
0419+  88F0             loc_0_457D: 
0420+  88F0 FE 09       		cp	9
0421+  88F2 28 0A       		jr	z, loc_0_458B
0422+  88F4 ED 44       		neg	
0423+  88F6 C6 10       		add	a, 10h
0424+  88F8 87          		add	a, a
0425+  88F9 85          		add	a, l
0426+  88FA 6F          		ld	l, a
0427+  88FB C3 0B 89    		jp	loc_0_4598
0428+  88FE             
0429+  88FE             loc_0_458B: 
0430+  88FE 2E 00       		ld	l, 0
0431+  8900 C3 0B 89    		jp	loc_0_4598
0432+  8903             
0433+  8903             loc_0_4590: 
0434+  8903 26 00       		ld	h, 0
0435+  8905 C3 0B 89    		jp	loc_0_4598
0436+  8908             
0437+  8908             loc_0_4595: 
0438+  8908 21 00 00    		ld	hl, 0
0439+  890B             loc_0_4598: 
0440+  890B 7C          		ld	a, h
0441+  890C 17          		rla	
0442+  890D 17          		rla	
0443+  890E 17          		rla	
0444+  890F 17          		rla	
0445+  8910 E6 F0       		and	0F0h
0446+  8912 B5          		or	l
0447+  8913 28 03       		jr	z, loc_0_45A5
0448+  8915 DD 77 18    		ld	(ix + 18h), a
0449+  8918             loc_0_45A5: 
0450+  8918 E1          		pop	hl
0451+  8919             
0452+  8919             loc_0_45A6: 
0453+  8919 FD 19       		add	iy, de
0454+  891B 23          		inc	hl
0455+  891C DD 23       		inc	ix
0456+  891E 05          		dec	b
0457+  891F C2 8A 88    		jp	nz, MBPlayer_play_int_wlus
0458+  8922             
0459+  8922 7E          		ld	a, (hl)
0460+  8923 B7          		or	a
0461+  8924 28 23       		jr	z, loc_0_4556
0462+  8926             
0463+  8926 FE 18       		cp	24			
0464+  8928 DA 42 89    		jp	c, MBPlayer_play_chgtmp         ; change tempo
0465+  892B 28 0D       		jr	z, MBPlayer_play_endop  	; end of pattern
0466+  892D FE 4C       		cp	76
0467+  892F D2 49 89    		jp	nc, loc_0_4556
0468+  8932 D6 34       		sub	52				; set transpose
0469+  8934 32 8A 8E    		ld	(MBPlayer_play_tspval), a
0470+  8937 C3 49 89    		jp	loc_0_4556
0471+  893A             
0472+  893A             MBPlayer_play_endop: 
0473+  893A 3E 0F       		ld	a, 0Fh
0474+  893C 32 6A 8E    		ld	(MBPlayer_play_step), a
0475+  893F C3 49 89    		jp	loc_0_4556
0476+  8942             
0477+  8942             MBPlayer_play_chgtmp: 
0478+  8942 C6 E7       		add	a, 0E7h				; change tempo
0479+  8944 ED 44       		neg	
0480+  8946 32 89 8E    		ld	(MBPlayer_play_speed), a
0481+  8949             loc_0_4556: 
0482+  8949             ;		ld	a,(MBPlayer_save_curbank)
0483+  8949             ;		call	MBPlayer_selbank_FE
0484+  8949             locret_0_455C: 
0485+  8949 C9          		ret	
0486+  894A C9          		ret
0487+  894B C9          		ret
0488+  894C C9          		ret
0489+  894D C9          		ret
0490+  894E             ;-------------------------------------------------------------------
0491+  894E             ; îïèñàíèå: Interrupt routine BEFORE play-interrupt
0492+  894E             ; ïàðàìåòðû: íåò
0493+  894E             ; âîçâðàùàåìîå  çíà÷åíèå: íåò
0494+  894E             ;---------------------------------------------------------------------
0495+  894E             MBPlayer_play_int_sec: 
0496+  894E 3D          		dec	a
0497+  894F BE          		cp	(hl)
0498+  8950 CA 05 8A    		jp	z, loc_0_461F
0499+  8953 3D          		dec	a
0500+  8954 BE          		cp	(hl)
0501+  8955 C2 49 89    		jp	nz, loc_0_4556
0502+  8958             
0503+  8958 3A 6A 8E    		ld	a, (MBPlayer_play_step)
0504+  895B 3C          		inc	a
0505+  895C E6 0F       		and	0Fh
0506+  895E 32 6A 8E    		ld	(MBPlayer_play_step), a
0507+  8961 2A 78 8F    		ld	hl, (MBPlayer_songdata_ptr)
0508+  8964 C2 BB 89    		jp	nz, loc_0_45CF
0509+  8967             
0510+  8967             ;		ld	a, (MBPlayer_songdata_bank1)
0511+  8967             ;		call	MBPlayer_selbank_FE 		; this bank contains pattern addresses
0512+  8967             
0513+  8967 3A 98 8E    		ld	a, (MBPlayer_xleng)		; next position
0514+  896A 3C          		inc	a
0515+  896B 47          		ld	b, a
0516+  896C 3A 69 8E    		ld	a, (MBPlayer_play_pos)
0517+  896F 3C          		inc	a
0518+  8970 B8          		cp	b
0519+  8971 DA 85 89    		jp	c, loc_0_4599
0520+  8974             
0521+  8974             
0522+  8974             ;		ld	a, (MBPlayer_xloop)
0523+  8974             ;		cp	255
0524+  8974             ;		jp	nz, loc_0_4599
0525+  8974             
0526+  8974             ;                ld	a,(MoonSound_key_press)
0527+  8974             ;		and	a
0528+  8974             ;		jr	z,loc_0_4597 
0529+  8974             
0530+  8974 3E 01       		ld	a,1
0531+  8976 32 A1 65                    ld	(MoonSound_flg_next),a
0532+  8979             		
0533+  8979 C3 BB 87    		jp	MBPlayer_stop_music		; stop song, want loop OFF
0534+  897C             
0535+  897C             			
0536+  897C             loc_0_4597: 
0537+  897C CD BB 87    		call	MBPlayer_stop_music		; stop song, want loop OFF
0538+  897F             
0539+  897F CD 24 64    		call	MoonSound_time_init
0540+  8982             
0541+  8982 C3 0F 87    		jp	MBPlayer_start_music		
0542+  8985             
0543+  8985             ;		xor	a
0544+  8985             
0545+  8985             loc_0_4599: 
0546+  8985 32 69 8E    		ld	(MBPlayer_play_pos), a
0547+  8988 2A 76 8F    		ld	hl, (MBPlayer_pos_address)
0548+  898B 85          		add	a, l
0549+  898C 30 01       		jr	nc, loc_0_45A3
0550+  898E 24          		inc	h
0551+  898F             loc_0_45A3: 
0552+  898F 6F          		ld	l, a
0553+  8990 7E          		ld	a, (hl)
0554+  8991 32 8D 8E    		ld	(MBPlayer_current_pat), a
0555+  8994 87          		add	a, a
0556+  8995 2A 74 8F    		ld	hl, (MBPlayer_pat_address)
0557+  8998 85          		add	a, l
0558+  8999 30 01       		jr	nc, loc_0_45B0
0559+  899B 24          		inc	h
0560+  899C             
0561+  899C             loc_0_45B0: 
0562+  899C 6F          		ld	l, a
0563+  899D 5E          		ld	e, (hl)
0564+  899E 23          		inc	hl
0565+  899F 56          		ld	d, (hl)
0566+  89A0 EB          		ex	de, hl
0567+  89A1 7C          		ld	a, h
0568+  89A2 07          		rlca	
0569+  89A3 07          		rlca	
0570+  89A4 E6 03       		and	3
0571+  89A6 11 6C 8E    		ld	de, MBPlayer_songdata_bank1
0572+  89A9 83          		add	a, e
0573+  89AA 30 01       		jr	nc, loc_0_45C1
0574+  89AC 14          		inc	d
0575+  89AD             loc_0_45C1: 
0576+  89AD 5F          		ld	e, a
0577+  89AE 1A          		ld	a, (de)
0578+  89AF 32 6F 8E    		ld	(MBPlayer_songdata_bank), a
0579+  89B2 7C          		ld	a, h
0580+  89B3 E6 3F       		and	3Fh
0581+  89B5 67          		ld	h, a
0582+  89B6 ED 5B 6D 8E 		ld	de, (MBPlayer_songdata_addres)
0583+  89BA 19          		add	hl, de
0584+  89BB             loc_0_45CF: 
0585+  89BB             ;		ld	a, (MBPlayer_songdata_bank)
0586+  89BB             ;		call	MBPlayer_selbank_FE
0587+  89BB             
0588+  89BB 11 70 8E    		ld	de, MBPlayer_step_buffer
0589+  89BE             
0590+  89BE 7E          		ld	a, (hl)
0591+  89BF 23          		inc	hl
0592+  89C0 FE FF       		cp	0FFh				; 0FFh => completely empty
0593+  89C2 C2 D6 89    		jp	nz, loc_0_45F0
0594+  89C5 D9          		exx	
0595+  89C6 21 70 8E    		ld	hl, MBPlayer_step_buffer
0596+  89C9 11 71 8E    		ld	de, MBPlayer_step_buffer + 1
0597+  89CC 01 18 00    		ld	bc, 24
0598+  89CF 70          		ld	(hl), b
0599+  89D0 ED B0       		ldir	
0600+  89D2 D9          		exx	
0601+  89D3 C3 F5 89    		jp	loc_0_460F
0602+  89D6             loc_0_45F0: 
0603+  89D6 12          		ld	(de), a				; 1st byte uncrunched
0604+  89D7 13          		inc	de
0605+  89D8 E5          		push	hl
0606+  89D9 23          		inc	hl
0607+  89DA 23          		inc	hl
0608+  89DB 23          		inc	hl
0609+  89DC D9          		exx	
0610+  89DD E1          		pop	hl
0611+  89DE 06 03       		ld	b, 3				; decrunch 3 * 8 bytes
0612+  89E0             loc_0_45FA: 
0613+  89E0 7E          		ld	a, (hl)
0614+  89E1 D9          		exx	
0615+  89E2 06 08       		ld	b, 8				; decrunch 8 bytes
0616+  89E4 4F          		ld	c, a
0617+  89E5             loc_0_45FF: 
0618+  89E5 AF          		xor	a
0619+  89E6 CB 01       		rlc	c
0620+  89E8 30 02       		jr	nc, loc_0_4606			; no carry? then empty event
0621+  89EA 7E          		ld	a, (hl)
0622+  89EB 23          		inc	hl
0623+  89EC             loc_0_4606: 
0624+  89EC 12          		ld	(de), a
0625+  89ED 13          		inc	de
0626+  89EE 10 F5       		djnz	loc_0_45FF
0627+  89F0 D9          		exx	
0628+  89F1 23          		inc	hl
0629+  89F2 10 EC       		djnz	loc_0_45FA
0630+  89F4 D9          		exx	
0631+  89F5             loc_0_460F:                                          ;Calculate freq. & note nr of wave to play
0632+  89F5 22 78 8F    		ld	(MBPlayer_songdata_ptr), hl
0633+  89F8             
0634+  89F8 FD 21 7A 8F 		ld	iy, MBPlayer_play_table_wav
0635+  89FC 21 70 8E    		ld	hl, MBPlayer_step_buffer    ; third interrupt
0636+  89FF 01 60 08    		ld	bc, 860h                    ;(256 * (WAVCHNS/2)) + 96	; Wave channels
0637+  8A02 C3 2B 8A    		jp	loc_0_4645
0638+  8A05             
0639+  8A05             loc_0_461F: 
0640+  8A05 06 18       		ld	b, WAVCHNS
0641+  8A07 21 70 8E    		ld	hl, MBPlayer_step_buffer
0642+  8A0A FD 21 7A 8F 		ld	iy, MBPlayer_play_table_wav
0643+  8A0E 11 14 00    		ld	de, PTW_SIZE
0644+  8A11 0E 60       		ld	c, 96
0645+  8A13             loc_0_462D: 
0646+  8A13 7E          		ld	a, (hl)
0647+  8A14 3D          		dec	a
0648+  8A15 B9          		cp	c
0649+  8A16 30 04       		jr	nc, loc_0_4636
0650+  8A18 FD 36 02 00 		ld	(iy + 2), 0
0651+  8A1C             loc_0_4636: 
0652+  8A1C 23          		inc	hl
0653+  8A1D FD 19       		add	iy, de
0654+  8A1F 10 F2       		djnz	loc_0_462D
0655+  8A21             
0656+  8A21 FD 21 1A 90 		ld	iy, unk_0_4D90		;play_table_wav + (WAVCHNS/2) * PTW_SIZE
0657+  8A25 21 78 8E    		ld	hl, unk_0_4B90		;step_buffer + WAVCHNS / 2	; second interrupt
0658+  8A28 01 60 08    		ld	bc, 860h                ;(256 * (WAVCHNS/2)) + 96	; Wave channels
0659+  8A2B             loc_0_4645: 
0660+  8A2B 11 14 00    		ld	de, PTW_SIZE
0661+  8A2E             loc_0_4648: 
0662+  8A2E 7E          		ld	a, (hl)
0663+  8A2F 3D          		dec	a
0664+  8A30 B9          		cp	c
0665+  8A31 DC 3C 8A    		call	c, MBPlayer_calc_wave
0666+  8A34 FD 19       		add	iy, de
0667+  8A36 23          		inc	hl
0668+  8A37 10 F5       		djnz	loc_0_4648
0669+  8A39 C3 49 89    		jp	loc_0_4556
0670+  8A3C             ;-------------------------------------------------------------------
0671+  8A3C             ; îïèñàíèå: calc wave stuff
0672+  8A3C             ; ïàðàìåòðû: íåò
0673+  8A3C             ; âîçâðàùàåìîå  çíà÷åíèå: íåò
0674+  8A3C             ;---------------------------------------------------------------------
0675+  8A3C             MBPlayer_calc_wave: 
0676+  8A3C D9          		exx	
0677+  8A3D 57          		ld	d, a
0678+  8A3E             
0679+  8A3E 21 3A 9A    		ld	hl, MBPlayer_patch_table	; dit stuk verandert A niet!
0680+  8A41 06 00       		ld	b, 0
0681+  8A43 FD 4E 0A    		ld	c, (iy + 0Ah)
0682+  8A46 79          		ld	a, c
0683+  8A47 FE AF       		cp	175
0684+  8A49 CA 05 8B    		jp	z, MBPlayer_calc_drm		; gm drum patch
0685+  8A4C FE B0       		cp	176
0686+  8A4E D2 3B 8B    		jp	nc, loc_0_4755			; own wave
0687+  8A51             
0688+  8A51             loc_0_466B: 
0689+  8A51 7A          		ld	a, d
0690+  8A52 09          		add	hl, bc
0691+  8A53 09          		add	hl, bc
0692+  8A54 5E          		ld	e, (hl)
0693+  8A55 23          		inc	hl
0694+  8A56 56          		ld	d, (hl)				; to patch
0695+  8A57 EB          		ex	de, hl
0696+  8A58 5E          		ld	e, (hl)
0697+  8A59 23          		inc	hl
0698+  8A5A 4E          		ld	c, (hl)
0699+  8A5B 23          		inc	hl
0700+  8A5C 46          		ld	b, (hl)
0701+  8A5D 23          		inc	hl
0702+  8A5E FD 71 0D    		ld	(iy + 0Dh), c			; pointer to header bytes
0703+  8A61 FD 70 0E    		ld	(iy + 0Eh), b
0704+  8A64             
0705+  8A64 CB 43       		bit	0, e				; search right patch part
0706+  8A66 28 05       		jr	z, loc_0_4687			; transpose
0707+  8A68             
0708+  8A68 47          		ld	b, a
0709+  8A69 3A 8A 8E    		ld	a, (MBPlayer_play_tspval)
0710+  8A6C 80          		add	a, b
0711+  8A6D             loc_0_4687: 
0712+  8A6D 06 00       		ld	b, 0
0713+  8A6F 11 05 00    		ld	de, 5
0714+  8A72             loc_0_468C: 
0715+  8A72 BE          		cp	(hl)
0716+  8A73 38 3C       		jr	c, loc_0_46CB
0717+  8A75 46          		ld	b, (hl)
0718+  8A76 19          		add	hl, de
0719+  8A77 BE          		cp	(hl)
0720+  8A78 38 37       		jr	c, loc_0_46CB
0721+  8A7A 46          		ld	b, (hl)
0722+  8A7B 19          		add	hl, de
0723+  8A7C BE          		cp	(hl)
0724+  8A7D 38 32       		jr	c, loc_0_46CB
0725+  8A7F 46          		ld	b, (hl)
0726+  8A80 19          		add	hl, de
0727+  8A81 BE          		cp	(hl)
0728+  8A82 38 2D       		jr	c, loc_0_46CB
0729+  8A84 46          		ld	b, (hl)
0730+  8A85 19          		add	hl, de
0731+  8A86 BE          		cp	(hl)
0732+  8A87 38 28       		jr	c, loc_0_46CB
0733+  8A89 46          		ld	b, (hl)
0734+  8A8A 19          		add	hl, de
0735+  8A8B BE          		cp	(hl)
0736+  8A8C 38 23       		jr	c, loc_0_46CB
0737+  8A8E 46          		ld	b, (hl)
0738+  8A8F 19          		add	hl, de
0739+  8A90 BE          		cp	(hl)
0740+  8A91 38 1E       		jr	c, loc_0_46CB
0741+  8A93 46          		ld	b, (hl)
0742+  8A94 19          		add	hl, de
0743+  8A95 BE          		cp	(hl)
0744+  8A96 38 19       		jr	c, loc_0_46CB
0745+  8A98 46          		ld	b, (hl)
0746+  8A99 19          		add	hl, de
0747+  8A9A BE          		cp	(hl)
0748+  8A9B 38 14       		jr	c, loc_0_46CB
0749+  8A9D 46          		ld	b, (hl)
0750+  8A9E 19          		add	hl, de
0751+  8A9F BE          		cp	(hl)
0752+  8AA0 38 0F       		jr	c, loc_0_46CB
0753+  8AA2 46          		ld	b, (hl)
0754+  8AA3 19          		add	hl, de
0755+  8AA4 BE          		cp	(hl)
0756+  8AA5 38 0A       		jr	c, loc_0_46CB
0757+  8AA7 46          		ld	b, (hl)
0758+  8AA8 19          		add	hl, de
0759+  8AA9 BE          		cp	(hl)
0760+  8AAA 38 05       		jr	c, loc_0_46CB
0761+  8AAC 46          		ld	b, (hl)
0762+  8AAD 19          		add	hl, de
0763+  8AAE C3 72 8A    		jp	loc_0_468C
0764+  8AB1             loc_0_46CB: 
0765+  8AB1 57          		ld	d, a                    ; save note...
0766+  8AB2 23          		inc	hl
0767+  8AB3 7E          		ld	a, (hl)			; low byte tone
0768+  8AB4 FD 77 07    		ld	(iy + 7), a
0769+  8AB7             
0770+  8AB7 23          		inc	hl
0771+  8AB8 7E          		ld	a, (hl)
0772+  8AB9 E6 01       		and	1                       ; also resets carry!
0773+  8ABB FD 77 06    		ld	(iy + 6), a             ; high byte tone
0774+  8ABE             
0775+  8ABE 7E          		ld	a, (hl)                 ; tone-note
0776+  8ABF 1F          		rra				; note that carry was set 0 earlier!!	
0777+  8AC0 82          		add	a, d
0778+  8AC1 90          		sub	b
0779+  8AC2 FD 77 00    		ld	(iy + 0), a		; last note
0780+  8AC5             
0781+  8AC5 23          		inc	hl
0782+  8AC6 5E          		ld	e, (hl)
0783+  8AC7 23          		inc	hl
0784+  8AC8 56          		ld	d, (hl)
0785+  8AC9 FD 72 11    		ld	(iy + 11h), d		; pointer to freqtab
0786+  8ACC FD 73 10    		ld	(iy + 10h), e
0787+  8ACF             
0788+  8ACF 21 5A 91    		ld	hl, MBPlayer_tabdiv12
0789+  8AD2 4F          		ld	c, a
0790+  8AD3 06 00       		ld	b, 0
0791+  8AD5 09          		add	hl, bc
0792+  8AD6 09          		add	hl, bc
0793+  8AD7 4E          		ld	c, (hl)
0794+  8AD8 23          		inc	hl
0795+  8AD9 7E          		ld	a, (hl)
0796+  8ADA EB          		ex	de, hl
0797+  8ADB             
0798+  8ADB 85          		add	a, l
0799+  8ADC 30 01       		jr	nc, loc_0_46F9
0800+  8ADE 24          		inc	h
0801+  8ADF             loc_0_46F9: 
0802+  8ADF 6F          		ld	l, a
0803+  8AE0 5E          		ld	e, (hl)
0804+  8AE1 23          		inc	hl
0805+  8AE2 56          		ld	d, (hl)
0806+  8AE3             
0807+  8AE3 CB 23       		sla	e   			; freq fine
0808+  8AE5 7A          		ld	a, d
0809+  8AE6 17          		rla	      			; freq rotated 1 left
0810+  8AE7 81          		add	a, c                    ; octave
0811+  8AE8             
0812+  8AE8 57          		ld	d, a                    ; high byte freq
0813+  8AE9 60          		ld	h, b
0814+  8AEA             loc_0_4704: 
0815+  8AEA FD 6E 05    		ld	l, (iy + 5)
0816+  8AED CB 7D       		bit	7, l
0817+  8AEF 28 0D       		jr	z, loc_0_4718
0818+  8AF1 25          		dec	h
0819+  8AF2 29          		add	hl, hl			; detune...
0820+  8AF3             loc_0_470D: 
0821+  8AF3 19          		add	hl, de
0822+  8AF4 CB 9C       		res	3, h
0823+  8AF6 FD 75 08    		ld	(iy + 8), l		; freq fine
0824+  8AF9 FD 74 09    		ld	(iy + 9), h
0825+  8AFC D9          		exx				; Yes! Finally, finished...	
0826+  8AFD C9          		ret	
0827+  8AFE             loc_0_4718: 
0828+  8AFE EB          		ex	de, hl
0829+  8AFF 19          		add	hl, de 			; detune...
0830+  8B00 16 08       		ld	d, 8
0831+  8B02 C3 F3 8A    		jp	loc_0_470D
0832+  8B05             ;-------------------------------------------------------------------
0833+  8B05             ; îïèñàíèå: Calc GM drums
0834+  8B05             ; ïàðàìåòðû: íåò
0835+  8B05             ; âîçâðàùàåìîå  çíà÷åíèå: íåò
0836+  8B05             ;---------------------------------------------------------------------
0837+  8B05             MBPlayer_calc_drm: 
0838+  8B05 7A          		ld	a, d
0839+  8B06 FE 24       		cp	36			
0840+  8B08 DA 51 8A    		jp	c, loc_0_466B		; < 36 => first drum handled as patch
0841+  8B0B FE 57       		cp	57h
0842+  8B0D DA 12 8B    		jp	c, loc_0_472C
0843+  8B10 3E 56       		ld	a, 56h
0844+  8B12             loc_0_472C: 
0845+  8B12 21 87 AA    		ld	hl, MBPlayer_gmdrm_c4
0846+  8B15 D6 24       		sub	36
0847+  8B17 47          		ld	b, a
0848+  8B18 87          		add	a, a
0849+  8B19 87          		add	a, a
0850+  8B1A 80          		add	a, b
0851+  8B1B 85          		add	a, l
0852+  8B1C 30 01       		jr	nc, loc_0_4739
0853+  8B1E 24          		inc	h
0854+  8B1F             
0855+  8B1F             loc_0_4739: 
0856+  8B1F 6F          		ld	l, a
0857+  8B20 7E          		ld	a, (hl)
0858+  8B21 FD 77 07    		ld	(iy + 7), a
0859+  8B24 FD 36 06 00 		ld	(iy + 6), 0
0860+  8B28 23          		inc	hl
0861+  8B29 5E          		ld	e, (hl)
0862+  8B2A 23          		inc	hl
0863+  8B2B 56          		ld	d, (hl)
0864+  8B2C 23          		inc	hl
0865+  8B2D 7E          		ld	a, (hl)
0866+  8B2E FD 77 0D    		ld	(iy + 0Dh), a
0867+  8B31 23          		inc	hl
0868+  8B32 7E          		ld	a, (hl)
0869+  8B33 FD 77 0E    		ld	(iy + 0Eh), a
0870+  8B36 26 00       		ld	h, 0
0871+  8B38 C3 EA 8A    		jp	loc_0_4704
0872+  8B3B             
0873+  8B3B             loc_0_4755: 
0874+  8B3B D6 B0       		sub	176
0875+  8B3D 4F          		ld	c, a
0876+  8B3E 87          		add	a, a
0877+  8B3F 87          		add	a, a
0878+  8B40 87          		add	a, a
0879+  8B41 6F          		ld	l, a
0880+  8B42 26 00       		ld	h, 0
0881+  8B44 29          		add	hl, hl
0882+  8B45 85          		add	a, l
0883+  8B46 30 01       		jr	nc, loc_0_4763
0884+  8B48 24          		inc	h
0885+  8B49             loc_0_4763: 
0886+  8B49 6F          		ld	l, a
0887+  8B4A 79          		ld	a, c
0888+  8B4B 85          		add	a, l
0889+  8B4C 30 01       		jr	nc, loc_0_4769
0890+  8B4E 24          		inc	h
0891+  8B4F             loc_0_4769: 
0892+  8B4F 6F          		ld	l, a
0893+  8B50 01 1A 95    		ld	bc, MBPlayer_waves
0894+  8B53 09          		add	hl, bc                          ; pointer to patch
0895+  8B54             
0896+  8B54 5E          		ld	e, (hl)                         ; transpose
0897+  8B55 23          		inc	hl
0898+  8B56 7A          		ld	a, d
0899+  8B57 CB 43       		bit	0, e 				; transpose
0900+  8B59 28 04       		jr	z, loc_0_4779
0901+  8B5B 3A 8A 8E    		ld	a, (MBPlayer_play_tspval)
0902+  8B5E 82          		add	a, d
0903+  8B5F             loc_0_4779: 
0904+  8B5F 16 00       		ld	d, 0
0905+  8B61 01 03 00    		ld	bc, 3
0906+  8B64             loc_0_477E: 
0907+  8B64 BE          		cp	(hl)
0908+  8B65 38 05       		jr	c, loc_0_4786
0909+  8B67 56          		ld	d, (hl)
0910+  8B68 09          		add	hl, bc
0911+  8B69 C3 64 8B    		jp	loc_0_477E
0912+  8B6C             
0913+  8B6C             loc_0_4786: 
0914+  8B6C 47          		ld	b, a 				; save note...
0915+  8B6D 23          		inc	hl
0916+  8B6E 7E          		ld	a, (hl)				; low byte tone
0917+  8B6F 5F          		ld	e, a
0918+  8B70 C6 80       		add	a, 80h 				; tone 384 and above 
0919+  8B72 FD 77 07    		ld	(iy + 7), a
0920+  8B75 FD 36 06 01 		ld	(iy + 6), 1			; RAM wave is altijd > 256
0921+  8B79 23          		inc	hl
0922+  8B7A             
0923+  8B7A 7E          		ld	a, (hl)				; tone-note
0924+  8B7B 80          		add	a, b
0925+  8B7C 92          		sub	d
0926+  8B7D FD 77 00    		ld	(iy + 0), a			; last note
0927+  8B80 F5          		push	af
0928+  8B81             
0929+  8B81 FD 36 0D 00 		ld	(iy + 0Dh), 0			; no header
0930+  8B85 FD 36 0E 00 		ld	(iy + 0Eh), 0
0931+  8B89             
0932+  8B89 21 CA 99    		ld	hl, MBPlayer_tones_data
0933+  8B8C 16 00       		ld	d, 0
0934+  8B8E 19          		add	hl, de
0935+  8B8F 7E          		ld	a, (hl)
0936+  8B90 E6 06       		and	6
0937+  8B92 21 9A 93    		ld	hl, MBPlayer_frqtab_amiga
0938+  8B95 28 0A       		jr	z, loc_0_47BB
0939+  8B97 21 DA 92    		ld	hl, MBPlayer_frqtab_441khz
0940+  8B9A FE 02       		cp	2
0941+  8B9C 28 03       		jr	z, loc_0_47BB
0942+  8B9E 21 5A 94    		ld	hl, MBPlayer_frqtab_turbo
0943+  8BA1             loc_0_47BB: 
0944+  8BA1 F1          		pop	af
0945+  8BA2 FD 75 10    		ld	(iy + 10h), l
0946+  8BA5 FD 74 11    		ld	(iy + 11h), h
0947+  8BA8             
0948+  8BA8 5F          		ld	e, a			; D is still 0
0949+  8BA9 19          		add	hl, de
0950+  8BAA 19          		add	hl, de
0951+  8BAB 5E          		ld	e, (hl)
0952+  8BAC 23          		inc	hl
0953+  8BAD 56          		ld	d, (hl)
0954+  8BAE 26 00       		ld	h, 0
0955+  8BB0 C3 EA 8A    		jp	loc_0_4704
0956+  8BB3             ;-------------------------------------------------------------------
0957+  8BB3             ; îïèñàíèå: Play ON event
0958+  8BB3             ; ïàðàìåòðû: íåò
0959+  8BB3             ; âîçâðàùàåìîå  çíà÷åíèå: íåò
0960+  8BB3             ;---------------------------------------------------------------------
0961+  8BB3             MBPlayer_play_wonevt: 
0962+  8BB3 F5          		push	af
0963+  8BB4 FD 7E 0F    		ld	a, (iy++0Fh)
0964+  8BB7 E6 1F       		and	1Fh
0965+  8BB9 1F          		rra	
0966+  8BBA B7          		or	a
0967+  8BBB C2 BF 8B    		jp	nz, loc_0_4857
0968+  8BBE 3C          		inc	a
0969+  8BBF             
0970+  8BBF             loc_0_4857: 
0971+  8BBF DD 77 00    		ld	(ix++0), a
0972+  8BC2 F1          		pop	af
0973+  8BC3             
0974+  8BC3 05          		dec	b
0975+  8BC4 FD 6E 0D    		ld	l, (iy + 0Dh)
0976+  8BC7 FD 66 0E    		ld	h, (iy + 0Eh)
0977+  8BCA 7D          		ld	a, l
0978+  8BCB B4          		or	h 			
0979+  8BCC 28 1F       		jr	z, loc_0_47F7           
0980+  8BCE             
0981+  8BCE 3E 80       		ld	a, 80h
0982+  8BD0 80          		add	a, b
0983+  8BD1 D3 7E       		out	(MOON_WREG), a
0984+  8BD3 7E          		ld	a, (hl)
0985+  8BD4             loc_0_47DE: 
0986+  8BD4 C5          		push	bc
0987+  8BD5 C1          		pop	bc
0988+  8BD6 D3 7F       		out	(MOON_WDAT), a
0989+  8BD8 23          		inc	hl
0990+  8BD9             loc_0_47E3: 
0991+  8BD9 7E          		ld	a, (hl)
0992+  8BDA FE FF       		cp	0FFh
0993+  8BDC 28 0F       		jr	z, loc_0_47F7
0994+  8BDE 80          		add	a, b
0995+  8BDF             loc_0_47E9: 
0996+  8BDF C5          		push	bc
0997+  8BE0 C1          		pop	bc
0998+  8BE1 D3 7E       		out	(MOON_WREG), a
0999+  8BE3 23          		inc	hl
1000+  8BE4 7E          		ld	a, (hl)
1001+  8BE5             loc_0_47EF: 
1002+  8BE5 C5          		push	bc
1003+  8BE6 C1          		pop	bc
1004+  8BE7 D3 7F       		out	(MOON_WDAT), a 		; header byte
1005+  8BE9 23          		inc	hl
1006+  8BEA C3 D9 8B    		jp	loc_0_47E3
1007+  8BED             
1008+  8BED             loc_0_47F7: 
1009+  8BED 3E 50       		ld	a, 50h 			; set volume back to normal
1010+  8BEF 80          		add	a, b
1011+  8BF0             loc_0_47FA: 
1012+  8BF0 C5          		push	bc
1013+  8BF1 C1          		pop	bc
1014+  8BF2 D3 7E       		out	(MOON_WREG), a
1015+  8BF4 FD 7E 0F    		ld	a, (iy + 0Fh)
1016+  8BF7 F6 01       		or	1			; level direct
1017+  8BF9             loc_0_4803: 
1018+  8BF9 C5          		push	bc
1019+  8BFA C1          		pop	bc
1020+  8BFB D3 7F       		out	(MOON_WDAT), a
1021+  8BFD             
1022+  8BFD 3E 68       		ld	a, 68h 			
1023+  8BFF 80          		add	a, b
1024+  8C00             loc_0_480A: 
1025+  8C00 C5          		push	bc
1026+  8C01 C1          		pop	bc
1027+  8C02 D3 7E       		out	(MOON_WREG), a
1028+  8C04 3E 80       		ld	a, 80h
1029+  8C06 FD B6 0B    		or	(iy + 0Bh)             ; pan pot
1030+  8C09             loc_0_4813: 
1031+  8C09 C5          		push	bc
1032+  8C0A C1          		pop	bc
1033+  8C0B D3 7F       		out	(MOON_WDAT), a		; key on
1034+  8C0D             
1035+  8C0D C9          		ret
1036+  8C0E             ;-------------------------------------------------------------------
1037+  8C0E             ; îïèñàíèå: Play OFF event
1038+  8C0E             ; ïàðàìåòðû: íåò
1039+  8C0E             ; âîçâðàùàåìîå  çíà÷åíèå: íåò
1040+  8C0E             ;---------------------------------------------------------------------
1041+  8C0E             MBPlayer_play_woffevt: 
1042+  8C0E 3E 67       		ld	a, 67h
1043+  8C10 80          		add	a, b 			; calc. register
1044+  8C11 D3 7E       		out	(MOON_WREG), a
1045+  8C13             
1046+  8C13 FD 36 02 00 		ld	(iy + 2), 0 		; pb/mod off
1047+  8C17             loc_0_4821: 
1048+  8C17 C5          		push	bc
1049+  8C18 C1          		pop	bc
1050+  8C19 DB 7F       		in	a, (MOON_WDAT)
1051+  8C1B E6 7F       		and	7Fh
1052+  8C1D             loc_0_4827: 
1053+  8C1D C5          		push	bc
1054+  8C1E C1          		pop	bc
1055+  8C1F D3 7F       		out	(MOON_WDAT), a
1056+  8C21 C9          		ret	
1057+  8C22             ;-------------------------------------------------------------------
1058+  8C22             ; îïèñàíèå: Play Wave event
1059+  8C22             ; ïàðàìåòðû: íåò
1060+  8C22             ; âîçâðàùàåìîå  çíà÷åíèå: íåò
1061+  8C22             ;---------------------------------------------------------------------
1062+  8C22             MBPlayer_play_wwavevt: 
1063+  8C22 D6 61       		sub	61h
1064+  8C24             MBPlayer_play_wwavevt2: 
1065+  8C24 FD 36 02 00 		ld	(iy + 2), 0 		; pb off
1066+  8C28 4F          		ld	c, a
1067+  8C29 21 13 8F    		ld	hl, MBPlayer_xwavnrs - 1
1068+  8C2C 85          		add	a, l
1069+  8C2D 30 01       		jr	nc, loc_0_483A
1070+  8C2F 24          		inc	h
1071+  8C30             loc_0_483A: 
1072+  8C30 6F          		ld	l, a
1073+  8C31 7E          		ld	a, (hl)
1074+  8C32 FD 77 0A    		ld	(iy + 0Ah), a
1075+  8C35 79          		ld	a, c
1076+  8C36 21 43 8F    		ld	hl, MBPlayer_xwavvols - 1
1077+  8C39 85          		add	a, l
1078+  8C3A 30 01       		jr	nc, loc_0_4847
1079+  8C3C 24          		inc	h
1080+  8C3D             loc_0_4847: 
1081+  8C3D 6F          		ld	l, a
1082+  8C3E FD 7E 0F    		ld	a, (iy + 0Fh)
1083+  8C41 E6 01       		and	1
1084+  8C43 57          		ld	d, a
1085+  8C44 3A 8E 8E    		ld	a, (MBPlayer_play_fading)
1086+  8C47 B7          		or	a
1087+  8C48 20 08       		jr	nz, loc_0_485C
1088+  8C4A             
1089+  8C4A 7E          		ld	a, (hl)
1090+  8C4B 87          		add	a, a
1091+  8C4C 87          		add	a, a
1092+  8C4D B2          		or	d
1093+  8C4E FD 77 0F    		ld	(iy + 0Fh), a
1094+  8C51 C9          		ret	
1095+  8C52             
1096+  8C52             loc_0_485C: 
1097+  8C52 7E          		ld	a, (hl)
1098+  8C53 87          		add	a, a
1099+  8C54 87          		add	a, a
1100+  8C55 B2          		or	d
1101+  8C56 FD BE 0F    		cp	(iy + 0Fh)
1102+  8C59 D8          		ret	c
1103+  8C5A FD 77 0F    		ld	(iy + 0Fh), a
1104+  8C5D C9          		ret	
1105+  8C5E             ;-------------------------------------------------------------------
1106+  8C5E             ; îïèñàíèå: Play volume event
1107+  8C5E             ; ïàðàìåòðû: íåò
1108+  8C5E             ; âîçâðàùàåìîå  çíà÷åíèå: íåò
1109+  8C5E             ;---------------------------------------------------------------------
1110+  8C5E             MBPlayer_play_wchgvol: 
1111+  8C5E D6 92       		sub	146
1112+  8C60 EE 1F       		xor	1Fh
1113+  8C62 87          		add	a, a
1114+  8C63             MBPlayer_play_wchgvol2: 
1115+  8C63 87          		add	a, a			;OPL4 can handle 0-127
1116+  8C64 87          		add	a, a
1117+  8C65 4F          		ld	c, a
1118+  8C66             
1119+  8C66 3A 8E 8E    		ld	a, (MBPlayer_play_fading)
1120+  8C69 B7          		or	a
1121+  8C6A 28 07       		jr	z, loc_0_487D
1122+  8C6C 79          		ld	a, c
1123+  8C6D F6 01       		or	1
1124+  8C6F FD BE 0F    		cp	(iy + 0Fh)
1125+  8C72 D8          		ret	c
1126+  8C73             
1127+  8C73             loc_0_487D: 
1128+  8C73 3E 4F       		ld	a, 4Fh			
1129+  8C75 80          		add	a, b
1130+  8C76 D3 7E       		out	(MOON_WREG), a
1131+  8C78 FD 7E 0F    		ld	a, (iy + 0Fh) 		; level direct
1132+  8C7B E6 01       		and	1
1133+  8C7D B1          		or	c
1134+  8C7E FD 77 0F    		ld	(iy + 0Fh), a
1135+  8C81             
1136+  8C81             loc_0_488B: 
1137+  8C81 C5          		push	bc
1138+  8C82 C1          		pop	bc
1139+  8C83 D3 7F       		out	(MOON_WDAT), a
1140+  8C85 C9          		ret	
1141+  8C86             ;-------------------------------------------------------------------
1142+  8C86             ; îïèñàíèå: Link note
1143+  8C86             ; ïàðàìåòðû: íåò
1144+  8C86             ; âîçâðàùàåìîå  çíà÷åíèå: íåò
1145+  8C86             ;---------------------------------------------------------------------
1146+  8C86             MBPlayer_play_wlnk: 
1147+  8C86 F5          		push	af
1148+  8C87 FD 7E 0F    		ld	a, (iy++0Fh)
1149+  8C8A E6 1F       		and	1Fh
1150+  8C8C 1F          		rra	
1151+  8C8D B7          		or	a
1152+  8C8E C2 92 8C    		jp	nz, loc_0_492A
1153+  8C91 3C          		inc	a
1154+  8C92             
1155+  8C92             loc_0_492A: 
1156+  8C92 DD 77 00    		ld	(ix++0), a
1157+  8C95 F1          		pop	af
1158+  8C96             
1159+  8C96             
1160+  8C96 FD 36 02 00 		ld	(iy + 2), 0
1161+  8C9A C5          		push	bc
1162+  8C9B D6 CA       		sub	202
1163+  8C9D FD 86 00    		add	a, (iy + 0)
1164+  8CA0 FD 77 00    		ld	(iy + 0), a
1165+  8CA3             
1166+  8CA3 FD CB 06 46 		bit	0, (iy + 6)
1167+  8CA7 28 06       		jr	z, loc_0_48A9
1168+  8CA9 FD CB 07 7E 		bit	7, (iy + 7)
1169+  8CAD 20 50       		jr	nz, loc_0_48F9
1170+  8CAF             loc_0_48A9: 
1171+  8CAF 21 5A 91    		ld	hl, MBPlayer_tabdiv12
1172+  8CB2 4F          		ld	c, a
1173+  8CB3 06 00       		ld	b, 0
1174+  8CB5 09          		add	hl, bc
1175+  8CB6 09          		add	hl, bc
1176+  8CB7 4E          		ld	c, (hl)
1177+  8CB8 23          		inc	hl
1178+  8CB9 7E          		ld	a, (hl)
1179+  8CBA FD 6E 10    		ld	l, (iy + 10h)
1180+  8CBD FD 66 11    		ld	h, (iy + 11h)
1181+  8CC0 85          		add	a, l
1182+  8CC1 30 01       		jr	nc, loc_0_48BE
1183+  8CC3 24          		inc	h
1184+  8CC4             loc_0_48BE: 
1185+  8CC4 6F          		ld	l, a
1186+  8CC5 5E          		ld	e, (hl)
1187+  8CC6 23          		inc	hl
1188+  8CC7 56          		ld	d, (hl)
1189+  8CC8 EB          		ex	de, hl 			; HL = freq
1190+  8CC9             
1191+  8CC9 CB 25       		sla	l
1192+  8CCB 7C          		ld	a, h
1193+  8CCC 17          		rla	
1194+  8CCD 81          		add	a, c
1195+  8CCE 67          		ld	h, a
1196+  8CCF             loc_0_48C9: 
1197+  8CCF 16 00       		ld	d, 0
1198+  8CD1 FD 5E 05    		ld	e, (iy + 5)
1199+  8CD4 CB 7B       		bit	7, e
1200+  8CD6 28 01       		jr	z, loc_0_48D3
1201+  8CD8 15          		dec	d
1202+  8CD9             loc_0_48D3: 
1203+  8CD9 19          		add	hl, de			; detune...
1204+  8CDA 19          		add	hl, de
1205+  8CDB             
1206+  8CDB FD 75 12    		ld	(iy + 12h), l		; freq fine
1207+  8CDE FD 74 13    		ld	(iy + 13h), h
1208+  8CE1             
1209+  8CE1 C1          		pop	bc
1210+  8CE2 3E 1F       		ld	a, 1Fh
1211+  8CE4 80          		add	a, b
1212+  8CE5 D3 7E       		out	(MOON_WREG), a
1213+  8CE7 7D          		ld	a, l
1214+  8CE8 FD B6 06    		or	(iy + 6)
1215+  8CEB             loc_0_48E5: 
1216+  8CEB C5          		push	bc
1217+  8CEC C1          		pop	bc
1218+  8CED D3 7F       		out	(MOON_WDAT), a		; freq + tone
1219+  8CEF             
1220+  8CEF 3E 37       		ld	a, 37h
1221+  8CF1 80          		add	a, b
1222+  8CF2             loc_0_48EC: 
1223+  8CF2 C5          		push	bc
1224+  8CF3 C1          		pop	bc
1225+  8CF4 D3 7E       		out	(MOON_WREG), a
1226+  8CF6 7C          		ld	a, h
1227+  8CF7 FD B6 0C    		or	(iy + 0Ch)
1228+  8CFA             loc_0_48F4: 
1229+  8CFA C5          		push	bc
1230+  8CFB C1          		pop	bc
1231+  8CFC D3 7F       		out	(MOON_WDAT), a 		; freq
1232+  8CFE C9          		ret	
1233+  8CFF             
1234+  8CFF             loc_0_48F9: 
1235+  8CFF FD 6E 10    		ld	l, (iy + 10h)		; link own wave
1236+  8D02 FD 66 11    		ld	h, (iy + 11h)
1237+  8D05 5F          		ld	e, a
1238+  8D06 16 00       		ld	d, 0
1239+  8D08 19          		add	hl, de
1240+  8D09 19          		add	hl, de
1241+  8D0A 5E          		ld	e, (hl)
1242+  8D0B 23          		inc	hl
1243+  8D0C 56          		ld	d, (hl)
1244+  8D0D EB          		ex	de, hl			; freq
1245+  8D0E C3 CF 8C    		jp	loc_0_48C9
1246+  8D11             ;-------------------------------------------------------------------
1247+  8D11             ; îïèñàíèå: Play stereo event
1248+  8D11             ; ïàðàìåòðû: íåò
1249+  8D11             ; âîçâðàùàåìîå  çíà÷åíèå: íåò
1250+  8D11             ;---------------------------------------------------------------------
1251+  8D11             MBPlayer_play_wchgste: 
1252+  8D11 D6 B9       		sub	0B9h 		; 178 + 7
1253+  8D13             MBPlayer_play_wchgste2: 
1254+  8D13 E6 0F       		and	0Fh
1255+  8D15 57          		ld	d, a
1256+  8D16 FD 7E 0B    		ld	a, (iy + 0Bh)
1257+  8D19 E6 F0       		and	0F0h
1258+  8D1B B2          		or	d
1259+  8D1C FD 77 0B    		ld	(iy + 0Bh), a
1260+  8D1F 3E 67       		ld	a, 67h
1261+  8D21 80          		add	a, b
1262+  8D22 D3 7E       		out	(MOON_WREG), a
1263+  8D24 FD 36 02 00 		ld	(iy + 2), 0
1264+  8D28             loc_0_4922: 
1265+  8D28 C5          		push	bc
1266+  8D29 C1          		pop	bc
1267+  8D2A DB 7F       		in	a, (MOON_WDAT)
1268+  8D2C E6 F0       		and	0F0h
1269+  8D2E B2          		or	d
1270+  8D2F             loc_0_4929: 
1271+  8D2F C5          		push	bc
1272+  8D30 C1          		pop	bc
1273+  8D31 D3 7F       		out	(MOON_WDAT), a
1274+  8D33 C9          		ret	
1275+  8D34             ;-------------------------------------------------------------------
1276+  8D34             ; îïèñàíèå: Pitch bending
1277+  8D34             ; ïàðàìåòðû: íåò
1278+  8D34             ; âîçâðàùàåìîå  çíà÷åíèå: íåò
1279+  8D34             ;---------------------------------------------------------------------
1280+  8D34             MBPlayer_play_wchgpit: 
1281+  8D34 D6 DD       		sub	221
1282+  8D36 FD 36 02 01 		ld	(iy + 2), 1		; Pitch bending on
1283+  8D3A 87          		add	a, a
1284+  8D3B 87          		add	a, a
1285+  8D3C FD 77 03    		ld	(iy + 3), a		; Set pitch bend speed
1286+  8D3F 07          		rlca	
1287+  8D40 38 05       		jr	c, loc_0_4941
1288+  8D42 FD 36 04 00 		ld	(iy + 4), 0
1289+  8D46 C9          		ret	
1290+  8D47             loc_0_4941: 
1291+  8D47 FD 36 04 FF 		ld	(iy + 4), 0FFh
1292+  8D4B C9          		ret	
1293+  8D4C             ;-------------------------------------------------------------------
1294+  8D4C             ; îïèñàíèå: Modulation event
1295+  8D4C             ; ïàðàìåòðû: íåò
1296+  8D4C             ; âîçâðàùàåìîå  çíà÷åíèå: íåò
1297+  8D4C             ;---------------------------------------------------------------------
1298+  8D4C             MBPlayer_play_wchgmod: 
1299+  8D4C D6 EC       		sub	0ECh		;238 - 2
1300+  8D4E FD 77 02    		ld	(iy + 2), a
1301+  8D51 87          		add	a, a
1302+  8D52 87          		add	a, a
1303+  8D53 87          		add	a, a
1304+  8D54 87          		add	a, a
1305+  8D55 21 AC 8E    		ld	hl, MBPlayer_xmodtab - 2 * 16
1306+  8D58 85          		add	a, l
1307+  8D59 30 01       		jr	nc, loc_0_4956
1308+  8D5B 24          		inc	h
1309+  8D5C             loc_0_4956: 
1310+  8D5C 6F          		ld	l, a
1311+  8D5D FD 75 03    		ld	(iy + 3), l
1312+  8D60 FD 74 04    		ld	(iy + 4), h
1313+  8D63 C9          		ret	
1314+  8D64             ;-------------------------------------------------------------------
1315+  8D64             ; îïèñàíèå: Set detune
1316+  8D64             ; ïàðàìåòðû: íåò
1317+  8D64             ; âîçâðàùàåìîå  çíà÷åíèå: íåò
1318+  8D64             ;---------------------------------------------------------------------
1319+  8D64             MBPlayer_play_wchgdet: 
1320+  8D64 D6 EA       		sub	234
1321+  8D66 87          		add	a, a
1322+  8D67 87          		add	a, a
1323+  8D68 FD 77 05    		ld	(iy + 5), a
1324+  8D6B C9          		ret	
1325+  8D6C             ;-------------------------------------------------------------------
1326+  8D6C             ; îïèñàíèå: Damp
1327+  8D6C             ; ïàðàìåòðû: íåò
1328+  8D6C             ; âîçâðàùàåìîå  çíà÷åíèå: íåò
1329+  8D6C             ;---------------------------------------------------------------------
1330+  8D6C             MBPlayer_play_wchgdmp: 
1331+  8D6C 3E 67       		ld	a, 67h
1332+  8D6E 80          		add	a, b			; calc. register
1333+  8D6F D3 7E       		out	(MOON_WREG), a
1334+  8D71 FD 36 02 00 		ld	(iy + 2), 0
1335+  8D75             loc_0_496F: 
1336+  8D75 C5          		push	bc
1337+  8D76 C1          		pop	bc
1338+  8D77 DB 7F       		in	a, (MOON_WDAT)
1339+  8D79 F6 40       		or	40h			; pb/mod off
1340+  8D7B             loc_0_4975: 
1341+  8D7B C5          		push	bc
1342+  8D7C C1          		pop	bc
1343+  8D7D D3 7F       		out	(MOON_WDAT), a
1344+  8D7F C9          		ret	
1345+  8D80             ;-------------------------------------------------------------------
1346+  8D80             ; îïèñàíèå: pitch bending/modulation
1347+  8D80             ; ïàðàìåòðû: íåò
1348+  8D80             ; âîçâðàùàåìîå  çíà÷åíèå: íåò
1349+  8D80             ;---------------------------------------------------------------------
1350+  8D80             MBPlayer_play_pitch: 
1351+  8D80 FD 21 7A 8F 		ld	iy, MBPlayer_play_table_wav
1352+  8D84 11 14 00    		ld	de,PTW_SIZE
1353+  8D87 21 93 8D    		ld	hl,MBPlayer_play_pitchwvl2
1354+  8D8A 06 18       		ld	b,WAVCHNS		; wave channels
1355+  8D8C             MBPlayer_play_pitchwlus: 
1356+  8D8C FD 7E 02    		ld	a, (iy + 2)
1357+  8D8F B7          		or	a
1358+  8D90 C2 98 8D    		jp	nz, MBPlayer_play_pitch_wdo
1359+  8D93             MBPlayer_play_pitchwvl2: 
1360+  8D93 FD 19       		add	iy, de
1361+  8D95 10 F5       		djnz	MBPlayer_play_pitchwlus
1362+  8D97 C9          		ret	
1363+  8D98             ;-------------------------------------------------------------------
1364+  8D98             ; îïèñàíèå: pitch bending
1365+  8D98             ; ïàðàìåòðû: íåò
1366+  8D98             ; âîçâðàùàåìîå  çíà÷åíèå: íåò
1367+  8D98             ;---------------------------------------------------------------------
1368+  8D98             MBPlayer_play_pitch_wdo: 
1369+  8D98 D9          		exx	
1370+  8D99             
1371+  8D99 4F          		ld	c, a
1372+  8D9A             
1373+  8D9A FD 6E 03    		ld	l, (iy + 3)		; pitch bend speed
1374+  8D9D FD 66 04    		ld	h, (iy + 4)
1375+  8DA0 0D          		dec	c
1376+  8DA1 C2 DF 8D    		jp	nz, MBPlayer_play_mod_wdo ; modulation
1377+  8DA4 EB          		ex	de, hl
1378+  8DA5             loc_0_499F: 
1379+  8DA5 FD 66 13    		ld	h, (iy + 13h)
1380+  8DA8 FD 6E 12    		ld	l, (iy + 12h)
1381+  8DAB 19          		add	hl, de			; sliding
1382+  8DAC CB 5C       		bit	3, h
1383+  8DAE 28 0D       		jr	z, loc_0_49B7
1384+  8DB0 CB 7A       		bit	7, d
1385+  8DB2 20 07       		jr	nz, loc_0_49B5
1386+  8DB4 7C          		ld	a, h
1387+  8DB5 C6 08       		add	a, 8
1388+  8DB7 67          		ld	h, a
1389+  8DB8 C3 BD 8D    		jp	loc_0_49B7
1390+  8DBB             loc_0_49B5: 
1391+  8DBB CB 9C       		res	3, h
1392+  8DBD             loc_0_49B7: 
1393+  8DBD FD 75 12    		ld	(iy + 12h), l		; freq fine
1394+  8DC0 FD 74 13    		ld	(iy + 13h), h
1395+  8DC3 FD 7E 01    		ld	a, (iy + 1)
1396+  8DC6 4F          		ld	c, a
1397+  8DC7 D3 7E       		out	(MOON_WREG), a
1398+  8DC9 7D          		ld	a, l
1399+  8DCA FD B6 06    		or	(iy + 6)
1400+  8DCD             loc_0_49C7: 
1401+  8DCD C5          		push	bc
1402+  8DCE C1          		pop	bc
1403+  8DCF D3 7F       		out	(MOON_WDAT), a		; freq + tone
1404+  8DD1             
1405+  8DD1 79          		ld	a, c
1406+  8DD2 C6 18       		add	a, 24
1407+  8DD4             loc_0_49CE: 
1408+  8DD4 C5          		push	bc
1409+  8DD5 C1          		pop	bc
1410+  8DD6 D3 7E       		out	(MOON_WREG), a
1411+  8DD8 7C          		ld	a, h
1412+  8DD9             loc_0_49D3: 
1413+  8DD9 C5          		push	bc
1414+  8DDA C1          		pop	bc
1415+  8DDB D3 7F       		out	(MOON_WDAT), a 		; freq
1416+  8DDD D9          		exx	
1417+  8DDE E9          		jp	(hl)
1418+  8DDF             ;-------------------------------------------------------------------
1419+  8DDF             ; îïèñàíèå: Ìîäóëÿöèÿ
1420+  8DDF             ; ïàðàìåòðû: íåò
1421+  8DDF             ; âîçâðàùàåìîå  çíà÷åíèå: íåò
1422+  8DDF             ;---------------------------------------------------------------------
1423+  8DDF             MBPlayer_play_mod_wdo: 
1424+  8DDF 16 00       		ld	d, 0
1425+  8DE1 5E          		ld	e, (hl)
1426+  8DE2 CB 23       		sla	e
1427+  8DE4 CB 23       		sla	e
1428+  8DE6 30 01       		jr	nc, loc_0_49E3
1429+  8DE8 15          		dec	d
1430+  8DE9             loc_0_49E3: 
1431+  8DE9 23          		inc	hl
1432+  8DEA 7E          		ld	a, (hl)
1433+  8DEB FE 0A       		cp	10
1434+  8DED C2 FD 8D    		jp	nz, loc_0_49F7
1435+  8DF0 79          		ld	a, c
1436+  8DF1             
1437+  8DF1 21 BC 8E    		ld	hl, MBPlayer_xmodtab - 16
1438+  8DF4 87          		add	a, a
1439+  8DF5 87          		add	a, a
1440+  8DF6 87          		add	a, a
1441+  8DF7 87          		add	a, a
1442+  8DF8 85          		add	a, l
1443+  8DF9 30 01       		jr	nc, loc_0_49F6
1444+  8DFB 24          		inc	h
1445+  8DFC             loc_0_49F6: 
1446+  8DFC 6F          		ld	l, a
1447+  8DFD             loc_0_49F7: 
1448+  8DFD FD 75 03    		ld	(iy + 3), l
1449+  8E00 FD 74 04    		ld	(iy + 4), h
1450+  8E03 C3 A5 8D    		jp	loc_0_499F
1451+  8E06             ;-------------------------------------------------------------------
1452+  8E06             ; îïèñàíèå: Çàòóõàíèå ìåëîäèè
1453+  8E06             ; ïàðàìåòðû: íåò
1454+  8E06             ; âîçâðàùàåìîå  çíà÷åíèå: íåò
1455+  8E06             ;---------------------------------------------------------------------
1456+  8E06             MBPlayer_play_fade: 	
1457+  8E06 3A 90 8E    		ld	a,(MBPlayer_play_fadespd)	; speed
1458+  8E09 21 8F 8E    		ld	hl,MBPlayer_play_fadecnt
1459+  8E0C 34          		inc	(hl)
1460+  8E0D BE          		cp	(hl)
1461+  8E0E C0          		ret	nz
1462+  8E0F 36 00       		ld	(hl), 0
1463+  8E11             
1464+  8E11 06 18       		ld	b,WAVCHNS
1465+  8E13 FD 21 7A 8F 		ld	iy,MBPlayer_play_table_wav
1466+  8E17 11 14 00    		ld	de,PTW_SIZE
1467+  8E1A             loc_0_4A14: 
1468+  8E1A FD 7E 0F    		ld	a, (iy + 0Fh)		
1469+  8E1D C6 08       		add	a, 8                    ; -4, but bit 0 is not for volume
1470+  8E1F 30 02       		jr	nc, loc_0_4A1D
1471+  8E21 3E FF       		ld	a, 255
1472+  8E23             loc_0_4A1D: 
1473+  8E23 FD 77 0F    		ld	(iy + 0Fh), a
1474+  8E26 3E 4F       		ld	a, 4Fh
1475+  8E28 80          		add	a, b
1476+  8E29 D3 7E       		out	(MOON_WREG), a
1477+  8E2B FD 7E 0F    		ld	a, (iy + 0Fh)		; level direct
1478+  8E2E             loc_0_4A28: 
1479+  8E2E C5          		push	bc
1480+  8E2F C1          		pop	bc
1481+  8E30 D3 7F       		out	(MOON_WDAT), a
1482+  8E32 FD 19       		add	iy, de
1483+  8E34 10 E4       		djnz	loc_0_4A14
1484+  8E36             
1485+  8E36 21 91 8E    		ld	hl, MBPlayer_play_fadetcnt 	; total counter
1486+  8E39 34          		inc	(hl)
1487+  8E3A 7E          		ld	a, (hl)
1488+  8E3B FE 21       		cp	33			; will always be faded out in 33 steps
1489+  8E3D C0          		ret	nz
1490+  8E3E AF          		xor	a
1491+  8E3F 32 8E 8E    		ld	(MBPlayer_play_fading), a
1492+  8E42 C3 BB 87    		jp	MBPlayer_stop_music
1493+  8E45             
1494+  8E45             sub_0_4A3F: 
1495+  8E45 08          		ex	af, af'
1496+  8E46 79          		ld	a, c
1497+  8E47             loc_0_4A41: 
1498+  8E47 C5          		push	bc
1499+  8E48 C1          		pop	bc
1500+  8E49 D3 C6       		out	(MOON_REG2),a
1501+  8E4B 08          		ex	af, af'
1502+  8E4C             loc_0_4A46: 
1503+  8E4C C5          		push	bc
1504+  8E4D C1          		pop	bc
1505+  8E4E D3 C7       		out	(MOON_DAT2),a
1506+  8E50 C9          		ret	
1507+  8E51             ;-------------------------------------------------------------------
1508+  8E51             ; îïèñàíèå: Âûâîä äàííûõ â ðåãèñòðû Wave ÷àñòè
1509+  8E51             ; ïàðàìåòðû: C - íîìåð ðåãèñòðà
1510+  8E51             ;	     A - âûâîäèìûé áàéò
1511+  8E51             ; âîçâðàùàåìîå  çíà÷åíèå: íåò
1512+  8E51             ;---------------------------------------------------------------------
1513+  8E51             MBPlayer_out_wave: 	
1514+  8E51 08          		ex	af, af'
1515+  8E52 79          		ld	a, c
1516+  8E53             loc_0_4A4D: 
1517+  8E53 C5          		push	bc
1518+  8E54 C1          		pop	bc
1519+  8E55 D3 7E       		out	(MOON_WREG), a
1520+  8E57 08          		ex	af, af'
1521+  8E58             loc_0_4A52: 
1522+  8E58 C5          		push	bc
1523+  8E59 C1          		pop	bc
1524+  8E5A D3 7F       		out	(MOON_WDAT), a
1525+  8E5C C9          		ret	
1526+  8E5D             ;-------------------------------------------------------------------
1527+  8E5D             ; îïèñàíèå: ×òåíèå äàííûõ èç ðåãèñòðà Wave ÷àñòè
1528+  8E5D             ; ïàðàìåòðû: C - íîìåð ðåãèñòðà
1529+  8E5D             ; âîçâðàùàåìîå  çíà÷åíèå: A - áàéò äàííûõ
1530+  8E5D             ;---------------------------------------------------------------------
1531+  8E5D             MBPlayer_in_wave: 	
1532+  8E5D C5          		push	bc
1533+  8E5E C1          		pop	bc
1534+  8E5F 79          		ld	a, c
1535+  8E60 D3 7E       		out	(MOON_WREG), a
1536+  8E62 00          		nop	
1537+  8E63             loc_0_4A5D: 
1538+  8E63 C5          		push	bc
1539+  8E64 C1          		pop	bc
1540+  8E65 DB 7F       		in	a, (MOON_WDAT)
1541+  8E67 C9          		ret	
1542+  8E68             
1543+  8E68             MBPlayer_play_busy: 
1544+  8E68 00          		db	0
1545+  8E69             MBPlayer_play_pos: 	
1546+  8E69 00          		db 	0
1547+  8E6A             MBPlayer_play_step: 	
1548+  8E6A 00          		db 	0
1549+  8E6B             MBPlayer_save_curbank: 	
1550+  8E6B 00          		db	0
1551+  8E6C             MBPlayer_songdata_bank1: 	
1552+  8E6C 00          		db 	0
1553+  8E6D             MBPlayer_songdata_addres: 	
1554+  8E6D 00 00       		dw 	0
1555+  8E6F             MBPlayer_songdata_bank: 	
1556+  8E6F 00          		db 	0
1557+  8E70             
1558+  8E70             MBPlayer_step_buffer: 	
1559+  8E70 00          		db    	0
1560+  8E71 00          		db    	0
1561+  8E72 00          		db    	0 ;  
1562+  8E73 00          		db    	0 ;  
1563+  8E74 00          		db    	0 ;  
1564+  8E75 00          		db    	0 ;  
1565+  8E76 00          		db    	0 ;  
1566+  8E77 00          		db    	0 ;  
1567+  8E78             unk_0_4B90: 	
1568+  8E78 00          		db    	0
1569+  8E79 00          		db    	0 ;  
1570+  8E7A 00          		db    	0 ;  
1571+  8E7B 00          		db    	0 ;  
1572+  8E7C 00          		db    	0 ;  
1573+  8E7D 00          		db    	0 ;  
1574+  8E7E 00          		db    	0 ;  
1575+  8E7F 00          		db    	0 ;  
1576+  8E80             unk_0_4B98: 	
1577+  8E80 00          		db    	0
1578+  8E81 00          		db    	0 ;  
1579+  8E82 00          		db    	0 ;  
1580+  8E83 00          		db    	0 ;  
1581+  8E84 00          		db    	0 ;  
1582+  8E85 00          		db    	0 ;  
1583+  8E86 00          		db    	0 ;  
1584+  8E87 00          		db    	0 ;  
1585+  8E88 00          		db    	0 ;  
1586+  8E89             MBPlayer_play_speed: 	
1587+  8E89 00          		db 	0
1588+  8E8A             MBPlayer_play_tspval: 	
1589+  8E8A 00          		db 	0
1590+  8E8B             MBPlayer_play_timercnt: 	
1591+  8E8B 00          		db 	0
1592+  8E8C             MBPlayer_play_intcnt: 
1593+  8E8C 00          		db 	0
1594+  8E8D             MBPlayer_current_pat: 	
1595+  8E8D 00          		db 	0
1596+  8E8E             MBPlayer_play_fading: 	
1597+  8E8E 00          		db 	0
1598+  8E8F             MBPlayer_play_fadecnt: 	
1599+  8E8F 00          		db 	0
1600+  8E90             MBPlayer_play_fadespd: 	
1601+  8E90 00          		db 	0
1602+  8E91             MBPlayer_play_fadetcnt: 	
1603+  8E91 00          		db 	0
1604+  8E92             MBPlayer_sample_address: 	
1605+  8E92 00          		db    	0
1606+  8E93 00          		db    	0 ;  
1607+  8E94 00          		db    	0 ;  
1608+  8E95 00          		db    	0 ;  
1609+  8E96             MBPlayer_samplesize: 	
1610+  8E96 00 00       		dw 	0
1611+  8E98             ;-------------------------------------------------------------------
1612+  8E98             ; îïèñàíèå: Èíôîðìàöèÿ î òðåêå = 220 áàéò
1613+  8E98             ; ïàðàìåòðû: íåò
1614+  8E98             ; âîçâðàùàåìîå  çíà÷åíèå: íåò
1615+  8E98             ;---------------------------------------------------------------------
1616+  8E98             MBPlayer_xleng: 	
1617+  8E98 00          		ds	1		; Song length
1618+  8E99             MBPlayer_xloop: 		
1619+  8E99 00          		ds	1		; Loop position
1620+  8E9A             MBPlayer_xwvstpr: 	
1621+  8E9A 00          		ds	24		; Stereo settings Wave
1622+  8EB2             MBPlayer_xtempo: 		
1623+  8EB2 00          		ds	1		; Tempo
1624+  8EB3             MBPlayer_xhzequal: 	
1625+  8EB3 00          		ds	1		; Base frequency
1626+  8EB4             MBPlayer_xdetune: 		
1627+  8EB4 00          		ds	24		; Detune settings
1628+  8ECC             MBPlayer_xmodtab: 		
1629+  8ECC 00          		ds	3*16		; Modulation tables
1630+  8EFC             MBPlayer_xbegwav: 		
1631+  8EFC 00          		ds	24		; Start waves
1632+  8F14             MBPlayer_xwavnrs: 	
1633+  8F14 00          		ds	48		; Wave numbers
1634+  8F44             MBPlayer_xwavvols: 	                	
1635+  8F44 00          		ds	48		; Wave volumes
1636+  8F74             
1637+  8F74             
1638+  8F74             MBPlayer_pat_address: 	
1639+  8F74 00 00       		dw 	0
1640+  8F76             MBPlayer_pos_address: 	
1641+  8F76 00 00       		dw 	0
1642+  8F78             MBPlayer_songdata_ptr: 	
1643+  8F78 00 00       		dw 	0
1644+  8F7A             
1645+  8F7A             ;--- smart table: --
1646+  8F7A             
1647+  8F7A             ;    - last note played                 01: + 0
1648+  8F7A             ;    - frequency register               01: + 1
1649+  8F7A             ;    - pitch bending on/off             01: + 2
1650+  8F7A             ;    - pitch bend speed                 02: + 3
1651+  8F7A             ;    - detune value                     01: + 5
1652+  8F7A             ;    - tone nr for next interrupt       02: + 6
1653+  8F7A             ;    - freq for next interrupt          02: + 8
1654+  8F7A             ;    - current patch                    01  + 10
1655+  8F7A             ;    - current stereo setting           01  + 11
1656+  8F7A             ;    - pseudo reverb                    01  + 12
1657+  8F7A             ;    - Pointer to header bytes          02  + 13
1658+  8F7A             ;    - Volume                           01  + 15
1659+  8F7A             ;    - Pointer to used freq table       01  + 16
1660+  8F7A             ;    - Current pitch freq.              02  + 18
1661+  8F7A             ;                               --
1662+  8F7A             ;    Total:                             20
1663+  8F7A             
1664+  8F7A             MBPlayer_play_table_wav: 
1665+  8F7A             		db	0,037h,0,0,0,0,0,0,0,0,0,0,0,0,0,0,0,0,0,0	; ch1
1665+  8F7A 0037000000000000000000000000000000000000
1666+  8F8E             		db	0,036h,0,0,0,0,0,0,0,0,0,0,0,0,0,0,0,0,0,0	; ch2
1666+  8F8E 0036000000000000000000000000000000000000
1667+  8FA2             		db	0,035h,0,0,0,0,0,0,0,0,0,0,0,0,0,0,0,0,0,0	; ch3
1667+  8FA2 0035000000000000000000000000000000000000
1668+  8FB6             		db	0,034h,0,0,0,0,0,0,0,0,0,0,0,0,0,0,0,0,0,0	; ch4
1668+  8FB6 0034000000000000000000000000000000000000
1669+  8FCA             		db	0,033h,0,0,0,0,0,0,0,0,0,0,0,0,0,0,0,0,0,0	; ch5
1669+  8FCA 0033000000000000000000000000000000000000
1670+  8FDE             		db	0,032h,0,0,0,0,0,0,0,0,0,0,0,0,0,0,0,0,0,0	; ch6
1670+  8FDE 0032000000000000000000000000000000000000
1671+  8FF2             		db	0,031h,0,0,0,0,0,0,0,0,0,0,0,0,0,0,0,0,0,0	; ch7
1671+  8FF2 0031000000000000000000000000000000000000
1672+  9006             		db	0,030h,0,0,0,0,0,0,0,0,0,0,0,0,0,0,0,0,0,0	; ch8
1672+  9006 0030000000000000000000000000000000000000
1673+  901A             unk_0_4D90: 	
1674+  901A             		db	0,02fh,0,0,0,0,0,0,0,0,0,0,0,0,0,0,0,0,0,0	; ch9
1674+  901A 002F000000000000000000000000000000000000
1675+  902E             		db	0,02eh,0,0,0,0,0,0,0,0,0,0,0,0,0,0,0,0,0,0	; ch10
1675+  902E 002E000000000000000000000000000000000000
1676+  9042             		db	0,02dh,0,0,0,0,0,0,0,0,0,0,0,0,0,0,0,0,0,0	; ch11
1676+  9042 002D000000000000000000000000000000000000
1677+  9056             		db	0,02ch,0,0,0,0,0,0,0,0,0,0,0,0,0,0,0,0,0,0	; ch12
1677+  9056 002C000000000000000000000000000000000000
1678+  906A             		db	0,02bh,0,0,0,0,0,0,0,0,0,0,0,0,0,0,0,0,0,0	; ch13
1678+  906A 002B000000000000000000000000000000000000
1679+  907E             		db	0,02ah,0,0,0,0,0,0,0,0,0,0,0,0,0,0,0,0,0,0	; ch14
1679+  907E 002A000000000000000000000000000000000000
1680+  9092             		db	0,029h,0,0,0,0,0,0,0,0,0,0,0,0,0,0,0,0,0,0	; ch15
1680+  9092 0029000000000000000000000000000000000000
1681+  90A6             		db	0,028h,0,0,0,0,0,0,0,0,0,0,0,0,0,0,0,0,0,0	; ch16
1681+  90A6 0028000000000000000000000000000000000000
1682+  90BA             unk_0_4E30: 	
1683+  90BA             		db	0,027h,0,0,0,0,0,0,0,0,0,0,0,0,0,0,0,0,0,0	; ch17
1683+  90BA 0027000000000000000000000000000000000000
1684+  90CE             		db	0,026h,0,0,0,0,0,0,0,0,0,0,0,0,0,0,0,0,0,0	; ch18
1684+  90CE 0026000000000000000000000000000000000000
1685+  90E2             		db	0,025h,0,0,0,0,0,0,0,0,0,0,0,0,0,0,0,0,0,0	; ch19
1685+  90E2 0025000000000000000000000000000000000000
1686+  90F6             		db	0,024h,0,0,0,0,0,0,0,0,0,0,0,0,0,0,0,0,0,0	; ch20
1686+  90F6 0024000000000000000000000000000000000000
1687+  910A             		db	0,023h,0,0,0,0,0,0,0,0,0,0,0,0,0,0,0,0,0,0	; ch21
1687+  910A 0023000000000000000000000000000000000000
1688+  911E             		db	0,022h,0,0,0,0,0,0,0,0,0,0,0,0,0,0,0,0,0,0	; ch22
1688+  911E 0022000000000000000000000000000000000000
1689+  9132             		db	0,021h,0,0,0,0,0,0,0,0,0,0,0,0,0,0,0,0,0,0	; ch23
1689+  9132 0021000000000000000000000000000000000000
1690+  9146             		db	0,020h,0,0,0,0,0,0,0,0,0,0,0,0,0,0,0,0,0,0	; ch24
1690+  9146 0020000000000000000000000000000000000000
1691+  915A             
1692+  915A             		.include	"freq_table_0.inc"
0001++ 915A             ;-------------------------------------------------------------------
0002++ 915A             ; îïèñàíèå:  Òàáëèöà äåëèòåëåé
0003++ 915A             ;---------------------------------------------------------------------
0004++ 915A             MBPlayer_tabdiv12: 
0005++ 915A             		db	-5*16,0,-5*16,2*1,-5*16,2*2,-5*16,2*3,-5*16,2*4,-5*16,2*5
0005++ 915A B000B002B004B006B008B00A
0006++ 9166             		db	-5*16,2*6,-5*16,2*7,-5*16,2*8,-5*16,2*9,-5*16,2*10,-5*16,2*11
0006++ 9166 B00CB00EB010B012B014B016
0007++ 9172             		db	-4*16,0,-4*16,2*1,-4*16,2*2,-4*16,2*3,-4*16,2*4,-4*16,2*5
0007++ 9172 C000C002C004C006C008C00A
0008++ 917E             		db	-4*16,2*6,-4*16,2*7,-4*16,2*8,-4*16,2*9,-4*16,2*10,-4*16,2*11
0008++ 917E C00CC00EC010C012C014C016
0009++ 918A             		db	-3*16,0,-3*16,2*1,-3*16,2*2,-3*16,2*3,-3*16,2*4,-3*16,2*5
0009++ 918A D000D002D004D006D008D00A
0010++ 9196             		db	-3*16,2*6,-3*16,2*7,-3*16,2*8,-3*16,2*9,-3*16,2*10,-3*16,2*11
0010++ 9196 D00CD00ED010D012D014D016
0011++ 91A2             		db	-2*16,0,-2*16,2*1,-2*16,2*2,-2*16,2*3,-2*16,2*4,-2*16,2*5
0011++ 91A2 E000E002E004E006E008E00A
0012++ 91AE             		db	-2*16,2*6,-2*16,2*7,-2*16,2*8,-2*16,2*9,-2*16,2*10,-2*16,2*11
0012++ 91AE E00CE00EE010E012E014E016
0013++ 91BA             		db	-1*16,0,-1*16,2*1,-1*16,2*2,-1*16,2*3,-1*16,2*4,-1*16,2*5
0013++ 91BA F000F002F004F006F008F00A
0014++ 91C6             		db	-1*16,2*6,-1*16,2*7,-1*16,2*8,-1*16,2*9,-1*16,2*10,-1*16,2*11
0014++ 91C6 F00CF00EF010F012F014F016
0015++ 91D2             		db	0*16,0,0*16,2*1,0*16,2*2,0*16,2*3,0*16,2*4,0*16,2*5
0015++ 91D2 00000002000400060008000A
0016++ 91DE             		db	0*16,2*6,0*16,2*7,0*16,2*8,0*16,2*9,0*16,2*10,0*16,2*11
0016++ 91DE 000C000E0010001200140016
0017++ 91EA             		db	1*16,0,1*16,2*1,1*16,2*2,1*16,2*3,1*16,2*4,1*16,2*5
0017++ 91EA 10001002100410061008100A
0018++ 91F6             		db	1*16,2*6,1*16,2*7,1*16,2*8,1*16,2*9,1*16,2*10,1*16,2*11
0018++ 91F6 100C100E1010101210141016
0019++ 9202             		db	2*16,0,2*16,2*1,2*16,2*2,2*16,2*3,2*16,2*4,2*16,2*5
0019++ 9202 20002002200420062008200A
0020++ 920E             		db	2*16,2*6,2*16,2*7,2*16,2*8,2*16,2*9,2*16,2*10,2*16,2*11
0020++ 920E 200C200E2010201220142016
0021++ 921A             		db	3*16,0,3*16,2*1,3*16,2*2,3*16,2*3,3*16,2*4,3*16,2*5
0021++ 921A 30003002300430063008300A
0022++ 9226             		db	3*16,2*6,3*16,2*7,3*16,2*8,3*16,2*9,3*16,2*10,3*16,2*11
0022++ 9226 300C300E3010301230143016
0023++ 9232             		db	4*16,0,4*16,2*1,4*16,2*2,4*16,2*3,4*16,2*4,4*16,2*5
0023++ 9232 40004002400440064008400A
0024++ 923E             		db	4*16,2*6,4*16,2*7,4*16,2*8,4*16,2*9,4*16,2*10,4*16,2*11
0024++ 923E 400C400E4010401240144016
0025++ 924A             		db	5*16,0,5*16,2*1,5*16,2*2,5*16,2*3,5*16,2*4,5*16,2*5
0025++ 924A 50005002500450065008500A
0026++ 9256             		db	5*16,2*6,5*16,2*7,5*16,2*8,5*16,2*9,5*16,2*10,5*16,2*11
0026++ 9256 500C500E5010501250145016
0027++ 9262             		db	6*16,0,6*16,2*1,6*16,2*2,6*16,2*3,6*16,2*4,6*16,2*5
0027++ 9262 60006002600460066008600A
0028++ 926E             		db	6*16,2*6,6*16,2*7,6*16,2*8,6*16,2*9,6*16,2*10,6*16,2*11
0028++ 926E 600C600E6010601260146016
0029++ 927A             		db	7*16,0,7*16,2*1,7*16,2*2,7*16,2*3,7*16,2*4,7*16,2*5
0029++ 927A 70007002700470067008700A
0030++ 9286             		db	7*16,2*6,7*16,2*7,7*16,2*8,7*16,2*9,7*16,2*10,7*16,2*11
0030++ 9286 700C700E7010701270147016
0031++ 9292             		db	8*16,0,8*16,2*1,8*16,2*2,8*16,2*3,8*16,2*4,8*16,2*5
0031++ 9292 80008002800480068008800A
0032++ 929E             		db	8*16,2*6,8*16,2*7,8*16,2*8,8*16,2*9,8*16,2*10,8*16,2*11
0032++ 929E 800C800E8010801280148016
0033++ 92AA             		db	9*16,0,9*16,2*1,9*16,2*2,9*16,2*3,9*16,2*4,9*16,2*5
0033++ 92AA 90009002900490069008900A
0034++ 92B6             		db	9*16,2*6,9*16,2*7,9*16,2*8,9*16,2*9,9*16,2*10,9*16,2*11
0034++ 92B6 900C900E9010901290149016
0035++ 92C2             		db	10*16,0,10*16,2*1,10*16,2*2,10*16,2*3,10*16,2*4,10*16,2*5
0035++ 92C2 A000A002A004A006A008A00A
0036++ 92CE             		db	10*16,2*6,10*16,2*7,10*16,2*8,10*16,2*9,10*16,2*10,10*16,2*11
0036++ 92CE A00CA00EA010A012A014A016
0037++ 92DA             
0038++ 92DA             
1693+  92DA             		.include	"freq_table_1.inc"
0001++ 92DA             ;-------------------------------------------------------------------
0002++ 92DA             ; îïèñàíèå:  Òàáëèöà ÷àñòîò äëÿ 44.1 kHz
0003++ 92DA             ;---------------------------------------------------------------------
0004++ 92DA             MBPlayer_frqtab_441khz: 	
0005++ 92DA 00 C0       		dw	(-4 * 2048 + 0) * 2
0006++ 92DC 7A C0       		dw	(-4 * 2048 + 61) * 2
0007++ 92DE FA C0       		dw	(-4 * 2048 + 125) * 2
0008++ 92E0 84 C1       		dw	(-4 * 2048 + 194) * 2
0009++ 92E2 14 C2       		dw	(-4 * 2048 + 266) * 2
0010++ 92E4 AE C2       		dw	(-4 * 2048 + 343) * 2
0011++ 92E6 50 C3       		dw	(-4 * 2048 + 424) * 2
0012++ 92E8 FC C3       		dw	(-4 * 2048 + 510) * 2
0013++ 92EA B2 C4       		dw	(-4 * 2048 + 601) * 2
0014++ 92EC 74 C5       		dw	(-4 * 2048 + 698) * 2
0015++ 92EE 42 C6       		dw	(-4 * 2048 + 801) * 2
0016++ 92F0 1A C7       		dw	(-4 * 2048 + 909) * 2
0017++ 92F2 00 D0       		dw	(-3 * 2048 + 0) * 2
0018++ 92F4 7A D0       		dw	(-3 * 2048 + 61) * 2
0019++ 92F6 FA D0       		dw	(-3 * 2048 + 125) * 2
0020++ 92F8 84 D1       		dw	(-3 * 2048 + 194) * 2
0021++ 92FA 14 D2       		dw	(-3 * 2048 + 266) * 2
0022++ 92FC AE D2       		dw	(-3 * 2048 + 343) * 2
0023++ 92FE 50 D3       		dw	(-3 * 2048 + 424) * 2
0024++ 9300 FC D3       		dw	(-3 * 2048 + 510) * 2
0025++ 9302 B2 D4       		dw	(-3 * 2048 + 601) * 2
0026++ 9304 74 D5       		dw	(-3 * 2048 + 698) * 2
0027++ 9306 42 D6       		dw	(-3 * 2048 + 801) * 2
0028++ 9308 1A D7       		dw	(-3 * 2048 + 909) * 2
0029++ 930A 00 E0       		dw	(-2 * 2048 + 0) * 2
0030++ 930C 7A E0       		dw	(-2 * 2048 + 61) * 2
0031++ 930E FA E0       		dw	(-2 * 2048 + 125) * 2
0032++ 9310 84 E1       		dw	(-2 * 2048 + 194) * 2
0033++ 9312 14 E2       		dw	(-2 * 2048 + 266) * 2
0034++ 9314 AE E2       		dw	(-2 * 2048 + 343) * 2
0035++ 9316 50 E3       		dw	(-2 * 2048 + 424) * 2
0036++ 9318 FC E3       		dw	(-2 * 2048 + 510) * 2
0037++ 931A B2 E4       		dw	(-2 * 2048 + 601) * 2
0038++ 931C 74 E5       		dw	(-2 * 2048 + 698) * 2
0039++ 931E 42 E6       		dw	(-2 * 2048 + 801) * 2
0040++ 9320 1A E7       		dw	(-2 * 2048 + 909) * 2
0041++ 9322 00 F0       		dw	(-1 * 2048 + 0) * 2
0042++ 9324 7A F0       		dw	(-1 * 2048 + 61) * 2
0043++ 9326 FA F0       		dw	(-1 * 2048 + 125) * 2
0044++ 9328 84 F1       		dw	(-1 * 2048 + 194) * 2
0045++ 932A 14 F2       		dw	(-1 * 2048 + 266) * 2
0046++ 932C AE F2       		dw	(-1 * 2048 + 343) * 2
0047++ 932E 50 F3       		dw	(-1 * 2048 + 424) * 2
0048++ 9330 FC F3       		dw	(-1 * 2048 + 510) * 2
0049++ 9332 B2 F4       		dw	(-1 * 2048 + 601) * 2
0050++ 9334 74 F5       		dw	(-1 * 2048 + 698) * 2
0051++ 9336 42 F6       		dw	(-1 * 2048 + 801) * 2
0052++ 9338 1A F7       		dw	(-1 * 2048 + 909) * 2
0053++ 933A 00 00       		dw	(-0 * 2048 + 0) * 2
0054++ 933C 7A 00       		dw	(-0 * 2048 + 61) * 2
0055++ 933E FA 00       		dw	(-0 * 2048 + 125) * 2
0056++ 9340 84 01       		dw	(-0 * 2048 + 194) * 2
0057++ 9342 14 02       		dw	(-0 * 2048 + 266) * 2
0058++ 9344 AE 02       		dw	(-0 * 2048 + 343) * 2
0059++ 9346 50 03       		dw	(-0 * 2048 + 424) * 2
0060++ 9348 FC 03       		dw	(-0 * 2048 + 510) * 2
0061++ 934A B2 04       		dw	(-0 * 2048 + 601) * 2
0062++ 934C 74 05       		dw	(-0 * 2048 + 698) * 2
0063++ 934E 42 06       		dw	(-0 * 2048 + 801) * 2
0064++ 9350 1A 07       		dw	(-0 * 2048 + 909) * 2
0065++ 9352 00 10       		dw	(+1 * 2048 + 0) * 2
0066++ 9354 7A 10       		dw	(+1 * 2048 + 61) * 2
0067++ 9356 FA 10       		dw	(+1 * 2048 + 125) * 2
0068++ 9358 84 11       		dw	(+1 * 2048 + 194) * 2
0069++ 935A 14 12       		dw	(+1 * 2048 + 266) * 2
0070++ 935C AE 12       		dw	(+1 * 2048 + 343) * 2
0071++ 935E 50 13       		dw	(+1 * 2048 + 424) * 2
0072++ 9360 FC 13       		dw	(+1 * 2048 + 510) * 2
0073++ 9362 B2 14       		dw	(+1 * 2048 + 601) * 2
0074++ 9364 74 15       		dw	(+1 * 2048 + 698) * 2
0075++ 9366 42 16       		dw	(+1 * 2048 + 801) * 2
0076++ 9368 1A 17       		dw	(+1 * 2048 + 909) * 2
0077++ 936A 00 20       		dw	(+2 * 2048 + 0) * 2
0078++ 936C 7A 20       		dw	(+2 * 2048 + 61) * 2
0079++ 936E FA 20       		dw	(+2 * 2048 + 125) * 2
0080++ 9370 84 21       		dw	(+2 * 2048 + 194) * 2
0081++ 9372 14 22       		dw	(+2 * 2048 + 266) * 2
0082++ 9374 AE 22       		dw	(+2 * 2048 + 343) * 2
0083++ 9376 50 23       		dw	(+2 * 2048 + 424) * 2
0084++ 9378 FC 23       		dw	(+2 * 2048 + 510) * 2
0085++ 937A B2 24       		dw	(+2 * 2048 + 601) * 2
0086++ 937C 74 25       		dw	(+2 * 2048 + 698) * 2
0087++ 937E 42 26       		dw	(+2 * 2048 + 801) * 2
0088++ 9380 1A 27       		dw	(+2 * 2048 + 909) * 2
0089++ 9382 00 30       		dw	(+3 * 2048 + 0) * 2
0090++ 9384 7A 30       		dw	(+3 * 2048 + 61) * 2
0091++ 9386 FA 30       		dw	(+3 * 2048 + 125) * 2
0092++ 9388 84 31       		dw	(+3 * 2048 + 194) * 2
0093++ 938A 14 32       		dw	(+3 * 2048 + 266) * 2
0094++ 938C AE 32       		dw	(+3 * 2048 + 343) * 2
0095++ 938E 50 33       		dw	(+3 * 2048 + 424) * 2
0096++ 9390 FC 33       		dw	(+3 * 2048 + 510) * 2
0097++ 9392 B2 34       		dw	(+3 * 2048 + 601) * 2
0098++ 9394 74 35       		dw	(+3 * 2048 + 698) * 2
0099++ 9396 42 36       		dw	(+3 * 2048 + 801) * 2
0100++ 9398 1A 37       		dw	(+3 * 2048 + 909) * 2
0101++ 939A             
1694+  939A             		.include	"freq_table_2.inc"
0001++ 939A             ;-------------------------------------------------------------------
0002++ 939A             ; îïèñàíèå:  Òàáëèöà ÷àñòîò äëÿ Amiga
0003++ 939A             ;---------------------------------------------------------------------
0004++ 939A             MBPlayer_frqtab_amiga: 	
0005++ 939A 22 B4       		dw	(-5 * 2048 + 529) * 2
0006++ 939C DA B4       		dw	(-5 * 2048 + 621) * 2
0007++ 939E A2 B5       		dw	(-5 * 2048 + 721) * 2
0008++ 93A0 6E B6       		dw	(-5 * 2048 + 823) * 2
0009++ 93A2 52 B7       		dw	(-5 * 2048 + 937) * 2
0010++ 93A4 1C C0       		dw	(-4 * 2048 + 14) * 2
0011++ 93A6 98 C0       		dw	(-4 * 2048 + 76) * 2
0012++ 93A8 1C C1       		dw	(-4 * 2048 + 142) * 2
0013++ 93AA A6 C1       		dw	(-4 * 2048 + 211) * 2
0014++ 93AC 38 C2       		dw	(-4 * 2048 + 284) * 2
0015++ 93AE D2 C2       		dw	(-4 * 2048 + 361) * 2
0016++ 93B0 7E C3       		dw	(-4 * 2048 + 447) * 2
0017++ 93B2             
0018++ 93B2 22 C4       		dw	(-4 * 2048 + 529) * 2
0019++ 93B4 DA C4       		dw	(-4 * 2048 + 621) * 2
0020++ 93B6 A2 C5       		dw	(-4 * 2048 + 721) * 2
0021++ 93B8 6E C6       		dw	(-4 * 2048 + 823) * 2
0022++ 93BA 52 C7       		dw	(-4 * 2048 + 937) * 2
0023++ 93BC 1C D0       		dw	(-3 * 2048 + 14) * 2
0024++ 93BE 98 D0       		dw	(-3 * 2048 + 76) * 2
0025++ 93C0 1C D1       		dw	(-3 * 2048 + 142) * 2
0026++ 93C2 A6 D1       		dw	(-3 * 2048 + 211) * 2
0027++ 93C4 38 D2       		dw	(-3 * 2048 + 284) * 2
0028++ 93C6 D2 D2       		dw	(-3 * 2048 + 361) * 2
0029++ 93C8 7E D3       		dw	(-3 * 2048 + 447) * 2
0030++ 93CA             
0031++ 93CA 22 D4       		dw	(-3 * 2048 + 529) * 2
0032++ 93CC DA D4       		dw	(-3 * 2048 + 621) * 2
0033++ 93CE A2 D5       		dw	(-3 * 2048 + 721) * 2
0034++ 93D0 6E D6       		dw	(-3 * 2048 + 823) * 2
0035++ 93D2 52 D7       		dw	(-3 * 2048 + 937) * 2
0036++ 93D4 1C E0       		dw	(-2 * 2048 + 14) * 2
0037++ 93D6 98 E0       		dw	(-2 * 2048 + 76) * 2
0038++ 93D8 1C E1       		dw	(-2 * 2048 + 142) * 2
0039++ 93DA A6 E1       		dw	(-2 * 2048 + 211) * 2
0040++ 93DC 38 E2       		dw	(-2 * 2048 + 284) * 2
0041++ 93DE D2 E2       		dw	(-2 * 2048 + 361) * 2
0042++ 93E0 7E E3       		dw	(-2 * 2048 + 447) * 2
0043++ 93E2             
0044++ 93E2 22 E4       		dw	(-2 * 2048 + 529) * 2
0045++ 93E4 DA E4       		dw	(-2 * 2048 + 621) * 2
0046++ 93E6 A2 E5       		dw	(-2 * 2048 + 721) * 2
0047++ 93E8 6E E6       		dw	(-2 * 2048 + 823) * 2
0048++ 93EA 52 E7       		dw	(-2 * 2048 + 937) * 2
0049++ 93EC 1C F0       		dw	(-1 * 2048 + 14) * 2
0050++ 93EE 98 F0       		dw	(-1 * 2048 + 76) * 2
0051++ 93F0 1C F1       		dw	(-1 * 2048 + 142) * 2
0052++ 93F2 A6 F1       		dw	(-1 * 2048 + 211) * 2
0053++ 93F4 38 F2       		dw	(-1 * 2048 + 284) * 2
0054++ 93F6 D2 F2       		dw	(-1 * 2048 + 361) * 2
0055++ 93F8 7E F3       		dw	(-1 * 2048 + 447) * 2
0056++ 93FA             
0057++ 93FA 22 F4       		dw	(-1 * 2048 + 529) * 2
0058++ 93FC DA F4       		dw	(-1 * 2048 + 621) * 2
0059++ 93FE A2 F5       		dw	(-1 * 2048 + 721) * 2
0060++ 9400 6E F6       		dw	(-1 * 2048 + 823) * 2
0061++ 9402 52 F7       		dw	(-1 * 2048 + 937) * 2
0062++ 9404 1C 00       		dw	(-0 * 2048 + 14) * 2
0063++ 9406 98 00       		dw	(-0 * 2048 + 76) * 2
0064++ 9408 1C 01       		dw	(-0 * 2048 + 142) * 2
0065++ 940A A6 01       		dw	(-0 * 2048 + 211) * 2
0066++ 940C 38 02       		dw	(-0 * 2048 + 284) * 2
0067++ 940E D2 02       		dw	(-0 * 2048 + 361) * 2
0068++ 9410 7E 03       		dw	(-0 * 2048 + 447) * 2
0069++ 9412             
0070++ 9412 22 04       		dw	(-0 * 2048 + 529) * 2
0071++ 9414 DA 04       		dw	(-0 * 2048 + 621) * 2
0072++ 9416 A2 05       		dw	(-0 * 2048 + 721) * 2
0073++ 9418 6E 06       		dw	(-0 * 2048 + 823) * 2
0074++ 941A 52 07       		dw	(-0 * 2048 + 937) * 2
0075++ 941C 1C 10       		dw	(+1 * 2048 + 14) * 2
0076++ 941E 98 10       		dw	(+1 * 2048 + 76) * 2
0077++ 9420 1C 11       		dw	(+1 * 2048 + 142) * 2
0078++ 9422 A6 11       		dw	(+1 * 2048 + 211) * 2
0079++ 9424 38 12       		dw	(+1 * 2048 + 284) * 2
0080++ 9426 D2 12       		dw	(+1 * 2048 + 361) * 2
0081++ 9428 7E 13       		dw	(+1 * 2048 + 447) * 2
0082++ 942A             
0083++ 942A 22 14       		dw	(+1 * 2048 + 529) * 2
0084++ 942C DA 14       		dw	(+1 * 2048 + 621) * 2
0085++ 942E A2 15       		dw	(+1 * 2048 + 721) * 2
0086++ 9430 6E 16       		dw	(+1 * 2048 + 823) * 2
0087++ 9432 52 17       		dw	(+1 * 2048 + 937) * 2
0088++ 9434 1C 20       		dw	(+2 * 2048 + 14) * 2
0089++ 9436 98 20       		dw	(+2 * 2048 + 76) * 2
0090++ 9438 1C 21       		dw	(+2 * 2048 + 142) * 2
0091++ 943A A6 21       		dw	(+2 * 2048 + 211) * 2
0092++ 943C 38 22       		dw	(+2 * 2048 + 284) * 2
0093++ 943E D2 22       		dw	(+2 * 2048 + 361) * 2
0094++ 9440 7E 23       		dw	(+2 * 2048 + 447) * 2
0095++ 9442             
0096++ 9442 22 24       		dw	(+2 * 2048 + 529) * 2
0097++ 9444 DA 24       		dw	(+2 * 2048 + 621) * 2
0098++ 9446 A2 25       		dw	(+2 * 2048 + 721) * 2
0099++ 9448 6E 26       		dw	(+2 * 2048 + 823) * 2
0100++ 944A 52 27       		dw	(+2 * 2048 + 937) * 2
0101++ 944C 1C 30       		dw	(+3 * 2048 + 14) * 2
0102++ 944E 98 30       		dw	(+3 * 2048 + 76) * 2
0103++ 9450 1C 31       		dw	(+3 * 2048 + 142) * 2
0104++ 9452 A6 31       		dw	(+3 * 2048 + 211) * 2
0105++ 9454 38 32       		dw	(+3 * 2048 + 284) * 2
0106++ 9456 D2 32       		dw	(+3 * 2048 + 361) * 2
0107++ 9458 7E 33       		dw	(+3 * 2048 + 447) * 2
0108++ 945A             
1695+  945A             		.include	"freq_table_3.inc"
0001++ 945A             ;-------------------------------------------------------------------
0002++ 945A             ; îïèñàíèå:  Òàáëèöà ÷àñòîò äëÿ Turbo-R
0003++ 945A             ;---------------------------------------------------------------------
0004++ 945A             MBPlayer_frqtab_turbo: 
0005++ 945A 6E B3       		dw	(-5 * 2048 + 439) * 2
0006++ 945C 1C B4       		dw	(-5 * 2048 + 526) * 2
0007++ 945E D4 B4       		dw	(-5 * 2048 + 618) * 2
0008++ 9460 98 B5       		dw	(-5 * 2048 + 716) * 2
0009++ 9462 66 B6       		dw	(-5 * 2048 + 819) * 2
0010++ 9464 42 B7       		dw	(-5 * 2048 + 929) * 2
0011++ 9466 14 C0       		dw	(-4 * 2048 + 10) * 2
0012++ 9468 90 C0       		dw	(-4 * 2048 + 72) * 2
0013++ 946A 12 C1       		dw	(-4 * 2048 + 137) * 2
0014++ 946C 9C C1       		dw	(-4 * 2048 + 206) * 2
0015++ 946E 2E C2       		dw	(-4 * 2048 + 279) * 2
0016++ 9470 CA C2       		dw	(-4 * 2048 + 357) * 2
0017++ 9472             
0018++ 9472 6E C3       		dw	(-4 * 2048 + 439) * 2
0019++ 9474 1C C4       		dw	(-4 * 2048 + 526) * 2
0020++ 9476 D4 C4       		dw	(-4 * 2048 + 618) * 2
0021++ 9478 98 C5       		dw	(-4 * 2048 + 716) * 2
0022++ 947A 66 C6       		dw	(-4 * 2048 + 819) * 2
0023++ 947C 42 C7       		dw	(-4 * 2048 + 929) * 2
0024++ 947E 14 D0       		dw	(-3 * 2048 + 10) * 2
0025++ 9480 90 D0       		dw	(-3 * 2048 + 72) * 2
0026++ 9482 12 D1       		dw	(-3 * 2048 + 137) * 2
0027++ 9484 9C D1       		dw	(-3 * 2048 + 206) * 2
0028++ 9486 2E D2       		dw	(-3 * 2048 + 279) * 2
0029++ 9488 CA D2       		dw	(-3 * 2048 + 357) * 2
0030++ 948A             
0031++ 948A 6E D3       		dw	(-3 * 2048 + 439) * 2
0032++ 948C 1C D4       		dw	(-3 * 2048 + 526) * 2
0033++ 948E D4 D4       		dw	(-3 * 2048 + 618) * 2
0034++ 9490 98 D5       		dw	(-3 * 2048 + 716) * 2
0035++ 9492 66 D6       		dw	(-3 * 2048 + 819) * 2
0036++ 9494 42 D7       		dw	(-3 * 2048 + 929) * 2
0037++ 9496 14 E0       		dw	(-2 * 2048 + 10) * 2
0038++ 9498 90 E0       		dw	(-2 * 2048 + 72) * 2
0039++ 949A 12 E1       		dw	(-2 * 2048 + 137) * 2
0040++ 949C 9C E1       		dw	(-2 * 2048 + 206) * 2
0041++ 949E 2E E2       		dw	(-2 * 2048 + 279) * 2
0042++ 94A0 CA E2       		dw	(-2 * 2048 + 357) * 2
0043++ 94A2             
0044++ 94A2 6E E3       		dw	(-2 * 2048 + 439) * 2
0045++ 94A4 1C E4       		dw	(-2 * 2048 + 526) * 2
0046++ 94A6 D4 E4       		dw	(-2 * 2048 + 618) * 2
0047++ 94A8 98 E5       		dw	(-2 * 2048 + 716) * 2
0048++ 94AA 66 E6       		dw	(-2 * 2048 + 819) * 2
0049++ 94AC 42 E7       		dw	(-2 * 2048 + 929) * 2
0050++ 94AE 14 F0       		dw	(-1 * 2048 + 10) * 2
0051++ 94B0 90 F0       		dw	(-1 * 2048 + 72) * 2
0052++ 94B2 12 F1       		dw	(-1 * 2048 + 137) * 2
0053++ 94B4 9C F1       		dw	(-1 * 2048 + 206) * 2
0054++ 94B6 2E F2       		dw	(-1 * 2048 + 279) * 2
0055++ 94B8 CA F2       		dw	(-1 * 2048 + 357) * 2
0056++ 94BA             
0057++ 94BA 6E F3       		dw	(-1 * 2048 + 439) * 2
0058++ 94BC 1C F4       		dw	(-1 * 2048 + 526) * 2
0059++ 94BE D4 F4       		dw	(-1 * 2048 + 618) * 2
0060++ 94C0 98 F5       		dw	(-1 * 2048 + 716) * 2
0061++ 94C2 66 F6       		dw	(-1 * 2048 + 819) * 2
0062++ 94C4 42 F7       		dw	(-1 * 2048 + 929) * 2
0063++ 94C6 14 00       		dw	(-0 * 2048 + 10) * 2
0064++ 94C8 90 00       		dw	(-0 * 2048 + 72) * 2
0065++ 94CA 12 01       		dw	(-0 * 2048 + 137) * 2
0066++ 94CC 9C 01       		dw	(-0 * 2048 + 206) * 2
0067++ 94CE 2E 02       		dw	(-0 * 2048 + 279) * 2
0068++ 94D0 CA 02       		dw	(-0 * 2048 + 357) * 2
0069++ 94D2             
0070++ 94D2 6E 03       		dw	(-0 * 2048 + 439) * 2
0071++ 94D4 1C 04       		dw	(-0 * 2048 + 526) * 2
0072++ 94D6 D4 04       		dw	(-0 * 2048 + 618) * 2
0073++ 94D8 98 05       		dw	(-0 * 2048 + 716) * 2
0074++ 94DA 66 06       		dw	(-0 * 2048 + 819) * 2
0075++ 94DC 42 07       		dw	(-0 * 2048 + 929) * 2
0076++ 94DE 14 10       		dw	(+1 * 2048 + 10) * 2
0077++ 94E0 90 10       		dw	(+1 * 2048 + 72) * 2
0078++ 94E2 12 11       		dw	(+1 * 2048 + 137) * 2
0079++ 94E4 9C 11       		dw	(+1 * 2048 + 206) * 2
0080++ 94E6 2E 12       		dw	(+1 * 2048 + 279) * 2
0081++ 94E8 CA 12       		dw	(+1 * 2048 + 357) * 2
0082++ 94EA             
0083++ 94EA 6E 13       		dw	(+1 * 2048 + 439) * 2
0084++ 94EC 1C 14       		dw	(+1 * 2048 + 526) * 2
0085++ 94EE D4 14       		dw	(+1 * 2048 + 618) * 2
0086++ 94F0 98 15       		dw	(+1 * 2048 + 716) * 2
0087++ 94F2 66 16       		dw	(+1 * 2048 + 819) * 2
0088++ 94F4 42 17       		dw	(+1 * 2048 + 929) * 2
0089++ 94F6 14 20       		dw	(+2 * 2048 + 10) * 2
0090++ 94F8 90 20       		dw	(+2 * 2048 + 72) * 2
0091++ 94FA 12 21       		dw	(+2 * 2048 + 137) * 2
0092++ 94FC 9C 21       		dw	(+2 * 2048 + 206) * 2
0093++ 94FE 2E 22       		dw	(+2 * 2048 + 279) * 2
0094++ 9500 CA 22       		dw	(+2 * 2048 + 357) * 2
0095++ 9502             
0096++ 9502 6E 23       		dw	236Eh
0097++ 9504 1C 24       		dw  	241Ch ;  
0098++ 9506 D4 24       		dw 	24D4h
0099++ 9508 98 25       		dw  	2598h
0100++ 950A 66 26       		dw  	2666h
0101++ 950C 42 27       		dw  	2742h
0102++ 950E 14 30       		dw  	3014h ;  
0103++ 9510 90 30       		dw  	3090h
0104++ 9512 12 31       		dw  	3112h
0105++ 9514 9C 31       		dw  	319Ch
0106++ 9516 2E 32       		dw  	322Eh ; .
0107++ 9518 CA 32       		dw 	32CAh
0108++ 951A             
0109++ 951A             
1696+  951A             
1697+  951A             MBPlayer_waves: 
1698+  951A 00          		ds    1200
1699+  99CA             MBPlayer_tones_data: 	
1700+  99CA 00          		ds    64 
1701+  9A0A             
1702+  9A0A             MBPlayer_volume_buffer_1: 	
1703+  9A0A 00          		ds    24
1704+  9A22             MBPlayer_volume_buffer_2: 	
1705+  9A22 00          		ds    24
1706+  9A3A             
1707+  9A3A             		.include "patch_table.inc"
0001++ 9A3A             ;-------------------------------------------------------------------
0002++ 9A3A             ; îïèñàíèå:  Patch table
0003++ 9A3A             ;---------------------------------------------------------------------
0004++ 9A3A             MBPlayer_patch_table: 	
0005++ 9A3A 9A 9B       		dw	patch_0
0006++ 9A3C D1 9B       		dw	patch_1
0007++ 9A3E 06 9C 3F 9C 		dw	patch_2A, patch_2B
0008++ 9A42 9A 9B       		dw	patch_0
0009++ 9A44 49 9C       		dw	patch_3B
0010++ 9A46 7E 9C       		dw	patch_4
0011++ 9A48 8A 9C C1 9C 		dw	patch_5A, patch_5B
0012++ 9A4C F6 9C       		dw	patch_6
0013++ 9A4E 12 9D       		dw	patch_7
0014++ 9A50 23 9D       		dw	patch_8
0015++ 9A52 2F 9D       		dw	patch_9
0016++ 9A54 37 9D 43 9D 		dw	patch_10A, patch_10B
0017++ 9A58 4F 9D       		dw	patch_11
0018++ 9A5A 57 9D       		dw	patch_12
0019++ 9A5C 66 9D       		dw	patch_13
0020++ 9A5E 6E 9D       		dw	patch_14
0021++ 9A60 7A 9D 84 9D 		dw	patch_15A, patch_15B
0022++ 9A64 8E 9D       		dw	patch_16
0023++ 9A66 98 9D       		dw	patch_17
0024++ 9A68 A7 9D       		dw	patch_18
0025++ 9A6A C5 9D       		dw	patch_19
0026++ 9A6C E3 9D       		dw	patch_20
0027++ 9A6E F4 9D 05 9E 		dw	patch_21A, patch_21B
0028++ 9A72 0F 9E       		dw	patch_22
0029++ 9A74 1B 9E 2A 9E 		dw	patch_23A, patch_23B
0030++ 9A78 38 9E       		dw	patch_24
0031++ 9A7A 58 9E       		dw	patch_25
0032++ 9A7C 77 9E       		dw	patch_26
0033++ 9A7E 89 9E       		dw	patch_27
0034++ 9A80 B6 9E       		dw	patch_28
0035++ 9A82 BE 9E       		dw	patch_29
0036++ 9A84 CB 9E       		dw	patch_30
0037++ 9A86 FD 9E       		dw	patch_31
0038++ 9A88 0F 9F       		dw	patch_32
0039++ 9A8A 1E 9F       		dw	patch_33
0040++ 9A8C 35 9F       		dw	patch_34
0041++ 9A8E 51 9F       		dw	patch_35
0042++ 9A90 61 9F       		dw	patch_36
0043++ 9A92 6B 9F       		dw	patch_37
0044++ 9A94 77 9F       		dw	patch_38
0045++ 9A96 81 9F       		dw	patch_39
0046++ 9A98 89 9F       		dw	patch_40
0047++ 9A9A C0 9F       		dw	patch_41
0048++ 9A9C 03 A0       		dw	patch_42
0049++ 9A9E 23 A0       		dw	patch_43
0050++ 9AA0 34 A0       		dw	patch_44
0051++ 9AA2 54 A0       		dw	patch_45
0052++ 9AA4 70 A0       		dw	patch_46
0053++ 9AA6 81 A0       		dw	patch_47
0054++ 9AA8 89 A0       		dw	patch_48
0055++ 9AAA A5 A0       		dw	patch_49
0056++ 9AAC C3 A0 D3 A0 		dw	patch_50A, patch_50B
0057++ 9AB0 E1 A0 F1 A0 		dw	patch_51A, patch_51B
0058++ 9AB4 F9 A0       		dw	patch_52
0059++ 9AB6 12 A1       		dw	patch_53
0060++ 9AB8 22 A1       		dw	patch_54
0061++ 9ABA 32 A1       		dw	patch_55
0062++ 9ABC 3C A1       		dw	patch_56
0063++ 9ABE 5F A1       		dw	patch_57
0064++ 9AC0 73 A1       		dw	patch_58
0065++ 9AC2 80 A1       		dw	patch_59
0066++ 9AC4 91 A1       		dw	patch_60
0067++ 9AC6 A0 A1       		dw	patch_61
0068++ 9AC8 AD A1 EE A1 		dw	patch_62A, patch_62B
0069++ 9ACC 33 A2 74 A2 		dw	patch_63A, patch_63B
0070++ 9AD0 7E A2       		dw	patch_64
0071++ 9AD2 9F A2       		dw	patch_65
0072++ 9AD4 E7 A2       		dw	patch_66
0073++ 9AD6 0D A3       		dw	patch_67
0074++ 9AD8 24 A3       		dw	patch_68
0075++ 9ADA 47 A3       		dw	patch_69
0076++ 9ADC 5B A3       		dw	patch_70
0077++ 9ADE 6D A3       		dw	patch_71
0078++ 9AE0 86 A3       		dw	patch_72
0079++ 9AE2 A6 A3       		dw	patch_73
0080++ 9AE4 B8 A3       		dw	patch_74
0081++ 9AE6 C4 A3       		dw	patch_75
0082++ 9AE8 D0 A3 DC A3 		dw	patch_76A,patch_76B
0083++ 9AEC E6 A3 EE A3 		dw	patch_77A,patch_77B
0084++ 9AF0 FA A3       		dw	patch_78
0085++ 9AF2 12 A4 37 A4 		dw	patch_80A, patch_80B
0086++ 9AF6 5C A4 A3 A4 		dw	patch_81A, patch_81B
0087++ 9AFA E2 A4 EE A4 		dw	patch_82A, patch_82B
0088++ 9AFE FC A4 08 A5 		dw	patch_83A, patch_83B
0089++ 9B02 10 A5 1F A5 		dw	patch_84A, patch_84B
0090++ 9B06 66 A5 70 A5 		dw	patch_85A, patch_85B
0091++ 9B0A 7E A5 C1 A5 		dw	patch_86A, patch_86B
0092++ 9B0E D1 A5 1F A5 		dw	patch_87A, patch_84B
0093++ 9B12 D9 A5 E3 A5 		dw	patch_88A, patch_88B
0094++ 9B16 F5 A5 01 A6 		dw	patch_89A, patch_89B
0095++ 9B1A 09 A6 52 A6 		dw	patch_90A, patch_90B
0096++ 9B1E 5E A6 79 A6 		dw	patch_91A, patch_91B
0097++ 9B22 87 A6 95 A6 		dw	patch_92A, patch_92B
0098++ 9B26 A3 A6 C0 A6 		dw	patch_93A, patch_93B
0099++ 9B2A CC A6 D4 A6 		dw	patch_94A, patch_94B
0100++ 9B2E DC A6 21 A7 		dw	patch_95A, patch_95B
0101++ 9B32 06 A4       		dw	patch_79
0102++ 9B34 66 A7       		dw	patch_96
0103++ 9B36 6E A7 7A A7 		dw	patch_97A, patch_97B
0104++ 9B3A 8C A7 96 A7 		dw	patch_98A, patch_98B
0105++ 9B3E AE A7 C0 A7 		dw	patch_99A, patch_99B
0106++ 9B42 E2 A7 EA A7 		dw	patch_100A, patch_100B
0107++ 9B46 F6 A7 06 A8 		dw	patch_102A, patch_102B
0108++ 9B4A 16 A8 35 A8 		dw	patch_103A, patch_103B
0109++ 9B4E 3D A8       		dw	patch_104
0110++ 9B50 4F A8       		dw	patch_105
0111++ 9B52 70 A8       		dw	patch_106
0112++ 9B54 78 A8       		dw	patch_107
0113++ 9B56 88 A8 97 A8 		dw	patch_109A,patch_109B
0114++ 9B5A 80 A8       		dw	patch_108
0115++ 9B5C A6 A8       		dw	patch_110
0116++ 9B5E DB A8       		dw	patch_111
0117++ 9B60 E7 A8 F3 A8 		dw	patch_112A,patch_112B
0118++ 9B64 FB A8       		dw	patch_113
0119++ 9B66 03 A9 0F A9 		dw	patch_114A,patch_114B
0120++ 9B6A 1F A9       		dw	patch_115
0121++ 9B6C 29 A9       		dw	patch_116
0122++ 9B6E 31 A9       		dw	patch_117
0123++ 9B70 3D A9       		dw	patch_118
0124++ 9B72 45 A9       		dw	patch_119
0125++ 9B74 51 A9       		dw	patch_120
0126++ 9B76 59 A9       		dw	patch_121
0127++ 9B78 61 A9 6D A9 		dw	patch_122A,patch_122B
0128++ 9B7C 7F A9       		dw	patch_124
0129++ 9B7E 8C A9 98 A9 		dw	patch_125A,patch_125B
0130++ 9B82 A6 A9 B2 A9 		dw	patch_126A,patch_126B
0131++ 9B86 BE A9       		dw	patch_127
0132++ 9B88 CF A9       		dw	drum_1
0133++ 9B8A E4 A9       		dw	drum_2
0134++ 9B8C F9 A9       		dw	drum_3
0135++ 9B8E 09 AA       		dw	drum_4
0136++ 9B90 11 AA       		dw	drum_5
0137++ 9B92 19 AA       		dw	drum_6
0138++ 9B94 21 AA       		dw	drum_7
0139++ 9B96 29 AA       		dw	drum_8
0140++ 9B98 7F AA       		dw	drum_midi
0141++ 9B9A                    	
0142++ 9B9A             
0143++ 9B9A             ;--- GM 0 = Ac. Piano ---
0144++ 9B9A             
0145++ 9B9A             patch_0: 	
0146++ 9B9A 01          		db	1	; transpose on
0147++ 9B9B CF 9B       		dw	patch_0hdr
0148++ 9B9D 10 2C 49    		db	16,02ch,1 + 36 * 2	; tone 300
0149++ 9BA0 76 BB       		dw	frq_842
0150++ 9BA2 16 2D 69    		db	22,02dh,1 + 52 * 2	; tone 301
0151++ 9BA5 0E B4       		dw	frq_363
0152++ 9BA7 1C 2E 5D    		db	28,02eh,1 + 46 * 2	; tone 302
0153++ 9BAA 56 BA       		dw	frq_810
0154++ 9BAC 22 2F 69    		db	34,02fh,1 + 52 * 2	; tone 303
0155++ 9BAF 86 B4       		dw	frq_369
0156++ 9BB1 28 30 5D    		db	40,030h,1 + 46 * 2	; tone 304
0157++ 9BB4 AE B9       		dw	frq_726
0158++ 9BB6 2E 31 69    		db	46,031h,1 + 52 * 2	; tone 305
0159++ 9BB9 CE B1       		dw	frq_290
0160++ 9BBB 34 32 75    		db	52,032h,1 + 58 * 2	; tone 306
0161++ 9BBE 2E AC       		dw	frq_21
0162++ 9BC0 3B 33 69    		db	59,033h,1 + 52 * 2	; tone 307
0163++ 9BC3 86 B1       		dw	frq_286
0164++ 9BC5 41 34 5F    		db	65,034h,1 + 47 * 2	; tone 308
0165++ 9BC8 6E BD       		dw	frq_941
0166++ 9BCA FF 35 83    		db	255,035h,1 + 65 * 2	; tone 309
0167++ 9BCD 2E AF       		dw	frq_191
0168++ 9BCF                    	
0169++ 9BCF             patch_0hdr: 
0170++ 9BCF 20 FF       		db	020h,0ffh
0171++ 9BD1             
0172++ 9BD1             
0173++ 9BD1             ;--- GM 1 = Bright Acoustic Piano ---
0174++ 9BD1             
0175++ 9BD1             patch_1: 
0176++ 9BD1 01          		db	1	; transpose on
0177++ 9BD2 CF 9B       		dw	patch_0hdr	
0178++ 9BD4 16 2C 49    		db	22,02ch,1 + 36 * 2	; tone 300
0179++ 9BD7 76 BB       		dw	frq_842
0180++ 9BD9 1C 2D 75    		db	28,02dh,1 + 58 * 2	; tone 301
0181++ 9BDC 0E B4       		dw	frq_363
0182++ 9BDE 22 2E 69    		db	34,02eh,1 + 52 * 2	; tone 302
0183++ 9BE1 3E BA       		dw	frq_809
0184++ 9BE3 28 2F 75    		db	40,02fh,1 + 58 * 2	; tone 303
0185++ 9BE6 86 B4       		dw	frq_369
0186++ 9BE8 2E 30 69    		db	46,030h,1 + 52 * 2	; tone 304
0187++ 9BEB AE B9       		dw	frq_726
0188++ 9BED 34 31 75    		db	52,031h,1 + 58 * 2	; tone 305
0189++ 9BF0 CE B1       		dw	frq_290
0190++ 9BF2 3B 32 81    		db	59,032h,1 + 64 * 2	; tone 306
0191++ 9BF5 2E AC       		dw	frq_21
0192++ 9BF7 41 33 77    		db	65,033h,1 + 59 * 2	; tone 307
0193++ 9BFA 86 B1       		dw	frq_286
0194++ 9BFC 47 34 6B    		db	71,034h,1 + 53 * 2	; tone 308
0195++ 9BFF 6E BD       		dw	frq_941
0196++ 9C01 FF 35 8F    		db	255,035h,1 + 71 * 2	; tone 309
0197++ 9C04 2E AF       		dw	frq_191
0198++ 9C06             
0199++ 9C06             
0200++ 9C06             ;--- GM 2 = Elec. Grand Piano ---
0201++ 9C06             ; A = v104
0202++ 9C06             ; B = v98
0203++ 9C06             
0204++ 9C06             patch_2A: 
0205++ 9C06 01          		db	1	; transpose on
0206++ 9C07 3B 9C       		dw	patch_2Ahdr
0207++ 9C09 16 2C 49    		db	22,02ch,1 + 36 * 2	; tone 300
0208++ 9C0C A6 BB       		dw	frq_844
0209++ 9C0E 1C 2D 75    		db	28,02dh,1 + 58 * 2	; tone 301
0210++ 9C11 26 B4       		dw	frq_364
0211++ 9C13 22 2E 69    		db	34,02eh,1 + 52 * 2	; tone 302
0212++ 9C16 6E BA       		dw	frq_811
0213++ 9C18 28 2F 75    		db	40,02fh,1 + 58 * 2	; tone 303
0214++ 9C1B 9E B4       		dw	frq_370
0215++ 9C1D 2E 30 69    		db	46,030h,1 + 52 * 2	; tone 304
0216++ 9C20 C6 B9       		dw	frq_727
0217++ 9C22 34 31 75    		db	52,031h,1 + 58 * 2	; tone 305
0218++ 9C25 E6 B1       		dw	frq_291
0219++ 9C27 3B 32 81    		db	59,032h,1 + 64 * 2	; tone 306
0220++ 9C2A 46 AC       		dw	frq_22
0221++ 9C2C 41 33 77    		db	65,033h,1 + 59 * 2	; tone 307
0222++ 9C2F 9E B1       		dw	frq_287
0223++ 9C31 47 34 6B    		db	71,034h,1 + 53 * 2	; tone 308
0224++ 9C34 86 BD       		dw	frq_942
0225++ 9C36 FF 35 8F    		db	255,035h,1 + 71 * 2	; tone 309
0226++ 9C39 46 AF       		dw	frq_192
0227++ 9C3B                    	
0228++ 9C3B             patch_2Ahdr: 
0229++ 9C3B 20 C8 07 FF 		db	020h,0c8h,007h,0ffh
0230++ 9C3F             
0231++ 9C3F             patch_2B: 	
0232++ 9C3F 01          		db	1	; transpose on
0233++ 9C40 47 9C       		dw	patch_2Bhdr
0234++ 9C42 FF 6C 48    		db	255,108,36 * 2
0235++ 9C45 26 AE       		dw	frq_113
0236++ 9C47                    	
0237++ 9C47             patch_2Bhdr: 	
0238++ 9C47 28 FF       		db	028h,0ffh
0239++ 9C49             
0240++ 9C49             
0241++ 9C49             ;--- GM 3 = Honky Tonk, met patch#0 ---
0242++ 9C49             ; gelijk volume
0243++ 9C49             
0244++ 9C49             patch_3B: 	
0245++ 9C49 01          		db	1	; transpose on
0246++ 9C4A CF 9B       		dw	patch_0hdr	
0247++ 9C4C 10 2C 49    		db	16,02ch,1 + 36 * 2	; tone 300
0248++ 9C4F D6 BB       		dw	frq_852
0249++ 9C51 16 2D 69    		db	22,02dh,1 + 52 * 2	; tone 301
0250++ 9C54 7E B3       		dw	frq_355
0251++ 9C56 1C 2E 5D    		db	28,02eh,1 + 46 * 2	; tone 302
0252++ 9C59 9E BA       		dw	frq_820
0253++ 9C5B 22 2F 69    		db	34,02fh,1 + 52 * 2	; tone 303
0254++ 9C5E DE B3       		dw	frq_360
0255++ 9C60 28 30 5D    		db	40,030h,1 + 46 * 2	; tone 304
0256++ 9C63 F6 B9       		dw	frq_737
0257++ 9C65 2E 31 69    		db	46,031h,1 + 52 * 2	; tone 305
0258++ 9C68 6E B1       		dw	frq_282
0259++ 9C6A 34 32 75    		db	52,032h,1 + 58 * 2	; tone 306
0260++ 9C6D 8E AC       		dw	frq_27
0261++ 9C6F 3B 33 69    		db	59,033h,1 + 52 * 2	; tone 307
0262++ 9C72 6E B1       		dw	frq_282
0263++ 9C74 41 34 5F    		db	65,034h,1 + 47 * 2	; tone 308
0264++ 9C77 FE BD       		dw	frq_952
0265++ 9C79 FF 35 83    		db	255,035h,1 + 65 * 2	; tone 309
0266++ 9C7C E6 AE       		dw	frq_184
0267++ 9C7E                    	
0268++ 9C7E             ;--- GM 4 = Elec. Piano 1 (+ 2B?) ---
0269++ 9C7E             ; Eigenlijk samen met tone 11, maar slaat nergens op
0270++ 9C7E             
0271++ 9C7E             patch_4: 
0272++ 9C7E 01          		db	1	; transpose on
0273++ 9C7F 86 9C       		dw	patch_4hdr
0274++ 9C81 FF 6C 48    		db	255,108,36 * 2
0275++ 9C84 26 AE       		dw	frq_113
0276++ 9C86                    	
0277++ 9C86             patch_4hdr: 
0278++ 9C86 22 C8 48 FF 		db	022h,0c8h,048h,0ffh
0279++ 9C8A                    	
0280++ 9C8A             
0281++ 9C8A             ;--- GM 5 = Elec. Piano 2 ---
0282++ 9C8A             ; volumes gelijk
0283++ 9C8A             
0284++ 9C8A             patch_5A: 	
0285++ 9C8A 01          		db	1	; transpose on
0286++ 9C8B BF 9C       		dw	patch_5Ahdr
0287++ 9C8D 10 2C 49    		db	16,02ch,1 + 36 * 2	; tone 300
0288++ 9C90 A6 BB       		dw	frq_844
0289++ 9C92 16 2D 69    		db	22,02dh,1 + 52 * 2	; tone 301
0290++ 9C95 26 B4       		dw	frq_364
0291++ 9C97 1C 2E 5D    		db	28,02eh,1 + 46 * 2	; tone 302
0292++ 9C9A 6E BA       		dw	frq_811
0293++ 9C9C 22 2F 69    		db	34,02fh,1 + 52 * 2	; tone 303
0294++ 9C9F 9E B4       		dw	frq_370
0295++ 9CA1 28 30 5D    		db	40,030h,1 + 46 * 2	; tone 304
0296++ 9CA4 C6 B9       		dw	frq_727
0297++ 9CA6 2E 31 69    		db	46,031h,1 + 52 * 2	; tone 305
0298++ 9CA9 E6 B1       		dw	frq_291
0299++ 9CAB 34 32 75    		db	52,032h,1 + 58 * 2	; tone 306
0300++ 9CAE 46 AC       		dw	frq_22
0301++ 9CB0 3B 33 69    		db	59,033h,1 + 52 * 2	; tone 307
0302++ 9CB3 9E B1       		dw	frq_287
0303++ 9CB5 41 34 5F    		db	65,034h,1 + 47 * 2	; tone 308
0304++ 9CB8 86 BD       		dw	frq_942
0305++ 9CBA FF 35 83    		db	255,035h,1 + 65 * 2	; tone 309
0306++ 9CBD 46 AF       		dw	frq_192
0307++ 9CBF             
0308++ 9CBF             patch_5Ahdr: 	
0309++ 9CBF 1B FF       		db	01bh,0ffh
0310++ 9CC1             
0311++ 9CC1             patch_5B: 	
0312++ 9CC1 01          		db	1	; transpose on
0313++ 9CC2 BF 9C       		dw	patch_5Ahdr
0314++ 9CC4 16 2C 49    		db	22,02ch,1 + 36 * 2	; tone 300
0315++ 9CC7 76 BB       		dw	frq_842
0316++ 9CC9 1C 2D 75    		db	28,02dh,1 + 58 * 2	; tone 301
0317++ 9CCC 0E B4       		dw	frq_363
0318++ 9CCE 22 2E 69    		db	34,02eh,1 + 52 * 2	; tone 302
0319++ 9CD1 3E BA       		dw	frq_809
0320++ 9CD3 28 2F 75    		db	40,02fh,1 + 58 * 2	; tone 303
0321++ 9CD6 86 B4       		dw	frq_369
0322++ 9CD8 2E 30 69    		db	46,030h,1 + 52 * 2	; tone 304
0323++ 9CDB AE B9       		dw	frq_726
0324++ 9CDD 34 31 75    		db	52,031h,1 + 58 * 2	; tone 305
0325++ 9CE0 CE B1       		dw	frq_290
0326++ 9CE2 3B 32 81    		db	59,032h,1 + 64 * 2	; tone 306
0327++ 9CE5 2E AC       		dw	frq_21
0328++ 9CE7 41 33 77    		db	65,033h,1 + 59 * 2	; tone 307
0329++ 9CEA 86 B1       		dw	frq_286
0330++ 9CEC 47 34 6B    		db	71,034h,1 + 53 * 2	; tone 308
0331++ 9CEF 6E BD       		dw	frq_941
0332++ 9CF1 FF 35 8F    		db	255,035h,1 + 71 * 2	; tone 309
0333++ 9CF4 2E AF       		dw	frq_191
0334++ 9CF6             
0335++ 9CF6             
0336++ 9CF6             ;--- GM 6 = Harpsichord ---
0337++ 9CF6             
0338++ 9CF6             patch_6: 	
0339++ 9CF6 01          		db	1	; transpose on
0340++ 9CF7 CF 9B       		dw	patch_0hdr
0341++ 9CF9 22 80 30    		db	34,128,24 * 2
0342++ 9CFC B6 B1       		dw	frq_288
0343++ 9CFE 28 81 5C    		db	40,129,46 * 2
0344++ 9D01 BE BB       		dw	frq_847
0345++ 9D03 2E 82 68    		db	46,130,52 * 2
0346++ 9D06 B6 B1       		dw	frq_288
0347++ 9D08 36 83 5C    		db	54,131,46 * 2
0348++ 9D0B CE BA       		dw	frq_823
0349++ 9D0D FF 84 54    		db	255,132,42 * 2
0350++ 9D10 CE BA       		dw	frq_823
0351++ 9D12             
0352++ 9D12             
0353++ 9D12             ;--- GM 7 = Clavi ---
0354++ 9D12             
0355++ 9D12             patch_7: 	
0356++ 9D12 01          		db	1	; transpose on
0357++ 9D13 1F 9D       		dw	patch_7hdr
0358++ 9D15 3A 27 30    		db	58,39,24 * 2
0359++ 9D18 8E AF       		dw	frq_203
0360++ 9D1A FF 28 8C    		db	255,40,70 * 2	; was andere header!
0361++ 9D1D 1E B0       		dw	frq_215
0362++ 9D1F             patch_7hdr: 	
0363++ 9D1F 28 C8 2B FF 		db	028h,0c8h,02bh,0ffh
0364++ 9D23             
0365++ 9D23             
0366++ 9D23             ;--- GM 8 = Celesta ---
0367++ 9D23             
0368++ 9D23             patch_8: 	
0369++ 9D23 01          		db	1	; transpose on
0370++ 9D24 2B 9D       		dw	patch_8hdr
0371++ 9D26 FF 2B 18    		db	255,43,12 * 2
0372++ 9D29 C6 AD       		dw	frq_94
0373++ 9D2B             patch_8hdr: 	
0374++ 9D2B 20 E0 03 FF 		db	020h,0e0h,3,0ffh
0375++ 9D2F             
0376++ 9D2F             
0377++ 9D2F             ;--- GM 9 = Glockenspiel ---
0378++ 9D2F             
0379++ 9D2F             patch_9: 	
0380++ 9D2F 01          		db	1	; transpose on
0381++ 9D30 47 9C       		dw	patch_2Bhdr
0382++ 9D32 FF F3 00    		db	255,243,0 * 2
0383++ 9D35 6E AE       		dw	frq_141
0384++ 9D37             
0385++ 9D37             ;--- GM 10 = Music Box ---
0386++ 9D37             
0387++ 9D37             patch_10A: 	
0388++ 9D37 01          		db	1	; transpose on
0389++ 9D38 3F 9D       		dw	patch_10Ahdr
0390++ 9D3A FF F3 18    		db	255,243,12 * 2
0391++ 9D3D 86 AE       		dw	frq_143
0392++ 9D3F             patch_10Ahdr: 	
0393++ 9D3F 20 98 A6 FF 		db	020h,098h,0a6h,0ffh
0394++ 9D43             
0395++ 9D43             patch_10B: 	
0396++ 9D43 01          		db	1	; transpose on
0397++ 9D44 4B 9D       		dw	patch_10Bhdr
0398++ 9D46 FF 01 31    		db	255,1,1 + 24 * 2	; tone 257
0399++ 9D49 36 AD       		dw	frq_79
0400++ 9D4B             patch_10Bhdr: 	
0401++ 9D4B 20 98 D4 FF 		db	020h,098h,0d4h,0ffh
0402++ 9D4F             
0403++ 9D4F             
0404++ 9D4F             ;--- GM 11 = Vibraphone ---
0405++ 9D4F             
0406++ 9D4F             patch_11: 	
0407++ 9D4F 01          		db	1	; transpose on
0408++ 9D50 47 9C       		dw	patch_2Bhdr
0409++ 9D52 FF 01 31    		db	255,1,1 + 24 * 2	; tone 257
0410++ 9D55 4E AD       		dw	frq_82
0411++ 9D57             
0412++ 9D57             ;--- GM 12 = Marimba ---
0413++ 9D57             
0414++ 9D57             patch_12: 	
0415++ 9D57 01          		db	1	; transpose on
0416++ 9D58 64 9D       		dw	patch_12hdr
0417++ 9D5A 28 F4 30    		db	40,244, 24 * 2
0418++ 9D5D 4E AD       		dw	frq_82
0419++ 9D5F FF F5 68    		db	255,245, 52 * 2	; was andere header!
0420++ 9D62 D6 AC       		dw	frq_69
0421++ 9D64             patch_12hdr: 	
0422++ 9D64 38 FF       		db	038h,0ffh
0423++ 9D66             
0424++ 9D66             ;--- GM 13 = Xylophone ---
0425++ 9D66             
0426++ 9D66             patch_13: 	
0427++ 9D66 01          		db	1	; transpose on
0428++ 9D67 64 9D       		dw	patch_12hdr
0429++ 9D69 FF 36 01    		db	255,36h, 1 + 0 * 2	; tone 310
0430++ 9D6C C6 AD       		dw	frq_94
0431++ 9D6E             
0432++ 9D6E             
0433++ 9D6E             ;--- GM 14 = Tubular Bells ---
0434++ 9D6E             
0435++ 9D6E             patch_14: 	
0436++ 9D6E 01          		db	1	; transpose on
0437++ 9D6F 76 9D       		dw	patch_14hdr
0438++ 9D71 FF FF 18    		db	255,255, 12 * 2
0439++ 9D74 DE B6       		dw	frq_532
0440++ 9D76             patch_14hdr: 	
0441++ 9D76 21 E0 01 FF 		db	021h,0e0h,1,0ffh
0442++ 9D7A             
0443++ 9D7A             ;--- GM 15 = Dulcimer ---
0444++ 9D7A             
0445++ 9D7A             patch_15A: 	
0446++ 9D7A 01          		db	1	; transpose on
0447++ 9D7B 82 9D       		dw	patch_15Ahdr
0448++ 9D7D FF 3F 18    		db	255,63, 12 * 2
0449++ 9D80 66 B9       		dw	frq_708
0450++ 9D82             patch_15Ahdr: 	
0451++ 9D82 29 FF       		db	029h,0ffh
0452++ 9D84             
0453++ 9D84             patch_15B: 	
0454++ 9D84 01          		db	1
0455++ 9D85 8C 9D       		dw	patch_15Bhdr
0456++ 9D87 FF 40 18    		db	255,64, 12 * 2
0457++ 9D8A 66 B9       		dw	frq_708
0458++ 9D8C             patch_15Bhdr: 	
0459++ 9D8C 2A FF       		db	02ah,0ffh
0460++ 9D8E             
0461++ 9D8E             ;--- GM 16 = Drawbar organ ---
0462++ 9D8E             
0463++ 9D8E             patch_16: 	
0464++ 9D8E 01          		db	1	; transpose on
0465++ 9D8F 96 9D       		dw	patch_16hdr
0466++ 9D91 FF 8E 18    		db	255,142,12 * 2
0467++ 9D94 5E BB       		dw	frq_835
0468++ 9D96             patch_16hdr: 	
0469++ 9D96 3A FF       		db	03ah,0ffh
0470++ 9D98             
0471++ 9D98             ;--- GM 17 = Percussive organ ---
0472++ 9D98             
0473++ 9D98             patch_17: 	
0474++ 9D98 01          		db	1	; transpose on
0475++ 9D99 A5 9D       		dw	patch_17hdr
0476++ 9D9B 24 8C 30    		db	36,140, 24 * 2
0477++ 9D9E CE BD       		dw	frq_950
0478++ 9DA0 FF 8D 48    		db	255,141, 36 * 2
0479++ 9DA3 9E BD       		dw	frq_944
0480++ 9DA5             patch_17hdr: 	
0481++ 9DA5 3B FF       		db	03bh,0ffh
0482++ 9DA7             
0483++ 9DA7             ;--- GM 18 = Rock Organ ---
0484++ 9DA7             
0485++ 9DA7             patch_18: 	
0486++ 9DA7 01          		db	1	; transpose on
0487++ 9DA8 C3 9D       		dw	patch_18hdr
0488++ 9DAA 19 28 49    		db	25,28h, 1 + 36 * 2	; tone 296
0489++ 9DAD 66 B0       		dw	frq_219
0490++ 9DAF 25 29 63    		db	37,29h, 1 + 49 * 2	; tone 297
0491++ 9DB2 7E B0       		dw	frq_220
0492++ 9DB4 31 2A 63    		db	49,2ah, 1 + 49 * 2	; tone 298
0493++ 9DB7 4E B0       		dw	frq_217
0494++ 9DB9 3D 2B 63    		db	61,2bh, 1 + 49 * 2	; tone 299
0495++ 9DBC 06 B0       		dw	frq_214
0496++ 9DBE FF 27 63    		db	255,27h, 1 + 49 * 2	; tone 295
0497++ 9DC1 1E B0       		dw	frq_215
0498++ 9DC3             patch_18hdr: 	
0499++ 9DC3 39 FF       		db	039h,0ffh
0500++ 9DC5             
0501++ 9DC5             ;--- GM 19 = Church organ ---
0502++ 9DC5             
0503++ 9DC5             patch_19: 	
0504++ 9DC5 01          		db	1	; transpose on
0505++ 9DC6 E1 9D       		dw	patch_19hdr
0506++ 9DC8 12 87 48    		db	18,135, 36 * 2
0507++ 9DCB 5E BB       		dw	frq_835
0508++ 9DCD 19 88 6C    		db	25,136, 54 * 2
0509++ 9DD0 9E AE       		dw	frq_155
0510++ 9DD2 21 89 62    		db	33,137, 49 * 2
0511++ 9DD5 06 B6       		dw	frq_459
0512++ 9DD7 2A 8A 5A    		db	42,138, 45 * 2
0513++ 9DDA BE BB       		dw	frq_847
0514++ 9DDC FF 8B 6C    		db	255,139, 54 * 2
0515++ 9DDF CE AE       		dw	frq_167
0516++ 9DE1             patch_19hdr: 	
0517++ 9DE1 11 FF       		db	011h,0ffh
0518++ 9DE3             
0519++ 9DE3             
0520++ 9DE3             ;--- GM 20 = Reed Organ ---
0521++ 9DE3             
0522++ 9DE3             patch_20: 	
0523++ 9DE3 01          		db	1	; transpose on
0524++ 9DE4 F0 9D       		dw	patch_20hdr
0525++ 9DE6 3C AC 30    		db	60,172, 24 * 2
0526++ 9DE9 9E B7       		dw	frq_557
0527++ 9DEB FF AD 78    		db	255,173, 60 * 2
0528++ 9DEE 86 B7       		dw	frq_556
0529++ 9DF0             patch_20hdr: 	
0530++ 9DF0 38 E0 01 FF 		db	038h,0e0h,1,0ffh
0531++ 9DF4             
0532++ 9DF4             ;--- GM 21 = Accordion ---
0533++ 9DF4             
0534++ 9DF4             patch_21A: 	
0535++ 9DF4 01          		db	1	; transpose on
0536++ 9DF5 01 9E       		dw	patch_21Ahdr
0537++ 9DF7 35 06 18    		db	53,6, 12 * 2
0538++ 9DFA C6 B9       		dw	frq_727
0539++ 9DFC FF 07 52    		db	255,7, 41 * 2
0540++ 9DFF BE BE       		dw	frq_1018
0541++ 9E01             patch_21Ahdr: 	
0542++ 9E01 22 E0 00 FF 		db	022h,0e0h,0,0ffh
0543++ 9E05             
0544++ 9E05             patch_21B: 	
0545++ 9E05 01          		db	1	; transpose on
0546++ 9E06 0D 9E       		dw	patch_21Bhdr
0547++ 9E08 FF 70 18    		db	255,112, 12 * 2
0548++ 9E0B 46 BB       		dw	frq_833
0549++ 9E0D             patch_21Bhdr: 	
0550++ 9E0D 23 FF       		db	023h,0ffh
0551++ 9E0F             
0552++ 9E0F             ;--- GM 22 = Harmonica ---
0553++ 9E0F             
0554++ 9E0F             patch_22: 	
0555++ 9E0F 01          		db	1	; transpose on
0556++ 9E10 17 9E       		dw	patch_22hdr
0557++ 9E12 FF 70 18    		db	255,112, 12 * 2
0558++ 9E15 BE BB       		dw	frq_847
0559++ 9E17             patch_22hdr: 	
0560++ 9E17 30 E0 02 FF 		db	030h,0e0h,2,0ffh
0561++ 9E1B             
0562++ 9E1B             ;--- GM 23 = Tango Accordion ---
0563++ 9E1B             
0564++ 9E1B             patch_23A: 	
0565++ 9E1B 01          		db	1	; transpose on
0566++ 9E1C 28 9E       		dw	patch_23Ahdr
0567++ 9E1E 3C AC 30    		db	60,172, 24 * 2
0568++ 9E21 CE B7       		dw	frq_559
0569++ 9E23 FF AD 78    		db	255,173, 60 * 2
0570++ 9E26 B6 B7       		dw	frq_558
0571++ 9E28             patch_23Ahdr: 	
0572++ 9E28 38 FF       		db	038h,0ffh
0573++ 9E2A             
0574++ 9E2A             patch_23B: 	
0575++ 9E2A 01          		db	1
0576++ 9E2B 32 9E       		dw	patch_23Bhdr
0577++ 9E2D FF 41 60    		db	255,65, 48 * 2
0578++ 9E30 A6 B5       		dw	frq_445
0579++ 9E32             patch_23Bhdr: 	
0580++ 9E32             		db	03ah,098h,075h,0B0h,000h,0ffh
0580++ 9E32 3A9875B000FF
0581++ 9E38             
0582++ 9E38             ;--- GM 24 = Nylon Ac. Gtr ---
0583++ 9E38             
0584++ 9E38             patch_24: 	
0585++ 9E38 01          		db	1	; transpose on
0586++ 9E39 54 9E       		dw	patch_24hdr
0587++ 9E3B 18 B3 48    		db	24,179, 36 * 2
0588++ 9E3E 06 B6       		dw	frq_459
0589++ 9E40 1F B7 60    		db	31,183, 48 * 2
0590++ 9E43 6E B7       		dw	frq_555
0591++ 9E45 25 B5 6E    		db	37,181, 55 * 2
0592++ 9E48 2E AC       		dw	frq_21
0593++ 9E4A 2C B4 62    		db	44,180, 49 * 2
0594++ 9E4D 06 B6       		dw	frq_459
0595++ 9E4F FF B6 58    		db	255,182, 44 * 2
0596++ 9E52 AE B9       		dw	frq_726
0597++ 9E54             patch_24hdr: 	
0598++ 9E54 28 C8 09 FF 		db	028h,0c8h,9,0ffh
0599++ 9E58             
0600++ 9E58             
0601++ 9E58             ;--- GM 26 = Steel Ac. Gtr ---
0602++ 9E58             
0603++ 9E58             patch_25: 	
0604++ 9E58 01          		db	1	; transpose on
0605++ 9E59 6F 9E       		dw	patch_25hdr
0606++ 9E5B 1A 0C 48    		db	26,12,36 * 2	;was andere header
0607++ 9E5E 76 B5       		dw	frq_442
0608++ 9E60 21 0D 64    		db	33,13,50 * 2	; "
0609++ 9E63 BE B5       		dw	frq_448
0610++ 9E65 30 0E 5A    		db	48,14,45 * 2	; "
0611++ 9E68 CE BA       		dw	frq_823
0612++ 9E6A FF 0F 60    		db	255,15,48 * 2	; "
0613++ 9E6D CE BA       		dw	frq_823
0614++ 9E6F             patch_25hdr: 	
0615++ 9E6F             		db	028h,098h,0f6h,0b0h,034h,0c8h,9h,0ffh
0615++ 9E6F 2898F6B034C809FF
0616++ 9E77             
0617++ 9E77             
0618++ 9E77             ;--- GM 26 = Elec Jazz Gtr ---
0619++ 9E77             
0620++ 9E77             patch_26: 	
0621++ 9E77 01          		db	1	; transpose on
0622++ 9E78 47 9C       		dw	patch_2Bhdr
0623++ 9E7A 1A 5A 48    		db	26,90, 36 * 2
0624++ 9E7D B6 B4       		dw	frq_373
0625++ 9E7F 28 5B 64    		db	40,91, 50 * 2
0626++ 9E82 86 AE       		dw	frq_143
0627++ 9E84 FF 5C 68    		db	255,92, 52 * 2
0628++ 9E87 EE AC       		dw	frq_70
0629++ 9E89             
0630++ 9E89             
0631++ 9E89             ;--- GM 27 = Elec Clean Gtr ---
0632++ 9E89             
0633++ 9E89             patch_27: 	
0634++ 9E89 01          		db	1	; transpose on
0635++ 9E8A B4 9E       		dw	patch_27hdr
0636++ 9E8C 15 61 48    		db	21,97, 36 * 2
0637++ 9E8F AE B6       		dw	frq_519
0638++ 9E91 1A 60 72    		db	26,96, 57 * 2
0639++ 9E94 86 AE       		dw	frq_143
0640++ 9E96 21 63 64    		db	33,99, 50 * 2
0641++ 9E99 36 B9       		dw	frq_701
0642++ 9E9B 28 62 72    		db	40,98, 57 * 2
0643++ 9E9E CE AB       		dw	frq_9
0644++ 9EA0 2D 65 68    		db	45,101, 52 * 2
0645++ 9EA3 96 B6       		dw	frq_508
0646++ 9EA5 34 64 72    		db	52,100, 57 * 2
0647++ 9EA8 3E AE       		dw	frq_118
0648++ 9EAA 3D 66 68    		db	61,102, 52 * 2
0649++ 9EAD C6 B6       		dw	frq_531
0650++ 9EAF FF 67 62    		db	255,103, 49 * 2
0651++ 9EB2 CE BA       		dw	frq_823
0652++ 9EB4             patch_27hdr: 	
0653++ 9EB4 29 FF       		db	029h,0ffh
0654++ 9EB6             
0655++ 9EB6             
0656++ 9EB6             ;--- GM 28 = Muted Gtr ---
0657++ 9EB6             
0658++ 9EB6             patch_28: 	
0659++ 9EB6 01          		db	1	; transpose on
0660++ 9EB7 47 9C       		dw	patch_2Bhdr
0661++ 9EB9 FF 68 18    		db	255,104, 12 * 2
0662++ 9EBC BE BB       		dw	frq_847
0663++ 9EBE             
0664++ 9EBE             
0665++ 9EBE             ;--- GM 29 = Overdriven Gtr ---
0666++ 9EBE             
0667++ 9EBE             patch_29: 	
0668++ 9EBE 01          		db	1	; transpose on
0669++ 9EBF B4 9E       		dw	patch_27hdr
0670++ 9EC1 29 A5 48    		db	41,165, 36 * 2
0671++ 9EC4 AE B0       		dw	frq_228
0672++ 9EC6 FF A6 82    		db	255,166, 65 * 2
0673++ 9EC9 06 B6       		dw	frq_459
0674++ 9ECB             
0675++ 9ECB             ;--- GM 30 = Distortion Gtr ---
0676++ 9ECB             
0677++ 9ECB             patch_30: 	
0678++ 9ECB 01          		db	1	; transpose on
0679++ 9ECC FB 9E       		dw	patch_30hdr
0680++ 9ECE 13 51 48    		db	19,81, 36 * 2
0681++ 9ED1 46 B5       		dw	frq_434
0682++ 9ED3 17 52 6E    		db	23,82, 55 * 2
0683++ 9ED6 86 AE       		dw	frq_143
0684++ 9ED8 1B 53 5E    		db	27,83, 47 * 2
0685++ 9EDB BE BB       		dw	frq_847
0686++ 9EDD 1F 54 66    		db	31,84, 51 * 2
0687++ 9EE0 46 B5       		dw	frq_434
0688++ 9EE2 23 55 6E    		db	35,85, 55 * 2
0689++ 9EE5 86 AE       		dw	frq_143
0690++ 9EE7 27 56 5E    		db	39,86, 47 * 2
0691++ 9EEA BE BB       		dw	frq_847
0692++ 9EEC 2B 57 66    		db	43,87, 51 * 2
0693++ 9EEF 06 B6       		dw	frq_459
0694++ 9EF1 2F 58 6E    		db	47,88, 55 * 2
0695++ 9EF4 86 AE       		dw	frq_143
0696++ 9EF6 FF 59 5E    		db	255,89, 47 * 2
0697++ 9EF9 26 BA       		dw	frq_775
0698++ 9EFB             patch_30hdr: 	
0699++ 9EFB 21 FF       		db	021h,0ffh
0700++ 9EFD             
0701++ 9EFD             ;--- GM 31 = Gtr Harmonics ---
0702++ 9EFD             
0703++ 9EFD             patch_31: 	
0704++ 9EFD 01          		db	1	; transpose on
0705++ 9EFE 47 9C       		dw	patch_2Bhdr
0706++ 9F00 2D 5E 30    		db	45,94, 24 * 2
0707++ 9F03 7E B6       		dw	frq_507
0708++ 9F05 32 5D 8A    		db	50,93, 69 * 2
0709++ 9F08 3E AE       		dw	frq_118
0710++ 9F0A FF 5F 7C    		db	255,95, 62 * 2
0711++ 9F0D AE B9       		dw	frq_726
0712++ 9F0F             
0713++ 9F0F             ;--- GM 32 = Acoustic Bass ---
0714++ 9F0F             
0715++ 9F0F             patch_32: 	
0716++ 9F0F 01          		db	1	; transpose on
0717++ 9F10 1C 9F       		dw	patch_32hdr
0718++ 9F12 19 04 60    		db	25,4, 48 * 2
0719++ 9F15 16 AF       		dw	frq_188
0720++ 9F17 FF 05 62    		db	255,5, 49 * 2
0721++ 9F1A EE AC       		dw	frq_70
0722++ 9F1C             patch_32hdr: 	
0723++ 9F1C 18 FF       		db	018h,0ffh
0724++ 9F1E             
0725++ 9F1E             
0726++ 9F1E             ;--- GM 33 = Elec. Bass (finger) ---
0727++ 9F1E             
0728++ 9F1E             patch_33: 	
0729++ 9F1E 01          		db	1	; transpose on
0730++ 9F1F 1C 9F       		dw	patch_32hdr
0731++ 9F21 09 4A 60    		db	9,74,48 * 2
0732++ 9F24 8E B8       		dw	frq_645
0733++ 9F26 0E 4B 72    		db	14,75,57 * 2
0734++ 9F29 96 B0       		dw	frq_221
0735++ 9F2B 13 4C 64    		db	19,76,50 * 2
0736++ 9F2E 8E BB       		dw	frq_843
0737++ 9F30 FF 4D 6E    		db	255,77,55 * 2
0738++ 9F33 CE B4       		dw	frq_378
0739++ 9F35             
0740++ 9F35             
0741++ 9F35             ;--- GM 34 = Elec. Bass (pick) ---
0742++ 9F35             
0743++ 9F35             patch_34: 	
0744++ 9F35 01          		db	1	; transpose on
0745++ 9F36 1C 9F       		dw	patch_32hdr
0746++ 9F38 0C 4F 60    		db	12,79,48 * 2
0747++ 9F3B 56 AE       		dw	frq_135
0748++ 9F3D 13 50 60    		db	19,80,48 * 2
0749++ 9F40 7E B9       		dw	frq_715
0750++ 9F42 18 6B 6E    		db	24,107,55 * 2
0751++ 9F45 26 B1       		dw	frq_264
0752++ 9F47 30 69 60    		db	48,105,48 * 2
0753++ 9F4A 7E BC       		dw	frq_921
0754++ 9F4C FF 6A 90    		db	255,106,72 * 2
0755++ 9F4F 46 B5       		dw	frq_434
0756++ 9F51             
0757++ 9F51             ;--- GM 35 = Fretless Bass ---
0758++ 9F51             
0759++ 9F51             patch_35: 	
0760++ 9F51 01          		db	1	; transpose on
0761++ 9F52 59 9F       		dw	patch_35hdr
0762++ 9F54 FF 4E 30    		db	255,78,24 * 2
0763++ 9F57 B6 B4       		dw	frq_373
0764++ 9F59             patch_35hdr: 	
0765++ 9F59             		db	010h,098h,0f3h,0b0h,063h,0c8h,019h,0ffh
0765++ 9F59 1098F3B063C819FF
0766++ 9F61             
0767++ 9F61             ;--- GM 36 = Slap Bass 1 ---
0768++ 9F61             
0769++ 9F61             patch_36: 	
0770++ 9F61 01          		db	1	; transpose on
0771++ 9F62 69 9F       		dw	patch_36hdr
0772++ 9F64 FF A3 4E    		db	255,163,(36 + 3) * 2
0773++ 9F67 76 B8       		dw	frq_641
0774++ 9F69             patch_36hdr: 	
0775++ 9F69 19 FF       		db	019h,0ffh
0776++ 9F6B             
0777++ 9F6B             ;--- GM 37 = Slap bass 2 ---
0778++ 9F6B             
0779++ 9F6B             patch_37: 	
0780++ 9F6B 01          		db	1	; transpose on
0781++ 9F6C 73 9F       		dw	patch_37hdr
0782++ 9F6E FF A2 30    		db	255,162,24 * 2
0783++ 9F71 B6 B1       		dw	frq_288
0784++ 9F73             patch_37hdr: 	
0785++ 9F73 20 98 B0 FF 		db	020h,098h,0b0h,0ffh
0786++ 9F77             
0787++ 9F77             ;--- GM 38 = Synth Bass 1 ---
0788++ 9F77             
0789++ 9F77             patch_38: 	
0790++ 9F77 01          		db	1	; transpose on
0791++ 9F78 7F 9F       		dw	patch_38hdr
0792++ 9F7A FF BE 48    		db	255,190,36 * 2
0793++ 9F7D 5E BB       		dw	frq_835
0794++ 9F7F             patch_38hdr: 	
0795++ 9F7F 39 FF       		db	039h,0ffh
0796++ 9F81             
0797++ 9F81             ;--- GM 39 = Synth Bass 2 ---
0798++ 9F81             
0799++ 9F81             patch_39: 	
0800++ 9F81 01          		db	1	; transpose on
0801++ 9F82 7F 9F       		dw	patch_38hdr
0802++ 9F84 FF 17 61    		db	255,17h,1 + 48 * 2	; tone 279
0803++ 9F87 1E B0       		dw	frq_215
0804++ 9F89             
0805++ 9F89             ;--- GM 40 = Violin ---
0806++ 9F89             
0807++ 9F89             patch_40: 	
0808++ 9F89 01          		db	1	; transpose on
0809++ 9F8A BE 9F       		dw	patch_40hdr
0810++ 9F8C 23 05 31    		db	35,5h,1 + 24 * 2	; tone 261
0811++ 9F8F B6 B1       		dw	frq_288
0812++ 9F91 28 02 77    		db	40,2h,1 + 59 * 2	; tone 258
0813++ 9F94 D6 AC       		dw	frq_69
0814++ 9F96 2A 06 69    		db	42,6h,1 + 52 * 2	; tone 262
0815++ 9F99 2E B8       		dw	frq_627
0816++ 9F9B 2D 07 6D    		db	45,7h,1 + 54 * 2	; tone 263
0817++ 9F9E 86 B7       		dw	frq_556
0818++ 9FA0 30 08 73    		db	48,8h,1 + 57 * 2	; tone 264
0819++ 9FA3 26 B1       		dw	frq_264
0820++ 9FA5 33 0A 61    		db	51,0ah,1 + 48 * 2	; tone 266
0821++ 9FA8 66 BC       		dw	frq_920
0822++ 9FAA 35 0B 67    		db	53,0bh,1 + 51 * 2	; tone 267
0823++ 9FAD AE B9       		dw	frq_726
0824++ 9FAF 37 0C 6B    		db	55,0ch,1 + 53 * 2	; tone 268
0825++ 9FB2 FE B7       		dw	frq_579
0826++ 9FB4 3A 0D 6F    		db	58,0dh,1 + 55 * 2	; tone 269
0827++ 9FB7 8E B2       		dw	frq_338
0828++ 9FB9 FF 09 75    		db	255,09h,1 + 58	* 2	; tone 265
0829++ 9FBC 86 AE       		dw	frq_143
0830++ 9FBE             patch_40hdr: 	
0831++ 9FBE 3B FF       		db	03bh,0ffh
0832++ 9FC0             
0833++ 9FC0             
0834++ 9FC0             ;--- GM 41 = Viola ---
0835++ 9FC0             
0836++ 9FC0             patch_41: 	
0837++ 9FC0 01          		db	1	; transpose on
0838++ 9FC1 FF 9F       		dw	patch_41hdr
0839++ 9FC3 1B 03 31    		db	27,03h,1 + 24 * 2	; tone 259
0840++ 9FC6 7E B9       		dw	frq_715
0841++ 9FC8 1E 04 67    		db	30,04h,1 + 51 * 2	; tone 260
0842++ 9FCB C6 B6       		dw	frq_531
0843++ 9FCD 21 05 6D    		db	33,05h,1 + 54 * 2	; tone 261
0844++ 9FD0 B6 B1       		dw	frq_288
0845++ 9FD2 26 02 73    		db	38,02h,1 + 57 * 2	; tone 258
0846++ 9FD5 D6 AC       		dw	frq_69
0847++ 9FD7 28 06 65    		db	40,06h,1 + 50 * 2	; tone 262
0848++ 9FDA 2E B8       		dw	frq_627
0849++ 9FDC 2B 07 69    		db	43,07h,1 + 52 * 2	; tone 263
0850++ 9FDF 86 B7       		dw	frq_556
0851++ 9FE1 2E 08 6F    		db	46,08h,1 + 55 * 2	; tone 264
0852++ 9FE4 26 B1       		dw	frq_264
0853++ 9FE6 31 0A 5D    		db	49,0ah,1 + 46 * 2	; tone 266
0854++ 9FE9 66 BC       		dw	frq_920
0855++ 9FEB 33 0B 63    		db	51,0bh,1 + 49 * 2	; tone 267
0856++ 9FEE AE B9       		dw	frq_726
0857++ 9FF0 36 0C 67    		db	54,0ch,1 + 51 * 2	; tone 268
0858++ 9FF3 FE B7       		dw	frq_579
0859++ 9FF5 38 0D 6D    		db	56,0dh,1 + 54 * 2	; tone 269
0860++ 9FF8 8E B2       		dw	frq_338
0861++ 9FFA FF 09 71    		db	255,09h,1 + 56 * 2	; tone 265
0862++ 9FFD 86 AE       		dw	frq_143
0863++ 9FFF             patch_41hdr: 	
0864++ 9FFF 3B 98 A3 FF 		db	03bh,098h,0a3h,0ffh
0865++ A003             
0866++ A003             
0867++ A003             ;--- GM 42 = Cello ---
0868++ A003             
0869++ A003             patch_42: 	
0870++ A003 01          		db	1	; transpose on
0871++ A004 1F A0       		dw	patch_42hdr
0872++ A006 16 12 49    		db	22,12h,1 + 36 * 2	; tone 274
0873++ A009 8E AF       		dw	frq_203
0874++ A00B 20 13 5D    		db	32,13h,1 + 46 * 2	; tone 275
0875++ A00E 36 B9       		dw	frq_701
0876++ A010 27 15 59    		db	39,15h,1 + 44 * 2	; tone 277
0877++ A013 B6 BA       		dw	frq_822
0878++ A015 2D 16 67    		db	45,16h,1 + 51 * 2	; tone 278
0879++ A018 C6 B6       		dw	frq_531
0880++ A01A FF 14 73    		db	255,14h,1 + 57 * 2	; tone 276
0881++ A01D D6 AC       		dw	frq_69
0882++ A01F             patch_42hdr: 	
0883++ A01F 33 C8 08 FF 		db	033h,0c8h,8,0ffh
0884++ A023             
0885++ A023             ;--- GM 43 = Contrabass ---
0886++ A023             
0887++ A023             patch_43: 	
0888++ A023 01          		db	1	; transpose on
0889++ A024 30 A0       		dw	patch_43hdr
0890++ A026 12 10 61    		db	18,10h,1 + 48 * 2	; tone 272
0891++ A029 FE AB       		dw	frq_15
0892++ A02B FF 11 6D    		db	255,11h,1 + 54 * 2	; tone 273
0893++ A02E B6 AB       		dw	frq_8
0894++ A030             patch_43hdr: 	
0895++ A030 10 98 90 FF 		db	010h,098h,090h,0ffh
0896++ A034             
0897++ A034             ;--- GM 44 = Tremolo Strings ---
0898++ A034             
0899++ A034             patch_44: 	
0900++ A034 01          		db	1	; transpose on
0901++ A035 50 A0       		dw	patch_44hdr
0902++ A037 24 B0 30    		db	36,176,24 * 2
0903++ A03A 0E AE       		dw	frq_98
0904++ A03C 2A 35 60    		db	42,53,48 * 2
0905++ A03F 9E B7       		dw	frq_557
0906++ A041 30 33 6C    		db	48,51,54 * 2
0907++ A044 76 AC       		dw	frq_26
0908++ A046 3B 34 60    		db	59,52,48 * 2
0909++ A049 A6 B8       		dw	frq_650
0910++ A04B FF AF 5E    		db	255,175,47 * 2
0911++ A04E F6 B6       		dw	frq_538
0912++ A050             patch_44hdr: 	
0913++ A050 38 E0 06 FF 		db	038h,0e0h,6,0ffh
0914++ A054             
0915++ A054             
0916++ A054             ;--- GM 45 = Pizzicato Strings ---
0917++ A054             
0918++ A054             patch_45: 	
0919++ A054 01          		db	1	; transpose on
0920++ A055 47 9C       		dw	patch_2Bhdr
0921++ A057 1B B8 48    		db	27,184,36 * 2
0922++ A05A 16 AC       		dw	frq_20
0923++ A05C 24 B9 66    		db	36,185,51 * 2
0924++ A05F 36 B0       		dw	frq_216
0925++ A061 2B BB 60    		db	43,187,48 * 2
0926++ A064 5E B8       		dw	frq_639
0927++ A066 31 BA 6E    		db	49,186,55 * 2
0928++ A069 66 AD       		dw	frq_84
0929++ A06B FF BC 62    		db	255,188,49 * 2
0930++ A06E EE B5       		dw	frq_455
0931++ A070             
0932++ A070             ;--- GM 46 = Harp ---
0933++ A070             
0934++ A070             patch_46: 	
0935++ A070 01          		db	1	; transpose on
0936++ A071 7D A0       		dw	patch_46hdr
0937++ A073 2F 7E 18    		db	47,126,12 * 2
0938++ A076 DE B3       		dw	frq_360
0939++ A078 FF 7F 5E    		db	255,127,47 * 2
0940++ A07B 46 B5       		dw	frq_434
0941++ A07D             patch_46hdr: 	
0942++ A07D 29 C8 07 FF 		db	029h,0c8h,7,0ffh
0943++ A081             
0944++ A081             
0945++ A081             ;--- GM 47 = Timpani ---
0946++ A081             
0947++ A081             patch_47: 	
0948++ A081 01          		db	1	; transpose on
0949++ A082 47 9C       		dw	patch_2Bhdr
0950++ A084 FF 00 49    		db	255,0,1 + 36 * 2	; tone 256
0951++ A087 4E B0       		dw	frq_217
0952++ A089             
0953++ A089             
0954++ A089             ;--- GM 48 = Strings ---
0955++ A089             
0956++ A089             patch_48: 	
0957++ A089 01          		db	1	; transpose on
0958++ A08A CF 9B       		dw	patch_0hdr
0959++ A08C 24 3C 31    		db	36,03ch,1 + 24 * 2	; tone 316
0960++ A08F DE AD       		dw	frq_96
0961++ A091 2A 3E 61    		db	42,03eh,1 + 48 * 2	; tone 318
0962++ A094 9E B7       		dw	frq_557
0963++ A096 30 3D 6D    		db	48,03dh,1 + 54 * 2	; tone 317
0964++ A099 5E AC       		dw	frq_24
0965++ A09B 3B 3F 61    		db	59,03fh,1 + 48 * 2	; tone 319
0966++ A09E BE B8       		dw	frq_653
0967++ A0A0 FF 40 5F    		db	255,040h,1 + 47 * 2	; tone 320
0968++ A0A3 26 B7       		dw	frq_548
0969++ A0A5             
0970++ A0A5             ;--- GM 49 = Slow Strings ---
0971++ A0A5             
0972++ A0A5             patch_49: 	
0973++ A0A5 01          		db	1	; transpose on
0974++ A0A6 C1 A0       		dw	patch_49hdr
0975++ A0A8 24 B0 30    		db	36,176, 24 * 2
0976++ A0AB 0E AE       		dw	frq_98
0977++ A0AD 2A 35 60    		db	42,53, 48 * 2
0978++ A0B0 9E B7       		dw	frq_557
0979++ A0B2 30 33 6C    		db	48,51, 54 * 2
0980++ A0B5 8E AC       		dw	frq_27
0981++ A0B7 3B 34 60    		db	59,52, 48 * 2
0982++ A0BA A6 B8       		dw	frq_650
0983++ A0BC FF AF 5E    		db	255,175, 47 * 2
0984++ A0BF F6 B6       		dw	frq_538
0985++ A0C1             patch_49hdr: 	
0986++ A0C1 19 FF       		db	019h,0ffh
0987++ A0C3             
0988++ A0C3             
0989++ A0C3             ;--- GM 50 = Synth Strings 1 ---
0990++ A0C3             
0991++ A0C3             patch_50A: 	
0992++ A0C3 01          		db	1	; transpose on
0993++ A0C4 CB A0       		dw	patch_50Ahdr
0994++ A0C6 FF 02 30    		db	255,2, 24 * 2
0995++ A0C9 0E BD       		dw	frq_935
0996++ A0CB             patch_50Ahdr: 	
0997++ A0CB             		db	020h,098h,093h,0b0h,022h,0c8h,06h,0ffh
0997++ A0CB 209893B022C806FF
0998++ A0D3             
0999++ A0D3             patch_50B: 	
1000++ A0D3 01          		db	1	; transpose on
1001++ A0D4 DB A0       		dw	patch_50Bhdr
1002++ A0D6 FF AE 18    		db	255,174, 12 * 2
1003++ A0D9 AE AD       		dw	frq_91
1004++ A0DB             patch_50Bhdr: 	
1005++ A0DB             		db	020h,098h,070h,0c8h,006h,0ffh
1005++ A0DB 209870C806FF
1006++ A0E1             
1007++ A0E1             
1008++ A0E1             ;--- GM 51 = Synth Strings 2 ---
1009++ A0E1             
1010++ A0E1             patch_51A: 	
1011++ A0E1 01          		db	1	; transpose on
1012++ A0E2 E9 A0       		dw	patch_51Ahdr
1013++ A0E4 FF 02 18    		db	255,2, 12 * 2
1014++ A0E7 0E BD       		dw	frq_935
1015++ A0E9             patch_51Ahdr: 	
1016++ A0E9             		db	019h,098h,070h,0b0h,000h,0c8h,06h,0ffh
1016++ A0E9 199870B000C806FF
1017++ A0F1             
1018++ A0F1             patch_51B: 	
1019++ A0F1 01          		db	1	; transpose on
1020++ A0F2 E9 A0       		dw	patch_51Ahdr
1021++ A0F4 FF 02 18    		db	255,2, 12 * 2
1022++ A0F7 C6 BC       		dw	frq_927
1023++ A0F9             
1024++ A0F9             
1025++ A0F9             ;--- GM 52 = Choir Aahs ---
1026++ A0F9             
1027++ A0F9             patch_52: 	
1028++ A0F9 01          		db	1	; transpose on
1029++ A0FA 10 A1       		dw	patch_52hdr
1030++ A0FC 23 18 30    		db	35,24, 24 * 2
1031++ A0FF A6 AF       		dw	frq_204
1032++ A101 29 19 5E    		db	41,25, 47 * 2
1033++ A104 86 BA       		dw	frq_815
1034++ A106 30 1A 6A    		db	48,26, 53 * 2
1035++ A109 BE AF       		dw	frq_206
1036++ A10B FF 1B 60    		db	255,27, 48 * 2
1037++ A10E 96 B3       		dw	frq_356
1038++ A110             patch_52hdr: 	
1039++ A110 1A FF       		db	01ah,0ffh
1040++ A112             
1041++ A112             ;--- GM 53 = Voice Oohs ---
1042++ A112             
1043++ A112             patch_53: 	
1044++ A112 01          		db	1	; transpose on
1045++ A113 1A A1       		dw	patch_53hdr
1046++ A115 FF 29 18    		db	255,41, 12 * 2
1047++ A118 3E B1       		dw	frq_273
1048++ A11A             patch_53hdr: 	
1049++ A11A             		db	020h,098h,0f7h,0b0h,020h,0c8h,8,0ffh
1049++ A11A 2098F7B020C808FF
1050++ A122             
1051++ A122             ;--- GM 54 = Synth Voice ---
1052++ A122             
1053++ A122             patch_54: 	
1054++ A122 01          		db	1	; transpose on
1055++ A123 2A A1       		dw	patch_54hdr
1056++ A125 FF 2A 18    		db	255,42, 12 * 2
1057++ A128 D6 AF       		dw	frq_208
1058++ A12A             patch_54hdr: 	
1059++ A12A             		db	019h,098h,085h,0b0h,021h,0c8h,7,0ffh
1059++ A12A 199885B021C807FF
1060++ A132             
1061++ A132             ;--- GM 55 = Orchestra Hit ---
1062++ A132             
1063++ A132             patch_55: 	
1064++ A132 01          		db	1	; transpose on
1065++ A133 3A A1       		dw	patch_55hdr
1066++ A135 FF 49 18    		db	255,73, 12 * 2
1067++ A138 5E BB       		dw	frq_835
1068++ A13A             patch_55hdr: 	
1069++ A13A 30 FF       		db	030h,0ffh
1070++ A13C             
1071++ A13C             ;--- GM 56 = Trumpet ---
1072++ A13C             
1073++ A13C             patch_56: 	
1074++ A13C 01          		db	1	; transpose on
1075++ A13D 5D A1       		dw	patch_56hdr
1076++ A13F 25 F6 30    		db	37,246, 24 * 2
1077++ A142 BE AC       		dw	frq_46
1078++ A144 2C F8 62    		db	44,248, 49 * 2
1079++ A147 1E B6       		dw	frq_460
1080++ A149 31 F7 70    		db	49,247, 56 * 2
1081++ A14C 46 AC       		dw	frq_22
1082++ A14E 37 FA 62    		db	55,250, 49 * 2
1083++ A151 5E B5       		dw	frq_436
1084++ A153 3E F9 6E    		db	62,249, 55 * 2
1085++ A156 BE AC       		dw	frq_46
1086++ A158 FF FB 64    		db	255,251, 50 * 2
1087++ A15B 5E B5       		dw	frq_436
1088++ A15D             patch_56hdr: 	
1089++ A15D 32 FF       		db	032h,0ffh
1090++ A15F             
1091++ A15F             ;--- GM 57 = Trombone ---
1092++ A15F             
1093++ A15F             patch_57: 	
1094++ A15F 01          		db	1	; transpose on
1095++ A160 71 A1       		dw	patch_57hdr
1096++ A162 23 F0 30    		db	35,240, 24 * 2
1097++ A165 AE B0       		dw	frq_228
1098++ A167 28 F1 5E    		db	40,241, 47 * 2
1099++ A16A 0E BA       		dw	frq_750
1100++ A16C FF F2 68    		db	255,242, 52 * 2
1101++ A16F 26 B1       		dw	frq_264
1102++ A171             patch_57hdr: 	
1103++ A171 21 FF       		db	021h,0ffh
1104++ A173             
1105++ A173             ;--- GM 58 = Tuba ---
1106++ A173             
1107++ A173             patch_58: 	
1108++ A173 01          		db	1	; transpose on
1109++ A174 71 A1       		dw	patch_57hdr
1110++ A176 16 85 48    		db	22,133, 36 * 2
1111++ A179 3E B7       		dw	frq_550
1112++ A17B FF 86 5C    		db	255,134, 46 * 2
1113++ A17E 06 BC       		dw	frq_908
1114++ A180             
1115++ A180             ;--- GM 59 = Muted Trumpet ---
1116++ A180             
1117++ A180             patch_59: 	
1118++ A180 01          		db	1	; transpose on
1119++ A181 8D A1       		dw	patch_59hdr
1120++ A183 2E B1 18    		db	46,177, 12 * 2
1121++ A186 46 B8       		dw	frq_630
1122++ A188 FF B2 5C    		db	255,178, 46 * 2
1123++ A18B 46 B8       		dw	frq_630
1124++ A18D             patch_59hdr: 	
1125++ A18D 28 E0 01 FF 		db	28h,0e0h,1,0ffh
1126++ A191             
1127++ A191             ;--- GM 60 = French Horn ---
1128++ A191             
1129++ A191             patch_60: 	
1130++ A191 01          		db	1	; transpose on
1131++ A192 9E A1       		dw	patch_60hdr
1132++ A194 32 7C 18    		db	50,124, 12 * 2
1133++ A197 CE B1       		dw	frq_290
1134++ A199 FF 7D 64    		db	255,125, 50 * 2
1135++ A19C 06 B9       		dw	frq_679
1136++ A19E             patch_60hdr: 	
1137++ A19E 1A FF       		db	01ah,0ffh
1138++ A1A0             
1139++ A1A0             ;--- GM 61 = Brass Section ---
1140++ A1A0             
1141++ A1A0             patch_61: 	
1142++ A1A0 01          		db	1	; transpose on
1143++ A1A1 47 9C       		dw	patch_2Bhdr
1144++ A1A3 2B FC 18    		db	43,252, 12 * 2
1145++ A1A6 9E BA       		dw	frq_820
1146++ A1A8 FF FD 56    		db	255,253, 43 * 2
1147++ A1AB 2E BB       		dw	frq_832
1148++ A1AD             
1149++ A1AD             ;--- GM 62 = Synth Brass 1 ---
1150++ A1AD             
1151++ A1AD             patch_62A: 	
1152++ A1AD 01          		db	1	; transpose on
1153++ A1AE EC A1       		dw	patch_62Ahdr
1154++ A1B0 10 D3 60    		db	16,211, 48 * 2
1155++ A1B3 36 BC       		dw	frq_916
1156++ A1B5 16 DA 80    		db	22,218, 64 * 2
1157++ A1B8 66 B3       		dw	frq_354
1158++ A1BA 1C D4 74    		db	28,212, 58 * 2
1159++ A1BD 36 BC       		dw	frq_916
1160++ A1BF 22 DB 80    		db	34,219, 64 * 2
1161++ A1C2 06 B3       		dw	frq_345
1162++ A1C4 28 D5 74    		db	40,213, 58 * 2
1163++ A1C7 0E BD       		dw	frq_935
1164++ A1C9 2E DC 80    		db	46,220, 64 * 2
1165++ A1CC 36 B3       		dw	frq_350
1166++ A1CE 34 D6 74    		db	52,214, 58 * 2
1167++ A1D1 96 BC       		dw	frq_925
1168++ A1D3 3A DD 80    		db	58,221, 64 * 2
1169++ A1D6 0E B4       		dw	frq_363
1170++ A1D8 40 D7 74    		db	64,215, 58 * 2
1171++ A1DB 5E BE       		dw	frq_969
1172++ A1DD 46 DE 80    		db	70,222, 64 * 2
1173++ A1E0 8E B2       		dw	frq_338
1174++ A1E2 4D D8 74    		db	77,216, 58 * 2
1175++ A1E5 96 BC       		dw	frq_925
1176++ A1E7 FF D9 6A    		db	255,217, 53 * 2
1177++ A1EA 96 BC       		dw	frq_925
1178++ A1EC             patch_62Ahdr: 	
1179++ A1EC 18 FF       		db	018h,0ffh
1180++ A1EE             
1181++ A1EE             
1182++ A1EE             patch_62B: 	
1183++ A1EE 01          		db	1	; transpose on
1184++ A1EF 2D A2       		dw	patch_62Bhdr
1185++ A1F1 10 18 61    		db	16,18h, 1 + 48 * 2	; tone 280
1186++ A1F4 DE BC       		dw	frq_929
1187++ A1F6 16 19 81    		db	22,19h, 1 + 64 * 2	; tone 281
1188++ A1F9 DE B3       		dw	frq_360
1189++ A1FB 1C 1A 75    		db	28,1ah, 1 + 58 * 2	; tone 282
1190++ A1FE C6 BC       		dw	frq_927
1191++ A200 22 1B 81    		db	34,1bh, 1 + 64 * 2	; tone 283
1192++ A203 DE B3       		dw	frq_360
1193++ A205 28 1C 75    		db	40,1ch, 1 + 58 * 2	; tone 284
1194++ A208 56 BD       		dw	frq_939
1195++ A20A 2E 1D 81    		db	46,1dh, 1 + 64 * 2	; tone 285
1196++ A20D 56 B4       		dw	frq_366
1197++ A20F 34 1E 75    		db	52,1eh, 1 + 58 * 2	; tone 286
1198++ A212 E6 BD       		dw	frq_951
1199++ A214 3A 1F 81    		db	58,1fh, 1 + 64 * 2	; tone 287
1200++ A217 56 B4       		dw	frq_366
1201++ A219 40 20 75    		db	64,20h, 1 + 58 * 2	; tone 288
1202++ A21C 8E BE       		dw	frq_977
1203++ A21E 46 21 81    		db	70,21h, 1 + 64 * 2	; tone 289
1204++ A221 D6 B2       		dw	frq_342
1205++ A223 4D 22 75    		db	77,22h, 1 + 58 * 2	; tone 290
1206++ A226 C6 BC       		dw	frq_927
1207++ A228 FF 23 6B    		db	255,23h, 1 + 53 * 2	; tone 291
1208++ A22B C6 BC       		dw	frq_927
1209++ A22D             patch_62Bhdr: 	
1210++ A22D             		db	018h,098h,0a5h,0b0h,011h,0ffh
1210++ A22D 1898A5B011FF
1211++ A233             
1212++ A233             
1213++ A233             ;--- GM 63 = Synth Brass 2 ---
1214++ A233             ; B zachter dan A, vals??
1215++ A233             
1216++ A233             patch_63A: 	
1217++ A233 01          		db	1	; transpose on
1218++ A234 72 A2       		dw	patch_63Ahdr
1219++ A236 10 18 61    		db	16,18h, 1 + 48 * 2	; tone 280
1220++ A239 F6 BC       		dw	frq_931
1221++ A23B 16 19 81    		db	22,19h, 1 + 64 * 2	; tone 281
1222++ A23E F6 B3       		dw	frq_361
1223++ A240 1C 1A 75    		db	28,1ah, 1 + 58 * 2	; tone 282
1224++ A243 DE BC       		dw	frq_929
1225++ A245 22 1B 81    		db	34,1bh, 1 + 64 * 2	; tone 283
1226++ A248 F6 B3       		dw	frq_361
1227++ A24A 28 1C 75    		db	40,1ch, 1 + 58 * 2	; tone 284
1228++ A24D 6E BD       		dw	frq_941
1229++ A24F 2E 1D 81    		db	46,1dh, 1 + 64 * 2	; tone 285
1230++ A252 6E B4       		dw	frq_367
1231++ A254 34 1E 75    		db	52,1eh, 1 + 58 * 2	; tone 286
1232++ A257 16 BE       		dw	frq_953
1233++ A259 3A 1F 81    		db	58,1fh, 1 + 64 * 2	; tone 287
1234++ A25C 6E B4       		dw	frq_367
1235++ A25E 40 20 75    		db	64,20h, 1 + 58 * 2	; tone 288
1236++ A261 A6 BE       		dw	frq_978
1237++ A263 46 21 81    		db	70,21h, 1 + 64 * 2	; tone 289
1238++ A266 EE B2       		dw	frq_343
1239++ A268 4D 22 75    		db	77,22h, 1 + 58 * 2	; tone 290
1240++ A26B DE BC       		dw	frq_929
1241++ A26D FF 23 6B    		db	255,23h, 1 + 53 * 2	; tone 291
1242++ A270 DE BC       		dw	frq_929
1243++ A272             patch_63Ahdr: 	
1244++ A272 26 FF       		db	026h,0ffh
1245++ A274             
1246++ A274             
1247++ A274             patch_63B: 	
1248++ A274 01          		db	1	; transpose on
1249++ A275 7C A2       		dw	patch_63Bhdr
1250++ A277 FF 24 19    		db	255,24h, 1 + 12 * 2	; tone 292
1251++ A27A 9E B7       		dw	frq_557
1252++ A27C             patch_63Bhdr: 	
1253++ A27C 22 FF       		db	022h,0ffh
1254++ A27E             
1255++ A27E             ;--- GM 64 = Soprano Sax ---
1256++ A27E             
1257++ A27E             patch_64: 	
1258++ A27E 01          		db	1	; transpose on
1259++ A27F FB 9E       		dw	patch_30hdr
1260++ A281 28 E3 18    		db	40,227, 12 * 2
1261++ A284 36 B9       		dw	frq_701
1262++ A286 2E E4 68    		db	46,228, 52 * 2
1263++ A289 36 B0       		dw	frq_216
1264++ A28B 34 E5 5C    		db	52,229, 46 * 2
1265++ A28E EE B8       		dw	frq_677
1266++ A290 3A E6 68    		db	58,230, 52 * 2
1267++ A293 DE B0       		dw	frq_242
1268++ A295 41 E7 5C    		db	65,231, 46 * 2
1269++ A298 AE B9       		dw	frq_726
1270++ A29A FF E8 82    		db	255,232, 65 * 2
1271++ A29D C6 AD       		dw	frq_94
1272++ A29F             
1273++ A29F             ;--- GM 65 = Alto Sax ---
1274++ A29F             
1275++ A29F             patch_65: 	
1276++ A29F 01          		db	1	; transpose on
1277++ A2A0 E3 A2       		dw	patch_65hdr
1278++ A2A2 1B 92 48    		db	27,146, 36 * 2
1279++ A2A5 8E AC       		dw	frq_27
1280++ A2A7 1E 96 66    		db	30,150, 51 * 2
1281++ A2AA F6 B9       		dw	frq_737
1282++ A2AC 23 99 6C    		db	35,153, 54 * 2
1283++ A2AF 16 B5       		dw	frq_385
1284++ A2B1 24 8F 76    		db	36,143, 59 * 2
1285++ A2B4 DE B0       		dw	frq_242
1286++ A2B6 27 93 78    		db	39,147, 60 * 2
1287++ A2B9 BE AC       		dw	frq_46
1288++ A2BB 2A 97 66    		db	42,151, 51 * 2
1289++ A2BE 26 BA       		dw	frq_775
1290++ A2C0 2D 9A 6C    		db	45,154, 54 * 2
1291++ A2C3 1E B6       		dw	frq_460
1292++ A2C5 30 90 72    		db	48,144, 57 * 2
1293++ A2C8 36 B0       		dw	frq_216
1294++ A2CA 33 94 78    		db	51,148, 60 * 2
1295++ A2CD 46 AC       		dw	frq_22
1296++ A2CF 35 98 66    		db	53,152, 51 * 2
1297++ A2D2 C6 B9       		dw	frq_727
1298++ A2D4 39 9B 6A    		db	57,155, 53 * 2
1299++ A2D7 66 B6       		dw	frq_480
1300++ A2D9 3C 91 72    		db	60,145, 57 * 2
1301++ A2DC CE B1       		dw	frq_290
1302++ A2DE FF 95 78    		db	255,149, 60 * 2
1303++ A2E1 C6 AD       		dw	frq_94
1304++ A2E3             patch_65hdr: 	
1305++ A2E3 19 C8 0B FF 		db	019h,0c8h,000bh,0ffh
1306++ A2E7             
1307++ A2E7             ;--- GM 66 = Tenor Sax ---
1308++ A2E7             
1309++ A2E7             patch_66: 	
1310++ A2E7 01          		db	1	; transpose on
1311++ A2E8 69 9F       		dw	patch_36hdr
1312++ A2EA 19 E9 48    		db	25,233, 36 * 2
1313++ A2ED 1E AD       		dw	frq_75
1314++ A2EF 1D EA 62    		db	29,234, 49 * 2
1315++ A2F2 7E B9       		dw	frq_715
1316++ A2F4 23 EB 6A    		db	35,235, 53 * 2
1317++ A2F7 AE B0       		dw	frq_228
1318++ A2F9 2A ED 5E    		db	42,237, 47 * 2
1319++ A2FC BE B8       		dw	frq_653
1320++ A2FE 30 EC 6C    		db	48,236, 54 * 2
1321++ A301 EE AC       		dw	frq_70
1322++ A303 3A EE 60    		db	58,238, 48 * 2
1323++ A306 C6 B6       		dw	frq_531
1324++ A308 FF EF 5C    		db	255,239, 46 * 2
1325++ A30B 66 BC       		dw	frq_920
1326++ A30D             
1327++ A30D             
1328++ A30D             ;--- GM 67 = Baritone Sax ---
1329++ A30D             
1330++ A30D             patch_67: 	
1331++ A30D 01          		db	1	; transpose on
1332++ A30E 69 9F       		dw	patch_36hdr
1333++ A310 16 DF 48    		db	22,223, 36 * 2
1334++ A313 FE B1       		dw	frq_299
1335++ A315 1D E1 5C    		db	29,225, 46 * 2
1336++ A318 0E B7       		dw	frq_545
1337++ A31A 22 E2 6A    		db	34,226, 53 * 2
1338++ A31D FE B1       		dw	frq_299
1339++ A31F FF E0 5C    		db	255,224, 46 * 2
1340++ A322 EE BB       		dw	frq_874
1341++ A324             
1342++ A324             ;--- GM 68 = Oboe ---
1343++ A324             
1344++ A324             patch_68: 	
1345++ A324 01          		db	1	; transpose on
1346++ A325 45 A3       		dw	patch_68hdr
1347++ A327 25 42 18    		db	37,66, 12 * 2
1348++ A32A 66 BC       		dw	frq_920
1349++ A32C 2C 44 62    		db	44,68, 49 * 2
1350++ A32F 8E B2       		dw	frq_338
1351++ A331 32 43 58    		db	50,67, 44 * 2
1352++ A334 66 BC       		dw	frq_920
1353++ A336 38 46 64    		db	56,70, 50 * 2
1354++ A339 76 B2       		dw	frq_335
1355++ A33B 3E 45 58    		db	62,69, 44 * 2
1356++ A33E 66 BC       		dw	frq_920
1357++ A340 FF 47 64    		db	255,71, 50 * 2
1358++ A343 76 B2       		dw	frq_335
1359++ A345             patch_68hdr: 	
1360++ A345 39 FF       		db	039h,0ffh
1361++ A347             
1362++ A347             ;--- GM 69 = English Horn ---
1363++ A347             
1364++ A347             patch_69: 	
1365++ A347 01          		db	1	; transpose on
1366++ A348 59 A3       		dw	patch_69hdr
1367++ A34A 21 3C 30    		db	33,60, 24 * 2
1368++ A34D F6 B0       		dw	frq_254
1369++ A34F 27 3B 5A    		db	39,59, 45 * 2
1370++ A352 0E BA       		dw	frq_750
1371++ A354 FF 3D 66    		db	255,61, 51 * 2
1372++ A357 DE B0       		dw	frq_242
1373++ A359             patch_69hdr: 	
1374++ A359 31 FF       		db	031h,0ffh
1375++ A35B             
1376++ A35B             ;--- GM 70 = Bassoon ---
1377++ A35B             
1378++ A35B             patch_70: 	
1379++ A35B 01          		db	1	; transpose on
1380++ A35C 59 A3       		dw	patch_69hdr
1381++ A35E 0B 38 60    		db	11,56, 48 * 2
1382++ A361 06 AD       		dw	frq_73
1383++ A363 17 3A 5E    		db	23,58, 47 * 2
1384++ A366 DE B6       		dw	frq_532
1385++ A368 FF 39 76    		db	255,57, 59 * 2
1386++ A36B 1E AD       		dw	frq_75
1387++ A36D             
1388++ A36D             ;--- GM 71 = Clarinet ---
1389++ A36D             
1390++ A36D             patch_71: 	
1391++ A36D 01          		db	1	; transpose on
1392++ A36E 84 A3       		dw	patch_71hdr
1393++ A370 24 9E 30    		db	36,158, 24 * 2
1394++ A373 56 BA       		dw	frq_810
1395++ A375 2A A0 78    		db	42,160, 60 * 2
1396++ A378 B6 B1       		dw	frq_288
1397++ A37A 33 9F 6C    		db	51,159, 54 * 2
1398++ A37D AE B9       		dw	frq_726
1399++ A37F FF A1 66    		db	255,161, 51 * 2
1400++ A382 66 BC       		dw	frq_920
1401++ A384             patch_71hdr: 	
1402++ A384 29 FF       		db	029h,0ffh
1403++ A386             
1404++ A386             ;--- GM 72 = Piccolo ---
1405++ A386             
1406++ A386             patch_72: 	
1407++ A386 01          		db	1	; transpose on
1408++ A387 A2 A3       		dw	patch_72hdr
1409++ A389 29 71 30    		db	41,113, 24 * 2
1410++ A38C C6 AD       		dw	frq_94
1411++ A38E 36 72 6A    		db	54,114, 53 * 2
1412++ A391 3E AE       		dw	frq_118
1413++ A393 3C 73 6C    		db	60,115, 54 * 2
1414++ A396 C6 AD       		dw	frq_94
1415++ A398 48 74 78    		db	72,116, 60 * 2
1416++ A39B B6 B1       		dw	frq_288
1417++ A39D FF 75 78    		db	255,117, 60 * 2
1418++ A3A0 66 BC       		dw	frq_920
1419++ A3A2             patch_72hdr: 	
1420++ A3A2 38 E0 02 FF 		db	038h,0e0h,2,0ffh
1421++ A3A6             
1422++ A3A6             ;--- GM 73 = Flute ---
1423++ A3A6             
1424++ A3A6             patch_73: 	
1425++ A3A6 01          		db	1	; transpose on
1426++ A3A7 A2 A3       		dw	patch_72hdr
1427++ A3A9 29 71 30    		db	41,113, 24 * 2
1428++ A3AC C6 AD       		dw	frq_94
1429++ A3AE 36 72 6A    		db	54,114, 53 * 2
1430++ A3B1 3E AE       		dw	frq_118
1431++ A3B3 FF 73 6C    		db	255,115, 54 * 2
1432++ A3B6 C6 AD       		dw	frq_94
1433++ A3B8             
1434++ A3B8             ;--- GM 74 = Recorder ---
1435++ A3B8             
1436++ A3B8             patch_74: 	
1437++ A3B8 01          		db	1	; transpose on
1438++ A3B9 C0 A3       		dw	patch_74hdr
1439++ A3BB FF BD 30    		db	255,189, 24 * 2
1440++ A3BE 86 AE       		dw	frq_143
1441++ A3C0             patch_74hdr: 	
1442++ A3C0 30 E0 01 FF 		db	030h,0e0h,1,0ffh
1443++ A3C4             
1444++ A3C4             ;--- GM 75 = Pan Flute ---
1445++ A3C4             
1446++ A3C4             patch_75: 	
1447++ A3C4 01          		db	1	; transpose on
1448++ A3C5 CC A3       		dw	patch_75hdr
1449++ A3C7 FF 77 00    		db	255,119, 0 * 2
1450++ A3CA 36 B6       		dw	frq_461
1451++ A3CC             patch_75hdr: 	
1452++ A3CC 30 E0 03 FF 		db	030h,0e0h,3,0ffh
1453++ A3D0             
1454++ A3D0             ;--- GM 76 = Blown Bottle ---
1455++ A3D0             
1456++ A3D0             patch_76A: 	
1457++ A3D0 01          		db	1	; transpose on
1458++ A3D1 D8 A3       		dw	patch_76Ahdr
1459++ A3D3 FF 77 00    		db	255,119, 0 * 2
1460++ A3D6 36 B6       		dw	frq_461
1461++ A3D8             patch_76Ahdr: 	
1462++ A3D8 38 E0 01 FF 		db	038h,0e0h,1,0ffh
1463++ A3DC             
1464++ A3DC             patch_76B: 	
1465++ A3DC 01          		db	1	; transpose on
1466++ A3DD E4 A3       		dw	patch_76Bhdr
1467++ A3DF FF 25 31    		db	255,25h, 31h ;1 + (12 + 2) * 2	; tone 293
1468++ A3E2 2E AC       		dw	frq_21
1469++ A3E4             patch_76Bhdr: 	
1470++ A3E4 00 FF       		db	0h,0ffh
1471++ A3E6             
1472++ A3E6             ;--- GM 77 = Shakuhachi ---
1473++ A3E6             
1474++ A3E6             patch_77A: 		
1475++ A3E6 01          		db	1	; transpose on
1476++ A3E7 CC A3       		dw	patch_75hdr
1477++ A3E9 FF AB 18    		db	255,171, 12 * 2
1478++ A3EC 5E BE       		dw	frq_969
1479++ A3EE             
1480++ A3EE             patch_77B: 	
1481++ A3EE 01          		db	1	; transpose on
1482++ A3EF F6 A3       		dw	patch_77Bhdr
1483++ A3F1 FF 76 18    		db	255,118, 12 * 2
1484++ A3F4 06 B3       		dw	frq_345
1485++ A3F6             patch_77Bhdr: 	
1486++ A3F6 28 E0 02 FF 		db	028h,0e0h,2,0ffh
1487++ A3FA             
1488++ A3FA             ;--- GM 78 = Whistle ---
1489++ A3FA             
1490++ A3FA             patch_78: 	
1491++ A3FA 01          		db	1	; transpose on
1492++ A3FB 02 A4       		dw	patch_78hdr
1493++ A3FD FF AA 00    		db	255,170, 0 * 2
1494++ A400 C6 AD       		dw	frq_94
1495++ A402             patch_78hdr: 	
1496++ A402 2C 98 70 FF 		db	02ch,098h,070h,0ffh
1497++ A406             
1498++ A406             ;--- GM 79 = Ocarina ---
1499++ A406             
1500++ A406             patch_79: 	
1501++ A406 01          		db	1	; transpose on
1502++ A407 0E A4       		dw	patch_79hdr
1503++ A409 FF AA 00    		db	255,170, 0 * 2
1504++ A40C C6 AD       		dw	frq_94
1505++ A40E             patch_79hdr: 	
1506++ A40E 29 E0 01 FF 		db	029h,0e0h,1,0ffh
1507++ A412             
1508++ A412             ;--- GM 80 = Lead 1 (square) ---
1509++ A412             
1510++ A412             patch_80A: 	
1511++ A412 01          		db	1	; transpose on
1512++ A413 33 A4       		dw	patch_80Ahdr
1513++ A415 13 CC 78    		db	19,204, 60 * 2
1514++ A418 BE B2       		dw	frq_341
1515++ A41A 1F CD 6E    		db	31,205, 55 * 2
1516++ A41D EE B2       		dw	frq_343
1517++ A41F 2B CA 6E    		db	43,202, 55 * 2
1518++ A422 EE B2       		dw	frq_343
1519++ A424 37 CF 6E    		db	55,207, 55 * 2
1520++ A427 EE B2       		dw	frq_343
1521++ A429 43 CE 6E    		db	67,206, 55 * 2
1522++ A42C EE B2       		dw	frq_343
1523++ A42E FF CB 6E    		db	255,203, 55 * 2
1524++ A431 EE B2       		dw	frq_343
1525++ A433             patch_80Ahdr: 	
1526++ A433 38 98 C6 FF 		db	038h,098h,0c6h,0ffh
1527++ A437             
1528++ A437             
1529++ A437             patch_80B: 	
1530++ A437 01          		db	1	; transpose on
1531++ A438 58 A4       		dw	patch_80Bhdr
1532++ A43A 13 CC 78    		db	19,204, 60 * 2
1533++ A43D 76 B2       		dw	frq_335
1534++ A43F 1F CD 6E    		db	31,205, 55 * 2
1535++ A442 8E B2       		dw	frq_338
1536++ A444 2B CA 6E    		db	43,202, 55 * 2
1537++ A447 8E B2       		dw	frq_338
1538++ A449 37 CF 6E    		db	55,207, 55 * 2
1539++ A44C 8E B2       		dw	frq_338
1540++ A44E 43 CE 6E    		db	67,206, 55 * 2
1541++ A451 8E B2       		dw	frq_338
1542++ A453 FF CB 6E    		db	255,203, 55 * 2
1543++ A456 8E B2       		dw	frq_338
1544++ A458             patch_80Bhdr: 	
1545++ A458 08 98 C6 FF 		db	008h,098h,0c6h,0ffh
1546++ A45C             
1547++ A45C             
1548++ A45C             ;--- GM 81 = Lead 2 (sawtooth) ---
1549++ A45C             
1550++ A45C             patch_81A: 	
1551++ A45C 01          		db	1	; transpose on
1552++ A45D 9B A4       		dw	patch_81Ahdr
1553++ A45F 10 18 61    		db	16,18h, 1 + 48 * 2	; tone 280
1554++ A462 C6 BC       		dw	frq_927
1555++ A464 16 19 81    		db	22,19h, 1 + 64 * 2	; tone 281
1556++ A467 C6 B3       		dw	frq_358
1557++ A469 1C 1A 75    		db	28,1ah, 1 + 58 * 2	; tone 282
1558++ A46C 96 BC       		dw	frq_925
1559++ A46E 22 1B 81    		db	34,1bh, 1 + 64 * 2	; tone 283
1560++ A471 C6 B3       		dw	frq_358
1561++ A473 28 1C 75    		db	40,1ch, 1 + 58 * 2	; tone 284
1562++ A476 26 BD       		dw	frq_936
1563++ A478 2E 1D 81    		db	46,1dh, 1 + 64 * 2	; tone 285
1564++ A47B 26 B4       		dw	frq_364
1565++ A47D 34 1E 75    		db	52,1eh, 1 + 58 * 2	; tone 286
1566++ A480 B6 BD       		dw	frq_949
1567++ A482 3A 1F 81    		db	58,1fh, 1 + 64 * 2	; tone 287
1568++ A485 26 B4       		dw	frq_364
1569++ A487 40 20 75    		db	64,20h, 1 + 58 * 2	; tone 288
1570++ A48A 76 BE       		dw	frq_974
1571++ A48C 46 21 81    		db	70,21h, 1 + 64 * 2	; tone 289
1572++ A48F A6 B2       		dw	frq_340
1573++ A491 4F 22 75    		db	79,22h, 1 + 58 * 2	; tone 290
1574++ A494 96 BC       		dw	frq_925
1575++ A496 FF 23 6F    		db	255,23h, 1 + 55 * 2	; tone 291
1576++ A499 96 BC       		dw	frq_925
1577++ A49B             patch_81Ahdr: 	
1578++ A49B             		db	030h,098h,0f2h,0b0h,022h,0c8h,00ah,0ffh
1578++ A49B 3098F2B022C80AFF
1579++ A4A3             
1580++ A4A3             patch_81B: 	
1581++ A4A3 01          		db	1	; transpose on
1582++ A4A4 9B A4       		dw	patch_81Ahdr
1583++ A4A6 10 18 61    		db	16,18h, 1 + 48 * 2	; tone 280
1584++ A4A9 4E BC       		dw	frq_918
1585++ A4AB 16 19 81    		db	22,19h, 1 + 64 * 2	; tone 281
1586++ A4AE 4E B3       		dw	frq_352
1587++ A4B0 1C 1A 75    		db	28,1ah, 1 + 58 * 2	; tone 282
1588++ A4B3 36 BC       		dw	frq_916
1589++ A4B5 22 1B 81    		db	34,1bh, 1 + 64 * 2	; tone 283
1590++ A4B8 4E B3       		dw	frq_352
1591++ A4BA 28 1C 75    		db	40,1ch, 1 + 58 * 2	; tone 284
1592++ A4BD C6 BC       		dw	frq_927
1593++ A4BF 2E 1D 81    		db	46,1dh, 1 + 64 * 2	; tone 285
1594++ A4C2 C6 B3       		dw	frq_358
1595++ A4C4 34 1E 75    		db	52,1eh, 1 + 58 * 2	; tone 286
1596++ A4C7 6E BD       		dw	frq_941
1597++ A4C9 3A 1F 81    		db	58,1fh, 1 + 64 * 2	; tone 287
1598++ A4CC C6 B3       		dw	frq_358
1599++ A4CE 40 20 75    		db	64,20h, 1 + 58 * 2	; tone 288
1600++ A4D1 46 BE       		dw	frq_966
1601++ A4D3 46 21 81    		db	70,21h, 1 + 64 * 2	; tone 289
1602++ A4D6 5E B2       		dw	frq_333
1603++ A4D8 4F 22 75    		db	79,22h, 1 + 58 * 2	; tone 290
1604++ A4DB 36 BC       		dw	frq_916
1605++ A4DD FF 23 6F    		db	255,23h, 1 + 55 * 2	; tone 291
1606++ A4E0 36 BC       		dw	frq_916
1607++ A4E2             
1608++ A4E2             ;--- GM 82 = Lead 3 (calliope) ---
1609++ A4E2             
1610++ A4E2             patch_82A: 	
1611++ A4E2 01          		db	1	; transpose on
1612++ A4E3 EA A4       		dw	patch_82Ahdr
1613++ A4E5 FF AA 00    		db	255,170, 0 * 2
1614++ A4E8 C6 AD       		dw	frq_94
1615++ A4EA             patch_82Ahdr: 	
1616++ A4EA 28 E0 02 FF 		db	028h,0e0h,2,0ffh
1617++ A4EE             
1618++ A4EE             patch_82B: 	
1619++ A4EE 01          		db	1	; transpose on
1620++ A4EF F6 A4       		dw	patch_82Bhdr
1621++ A4F1 FF 76 18    		db	255,118, 12 * 2
1622++ A4F4 06 B3       		dw	frq_345
1623++ A4F6             patch_82Bhdr: 	
1624++ A4F6             		db	028h,098h,0b0h,0e0h,2,0ffh
1624++ A4F6 2898B0E002FF
1625++ A4FC             
1626++ A4FC             ;--- GM 83 = Lead 4 (chiff) ---
1627++ A4FC             
1628++ A4FC             patch_83A: 	
1629++ A4FC 01          		db	1	; transpose on
1630++ A4FD 04 A5       		dw	patch_83Ahdr
1631++ A4FF FF 3A 19    		db	255,3ah, 1 + 12 * 2	; tone 314
1632++ A502 2E B2       		dw	frq_314
1633++ A504             patch_83Ahdr: 	
1634++ A504 2A E0 01 FF 		db	02ah,0e0h,1,0ffh
1635++ A508             
1636++ A508             patch_83B: 	
1637++ A508 01          		db	1	; transpose on
1638++ A509 47 9C       		dw	patch_2Bhdr
1639++ A50B FF FE 18    		db	255,254, 12 * 2
1640++ A50E 16 B2       		dw	frq_311
1641++ A510             
1642++ A510             
1643++ A510             ;--- GM 84 = Lead 5 (charang) ---
1644++ A510             
1645++ A510             patch_84A: 	
1646++ A510 01          		db	1	; transpose on
1647++ A511 1D A5       		dw	patch_84Ahdr
1648++ A513 29 A5 48    		db	41,165, 36 * 2
1649++ A516 C6 B0       		dw	frq_231
1650++ A518 FF A6 82    		db	255,166, 65 * 2
1651++ A51B 4E B6       		dw	frq_462
1652++ A51D             patch_84Ahdr: 	
1653++ A51D 33 FF       		db	033h,0ffh
1654++ A51F             
1655++ A51F             patch_84B: 	
1656++ A51F 01          		db	1	; transpose on
1657++ A520 5E A5       		dw	patch_84Bhdr
1658++ A522 10 18 61    		db	16,18h, 1 + 48 * 2	; tone 280
1659++ A525 4E BC       		dw	frq_918
1660++ A527 16 19 81    		db	22,19h, 1 + 64 * 2	; tone 281
1661++ A52A 4E B3       		dw	frq_352
1662++ A52C 1C 1A 75    		db	28,1ah, 1 + 58 * 2	; tone 282
1663++ A52F 36 BC       		dw	frq_916
1664++ A531 22 1B 81    		db	34,1bh, 1 + 64 * 2	; tone 283
1665++ A534 4E B3       		dw	frq_352
1666++ A536 28 1C 75    		db	40,1ch, 1 + 58 * 2	; tone 284
1667++ A539 C6 BC       		dw	frq_927
1668++ A53B 2E 1D 81    		db	46,1dh, 1 + 64 * 2	; tone 285
1669++ A53E C6 B3       		dw	frq_358
1670++ A540 34 1E 75    		db	52,1eh, 1 + 58 * 2	; tone 286
1671++ A543 6E BD       		dw	frq_941
1672++ A545 3A 1F 81    		db	58,1fh, 1 + 64 * 2	; tone 287
1673++ A548 C6 B3       		dw	frq_358
1674++ A54A 40 20 75    		db	64,20h, 1 + 58 * 2	; tone 288
1675++ A54D 46 BE       		dw	frq_966
1676++ A54F 46 21 81    		db	70,21h, 1 + 64 * 2	; tone 289
1677++ A552 5E B2       		dw	frq_333
1678++ A554 4F 22 75    		db	79,22h, 1 + 58 * 2	; tone 290
1679++ A557 36 BC       		dw	frq_916
1680++ A559 FF 23 6F    		db	255,23h, 1 + 55 * 2	; tone 291
1681++ A55C 36 BC       		dw	frq_916
1682++ A55E             patch_84Bhdr: 	
1683++ A55E             		db	02ah,098h,0f2h,0b0h,022h,0c8h,00eh,0ffh
1683++ A55E 2A98F2B022C80EFF
1684++ A566             
1685++ A566             
1686++ A566             ;--- GM 85 = Lead 6 (voice) ---
1687++ A566             
1688++ A566             patch_85A: 	
1689++ A566 01          		db	1	; transpose on
1690++ A567 6E A5       		dw	patch_85Ahdr
1691++ A569 FF AA 00    		db	255,170, 0 * 2
1692++ A56C 0E AE       		dw	frq_98
1693++ A56E             patch_85Ahdr: 	
1694++ A56E 2E FF       		db	02eh,0ffh
1695++ A570             
1696++ A570             patch_85B: 	
1697++ A570 01          		db	1	; transpose on
1698++ A571 78 A5       		dw	patch_85Bhdr
1699++ A573 FF 2A 18    		db	255,42, 12 * 2
1700++ A576 A6 AF       		dw	frq_204
1701++ A578             patch_85Bhdr: 	
1702++ A578             		db	029h,098h,0f0h,0c8h,00ah,0ffh
1702++ A578 2998F0C80AFF
1703++ A57E             
1704++ A57E             
1705++ A57E             ;--- GM 86 = Lead 7 (fifths) ---
1706++ A57E             
1707++ A57E             patch_86A: 	
1708++ A57E 01          		db	1	; transpose on
1709++ A57F BD A5       		dw	patch_86Ahdr
1710++ A581 10 18 61    		db	16,18h, 1 + 48 * 2	; tone 280
1711++ A584 4E BC       		dw	frq_918
1712++ A586 16 19 81    		db	22,19h, 1 + 64 * 2	; tone 281
1713++ A589 4E B3       		dw	frq_352
1714++ A58B 1C 1A 75    		db	28,1ah, 1 + 58 * 2	; tone 282
1715++ A58E 36 BC       		dw	frq_916
1716++ A590 22 1B 81    		db	34,1bh, 1 + 64 * 2	; tone 283
1717++ A593 4E B3       		dw	frq_352
1718++ A595 28 1C 75    		db	40,1ch, 1 + 58 * 2	; tone 284
1719++ A598 C6 BC       		dw	frq_927
1720++ A59A 2E 1D 81    		db	46,1dh, 1 + 64 * 2	; tone 285
1721++ A59D C6 B3       		dw	frq_358
1722++ A59F 34 1E 75    		db	52,1eh, 1 + 58 * 2	; tone 286
1723++ A5A2 6E BD       		dw	frq_941
1724++ A5A4 3A 1F 81    		db	58,1fh, 1 + 64 * 2	; tone 287
1725++ A5A7 C6 B3       		dw	frq_358
1726++ A5A9 40 20 75    		db	64,20h, 1 + 58 * 2	; tone 288
1727++ A5AC 46 BE       		dw	frq_966
1728++ A5AE 46 21 81    		db	70,21h, 1 + 64 * 2	; tone 289
1729++ A5B1 5E B2       		dw	frq_333
1730++ A5B3 4F 22 75    		db	79,22h, 1 + 58 * 2	; tone 290
1731++ A5B6 36 BC       		dw	frq_916
1732++ A5B8 FF 23 6F    		db	255,23h, 1 + 55 * 2	; tone 291
1733++ A5BB 36 BC       		dw	frq_916
1734++ A5BD             patch_86Ahdr: 	
1735++ A5BD 32 98 F5 FF 		db	032h,098h,0f5h,0ffh
1736++ A5C1             
1737++ A5C1             patch_86B: 	
1738++ A5C1 01          		db	1	; transpose on
1739++ A5C2 C9 A5       		dw	patch_86Bhdr
1740++ A5C4 FF 02 18    		db	255,2, 12 * 2
1741++ A5C7 DE BC       		dw	frq_929
1742++ A5C9             patch_86Bhdr: 	
1743++ A5C9             		db	031h,098h,0b3h,0b0h,022h,0c8h,00bh,0ffh
1743++ A5C9 3198B3B022C80BFF
1744++ A5D1             
1745++ A5D1             ;--- GM 87 = Lead 8 (bass + lead) ---
1746++ A5D1             
1747++ A5D1             patch_87A: 	
1748++ A5D1 01          		db	1	; transpose on
1749++ A5D2 B4 9E       		dw	patch_27hdr
1750++ A5D4 FF 17 61    		db	255,17h, 1 + 48 * 2	; tone 279
1751++ A5D7 66 B0       		dw	frq_219
1752++ A5D9             
1753++ A5D9             
1754++ A5D9             ;--- GM 88 = Pad 1 (new age) ---
1755++ A5D9             ; B zachter dan A
1756++ A5D9             patch_88A: 	
1757++ A5D9 01          		db	1	; transpose on
1758++ A5DA E1 A5       		dw	patch_88Ahdr
1759++ A5DC FF 02 18    		db	255,2, 12 * 2
1760++ A5DF C6 BC       		dw	frq_927
1761++ A5E1             patch_88Ahdr: 	
1762++ A5E1 24 FF       		db	024h,0ffh
1763++ A5E3             
1764++ A5E3             patch_88B: 	
1765++ A5E3 01          		db	1	; transpose on
1766++ A5E4 EB A5       		dw	patch_88Bhdr
1767++ A5E6 FF F3 18    		db	255,243, 12 * 2
1768++ A5E9 96 B9       		dw	frq_721
1769++ A5EB             patch_88Bhdr: 	
1770++ A5EB             		db	023h,098h,0a2h,0b0h,014h,0c8h,6,0e0h,1,0ffh
1770++ A5EB 2398A2B014C806E001FF
1771++ A5F5             
1772++ A5F5             ;--- GM 89 = Pad 2 (warm) ---
1773++ A5F5             ; B zachter dan A
1774++ A5F5             patch_89A: 	
1775++ A5F5 01          		db	1	; transpose on
1776++ A5F6 FD A5       		dw	patch_89Ahdr
1777++ A5F8 FF 4E 30    		db	255,78, 24 * 2
1778++ A5FB E6 B4       		dw	frq_379
1779++ A5FD             patch_89Ahdr: 	
1780++ A5FD 2A E0 02 FF 		db	02ah,0e0h,2,0ffh
1781++ A601             
1782++ A601             patch_89B: 	
1783++ A601 01          		db	1	; transpose on
1784++ A602 7C A2       		dw	patch_63Bhdr
1785++ A604 FF 29 18    		db	255,41, 12 * 2
1786++ A607 0E B1       		dw	frq_261
1787++ A609             
1788++ A609             
1789++ A609             ;--- GM 90 = Pad 3 (polysynth) ---
1790++ A609             
1791++ A609             patch_90A: 	
1792++ A609 01          		db	1	; transpose on
1793++ A60A 48 A6       		dw	patch_90Ahdr
1794++ A60C 10 18 61    		db	16,18h, 1 + 48 * 2	; tone 280
1795++ A60F DE BC       		dw	frq_929
1796++ A611 16 19 81    		db	22,19h, 1 + 64 * 2	; tone 281
1797++ A614 DE B3       		dw	frq_360
1798++ A616 1C 1A 75    		db	28,1ah, 1 + 58 * 2	; tone 282
1799++ A619 C6 BC       		dw	frq_927
1800++ A61B 22 1B 81    		db	34,1bh, 1 + 64 * 2	; tone 283
1801++ A61E DE B3       		dw	frq_360
1802++ A620 28 1C 75    		db	40,1ch, 1 + 58 * 2	; tone 284
1803++ A623 56 BD       		dw	frq_939
1804++ A625 2E 1D 81    		db	46,1dh, 1 + 64 * 2	; tone 285
1805++ A628 56 B4       		dw	frq_366
1806++ A62A 34 1E 75    		db	52,1eh, 1 + 58 * 2	; tone 286
1807++ A62D E6 BD       		dw	frq_951
1808++ A62F 3A 1F 81    		db	58,1fh, 1 + 64 * 2	; tone 287
1809++ A632 56 B4       		dw	frq_366
1810++ A634 40 20 75    		db	64,20h, 1 + 58 * 2	; tone 288
1811++ A637 8E BE       		dw	frq_977
1812++ A639 46 21 81    		db	70,21h, 1 + 64 * 2	; tone 289
1813++ A63C BE B2       		dw	frq_341
1814++ A63E 4F 22 75    		db	79,22h, 1 + 58 * 2	; tone 290
1815++ A641 C6 BC       		dw	frq_927
1816++ A643 FF 23 6F    		db	255,23h, 1 + 55 * 2	; tone 291
1817++ A646 C6 BC       		dw	frq_927
1818++ A648             patch_90Ahdr: 	
1819++ A648             		db	023h,098h,0f2h,0b0h,022h,0c8h,007h,0e0h,1,0ffh
1819++ A648 2398F2B022C807E001FF
1820++ A652             
1821++ A652             patch_90B: 	
1822++ A652 01          		db	1	; transpose on
1823++ A653 5A A6       		dw	patch_90Bhdr
1824++ A655 FF 24 19    		db	255,24h, 1 + 12 * 2	; tone 292
1825++ A658 3E B7       		dw	frq_550
1826++ A65A             patch_90Bhdr: 	
1827++ A65A 22 98 E5 FF 		db	022h,098h,0e5h,0ffh
1828++ A65E             
1829++ A65E             ;--- GM 91 = Pad 4 (choir) ---
1830++ A65E             
1831++ A65E             patch_91A: 	
1832++ A65E 01          		db	1	; transpose on
1833++ A65F 75 A6       		dw	patch_91Ahdr
1834++ A661 23 18 30    		db	35,24, 24 * 2
1835++ A664 A6 AF       		dw	frq_204
1836++ A666 29 19 5E    		db	41,25, 47 * 2
1837++ A669 86 BA       		dw	frq_815
1838++ A66B 30 1A 6A    		db	48,26, 53 * 2
1839++ A66E BE AF       		dw	frq_206
1840++ A670 FF 1B 60    		db	255,27, 48 * 2
1841++ A673 96 B3       		dw	frq_356
1842++ A675             patch_91Ahdr: 	
1843++ A675 25 C8 06 FF 		db	025h,0c8h,006h,0ffh
1844++ A679             
1845++ A679             patch_91B: 	
1846++ A679 01          		db	1	; transpose on
1847++ A67A 81 A6       		dw	patch_91Bhdr
1848++ A67C FF 2A 18    		db	255,42, 12 * 2
1849++ A67F D6 AF       		dw	frq_208
1850++ A681             patch_91Bhdr: 	
1851++ A681             		db	024h,098h,065h,0b0h,021h,0ffh
1851++ A681 249865B021FF
1852++ A687             
1853++ A687             ;--- GM 92 = Pad 5 (bowed) ---
1854++ A687             
1855++ A687             patch_92A: 	
1856++ A687 01          		db	1	; transpose on
1857++ A688 8F A6       		dw	patch_92Ahdr
1858++ A68A FF 02 31    		db	255,2, 1 + 24 * 2	; tone 257
1859++ A68D 7E AD       		dw	frq_88
1860++ A68F             patch_92Ahdr: 	
1861++ A68F             		db	019h,098h,044h,0e0h,2,0ffh
1861++ A68F 199844E002FF
1862++ A695             
1863++ A695             patch_92B: 	
1864++ A695 01          		db	1	; transpose on
1865++ A696 9D A6       		dw	patch_92Bhdr
1866++ A698 FF AA 00    		db	255,170, 0 * 2
1867++ A69B 96 AD       		dw	frq_89
1868++ A69D             patch_92Bhdr: 	
1869++ A69D             		db	019h,098h,040h,0c8h,6,0ffh
1869++ A69D 199840C806FF
1870++ A6A3             
1871++ A6A3             ;--- GM 93 = Pad 6 (metallic) ---
1872++ A6A3             
1873++ A6A3             patch_93A: 	
1874++ A6A3 01          		db	1	; transpose on
1875++ A6A4 BA A6       		dw	patch_93Ahdr
1876++ A6A6 1A 0C 48    		db	26,12, 36 * 2
1877++ A6A9 A6 B5       		dw	frq_445
1878++ A6AB 21 0D 64    		db	33,13, 50 * 2
1879++ A6AE D6 B5       		dw	frq_450
1880++ A6B0 30 0E 5A    		db	48,14, 45 * 2
1881++ A6B3 FE BA       		dw	frq_828
1882++ A6B5 FF 0F 60    		db	255,15, 48 * 2
1883++ A6B8 FE BA       		dw	frq_828
1884++ A6BA             patch_93Ahdr: 	
1885++ A6BA             		db	00ah,0b0h,003h,0c8h,6,0ffh
1885++ A6BA 0AB003C806FF
1886++ A6C0             
1887++ A6C0             patch_93B: 	
1888++ A6C0 01          		db	1	; transpose on
1889++ A6C1 C8 A6       		dw	patch_93Bhdr
1890++ A6C3 FF 3F 18    		db	255,63, 12 * 2
1891++ A6C6 1E B9       		dw	frq_698
1892++ A6C8             patch_93Bhdr: 	
1893++ A6C8 31 98 85 FF 		db	031h,098h,085h,0ffh
1894++ A6CC             
1895++ A6CC             ;--- GM 94 = Pad 7 (halo) ---
1896++ A6CC             patch_94A: 	
1897++ A6CC 01          		db	1	; transpose on
1898++ A6CD 10 A1       		dw	patch_52hdr
1899++ A6CF FF 24 19    		db	255,24h, 1 + 12 * 2	; 292
1900++ A6D2 E6 B7       		dw	frq_560
1901++ A6D4             
1902++ A6D4             patch_94B: 	
1903++ A6D4 01          		db	1	; transpose on
1904++ A6D5 BF 9C       		dw	patch_5Ahdr
1905++ A6D7 FF 2A 18    		db	255,42, 12 * 2
1906++ A6DA 76 AF       		dw	frq_202
1907++ A6DC             
1908++ A6DC             
1909++ A6DC             ;--- GM 95 = Pad 8 (sweep) ---
1910++ A6DC             
1911++ A6DC             patch_95A: 	
1912++ A6DC 01          		db	1	; transpose on
1913++ A6DD 1B A7       		dw	patch_95Ahdr
1914++ A6DF 10 D3 60    		db	16,211, 48 * 2
1915++ A6E2 66 BC       		dw	frq_920
1916++ A6E4 16 DA 80    		db	22,218, 64 * 2
1917++ A6E7 96 B3       		dw	frq_356
1918++ A6E9 1C D4 74    		db	28,212, 58 * 2
1919++ A6EC 66 BC       		dw	frq_920
1920++ A6EE 22 DB 80    		db	34,219, 64 * 2
1921++ A6F1 1E B3       		dw	frq_348
1922++ A6F3 28 D5 74    		db	40,213, 58 * 2
1923++ A6F6 3E BD       		dw	frq_937
1924++ A6F8 2E DC 80    		db	46,220, 64 * 2
1925++ A6FB 4E B3       		dw	frq_352
1926++ A6FD 34 D6 74    		db	52,214, 58 * 2
1927++ A700 AE BC       		dw	frq_926
1928++ A702 3A DD 80    		db	58,221, 64 * 2
1929++ A705 3E B4       		dw	frq_365
1930++ A707 40 D7 74    		db	64,215, 58 * 2
1931++ A70A 76 BE       		dw	frq_974	; 975
1932++ A70C 46 DE 80    		db	70,222, 64 * 2
1933++ A70F BE B2       		dw	frq_341
1934++ A711 4C D8 74    		db	76,216, 58 * 2
1935++ A714 AE BC       		dw	frq_926
1936++ A716 FF D9 68    		db	255,217, 52 * 2
1937++ A719 AE BC       		dw	frq_926
1938++ A71B             patch_95Ahdr: 	
1939++ A71B             		db	019h,098h,015h,0c8h,6,0ffh
1939++ A71B 199815C806FF
1940++ A721             
1941++ A721             patch_95B: 	
1942++ A721 01          		db	1	; transpose on
1943++ A722 60 A7       		dw	patch_95Bhdr
1944++ A724 10 D3 60    		db	16,211, 48 * 2
1945++ A727 1E BC       		dw	frq_909
1946++ A729 16 DA 80    		db	22,218, 64 * 2
1947++ A72C 36 B3       		dw	frq_350
1948++ A72E 1C D4 74    		db	28,212, 58 * 2
1949++ A731 1E BC       		dw	frq_909
1950++ A733 22 DB 80    		db	34,219, 64 * 2
1951++ A736 A6 B2       		dw	frq_340
1952++ A738 28 D5 74    		db	40,213, 58 * 2
1953++ A73B C6 BC       		dw	frq_927
1954++ A73D 2E DC 80    		db	46,220, 64 * 2
1955++ A740 06 B3       		dw	frq_345
1956++ A742 34 D6 74    		db	52,214, 58 * 2
1957++ A745 36 BC       		dw	frq_916
1958++ A747 3A DD 80    		db	58,221, 64 * 2
1959++ A74A AE B3       		dw	frq_357
1960++ A74C 40 D7 74    		db	64,215, 58 * 2
1961++ A74F 2E BE       		dw	frq_964
1962++ A751 46 DE 80    		db	70,222, 64 * 2
1963++ A754 5E B2       		dw	frq_333
1964++ A756 4C D8 74    		db	76,216, 58 * 2
1965++ A759 AE BC       		dw	frq_926
1966++ A75B FF D9 68    		db	255,217, 52 * 2
1967++ A75E 36 BC       		dw	frq_916
1968++ A760             
1969++ A760             patch_95Bhdr: 	
1970++ A760             		db	018h,098h,015h,0c8h,6,0ffh
1970++ A760 189815C806FF
1971++ A766             
1972++ A766             ;--- GM 96 = Rain ---
1973++ A766             
1974++ A766             patch_96: 	
1975++ A766 00          		db	0	; transpose off
1976++ A767 8C 9D       		dw	patch_15Bhdr
1977++ A769 FF 43 63    		db	255,43h, 1 + (48 + 1) * 2	; tone 323
1978++ A76C BE B5       		dw	frq_448
1979++ A76E             
1980++ A76E             
1981++ A76E             ;--- GM 97 = Soundtrack ---
1982++ A76E             
1983++ A76E             patch_97A: 	
1984++ A76E 01          		db	1	; transpose on
1985++ A76F 76 A7       		dw	patch_97Ahdr
1986++ A771 FF 02 30    		db	255,2, 24 * 2
1987++ A774 C6 BC       		dw	frq_927
1988++ A776             patch_97Ahdr: 	
1989++ A776 2A 98 60 FF 		db	02ah,098h,060h,0ffh
1990++ A77A             
1991++ A77A             patch_97B: 	
1992++ A77A 01          		db	1	; transpose on
1993++ A77B 82 A7       		dw	patch_97Bhdr
1994++ A77D FF F3 00    		db	255,243, 0 * 2
1995++ A780 4E B9       		dw	frq_704
1996++ A782             patch_97Bhdr: 	
1997++ A782             		db	02dh,098h,052h,0b0h,014h,0c8h,006h,0e0h,2,0ffh
1997++ A782 2D9852B014C806E002FF
1998++ A78C             
1999++ A78C             ;--- GM 98 = Crystal ---
2000++ A78C             
2001++ A78C             patch_98A: 	
2002++ A78C 01          		db	1	; transpose on
2003++ A78D 94 A7       		dw	patch_98Ahdr
2004++ A78F FF F3 00    		db	255,243, 0 * 2
2005++ A792 86 AE       		dw	frq_143
2006++ A794             patch_98Ahdr: 	
2007++ A794 33 FF       		db	033h,0ffh
2008++ A796             
2009++ A796             patch_98B: 	
2010++ A796 01          		db	1	; transpose on
2011++ A797 A8 A7       		dw	patch_98Bhdr
2012++ A799 15 6D 48    		db	21,109, 36 * 2
2013++ A79C E6 BA       		dw	frq_824
2014++ A79E 1F 6E 5A    		db	31,110, 45 * 2
2015++ A7A1 16 BB       		dw	frq_831
2016++ A7A3 FF 6F 56    		db	255,111, 43 * 2
2017++ A7A6 8E BB       		dw	frq_843
2018++ A7A8             patch_98Bhdr: 	
2019++ A7A8             		db	03bh,098h,085h,0c8h,6,0ffh
2019++ A7A8 3B9885C806FF
2020++ A7AE             
2021++ A7AE             ;--- GM 99 = Atmosphere ---
2022++ A7AE             
2023++ A7AE             patch_99A: 	
2024++ A7AE 01          		db	1	; transpose on
2025++ A7AF B6 A7       		dw	patch_99Ahdr
2026++ A7B1 FF 02 30    		db	255,2, 24 * 2
2027++ A7B4 C6 BC       		dw	frq_927
2028++ A7B6             patch_99Ahdr: 	
2029++ A7B6             		db	032h,098h,073h,0b0h,022h,0c8h,6,0e0h,1,0ffh
2029++ A7B6 329873B022C806E001FF
2030++ A7C0             
2031++ A7C0             patch_99B: 	
2032++ A7C0 01          		db	1	; transpose on
2033++ A7C1 DC A7       		dw	patch_99Bhdr
2034++ A7C3 18 B3 48    		db	24,179, 36 * 2
2035++ A7C6 06 B6       		dw	frq_459
2036++ A7C8 1F B7 60    		db	31,183, 48 * 2
2037++ A7CB 6E B7       		dw	frq_555
2038++ A7CD 25 B5 6E    		db	37,181, 55 * 2
2039++ A7D0 2E AC       		dw	frq_21
2040++ A7D2 2C B4 62    		db	44,180, 49 * 2
2041++ A7D5 06 B6       		dw	frq_459
2042++ A7D7 FF B6 58    		db	255,182, 44 * 2
2043++ A7DA AE B9       		dw	frq_726
2044++ A7DC             patch_99Bhdr: 	
2045++ A7DC             		db	032h,0c8h,7,0e0h,2,0ffh
2045++ A7DC 32C807E002FF
2046++ A7E2             
2047++ A7E2             ;--- GM 100 = Brightness ---
2048++ A7E2             
2049++ A7E2             patch_100A: 	
2050++ A7E2 01          		db	1	; transpose on
2051++ A7E3 8C 9D       		dw	patch_15Bhdr
2052++ A7E5 FF 37 31    		db	255,37h, 1 + 24 * 2	; tone 311
2053++ A7E8 56 B4       		dw	frq_366
2054++ A7EA             
2055++ A7EA             patch_100B: 	
2056++ A7EA 01          		db	1	; transpose on
2057++ A7EB F2 A7       		dw	patch_100Bhdr
2058++ A7ED FF 2A 18    		db	255,42, 12 * 2
2059++ A7F0 D6 AF       		dw	frq_208
2060++ A7F2             patch_100Bhdr: 	
2061++ A7F2 29 C8 06 FF 		db	029h,0c8h,6,0ffh
2062++ A7F6             
2063++ A7F6             ;--- GM 102 = Echoes ---
2064++ A7F6             
2065++ A7F6             patch_102A: 	
2066++ A7F6 01          		db	1	; transpose on
2067++ A7F7 FE A7       		dw	patch_102Ahdr
2068++ A7F9 FF 24 31    		db	255,24h, 1 + 24 * 2	; tone 292
2069++ A7FC 56 B7       		dw	frq_552
2070++ A7FE             patch_102Ahdr: 	
2071++ A7FE             		db	02bh,098h,0f5h,0b0h,021h,0c8h,6,0ffh
2071++ A7FE 2B98F5B021C806FF
2072++ A806             
2073++ A806             patch_102B: 	
2074++ A806 01          		db	1	; transpose on
2075++ A807 0E A8       		dw	patch_102Bhdr
2076++ A809 FF 2A 18    		db	255,42, 12 * 2
2077++ A80C EE AF       		dw	frq_211
2078++ A80E             patch_102Bhdr: 	
2079++ A80E             		db	02bh,098h,085h,0b0h,023h,0c8h,7,0ffh
2079++ A80E 2B9885B023C807FF
2080++ A816             
2081++ A816             ;--- GM 103 = FX 8 (sci-fi) ---
2082++ A816             
2083++ A816             patch_103A: 	
2084++ A816 01          		db	1	; transpose on
2085++ A817 2D A8       		dw	patch_103Ahdr
2086++ A819 1A 0C 48    		db	26,12, 36 * 2
2087++ A81C 8E B5       		dw	frq_443
2088++ A81E 21 0D 64    		db	33,13, 50 * 2
2089++ A821 BE B5       		dw	frq_448
2090++ A823 30 0E 5A    		db	48,14, 45 * 2
2091++ A826 E6 BA       		dw	frq_824
2092++ A828 FF 0F 60    		db	255,15, 48 * 2
2093++ A82B E6 BA       		dw	frq_824
2094++ A82D             patch_103Ahdr: 	
2095++ A82D             		db	02bh,098h,090h,0c8h,6,0e0h,3,0ffh
2095++ A82D 2B9890C806E003FF
2096++ A835             
2097++ A835             patch_103B: 	
2098++ A835 01          		db	1	; transpose on
2099++ A836 7C A2       		dw	patch_63Bhdr
2100++ A838 FF 02 18    		db	255,2, 12 * 2
2101++ A83B 96 BC       		dw	frq_925
2102++ A83D             
2103++ A83D             
2104++ A83D             ;--- GM 104 = Sitar ---
2105++ A83D             
2106++ A83D             patch_104: 	
2107++ A83D 01          		db	1	; transpose on
2108++ A83E 45 A8       		dw	patch_104hdr
2109++ A840 FF 0F 19    		db	255,0fh, 1 + 12 * 2	; tone 271
2110++ A843 BE BB       		dw	frq_847
2111++ A845             patch_104hdr: 	
2112++ A845             		db	032h,098h,0f4h,0b0h,015h,0c8h,016h,0e0h,1,0ffh
2112++ A845 3298F4B015C816E001FF
2113++ A84F             
2114++ A84F             ;--- GM 105 = Banjo ---
2115++ A84F             
2116++ A84F             patch_105: 	
2117++ A84F 01          		db	1	; transpose on
2118++ A850 28 9E       		dw	patch_23Ahdr
2119++ A852 1D 13 30    		db	29,19, 24 * 2
2120++ A855 76 B8       		dw	frq_641
2121++ A857 21 14 6A    		db	33,20, 53 * 2
2122++ A85A 8E AF       		dw	frq_203
2123++ A85C 25 12 5A    		db	37,18, 45 * 2
2124++ A85F 9E BD       		dw	frq_944
2125++ A861 2D 15 62    		db	45,21, 49 * 2
2126++ A864 B6 B1       		dw	frq_288
2127++ A866 35 17 5A    		db	53,23, 45 * 2
2128++ A869 EE B8       		dw	frq_677
2129++ A86B FF 16 6A    		db	255,22, 53 * 2
2130++ A86E A6 AC       		dw	frq_45
2131++ A870             
2132++ A870             ;--- GM 106 = Shamisen ---
2133++ A870             
2134++ A870             patch_106: 	
2135++ A870 01          		db	1	; transpose on
2136++ A871 47 9C       		dw	patch_2Bhdr
2137++ A873 FF 0E 19    		db	255,0eh, 1 + 12 * 2	; tone 270
2138++ A876 F6 AD       		dw	frq_97
2139++ A878             
2140++ A878             ;--- GM 107 = Koto ---
2141++ A878             
2142++ A878             patch_107: 	
2143++ A878 01          		db	1	; transpose on
2144++ A879 CF 9B       		dw	patch_0hdr
2145++ A87B FF A9 18    		db	255,169, 12 * 2
2146++ A87E 86 B7       		dw	frq_556
2147++ A880             
2148++ A880             
2149++ A880             ;--- GM 108 = Kalimba ---
2150++ A880             
2151++ A880             patch_108: 	
2152++ A880 01          		db	1	; transpose on
2153++ A881 28 9E       		dw	patch_23Ahdr
2154++ A883 FF 37 19    		db	255,37h, 1 + 12 * 2	; tone 311
2155++ A886 56 B4       		dw	frq_366
2156++ A888             
2157++ A888             
2158++ A888             ;--- GM 109 = Bagpipes ---
2159++ A888             
2160++ A888             patch_109A: 	
2161++ A888 01          		db	1	; transpose on
2162++ A889 95 A8       		dw	patch_109Ahdr
2163++ A88B 22 A4 60    		db	34,164, 48 * 2
2164++ A88E 9E AB       		dw	frq_1
2165++ A890 FF A8 5C    		db	255,168, 46 * 2
2166++ A893 76 B2       		dw	frq_335
2167++ A895             patch_109Ahdr: 	
2168++ A895 1C FF       		db	01ch,0ffh
2169++ A897             
2170++ A897             
2171++ A897             patch_109B: 	
2172++ A897 01          		db	1	; transpose on
2173++ A898 A4 A8       		dw	patch_109Bhdr
2174++ A89A 22 A7 60    		db	34,167, 48 * 2
2175++ A89D 86 AB       		dw	frq_0
2176++ A89F FF A8 5C    		db	255,168, 46 * 2
2177++ A8A2 76 B2       		dw	frq_335
2178++ A8A4             patch_109Bhdr: 	
2179++ A8A4 19 FF       		db	019h,0ffh
2180++ A8A6             
2181++ A8A6             ;--- GM 110 = Fiddle ---
2182++ A8A6             
2183++ A8A6             patch_110: 	
2184++ A8A6 01          		db	1	; transpose on
2185++ A8A7 59 A3       		dw	patch_69hdr
2186++ A8A9 23 05 31    		db	35,05h, 1 + 24 * 2	; tone 261
2187++ A8AC B6 B1       		dw	frq_288
2188++ A8AE 28 02 77    		db	40,02h, 1 + 59 * 2	; tone 258
2189++ A8B1 D6 AC       		dw	frq_69
2190++ A8B3 2A 06 69    		db	42,06h, 1 + 52 * 2	; tone 262
2191++ A8B6 46 B8       		dw	frq_630
2192++ A8B8 2D 07 6D    		db	45,07h, 1 + 54 * 2	; tone 263
2193++ A8BB 86 B7       		dw	frq_556
2194++ A8BD 30 08 73    		db	48,08h, 1 + 57 * 2	; tone 264
2195++ A8C0 26 B1       		dw	frq_264
2196++ A8C2 33 0A 61    		db	51,0ah, 1 + 48 * 2	; tone 266
2197++ A8C5 66 BC       		dw	frq_920
2198++ A8C7 35 0B 67    		db	53,0bh, 1 + 51 * 2	; tone 267
2199++ A8CA AE B9       		dw	frq_726
2200++ A8CC 37 0C 6B    		db	55,0ch, 1 + 53 * 2	; tone 268
2201++ A8CF FE B7       		dw	frq_579
2202++ A8D1 3A 0D 6F    		db	58,0dh, 1 + 55 * 2	; tone 269
2203++ A8D4 8E B2       		dw	frq_338
2204++ A8D6 FF 09 75    		db	255,09h, 1 + 58 * 2	; tone 265
2205++ A8D9 86 AE       		dw	frq_143
2206++ A8DB             
2207++ A8DB             ;--- GM 111 = Shanai ---
2208++ A8DB             
2209++ A8DB             patch_111: 	
2210++ A8DB 01          		db	1	; transpose on
2211++ A8DC E3 A8       		dw	patch_111hdr
2212++ A8DE FF 41 48    		db	255,65, 36 * 2
2213++ A8E1 BE B5       		dw	frq_448
2214++ A8E3             patch_111hdr: 	
2215++ A8E3 31 C8 09 FF 		db	031h,0c8h,9,0ffh
2216++ A8E7             
2217++ A8E7             ;--- GM 112 = Tinkle Bell ---
2218++ A8E7             
2219++ A8E7             patch_112A: 	
2220++ A8E7 01          		db	1	; transpose on
2221++ A8E8 EF A8       		dw	patch_112Ahdr
2222++ A8EA FF F3 00    		db	255,243, 0 * 2
2223++ A8ED 96 B9       		dw	frq_721
2224++ A8EF             patch_112Ahdr: 	
2225++ A8EF 3B 98 D6 FF 		db	03bh,098h,0d6h,0ffh
2226++ A8F3             
2227++ A8F3             patch_112B: 	
2228++ A8F3 01          		db	1	; transpose on
2229++ A8F4 A5 9D       		dw	patch_17hdr
2230++ A8F6 FF 37 49    		db	255,37h, 1 + 36 * 2	; 311
2231++ A8F9 06 B0       		dw	frq_214
2232++ A8FB             
2233++ A8FB             ;--- GM 113 = Agogo ---
2234++ A8FB             
2235++ A8FB             patch_113: 	
2236++ A8FB 00          		db	0	; transpose off
2237++ A8FC 28 9E       		dw	patch_23Ahdr
2238++ A8FE FF 0B 18    		db	255,11, 12 * 2
2239++ A901 4E B0       		dw	frq_217
2240++ A903             
2241++ A903             
2242++ A903             ;--- GM 114 = Steel Drums ---
2243++ A903             
2244++ A903             patch_114A: 	
2245++ A903 00          		db	0	; transpose off
2246++ A904 0B A9       		dw	patch_114Ahdr
2247++ A906 FF FE 18    		db	255,254, 12 * 2
2248++ A909 46 B2       		dw	frq_317
2249++ A90B             patch_114Ahdr: 	
2250++ A90B 38 E0 01 FF 		db	038h,0e0h,1,0ffh
2251++ A90F             
2252++ A90F             patch_114B: 	
2253++ A90F 00          		db	0	; transpose off
2254++ A910 17 A9       		dw	patch_114Bhdr
2255++ A912 FF 01 49    		db	255,1, 1 + 36 * 2	; tone 257
2256++ A915 5E AF       		dw	frq_195
2257++ A917             patch_114Bhdr: 	
2258++ A917             		db	038h,098h,0b0h,0b0h,005h,0e0h,1,0ffh
2258++ A917 3898B0B005E001FF
2259++ A91F             
2260++ A91F             ;--- GM 115 = Woodblock ---
2261++ A91F             
2262++ A91F             patch_115: 	
2263++ A91F 00          		db	0	; transpose off
2264++ A920 27 A9       		dw	patch_115hdr
2265++ A922 FF 2C 30    		db	255,44, 24 * 2
2266++ A925 7E B3       		dw	frq_355
2267++ A927             patch_115hdr: 	
2268++ A927 00 FF       		db	0,0ffh
2269++ A929             
2270++ A929             ;--- GM 116 = Taiko Drum ---
2271++ A929             
2272++ A929             patch_116: 	
2273++ A929 00          		db	0	; transpose off
2274++ A92A 28 9E       		dw	patch_23Ahdr
2275++ A92C FF 3E 18    		db	255,62, 12 * 2
2276++ A92F 4E B0       		dw	frq_217
2277++ A931             
2278++ A931             ;--- GM 117 = Melodic Tom ---
2279++ A931             
2280++ A931             patch_117: 	
2281++ A931 00          		db	0	; transpose off
2282++ A932 39 A9       		dw	patch_117hdr
2283++ A934 FF C7 48    		db	255,199, 36 * 2
2284++ A937 16 B8       		dw	frq_616
2285++ A939             patch_117hdr: 	
2286++ A939 38 C8 01 FF 		db	038h,0c8h,1,0ffh
2287++ A93D             
2288++ A93D             ;--- GM 118 = Synth Drum ---
2289++ A93D             
2290++ A93D             patch_118: 	
2291++ A93D 00          		db	0	; transpose off
2292++ A93E 28 9E       		dw	patch_23Ahdr
2293++ A940 FF 26 30    		db	255,38, 24 * 2
2294++ A943 8E AC       		dw	frq_27
2295++ A945             
2296++ A945             ;--- GM 119 = Reverse Cymbal ---
2297++ A945             
2298++ A945             patch_119: 	
2299++ A945 00          		db	0	; transpose off
2300++ A946 4D A9       		dw	patch_119hdr
2301++ A948 FF 31 48    		db	255,49, 36 * 2
2302++ A94B 86 AE       		dw	frq_143
2303++ A94D             patch_119hdr: 	
2304++ A94D 38 C8 09 FF 		db	038h,0c8h,9,0ffh
2305++ A951             
2306++ A951             ;--- GM 120 = Gtr Fret Noise ---
2307++ A951             
2308++ A951             patch_120: 	
2309++ A951 00          		db	0	; transpose off
2310++ A952 28 9E       		dw	patch_23Ahdr
2311++ A954 FF 38 31    		db	255,38h, 1 + 24 * 2	; tone 312
2312++ A957 66 B3       		dw	frq_354
2313++ A959             
2314++ A959             ;--- GM 121 = Breath Noise ---
2315++ A959             
2316++ A959             patch_121: 	
2317++ A959 00          		db	0	; transpose off
2318++ A95A 28 9E       		dw	patch_23Ahdr
2319++ A95C FF 25 31    		db	255,25h, 1 + 24 * 2	; tone 293
2320++ A95F DE B9       		dw	frq_733
2321++ A961             
2322++ A961             ;--- GM 122 = Sea Shore ---
2323++ A961             
2324++ A961             patch_122A: 	
2325++ A961 00          		db	0	; transpose off
2326++ A962 69 A9       		dw	patch_122Ahdr
2327++ A964 FF 08 48    		db	255,8, 36 * 2
2328++ A967 26 B1       		dw	frq_264
2329++ A969             patch_122Ahdr: 	
2330++ A969 00 C8 04 FF 		db	0,0c8h,4,0ffh
2331++ A96D             
2332++ A96D             patch_122B: 	
2333++ A96D 00          		db	0	; transpose off
2334++ A96E 75 A9       		dw	patch_122Bhdr
2335++ A970 FF 37 60    		db	255,55, 48 * 2
2336++ A973 8E AF       		dw	frq_203
2337++ A975             patch_122Bhdr: 	
2338++ A975             		db	0,098h,020h,0b0h,4,0c8h,5,0e0h,0,0ffh
2338++ A975 009820B004C805E000FF
2339++ A97F             
2340++ A97F             
2341++ A97F             ;--- GM 124 = Telephone / Bird ---
2342++ A97F             
2343++ A97F             patch_124: 	
2344++ A97F 00          		db	0	; transpose off
2345++ A980 27 A9       		dw	patch_115hdr
2346++ A982 30 03 48    		db	48, 3, 36 * 2
2347++ A985 8E AC       		dw	frq_27
2348++ A987 FF 09 48    		db	255, 9, 36 * 2
2349++ A98A 8E AF       		dw	frq_203
2350++ A98C             
2351++ A98C             
2352++ A98C             ;--- GM 125 = Helicopter ---
2353++ A98C             
2354++ A98C             patch_125A: 	
2355++ A98C 00          		db	0	; transpose off
2356++ A98D 94 A9       		dw	patch_125Ahdr
2357++ A98F FF 01 30    		db	255, 1, 24 * 2
2358++ A992 E6 B7       		dw	frq_560
2359++ A994             patch_125Ahdr: 	
2360++ A994 08 C8 07 FF 		db	8,0c8h,7,0ffh
2361++ A998             
2362++ A998 00          patch_125B: 	db	0	; transpose off
2363++ A999 A0 A9       		dw	patch_125Bhdr
2364++ A99B FF 37 48    		db	255, 55, 36 * 2
2365++ A99E 4E B6       		dw	frq_462
2366++ A9A0             patch_125Bhdr: 	
2367++ A9A0             		db	0,0c8h,7,0e0h,0,0ffh
2367++ A9A0 00C807E000FF
2368++ A9A6             
2369++ A9A6             
2370++ A9A6             ;--- GM 126 = Applause ---
2371++ A9A6             
2372++ A9A6             patch_126A: 	
2373++ A9A6 00          		db	0	; transpose off
2374++ A9A7 AE A9       		dw	patch_126Ahdr
2375++ A9A9 FF 36 30    		db	255, 54, 24 * 2
2376++ A9AC 36 B0       		dw	frq_216
2377++ A9AE             patch_126Ahdr: 	
2378++ A9AE 0F 98 70 FF 		db	0fh,098h,070h,0ffh
2379++ A9B2             
2380++ A9B2             patch_126B: 	
2381++ A9B2 00          		db	0	; transpose off
2382++ A9B3 BA A9       		dw	patch_126Bhdr
2383++ A9B5 FF 36 30    		db	255, 54, 24 * 2
2384++ A9B8 4E B6       		dw	frq_462
2385++ A9BA             patch_126Bhdr: 	
2386++ A9BA 07 98 70 FF 		db	07h,098h,070h,0ffh
2387++ A9BE             
2388++ A9BE             ;--- GM 127 = Gunshot / Snare ---
2389++ A9BE             
2390++ A9BE             patch_127: 	
2391++ A9BE 00          		db	0	; transpose off
2392++ A9BF CB A9       		dw	patch_127hdr
2393++ A9C1 30 39 31    		db	48,39h, 1 + 24 * 2	; tone 313
2394++ A9C4 8E AF       		dw	frq_203
2395++ A9C6             ;        	db      255, 59, 1 + 24 * 2
2396++ A9C6 FF 78 30    		db	255, 120, 0 + 24 * 2
2397++ A9C9 8E AF       		dw	frq_203
2398++ A9CB             patch_127hdr: 	
2399++ A9CB 38 C8 03 FF 		db	038h,0c8h,3,0ffh
2400++ A9CF             
2401++ A9CF             ;--- Drum patch 1 ---
2402++ A9CF             
2403++ A9CF             drum_1: 	
2404++ A9CF 00          		db	0	; transpose off
2405++ A9D0 DC A9       		dw	drum_1hdr
2406++ A9D2 30 11 30    		db	48,17, 24 * 2	; tone 17
2407++ A9D5 26 B1       		dw	frq_264
2408++ A9D7 FF BF 48    		db	255,191, 36 * 2	; tone 191
2409++ A9DA 26 B1       		dw	frq_264
2410++ A9DC             drum_1hdr: 	
2411++ A9DC             		db	0,098h,0f4h,0b0h,0feh,0c8h,6,0ffh
2411++ A9DC 0098F4B0FEC806FF
2412++ A9E4             
2413++ A9E4             ;--- Drum patch 2 ---
2414++ A9E4             
2415++ A9E4             drum_2: 	
2416++ A9E4 00          		db	0	; transpose off
2417++ A9E5 F1 A9       		dw	drum_2hdr
2418++ A9E7 30 D1 30    		db	48,209, 24 * 2	; tone 209
2419++ A9EA 06 BC       		dw	frq_908
2420++ A9EC FF C5 30    		db	255,197, 24 * 2	; tone 197
2421++ A9EF 06 BC       		dw	frq_908
2422++ A9F1             drum_2hdr: 	
2423++ A9F1             		db	0,098h,0f5h,0b0h,0f2h,0c8h,6,0ffh
2423++ A9F1 0098F5B0F2C806FF
2424++ A9F9             
2425++ A9F9             
2426++ A9F9             ;--- Drum patch 3 ---
2427++ A9F9             
2428++ A9F9             drum_3: 		
2429++ A9F9 00          		db	0	; transpose off
2430++ A9FA 01 AA       		dw	drum_3hdr
2431++ A9FC FF 0A 30    		db	255,10, 24 * 2	; tone 10
2432++ A9FF D6 B8       		dw	frq_654
2433++ AA01             drum_3hdr: 	
2434++ AA01             		db	0,098h,0f4h,0b0h,0f2h,0c8h,6,0ffh
2434++ AA01 0098F4B0F2C806FF
2435++ AA09             
2436++ AA09             ;--- Drum patch 4 ---
2437++ AA09             
2438++ AA09             drum_4: 		
2439++ AA09 00          		db	0	; transpose off
2440++ AA0A 01 AA       		dw	drum_3hdr
2441++ AA0C FF 1C 30    		db	255,28, 24 * 2	; tone 28
2442++ AA0F FE AE       		dw	frq_187
2443++ AA11             
2444++ AA11             ;--- Drum patch 5 ---
2445++ AA11             
2446++ AA11             drum_5: 	
2447++ AA11 00          		db	0	; transpose off
2448++ AA12 01 AA       		dw	drum_3hdr
2449++ AA14 FF 1F 30    		db	255,31, 24 * 2	; tone 31
2450++ AA17 06 BC       		dw	frq_908
2451++ AA19             
2452++ AA19             ;--- Drum patch 6 ---
2453++ AA19             
2454++ AA19             drum_6: 		
2455++ AA19 00          		db	0	; transpose off
2456++ AA1A 01 AA       		dw	drum_3hdr
2457++ AA1C FF 9C 30    		db	255,156, 24 * 2	; tone 156
2458++ AA1F 8E AC       		dw	frq_27
2459++ AA21             
2460++ AA21             ;--- Drum patch 7 ---
2461++ AA21             
2462++ AA21             drum_7: 	
2463++ AA21 00          		db	0	; transpose off
2464++ AA22 01 AA       		dw	drum_3hdr
2465++ AA24 FF 31 30    		db	255,49, 24 * 2	; tone 49
2466++ AA27 5E AC       		dw	frq_24
2467++ AA29             
2468++ AA29             ;--- Drum patch 8 ---
2469++ AA29             
2470++ AA29             drum_8: 	
2471++ AA29 00          		db	0	; transpose off
2472++ AA2A 31 AA       		dw	drum_8hdr
2473++ AA2C FF 9D 30    		db	255,157, 24 * 2	; tone 157
2474++ AA2F F6 B9       		dw	frq_737
2475++ AA31             drum_8hdr: 	
2476++ AA31             		db	0,0b0h,027h,0c8h,6,0ffh
2476++ AA31 00B027C806FF
2477++ AA37             
2478++ AA37             gmdrm_hdr1: 	
2479++ AA37             		db	0,098h,0f4h,0b0h,0f2h,0c8h,6,0ffh
2479++ AA37 0098F4B0F2C806FF
2480++ AA3F             gmdrm_hdr2: 	
2481++ AA3F             		db	0,098h,0f5h,0b0h,0f2h,0c8h,6,0ffh
2481++ AA3F 0098F5B0F2C806FF
2482++ AA47             gmdrm_hdr3: 	
2483++ AA47             		db	0,098h,0f2h,0b0h,0f2h,0c8h,6,0ffh
2483++ AA47 0098F2B0F2C806FF
2484++ AA4F             gmdrm_hdr4: 	
2485++ AA4F             		db	0,098h,0f1h,0b0h,0f2h,0c8h,6,0ffh
2485++ AA4F 0098F1B0F2C806FF
2486++ AA57             gmdrm_hdr5: 	
2487++ AA57             		db	0,098h,0f4h,0b0h,027h,0c8h,6,0ffh
2487++ AA57 0098F4B027C806FF
2488++ AA5F             gmdrm_hdr6: 	
2489++ AA5F             		db	0,098h,0f4h,0b0h,0f2h,0c8h,7,0ffh
2489++ AA5F 0098F4B0F2C807FF
2490++ AA67             gmdrm_hdr7: 	
2491++ AA67             		db	0,098h,0f6h,0b0h,0ffh,0c8h,6,0ffh
2491++ AA67 0098F6B0FFC806FF
2492++ AA6F             gmdrm_hdr8: 	
2493++ AA6F             		db	0,098h,0f4h,0b0h,0f2h,0c8h,6,0ffh
2493++ AA6F 0098F4B0F2C806FF
2494++ AA77             gmdrm_hdr9: 	
2495++ AA77             		db	0,098h,0f4h,0b0h,0f2h,0c8h,4,0ffh
2495++ AA77 0098F4B0F2C804FF
2496++ AA7F             
2497++ AA7F             ;--- Midi Drum patch ---
2498++ AA7F             
2499++ AA7F             drum_midi: 	
2500++ AA7F 00          		db	0	; transpose off
2501++ AA80 37 AA       		dw	gmdrm_hdr1
2502++ AA82 24 10 1A    		db	36,16, (48 - 35) * 2	; tone 16
2503++ AA85 16 B2       		dw	frq_311
2504++ AA87             
2505++ AA87             MBPlayer_gmdrm_c4: 
2506++ AA87             gmdrm_c4: 	
2507++ AA87 11          		db	17
2508++ AA88 18 F2       		db	018h,0f2h
2509++ AA8A 37 AA       		dw	gmdrm_hdr1
2510++ AA8C             gmdrm_cp4: 	
2511++ AA8C D2          		db	210
2512++ AA8D F6 00       		db	0f6h,0
2513++ AA8F 37 AA       		dw	gmdrm_hdr1
2514++ AA91             gmdrm_d4: 	
2515++ AA91 D1          		db	209
2516++ AA92 F4 F6       		db	0f4h,0f6h
2517++ AA94 3F AA       		dw	gmdrm_hdr2
2518++ AA96             gmdrm_dp4: 	
2519++ AA96 0A          		db	10
2520++ AA97 2A F5       		db	02ah,0f5h
2521++ AA99 37 AA       		dw	gmdrm_hdr1
2522++ AA9B             gmdrm_e4: 	
2523++ AA9B D1          		db	209
2524++ AA9C 38 03       		db	038h,003h
2525++ AA9E 47 AA       		dw	gmdrm_hdr3
2526++ AAA0             gmdrm_f4: 	
2527++ AAA0 C8          		db	200
2528++ AAA1 60 00       		db	060h,0
2529++ AAA3 37 AA       		dw	gmdrm_hdr1
2530++ AAA5             gmdrm_fp4: 	
2531++ AAA5 79          		db	121
2532++ AAA6 5C 01       		db	05ch,1
2533++ AAA8 37 AA       		dw	gmdrm_hdr1
2534++ AAAA             gmdrm_g4: 	
2535++ AAAA C8          		db	200
2536++ AAAB A8 02       		db	0a8h,2
2537++ AAAD 37 AA       		dw	gmdrm_hdr1
2538++ AAAF             gmdrm_gp4: 	
2539++ AAAF 7B          		db	123
2540++ AAB0 34 05       		db	034h,5
2541++ AAB2 37 AA       		dw	gmdrm_hdr1
2542++ AAB4             gmdrm_a4: 	
2543++ AAB4 C8          		db	200
2544++ AAB5 46 04       		db	046h,4
2545++ AAB7 37 AA       		dw	gmdrm_hdr1
2546++ AAB9             gmdrm_ap4: 	
2547++ AAB9 7A          		db	122
2548++ AABA 34 05       		db	034h,5
2549++ AABC 4F AA       		dw	gmdrm_hdr4
2550++ AABE C7          gmdrm_b4: 	db	199
2551++ AABF 0A 03       		db	00ah,3
2552++ AAC1 37 AA       		dw	gmdrm_hdr1
2553++ AAC3             
2554++ AAC3             gmdrm_c5: 	
2555++ AAC3 C7          		db	199
2556++ AAC4 F4 04       		db	0f4h,4
2557++ AAC6 37 AA       		dw	gmdrm_hdr1
2558++ AAC8             gmdrm_cp5: 	
2559++ AAC8 31          		db	49
2560++ AAC9 32 00       		db	032h,0
2561++ AACB 37 AA       		dw	gmdrm_hdr1
2562++ AACD             gmdrm_d5: 	
2563++ AACD C7          		db	199
2564++ AACE 90 10       		db	090h,010h
2565++ AAD0 37 AA       		dw	gmdrm_hdr1
2566++ AAD2             gmdrm_dp5: 	
2567++ AAD2 2E          		db	46
2568++ AAD3 CE 01       		db	0ceh,1
2569++ AAD5 37 AA       		dw	gmdrm_hdr1
2570++ AAD7             gmdrm_e5: 	
2571++ AAD7 7A          		db	122
2572++ AAD8 56 E1       		db	056h,0e1h
2573++ AADA 37 AA       		dw	gmdrm_hdr1
2574++ AADC             gmdrm_f5: 	
2575++ AADC 21          		db	33
2576++ AADD 3C 01       		db	03ch,1
2577++ AADF 37 AA       		dw	gmdrm_hdr1
2578++ AAE1             gmdrm_fp5: 	
2579++ AAE1 25          		db	37
2580++ AAE2 BA 00       		db	0bah,0
2581++ AAE4 47 AA       		dw	gmdrm_hdr3
2582++ AAE6             gmdrm_g5: 	
2583++ AAE6 31          		db	49
2584++ AAE7 CA 05       		db	0cah,5
2585++ AAE9 3F AA       		dw	gmdrm_hdr2
2586++ AAEB 1D          gmdrm_gp5: 	db	29
2587++ AAEC FE F6       		db	0feh,0f6h
2588++ AAEE 37 AA       		dw	gmdrm_hdr1
2589++ AAF0             gmdrm_a5: 	
2590++ AAF0 31          		db	49
2591++ AAF1 70 03       		db	070h,3
2592++ AAF3 37 AA       		dw	gmdrm_hdr1
2593++ AAF5 9D          gmdrm_ap5: 	db	157
2594++ AAF6 CA F5       		db	0cah,0f5h
2595++ AAF8 57 AA       		dw	gmdrm_hdr5
2596++ AAFA             gmdrm_b5: 	
2597++ AAFA 2E          		db	46
2598++ AAFB 74 05       		db	074h,5
2599++ AAFD 5F AA       		dw	gmdrm_hdr6
2600++ AAFF             
2601++ AAFF             gmdrm_c6: 	
2602++ AAFF 1C          		db	28
2603++ AB00 76 01       		db	076h,1
2604++ AB02 37 AA       		dw	gmdrm_hdr1
2605++ AB04             gmdrm_cp6: 	
2606++ AB04 1C          		db	28
2607++ AB05 32 00       		db	032h,0
2608++ AB07 37 AA       		dw	gmdrm_hdr1
2609++ AB09             gmdrm_d6: 	
2610++ AB09 1E          		db	30
2611++ AB0A DA F4       		db	0dah,0f4h
2612++ AB0C 37 AA       		dw	gmdrm_hdr1
2613++ AB0E             gmdrm_dp6: 	
2614++ AB0E 1F          		db	31
2615++ AB0F FE F6       		db	0feh,0f6h
2616++ AB11 37 AA       		dw	gmdrm_hdr1
2617++ AB13             gmdrm_e6: 	
2618++ AB13 1F          		db	31
2619++ AB14 FC F2       		db	0fch,0f2h
2620++ AB16 37 AA       		dw	gmdrm_hdr1
2621++ AB18             gmdrm_f6: 	
2622++ AB18 9C          		db	156
2623++ AB19 3E 00       		db	03eh,0
2624++ AB1B 37 AA       		dw	gmdrm_hdr1
2625++ AB1D             gmdrm_fp6: 	
2626++ AB1D 9C          		db	156
2627++ AB1E D0 F4       		db	0d0h,0f4h
2628++ AB20 37 AA       		dw	gmdrm_hdr1
2629++ AB22             gmdrm_g6: 	
2630++ AB22 0B          		db	11
2631++ AB23 16 00       		db	016h,0
2632++ AB25 37 AA       		dw	gmdrm_hdr1
2633++ AB27             gmdrm_gp6: 	
2634++ AB27 0B          		db	11
2635++ AB28 3C F4       		db	03ch,0f4h
2636++ AB2A 37 AA       		dw	gmdrm_hdr1
2637++ AB2C             gmdrm_a6: 	
2638++ AB2C 2F          		db	47
2639++ AB2D 50 03       		db	050h,3
2640++ AB2F 37 AA       		dw	gmdrm_hdr1
2641++ AB31             gmdrm_ap6: 	
2642++ AB31 30          		db	48
2643++ AB32 4A 00       		db	04ah,0
2644++ AB34 37 AA       		dw	gmdrm_hdr1
2645++ AB36             gmdrm_b6: 	
2646++ AB36 2D          		db	45
2647++ AB37 38 F3       		db	038h,0f3h
2648++ AB39 37 AA       		dw	gmdrm_hdr1
2649++ AB3B             
2650++ AB3B             gmdrm_c7: 	
2651++ AB3B 44          		db	044h
2652++ AB3C 53 F2       		db	053h,0f2h
2653++ AB3E 67 AA       		dw	gmdrm_hdr7
2654++ AB40             gmdrm_cp7: 	
2655++ AB40 24          		db	36
2656++ AB41 74 05       		db	074h,5
2657++ AB43 6F AA       		dw	gmdrm_hdr8
2658++ AB45             gmdrm_d7: 	
2659++ AB45 24          		db	36
2660++ AB46 48 F6       		db	048h,0f6h
2661++ AB48 37 AA       		dw	gmdrm_hdr1
2662++ AB4A             gmdrm_dp7: 	
2663++ AB4A 20          		db	32
2664++ AB4B 50 F5       		db	050h,0f5h
2665++ AB4D 37 AA       		dw	gmdrm_hdr1
2666++ AB4F             gmdrm_e7: 	
2667++ AB4F 2C          		db	44
2668++ AB50 28 F2       		db	028h,0f2h
2669++ AB52 37 AA       		dw	gmdrm_hdr1
2670++ AB54             gmdrm_f7: 	
2671++ AB54 2C          		db	44
2672++ AB55 5C E7       		db	05ch,0e7h
2673++ AB57 37 AA       		dw	gmdrm_hdr1
2674++ AB59             gmdrm_fp7: 	
2675++ AB59 22          		db	34
2676++ AB5A 22 10       		db	022h,010h
2677++ AB5C 37 AA       		dw	gmdrm_hdr1
2678++ AB5E             gmdrm_g7: 	
2679++ AB5E 23          		db	35
2680++ AB5F C0 F6       		db	0c0h,0f6h
2681++ AB61 37 AA       		dw	gmdrm_hdr1
2682++ AB63             gmdrm_gp7: 	
2683++ AB63 32          		db	50
2684++ AB64 50 00       		db	050h,0
2685++ AB66 37 AA       		dw	gmdrm_hdr1
2686++ AB68             gmdrm_a7: 	
2687++ AB68 32          		db	50
2688++ AB69 54 00       		db	054h,0
2689++ AB6B 77 AA       		dw	gmdrm_hdr9
2690++ AB6D             gmdrm_ap7: 	
2691++ AB6D BF          		db	191
2692++ AB6E 18 F2       		db	018h,0f2h
2693++ AB70 37 AA       		dw	gmdrm_hdr1
2694++ AB72             gmdrm_b7: 	
2695++ AB72 C5          		db	197
2696++ AB73 18 F7       		db	018h,0f7h
2697++ AB75 37 AA       		dw	gmdrm_hdr1
2698++ AB77             gmdrm_c8: 	
2699++ AB77 C5          		db	197
2700++ AB78 38 03       		db	038h,003h
2701++ AB7A 37 AA       		dw	gmdrm_hdr1
2702++ AB7C             gmdrm_cp8: 	
2703++ AB7C D0          		db	208
2704++ AB7D 18 F2       		db	018h,0f2h
2705++ AB7F 37 AA       		dw	gmdrm_hdr1
2706++ AB81             gmdrm_d8: 	
2707++ AB81 78          		db	120
2708++ AB82 18 F2       		db	018h,0f2h
2709++ AB84 37 AA       		dw	gmdrm_hdr1
2710++ AB86             
1708+  AB86             		.include "freq_table_4.inc"
0001++ AB86             ;-------------------------------------------------------------------
0002++ AB86             ; îïèñàíèå:  Òàáëèöà ÷àñòîò
0003++ AB86             ;---------------------------------------------------------------------
0004++ AB86             frq_0: 		
0005++ AB86             		dw	0,61,125,194,266,343,424,510,601,698,801,909
0005++ AB86 00003D007D00C2000A015701A801FE015902BA0221038D03
0006++ AB9E             frq_1: 		
0007++ AB9E             		dw	1,62,127,195,268,345,426,512,604,700,803,912
0007++ AB9E 01003E007F00C3000C015901AA0100025C02BC0223039003
0008++ ABB6             frq_8: 		
0009++ ABB6             		dw	8,69,134,203,276,353,435,522,614,711,814,924
0009++ ABB6 080045008600CB0014016101B3010A026602C7022E039C03
0010++ ABCE             frq_9: 		
0011++ ABCE             		dw	9,70,135,204,277,355,437,524,616,713,816,926
0011++ ABCE 090046008700CC0015016301B5010C026802C90230039E03
0012++ ABE6             frq_10: 		
0013++ ABE6             		dw	10,71,136,205,278,356,438,525,617,714,818,927
0013++ ABE6 0A0047008800CD0016016401B6010D026902CA0232039F03
0014++ ABFE             frq_15: 		
0015++ ABFE             		dw	15,77,143,212,286,364,446,533,626,724,828,938
0015++ ABFE 0F004D008F00D4001E016C01BE0115027202D4023C03AA03
0016++ AC16             frq_20: 		
0017++ AC16             		dw	20,82,148,217,291,369,452,540,633,731,836,946
0017++ AC16 140052009400D90023017101C4011C027902DB024403B203
0018++ AC2E             frq_21: 		
0019++ AC2E             		dw	21,83,148,218,292,370,453,542,635,733,838,949
0019++ AC2E 150053009400DA0024017201C5011E027B02DD024603B503
0020++ AC46             frq_22: 		
0021++ AC46             		dw	22,84,150,219,293,372,455,542,636,734,839,950
0021++ AC46 160054009600DB0025017401C7011E027C02DE024703B603
0022++ AC5E             frq_24: 		
0023++ AC5E             		dw	24,86,152,222,296,375,457,545,639,737,842,953
0023++ AC5E 180056009800DE0028017701C90121027F02E1024A03B903
0024++ AC76             frq_26: 		
0025++ AC76             		dw	26,88,154,224,299,377,461,549,642,741,846,958
0025++ AC76 1A0058009A00E0002B017901CD0125028202E5024E03BE03
0026++ AC8E             frq_27: 		
0027++ AC8E             		dw	27,89,155,225,300,378,462,550,644,743,848,959
0027++ AC8E 1B0059009B00E1002C017A01CE0126028402E7025003BF03
0028++ ACA6             frq_45: 		
0029++ ACA6             		dw	45,109,176,248,324,403,488,578,673,774,881,995
0029++ ACA6 2D006D00B000F80044019301E8014202A10206037103E303
0030++ ACBE             frq_46: 		
0031++ ACBE             		dw	46,110,177,248,324,404,489,579,674,775,882,996
0031++ ACBE 2E006E00B100F80044019401E9014302A20207037203E403
0032++ ACD6             frq_69: 		
0033++ ACD6             		dw	69,134,203,276,353,435,522,614,711,815,924,8+2048
0033++ ACD6 45008600CB0014016101B3010A026602C7022F039C030808
0034++ ACEE             frq_70: 		
0035++ ACEE             		dw	70,135,204,277,354,436,523,615,712,815,925,8+2048
0035++ ACEE 46008700CC0015016201B4010B026702C8022F039D030808
0036++ AD06             frq_73: 		
0037++ AD06             		dw	73,139,208,281,359,441,528,620,718,822,932,12+2048
0037++ AD06 49008B00D00019016701B90110026C02CE023603A4030C08
0038++ AD1E             frq_75: 		
0039++ AD1E             		dw	75,141,210,283,361,444,531,623,721,825,935,14+2048
0039++ AD1E 4B008D00D2001B016901BC0113026F02D1023903A7030E08
0040++ AD36             frq_79: 		
0041++ AD36             		dw	79,145,214,288,366,449,536,629,727,831,942,17+2048
0041++ AD36 4F009100D60020016E01C10118027502D7023F03AE031108
0042++ AD4E             frq_82: 		
0043++ AD4E             		dw	82,147,217,291,369,452,540,633,731,835,946,20+2048
0043++ AD4E 52009300D90023017101C4011C027902DB024303B2031408
0044++ AD66             frq_84: 		
0045++ AD66             		dw	84,150,219,293,372,455,543,636,734,839,950,22+2048
0045++ AD66 54009600DB0025017401C7011F027C02DE024703B6031608
0046++ AD7E             frq_88: 		
0047++ AD7E             		dw	88,154,224,298,377,460,548,642,741,846,957,25+2048
0047++ AD7E 58009A00E0002A017901CC0124028202E5024E03BD031908
0048++ AD96             frq_89: 		
0049++ AD96             		dw	89,155,225,299,378,461,550,643,742,847,959,26+2048
0049++ AD96 59009B00E1002B017A01CD0126028302E6024F03BF031A08
0050++ ADAE             frq_91: 		
0051++ ADAE             		dw	91,157,228,302,381,465,553,647,746,851,963,29+2048
0051++ ADAE 5B009D00E4002E017D01D10129028702EA025303C3031D08
0052++ ADC6             frq_94: 		
0053++ ADC6             		dw	94,161,231,306,385,469,557,651,751,857,968,31+2048
0053++ ADC6 5E00A100E70032018101D5012D028B02EF025903C8031F08
0054++ ADDE             frq_96: 		
0055++ ADDE             		dw	96,162,233,308,387,471,560,654,753,859,971,33+2048
0055++ ADDE 6000A200E90034018301D70130028E02F1025B03CB032108
0056++ ADF6             frq_97: 		
0057++ ADF6             		dw	97,164,235,309,389,473,562,656,756,862,974,34+2048
0057++ ADF6 6100A400EB0035018501D90132029002F4025E03CE032208
0058++ AE0E             frq_98: 		
0059++ AE0E             		dw	98,165,236,311,390,474,563,657,757,863,976,35+2048
0059++ AE0E 6200A500EC0037018601DA0133029102F5025F03D0032308
0060++ AE26             frq_113: 	
0061++ AE26             		dw	113,180,252,328,408,493,583,679,780,887,1001,49+2048
0061++ AE26 7100B400FC0048019801ED014702A7020C037703E9033108
0062++ AE3E             frq_118: 	
0063++ AE3E             		dw	118,186,257,334,415,501,591,687,789,897,1011,54+2048
0063++ AE3E 7600BA0001014E019F01F5014F02AF0215038103F3033608
0064++ AE56             frq_135: 	
0065++ AE56             		dw	135,204,277,355,437,524,616,713,816,926,9+2048,70+2048
0065++ AE56 8700CC0015016301B5010C026802C90230039E0309084608
0066++ AE6E             frq_141: 	
0067++ AE6E             		dw	141,210,283,361,443,530,623,721,825,935,13+2048,75+2048
0067++ AE6E 8D00D2001B016901BB0112026F02D1023903A7030D084B08
0068++ AE86             frq_143: 	
0069++ AE86             		dw	143,212,286,363,446,533,626,724,828,938,15+2048,77+2048
0069++ AE86 8F00D4001E016B01BE0115027202D4023C03AA030F084D08
0070++ AE9E             frq_155: 	
0071++ AE9E             		dw	155,225,299,376,461,549,643,742,847,959,26+2048,89+2048
0071++ AE9E 9B00E1002B017801CD0125028302E6024F03BF031A085908
0072++ AEB6             frq_156: 	
0073++ AEB6             		dw	156,226,300,379,462,551,644,744,849,960,27+2048,89+2048
0073++ AEB6 9C00E2002C017B01CE0127028402E8025103C0031B085908
0074++ AECE             frq_167: 	
0075++ AECE             		dw	167,237,312,392,476,565,660,760,866,978,37+2048,100+2048
0075++ AECE A700ED0038018801DC0135029402F8026203D20325086408
0076++ AEE6             frq_184: 	
0077++ AEE6             		dw	184,256,332,413,499,589,685,787,894,1008,53+2048,117+2048
0077++ AEE6 B80000014C019D01F3014D02AD0213037E03F00335087508
0078++ AEFE             frq_187: 	
0079++ AEFE             		dw	187,259,336,417,502,593,689,791,899,1013,55+2048,119+2048
0079++ AEFE BB0003015001A101F6015102B10217038303F50337087708
0080++ AF16             frq_188: 	
0081++ AF16             		dw	188,260,336,417,503,593,690,792,899,1014,56+2048,120+2048
0081++ AF16 BC0004015001A101F7015102B20218038303F60338087808
0082++ AF2E             frq_191: 	
0083++ AF2E             		dw	191,263,340,421,507,598,694,796,905,1019,58+2048,123+2048
0083++ AF2E BF0007015401A501FB015602B6021C038903FB033A087B08
0084++ AF46             frq_192: 	
0085++ AF46             		dw	192,264,341,422,508,599,696,798,906,1021,59+2048,124+2048
0085++ AF46 C00008015501A601FC015702B8021E038A03FD033B087C08
0086++ AF5E             frq_195: 	
0087++ AF5E             		dw	195,267,344,425,512,603,700,802,911,1+2048,62+2048,126+2048
0087++ AF5E C3000B015801A90100025B02BC0222038F0301083E087E08
0088++ AF76             frq_202: 	
0089++ AF76             		dw	202,275,352,434,521,613,710,813,922,7+2048,68+2048,133+2048
0089++ AF76 CA0013016001B20109026502C6022D039A03070844088508
0090++ AF8E             frq_203: 	
0091++ AF8E             		dw	203,276,353,435,522,614,711,815,924,8+2048,69+2048,134+2048
0091++ AF8E CB0014016101B3010A026602C7022F039C03080845088608
0092++ AFA6             frq_204: 	
0093++ AFA6             		dw	204,277,354,436,523,615,712,815,925,8+2048,70+2048,135+2048
0093++ AFA6 CC0015016201B4010B026702C8022F039D03080846088708
0094++ AFBE             frq_206: 	
0095++ AFBE             		dw	206,279,356,438,525,618,715,819,928,10+2048,72+2048,137+2048
0095++ AFBE CE0017016401B6010D026A02CB023303A0030A0848088908
0096++ AFD6             frq_208: 	
0097++ AFD6             		dw	208,281,359,441,528,621,718,822,932,12+2048,74+2048,139+2048
0097++ AFD6 D00019016701B90110026D02CE023603A4030C084A088B08
0098++ AFEE             frq_211: 	
0099++ AFEE             		dw	211,284,362,445,532,624,722,826,936,14+2048,76+2048,142+2048
0099++ AFEE D3001C016A01BD0114027002D2023A03A8030E084C088E08
0100++ B006             frq_214: 	
0101++ B006             		dw	214,288,366,449,536,629,727,831,942,17+2048,79+2048,145+2048
0101++ B006 D60020016E01C10118027502D7023F03AE0311084F089108
0102++ B01E             frq_215: 	
0103++ B01E             		dw	215,289,367,450,538,630,729,833,943,18+2048,80+2048,146+2048
0103++ B01E D70021016F01C2011A027602D9024103AF03120850089208
0104++ B036             frq_216: 	
0105++ B036             		dw	216,289,368,450,538,631,729,834,944,19+2048,80+2048,146+2048
0105++ B036 D80021017001C2011A027702D9024203B003130850089208
0106++ B04E             frq_217: 	
0107++ B04E             		dw	217,291,369,452,540,633,731,835,946,20+2048,82+2048,147+2048
0107++ B04E D90023017101C4011C027902DB024303B203140852089308
0108++ B066             frq_219: 	
0109++ B066             		dw	219,293,372,455,543,636,734,839,950,22+2048,84+2048,150+2048
0109++ B066 DB0025017401C7011F027C02DE024703B603160854089608
0110++ B07E             frq_220: 	
0111++ B07E             		dw	220,294,373,456,544,637,736,841,951,22+2048,85+2048,151+2048
0111++ B07E DC0026017501C80120027D02E0024903B703160855089708
0112++ B096             frq_221: 	
0113++ B096             		dw	221,296,374,457,545,639,737,842,953,23+2048,86+2048,152+2048
0113++ B096 DD0028017601C90121027F02E1024A03B903170856089808
0114++ B0AE             frq_228: 	
0115++ B0AE             		dw	228,302,381,465,553,647,747,852,963,29+2048,91+2048,158+2048
0115++ B0AE E4002E017D01D10129028702EB025403C3031D085B089E08
0116++ B0C6             frq_231: 	
0117++ B0C6             		dw	231,305,384,468,557,651,750,856,967,31+2048,94+2048,160+2048
0117++ B0C6 E70031018001D4012D028B02EE025803C7031F085E08A008
0118++ B0DE             frq_242: 	
0119++ B0DE             		dw	242,317,397,481,571,666,766,873,985,40+2048,104+2048,171+2048
0119++ B0DE F2003D018D01E1013B029A02FE026903D90328086808AB08
0120++ B0F6             frq_254: 	
0121++ B0F6             		dw	254,330,410,495,586,681,783,890,1004,50+2048,114+2048,182+2048
0121++ B0F6 FE004A019A01EF014A02A9020F037A03EC0332087208B608
0122++ B10E             frq_261: 	
0123++ B10E             		dw	261,337,418,504,595,691,793,901,1016,56+2048,121+2048,189+2048
0123++ B10E 05015101A201F8015302B30219038503F80338087908BD08
0124++ B126             frq_264: 	
0125++ B126             		dw	264,341,422,508,599,695,797,906,1020,59+2048,123+2048,192+2048
0125++ B126 08015501A601FC015702B7021D038A03FC033B087B08C008
0126++ B13E             frq_273: 	
0127++ B13E             		dw	273,350,432,519,610,708,810,920,6+2048,67+2048,132+2048,200+2048
0127++ B13E 11015E01B00107026202C4022A039803060843088408C808
0128++ B156             frq_274: 	
0129++ B156             		dw	274,351,433,519,611,708,811,920,6+2048,67+2048,132+2048,201+2048
0129++ B156 12015F01B10107026302C4022B039803060843088408C908
0130++ B16E             frq_282: 	
0131++ B16E             		dw	282,360,442,529,621,719,823,933,13+2048,74+2048,139+2048,209+2048
0131++ B16E 1A016801BA0111026D02CF023703A5030D084A088B08D108
0132++ B186             frq_286: 	
0133++ B186             		dw	286,363,446,533,626,724,828,938,15+2048,77+2048,143+2048,212+2048
0133++ B186 1E016B01BE0115027202D4023C03AA030F084D088F08D408
0134++ B19E             frq_287: 	
0135++ B19E             		dw	287,365,447,535,627,726,830,940,16+2048,78+2048,144+2048,213+2048
0135++ B19E 1F016D01BF0117027302D6023E03AC0310084E089008D508
0136++ B1B6             frq_288: 	
0137++ B1B6             		dw	288,366,449,536,629,727,831,942,17+2048,79+2048,145+2048,214+2048
0137++ B1B6 20016E01C10118027502D7023F03AE0311084F089108D608
0138++ B1CE             frq_290: 	
0139++ B1CE             		dw	290,368,451,539,632,730,835,945,19+2048,81+2048,147+2048,216+2048
0139++ B1CE 22017001C3011B027802DA024303B103130851089308D808
0140++ B1E6             frq_291: 	
0141++ B1E6             		dw	291,370,453,540,633,731,836,946,20+2048,82+2048,148+2048,217+2048
0141++ B1E6 23017201C5011C027902DB024403B203140852089408D908
0142++ B1FE             frq_299: 	
0143++ B1FE             		dw	299,378,461,550,643,742,848,959,26+2048,89+2048,155+2048,225+2048
0143++ B1FE 2B017A01CD0126028302E6025003BF031A0859089B08E108
0144++ B216             frq_311: 	
0145++ B216             		dw	311,391,475,564,658,758,864,977,36+2048,99+2048,166+2048,236+2048
0145++ B216 37018701DB0134029202F6026003D10324086308A608EC08
0146++ B22E             frq_314: 	
0147++ B22E             		dw	314,394,478,567,662,762,868,981,38+2048,101+2048,168+2048,239+2048
0147++ B22E 3A018A01DE0137029602FA026403D50326086508A808EF08
0148++ B246             frq_317: 	
0149++ B246             		dw	317,397,481,571,666,766,873,986,41+2048,104+2048,171+2048,242+2048
0149++ B246 3D018D01E1013B029A02FE026903DA0329086808AB08F208
0150++ B25E             frq_333: 	
0151++ B25E             		dw	333,414,500,590,686,788,896,1010,53+2048,117+2048,185+2048,257+2048
0151++ B25E 4D019E01F4014E02AE0214038003F20335087508B9080109
0152++ B276             frq_335: 	
0153++ B276             		dw	335,416,502,593,689,791,899,1013,55+2048,119+2048,187+2048,259+2048
0153++ B276 4F01A001F6015102B10217038303F50337087708BB080309
0154++ B28E             frq_338: 	
0155++ B28E             		dw	338,419,505,596,692,794,902,1016,56+2048,121+2048,189+2048,261+2048
0155++ B28E 5201A301F9015402B4021A038603F80338087908BD080509
0156++ B2A6             frq_340: 	
0157++ B2A6             		dw	340,421,507,598,694,796,905,1019,58+2048,123+2048,191+2048,263+2048
0157++ B2A6 5401A501FB015602B6021C038903FB033A087B08BF080709
0158++ B2BE             frq_341: 	
0159++ B2BE             		dw	341,422,508,599,696,798,906,1021,59+2048,124+2048,192+2048,264+2048
0159++ B2BE 5501A601FC015702B8021E038A03FD033B087C08C0080809
0160++ B2D6             frq_342: 	
0161++ B2D6             		dw	342,423,509,600,697,799,907,1022,60+2048,125+2048,193+2048,265+2048
0161++ B2D6 5601A701FD015802B9021F038B03FE033C087D08C1080909
0162++ B2EE             frq_343: 	
0163++ B2EE             		dw	343,425,511,602,699,801,910,0+2048,61+2048,126+2048,195+2048,267+2048
0163++ B2EE 5701A901FF015A02BB0221038E0300083D087E08C3080B09
0164++ B306             frq_345: 	
0165++ B306             		dw	345,427,513,604,701,804,913,2+2048,63+2048,127+2048,196+2048,268+2048
0165++ B306 5901AB0101025C02BD022403910302083F087F08C4080C09
0166++ B31E             frq_348: 	
0167++ B31E             		dw	348,429,516,607,704,806,915,3+2048,64+2048,129+2048,198+2048,271+2048
0167++ B31E 5C01AD0104025F02C00226039303030840088108C6080F09
0168++ B336             frq_350: 	
0169++ B336             		dw	350,430,518,609,705,808,917,4+2048,65+2048,130+2048,199+2048,272+2048
0169++ B336 5E01AE0106026102C10228039503040841088208C7081009
0170++ B34E             frq_352: 	
0171++ B34E             		dw	352,434,521,613,710,813,922,7+2048,68+2048,133+2048,202+2048,275+2048
0171++ B34E 6001B20109026502C6022D039A03070844088508CA081309
0172++ B366             frq_354: 	
0173++ B366             		dw	354,436,523,615,712,815,925,8+2048,70+2048,135+2048,204+2048,277+2048
0173++ B366 6201B4010B026702C8022F039D03080846088708CC081509
0174++ B37E             frq_355: 	
0175++ B37E             		dw	355,437,524,616,713,816,926,9+2048,70+2048,135+2048,204+2048,277+2048
0175++ B37E 6301B5010C026802C90230039E03090846088708CC081509
0176++ B396             frq_356: 	
0177++ B396             		dw	356,438,525,617,714,818,927,10+2048,71+2048,136+2048,205+2048,278+2048
0177++ B396 6401B6010D026902CA0232039F030A0847088808CD081609
0178++ B3AE             frq_357: 	
0179++ B3AE             		dw	357,439,526,618,716,820,929,11+2048,72+2048,137+2048,206+2048,279+2048
0179++ B3AE 6501B7010E026A02CC023403A1030B0848088908CE081709
0180++ B3C6             frq_358: 	
0181++ B3C6             		dw	358,441,528,620,718,821,931,12+2048,73+2048,138+2048,207+2048,281+2048
0181++ B3C6 6601B90110026C02CE023503A3030C0849088A08CF081909
0182++ B3DE             frq_360: 	
0183++ B3DE             		dw	360,443,530,622,720,824,934,13+2048,75+2048,140+2048,209+2048,283+2048
0183++ B3DE 6801BB0112026E02D0023803A6030D084B088C08D1081B09
0184++ B3F6             frq_361: 	
0185++ B3F6             		dw	361,443,531,623,722,825,935,14+2048,76+2048,141+2048,211+2048,284+2048
0185++ B3F6 6901BB0113026F02D2023903A7030E084C088D08D3081C09
0186++ B40E             frq_363: 	
0187++ B40E             		dw	363,445,533,625,723,827,937,15+2048,77+2048,142+2048,211+2048,285+2048
0187++ B40E 6B01BD0115027102D3023B03A9030F084D088E08D3081D09
0188++ B426             frq_364: 	
0189++ B426             		dw	364,447,534,627,725,829,939,16+2048,78+2048,144+2048,213+2048,286+2048
0189++ B426 6C01BF0116027302D5023D03AB0310084E089008D5081E09
0190++ B43E             frq_365: 	
0191++ B43E             		dw	365,447,535,627,726,830,940,16+2048,78+2048,144+2048,213+2048,287+2048
0191++ B43E 6D01BF0117027302D6023E03AC0310084E089008D5081F09
0192++ B456             frq_366: 	
0193++ B456             		dw	366,449,536,629,727,831,942,17+2048,79+2048,145+2048,214+2048,288+2048
0193++ B456 6E01C10118027502D7023F03AE0311084F089108D6082009
0194++ B46E             frq_367: 	
0195++ B46E             		dw	367,450,537,630,729,833,943,18+2048,80+2048,146+2048,216+2048,289+2048
0195++ B46E 6F01C20119027602D9024103AF03120850089208D8082109
0196++ B486             frq_369: 	
0197++ B486             		dw	369,452,540,633,731,835,946,20+2048,82+2048,147+2048,217+2048,291+2048
0197++ B486 7101C4011C027902DB024303B203140852089308D9082309
0198++ B49E             frq_370: 	
0199++ B49E             		dw	370,453,541,634,732,837,947,20+2048,82+2048,148+2048,218+2048,292+2048
0199++ B49E 7201C5011D027A02DC024503B303140852089408DA082409
0200++ B4B6             frq_373: 	
0201++ B4B6             		dw	373,457,545,638,737,841,952,23+2048,85+2048,151+2048,221+2048,295+2048
0201++ B4B6 7501C90121027E02E1024903B803170855089708DD082709
0202++ B4CE             frq_378: 	
0203++ B4CE             		dw	378,462,550,644,743,848,959,27+2048,89+2048,155+2048,225+2048,300+2048
0203++ B4CE 7A01CE0126028402E7025003BF031B0859089B08E1082C09
0204++ B4E6             frq_379: 	
0205++ B4E6             		dw	378,463,551,645,744,849,960,27+2048,90+2048,156+2048,226+2048,300+2048
0205++ B4E6 7A01CF0127028502E8025103C0031B085A089C08E2082C09
0206++ B4FE             frq_381: 	
0207++ B4FE             		dw	381,465,553,647,747,852,963,29+2048,91+2048,158+2048,228+2048,302+2048
0207++ B4FE 7D01D10129028702EB025403C3031D085B089E08E4082E09
0208++ B516             frq_385: 	
0209++ B516             		dw	385,469,558,652,752,857,969,32+2048,95+2048,161+2048,232+2048,306+2048
0209++ B516 8101D5012E028C02F0025903C90320085F08A108E8083209
0210++ B52E             frq_433: 	
0211++ B52E             		dw	433,520,612,709,812,921,7+2048,68+2048,133+2048,202+2048,274+2048,352+2048
0211++ B52E B10108026402C5022C039903070844088508CA0812096009
0212++ B546             frq_434: 	
0213++ B546             		dw	434,521,613,710,813,922,7+2048,68+2048,133+2048,202+2048,275+2048,352+2048
0213++ B546 B20109026502C6022D039A03070844088508CA0813096009
0214++ B55E             frq_436: 	
0215++ B55E             		dw	436,523,615,712,815,925,8+2048,70+2048,135+2048,204+2048,277+2048,354+2048
0215++ B55E B4010B026702C8022F039D03080846088708CC0815096209
0216++ B576             frq_442: 	
0217++ B576             		dw	442,529,621,719,823,933,12+2048,74+2048,139+2048,209+2048,282+2048,360+2048
0217++ B576 BA0111026D02CF023703A5030C084A088B08D1081A096809
0218++ B58E             frq_443: 	
0219++ B58E             		dw	443,530,622,720,824,934,13+2048,75+2048,140+2048,209+2048,283+2048,360+2048
0219++ B58E BB0112026E02D0023803A6030D084B088C08D1081B096809
0220++ B5A6             frq_445: 	
0221++ B5A6             		dw	445,532,624,723,826,936,14+2048,76+2048,142+2048,211+2048,284+2048,362+2048
0221++ B5A6 BD0114027002D3023A03A8030E084C088E08D3081C096A09
0222++ B5BE             frq_448: 	
0223++ B5BE             		dw	448,535,628,726,830,941,17+2048,79+2048,144+2048,214+2048,287+2048,365+2048
0223++ B5BE C00117027402D6023E03AD0311084F089008D6081F096D09
0224++ B5D6             frq_450: 	
0225++ B5D6             		dw	450,538,631,730,834,944,19+2048,81+2048,146+2048,216+2048,290+2048,368+2048
0225++ B5D6 C2011A027702DA024203B003130851089208D80822097009
0226++ B5EE             frq_455: 	
0227++ B5EE             		dw	455,543,637,735,840,951,22+2048,84+2048,150+2048,220+2048,294+2048,372+2048
0227++ B5EE C7011F027D02DF024803B703160854089608DC0826097409
0228++ B606             frq_459: 	
0229++ B606             		dw	459,547,640,739,844,955,24+2048,87+2048,153+2048,223+2048,297+2048,375+2048
0229++ B606 CB0123028002E3024C03BB03180857089908DF0829097709
0230++ B61E             frq_460: 	
0231++ B61E             		dw	460,548,641,740,845,957,25+2048,88+2048,154+2048,224+2048,298+2048,376+2048
0231++ B61E CC0124028102E4024D03BD03190858089A08E0082A097809
0232++ B636             frq_461: 	
0233++ B636             		dw	461,549,642,741,846,958,26+2048,88+2048,154+2048,224+2048,299+2048,377+2048
0233++ B636 CD0125028202E5024E03BE031A0858089A08E0082B097909
0234++ B64E             frq_462: 	
0235++ B64E             		dw	462,550,644,743,848,959,27+2048,89+2048,155+2048,225+2048,300+2048,378+2048
0235++ B64E CE0126028402E7025003BF031B0859089B08E1082C097A09
0236++ B666             frq_480: 	
0237++ B666             		dw	480,569,664,764,870,983,39+2048,102+2048,169+2048,240+2048,316+2048,395+2048
0237++ B666 E00139029802FC026603D70327086608A908F0083C098B09
0238++ B67E             frq_507: 	
0239++ B67E             		dw	507,598,694,796,905,1019,58+2048,123+2048,191+2048,263+2048,340+2048,421+2048
0239++ B67E FB015602B6021C038903FB033A087B08BF0807095409A509
0240++ B696             frq_508: 	
0241++ B696             		dw	508,599,695,797,905,1019,58+2048,123+2048,191+2048,264+2048,341+2048,422+2048
0241++ B696 FC015702B7021D038903FB033A087B08BF0808095509A609
0242++ B6AE             frq_519: 	
0243++ B6AE             		dw	519,611,708,811,920,6+2048,67+2048,132+2048,201+2048,274+2048,351+2048,433+2048
0243++ B6AE 07026302C4022B039803060843088408C90812095F09B109
0244++ B6C6             frq_531: 	
0245++ B6C6             		dw	531,623,721,825,935,14+2048,76+2048,141+2048,210+2048,284+2048,362+2048,444+2048
0245++ B6C6 13026F02D1023903A7030E084C088D08D2081C096A09BC09
0246++ B6DE             frq_532: 	
0247++ B6DE             		dw	532,624,722,826,936,14+2048,76+2048,141+2048,211+2048,284+2048,362+2048,445+2048
0247++ B6DE 14027002D2023A03A8030E084C088D08D3081C096A09BD09
0248++ B6F6             frq_538: 	
0249++ B6F6             		dw	538,631,730,834,944,19+2048,81+2048,146+2048,216+2048,290+2048,368+2048,451+2048
0249++ B6F6 1A027702DA024203B003130851089208D80822097009C309
0250++ B70E             frq_545: 	
0251++ B70E             		dw	545,639,737,842,953,23+2048,86+2048,152+2048,221+2048,296+2048,374+2048,457+2048
0251++ B70E 21027F02E1024A03B903170856089808DD0828097609C909
0252++ B726             frq_548: 	
0253++ B726             		dw	548,642,741,846,957,25+2048,88+2048,154+2048,224+2048,298+2048,377+2048,460+2048
0253++ B726 24028202E5024E03BD03190858089A08E0082A097909CC09
0254++ B73E             frq_550: 	
0255++ B73E             		dw	550,643,742,848,959,26+2048,89+2048,155+2048,225+2048,299+2048,378+2048,461+2048
0255++ B73E 26028302E6025003BF031A0859089B08E1082B097A09CD09
0256++ B756             frq_552: 	
0257++ B756             		dw	552,645,745,850,961,28+2048,90+2048,156+2048,227+2048,301+2048,380+2048,463+2048
0257++ B756 28028502E9025203C1031C085A089C08E3082D097C09CF09
0258++ B76E             frq_555: 	
0259++ B76E             		dw	555,648,748,853,965,30+2048,92+2048,159+2048,229+2048,304+2048,383+2048,467+2048
0259++ B76E 2B028802EC025503C5031E085C089F08E50830097F09D309
0260++ B786             frq_556: 	
0261++ B786             		dw	556,650,749,855,967,30+2048,93+2048,160+2048,231+2048,305+2048,384+2048,467+2048
0261++ B786 2C028A02ED025703C7031E085D08A008E70831098009D309
0262++ B79E             frq_557: 	
0263++ B79E             		dw	557,651,750,856,967,31+2048,94+2048,160+2048,231+2048,305+2048,384+2048,468+2048
0263++ B79E 2D028B02EE025803C7031F085E08A008E70831098009D409
0264++ B7B6             frq_558: 	
0265++ B7B6             		dw	558,652,752,857,969,32+2048,95+2048,161+2048,232+2048,306+2048,385+2048,469+2048
0265++ B7B6 2E028C02F0025903C90320085F08A108E80832098109D509
0266++ B7CE             frq_559: 	
0267++ B7CE             		dw	559,653,753,858,970,32+2048,95+2048,162+2048,232+2048,307+2048,386+2048,470+2048
0267++ B7CE 2F028D02F1025A03CA0320085F08A208E80833098209D609
0268++ B7E6             frq_560: 	
0269++ B7E6             		dw	560,654,753,859,971,33+2048,96+2048,162+2048,233+2048,308+2048,387+2048,471+2048
0269++ B7E6 30028E02F1025B03CB0321086008A208E90834098309D709
0270++ B7FE             frq_579: 	
0271++ B7FE             		dw	579,674,775,882,996,46+2048,110+2048,177+2048,248+2048,324+2048,404+2048,489+2048
0271++ B7FE 4302A20207037203E4032E086E08B108F80844099409E909
0272++ B816             frq_616: 	
0273++ B816             		dw	616,713,816,926,9+2048,70+2048,135+2048,204+2048,277+2048,355+2048,437+2048,524+2048
0273++ B816 6802C90230039E03090846088708CC0815096309B5090C0A
0274++ B82E             frq_627: 	
0275++ B82E             		dw	627,725,829,939,16+2048,78+2048,143+2048,213+2048,286+2048,364+2048,447+2048,534+2048
0275++ B82E 7302D5023D03AB0310084E088F08D5081E096C09BF09160A
0276++ B846             frq_630: 	
0277++ B846             		dw	630,729,833,943,18+2048,80+2048,146+2048,215+2048,289+2048,367+2048,450+2048,538+2048
0277++ B846 7602D9024103AF03120850089208D70821096F09C2091A0A
0278++ B85E             frq_639: 	
0279++ B85E             		dw	639,738,843,954,24+2048,86+2048,152+2048,222+2048,296+2048,375+2048,458+2048,546+2048
0279++ B85E 7F02E2024B03BA03180856089808DE0828097709CA09220A
0280++ B876             frq_641: 	
0281++ B876             		dw	641,740,845,957,25+2048,88+2048,154+2048,224+2048,298+2048,376+2048,460+2048,548+2048
0281++ B876 8102E4024D03BD03190858089A08E0082A097809CC09240A
0282++ B88E             frq_645: 	
0283++ B88E             		dw	645,744,849,960,27+2048,90+2048,156+2048,226+2048,300+2048,380+2048,463+2048,552+2048
0283++ B88E 8502E8025103C0031B085A089C08E2082C097C09CF09280A
0284++ B8A6             frq_650: 	
0285++ B8A6             		dw	650,749,855,967,30+2048,93+2048,160+2048,230+2048,305+2048,384+2048,467+2048,556+2048
0285++ B8A6 8A02ED025703C7031E085D08A008E60831098009D3092C0A
0286++ B8BE             frq_653: 	
0287++ B8BE             		dw	653,753,858,970,32+2048,95+2048,162+2048,232+2048,307+2048,386+2048,470+2048,559+2048
0287++ B8BE 8D02F1025A03CA0320085F08A208E80833098209D6092F0A
0288++ B8D6             frq_654: 	
0289++ B8D6             		dw	654,754,859,971,33+2048,96+2048,163+2048,233+2048,308+2048,387+2048,471+2048,560+2048
0289++ B8D6 8E02F2025B03CB0321086008A308E90834098309D709300A
0290++ B8EE             frq_677: 	
0291++ B8EE             		dw	677,778,886,999,48+2048,112+2048,179+2048,251+2048,326+2048,407+2048,492+2048,582+2048
0291++ B8EE A5020A037603E70330087008B308FB0846099709EC09460A
0292++ B906             frq_679: 	
0293++ B906             		dw	679,781,888,1002,49+2048,113+2048,180+2048,252+2048,328+2048,408+2048,494+2048,584+2048
0293++ B906 A7020D037803EA0331087108B408FC0848099809EE09480A
0294++ B91E             frq_698: 	
0295++ B91E             		dw	698,801,909,0+2048,61+2048,125+2048,194+2048,266+2048,343+2048,424+2048,510+2048,601+2048
0295++ B91E BA0221038D0300083D087D08C2080A095709A809FE09590A
0296++ B936             frq_701: 	
0297++ B936             		dw	701,805,913,2+2048,63+2048,127+2048,196+2048,268+2048,345+2048,427+2048,513+2048,604+2048
0297++ B936 BD022503910302083F087F08C4080C095909AB09010A5C0A
0298++ B94E             frq_704: 	
0299++ B94E             		dw	704,807,916,4+2048,65+2048,130+2048,198+2048,271+2048,348+2048,429+2048,516+2048,607+2048
0299++ B94E C00227039403040841088208C6080F095C09AD09040A5F0A
0300++ B966             frq_708: 	
0301++ B966             		dw	708,810,920,6+2048,67+2048,132+2048,200+2048,273+2048,350+2048,432+2048,519+2048,610+2048
0301++ B966 C4022A039803060843088408C80811095E09B009070A620A
0302++ B97E             frq_715: 	
0303++ B97E             		dw	715,819,928,10+2048,72+2048,137+2048,206+2048,279+2048,356+2048,438+2048,525+2048,618+2048
0303++ B97E CB023303A0030A0848088908CE0817096409B6090D0A6A0A
0304++ B996             frq_721: 	
0305++ B996             		dw	721,825,935,13+2048,75+2048,141+2048,210+2048,283+2048,361+2048,443+2048,530+2048,623+2048
0305++ B996 D1023903A7030D084B088D08D2081B096909BB09120A6F0A
0306++ B9AE             frq_726: 	
0307++ B9AE             		dw	726,830,941,17+2048,79+2048,144+2048,214+2048,287+2048,365+2048,448+2048,535+2048,628+2048
0307++ B9AE D6023E03AD0311084F089008D6081F096D09C009170A740A
0308++ B9C6             frq_727: 	
0309++ B9C6             		dw	727,831,942,18+2048,80+2048,145+2048,215+2048,288+2048,367+2048,449+2048,536+2048,629+2048
0309++ B9C6 D7023F03AE03120850089108D70820096F09C109180A750A
0310++ B9DE             frq_733: 	
0311++ B9DE             		dw	733,838,949,21+2048,83+2048,149+2048,219+2048,293+2048,371+2048,454+2048,542+2048,635+2048
0311++ B9DE DD024603B503150853089508DB0825097309C6091E0A7B0A
0312++ B9F6             frq_737: 	
0313++ B9F6             		dw	737,842,953,23+2048,86+2048,152+2048,221+2048,296+2048,374+2048,457+2048,545+2048,639+2048
0313++ B9F6 E1024A03B903170856089808DD0828097609C909210A7F0A
0314++ BA0E             frq_750: 	
0315++ BA0E             		dw	750,855,967,31+2048,93+2048,160+2048,230+2048,305+2048,384+2048,467+2048,556+2048,650+2048
0315++ BA0E EE025703C7031F085D08A008E60831098009D3092C0A8A0A
0316++ BA26             frq_775: 	
0317++ BA26             		dw	775,882,996,46+2048,110+2048,177+2048,248+2048,324+2048,404+2048,489+2048,579+2048,674+2048
0317++ BA26 07037203E4032E086E08B108F80844099409E909430AA20A
0318++ BA3E             frq_809: 	
0319++ BA3E             		dw	809,918,5+2048,66+2048,131+2048,199+2048,272+2048,349+2048,431+2048,517+2048,609+2048,706+2048
0319++ BA3E 29039603050842088308C70810095D09AF09050A610AC20A
0320++ BA56             frq_810: 	
0321++ BA56             		dw	810,919,5+2048,66+2048,131+2048,200+2048,273+2048,350+2048,431+2048,518+2048,610+2048,707+2048
0321++ BA56 2A039703050842088308C80811095E09AF09060A620AC30A
0322++ BA6E             frq_811: 	
0323++ BA6E             		dw	811,920,6+2048,67+2048,132+2048,201+2048,274+2048,351+2048,433+2048,519+2048,611+2048,708+2048
0323++ BA6E 2B039803060843088408C90812095F09B109070A630AC40A
0324++ BA86             frq_815: 	
0325++ BA86             		dw	815,925,8+2048,70+2048,135+2048,204+2048,277+2048,354+2048,436+2048,523+2048,615+2048,712+2048
0325++ BA86 2F039D03080846088708CC0815096209B4090B0A670AC80A
0326++ BA9E             frq_820: 	
0327++ BA9E             		dw	820,929,11+2048,72+2048,137+2048,206+2048,280+2048,357+2048,439+2048,526+2048,618+2048,716+2048
0327++ BA9E 3403A1030B0848088908CE0818096509B7090E0A6A0ACC0A
0328++ BAB6             frq_822: 	
0329++ BAB6             		dw	822,932,12+2048,73+2048,139+2048,208+2048,281+2048,359+2048,441+2048,528+2048,620+2048,718+2048
0329++ BAB6 3603A4030C0849088B08D00819096709B909100A6C0ACE0A
0330++ BACE             frq_823: 	
0331++ BACE             		dw	823,933,13+2048,74+2048,139+2048,209+2048,282+2048,360+2048,442+2048,529+2048,621+2048,719+2048
0331++ BACE 3703A5030D084A088B08D1081A096809BA09110A6D0ACF0A
0332++ BAE6             frq_824: 	
0333++ BAE6             		dw	824,934,13+2048,75+2048,140+2048,209+2048,283+2048,360+2048,443+2048,530+2048,622+2048,720+2048
0333++ BAE6 3803A6030D084B088C08D1081B096809BB09120A6E0AD00A
0334++ BAFE             frq_828: 	
0335++ BAFE             		dw	828,938,15+2048,77+2048,143+2048,212+2048,286+2048,363+2048,446+2048,533+2048,626+2048,724+2048
0335++ BAFE 3C03AA030F084D088F08D4081E096B09BE09150A720AD40A
0336++ BB16             frq_831: 	
0337++ BB16             		dw	831,942,17+2048,79+2048,145+2048,214+2048,288+2048,366+2048,449+2048,536+2048,629+2048,727+2048
0337++ BB16 3F03AE0311084F089108D60820096E09C109180A750AD70A
0338++ BB2E             frq_832: 	
0339++ BB2E             		dw	832,942,18+2048,80+2048,145+2048,215+2048,288+2048,367+2048,449+2048,537+2048,630+2048,728+2048
0339++ BB2E 4003AE03120850089108D70820096F09C109190A760AD80A
0340++ BB46             frq_833: 	
0341++ BB46             		dw	833,943,18+2048,80+2048,146+2048,215+2048,289+2048,367+2048,450+2048,538+2048,630+2048,729+2048
0341++ BB46 4103AF03120850089208D70821096F09C2091A0A760AD90A
0342++ BB5E             frq_835: 	
0343++ BB5E             		dw	835,946,20+2048,82+2048,147+2048,217+2048,291+2048,369+2048,452+2048,540+2048,633+2048,731+2048
0343++ BB5E 4303B203140852089308D90823097109C4091C0A790ADB0A
0344++ BB76             frq_842: 	
0345++ BB76             		dw	842,953,23+2048,86+2048,152+2048,222+2048,296+2048,374+2048,457+2048,545+2048,639+2048,737+2048
0345++ BB76 4A03B903170856089808DE0828097609C909210A7F0AE10A
0346++ BB8E             frq_843: 	
0347++ BB8E             		dw	843,954,24+2048,86+2048,152+2048,222+2048,296+2048,375+2048,458+2048,546+2048,639+2048,738+2048
0347++ BB8E 4B03BA03180856089808DE0828097709CA09220A7F0AE20A
0348++ BBA6             frq_844: 	
0349++ BBA6             		dw	844,955,24+2048,87+2048,153+2048,223+2048,297+2048,375+2048,459+2048,547+2048,640+2048,739+2048
0349++ BBA6 4C03BB03180857089908DF0829097709CB09230A800AE30A
0350++ BBBE             frq_847: 	
0351++ BBBE             		dw	847,959,26+2048,89+2048,155+2048,225+2048,299+2048,378+2048,461+2048,550+2048,643+2048,742+2048
0351++ BBBE 4F03BF031A0859089B08E1082B097A09CD09260A830AE60A
0352++ BBD6             frq_852: 	
0353++ BBD6             		dw	852,964,29+2048,92+2048,158+2048,228+2048,303+2048,382+2048,465+2048,554+2048,648+2048,747+2048
0353++ BBD6 5403C4031D085C089E08E4082F097E09D1092A0A880AEB0A
0354++ BBEE             frq_874: 	
0355++ BBEE             		dw	874,986,41+2048,104+2048,171+2048,243+2048,318+2048,398+2048,482+2048,572+2048,667+2048,767+2048
0355++ BBEE 6A03DA0329086808AB08F3083E098E09E2093C0A9B0AFF0A
0356++ BC06             frq_908: 	
0357++ BC06             		dw	908,1023,60+2048,125+2048,193+2048,265+2048,342+2048,423+2048,509+2048,601+2048,697+2048,800+2048
0357++ BC06 8C03FF033C087D08C10809095609A709FD09590AB90A200B
0358++ BC1E             frq_909: 	
0359++ BC1E             		dw	909,0+2048,61+1025,125+2048,194+2048,266+2048,343+2048,424+2048,510+2048,601+2048,698+2048,801+2048
0359++ BC1E 8D0300083E047D08C2080A095709A809FE09590ABA0A210B
0360++ BC36             frq_916: 	
0361++ BC36             		dw	916,4+2048,65+2048,130+2048,198+2048,271+2048,347+2048,429+2048,515+2048,607+2048,704+2048,807+2048
0361++ BC36 9403040841088208C6080F095B09AD09030A5F0AC00A270B
0362++ BC4E             frq_918: 	
0363++ BC4E             		dw	918,5+2048,66+2048,131+2048,199+2048,272+2048,349+2048,431+2048,517+2048,609+2048,706+2048,809+2048
0363++ BC4E 9603050842088308C70810095D09AF09050A610AC20A290B
0364++ BC66             frq_920: 	
0365++ BC66             		dw	920,6+2048,67+2048,132+2048,201+2048,274+2048,351+2048,433+2048,519+2048,611+2048,708+2048,811+2048
0365++ BC66 9803060843088408C90812095F09B109070A630AC40A2B0B
0366++ BC7E             frq_921: 	
0367++ BC7E             		dw	921,7+2048,68+2048,133+2048,202+2048,274+2048,352+2048,433+2048,520+2048,612+2048,709+2048,812+2048
0367++ BC7E 9903070844088508CA0812096009B109080A640AC50A2C0B
0368++ BC96             frq_925: 	
0369++ BC96             		dw	925,8+2048,70+2048,135+2048,204+2048,277+2048,354+2048,436+2048,523+2048,615+2048,712+2048,815+2048
0369++ BC96 9D03080846088708CC0815096209B4090B0A670AC80A2F0B
0370++ BCAE             frq_926: 	
0371++ BCAE             		dw	926,9+2048,70+2048,135+2048,204+2048,277+2048,355+2048,437+2048,523+2048,615+2048,713+2048,816+2048
0371++ BCAE 9E03090846088708CC0815096309B5090B0A670AC90A300B
0372++ BCC6             frq_927: 	
0373++ BCC6             		dw	927,10+2048,71+2048,136+2048,205+2048,278+2048,356+2048,438+2048,525+2048,617+2048,715+2048,818+2048
0373++ BCC6 9F030A0847088808CD0816096409B6090D0A690ACB0A320B
0374++ BCDE             frq_929: 	
0375++ BCDE             		dw	929,11+2048,72+2048,137+2048,206+2048,280+2048,357+2048,439+2048,526+2048,618+2048,716+2048,820+2048
0375++ BCDE A1030B0848088908CE0818096509B7090E0A6A0ACC0A340B
0376++ BCF6             frq_931: 	
0377++ BCF6             		dw	931,12+2048,73+2048,138+2048,208+2048,281+2048,358+2048,441+2048,528+2048,620+2048,718+2048,821+2048
0377++ BCF6 A3030C0849088A08D00819096609B909100A6C0ACE0A350B
0378++ BD0E             frq_935: 	
0379++ BD0E             		dw	935,13+2048,75+2048,141+2048,210+2048,283+2048,361+2048,443+2048,530+2048,623+2048,721+2048,825+2048
0379++ BD0E A7030D084B088D08D2081B096909BB09120A6F0AD10A390B
0380++ BD26             frq_936: 	
0381++ BD26             		dw	936,14+2048,76+2048,142+2048,211+2048,284+2048,362+2048,444+2048,532+2048,624+2048,722+2048,826+2048
0381++ BD26 A8030E084C088E08D3081C096A09BC09140A700AD20A3A0B
0382++ BD3E             frq_937: 	
0383++ BD3E             		dw	937,15+2048,77+2048,142+2048,211+2048,285+2048,363+2048,445+2048,533+2048,625+2048,723+2048,827+2048
0383++ BD3E A9030F084D088E08D3081D096B09BD09150A710AD30A3B0B
0384++ BD56             frq_939: 	
0385++ BD56             		dw	939,16+2048,78+2048,143+2048,213+2048,286+2048,364+2048,447+2048,534+2048,627+2048,725+2048,829+2048
0385++ BD56 AB0310084E088F08D5081E096C09BF09160A730AD50A3D0B
0386++ BD6E             frq_941: 	
0387++ BD6E             		dw	941,17+2048,79+2048,144+2048,214+2048,287+2048,365+2048,448+2048,535+2048,628+2048,726+2048,830+2048
0387++ BD6E AD0311084F089008D6081F096D09C009170A740AD60A3E0B
0388++ BD86             frq_942: 	
0389++ BD86             		dw	942,18+2048,80+2048,145+2048,215+2048,288+2048,367+2048,449+2048,537+2048,630+2048,728+2048,832+2048
0389++ BD86 AE03120850089108D70820096F09C109190A760AD80A400B
0390++ BD9E             frq_944: 	
0391++ BD9E             		dw	944,19+2048,80+2048,146+2048,216+2048,289+2048,368+2048,450+2048,538+2048,631+2048,729+2048,834+2048
0391++ BD9E B003130850089208D80821097009C2091A0A770AD90A420B
0392++ BDB6             frq_949: 	
0393++ BDB6             		dw	949,21+2048,83+2048,149+2048,218+2048,292+2048,371+2048,454+2048,542+2048,635+2048,733+2048,838+2048
0393++ BDB6 B503150853089508DA0824097309C6091E0A7B0ADD0A460B
0394++ BDCE             frq_950: 	
0395++ BDCE             		dw	950,22+2048,84+2048,150+2048,219+2048,293+2048,372+2048,455+2048,543+2048,636+2048,734+2048,839+2048
0395++ BDCE B603160854089608DB0825097409C7091F0A7C0ADE0A470B
0396++ BDE6             frq_951: 	
0397++ BDE6             		dw	951,22+2048,85+2048,151+2048,220+2048,294+2048,372+2048,456+2048,543+2048,637+2048,736+2048,841+2048
0397++ BDE6 B703160855089708DC0826097409C8091F0A7D0AE00A490B
0398++ BDFE             frq_952: 	
0399++ BDFE             		dw	952,23+2048,85+2048,151+2048,221+2048,295+2048,373+2048,456+2048,544+2048,638+2048,736+2048,841+2048
0399++ BDFE B803170855089708DD0827097509C809200A7E0AE00A490B
0400++ BE16             frq_953: 	
0401++ BE16             		dw	953,23+2048,86+2048,152+2048,221+2048,296+2048,374+2048,457+2048,545+2048,639+2048,737+2048,842+2048
0401++ BE16 B903170856089808DD0828097609C909210A7F0AE10A4A0B
0402++ BE2E             frq_964: 	
0403++ BE2E             		dw	964,29+2048,92+2048,158+2048,228+2048,303+2048,382+2048,466+2048,554+2048,648+2048,747+2048,852+2048
0403++ BE2E C4031D085C089E08E4082F097E09D2092A0A880AEB0A540B
0404++ BE46             frq_966: 	
0405++ BE46             		dw	966,30+2048,93+2048,159+2048,229+2048,304+2048,383+2048,467+2048,555+2048,649+2048,749+2048,854+2048
0405++ BE46 C6031E085D089F08E50830097F09D3092B0A890AED0A560B
0406++ BE5E             frq_969: 	
0407++ BE5E             		dw	969,32+2048,95+2048,161+2048,232+2048,306+2048,385+2048,469+2048,558+2048,652+2048,752+2048,857+2048
0407++ BE5E C90320085F08A108E80832098109D5092E0A8C0AF00A590B
0408++ BE76             frq_974: 	
0409++ BE76             		dw	974,34+2048,97+2048,164+2048,235+2048,310+2048,389+2048,473+2048,562+2048,656+2048,756+2048,862+2048
0409++ BE76 CE0322086108A408EB0836098509D909320A900AF40A5E0B
0410++ BE8E             frq_977: 	
0411++ BE8E             		dw	977,36+2048,99+2048,166+2048,237+2048,312+2048,391+2048,475+2048,564+2048,659+2048,759+2048,865+2048
0411++ BE8E D10324086308A608ED0838098709DB09340A930AF70A610B
0412++ BEA6             frq_978: 	
0413++ BEA6             		dw	978,37+2048,100+2048,167+2048,238+2048,313+2048,392+2048,476+2048,565+2048,660+2048,760+2048,866+2048
0413++ BEA6 D20325086408A708EE0839098809DC09350A940AF80A620B
0414++ BEBE             frq_1018: 	
0415++ BEBE             		dw	1018,58+2048,122+2048,190+2048,263+2048,339+2048,420+2048,506+2048,597+2048,693+2048,796+2048,904+2048
0415++ BEBE FA033A087A08BE0807095309A409FA09550AB50A1C0B880B
0416++ BED6             
0417++ BED6             
1709+  BED6             
0641   BED6             
0642   BED6             MoonSound_end: 
0643   BED6             		.savebin "moonsound.bin",MoonSound_Start, MoonSound_end - MoonSound_Start
0644   BED6             
0645   BED6             
0646   BED6             		.end
0647   BED6             
0648   BED6             
