0001   0000             ;--------------------------------------------------------------------
0002   0000             ; Ž¯¨á ­¨¥: à®£à ¬¬  ¯à®¨£àë¢ ­¨ï à §­ëå §¢ãª®¢ëå ¬®¤ã«¥© Amstrad CPC
0003   0000             ; ¯®¤¤¥à¦ª  ¢ ¦¥«¥§¥: ZXM-MoonSound
0004   0000             ; €¢â®à ¯®àâ : ’ à á®¢ Œ..(Mick),2014
0005   0000             ;--------------------------------------------------------------------
0006   0000             		DEVICE ZXSPECTRUM128
0007   0000             
0008   0000             		.org 	6200h
0009   6200             
0010   6200             ;-------------------------------------------------------------------
0011   6200             ; ®¯¨á ­¨¥: ’®çª  ¢å®¤  ¢ ¯à®£à ¬¬ã ¯®á«¥ ¯¥à¥¤ ç¨ ã¯à ¢«¥­¨ï ¨§ Ž‘
0012   6200             ;---------------------------------------------------------------------
0013   6200             MoonSound_Start: 		
0014   6200 AF          		xor	a               		;¡®à¤¥à ¢ ç¥à­ë© æ¢¥â
0015   6201 D3 FE       		out	(0feh),a	
0016   6203 32 F0 65    		ld	(MoonSound_count_music),a	;áç¥âç¨ª ­®¬¥à  ¬ã§ëª¨
0017   6206 32 EF 65    		ld	(MoonSound_number_music),a
0018   6209 32 EE 65                    ld	(MoonSound_flg_next),a
0019   620C             
0020   620C 21 00 40    		ld	hl,4000h
0021   620F 11 01 40    		ld	de,4001h
0022   6212 01 00 1B    		ld	bc,1b00h
0023   6215 71          		ld	(hl),c
0024   6216 ED B0       		ldir
0025   6218             		
0026   6218 21 00 40    		ld	hl,4000h			;£àã§¨¬ íªà ­
0027   621B ED 5B F4 5C 		ld	de,(5CF4h)
0028   621F 01 05 1B    		ld	bc,1B05h
0029   6222 CD 13 3D    		call	3d13h
0030   6225 CD 1A 68    		call	Str_init_load
0031   6228 FB          		ei
0032   6229             MoonSound_loading: 
0033   6229 76          		halt
0034   622A 06 00       		ld	b,0
0035   622C             MoonSound_wait: 
0036   622C 10 FE       		djnz	MoonSound_wait			
0037   622E CD 2C 68    		call	Str_play
0038   6231 38 02       		jr	c,MoonSound_load
0039   6233 30 F4       		jr	nc,MoonSound_loading	
0040   6235             MoonSound_load: 
0041   6235 F3          		di                                      ;­  ¢áïª¨© ¯®¦ à­ë© § ¯à¥â¨¬ ¯à¥àë¢ ­¨ï
0042   6236             
0043   6236 3E 11       		ld	a,11h 
0044   6238 01 FD 7F    		ld	bc,7ffdh
0045   623B ED 79       		out	(c),a
0046   623D 21 00 C0    		ld	hl,0C000h			;£àã§¨¬ ¬ã§ëª «ì­ë© ¯ ª 0.
0047   6240 ED 5B F4 5C 		ld	de,(5CF4h)
0048   6244 01 05 3D    		ld	bc,3D05h
0049   6247 CD 13 3D    		call	3d13h
0050   624A             
0051   624A 3E 13       		ld	a,13h 
0052   624C 01 FD 7F    		ld	bc,7ffdh
0053   624F ED 79       		out	(c),a
0054   6251 21 00 C0    		ld	hl,0C000h			;£àã§¨¬ ¬ã§ëª «ì­ë© ¯ ª 1.
0055   6254 ED 5B F4 5C 		ld	de,(5CF4h)
0056   6258 01 05 3D    		ld	bc,3D05h
0057   625B CD 13 3D    		call	3d13h
0058   625E             
0059   625E 3E 14       		ld	a,14h 
0060   6260 01 FD 7F    		ld	bc,7ffdh
0061   6263 ED 79       		out	(c),a
0062   6265 21 00 C0    		ld	hl,0C000h			;£àã§¨¬ ¬ã§ëª «ì­ë© ¯ ª 2.
0063   6268 ED 5B F4 5C 		ld	de,(5CF4h)
0064   626C 01 05 40    		ld	bc,4005h
0065   626F CD 13 3D    		call	3d13h
0066   6272             		
0067   6272 3E 16       		ld	a,16h 
0068   6274 01 FD 7F    		ld	bc,7ffdh
0069   6277 ED 79       		out	(c),a
0070   6279 21 00 C0    		ld	hl,0C000h			;£àã§¨¬ ¬ã§ëª «ì­ë© ¯ ª 3
0071   627C ED 5B F4 5C 		ld	de,(5CF4h)
0072   6280 01 05 38    		ld	bc,3805h
0073   6283 CD 13 3D    		call	3d13h
0074   6286             
0075   6286 3E 17       		ld	a,17h 
0076   6288 01 FD 7F    		ld	bc,7ffdh
0077   628B ED 79       		out	(c),a
0078   628D 21 00 C0    		ld	hl,0C000h			;£àã§¨¬ ¬ã§ëª «ì­ë© ¯ ª 4
0079   6290 ED 5B F4 5C 		ld	de,(5CF4h)
0080   6294 01 05 3D    		ld	bc,3D05h
0081   6297 CD 13 3D    		call	3d13h
0082   629A             
0083   629A 3E 10       		ld	a,10h 
0084   629C 01 FD 7F    		ld	bc,7ffdh
0085   629F ED 79       		out	(c),a
0086   62A1             
0087   62A1 CD FF 64    		call	MoonSound_init_opl4
0088   62A4 CD 8D 64    		call	MoonSound_mwkload
0089   62A7             
0090   62A7 31 FF 5F    		ld	sp,5fffh
0091   62AA             
0092   62AA CD 0D 68    		call	Str_init			;¨­¨æ¨ «¨§ æ¨ï ¡¥£ãé¥© áâà®ª¨
0093   62AD CD DD 67    		call	Analyzer_init			
0094   62B0 CD 55 64    		call	MoonSound_view_number
0095   62B3 CD EE 63    		call	MoonSound_time_init
0096   62B6             
0097   62B6 21 00 60    		ld	hl,6000h                       	
0098   62B9 11 01 60    		ld	de,6001h
0099   62BC 01 00 01    		ld	bc,0100h
0100   62BF 36 61       		ld	(hl),61h
0101   62C1 ED B0       		ldir
0102   62C3 3E C3       		ld	a,0c3h                          
0103   62C5 32 61 61    		ld	(6161h),a
0104   62C8 21 01 67    		ld	hl,Interrupt_handle
0105   62CB 22 62 61    		ld	(6162h),hl
0106   62CE             
0107   62CE 3E 60       		ld	a,60h                          
0108   62D0 ED 47       		ld	i,a
0109   62D2 ED 5E       		im	2
0110   62D4             
0111   62D4 AF          		xor	a
0112   62D5 C3 17 63    		jp	MoonSound_next_music
0113   62D8             
0114   62D8             ;		ei
0115   62D8             
0116   62D8             MoonSound_key: 		
0117   62D8 AF          		xor	a
0118   62D9 32 F2 65                    ld	(MoonSound_key_press),a
0119   62DC             MoonSound_loop: 		
0120   62DC 76          		halt
0121   62DD             
0122   62DD 3A EE 65                    ld	a,(MoonSound_flg_next)
0123   62E0 A7          		and	a
0124   62E1 20 27       		jr	nz,MoonSound_select_next 	
0125   62E3             
0126   62E3 3E 7F       		ld	a,7fh				;®¦¨¤ ¥¬ ¯à®¡¥« - ¯¥à¥å®¤ ª á«¥¤ãîé¥© ª®¬¯®§¨æ¨¨
0127   62E5 DB FE       		in	a,(0feh)
0128   62E7 1F          		rra	
0129   62E8 38 EE       		jr	c,MoonSound_key
0130   62EA             
0131   62EA 3E FE       		ld	a,0FEh
0132   62EC DB FE       		in	a,(0FEh)
0133   62EE 1F          		rra	    
0134   62EF D2 E3 63    		jp	nc,MoonSound_exit
0135   62F2             
0136   62F2 3A F2 65    		ld	a,(MoonSound_key_press)
0137   62F5 A7          		and	a
0138   62F6 20 E4       		jr	nz,MoonSound_loop
0139   62F8             
0140   62F8 3C          		inc	a
0141   62F9 32 F2 65                    ld	(MoonSound_key_press),a
0142   62FC             
0143   62FC 3E 08       		ld	a,8
0144   62FE CD 61 82    		call	MBPlayer_fade			;§ âãå ­¨¥ ¬¥«®¤¨¨
0145   6301             		
0146   6301             MoonSound_fade_wait: 	
0147   6301 3A DF 89    		ld	a,(MBPlayer_play_busy)		;¦¤¥¬ ¯®ª  ®áâ ­®¢¨âáï ¯à®¨£àë¢ â¥«ì
0148   6304 B7          		or	a
0149   6305 20 FA       		jr	nz,MoonSound_fade_wait
0150   6307 CD 5E 82    		call	MBPlayer_stop
0151   630A             
0152   630A             
0153   630A             MoonSound_select_next: 
0154   630A AF          		xor	a
0155   630B 32 EE 65                    ld	(MoonSound_flg_next),a
0156   630E             
0157   630E 3A F0 65    		ld	a,(MoonSound_count_music)
0158   6311 3C          		inc	a
0159   6312 FE 0E       		cp	14
0160   6314 38 01       		jr	c,MoonSound_next_music
0161   6316 AF          		xor	a
0162   6317             
0163   6317             MoonSound_next_music: 
0164   6317 F3          		di	
0165   6318 32 F0 65    		ld	(MoonSound_count_music),a
0166   631B 6F          		ld	l,a
0167   631C 5F          		ld	e,a
0168   631D 26 00       		ld	h,0
0169   631F 54          		ld	d,h
0170   6320 29          		add	hl,hl
0171   6321 29          		add	hl,hl
0172   6322 19          		add	hl,de
0173   6323 11 9D 63    		ld	de,MoonSound_tabl_music
0174   6326 19          		add	hl,de
0175   6327 7E          		ld	a,(hl)				;­®¬¥à áâà ­¨æë ¯ ¬ïâ¨
0176   6328 32 F1 65    		ld	(MoonSound_page_memory),a
0177   632B 23          		inc	hl
0178   632C 5E          		ld	e,(hl)				; ¤à¥á âà¥ª                           
0179   632D 23          		inc	hl
0180   632E 56          		ld	d,(hl)
0181   632F 23          		inc	hl
0182   6330 7E          		ld	a,(hl)                          ;ç¨á«® ­¥¯®«­ëå ¡ ©â
0183   6331 23          		inc	hl
0184   6332 46          		ld	b,(hl)				;ç¨á«® á¥ªâ®à®¢
0185   6333 A7          		and	a
0186   6334 28 01       		jr	z,MoonSound_copy_block
0187   6336 04          		inc	b	
0188   6337             
0189   6337             MoonSound_copy_block: 
0190   6337 21 00 C8    		ld	hl,0C800h
0191   633A 22 F6 65    		ld	(MoonSound_copy_addr),hl
0192   633D EB          		ex	hl,de
0193   633E             
0194   633E             MoonSound_copy_loop: 
0195   633E C5          		push	bc
0196   633F 3A F1 65    		ld	a,(MoonSound_page_memory)	;§ £àã§¨¬ ­®¬¥à áâà ­¨æë ¯ ¬ïâ¨
0197   6342 01 FD 7F    		ld	bc,7ffdh
0198   6345 ED 79       		out	(c),a
0199   6347             
0200   6347 11 F8 65    		ld	de,MoonSound_copy_buffer
0201   634A 01 00 01    		ld	bc,100h
0202   634D ED B0       		ldir
0203   634F E5          		push	hl
0204   6350 3E 10       		ld	a,10h
0205   6352 01 FD 7F    		ld	bc,7ffdh
0206   6355 ED 79       		out	(c),a
0207   6357 2A F6 65    		ld	hl,(MoonSound_copy_addr)
0208   635A 11 F8 65    		ld	de,MoonSound_copy_buffer
0209   635D EB          		ex	hl,de
0210   635E 01 00 01    		ld	bc,100h
0211   6361 ED B0       		ldir
0212   6363 EB          		ex	hl,de
0213   6364 22 F6 65    		ld	(MoonSound_copy_addr),hl
0214   6367 E1          		pop	hl
0215   6368 C1          		pop	bc
0216   6369 10 D3       		djnz	MoonSound_copy_loop
0217   636B             
0218   636B CD 10 65    		call	MoonSound_mwmload
0219   636E             
0220   636E 21 00 C0    		ld	hl,0C000h
0221   6371 22 E4 89    		ld	(MBPlayer_songdata_addres),hl
0222   6374 CD 58 82    		call	MBPlayer_init
0223   6377             
0224   6377 3A EF 65    		ld	a,(MoonSound_number_music)
0225   637A 3C          		inc	a
0226   637B 4F          		ld	c,a
0227   637C E6 0F       		and	0Fh
0228   637E FE 0A       		cp	10
0229   6380 38 04       		jr	c,MoonSound_number_correct
0230   6382 3E 06       		ld	a,6
0231   6384 81          		add	c
0232   6385 4F          		ld	c,a
0233   6386             
0234   6386             MoonSound_number_correct: 
0235   6386 79          		ld	a,c
0236   6387 32 EF 65    		ld	(MoonSound_number_music),a
0237   638A FE 15       		cp	15h
0238   638C 38 02       		jr	c,MoonSound_number_valid
0239   638E 3E 01       		ld	a,1
0240   6390             
0241   6390             MoonSound_number_valid: 
0242   6390 32 EF 65    		ld	(MoonSound_number_music),a
0243   6393 CD 55 64    		call	MoonSound_view_number
0244   6396 CD EE 63    		call	MoonSound_time_init
0245   6399             
0246   6399 FB          		ei
0247   639A C3 DC 62    		jp      MoonSound_loop
0248   639D             
0249   639D             MoonSound_tabl_music: 
0250   639D             
0251   639D             
0252   639D 11          		db	11h   				; 1 ¬ã§ëª «ì­®¥ ¯à®¨§¢¥¤¥­¨¥
0253   639E 00 C0       		dw	0C000h
0254   63A0 40 13       		dw	1340h
0255   63A2 11          		db	11h   				; 2 ¬ã§ëª «ì­®¥ ¯à®¨§¢¥¤¥­¨¥
0256   63A3 B0 D5       		dw	0D5B0h
0257   63A5 F0 26       		dw	26F0h
0258   63A7             
0259   63A7             
0260   63A7 13          		db	13h   				; 3 ¬ã§ëª «ì­®¥ ¯à®¨§¢¥¤¥­¨¥
0261   63A8 00 C0       		dw	0C000h
0262   63AA 10 11       		dw	1110h
0263   63AC 13          		db	13h   				; 4 ¬ã§ëª «ì­®¥ ¯à®¨§¢¥¤¥­¨¥
0264   63AD 10 D1       		dw	0D110h
0265   63AF D0 15       		dw	15D0h
0266   63B1 13          		db	13h   				; 5 ¬ã§ëª «ì­®¥ ¯à®¨§¢¥¤¥­¨¥
0267   63B2 E0 E6       		dw	0E6E0h
0268   63B4 10 0B       		dw	0B10h
0269   63B6 13          		db	13h   				; 6 ¬ã§ëª «ì­®¥ ¯à®¨§¢¥¤¥­¨¥
0270   63B7 F0 F1       		dw	0F1F0h
0271   63B9 10 0B       		dw	0B10h
0272   63BB             
0273   63BB 14          		db	14h   				; 7 ¬ã§ëª «ì­®¥ ¯à®¨§¢¥¤¥­¨¥
0274   63BC 00 C0       		dw	0C000h
0275   63BE 00 15       		dw	1500h
0276   63C0 14          		db	14h   				; 8 ¬ã§ëª «ì­®¥ ¯à®¨§¢¥¤¥­¨¥
0277   63C1 00 D5       		dw	0D500h
0278   63C3 40 22       		dw	2240h
0279   63C5 14          		db	14h   				; 9 ¬ã§ëª «ì­®¥ ¯à®¨§¢¥¤¥­¨¥
0280   63C6 40 F7       		dw	0F740h
0281   63C8 F0 07       		dw	07F0h
0282   63CA             
0283   63CA 16          		db	16h   				; 10 ¬ã§ëª «ì­®¥ ¯à®¨§¢¥¤¥­¨¥
0284   63CB 00 C0       		dw	0C000h
0285   63CD 70 10       		dw	1070h
0286   63CF 16          		db	16h   				; 11 ¬ã§ëª «ì­®¥ ¯à®¨§¢¥¤¥­¨¥
0287   63D0 70 D0       		dw	0D070h
0288   63D2 00 12       		dw	1200h
0289   63D4 16          		db	16h   				; 12 ¬ã§ëª «ì­®¥ ¯à®¨§¢¥¤¥­¨¥
0290   63D5 70 E2       		dw	0E270h
0291   63D7 00 15       		dw	1500h
0292   63D9             		
0293   63D9 17          		db	17h   				; 13 ¬ã§ëª «ì­®¥ ¯à®¨§¢¥¤¥­¨¥
0294   63DA 00 C0       		dw	0C000h
0295   63DC 00 1E       		dw	1E00h
0296   63DE 17          		db	17h   				; 14 ¬ã§ëª «ì­®¥ ¯à®¨§¢¥¤¥­¨¥
0297   63DF 00 DE       		dw	0DE00h
0298   63E1 00 1F       		dw	1F00h
0299   63E3             
0300   63E3             MoonSound_exit: 		
0301   63E3 F3          		di	
0302   63E4 CD 5E 82    		call	MBPlayer_stop
0303   63E7 21 00 00    		ld	hl,0	
0304   63EA E5          		push	hl
0305   63EB C3 2F 3D          		jp  	3d2fh				;¢ëå®¤ ¢ TR-DOS
0306   63EE             
0307   63EE             MoonSound_time_init: 
0308   63EE AF          		xor	a
0309   63EF 32 F3 65                    ld	(MoonSound_time_int),a
0310   63F2 32 F4 65    		ld	(MoonSound_time_count),a		
0311   63F5 32 F5 65    		ld	(MoonSound_time_minute),a
0312   63F8 18 38       		jr	MoonSound_time_draw
0313   63FA             
0314   63FA             MoonSound_time_view: 
0315   63FA 3A F3 65                    ld	a,(MoonSound_time_int)
0316   63FD 3C          		inc	a
0317   63FE 32 F3 65                    ld	(MoonSound_time_int),a
0318   6401 FE 3C       		cp	60 ;50
0319   6403 D8          		ret	c
0320   6404 AF          		xor	a
0321   6405 32 F3 65                    ld	(MoonSound_time_int),a
0322   6408 3A F4 65                    ld	a,(MoonSound_time_count)
0323   640B 3C          		inc	a
0324   640C 4F          		ld	c,a
0325   640D E6 0F       		and	0Fh
0326   640F FE 0A       		cp	10
0327   6411 38 04       		jr	c,MoonSound_time_next
0328   6413 3E 06       		ld	a,6
0329   6415 81          		add	c
0330   6416 4F          		ld	c,a
0331   6417             MoonSound_time_next: 
0332   6417 79          		ld	a,c
0333   6418 32 F4 65    		ld	(MoonSound_time_count),a		
0334   641B FE 60       		cp	60h
0335   641D 38 13       		jr	c,MoonSound_time_draw
0336   641F AF          		xor	a
0337   6420 32 F4 65    		ld	(MoonSound_time_count),a		
0338   6423 3A F5 65    		ld	a,(MoonSound_time_minute)
0339   6426 3C          		inc	a
0340   6427 32 F5 65    		ld	(MoonSound_time_minute),a
0341   642A FE 0A       		cp	10
0342   642C 38 04       		jr	c,MoonSound_time_draw
0343   642E AF          		xor	a
0344   642F 32 F5 65    		ld	(MoonSound_time_minute),a
0345   6432             MoonSound_time_draw: 
0346   6432 3A F5 65    		ld	a,(MoonSound_time_minute)
0347   6435 E6 0F       		and	0Fh
0348   6437 21 9C 50    		ld	hl,509Ch
0349   643A CD 68 64    		call 	MoonSound_view_symbol
0350   643D 3A F4 65    		ld	a,(MoonSound_time_count)
0351   6440 4F          		ld	c,a
0352   6441 E6 F0       		and	0F0h
0353   6443 0F          		rrca
0354   6444 0F          		rrca
0355   6445 0F          		rrca
0356   6446 0F          		rrca
0357   6447 21 9E 50    		ld	hl,509Eh
0358   644A CD 68 64    		call	MoonSound_view_symbol
0359   644D 79          		ld	a,c
0360   644E E6 0F       		and	0Fh
0361   6450 21 9F 50    		ld	hl,509Fh
0362   6453 18 13       		jr	MoonSound_view_symbol
0363   6455              
0364   6455             MoonSound_view_number: 
0365   6455 4F          		ld	c,a
0366   6456 E6 F0       		and	0F0h
0367   6458 0F          		rrca
0368   6459 0F          		rrca
0369   645A 0F          		rrca
0370   645B 0F          		rrca
0371   645C 21 87 50    		ld	hl,5087h
0372   645F CD 68 64    		call	MoonSound_view_symbol
0373   6462 79          		ld	a,c
0374   6463 E6 0F       		and	0Fh
0375   6465 21 88 50    		ld	hl,5088h
0376   6468             MoonSound_view_symbol: 
0377   6468 E5          		push	hl
0378   6469 26 00       		ld	h,0
0379   646B 6F          		ld	l,a
0380   646C 29          		add	hl,hl
0381   646D 29          		add	hl,hl
0382   646E 29          		add	hl,hl
0383   646F 11 9E 65    		ld	de,MoonSound_table_symbol
0384   6472 19          	        add	hl,de	
0385   6473 EB          		ex	de,hl
0386   6474 E1          		pop	hl
0387   6475 06 08       		ld	b,8
0388   6477             
0389   6477             MoonSound_view_loop: 
0390   6477 1A          		ld	a,(de)
0391   6478 77          		ld	(hl),a
0392   6479 13          		inc	de		
0393   647A 24          		inc	h
0394   647B 7C          		ld	a,h
0395   647C E6 07       		and	7
0396   647E 20 0A       		jr	nz,MoonSound_next_line
0397   6480 7D          		ld	a,l
0398   6481 C6 20       		add	a,20h
0399   6483 6F          		ld	l,a
0400   6484 38 04       		jr	c,MoonSound_next_line
0401   6486 7C          		ld	a,h
0402   6487 D6 08       		sub	8
0403   6489 67          		ld	h,a
0404   648A             MoonSound_next_line: 
0405   648A 10 EB       		djnz	MoonSound_view_loop
0406   648C C9          		ret	
0407   648D             
0408   648D             MoonSound_mwkload: 
0409   648D 11 11 02    		ld	de,0211h			;®âªàë¢ ¥¬ Ž‡“ ­  § ¯¨áì
0410   6490 CD F0 64    		call	MoonSound_wave_out
0411   6493             	
0412   6493 11 20 03    		ld	de,0320h			;ãáâ ­ ¢«¨¢ ¥¬  ¤à¥á 200000h
0413   6496 CD F0 64    		call	MoonSound_wave_out
0414   6499 11 00 04    		ld	de,0400h                        ;áâ àè¨© ¡ ©â
0415   649C CD F0 64    		call	MoonSound_wave_out		
0416   649F 14          		inc	d                               ;05 - ¬« ¤è¨© ¡ ©â  ¤à¥á 
0417   64A0 CD F0 64    		call	MoonSound_wave_out
0418   64A3             
0419   64A3 06 07       		ld	b,7				;ç¨á«® ¡«®ª®¢ ¯® 16ª¡
0420   64A5             MoonSound_loop_block: 
0421   64A5             
0422   64A5 C5          		push	bc
0423   64A6 21 00 C0    		ld	hl,0C000h			;£àã§¨¬ ¡«®ª á¥¬¯«®¢
0424   64A9 ED 5B F4 5C 		ld	de,(5CF4h)
0425   64AD 01 05 40    		ld	bc,4005h			
0426   64B0 CD 13 3D    		call	3d13h
0427   64B3             
0428   64B3 21 00 C0    		ld	hl,0C000h
0429   64B6 01 00 40    		ld	bc,4000h
0430   64B9 16 06       		ld	d,06h                        	;06 -§ ¯¨è¥¬ ¤ ­­ë¥ ¤ ­­ë¥
0431   64BB             
0432   64BB             MoonSound_loop_write: 
0433   64BB 5E          		ld	e,(hl)
0434   64BC CD F0 64    		call	MoonSound_wave_out		
0435   64BF CD F9 64    		call	MoonSound_busy			;¯à®¢¥à¨¬ £®â®¢­®áâì ¬¨ªà®áå¥¬ë
0436   64C2 23          		inc	hl
0437   64C3 0B          		dec	bc
0438   64C4 78          		ld	a,b
0439   64C5 B1          		or	c
0440   64C6 20 F3       		jr	nz, MoonSound_loop_write
0441   64C8 C1          		pop	bc
0442   64C9 10 DA       		djnz	MoonSound_loop_block
0443   64CB             
0444   64CB 21 00 C0    		ld	hl,0C000h			;£àã§¨¬ ¡«®ª á¥¬¯«®¢
0445   64CE ED 5B F4 5C 		ld	de,(5CF4h)
0446   64D2 01 05 30    		ld	bc,3005h			
0447   64D5 CD 13 3D    		call	3d13h
0448   64D8             
0449   64D8 21 00 C0    		ld	hl,0C000h
0450   64DB 01 00 30    		ld	bc,3000h
0451   64DE 16 06       		ld	d,06h                        	;06 -§ ¯¨è¥¬ ¤ ­­ë¥ ¤ ­­ë¥
0452   64E0             
0453   64E0             MoonSound_loop_write1: 
0454   64E0 5E          		ld	e,(hl)
0455   64E1 CD F0 64    		call	MoonSound_wave_out		
0456   64E4 CD F9 64    		call	MoonSound_busy			;¯à®¢¥à¨¬ £®â®¢­®áâì ¬¨ªà®áå¥¬ë
0457   64E7 23          		inc	hl
0458   64E8 0B          		dec	bc
0459   64E9 78          		ld	a,b
0460   64EA B1          		or	c
0461   64EB 20 F3       		jr	nz, MoonSound_loop_write1
0462   64ED             
0463   64ED 11 10 02    		ld	de, 0210h			;§ ªàë¢ ¥¬ ¤®áâã¯ ª Ž‡“ ª àâë
0464   64F0             ;-------------------------------------------------------------------
0465   64F0             ; ®¯¨á ­¨¥: ‡ ¯¨áì ¢ à¥£¨áâàë Wave
0466   64F0             ; ¯ à ¬¥âàë: D =  ¤à¥á à¥£¨áâà  
0467   64F0             ;	     E = ¤ ­­ë¥
0468   64F0             ; ¢®§¢à é ¥¬®¥  §­ ç¥­¨¥: ­¥â
0469   64F0             ;-------------------------------------------------------------------
0470   64F0             MoonSound_wave_out: 
0471   64F0 7A          		ld	a, d
0472   64F1 D3 7E       		out	(MOON_WREG),a
0473   64F3             		
0474   64F3 00          		nop
0475   64F4 00          		nop	
0476   64F5             
0477   64F5 7B          		ld	a, e
0478   64F6 D3 7F       		out	(MOON_WDAT),a
0479   64F8 C9          		ret
0480   64F9             ;-------------------------------------------------------------------
0481   64F9             ; ®¯¨á ­¨¥: Ž¦¨¤ ­¨¥ £®â®¢­®áâ¨ ¬¨ªà®áå¥¬ë
0482   64F9             ; ¯ à ¬¥âàë: ­¥â
0483   64F9             ; ¢®§¢à é ¥¬®¥  §­ ç¥­¨¥: ­¥â
0484   64F9             ;-------------------------------------------------------------------
0485   64F9             MoonSound_busy: 
0486   64F9 DB C4       		in	a,(MOON_STAT)
0487   64FB 1F          		rra
0488   64FC 38 FB       		jr	c,MoonSound_busy		
0489   64FE C9          		ret
0490   64FF             ;-------------------------------------------------------------------
0491   64FF             ; ®¯¨á ­¨¥: ˆ­¨æ¨ «¨§ æ¨ï OPL4 à¥£¨áâà®¢
0492   64FF             ; ¯ à ¬¥âàë: ­¥â
0493   64FF             ; ¢®§¢à é ¥¬®¥  §­ ç¥­¨¥: ­¥â
0494   64FF             ;---------------------------------------------------------------------
0495   64FF             MoonSound_init_opl4: 
0496   64FF 3E 05       		ld	a, 5
0497   6501 D3 C6       		out	(0C6h),	a
0498   6503 C5          		push	bc
0499   6504 C1          		pop	bc
0500   6505 3E 03       		ld	a, 3
0501   6507 D3 C7       		out	(0C7h),	a
0502   6509 16 02       		ld	d, 2
0503   650B 1E 10       		ld	e, 10h
0504   650D C3 F0 64    		jp	MoonSound_wave_out
0505   6510             
0506   6510             MoonSound_mwmload: 
0507   6510 21 00 C8    		ld	hl,0C800h
0508   6513 22 FC 66    		ld	(load_position),hl
0509   6516 21 00 C0    		ld	hl,0C000h
0510   6519 22 E4 89    		ld	(MBPlayer_songdata_addres),hl
0511   651C             
0512   651C             ;--- Load MWM file ---
0513   651C             
0514   651C             ; Note: The routine below is a bit complex because it supports
0515   651C             ; songs > 16K. However, if you know that your song will always be < 16K you
0516   651C             ; can simplify it a lot:
0517   651C             ; - read the header and trash it!
0518   651C             ; - read the rest of the file
0519   651C             ; - modify the play_nextpos routine so that 3 is added to the pattern address
0520   651C             
0521   651C             mbload: 
0522   651C             
0523   651C 21 E3 89    		ld	hl,MBPlayer_songdata_bank1	; select first song bank
0524   651F 22 FA 66    		ld	(load_bank),hl
0525   6522 7E          		ld	a,(hl)
0526   6523             
0527   6523 21 06 00    		ld	hl,6
0528   6526 ED 5B E4 89 		ld	de,(MBPlayer_songdata_addres)
0529   652A CD 7A 65    		call	load_file			; read header
0530   652D             
0531   652D 21 16 01    		ld	hl,278
0532   6530 ED 5B E4 89 		ld	de,(MBPlayer_songdata_addres)		; read settings
0533   6534 CD 7A 65    		call	load_file
0534   6537 1A          		ld	a,(de)
0535   6538 19          		add	hl,de
0536   6539 EB          		ex	de,hl
0537   653A 3C          		inc	a
0538   653B 6F          		ld	l,a
0539   653C 26 00       		ld	h,0
0540   653E CD 7A 65    		call	load_file			; read positions
0541   6541 CD 8E 65    		call	check_pats
0542   6544 19          		add	hl,de
0543   6545 EB          		ex	de,hl
0544   6546 87          		add	a,a
0545   6547 6F          		ld	l,a
0546   6548 26 00       		ld	h,0
0547   654A CD 7A 65    		call	load_file			; read pattern addresses
0548   654D 19          		add	hl,de
0549   654E 22 F8 66    		ld	(load_adres),hl
0550   6551             
0551   6551             mbload_lp: 
0552   6551 11 FE 66    		ld	de,load_buffer
0553   6554 21 03 00    		ld	hl,3
0554   6557 CD 7A 65    		call	load_file
0555   655A 3A 00 67    		ld	a,(load_buffer + 2)
0556   655D B7          		or	a
0557   655E C8          		ret	z
0558   655F ED 5B F8 66 		ld	de,(load_adres)
0559   6563 2A FE 66    		ld	hl,(load_buffer)
0560   6566 CD 7A 65    		call	load_file
0561   6569             
0562   6569 11 00 C0    		ld	de,0C000h
0563   656C ED 53 F8 66 		ld	(load_adres),de
0564   6570 2A FA 66    		ld	hl,(load_bank)
0565   6573 23          		inc	hl
0566   6574 7E          		ld	a,(hl)
0567   6575 22 FA 66    		ld	(load_bank),hl
0568   6578 18 D7       		jr	mbload_lp
0569   657A             
0570   657A             
0571   657A             
0572   657A             ;--- Load (part of) file ---
0573   657A             ; In: HL = number of bytes to read
0574   657A             ;     DE = transfer address
0575   657A             
0576   657A             load_file: 	
0577   657A 7D          		ld	a,l
0578   657B B4          		or	h
0579   657C C8          		ret	z
0580   657D             
0581   657D E5          		push	hl
0582   657E D5          		push	de
0583   657F C5          		push	bc
0584   6580             
0585   6580 E5          		push	hl
0586   6581 C1          		pop	bc
0587   6582 2A FC 66    		ld	hl,(load_position)
0588   6585 ED B0       		ldir
0589   6587 22 FC 66    		ld	(load_position),hl
0590   658A C1          		pop	bc
0591   658B D1          		pop	de
0592   658C E1          		pop	hl
0593   658D C9          		ret
0594   658E             
0595   658E             ;--- search highest pattern ---
0596   658E             ; In: L = #positions, DE = pointer to patterns
0597   658E             ; Out: A = highest pattern
0598   658E             
0599   658E             check_pats: 	
0600   658E E5          		push	hl
0601   658F D5          		push	de
0602   6590 45          		ld	b,l
0603   6591 EB          		ex	de,hl
0604   6592 AF          		xor	a
0605   6593             check_patslp: 	
0606   6593 BE          		cp	(hl)
0607   6594 30 01       		jr	nc,check_pats2
0608   6596 7E          		ld	a,(hl)
0609   6597 23          check_pats2: 	inc	hl
0610   6598 10 F9       		djnz	check_patslp
0611   659A 3C          		inc	a
0612   659B D1          		pop	de
0613   659C E1          		pop	hl
0614   659D C9          		ret
0615   659E             MoonSound_table_symbol: 
0616   659E               		db 	0,3Ch,66h,6Eh,76h,66h,3Ch,0
0616   659E 003C666E76663C00
0617   65A6               		db 	0,18h,38h,18h,18h,18h,7Eh,0
0617   65A6 0018381818187E00
0618   65AE               		db 	0,3Ch,66h,0Ch,18h,30h,7Eh,0
0618   65AE 003C660C18307E00
0619   65B6               		db 	0,7Eh,0Ch,18h,0Ch,66h,3Ch,0
0619   65B6 007E0C180C663C00
0620   65BE               		db 	0,0Ch,1Ch,3Ch,6Ch,7Eh,0Ch,0
0620   65BE 000C1C3C6C7E0C00
0621   65C6               		db 	0,7Eh,60h,7Ch,06h,66h,3Ch,0
0621   65C6 007E607C06663C00
0622   65CE               		db 	0,3Ch,60h,7Ch,66h,66h,3Ch,0
0622   65CE 003C607C66663C00
0623   65D6               		db 	0,7Eh,06h,0Ch,18h,30h,30h,0
0623   65D6 007E060C18303000
0624   65DE               		db 	0,3Ch,66h,3Ch,66h,66h,3Ch,0
0624   65DE 003C663C66663C00
0625   65E6             		db 	0,3Ch,66h,3Eh,06h,0Ch,38h,0
0625   65E6 003C663E060C3800
0626   65EE             
0627   65EE             MoonSound_flg_next: 
0628   65EE 00          		db	0
0629   65EF             MoonSound_number_music: 
0630   65EF 00          		db	0
0631   65F0             
0632   65F0             MoonSound_count_music: 
0633   65F0 00          		db	0
0634   65F1             
0635   65F1             MoonSound_page_memory: 
0636   65F1 00          		db	0		
0637   65F2             MoonSound_key_press: 
0638   65F2 00          		db	0
0639   65F3             
0640   65F3             MoonSound_time_int: 
0641   65F3 00          		db	0
0642   65F4             MoonSound_time_count: 
0643   65F4 00          		db	0		
0644   65F5             MoonSound_time_minute: 
0645   65F5 00          		db	0
0646   65F6             
0647   65F6             
0648   65F6             MoonSound_copy_addr: 
0649   65F6 00 00       		dw	0
0650   65F8             MoonSound_copy_buffer: 
0651   65F8 00          		ds	256
0652   66F8             
0653   66F8 00 00       load_adres: 	dw	0
0654   66FA 00 00       load_bank: 	dw	0
0655   66FC 00 00       load_position: 	dw	0
0656   66FE 00 00 00    load_buffer: 	db	0,0,0
0657   6701             
0658   6701             
0659   6701             Interrupt_handle: 
0660   6701 E5          		push	hl
0661   6702 D5          		push	de
0662   6703 C5          		push	bc
0663   6704 F5          		push	af
0664   6705             
0665   6705 DB C4       		in	a, (0C4h)				;¯à®¢¥à¨¬ áâ âãá­ë© à¥£¨áâà YM278
0666   6707 17          		rla	
0667   6708 30 18       		jr	nc, Interrupt_exit                      ;¥á«¨ ¯à¥àë¢ ­¨¥ ­¥ ®â YM278 - ¢ëå®¤
0668   670A             
0669   670A 3E 04       		ld	a,4
0670   670C D3 C4       		out	(0C4h),a
0671   670E 00          		nop	
0672   670F 3E 81       		ld	a,128+1                         	
0673   6711 D3 C5       		out	(0C5h),a			        ;á¡à®á¨¬ ä« £ ¯à¥àë¢ ­¨ï
0674   6713             
0675   6713 CD 28 67    		call 	Analyzer_update
0676   6716 CD 2C 68    		call	Str_play
0677   6719 CD FA 63    		call	MoonSound_time_view
0678   671C             
0679   671C CD 5B 82    		call	MBPlayer_play
0680   671F             
0681   671F CD 69 67    		call 	Analyzer_view
0682   6722             
0683   6722             Interrupt_exit: 
0684   6722             
0685   6722 F1          		pop	af
0686   6723 C1          		pop	bc
0687   6724 D1          		pop	de
0688   6725 E1          		pop	hl
0689   6726 FB          		ei
0690   6727 C9          		ret
0691   6728             
0692   6728             
0693   6728             		.include  analyzer.asm
0001+  6728             ;--------------------------------------------------------------------
0002+  6728             ; Ž¯¨á ­¨¥: Œ®¤ã«ì ®â®¡à ¦¥­¨ï  ­ «¨§ â®à 
0003+  6728             ; €¢â®à: ’ à á®¢ Œ..(Mick),2016
0004+  6728             ;--------------------------------------------------------------------
0005+  6728             
0006+  6728             ;-------------------------------------------------------------------
0007+  6728             ; ®¯¨á ­¨¥: Ž¡­®¢«¥­¨¥ ¯ à ¬¥âà®¢  ­ «¨§ â®à 
0008+  6728             ; ¯ à ¬¥âàë: ­¥â
0009+  6728             ; ¢®§¢à é ¥¬®¥  §­ ç¥­¨¥: ­¥â
0010+  6728             ;---------------------------------------------------------------------
0011+  6728             Analyzer_update: 
0012+  6728 3E 0C       		ld	a, 0Ch
0013+  672A 32 E8 67    		ld	(byte_0_CF9), a
0014+  672D 11 99 95    		ld	de, MBPlayer_volume_buffer_2
0015+  6730 21 E9 67    		ld	hl, Analyzer_vol_table_1
0016+  6733 3E 18       		ld	a, 24
0017+  6735             
0018+  6735             loc_0_5D8: 
0019+  6735 08          		ex	af, af'
0020+  6736 E5          		push	hl
0021+  6737 1A          		ld	a, (de)
0022+  6738             
0023+  6738 E6 0F       		and	0Fh
0024+  673A 4F          		ld	c,a
0025+  673B 1A          		ld	a,(de)
0026+  673C E6 F0       		and	0F0h
0027+  673E 0F          		rrca	
0028+  673F 0F          		rrca	
0029+  6740 0F          		rrca
0030+  6741 0F          		rrca	
0031+  6742 B9          		cp	c
0032+  6743 30 01       		jr	nc,Analyzer_up_ch0
0033+  6745 79          		ld	a,c	
0034+  6746             
0035+  6746             Analyzer_up_ch0: 
0036+  6746 E6 0F       		and	0Fh
0037+  6748 28 07       		jr	z, loc_0_5EA
0038+  674A ED 44       		neg	
0039+  674C C6 11       		add	a, 11h
0040+  674E C3 57 67    		jp	loc_0_5F0
0041+  6751             
0042+  6751             loc_0_5EA: 
0043+  6751 7E          		ld	a, (hl)
0044+  6752 FE 01       		cp	1
0045+  6754 38 02       		jr	c, loc_0_5FA
0046+  6756 3D          		dec	a
0047+  6757             loc_0_5F0: 
0048+  6757 77          		ld	(hl), a
0049+  6758             loc_0_5FA: 
0050+  6758 3E 04       		ld	a, 4
0051+  675A 21 E8 67    		ld	hl, byte_0_CF9
0052+  675D 86          		add	a, (hl)
0053+  675E 77          		ld	(hl), a
0054+  675F E1          		pop	hl
0055+  6760 23          		inc	hl
0056+  6761 AF          		xor	a
0057+  6762 12          		ld	(de), a
0058+  6763 13          		inc	de
0059+  6764 08          		ex	af, af'
0060+  6765 3D          		dec	a
0061+  6766 20 CD       		jr	nz, loc_0_5D8
0062+  6768 C9          		ret
0063+  6769             ;-------------------------------------------------------------------
0064+  6769             ; ®¯¨á ­¨¥: Žâ®¡à ¦¥­¨¥  ­ «¨§ â®à 
0065+  6769             ; ¯ à ¬¥âàë: ­¥â
0066+  6769             ; ¢®§¢à é ¥¬®¥  §­ ç¥­¨¥: ­¥â
0067+  6769             ;---------------------------------------------------------------------
0068+  6769             Analyzer_view: 
0069+  6769             
0070+  6769 0E 0E       		ld	c,14
0071+  676B 21 C0 51    		ld	hl,51C0h
0072+  676E CD A8 67    		call	Analyzer_draw
0073+  6771             
0074+  6771 0E 0C       		ld	c,12
0075+  6773 21 C0 53    		ld	hl,53C0h
0076+  6776 CD A8 67    		call	Analyzer_draw
0077+  6779                                                                     
0078+  6779             
0079+  6779 0E 0A       		ld	c,10
0080+  677B 21 C0 55    		ld	hl,55C0h
0081+  677E CD A8 67    		call	Analyzer_draw
0082+  6781                                                                    
0083+  6781             
0084+  6781 0E 08       		ld	c,8
0085+  6783 21 C0 57    		ld	hl,57C0h
0086+  6786 CD A8 67    		call	Analyzer_draw
0087+  6789             
0088+  6789 0E 06       		ld	c,6
0089+  678B 21 E0 51    		ld	hl,51E0h
0090+  678E CD A8 67    		call	Analyzer_draw
0091+  6791             
0092+  6791 0E 04       		ld	c,4
0093+  6793 21 E0 53    		ld	hl,53E0h
0094+  6796 CD A8 67    		call	Analyzer_draw
0095+  6799             
0096+  6799 0E 02       		ld	c,2
0097+  679B 21 E0 55    		ld	hl,55E0h
0098+  679E CD A8 67    		call	Analyzer_draw
0099+  67A1             
0100+  67A1 21 E0 57    		ld	hl,57E0h
0101+  67A4 CD CC 67    		call	Analyzer_fill
0102+  67A7 C9          		ret
0103+  67A8             ;-------------------------------------------------------------------
0104+  67A8             ; ®¯¨á ­¨¥: Žâà¨á®¢ª  «¥¢®£® ª ­ «   ­ «¨§ â®à 
0105+  67A8             ; ¯ à ¬¥âàë: HL -  ¤à¥á íªà ­ 
0106+  67A8             ;            C - ¯®§¨æ¨ï ¢ ¨­¤¨ª â®à¥
0107+  67A8             ; ¢®§¢à é ¥¬®¥  §­ ç¥­¨¥: ­¥â
0108+  67A8             ;---------------------------------------------------------------------
0109+  67A8             Analyzer_draw: 
0110+  67A8 06 0C       		ld	b,12
0111+  67AA 11 E9 67    		ld	de, Analyzer_vol_table_1
0112+  67AD             Analyzer_loop: 
0113+  67AD             
0114+  67AD 78          		ld	a,b
0115+  67AE FE 06       		cp	6
0116+  67B0 20 04       		jr	nz,Analyzer_skip_2
0117+  67B2 3E 14       		ld	a,14h
0118+  67B4 85          		add	a,l
0119+  67B5 6F          		ld	l,a
0120+  67B6             Analyzer_skip_2: 
0121+  67B6             
0122+  67B6 36 00       		ld	(hl),0
0123+  67B8 1A          		ld	a,(de)
0124+  67B9 B9          		cp	c
0125+  67BA 38 02       		jr	c,Analyzer_skip_0
0126+  67BC 36 70       		ld	(hl),70h
0127+  67BE             Analyzer_skip_0: 
0128+  67BE 13          		inc	de
0129+  67BF             
0130+  67BF 1A          		ld	a,(de)
0131+  67C0 B9          		cp	c
0132+  67C1 38 04       		jr	c,Analyzer_skip_1
0133+  67C3 3E 07       		ld	a,07h
0134+  67C5 B6          		or	(hl)
0135+  67C6 77          		ld	(hl),a
0136+  67C7             Analyzer_skip_1: 
0137+  67C7 2C          		inc	l
0138+  67C8 13          		inc	de
0139+  67C9 10 E2       		djnz	Analyzer_loop
0140+  67CB C9          		ret	
0141+  67CC             ;-------------------------------------------------------------------
0142+  67CC             ; ®¯¨á ­¨¥: Žâà¨á®¢ª  «¥¢®£® ª ­ «   ­ «¨§ â®à 
0143+  67CC             ; ¯ à ¬¥âàë: HL -  ¤à¥á íªà ­ 
0144+  67CC             ; ¢®§¢à é ¥¬®¥  §­ ç¥­¨¥: ­¥â
0145+  67CC             ;---------------------------------------------------------------------
0146+  67CC             Analyzer_fill: 
0147+  67CC 06 0C       		ld	b,12
0148+  67CE             
0149+  67CE             Analyzer_fill_loop: 
0150+  67CE 78          		ld	a,b
0151+  67CF FE 06       		cp	6
0152+  67D1 20 04       		jr	nz,Analyzer_fill_2
0153+  67D3 3E 14       		ld	a,14h
0154+  67D5 85          		add	a,l
0155+  67D6 6F          		ld	l,a
0156+  67D7             Analyzer_fill_2: 
0157+  67D7             
0158+  67D7 36 77       		ld	(hl),77h
0159+  67D9 2C          		inc	l
0160+  67DA 10 F2       		djnz	Analyzer_fill_loop
0161+  67DC C9          		ret	
0162+  67DD             ;-------------------------------------------------------------------
0163+  67DD             ; ®¯¨á ­¨¥: Ž¡­®¢«¥­¨¥ ¯ à ¬¥âà®¢  ­ «¨§ â®à 
0164+  67DD             ; ¯ à ¬¥âàë: ­¥â
0165+  67DD             ; ¢®§¢à é ¥¬®¥  §­ ç¥­¨¥: ­¥â
0166+  67DD             ;---------------------------------------------------------------------
0167+  67DD             Analyzer_init: 
0168+  67DD 06 18                     	ld	b, 24
0169+  67DF 21 E9 67    		ld	hl,Analyzer_vol_table_1
0170+  67E2             
0171+  67E2             Analyzer_init_loop: 
0172+  67E2 36 00                       ld	(hl),0
0173+  67E4 23          		inc	hl
0174+  67E5 10 FB       		djnz	Analyzer_init_loop
0175+  67E7 C9          		ret
0176+  67E8             
0177+  67E8             ;-------------------------------------------------------------------
0178+  67E8             ; ®¯¨á ­¨¥:  ¥à¥¬¥­­ë¥ ¯à ¢®£® ¨ «¥¢®£® ª ­ «®¢  ­ «¨§ â®à 
0179+  67E8             ;---------------------------------------------------------------------
0180+  67E8             byte_0_CF9: 
0181+  67E8 00          		ds	1
0182+  67E9             Analyzer_vol_table_1: 
0183+  67E9 00          		ds	24
0184+  6801             
0694   6801             		.include  string.asm
0001+  6801             ;--------------------------------------------------------------------
0002+  6801             ; Îïèñàíèå: Áåãóùàÿ ñòðîêà
0003+  6801             ; Àâòîð ïîðòà: îñíîâà âûäðàíà èç çàïèëÿòîðà
0004+  6801             ;--------------------------------------------------------------------
0005+  6801             Str_reload: 
0006+  6801 3A 17 69    		ld	a,(Str_flg_end)
0007+  6804 A7          		and	a
0008+  6805 28 06       		jr 	z,Str_init
0009+  6807 AF          		xor	a
0010+  6808 32 17 69    		ld	(Str_flg_end),a
0011+  680B 37          		scf
0012+  680C C9          		ret
0013+  680D             
0014+  680D             Str_init: 
0015+  680D 3E 0F       		ld	a,0Fh
0016+  680F 32 18 69    		ld	(Str_count_bit),a
0017+  6812 21 26 6A    		ld	hl,Str_addr_text
0018+  6815 22 19 69    		ld	(Str_addr_work),hl
0019+  6818 7E          		ld	a,(hl)
0020+  6819 C9          		ret
0021+  681A             
0022+  681A             
0023+  681A             Str_init_load: 
0024+  681A 3E 0F       		ld	a,0Fh
0025+  681C 32 18 69    		ld	(Str_count_bit),a
0026+  681F 21 1B 6A    		ld	hl,Str_addr_load
0027+  6822 22 19 69    		ld	(Str_addr_work),hl
0028+  6825 3E 01       		ld	a,1
0029+  6827 32 17 69    		ld	(Str_flg_end),a
0030+  682A 7E          		ld	a,(hl)
0031+  682B C9          		ret	
0032+  682C             
0033+  682C             Str_play: 
0034+  682C 3A 18 69    		ld	a,(Str_count_bit)
0035+  682F 3C          		inc	a
0036+  6830 E6 0F       		and	0Fh
0037+  6832 32 18 69    		ld	(Str_count_bit),a
0038+  6835 B7          		or	a
0039+  6836 20 10       		jr	nz, Str_move_string
0040+  6838             
0041+  6838             Str_next_symbol: 
0042+  6838 2A 19 69    		ld	hl,(Str_addr_work)
0043+  683B 7E          		ld	a,(hl)
0044+  683C A7          		and	a
0045+  683D CC 01 68    		call	z,Str_reload
0046+  6840 D8          		ret	c
0047+  6841 23          		inc	hl
0048+  6842 22 19 69    		ld	(Str_addr_work),hl
0049+  6845 CD A7 68    		call	Str_load_symbol
0050+  6848             
0051+  6848             Str_move_string: 
0052+  6848 11 D8 50    		ld	de, 50D8h
0053+  684B 21 1C 69    		ld	hl, Str_buf_data +1 
0054+  684E 06 10       		ld	b, 10h
0055+  6850             
0056+  6850             Str_move_line: 
0057+  6850 37          		scf	
0058+  6851 3F          		ccf	
0059+  6852 CB 16       		rl	(hl)
0060+  6854 2B          		dec	hl
0061+  6855 CB 16       		rl	(hl)
0062+  6857 23          		inc	hl
0063+  6858 23          		inc	hl
0064+  6859 23          		inc	hl
0065+  685A EB          		ex	de, hl
0066+  685B E5          		push	hl
0067+  685C CB 16       		rl	(hl)
0068+  685E 2B          		dec	hl
0069+  685F CB 16       		rl	(hl)
0070+  6861 2B          		dec	hl
0071+  6862 CB 16       		rl	(hl)
0072+  6864 2B          		dec	hl
0073+  6865 CB 16       		rl	(hl)
0074+  6867 2B          		dec	hl
0075+  6868 CB 16       		rl	(hl)
0076+  686A 2B          		dec	hl
0077+  686B CB 16       		rl	(hl)
0078+  686D 2B          		dec	hl
0079+  686E CB 16       		rl	(hl)
0080+  6870 2B          		dec	hl
0081+  6871 CB 16       		rl	(hl)
0082+  6873 2B          		dec	hl
0083+  6874 CB 16       		rl	(hl)
0084+  6876 2B          		dec	hl
0085+  6877 CB 16       		rl	(hl)
0086+  6879 2B          		dec	hl
0087+  687A CB 16       		rl	(hl)
0088+  687C 2B          		dec	hl
0089+  687D CB 16       		rl	(hl)
0090+  687F 2B          		dec	hl
0091+  6880 CB 16       		rl	(hl)
0092+  6882 2B          		dec	hl
0093+  6883 CB 16       		rl	(hl)
0094+  6885 2B          		dec	hl
0095+  6886 CB 16       		rl	(hl)
0096+  6888 2B          		dec	hl
0097+  6889 CB 16       		rl	(hl)
0098+  688B 2B          		dec	hl
0099+  688C CB 16       		rl	(hl)
0100+  688E 2B          		dec	hl
0101+  688F CB 16       		rl	(hl)
0102+  6891 2B          		dec	hl
0103+  6892             
0104+  6892 E1          		pop	hl
0105+  6893 24          		inc	h
0106+  6894 7C          		ld	a, h
0107+  6895 E6 07       		and	7
0108+  6897 20 09       		jr	nz, Str_next_line
0109+  6899 7D          		ld	a, l
0110+  689A D6 E0       		sub	0E0h ; 'à'
0111+  689C 6F          		ld	l, a
0112+  689D 9F          		sbc	a, a
0113+  689E E6 F8       		and	0F8h ; 'ø'
0114+  68A0 84          		add	a, h
0115+  68A1 67          		ld	h, a
0116+  68A2             Str_next_line: 
0117+  68A2 EB          		ex	de, hl
0118+  68A3 10 AB       		djnz	Str_move_line
0119+  68A5 A7          		and	a
0120+  68A6 C9          		ret
0121+  68A7             
0122+  68A7             Str_load_symbol: 
0123+  68A7 D6 20       		sub	20h
0124+  68A9 FE 60       		cp	60h
0125+  68AB 38 02       		jr	c, Str_load_data
0126+  68AD D6 60       		sub	60h
0127+  68AF             
0128+  68AF             Str_load_data: 
0129+  68AF 26 00       		ld	h, 0
0130+  68B1 6F          		ld	l, a
0131+  68B2 29          		add	hl, hl
0132+  68B3 29          		add	hl, hl
0133+  68B4 29          		add	hl, hl
0134+  68B5 29          		add	hl, hl
0135+  68B6 29          		add	hl, hl
0136+  68B7 01 58 76    		ld	bc, Str_addr_font
0137+  68BA 09          		add	hl, bc
0138+  68BB ED 73 14 69 		ld	(Str_save_stack + 1),sp
0139+  68BF F9          		ld	sp, hl
0140+  68C0 21 1B 69    		ld	hl, Str_buf_data
0141+  68C3 C1          		pop	bc
0142+  68C4 71          		ld	(hl), c
0143+  68C5 23          		inc	hl
0144+  68C6 70          		ld	(hl), b
0145+  68C7 23          		inc	hl
0146+  68C8 C1          		pop	bc
0147+  68C9 71          		ld	(hl), c
0148+  68CA 23          		inc	hl
0149+  68CB 70          		ld	(hl), b
0150+  68CC 23          		inc	hl
0151+  68CD C1          		pop	bc
0152+  68CE 71          		ld	(hl), c
0153+  68CF 23          		inc	hl
0154+  68D0 70          		ld	(hl), b
0155+  68D1 23          		inc	hl
0156+  68D2 C1          		pop	bc
0157+  68D3 71          		ld	(hl), c
0158+  68D4 23          		inc	hl
0159+  68D5 70          		ld	(hl), b
0160+  68D6 23          		inc	hl
0161+  68D7 C1          		pop	bc
0162+  68D8 71          		ld	(hl), c
0163+  68D9 23          		inc	hl
0164+  68DA 70          		ld	(hl), b
0165+  68DB 23          		inc	hl
0166+  68DC C1          		pop	bc
0167+  68DD 71          		ld	(hl), c
0168+  68DE 23          		inc	hl
0169+  68DF 70          		ld	(hl), b
0170+  68E0 23          		inc	hl
0171+  68E1 C1          		pop	bc
0172+  68E2 71          		ld	(hl), c
0173+  68E3 23          		inc	hl
0174+  68E4 70          		ld	(hl), b
0175+  68E5 23          		inc	hl
0176+  68E6 C1          		pop	bc
0177+  68E7 71          		ld	(hl), c
0178+  68E8 23          		inc	hl
0179+  68E9 70          		ld	(hl), b
0180+  68EA 23          		inc	hl
0181+  68EB C1          		pop	bc
0182+  68EC 71          		ld	(hl), c
0183+  68ED 23          		inc	hl
0184+  68EE 70          		ld	(hl), b
0185+  68EF 23          		inc	hl
0186+  68F0 C1          		pop	bc
0187+  68F1 71          		ld	(hl), c
0188+  68F2 23          		inc	hl
0189+  68F3 70          		ld	(hl), b
0190+  68F4 23          		inc	hl
0191+  68F5 C1          		pop	bc
0192+  68F6 71          		ld	(hl), c
0193+  68F7 23          		inc	hl
0194+  68F8 70          		ld	(hl), b
0195+  68F9 23          		inc	hl
0196+  68FA C1          		pop	bc
0197+  68FB 71          		ld	(hl), c
0198+  68FC 23          		inc	hl
0199+  68FD 70          		ld	(hl), b
0200+  68FE 23          		inc	hl
0201+  68FF C1          		pop	bc
0202+  6900 71          		ld	(hl), c
0203+  6901 23          		inc	hl
0204+  6902 70          		ld	(hl), b
0205+  6903 23          		inc	hl
0206+  6904 C1          		pop	bc
0207+  6905 71          		ld	(hl), c
0208+  6906 23          		inc	hl
0209+  6907 70          		ld	(hl), b
0210+  6908 23          		inc	hl
0211+  6909 C1          		pop	bc
0212+  690A 71          		ld	(hl), c
0213+  690B 23          		inc	hl
0214+  690C 70          		ld	(hl), b
0215+  690D 23          		inc	hl
0216+  690E C1          		pop	bc
0217+  690F 71          		ld	(hl), c
0218+  6910 23          		inc	hl
0219+  6911 70          		ld	(hl), b
0220+  6912 23          		inc	hl
0221+  6913             Str_save_stack: 
0222+  6913 31 00 00    		ld	sp, 0
0223+  6916 C9          		ret	
0224+  6917             
0225+  6917             
0226+  6917             Str_flg_end: 
0227+  6917 00          		db 	0
0228+  6918             
0229+  6918             Str_count_bit: 
0230+  6918 00          		db 	0
0231+  6919             Str_addr_work: 
0232+  6919 00 00       		dw 	0
0233+  691B             
0234+  691B             Str_buf_data:    
0235+  691B 00          		ds	256
0236+  6A1B             ;		ds	512
0237+  6A1B             
0238+  6A1B             Str_addr_load: 
0239+  6A1B             		db	'   *LOAD* ',0
0239+  6A1B 2020202A4C4F41442A2000
0240+  6A26             
0241+  6A26             Str_addr_text: 
0242+  6A26             		db 	'                << SPACE TO CHANGE MUSIC >>       '
0242+  6A26 202020202020202020202020202020203C3C20535041434520544F204348414E
0242+  6A46 4745204D55534943203E3E20202020202020
0243+  6A58             		db 	'                ÏÐÈÂÅÒ, ÏÐÈÂÅÒ! ÅÙÅ ÍÅÌÍÎÃÎ MICK ÂÀÌ ÒÎ×ÍÎ ÍÅ ÏÎÌÅØÀÅÒ !'
0243+  6A58 20202020202020202020202020202020CFD0C8C2C5D22C20CFD0C8C2C5D22120
0243+  6A78 C5D9C520CDC5CCCDCEC3CE204D49434B20C2C0CC20D2CED7CDCE20CDC520CFCE
0243+  6A98 CCC5D8C0C5D22021
0244+  6AA0             		db	' ÂÎÒ ÇÀÏÎËÓ×ÈÒÅ È ÐÀÑÏÈØÈÒÅÑÜ Â ÍÎÂÎÌ ÑÁÎÐÍÈÊÅ MOONSOUND MUSIC 2. À ÝÒÎ ÇÍÀ×ÈÒ, ×ÒÎ ÌÓÇÎÍ ÒÓÒ'
0244+  6AA0 20C2CED220C7C0CFCECBD3D7C8D2C520C820D0C0D1CFC8D8C8D2C5D1DC20C220
0244+  6AC0 CDCEC2CECC20D1C1CED0CDC8CAC5204D4F4F4E534F554E44204D555349432032
0244+  6AE0 2E20C020DDD2CE20C7CDC0D7C8D22C20D7D2CE20CCD3C7CECD20D2D3D2
0245+  6AFD             		db	' 60ÃÖ. ÀÕ ÀÕ ËßÌÓËßÒÎÐ ÎÏßÒÜ ÎÒÄÛÕÀÅÒ. Ó ÍÅÊÎÒÎÐÛÕ ÌÅËÎÄÈÉ ÅÙÅ È ÑÝÌÏËÛ ËÞÁÈÒÅËÜÑÊÈÅ. ÂÎÒ ÏÎÝÒÎÌÓ'
0245+  6AFD 203630C3D62E20C0D520C0D520CBDFCCD3CBDFD2CED020CECFDFD2DC20CED2C4
0245+  6B1D DBD5C0C5D22E20D320CDC5CACED2CED0DBD520CCC5CBCEC4C8C920C5D9C520C8
0245+  6B3D 20D1DDCCCFCBDB20CBDEC1C8D2C5CBDCD1CAC8C52E20C2CED220CFCEDDD2CECC
0245+  6B5D D3
0246+  6B5E             		db	' ÑÁÎÐÍÈÊ ÄÎËÃÎ ÃÐÓÇÈÒÑß. ÍÓ ÝÒÎ ÒÀÊ ÑÊÀÇÀÒÜ ÏÐÈËÞÄÈß. À ÏÐÀÂÄÀ Â ÒÎÌ, ×ÒÎ ÍÀ ÂÛÏÓÑÊ ÑÅÃÎ ÑÁÎÐÍÈÊÀ'
0246+  6B5E 20D1C1CED0CDC8CA20C4CECBC3CE20C3D0D3C7C8D2D1DF2E20CDD320DDD2CE20
0246+  6B7E D2C0CA20D1CAC0C7C0D2DC20CFD0C8CBDEC4C8DF2E20C020CFD0C0C2C4C020C2
0246+  6B9E 20D2CECC2C20D7D2CE20CDC020C2DBCFD3D1CA20D1C5C3CE20D1C1CED0CDC8CA
0246+  6BBE C0
0247+  6BBF             		db	' ÌÅÍß ÑÏÎÄÂÈÃ ÍÀØ ÁÎÕ ÄÅÌÎÑÖÅÍÛ - AAA. ÃÎÂÎÐÈÒ ÍÅÔÈÃ ÁÅÇÄÅËÜÍÈ×ÀÒÜ. ÍÀ ÂÎÒ ÒÅÁÅ ÊÀÐÒÈÍÊÓ È ÑËÅÏÈ'
0247+  6BBF 20CCC5CDDF20D1CFCEC4C2C8C320CDC0D820C1CED520C4C5CCCED1D6C5CDDB20
0247+  6BDF 2D204141412E20C3CEC2CED0C8D220CDC5D4C8C320C1C5C7C4C5CBDCCDC8D7C0
0247+  6BFF D2DC2E20CDC020C2CED220D2C5C1C520CAC0D0D2C8CDCAD320C820D1CBC5CFC8
0248+  6C1F             		db	' ÍÎÂÜÅÖÎ ×ÒÎ ËÈ, ÍÀ ÇËÎ ÊÀÊÎÌÓ ÒÎ ÕÀÉÏÓ È ÏÐÎ×ÈÌ ÇËÎÏÛÕÀÒÅËßÌ ÀÀÀ. ÍÓ ß ÎÑÎÁÎ ÍÅ ÎÒÏÈÐÀËÑß.'
0248+  6C1F 20CDCEC2DCC5D6CE20D7D2CE20CBC82C20CDC020C7CBCE20CAC0CACECCD320D2
0248+  6C3F CE20D5C0C9CFD320C820CFD0CED7C8CC20C7CBCECFDBD5C0D2C5CBDFCC20C0C0
0248+  6C5F C02E20CDD320DF20CED1CEC1CE20CDC520CED2CFC8D0C0CBD1DF2E
0249+  6C7A             		db	' ÅÑÒÜ ÊÀÐÒÈÍÊÀ - ÂÎÒ ÂÀÌ ÑÁÎÐÍÈÊ. À ÒÀÌ ÓÆ ÊÒÎ ÅÅ ÐÈÑÎÂÀË ÑÀÌÈ ÐÀÇÁÈÐÀÉÒÅÑÜ. "ÈÃÐÛ ÔÎÐÓÌÎÂ"'
0249+  6C7A 20C5D1D2DC20CAC0D0D2C8CDCAC0202D20C2CED220C2C0CC20D1C1CED0CDC8CA
0249+  6C9A 2E20C020D2C0CC20D3C620CAD2CE20C5C520D0C8D1CEC2C0CB20D1C0CCC820D0
0249+  6CBA C0C7C1C8D0C0C9D2C5D1DC2E2022C8C3D0DB20D4CED0D3CCCEC222
0250+  6CD5             		db	' ÝÒÎ ÍÅ ÊÎ ÌÍÅ. ÄÀ, ÅÙÅ ÕÎÒÅË ÎÒÌÅÒÈÒÜ. ÒÓÒ PSB ÊÀÊ ÒÎ ÂÛÐÀÇÈËÑß - ÒÈÏÀ ß ×ÒÎ ÊÀÊÎÉ ÒÎ ÕÈÒÐÛÉ ÇÀÏÈËßÒÎÐ'
0250+  6CD5 20DDD2CE20CDC520CACE20CCCDC52E20C4C02C20C5D9C520D5CED2C5CB20CED2
0250+  6CF5 CCC5D2C8D2DC2E20D2D3D22050534220CAC0CA20D2CE20C2DBD0C0C7C8CBD1DF
0250+  6D15 202D20D2C8CFC020DF20D7D2CE20CAC0CACEC920D2CE20D5C8D2D0DBC920C7C0
0250+  6D35 CFC8CBDFD2CED0
0251+  6D3C             		db	' ×ÒÎ ËÈ ÈÑÏÎËÜÇÓÞ, ÂÈÄÈÌÎ ÍÅ ÍÀÄÎ ÒÀÊ ×ÀÑÒÎ ÂÛÏÓÑÊÀÒÜ ÑÁÎÐÍÈÊÈ. :) ÎÒÂÅÒÑÒÂÅÍÍÎ ÇÀÂÅÐßÞ - ÍÅÒÓ Ó ÌÅÍß'
0251+  6D3C 20D7D2CE20CBC820C8D1CFCECBDCC7D3DE2C20C2C8C4C8CCCE20CDC520CDC0C4
0251+  6D5C CE20D2C0CA20D7C0D1D2CE20C2DBCFD3D1CAC0D2DC20D1C1CED0CDC8CAC82E20
0251+  6D7C 3A2920CED2C2C5D2D1D2C2C5CDCDCE20C7C0C2C5D0DFDE202D20CDC5D2D320D3
0251+  6D9C 20CCC5CDDF
0252+  6DA1             		db	' ÇÀÏÈËßÒÎÐÀ, À ÆÀËÜ :( '
0252+  6DA1 20C7C0CFC8CBDFD2CED0C02C20C020C6C0CBDC203A2820
0253+  6DB8             
0254+  6DB8             		db	' ÈÒÀÊ, Â ÝÒÎÌ ÑÁÎÐÍÈÊÅ ×ÅÒÛÐÍÀÄÖÀÒÜ ÌÅËÎÄÈÉ, ÊÎÒÎÐÛÅ'
0254+  6DB8 20C8D2C0CA2C20C220DDD2CECC20D1C1CED0CDC8CAC520D7C5D2DBD0CDC0C4D6
0254+  6DD8 C0D2DC20CCC5CBCEC4C8C92C20CACED2CED0DBC5
0255+  6DEC             		db	' ÏÅÐÅÊËÞ×ÀÞÒÑß ÏÓÒÅÌ ÍÀÆÀÒÈß ÊËÀÂÈØÈ "SPACE", ËÈÁÎ ÆÄÅÒÅ ÏÎÊÀ ÍÅ ÇÀÊÎÍ×ÈÒÑß ÌÅËÎÄÈß.'
0255+  6DEC 20CFC5D0C5CACBDED7C0DED2D1DF20CFD3D2C5CC20CDC0C6C0D2C8DF20CACBC0
0255+  6E0C C2C8D8C820225350414345222C20CBC8C1CE20C6C4C5D2C520CFCECAC020CDC5
0255+  6E2C 20C7C0CACECDD7C8D2D1DF20CCC5CBCEC4C8DF2E
0256+  6E40             		db	' ÑÏÈÑÎÊ ÌÅËÎÄÈÉ ÈÄÅÒ ÑËÅÄÎÌ: '
0256+  6E40 20D1CFC8D1CECA20CCC5CBCEC4C8C920C8C4C5D220D1CBC5C4CECC3A20
0257+  6E5D             
0258+  6E5D             		db	' DSLAYER6.MWM (DRAGON SLAYER, THE LEGEND OF HEROES - MANUEL PAZOS),'
0258+  6E5D 2044534C41594552362E4D574D2028445241474F4E20534C415945522C205448
0258+  6E7D 45204C4547454E44204F46204845524F4553202D204D414E55454C2050415A4F
0258+  6E9D 53292C
0259+  6EA0             		db	' ALLPART2.MWM (AALL THERE ... 2 - BART ROYMANS),'
0259+  6EA0 20414C4C50415254322E4D574D202841414C4C205448455245202E2E2E203220
0259+  6EC0 2D204241525420524F594D414E53292C
0260+  6ED0             		db	' CANTKING.MWM (I CAN^T JUST WAIT TO BE KING - BART ROYMANS),'
0260+  6ED0 2043414E544B494E472E4D574D2028492043414E5E54204A5553542057414954
0260+  6EF0 20544F204245204B494E47202D204241525420524F594D414E53292C
0261+  6F0C             		db	' FURELISE.MWM (FUR ELISE - HANS SCHOORMANS),'
0261+  6F0C 20465552454C4953452E4D574D202846555220454C495345202D2048414E5320
0261+  6F2C 5343484F4F524D414E53292C
0262+  6F38             		db	' MIRROMAN.MWM (BGM3 - BART ROYMANS),'
0262+  6F38 204D4952524F4D414E2E4D574D202842474D33202D204241525420524F594D41
0262+  6F58 4E53292C
0263+  6F5C             		db	' THRDWAVE.MWM (LEISURE SUIT LARRY MAIN THEME),'
0263+  6F5C 2054485244574156452E4D574D20284C4549535552452053554954204C415252
0263+  6F7C 59204D41494E205448454D45292C
0264+  6F8A             		db	' PALACE.MWM (THE PALACE - BART ROYMANS),'
0264+  6F8A 2050414C4143452E4D574D20285448452050414C414345202D20424152542052
0264+  6FAA 4F594D414E53292C
0265+  6FB2             		db	' PIANOMAN.MWM (PIANO MAN - HANS SCHOORMANS),'
0265+  6FB2 205049414E4F4D414E2E4D574D20285049414E4F204D414E202D2048414E5320
0265+  6FD2 5343484F4F524D414E53292C
0266+  6FDE             		db	' SDCHURCH.MWM (SD SNATCHER CHURCH BGM - BART ROYMANS),'
0266+  6FDE 2053444348555243482E4D574D2028534420534E415443484552204348555243
0266+  6FFE 482042474D202D204241525420524F594D414E53292C
0267+  7014             		db	' CHAOS2.MWM (CAPTAIN CHAOS II - OPL4 VERSION - SOUNDWAVE 1997),'
0267+  7014 204348414F53322E4D574D20284341505441494E204348414F53204949202D20
0267+  7034 4F504C342056455253494F4E202D20534F554E44574156452031393937292C
0268+  7053             		db	' FOREVER.MWM (FOREVER FRIENDS - HUEY & ZELLY - MAYHEM 1995),'
0268+  7053 20464F52455645522E4D574D2028464F524556455220465249454E4453202D20
0268+  7073 485545592026205A454C4C59202D204D415948454D2031393935292C
0269+  708F             		db	' QUICKSAA.MWM (THE QUICKSAND VALLEY YS 4 - BART ROYMANS),'
0269+  708F 20515549434B5341412E4D574D202854484520515549434B53414E442056414C
0269+  70AF 4C45592059532034202D204241525420524F594D414E53292C
0270+  70C8             		db	' INTERNAL.MWM (MAYHEM INTERNALS - HUEY & ZELLY - MAYHEM 1995),'
0270+  70C8 20494E5445524E414C2E4D574D20284D415948454D20494E5445524E414C5320
0270+  70E8 2D20485545592026205A454C4C59202D204D415948454D2031393935292C
0271+  7106             		db	' PROFILE.MWM (THE PROFILE - HUEY & ZELLY - MAYHEM 1995).'	
0271+  7106 2050524F46494C452E4D574D20285448452050524F46494C45202D2048554559
0271+  7126 2026205A454C4C59202D204D415948454D2031393935292E
0272+  713E             
0273+  713E             		db	' ÊÐÎÌÅ ÒÎÃÎ ÅÑÒÜ ÅÙÅ ÎÄÍÀ ÊÍÎÏÊÀ "BREAK" - ÂÛÕÎÄ Â TR-DOS.'
0273+  713E 20CAD0CECCC520D2CEC3CE20C5D1D2DC20C5D9C520CEC4CDC020CACDCECFCAC0
0273+  715E 2022425245414B22202D20C2DBD5CEC420C22054522D444F532E
0274+  7178             		db 	' Î ÏÐÎÃÐÀÌÌÅ: ÎÑÍÎÂÍÛÅ ÌÀÒÅÐÈÀËÛ ÁÛËÈ ÏÎÇÀÈÌÑÒÂÎÂÀÍÛ Ñ ÏÐÎÃÐÀÌÌ ÊÎÌÏÜÞÒÅÐÀ "MSX" È ÂÅËÈÊÎÉ'
0274+  7178 20CE20CFD0CEC3D0C0CCCCC53A20CED1CDCEC2CDDBC520CCC0D2C5D0C8C0CBDB
0274+  7198 20C1DBCBC820CFCEC7C0C8CCD1D2C2CEC2C0CDDB20D120CFD0CEC3D0C0CCCC20
0274+  71B8 CACECCCFDCDED2C5D0C020224D53582220C820C2C5CBC8CACEC9
0275+  71D2             		db	' ÌÓÑÎÐÊÈ ÏÎÄ ÍÀÇÂÀÍÈÅÌ ÈÍÒÅÐÍÅÒ.' 
0275+  71D2 20CCD3D1CED0CAC820CFCEC420CDC0C7C2C0CDC8C5CC20C8CDD2C5D0CDC5D22E
0276+  71F2             		db 	' ÂÑÅ ÝÒÎ ÑÎÁÈÐÀËÎÑÜ ÍÀ ÐÑ ÏÐÈ ÏÎÌÎÙÈ ÀÑÑÅÌÁËÅÐÀ  SJASMPLUS.'
0276+  71F2 20C2D1C520DDD2CE20D1CEC1C8D0C0CBCED1DC20CDC020D0D120CFD0C820CFCE
0276+  7212 CCCED9C820C0D1D1C5CCC1CBC5D0C02020534A41534D504C55532E
0277+  722D             		db	' ÍÀÏÎÌÍÞ, ÅÑËÈ Ó ÂÀÑ ÊÀÐÒÈÍÊÈ, ÊÎÒÎÐÛÅ ÕÎÒÈÒÅ ÎÏÓÁËÈÊÎÂÀÒÜ ÏÎÄ ÌÓÇÛÊÓ, ÒÎ ÌÈËÎÑÒÈ ÏÐÎÑÈÌ Â ÑËÅÄÓÞÙÈÉ ÂÛÏÓÑÊ.'
0277+  722D 20CDC0CFCECCCDDE2C20C5D1CBC820D320C2C0D120CAC0D0D2C8CDCAC82C20CA
0277+  724D CED2CED0DBC520D5CED2C8D2C520CECFD3C1CBC8CACEC2C0D2DC20CFCEC420CC
0277+  726D D3C7DBCAD32C20D2CE20CCC8CBCED1D2C820CFD0CED1C8CC20C220D1CBC5C4D3
0277+  728D DED9C8C920C2DBCFD3D1CA2E
0278+  7299             		db	' ÊÎÐÎ×Å, ÆÄÅÌ ÍÎÂÛÕ ÒÂÎÐÅÍÈÉ ÎÒ ÕÓÄÎÆÍÈÊÎÂ ÏÐÎÔÅÑÑÈÎÍÀËÜÍÛÕ È ÍÅ Î×ÅÍÜ. ÇÀÑÈÌ ÏÐÎÑÈÌ ÎÒÊËÀÍßÒÑß, ÄÀËÅÅ ÈÄÅÒ'
0278+  7299 20CACED0CED7C52C20C6C4C5CC20CDCEC2DBD520D2C2CED0C5CDC8C920CED220
0278+  72B9 D5D3C4CEC6CDC8CACEC220CFD0CED4C5D1D1C8CECDC0CBDCCDDBD520C820CDC5
0278+  72D9 20CED7C5CDDC2E20C7C0D1C8CC20CFD0CED1C8CC20CED2CACBC0CDDFD2D1DF2C
0278+  72F9 20C4C0CBC5C520C8C4C5D2
0279+  7304             		db	' ÒÐÀÄÈÖÈÎÍÍÀß ÐÓÁÐÈÊÀ.'
0279+  7304 20D2D0C0C4C8D6C8CECDCDC0DF20D0D3C1D0C8CAC02E
0280+  731A             		db	'             ÏÐÈÂÅÒÛ È ÑÏÀÑÈÁÛ!     '
0280+  731A 20202020202020202020202020CFD0C8C2C5D2DB20C820D1CFC0D1C8C1DB2120
0280+  733A 20202020
0281+  733E             		db	' ÀÀÀ, TÅÁÅ ÏÐÈÂÅÒ ÊÀÊ ÂÅËÈÊÎÌÓ ÁÎÕÓ ÄÅÌÎÑÖÅÍÛ, ÁÎÐÖÓ Ñ ÕÀÉÏÎÌ:).'
0281+  733E 20C0C0C02C2054C5C1C520CFD0C8C2C5D220CAC0CA20C2C5CBC8CACECCD320C1
0281+  735E CED5D320C4C5CCCED1D6C5CDDB2C20C1CED0D6D320D120D5C0C9CFCECC3A292E
0282+  737E             		db	' TS-LABS, ÑÏÀÑÈÁÎ ÇÀ ÒÎ, ×ÒÎ ÏÐÈÞÒÈË ÍÀ ÑÂÎÅÌ ÔÎÐÓÌÅ ÁÅÑÕÎÇÍÎÃÎ ÏËÞØÅÂÎÃÎ ÌÅÄÂÅÄß.'
0282+  737E 2054532D4C4142532C20D1CFC0D1C8C1CE20C7C020D2CE2C20D7D2CE20CFD0C8
0282+  739E DED2C8CB20CDC020D1C2CEC5CC20D4CED0D3CCC520C1C5D1D5CEC7CDCEC3CE20
0282+  73BE CFCBDED8C5C2CEC3CE20CCC5C4C2C5C4DF2E
0283+  73D0             		db	' ÌÓÇÛÊÀÍÒÀÌ, ÑÏÀÑÈÁÎ ÇÀ ÌÓÇÛÊÓ, ÇÂÓ×ÀÙÅÉ Â ÑÁÎÐÍÈÊÅ, ÎÃÐÎÌÍÛÉ ÐÅÑÏÅÊÒ È ÓÂÀÆÓÕÀ.'
0283+  73D0 20CCD3C7DBCAC0CDD2C0CC2C20D1CFC0D1C8C1CE20C7C020CCD3C7DBCAD32C20
0283+  73F0 C7C2D3D7C0D9C5C920C220D1C1CED0CDC8CAC52C20CEC3D0CECCCDDBC920D0C5
0283+  7410 D1CFC5CAD220C820D3C2C0C6D3D5C02E
0284+  7420             		db	' ÂÑÅÌ ÂËÀÄÅËÜÖÀÌ ÏÐÎÄÓÊÖÈÈ ÏÎÄ ÁÐÅÍÄÎÌ "ZXM" ÁÎËÜØÓÙÈÉ ÏÐÈÂÅÒ. ÂÀÑ ÌÍÎÃÎ, ÌÎÆÍÎ ÍÅ ÁÓÄÓ ÂÀÑ ÍÀÇÛÂÀÒÜ ÂÑÅÕ ÏÎÈÌÅÍÍÎ.'
0284+  7420 20C2D1C5CC20C2CBC0C4C5CBDCD6C0CC20CFD0CEC4D3CAD6C8C820CFCEC420C1
0284+  7440 D0C5CDC4CECC20225A584D2220C1CECBDCD8D3D9C8C920CFD0C8C2C5D22E20C2
0284+  7460 C0D120CCCDCEC3CE2C20CCCEC6CDCE20CDC520C1D3C4D320C2C0D120CDC0C7DB
0284+  7480 C2C0D2DC20C2D1C5D520CFCEC8CCC5CDCDCE2E
0285+  7493             		db	' ÏÐÈÂÅÒ ÒÀÊÆÅ ÂÑÅÌ ÑÏÅÊÒÐÓÌÈÑÒÀÌ, ÁÛÂØÈÌ, ÍÀÑÒÎßÙÈÌ È ÂÎÇÌÎÆÍÎ ÁÓÄÓÙÈÌ.'
0285+  7493 20CFD0C8C2C5D220D2C0CAC6C520C2D1C5CC20D1CFC5CAD2D0D3CCC8D1D2C0CC
0285+  74B3 2C20C1DBC2D8C8CC2C20CDC0D1D2CEDFD9C8CC20C820C2CEC7CCCEC6CDCE20C1
0285+  74D3 D3C4D3D9C8CC2E
0286+  74DA             		db	'       È ÏÎÑËÅÄÍÈÉ ÀÁÇÀÖ :) :)'
0286+  74DA 20202020202020C820CFCED1CBC5C4CDC8C920C0C1C7C0D6203A29203A29
0287+  74F8             		db	' ÂÑß ÈÍÔÀ ÏÎ ÌÎÈÌ ÏÐÎÅÊÒÀÌ ÍÀ ÑÀÉÒÅ WWW.MICKLAB.RU, '
0287+  74F8 20C2D1DF20C8CDD4C020CFCE20CCCEC8CC20CFD0CEC5CAD2C0CC20CDC020D1C0
0287+  7518 C9D2C5205757572E4D49434B4C41422E52552C20
0288+  752C             		db	' ÑÂßÇÀÒÜÑß ÑÎ ÌÍÎÉ ÌÎÆÍÎ ×ÅÐÅÇ ÔÎÐÓÌ WWW.TS-LABS.INFO - ÍÈÊÍÅÉÌ MICK ÈËÈ ×ÅÐÅÇ ÌÛËÎ'
0288+  752C 20D1C2DFC7C0D2DCD1DF20D1CE20CCCDCEC920CCCEC6CDCE20D7C5D0C5C720D4
0288+  754C CED0D3CC205757572E54532D4C4142532E494E464F202D20CDC8CACDC5C9CC20
0288+  756C 4D49434B20C8CBC820D7C5D0C5C720CCDBCBCE
0289+  757F             		db	' MICKLAB(ÃÀÂ-ÃÀÂ)MAIL.RU.' 
0289+  757F 204D49434B4C414228C3C0C22DC3C0C2294D41494C2E52552E
0290+  7598             		db	' ÏÎÐÀ ÏÐÎÙÀÒÜÑß. ÏÎÑÌÎÐÒÈÌ ÁÓÄÓÒ ËÈ ÅÙÅ ÏÐÎÃÐÀÌÌÊÈ ÎÒ ÌÅÍß :) ÏÎÊÀ! ÏÎÊÀ!      '
0290+  7598 20CFCED0C020CFD0CED9C0D2DCD1DF2E20CFCED1CCCED0D2C8CC20C1D3C4D3D2
0290+  75B8 20CBC820C5D9C520CFD0CEC3D0C0CCCCCAC820CED220CCC5CDDF203A2920CFCE
0290+  75D8 CAC02120CFCECAC021202020202020
0291+  75E7             		db	'            AUGUST *2016*    GRAPHICS AAA AND CODE BY MICK         '
0291+  75E7 202020202020202020202020415547555354202A323031362A20202020475241
0291+  7607 50484943532041414120414E4420434F4445204259204D49434B202020202020
0291+  7627 202020
0292+  762A             		db	'                                             ',0           		
0292+  762A 2020202020202020202020202020202020202020202020202020202020202020
0292+  764A 2020202020202020202020202000
0293+  7658             Str_addr_font: 
0294+  7658             		incbin "demo2.fnt"
0295+  8258             Str_end_font: 
0296+  8258             
0695   8258             		.include  mwm_player.asm
0001+  8258             ;--------------------------------------------------------------------
0002+  8258             ; Îïèñàíèå: Ïðîèãðûâàþùèé ìîäóëü ìóçûêàëüíûõ ôàéëîâ MWM c êîìïüþòåðà MSX
0003+  8258             ; Àâòîð ïîðòà: Òàðàñîâ Ì.Í.(Mick),2015
0004+  8258             ;--------------------------------------------------------------------
0005+  8258             MOON_BASE: 	equ	0C4h
0006+  8258             MOON_REG1: 	equ	MOON_BASE
0007+  8258             MOON_DAT1: 	equ	MOON_BASE+1
0008+  8258             MOON_REG2: 	equ	MOON_BASE+2
0009+  8258             MOON_DAT2: 	equ	MOON_BASE+3
0010+  8258             MOON_STAT: 	equ	MOON_BASE
0011+  8258             
0012+  8258             MOON_WREG: 	equ	7Eh
0013+  8258             MOON_WDAT: 	equ	MOON_WREG+1
0014+  8258             
0015+  8258             PTW_SIZE: 	equ	20	; size of Wave playtable line
0016+  8258             WAVCHNS: 	equ	24
0017+  8258             
0018+  8258             ;-------------------------------------------------------------------
0019+  8258             ; îïèñàíèå: Èíèöèàëèçàöèÿ ïðîèãðûâàòåëÿ
0020+  8258             ; ïàðàìåòðû: íåò
0021+  8258             ; âîçâðàùàåìîå  çíà÷åíèå: íåò
0022+  8258             ;---------------------------------------------------------------------
0023+  8258             MBPlayer_init: 
0024+  8258 C3 64 82    		jp	MBPlayer_start_music
0025+  825B             ;-------------------------------------------------------------------
0026+  825B             ; îïèñàíèå: Ïðîèãðûâàíèå íîòû
0027+  825B             ; ïàðàìåòðû: íåò
0028+  825B             ; âîçâðàùàåìîå  çíà÷åíèå: íåò
0029+  825B             ;---------------------------------------------------------------------
0030+  825B             MBPlayer_play: 
0031+  825B C3 5C 83    		jp	MBPlayer_play_music
0032+  825E             ;-------------------------------------------------------------------
0033+  825E             ; îïèñàíèå: Îñòàíîâêà ïðîèãðûâàíèÿ
0034+  825E             ; ïàðàìåòðû: íåò
0035+  825E             ; âîçâðàùàåìîå  çíà÷åíèå: íåò
0036+  825E             ;---------------------------------------------------------------------
0037+  825E             MBPlayer_stop: 
0038+  825E C3 32 83    		jp	MBPlayer_stop_music
0039+  8261             ;-------------------------------------------------------------------
0040+  8261             ; îïèñàíèå: Óñòàíîâêà òèøèíû â çâóêîâîé ÷èï
0041+  8261             ; ïàðàìåòðû: íåò
0042+  8261             ; âîçâðàùàåìîå  çíà÷åíèå: íåò
0043+  8261             ;---------------------------------------------------------------------
0044+  8261             MBPlayer_fade: 
0045+  8261 C3 4C 83    		jp	MBPlayer_fade_music
0046+  8264             ;-------------------------------------------------------------------
0047+  8264             ; îïèñàíèå: Èíèöèàëèçàöèÿ ïðîèãðûâàòåëÿ
0048+  8264             ; ïàðàìåòðû: íåò
0049+  8264             ; âîçâðàùàåìîå  çíà÷åíèå: íåò
0050+  8264             ;---------------------------------------------------------------------
0051+  8264             MBPlayer_start_music: 
0052+  8264 F3          		di	
0053+  8265 3A DF 89    		ld	a, (MBPlayer_play_busy)
0054+  8268 B7          		or	a
0055+  8269 C0          		ret	nz				; already playing?
0056+  826A             
0057+  826A 3E FF       		ld	a, 0FFh
0058+  826C 32 DF 89    		ld	(MBPlayer_play_busy), a 	; set busy playing
0059+  826F             
0060+  826F AF          		xor	a
0061+  8270 32 03 8A    		ld	(MBPlayer_play_intcnt), a
0062+  8273 3E 0F       		ld	a, 15
0063+  8275 32 E1 89    		ld	(MBPlayer_play_step), a 	; set step and position
0064+  8278 3E FF       		ld	a, 0FFh
0065+  827A 32 E0 89    		ld	(MBPlayer_play_pos), a
0066+  827D             
0067+  827D             ;		call	MBPlayer_getbank_FE
0068+  827D             ;		ld	(MBPlayer_save_curbank), a
0069+  827D             
0070+  827D             ;		ld	a, (MBPlayer_songdata_bank1)
0071+  827D             ;		call	MBPlayer_selbank_FE
0072+  827D             
0073+  827D 2A E4 89    		ld	hl, (MBPlayer_songdata_addres)
0074+  8280 11 0F 8A    		ld	de, MBPlayer_xleng
0075+  8283 01 DC 00    		ld	bc, 220
0076+  8286 ED B0       		ldir	
0077+  8288 11 3A 00    		ld	de, 58
0078+  828B 19          		add	hl, de
0079+  828C 22 ED 8A    		ld	(MBPlayer_pos_address), hl
0080+  828F 3A 0F 8A    		ld	a, (MBPlayer_xleng)
0081+  8292 3C          		inc	a
0082+  8293 5F          		ld	e, a
0083+  8294 19          		add	hl, de
0084+  8295 22 EB 8A    		ld	(MBPlayer_pat_address), hl
0085+  8298             
0086+  8298             ;		ld	a, (MBPlayer_save_curbank)
0087+  8298             ;		call	MBPlayer_selbank_FE
0088+  8298             
0089+  8298 CD DC 82    		call	MBPlayer_init_opl4 		;initialise OPL4
0090+  829B CD EA 82    		call	MBPlayer_init_voices
0091+  829E 3A 29 8A    		ld	a, (MBPlayer_xtempo)
0092+  82A1 32 00 8A    		ld	(MBPlayer_play_speed), a
0093+  82A4 3A 00 8A    		ld	a, (MBPlayer_play_speed)
0094+  82A7 D6 03       		sub	3
0095+  82A9 32 02 8A    		ld	(MBPlayer_play_timercnt), a
0096+  82AC AF          		xor	a
0097+  82AD 32 01 8A    		ld	(MBPlayer_play_tspval), a
0098+  82B0 32 05 8A    		ld	(MBPlayer_play_fading), a
0099+  82B3 32 06 8A    		ld	(MBPlayer_play_fadecnt), a
0100+  82B6 32 08 8A    		ld	(MBPlayer_play_fadetcnt), a
0101+  82B9             
0102+  82B9             loc_0_4378: 
0103+  82B9 3E 02       		ld	a,2
0104+  82BB D3 C4       		out	(MOON_REG1),a
0105+  82BD 3A 2A 8A    		ld	a,(MBPlayer_xhzequal)
0106+  82C0 B7          		or	a
0107+  82C1 28 08       		jr	z,Speed60Hz
0108+  82C3 FE 01       		cp	1
0109+  82C5 20 06       		jr	nz,Speedxhz
0110+  82C7 3E F8       		ld	a,248
0111+  82C9 18 02       		jr	Speedxhz
0112+  82CB             Speed60Hz: 
0113+  82CB 3E D0       		ld	a,208
0114+  82CD             Speedxhz: 
0115+  82CD ED 44       		neg
0116+  82CF D3 C5       		out	(MOON_DAT1),a
0117+  82D1 00          		nop
0118+  82D2 3E 04       		ld	a,4
0119+  82D4 D3 C4       		out	(MOON_REG1),a
0120+  82D6 00          		nop
0121+  82D7 3E 21       		ld	a,00100001b
0122+  82D9 D3 C5       		out	(MOON_DAT1),a
0123+  82DB             
0124+  82DB             ;		di	
0125+  82DB             ;		ld	hl, 0FD9Fh
0126+  82DB             ;		ld	de, locret_0_455C
0127+  82DB             ;		ld	bc, 5
0128+  82DB             ;		ldir	
0129+  82DB             ;		ld	a, 0C3h	; 'Ã'
0130+  82DB             ;		ld	(0FD9Fh), a
0131+  82DB             ;		ld	hl, MBPlayer_play_music
0132+  82DB             ;		ld	(0FDA0h), hl
0133+  82DB             ;		ei	
0134+  82DB C9          		ret	
0135+  82DC             ;-------------------------------------------------------------------
0136+  82DC             ; îïèñàíèå: Èíèöèàëèçàöèÿ OPL4 ðåãèñòðîâ
0137+  82DC             ; ïàðàìåòðû: íåò
0138+  82DC             ; âîçâðàùàåìîå  çíà÷åíèå: íåò
0139+  82DC             ;---------------------------------------------------------------------
0140+  82DC             MBPlayer_init_opl4: 
0141+  82DC 3E 03       		ld	a, 3
0142+  82DE 0E 05       		ld	c, 5
0143+  82E0 CD BC 89    		call	sub_0_4A3F
0144+  82E3 0E 02       		ld	c, 2
0145+  82E5 3E 10       		ld	a, 10h
0146+  82E7 C3 C8 89    		jp	MBPlayer_out_wave
0147+  82EA             ;-------------------------------------------------------------------
0148+  82EA             ; îïèñàíèå: Èíèöèàëèçàöèÿ OPL4 êàíàëîâ
0149+  82EA             ; ïàðàìåòðû: íåò
0150+  82EA             ; âîçâðàùàåìîå  çíà÷åíèå: íåò
0151+  82EA             ;---------------------------------------------------------------------
0152+  82EA             MBPlayer_init_voices: 
0153+  82EA 06 18       		ld	b, WAVCHNS			; # wave channels
0154+  82EC FD 21 F1 8A 		ld	iy, MBPlayer_play_table_wav
0155+  82F0 DD 21 73 8A 		ld	ix, MBPlayer_xbegwav
0156+  82F4 11 14 00    		ld	de, PTW_SIZE
0157+  82F7             loc_0_43AC: 
0158+  82F7 D5          		push	de
0159+  82F8 C5          		push	bc
0160+  82F9 DD 7E B8    		ld	a,(ix - 48h)			; xdetune!
0161+  82FC 87          		add	a, a
0162+  82FD FD 77 05    		ld	(iy + 5), a			; detune!
0163+  8300 DD 7E 00    		ld	a, (ix + 0)                     ; wave/patchnr
0164+  8303 F5          		push	af
0165+  8304 CD 9B 87    		call	MBPlayer_play_wwavevt2
0166+  8307 F1          		pop	af
0167+  8308 21 BA 8A    		ld	hl, MBPlayer_xwavvols - 1
0168+  830B 85          		add	a, l
0169+  830C 30 01       		jr	nc, loc_0_43C4
0170+  830E 24          		inc	h
0171+  830F             
0172+  830F             loc_0_43C4: 
0173+  830F 6F          		ld	l, a
0174+  8310 7E          		ld	a, (hl)
0175+  8311 FD 77 0F    		ld	(iy + 0Fh), a
0176+  8314 CD DA 87    		call	MBPlayer_play_wchgvol2
0177+  8317 DD 7E 9E    		ld	a, (ix - 62h)
0178+  831A CD 8A 88    		call	MBPlayer_play_wchgste2
0179+  831D DD 23       		inc	ix
0180+  831F C1          		pop	bc
0181+  8320 D1          		pop	de
0182+  8321 FD 19       		add	iy, de
0183+  8323 10 D2       		djnz	loc_0_43AC
0184+  8325 C9          		ret	
0185+  8326             
0186+  8326             loc_0_43DB: 
0187+  8326 3A DF 89    		ld	a, (MBPlayer_play_busy)
0188+  8329 B7          		or	a
0189+  832A C0          		ret	nz
0190+  832B 3D          		dec	a
0191+  832C 32 DF 89    		ld	(MBPlayer_play_busy), a
0192+  832F C3 B9 82    		jp	loc_0_4378
0193+  8332             ;-------------------------------------------------------------------
0194+  8332             ; îïèñàíèå: Îñòàíîâêà ïðîèãðûâàíèÿ
0195+  8332             ; ïàðàìåòðû: íåò
0196+  8332             ; âîçâðàùàåìîå  çíà÷åíèå: íåò
0197+  8332             ;---------------------------------------------------------------------
0198+  8332             MBPlayer_stop_music: 
0199+  8332             ;		ld	a, (MBPlayer_play_busy)
0200+  8332             ;		or	a
0201+  8332             ;		ret	z
0202+  8332             
0203+  8332 F3          		di	
0204+  8333 AF          		xor	a
0205+  8334 32 DF 89    		ld	(MBPlayer_play_busy), a
0206+  8337             
0207+  8337             ;		ld	hl, locret_0_455C
0208+  8337             ;		ld	de, 0FD9Fh
0209+  8337             ;		ld	bc, 5
0210+  8337             ;		ldir	
0211+  8337 06 18       		ld	b, WAVCHNS			; # wave channels
0212+  8339 FD 21 F1 8A 		ld	iy, MBPlayer_play_table_wav
0213+  833D 11 14 00    		ld	de, PTW_SIZE
0214+  8340             
0215+  8340             loc_0_4405: 
0216+  8340 CD 85 87    		call	MBPlayer_play_woffevt
0217+  8343 CD E3 88    		call	MBPlayer_play_wchgdmp
0218+  8346 FD 19       		add	iy, de
0219+  8348 10 F6       		djnz	loc_0_4405
0220+  834A FB          		ei	
0221+  834B C9          		ret	
0222+  834C             ;-------------------------------------------------------------------
0223+  834C             ; îïèñàíèå: Óñòàíîâêà çàòóõàíèÿ
0224+  834C             ; ïàðàìåòðû: B - ñêîðîñòü çàòóõàíèÿ
0225+  834C             ; âîçâðàùàåìîå  çíà÷åíèå: íåò
0226+  834C             ;---------------------------------------------------------------------
0227+  834C             MBPlayer_fade_music: 
0228+  834C 47          		ld	b, a
0229+  834D 3A DF 89    		ld	a, (MBPlayer_play_busy)		; already stopped?
0230+  8350 B7          		or	a
0231+  8351 C8          		ret	z
0232+  8352 3E FF       		ld	a, 255
0233+  8354 32 05 8A    		ld	(MBPlayer_play_fading), a 	; fading on
0234+  8357 78          		ld	a, b
0235+  8358 32 07 8A    		ld	(MBPlayer_play_fadespd), a      ; set fade speed
0236+  835B C9          		ret	
0237+  835C             ;-------------------------------------------------------------------
0238+  835C             ; îïèñàíèå: Ïðîèãðûâàíèå ìóçûêè ïî ïðåðûâàíèÿì
0239+  835C             ; ïàðàìåòðû: íåò
0240+  835C             ; âîçâðàùàåìîå  çíà÷åíèå: íåò
0241+  835C             ;---------------------------------------------------------------------
0242+  835C             MBPlayer_play_music: 
0243+  835C F3          		di	
0244+  835D             ;		ld	a, (MBPlayer_xhzequal)
0245+  835D             ;		or	a
0246+  835D             ;		jr	z, loc_0_443E
0247+  835D             
0248+  835D             ;		ld	a, (0FFE8h)
0249+  835D             ;		and	2
0250+  835D             ;		jr	nz, loc_0_443E
0251+  835D             
0252+  835D             ;		ld	hl, MBPlayer_play_intcnt
0253+  835D             ;		ld	a, (hl)
0254+  835D             ;		inc	a
0255+  835D             ;		cp	6
0256+  835D             ;		jr	c, loc_0_443D
0257+  835D             ;		ld	(hl), 0
0258+  835D             ;		jp	locret_0_455C
0259+  835D             ;
0260+  835D             ;loc_0_443D:
0261+  835D             ;		ld	(hl), a
0262+  835D             
0263+  835D             loc_0_443E: 
0264+  835D CD F7 88    		call	MBPlayer_play_pitch
0265+  8360             
0266+  8360 3A 05 8A    		ld	a, (MBPlayer_play_fading)
0267+  8363 B7          		or	a
0268+  8364 28 0A       		jr	z, loc_0_4451
0269+  8366 CD 7D 89    		call	MBPlayer_play_fade
0270+  8369 3A 05 8A    		ld	a, (MBPlayer_play_fading)
0271+  836C B7          		or	a
0272+  836D CA C0 84    		jp	z, locret_0_455C
0273+  8370             
0274+  8370             loc_0_4451: 
0275+  8370             ;		call	MBPlayer_getbank_FE
0276+  8370             ;		ld	(MBPlayer_save_curbank), a
0277+  8370             
0278+  8370 3A 00 8A    		ld	a, (MBPlayer_play_speed) 	; speed
0279+  8373 21 02 8A    		ld	hl, MBPlayer_play_timercnt
0280+  8376 34          		inc	(hl)
0281+  8377 BE          		cp	(hl)
0282+  8378 C2 C5 84    		jp	nz, MBPlayer_play_int_sec	; almost there?
0283+  837B 36 00       		ld	(hl), 0
0284+  837D             
0285+  837D FD 21 31 8C 		ld	iy, unk_0_4E30
0286+  8381 21 F7 89    		ld	hl, unk_0_4B98
0287+  8384 01 60 08    		ld	bc, 860h
0288+  8387 11 14 00    		ld	de, PTW_SIZE
0289+  838A             
0290+  838A             loc_0_4471: 
0291+  838A 7E          		ld	a, (hl)
0292+  838B 3D          		dec	a
0293+  838C B9          		cp	c
0294+  838D DC B3 85    		call	c, MBPlayer_calc_wave
0295+  8390 FD 19       		add	iy, de
0296+  8392 23          		inc	hl
0297+  8393 10 F5       		djnz	loc_0_4471
0298+  8395             
0299+  8395             ;		ld	a, (MBPlayer_songdata_bank)
0300+  8395             ;		call	MBPlayer_selbank_FE
0301+  8395             
0302+  8395 21 E7 89    		ld	hl, MBPlayer_step_buffer        ;WAVE Event routines
0303+  8398 06 18       		ld	b, WAVCHNS			; # channels
0304+  839A FD 21 F1 8A 		ld	iy, MBPlayer_play_table_wav
0305+  839E 11 14 00    		ld	de, PTW_SIZE
0306+  83A1 0E 60       		ld	c, 96
0307+  83A3             
0308+  83A3             loc_0_4490: 
0309+  83A3 7E          		ld	a, (hl)
0310+  83A4 3D          		dec	a
0311+  83A5 B9          		cp	c
0312+  83A6 D2 E6 83    		jp	nc, loc_0_44D3
0313+  83A9 3E 67       		ld	a, 67h
0314+  83AB 80          		add	a, b 				; calc. register
0315+  83AC D3 7E       		out	(MOON_WREG), a
0316+  83AE AF          		xor	a
0317+  83AF             loc_0_449C: 
0318+  83AF C5          		push	bc
0319+  83B0 C1          		pop	bc
0320+  83B1 D3 7F       		out	(MOON_WDAT), a			; off
0321+  83B3             
0322+  83B3 3E 1F       		ld	a, 1Fh
0323+  83B5 80          		add	a, b
0324+  83B6             loc_0_44A3: 
0325+  83B6 C5          		push	bc
0326+  83B7 C1          		pop	bc
0327+  83B8 D3 7E       		out	(MOON_WREG), a
0328+  83BA FD 7E 08    		ld	a, (iy + 8)
0329+  83BD FD 77 12    		ld	(iy + 12h), a
0330+  83C0 FD B6 06    		or	(iy + 6)
0331+  83C3             loc_0_44B0: 
0332+  83C3 C5          		push	bc
0333+  83C4 C1          		pop	bc
0334+  83C5 D3 7F       		out	(MOON_WDAT), a			; freq + tone
0335+  83C7             
0336+  83C7 3E 07       		ld	a, 7
0337+  83C9 80          		add	a, b
0338+  83CA             loc_0_44B7: 
0339+  83CA C5          		push	bc
0340+  83CB C1          		pop	bc
0341+  83CC D3 7E       		out	(MOON_WREG), a
0342+  83CE FD 7E 07    		ld	a, (iy + 7)
0343+  83D1             loc_0_44BE: 
0344+  83D1 C5          		push	bc
0345+  83D2 C1          		pop	bc
0346+  83D3 D3 7F       		out	(MOON_WDAT), a 			; tone
0347+  83D5             
0348+  83D5 3E 37       		ld	a, 37h
0349+  83D7 80          		add	a, b
0350+  83D8             loc_0_44C5: 
0351+  83D8 C5          		push	bc
0352+  83D9 C1          		pop	bc
0353+  83DA D3 7E       		out	(MOON_WREG), a
0354+  83DC FD 7E 09    		ld	a, (iy + 9)
0355+  83DF FD 77 13    		ld	(iy + 13h), a
0356+  83E2             loc_0_44CF: 
0357+  83E2 C5          		push	bc
0358+  83E3 C1          		pop	bc
0359+  83E4 D3 7F       		out	(MOON_WDAT), a
0360+  83E6             loc_0_44D3: 
0361+  83E6 23          		inc	hl
0362+  83E7 FD 19       		add	iy, de
0363+  83E9 10 B8       		djnz	loc_0_4490
0364+  83EB             
0365+  83EB 21 E7 89    		ld	hl, MBPlayer_step_buffer		; songdata-adres 
0366+  83EE DD 21 81 95 		ld	ix, MBPlayer_volume_buffer_1
0367+  83F2 FD 21 F1 8A 		ld	iy, MBPlayer_play_table_wav
0368+  83F6 06 18       		ld	b,WAVCHNS
0369+  83F8 11 14 00    		ld	de,PTW_SIZE
0370+  83FB             loc_0_44E4: 
0371+  83FB DB C4       		in	a, (MOON_STAT)
0372+  83FD E6 02       		and	2
0373+  83FF 20 FA       		jr	nz, loc_0_44E4
0374+  8401             
0375+  8401             MBPlayer_play_int_wlus: 
0376+  8401 AF          		xor	a
0377+  8402 DD 77 00    		ld	(ix + 0), a
0378+  8405 DD 77 18    		ld	(ix + 18h), a
0379+  8408             
0380+  8408             
0381+  8408 7E          		ld	a, (hl)
0382+  8409 B7          		or	a
0383+  840A 28 3A       		jr	z, MBPlayer_play_int_wend2		; empty
0384+  840C             
0385+  840C 08          		ex	af, af'
0386+  840D 78          		ld	a, b
0387+  840E D9          		exx	
0388+  840F 47          		ld	b, a
0389+  8410 08          		ex	af, af'
0390+  8411             
0391+  8411 11 45 84    		ld	de, MBPlayer_play_int_wend
0392+  8414 D5          		push	de
0393+  8415             
0394+  8415 FE 61       		cp	97
0395+  8417 DA 2A 87    		jp	c, MBPlayer_play_wonevt		; wave on
0396+  841A CA 85 87    		jp	z, MBPlayer_play_woffevt	; wave off 
0397+  841D FE 92       		cp	146
0398+  841F DA 99 87    		jp	c, MBPlayer_play_wwavevt	; wave 
0399+  8422 FE B2       		cp	178
0400+  8424 DA D5 87    		jp	c, MBPlayer_play_wchgvol	; volume 
0401+  8427 FE C1       		cp	193
0402+  8429 DA 88 88    		jp	c, MBPlayer_play_wchgste	; stereo 
0403+  842C FE D4       		cp	212
0404+  842E DA FD 87    		jp	c, MBPlayer_play_wlnk		; link 
0405+  8431 FE E7       		cp	231
0406+  8433 DA AB 88    		jp	c, MBPlayer_play_wchgpit	; pitch bending 
0407+  8436 FE EE       		cp	238
0408+  8438 DA DB 88    		jp	c, MBPlayer_play_wchgdet	; detune 
0409+  843B FE F1       		cp	241
0410+  843D DA C3 88    		jp	c, MBPlayer_play_wchgmod	; modulation 
0411+  8440 FE F3       		cp	243
0412+  8442 DA E3 88    		jp	c, MBPlayer_play_wchgdmp	; damp 
0413+  8445             
0414+  8445             MBPlayer_play_int_wend: 
0415+  8445 D9          		exx	
0416+  8446             
0417+  8446             MBPlayer_play_int_wend2: 
0418+  8446             ;		ld	a, (byte_0_4C6F)
0419+  8446             ;		or	a
0420+  8446             ;		jr	z, loc_0_45A6
0421+  8446 DD 7E 00    		ld	a, (ix + 0)
0422+  8449 B7          		or	a
0423+  844A CA 90 84    		jp	z, loc_0_45A6
0424+  844D E5          		push	hl
0425+  844E 67          		ld	h, a
0426+  844F 6F          		ld	l, a
0427+  8450 FD 7E 0B    		ld	a, (iy + 0Bh)
0428+  8453 E6 0F       		and	0Fh
0429+  8455 28 2B       		jr	z, loc_0_4598
0430+  8457 FE 08       		cp	8
0431+  8459 28 24       		jr	z, loc_0_4595
0432+  845B 30 0A       		jr	nc, loc_0_457D
0433+  845D FE 07       		cp	7
0434+  845F 28 19       		jr	z, loc_0_4590
0435+  8461 87          		add	a, a
0436+  8462 84          		add	a, h
0437+  8463 67          		ld	h, a
0438+  8464 C3 82 84    		jp	loc_0_4598
0439+  8467             
0440+  8467             loc_0_457D: 
0441+  8467 FE 09       		cp	9
0442+  8469 28 0A       		jr	z, loc_0_458B
0443+  846B ED 44       		neg	
0444+  846D C6 10       		add	a, 10h
0445+  846F 87          		add	a, a
0446+  8470 85          		add	a, l
0447+  8471 6F          		ld	l, a
0448+  8472 C3 82 84    		jp	loc_0_4598
0449+  8475             
0450+  8475             loc_0_458B: 
0451+  8475 2E 00       		ld	l, 0
0452+  8477 C3 82 84    		jp	loc_0_4598
0453+  847A             
0454+  847A             loc_0_4590: 
0455+  847A 26 00       		ld	h, 0
0456+  847C C3 82 84    		jp	loc_0_4598
0457+  847F             
0458+  847F             loc_0_4595: 
0459+  847F 21 00 00    		ld	hl, 0
0460+  8482             loc_0_4598: 
0461+  8482 7C          		ld	a, h
0462+  8483 17          		rla	
0463+  8484 17          		rla	
0464+  8485 17          		rla	
0465+  8486 17          		rla	
0466+  8487 E6 F0       		and	0F0h
0467+  8489 B5          		or	l
0468+  848A 28 03       		jr	z, loc_0_45A5
0469+  848C DD 77 18    		ld	(ix + 18h), a
0470+  848F             loc_0_45A5: 
0471+  848F E1          		pop	hl
0472+  8490             
0473+  8490             loc_0_45A6: 
0474+  8490 FD 19       		add	iy, de
0475+  8492 23          		inc	hl
0476+  8493 DD 23       		inc	ix
0477+  8495 05          		dec	b
0478+  8496 C2 01 84    		jp	nz, MBPlayer_play_int_wlus
0479+  8499             
0480+  8499 7E          		ld	a, (hl)
0481+  849A B7          		or	a
0482+  849B 28 23       		jr	z, loc_0_4556
0483+  849D             
0484+  849D FE 18       		cp	24			
0485+  849F DA B9 84    		jp	c, MBPlayer_play_chgtmp         ; change tempo
0486+  84A2 28 0D       		jr	z, MBPlayer_play_endop  	; end of pattern
0487+  84A4 FE 4C       		cp	76
0488+  84A6 D2 C0 84    		jp	nc, loc_0_4556
0489+  84A9 D6 34       		sub	52				; set transpose
0490+  84AB 32 01 8A    		ld	(MBPlayer_play_tspval), a
0491+  84AE C3 C0 84    		jp	loc_0_4556
0492+  84B1             
0493+  84B1             MBPlayer_play_endop: 
0494+  84B1 3E 0F       		ld	a, 0Fh
0495+  84B3 32 E1 89    		ld	(MBPlayer_play_step), a
0496+  84B6 C3 C0 84    		jp	loc_0_4556
0497+  84B9             
0498+  84B9             MBPlayer_play_chgtmp: 
0499+  84B9 C6 E7       		add	a, 0E7h				; change tempo
0500+  84BB ED 44       		neg	
0501+  84BD 32 00 8A    		ld	(MBPlayer_play_speed), a
0502+  84C0             loc_0_4556: 
0503+  84C0             ;		ld	a,(MBPlayer_save_curbank)
0504+  84C0             ;		call	MBPlayer_selbank_FE
0505+  84C0             locret_0_455C: 
0506+  84C0 C9          		ret	
0507+  84C1 C9          		ret
0508+  84C2 C9          		ret
0509+  84C3 C9          		ret
0510+  84C4 C9          		ret
0511+  84C5             ;-------------------------------------------------------------------
0512+  84C5             ; îïèñàíèå: Interrupt routine BEFORE play-interrupt
0513+  84C5             ; ïàðàìåòðû: íåò
0514+  84C5             ; âîçâðàùàåìîå  çíà÷åíèå: íåò
0515+  84C5             ;---------------------------------------------------------------------
0516+  84C5             MBPlayer_play_int_sec: 
0517+  84C5 3D          		dec	a
0518+  84C6 BE          		cp	(hl)
0519+  84C7 CA 7C 85    		jp	z, loc_0_461F
0520+  84CA 3D          		dec	a
0521+  84CB BE          		cp	(hl)
0522+  84CC C2 C0 84    		jp	nz, loc_0_4556
0523+  84CF             
0524+  84CF 3A E1 89    		ld	a, (MBPlayer_play_step)
0525+  84D2 3C          		inc	a
0526+  84D3 E6 0F       		and	0Fh
0527+  84D5 32 E1 89    		ld	(MBPlayer_play_step), a
0528+  84D8 2A EF 8A    		ld	hl, (MBPlayer_songdata_ptr)
0529+  84DB C2 32 85    		jp	nz, loc_0_45CF
0530+  84DE             
0531+  84DE             ;		ld	a, (MBPlayer_songdata_bank1)
0532+  84DE             ;		call	MBPlayer_selbank_FE 		; this bank contains pattern addresses
0533+  84DE             
0534+  84DE 3A 0F 8A    		ld	a, (MBPlayer_xleng)		; next position
0535+  84E1 3C          		inc	a
0536+  84E2 47          		ld	b, a
0537+  84E3 3A E0 89    		ld	a, (MBPlayer_play_pos)
0538+  84E6 3C          		inc	a
0539+  84E7 B8          		cp	b
0540+  84E8 DA FC 84    		jp	c, loc_0_4599
0541+  84EB             
0542+  84EB             
0543+  84EB             ;		ld	a, (MBPlayer_xloop)
0544+  84EB             ;		cp	255
0545+  84EB             ;		jp	nz, loc_0_4599
0546+  84EB             
0547+  84EB             ;               ld	a,(MoonSound_key_press)
0548+  84EB             ;		and	a
0549+  84EB             ;		jr	z,loc_0_4597 
0550+  84EB             
0551+  84EB 3E 01       		ld	a,1
0552+  84ED 32 EE 65                    ld	(MoonSound_flg_next),a
0553+  84F0             		
0554+  84F0 C3 32 83    		jp	MBPlayer_stop_music		; stop song, want loop OFF
0555+  84F3             
0556+  84F3             			
0557+  84F3             loc_0_4597: 
0558+  84F3 CD 32 83    		call	MBPlayer_stop_music		; stop song, want loop OFF
0559+  84F6 CD EE 63    		call	MoonSound_time_init
0560+  84F9             
0561+  84F9 C3 64 82    		jp	MBPlayer_start_music		
0562+  84FC             
0563+  84FC             ;		xor	a
0564+  84FC             
0565+  84FC             loc_0_4599: 
0566+  84FC 32 E0 89    		ld	(MBPlayer_play_pos), a
0567+  84FF 2A ED 8A    		ld	hl, (MBPlayer_pos_address)
0568+  8502 85          		add	a, l
0569+  8503 30 01       		jr	nc, loc_0_45A3
0570+  8505 24          		inc	h
0571+  8506             loc_0_45A3: 
0572+  8506 6F          		ld	l, a
0573+  8507 7E          		ld	a, (hl)
0574+  8508 32 04 8A    		ld	(MBPlayer_current_pat), a
0575+  850B 87          		add	a, a
0576+  850C 2A EB 8A    		ld	hl, (MBPlayer_pat_address)
0577+  850F 85          		add	a, l
0578+  8510 30 01       		jr	nc, loc_0_45B0
0579+  8512 24          		inc	h
0580+  8513             
0581+  8513             loc_0_45B0: 
0582+  8513 6F          		ld	l, a
0583+  8514 5E          		ld	e, (hl)
0584+  8515 23          		inc	hl
0585+  8516 56          		ld	d, (hl)
0586+  8517 EB          		ex	de, hl
0587+  8518 7C          		ld	a, h
0588+  8519 07          		rlca	
0589+  851A 07          		rlca	
0590+  851B E6 03       		and	3
0591+  851D 11 E3 89    		ld	de, MBPlayer_songdata_bank1
0592+  8520 83          		add	a, e
0593+  8521 30 01       		jr	nc, loc_0_45C1
0594+  8523 14          		inc	d
0595+  8524             loc_0_45C1: 
0596+  8524 5F          		ld	e, a
0597+  8525 1A          		ld	a, (de)
0598+  8526 32 E6 89    		ld	(MBPlayer_songdata_bank), a
0599+  8529 7C          		ld	a, h
0600+  852A E6 3F       		and	3Fh
0601+  852C 67          		ld	h, a
0602+  852D ED 5B E4 89 		ld	de, (MBPlayer_songdata_addres)
0603+  8531 19          		add	hl, de
0604+  8532             loc_0_45CF: 
0605+  8532             ;		ld	a, (MBPlayer_songdata_bank)
0606+  8532             ;		call	MBPlayer_selbank_FE
0607+  8532             
0608+  8532 11 E7 89    		ld	de, MBPlayer_step_buffer
0609+  8535             
0610+  8535 7E          		ld	a, (hl)
0611+  8536 23          		inc	hl
0612+  8537 FE FF       		cp	0FFh				; 0FFh => completely empty
0613+  8539 C2 4D 85    		jp	nz, loc_0_45F0
0614+  853C D9          		exx	
0615+  853D 21 E7 89    		ld	hl, MBPlayer_step_buffer
0616+  8540 11 E8 89    		ld	de, MBPlayer_step_buffer + 1
0617+  8543 01 18 00    		ld	bc, 24
0618+  8546 70          		ld	(hl), b
0619+  8547 ED B0       		ldir	
0620+  8549 D9          		exx	
0621+  854A C3 6C 85    		jp	loc_0_460F
0622+  854D             loc_0_45F0: 
0623+  854D 12          		ld	(de), a				; 1st byte uncrunched
0624+  854E 13          		inc	de
0625+  854F E5          		push	hl
0626+  8550 23          		inc	hl
0627+  8551 23          		inc	hl
0628+  8552 23          		inc	hl
0629+  8553 D9          		exx	
0630+  8554 E1          		pop	hl
0631+  8555 06 03       		ld	b, 3				; decrunch 3 * 8 bytes
0632+  8557             loc_0_45FA: 
0633+  8557 7E          		ld	a, (hl)
0634+  8558 D9          		exx	
0635+  8559 06 08       		ld	b, 8				; decrunch 8 bytes
0636+  855B 4F          		ld	c, a
0637+  855C             loc_0_45FF: 
0638+  855C AF          		xor	a
0639+  855D CB 01       		rlc	c
0640+  855F 30 02       		jr	nc, loc_0_4606			; no carry? then empty event
0641+  8561 7E          		ld	a, (hl)
0642+  8562 23          		inc	hl
0643+  8563             loc_0_4606: 
0644+  8563 12          		ld	(de), a
0645+  8564 13          		inc	de
0646+  8565 10 F5       		djnz	loc_0_45FF
0647+  8567 D9          		exx	
0648+  8568 23          		inc	hl
0649+  8569 10 EC       		djnz	loc_0_45FA
0650+  856B D9          		exx	
0651+  856C             loc_0_460F:                                          ;Calculate freq. & note nr of wave to play
0652+  856C 22 EF 8A    		ld	(MBPlayer_songdata_ptr), hl
0653+  856F             
0654+  856F FD 21 F1 8A 		ld	iy, MBPlayer_play_table_wav
0655+  8573 21 E7 89    		ld	hl, MBPlayer_step_buffer    ; third interrupt
0656+  8576 01 60 08    		ld	bc, 860h                    ;(256 * (WAVCHNS/2)) + 96	; Wave channels
0657+  8579 C3 A2 85    		jp	loc_0_4645
0658+  857C             
0659+  857C             loc_0_461F: 
0660+  857C 06 18       		ld	b, WAVCHNS
0661+  857E 21 E7 89    		ld	hl, MBPlayer_step_buffer
0662+  8581 FD 21 F1 8A 		ld	iy, MBPlayer_play_table_wav
0663+  8585 11 14 00    		ld	de, PTW_SIZE
0664+  8588 0E 60       		ld	c, 96
0665+  858A             loc_0_462D: 
0666+  858A 7E          		ld	a, (hl)
0667+  858B 3D          		dec	a
0668+  858C B9          		cp	c
0669+  858D 30 04       		jr	nc, loc_0_4636
0670+  858F FD 36 02 00 		ld	(iy + 2), 0
0671+  8593             loc_0_4636: 
0672+  8593 23          		inc	hl
0673+  8594 FD 19       		add	iy, de
0674+  8596 10 F2       		djnz	loc_0_462D
0675+  8598             
0676+  8598 FD 21 91 8B 		ld	iy, unk_0_4D90		;play_table_wav + (WAVCHNS/2) * PTW_SIZE
0677+  859C 21 EF 89    		ld	hl, unk_0_4B90		;step_buffer + WAVCHNS / 2	; second interrupt
0678+  859F 01 60 08    		ld	bc, 860h                ;(256 * (WAVCHNS/2)) + 96	; Wave channels
0679+  85A2             loc_0_4645: 
0680+  85A2 11 14 00    		ld	de, PTW_SIZE
0681+  85A5             loc_0_4648: 
0682+  85A5 7E          		ld	a, (hl)
0683+  85A6 3D          		dec	a
0684+  85A7 B9          		cp	c
0685+  85A8 DC B3 85    		call	c, MBPlayer_calc_wave
0686+  85AB FD 19       		add	iy, de
0687+  85AD 23          		inc	hl
0688+  85AE 10 F5       		djnz	loc_0_4648
0689+  85B0 C3 C0 84    		jp	loc_0_4556
0690+  85B3             ;-------------------------------------------------------------------
0691+  85B3             ; îïèñàíèå: calc wave stuff
0692+  85B3             ; ïàðàìåòðû: íåò
0693+  85B3             ; âîçâðàùàåìîå  çíà÷åíèå: íåò
0694+  85B3             ;---------------------------------------------------------------------
0695+  85B3             MBPlayer_calc_wave: 
0696+  85B3 D9          		exx	
0697+  85B4 57          		ld	d, a
0698+  85B5             
0699+  85B5 21 B1 95    		ld	hl, MBPlayer_patch_table	; dit stuk verandert A niet!
0700+  85B8 06 00       		ld	b, 0
0701+  85BA FD 4E 0A    		ld	c, (iy + 0Ah)
0702+  85BD 79          		ld	a, c
0703+  85BE FE AF       		cp	175
0704+  85C0 CA 7C 86    		jp	z, MBPlayer_calc_drm		; gm drum patch
0705+  85C3 FE B0       		cp	176
0706+  85C5 D2 B2 86    		jp	nc, loc_0_4755			; own wave
0707+  85C8             
0708+  85C8             loc_0_466B: 
0709+  85C8 7A          		ld	a, d
0710+  85C9 09          		add	hl, bc
0711+  85CA 09          		add	hl, bc
0712+  85CB 5E          		ld	e, (hl)
0713+  85CC 23          		inc	hl
0714+  85CD 56          		ld	d, (hl)				; to patch
0715+  85CE EB          		ex	de, hl
0716+  85CF 5E          		ld	e, (hl)
0717+  85D0 23          		inc	hl
0718+  85D1 4E          		ld	c, (hl)
0719+  85D2 23          		inc	hl
0720+  85D3 46          		ld	b, (hl)
0721+  85D4 23          		inc	hl
0722+  85D5 FD 71 0D    		ld	(iy + 0Dh), c			; pointer to header bytes
0723+  85D8 FD 70 0E    		ld	(iy + 0Eh), b
0724+  85DB             
0725+  85DB CB 43       		bit	0, e				; search right patch part
0726+  85DD 28 05       		jr	z, loc_0_4687			; transpose
0727+  85DF             
0728+  85DF 47          		ld	b, a
0729+  85E0 3A 01 8A    		ld	a, (MBPlayer_play_tspval)
0730+  85E3 80          		add	a, b
0731+  85E4             loc_0_4687: 
0732+  85E4 06 00       		ld	b, 0
0733+  85E6 11 05 00    		ld	de, 5
0734+  85E9             loc_0_468C: 
0735+  85E9 BE          		cp	(hl)
0736+  85EA 38 3C       		jr	c, loc_0_46CB
0737+  85EC 46          		ld	b, (hl)
0738+  85ED 19          		add	hl, de
0739+  85EE BE          		cp	(hl)
0740+  85EF 38 37       		jr	c, loc_0_46CB
0741+  85F1 46          		ld	b, (hl)
0742+  85F2 19          		add	hl, de
0743+  85F3 BE          		cp	(hl)
0744+  85F4 38 32       		jr	c, loc_0_46CB
0745+  85F6 46          		ld	b, (hl)
0746+  85F7 19          		add	hl, de
0747+  85F8 BE          		cp	(hl)
0748+  85F9 38 2D       		jr	c, loc_0_46CB
0749+  85FB 46          		ld	b, (hl)
0750+  85FC 19          		add	hl, de
0751+  85FD BE          		cp	(hl)
0752+  85FE 38 28       		jr	c, loc_0_46CB
0753+  8600 46          		ld	b, (hl)
0754+  8601 19          		add	hl, de
0755+  8602 BE          		cp	(hl)
0756+  8603 38 23       		jr	c, loc_0_46CB
0757+  8605 46          		ld	b, (hl)
0758+  8606 19          		add	hl, de
0759+  8607 BE          		cp	(hl)
0760+  8608 38 1E       		jr	c, loc_0_46CB
0761+  860A 46          		ld	b, (hl)
0762+  860B 19          		add	hl, de
0763+  860C BE          		cp	(hl)
0764+  860D 38 19       		jr	c, loc_0_46CB
0765+  860F 46          		ld	b, (hl)
0766+  8610 19          		add	hl, de
0767+  8611 BE          		cp	(hl)
0768+  8612 38 14       		jr	c, loc_0_46CB
0769+  8614 46          		ld	b, (hl)
0770+  8615 19          		add	hl, de
0771+  8616 BE          		cp	(hl)
0772+  8617 38 0F       		jr	c, loc_0_46CB
0773+  8619 46          		ld	b, (hl)
0774+  861A 19          		add	hl, de
0775+  861B BE          		cp	(hl)
0776+  861C 38 0A       		jr	c, loc_0_46CB
0777+  861E 46          		ld	b, (hl)
0778+  861F 19          		add	hl, de
0779+  8620 BE          		cp	(hl)
0780+  8621 38 05       		jr	c, loc_0_46CB
0781+  8623 46          		ld	b, (hl)
0782+  8624 19          		add	hl, de
0783+  8625 C3 E9 85    		jp	loc_0_468C
0784+  8628             loc_0_46CB: 
0785+  8628 57          		ld	d, a                    ; save note...
0786+  8629 23          		inc	hl
0787+  862A 7E          		ld	a, (hl)			; low byte tone
0788+  862B FD 77 07    		ld	(iy + 7), a
0789+  862E             
0790+  862E 23          		inc	hl
0791+  862F 7E          		ld	a, (hl)
0792+  8630 E6 01       		and	1                       ; also resets carry!
0793+  8632 FD 77 06    		ld	(iy + 6), a             ; high byte tone
0794+  8635             
0795+  8635 7E          		ld	a, (hl)                 ; tone-note
0796+  8636 1F          		rra				; note that carry was set 0 earlier!!	
0797+  8637 82          		add	a, d
0798+  8638 90          		sub	b
0799+  8639 FD 77 00    		ld	(iy + 0), a		; last note
0800+  863C             
0801+  863C 23          		inc	hl
0802+  863D 5E          		ld	e, (hl)
0803+  863E 23          		inc	hl
0804+  863F 56          		ld	d, (hl)
0805+  8640 FD 72 11    		ld	(iy + 11h), d		; pointer to freqtab
0806+  8643 FD 73 10    		ld	(iy + 10h), e
0807+  8646             
0808+  8646 21 D1 8C    		ld	hl, MBPlayer_tabdiv12
0809+  8649 4F          		ld	c, a
0810+  864A 06 00       		ld	b, 0
0811+  864C 09          		add	hl, bc
0812+  864D 09          		add	hl, bc
0813+  864E 4E          		ld	c, (hl)
0814+  864F 23          		inc	hl
0815+  8650 7E          		ld	a, (hl)
0816+  8651 EB          		ex	de, hl
0817+  8652             
0818+  8652 85          		add	a, l
0819+  8653 30 01       		jr	nc, loc_0_46F9
0820+  8655 24          		inc	h
0821+  8656             loc_0_46F9: 
0822+  8656 6F          		ld	l, a
0823+  8657 5E          		ld	e, (hl)
0824+  8658 23          		inc	hl
0825+  8659 56          		ld	d, (hl)
0826+  865A             
0827+  865A CB 23       		sla	e   			; freq fine
0828+  865C 7A          		ld	a, d
0829+  865D 17          		rla	      			; freq rotated 1 left
0830+  865E 81          		add	a, c                    ; octave
0831+  865F             
0832+  865F 57          		ld	d, a                    ; high byte freq
0833+  8660 60          		ld	h, b
0834+  8661             loc_0_4704: 
0835+  8661 FD 6E 05    		ld	l, (iy + 5)
0836+  8664 CB 7D       		bit	7, l
0837+  8666 28 0D       		jr	z, loc_0_4718
0838+  8668 25          		dec	h
0839+  8669 29          		add	hl, hl			; detune...
0840+  866A             loc_0_470D: 
0841+  866A 19          		add	hl, de
0842+  866B CB 9C       		res	3, h
0843+  866D FD 75 08    		ld	(iy + 8), l		; freq fine
0844+  8670 FD 74 09    		ld	(iy + 9), h
0845+  8673 D9          		exx				; Yes! Finally, finished...	
0846+  8674 C9          		ret	
0847+  8675             loc_0_4718: 
0848+  8675 EB          		ex	de, hl
0849+  8676 19          		add	hl, de 			; detune...
0850+  8677 16 08       		ld	d, 8
0851+  8679 C3 6A 86    		jp	loc_0_470D
0852+  867C             ;-------------------------------------------------------------------
0853+  867C             ; îïèñàíèå: Calc GM drums
0854+  867C             ; ïàðàìåòðû: íåò
0855+  867C             ; âîçâðàùàåìîå  çíà÷åíèå: íåò
0856+  867C             ;---------------------------------------------------------------------
0857+  867C             MBPlayer_calc_drm: 
0858+  867C 7A          		ld	a, d
0859+  867D FE 24       		cp	36			
0860+  867F DA C8 85    		jp	c, loc_0_466B		; < 36 => first drum handled as patch
0861+  8682 FE 57       		cp	57h
0862+  8684 DA 89 86    		jp	c, loc_0_472C
0863+  8687 3E 56       		ld	a, 56h
0864+  8689             loc_0_472C: 
0865+  8689 21 FE A5    		ld	hl, MBPlayer_gmdrm_c4
0866+  868C D6 24       		sub	36
0867+  868E 47          		ld	b, a
0868+  868F 87          		add	a, a
0869+  8690 87          		add	a, a
0870+  8691 80          		add	a, b
0871+  8692 85          		add	a, l
0872+  8693 30 01       		jr	nc, loc_0_4739
0873+  8695 24          		inc	h
0874+  8696             
0875+  8696             loc_0_4739: 
0876+  8696 6F          		ld	l, a
0877+  8697 7E          		ld	a, (hl)
0878+  8698 FD 77 07    		ld	(iy + 7), a
0879+  869B FD 36 06 00 		ld	(iy + 6), 0
0880+  869F 23          		inc	hl
0881+  86A0 5E          		ld	e, (hl)
0882+  86A1 23          		inc	hl
0883+  86A2 56          		ld	d, (hl)
0884+  86A3 23          		inc	hl
0885+  86A4 7E          		ld	a, (hl)
0886+  86A5 FD 77 0D    		ld	(iy + 0Dh), a
0887+  86A8 23          		inc	hl
0888+  86A9 7E          		ld	a, (hl)
0889+  86AA FD 77 0E    		ld	(iy + 0Eh), a
0890+  86AD 26 00       		ld	h, 0
0891+  86AF C3 61 86    		jp	loc_0_4704
0892+  86B2             
0893+  86B2             loc_0_4755: 
0894+  86B2 D6 B0       		sub	176
0895+  86B4 4F          		ld	c, a
0896+  86B5 87          		add	a, a
0897+  86B6 87          		add	a, a
0898+  86B7 87          		add	a, a
0899+  86B8 6F          		ld	l, a
0900+  86B9 26 00       		ld	h, 0
0901+  86BB 29          		add	hl, hl
0902+  86BC 85          		add	a, l
0903+  86BD 30 01       		jr	nc, loc_0_4763
0904+  86BF 24          		inc	h
0905+  86C0             loc_0_4763: 
0906+  86C0 6F          		ld	l, a
0907+  86C1 79          		ld	a, c
0908+  86C2 85          		add	a, l
0909+  86C3 30 01       		jr	nc, loc_0_4769
0910+  86C5 24          		inc	h
0911+  86C6             loc_0_4769: 
0912+  86C6 6F          		ld	l, a
0913+  86C7 01 91 90    		ld	bc, MBPlayer_waves
0914+  86CA 09          		add	hl, bc                          ; pointer to patch
0915+  86CB             
0916+  86CB 5E          		ld	e, (hl)                         ; transpose
0917+  86CC 23          		inc	hl
0918+  86CD 7A          		ld	a, d
0919+  86CE CB 43       		bit	0, e 				; transpose
0920+  86D0 28 04       		jr	z, loc_0_4779
0921+  86D2 3A 01 8A    		ld	a, (MBPlayer_play_tspval)
0922+  86D5 82          		add	a, d
0923+  86D6             loc_0_4779: 
0924+  86D6 16 00       		ld	d, 0
0925+  86D8 01 03 00    		ld	bc, 3
0926+  86DB             loc_0_477E: 
0927+  86DB BE          		cp	(hl)
0928+  86DC 38 05       		jr	c, loc_0_4786
0929+  86DE 56          		ld	d, (hl)
0930+  86DF 09          		add	hl, bc
0931+  86E0 C3 DB 86    		jp	loc_0_477E
0932+  86E3             
0933+  86E3             loc_0_4786: 
0934+  86E3 47          		ld	b, a 				; save note...
0935+  86E4 23          		inc	hl
0936+  86E5 7E          		ld	a, (hl)				; low byte tone
0937+  86E6 5F          		ld	e, a
0938+  86E7 C6 80       		add	a, 80h 				; tone 384 and above 
0939+  86E9 FD 77 07    		ld	(iy + 7), a
0940+  86EC FD 36 06 01 		ld	(iy + 6), 1			; RAM wave is altijd > 256
0941+  86F0 23          		inc	hl
0942+  86F1             
0943+  86F1 7E          		ld	a, (hl)				; tone-note
0944+  86F2 80          		add	a, b
0945+  86F3 92          		sub	d
0946+  86F4 FD 77 00    		ld	(iy + 0), a			; last note
0947+  86F7 F5          		push	af
0948+  86F8             
0949+  86F8 FD 36 0D 00 		ld	(iy + 0Dh), 0			; no header
0950+  86FC FD 36 0E 00 		ld	(iy + 0Eh), 0
0951+  8700             
0952+  8700 21 41 95    		ld	hl, MBPlayer_tones_data
0953+  8703 16 00       		ld	d, 0
0954+  8705 19          		add	hl, de
0955+  8706 7E          		ld	a, (hl)
0956+  8707 E6 06       		and	6
0957+  8709 21 11 8F    		ld	hl, MBPlayer_frqtab_amiga
0958+  870C 28 0A       		jr	z, loc_0_47BB
0959+  870E 21 51 8E    		ld	hl, MBPlayer_frqtab_441khz
0960+  8711 FE 02       		cp	2
0961+  8713 28 03       		jr	z, loc_0_47BB
0962+  8715 21 D1 8F    		ld	hl, MBPlayer_frqtab_turbo
0963+  8718             loc_0_47BB: 
0964+  8718 F1          		pop	af
0965+  8719 FD 75 10    		ld	(iy + 10h), l
0966+  871C FD 74 11    		ld	(iy + 11h), h
0967+  871F             
0968+  871F 5F          		ld	e, a			; D is still 0
0969+  8720 19          		add	hl, de
0970+  8721 19          		add	hl, de
0971+  8722 5E          		ld	e, (hl)
0972+  8723 23          		inc	hl
0973+  8724 56          		ld	d, (hl)
0974+  8725 26 00       		ld	h, 0
0975+  8727 C3 61 86    		jp	loc_0_4704
0976+  872A             ;-------------------------------------------------------------------
0977+  872A             ; îïèñàíèå: Play ON event
0978+  872A             ; ïàðàìåòðû: íåò
0979+  872A             ; âîçâðàùàåìîå  çíà÷åíèå: íåò
0980+  872A             ;---------------------------------------------------------------------
0981+  872A             MBPlayer_play_wonevt: 
0982+  872A F5          		push	af
0983+  872B FD 7E 0F    		ld	a, (iy++0Fh)
0984+  872E E6 1F       		and	1Fh
0985+  8730 1F          		rra	
0986+  8731 B7          		or	a
0987+  8732 C2 36 87    		jp	nz, loc_0_4857
0988+  8735 3C          		inc	a
0989+  8736             
0990+  8736             loc_0_4857: 
0991+  8736 DD 77 00    		ld	(ix++0), a
0992+  8739 F1          		pop	af
0993+  873A             
0994+  873A 05          		dec	b
0995+  873B FD 6E 0D    		ld	l, (iy + 0Dh)
0996+  873E FD 66 0E    		ld	h, (iy + 0Eh)
0997+  8741 7D          		ld	a, l
0998+  8742 B4          		or	h 			
0999+  8743 28 1F       		jr	z, loc_0_47F7           
1000+  8745             
1001+  8745 3E 80       		ld	a, 80h
1002+  8747 80          		add	a, b
1003+  8748 D3 7E       		out	(MOON_WREG), a
1004+  874A 7E          		ld	a, (hl)
1005+  874B             loc_0_47DE: 
1006+  874B C5          		push	bc
1007+  874C C1          		pop	bc
1008+  874D D3 7F       		out	(MOON_WDAT), a
1009+  874F 23          		inc	hl
1010+  8750             loc_0_47E3: 
1011+  8750 7E          		ld	a, (hl)
1012+  8751 FE FF       		cp	0FFh
1013+  8753 28 0F       		jr	z, loc_0_47F7
1014+  8755 80          		add	a, b
1015+  8756             loc_0_47E9: 
1016+  8756 C5          		push	bc
1017+  8757 C1          		pop	bc
1018+  8758 D3 7E       		out	(MOON_WREG), a
1019+  875A 23          		inc	hl
1020+  875B 7E          		ld	a, (hl)
1021+  875C             loc_0_47EF: 
1022+  875C C5          		push	bc
1023+  875D C1          		pop	bc
1024+  875E D3 7F       		out	(MOON_WDAT), a 		; header byte
1025+  8760 23          		inc	hl
1026+  8761 C3 50 87    		jp	loc_0_47E3
1027+  8764             
1028+  8764             loc_0_47F7: 
1029+  8764 3E 50       		ld	a, 50h 			; set volume back to normal
1030+  8766 80          		add	a, b
1031+  8767             loc_0_47FA: 
1032+  8767 C5          		push	bc
1033+  8768 C1          		pop	bc
1034+  8769 D3 7E       		out	(MOON_WREG), a
1035+  876B FD 7E 0F    		ld	a, (iy + 0Fh)
1036+  876E F6 01       		or	1			; level direct
1037+  8770             loc_0_4803: 
1038+  8770 C5          		push	bc
1039+  8771 C1          		pop	bc
1040+  8772 D3 7F       		out	(MOON_WDAT), a
1041+  8774             
1042+  8774 3E 68       		ld	a, 68h 			
1043+  8776 80          		add	a, b
1044+  8777             loc_0_480A: 
1045+  8777 C5          		push	bc
1046+  8778 C1          		pop	bc
1047+  8779 D3 7E       		out	(MOON_WREG), a
1048+  877B 3E 80       		ld	a, 80h
1049+  877D FD B6 0B    		or	(iy + 0Bh)             ; pan pot
1050+  8780             loc_0_4813: 
1051+  8780 C5          		push	bc
1052+  8781 C1          		pop	bc
1053+  8782 D3 7F       		out	(MOON_WDAT), a		; key on
1054+  8784             
1055+  8784 C9          		ret
1056+  8785             ;-------------------------------------------------------------------
1057+  8785             ; îïèñàíèå: Play OFF event
1058+  8785             ; ïàðàìåòðû: íåò
1059+  8785             ; âîçâðàùàåìîå  çíà÷åíèå: íåò
1060+  8785             ;---------------------------------------------------------------------
1061+  8785             MBPlayer_play_woffevt: 
1062+  8785 3E 67       		ld	a, 67h
1063+  8787 80          		add	a, b 			; calc. register
1064+  8788 D3 7E       		out	(MOON_WREG), a
1065+  878A             
1066+  878A FD 36 02 00 		ld	(iy + 2), 0 		; pb/mod off
1067+  878E             loc_0_4821: 
1068+  878E C5          		push	bc
1069+  878F C1          		pop	bc
1070+  8790 DB 7F       		in	a, (MOON_WDAT)
1071+  8792 E6 7F       		and	7Fh
1072+  8794             loc_0_4827: 
1073+  8794 C5          		push	bc
1074+  8795 C1          		pop	bc
1075+  8796 D3 7F       		out	(MOON_WDAT), a
1076+  8798 C9          		ret	
1077+  8799             ;-------------------------------------------------------------------
1078+  8799             ; îïèñàíèå: Play Wave event
1079+  8799             ; ïàðàìåòðû: íåò
1080+  8799             ; âîçâðàùàåìîå  çíà÷åíèå: íåò
1081+  8799             ;---------------------------------------------------------------------
1082+  8799             MBPlayer_play_wwavevt: 
1083+  8799 D6 61       		sub	61h
1084+  879B             MBPlayer_play_wwavevt2: 
1085+  879B FD 36 02 00 		ld	(iy + 2), 0 		; pb off
1086+  879F 4F          		ld	c, a
1087+  87A0 21 8A 8A    		ld	hl, MBPlayer_xwavnrs - 1
1088+  87A3 85          		add	a, l
1089+  87A4 30 01       		jr	nc, loc_0_483A
1090+  87A6 24          		inc	h
1091+  87A7             loc_0_483A: 
1092+  87A7 6F          		ld	l, a
1093+  87A8 7E          		ld	a, (hl)
1094+  87A9 FD 77 0A    		ld	(iy + 0Ah), a
1095+  87AC 79          		ld	a, c
1096+  87AD 21 BA 8A    		ld	hl, MBPlayer_xwavvols - 1
1097+  87B0 85          		add	a, l
1098+  87B1 30 01       		jr	nc, loc_0_4847
1099+  87B3 24          		inc	h
1100+  87B4             loc_0_4847: 
1101+  87B4 6F          		ld	l, a
1102+  87B5 FD 7E 0F    		ld	a, (iy + 0Fh)
1103+  87B8 E6 01       		and	1
1104+  87BA 57          		ld	d, a
1105+  87BB 3A 05 8A    		ld	a, (MBPlayer_play_fading)
1106+  87BE B7          		or	a
1107+  87BF 20 08       		jr	nz, loc_0_485C
1108+  87C1             
1109+  87C1 7E          		ld	a, (hl)
1110+  87C2 87          		add	a, a
1111+  87C3 87          		add	a, a
1112+  87C4 B2          		or	d
1113+  87C5 FD 77 0F    		ld	(iy + 0Fh), a
1114+  87C8 C9          		ret	
1115+  87C9             
1116+  87C9             loc_0_485C: 
1117+  87C9 7E          		ld	a, (hl)
1118+  87CA 87          		add	a, a
1119+  87CB 87          		add	a, a
1120+  87CC B2          		or	d
1121+  87CD FD BE 0F    		cp	(iy + 0Fh)
1122+  87D0 D8          		ret	c
1123+  87D1 FD 77 0F    		ld	(iy + 0Fh), a
1124+  87D4 C9          		ret	
1125+  87D5             ;-------------------------------------------------------------------
1126+  87D5             ; îïèñàíèå: Play volume event
1127+  87D5             ; ïàðàìåòðû: íåò
1128+  87D5             ; âîçâðàùàåìîå  çíà÷åíèå: íåò
1129+  87D5             ;---------------------------------------------------------------------
1130+  87D5             MBPlayer_play_wchgvol: 
1131+  87D5 D6 92       		sub	146
1132+  87D7 EE 1F       		xor	1Fh
1133+  87D9 87          		add	a, a
1134+  87DA             MBPlayer_play_wchgvol2: 
1135+  87DA 87          		add	a, a			;OPL4 can handle 0-127
1136+  87DB 87          		add	a, a
1137+  87DC 4F          		ld	c, a
1138+  87DD             
1139+  87DD 3A 05 8A    		ld	a, (MBPlayer_play_fading)
1140+  87E0 B7          		or	a
1141+  87E1 28 07       		jr	z, loc_0_487D
1142+  87E3 79          		ld	a, c
1143+  87E4 F6 01       		or	1
1144+  87E6 FD BE 0F    		cp	(iy + 0Fh)
1145+  87E9 D8          		ret	c
1146+  87EA             
1147+  87EA             loc_0_487D: 
1148+  87EA 3E 4F       		ld	a, 4Fh			
1149+  87EC 80          		add	a, b
1150+  87ED D3 7E       		out	(MOON_WREG), a
1151+  87EF FD 7E 0F    		ld	a, (iy + 0Fh) 		; level direct
1152+  87F2 E6 01       		and	1
1153+  87F4 B1          		or	c
1154+  87F5 FD 77 0F    		ld	(iy + 0Fh), a
1155+  87F8             
1156+  87F8             loc_0_488B: 
1157+  87F8 C5          		push	bc
1158+  87F9 C1          		pop	bc
1159+  87FA D3 7F       		out	(MOON_WDAT), a
1160+  87FC C9          		ret	
1161+  87FD             ;-------------------------------------------------------------------
1162+  87FD             ; îïèñàíèå: Link note
1163+  87FD             ; ïàðàìåòðû: íåò
1164+  87FD             ; âîçâðàùàåìîå  çíà÷åíèå: íåò
1165+  87FD             ;---------------------------------------------------------------------
1166+  87FD             MBPlayer_play_wlnk: 
1167+  87FD F5          		push	af
1168+  87FE FD 7E 0F    		ld	a, (iy++0Fh)
1169+  8801 E6 1F       		and	1Fh
1170+  8803 1F          		rra	
1171+  8804 B7          		or	a
1172+  8805 C2 09 88    		jp	nz, loc_0_492A
1173+  8808 3C          		inc	a
1174+  8809             
1175+  8809             loc_0_492A: 
1176+  8809 DD 77 00    		ld	(ix++0), a
1177+  880C F1          		pop	af
1178+  880D             
1179+  880D             
1180+  880D FD 36 02 00 		ld	(iy + 2), 0
1181+  8811 C5          		push	bc
1182+  8812 D6 CA       		sub	202
1183+  8814 FD 86 00    		add	a, (iy + 0)
1184+  8817 FD 77 00    		ld	(iy + 0), a
1185+  881A             
1186+  881A FD CB 06 46 		bit	0, (iy + 6)
1187+  881E 28 06       		jr	z, loc_0_48A9
1188+  8820 FD CB 07 7E 		bit	7, (iy + 7)
1189+  8824 20 50       		jr	nz, loc_0_48F9
1190+  8826             loc_0_48A9: 
1191+  8826 21 D1 8C    		ld	hl, MBPlayer_tabdiv12
1192+  8829 4F          		ld	c, a
1193+  882A 06 00       		ld	b, 0
1194+  882C 09          		add	hl, bc
1195+  882D 09          		add	hl, bc
1196+  882E 4E          		ld	c, (hl)
1197+  882F 23          		inc	hl
1198+  8830 7E          		ld	a, (hl)
1199+  8831 FD 6E 10    		ld	l, (iy + 10h)
1200+  8834 FD 66 11    		ld	h, (iy + 11h)
1201+  8837 85          		add	a, l
1202+  8838 30 01       		jr	nc, loc_0_48BE
1203+  883A 24          		inc	h
1204+  883B             loc_0_48BE: 
1205+  883B 6F          		ld	l, a
1206+  883C 5E          		ld	e, (hl)
1207+  883D 23          		inc	hl
1208+  883E 56          		ld	d, (hl)
1209+  883F EB          		ex	de, hl 			; HL = freq
1210+  8840             
1211+  8840 CB 25       		sla	l
1212+  8842 7C          		ld	a, h
1213+  8843 17          		rla	
1214+  8844 81          		add	a, c
1215+  8845 67          		ld	h, a
1216+  8846             loc_0_48C9: 
1217+  8846 16 00       		ld	d, 0
1218+  8848 FD 5E 05    		ld	e, (iy + 5)
1219+  884B CB 7B       		bit	7, e
1220+  884D 28 01       		jr	z, loc_0_48D3
1221+  884F 15          		dec	d
1222+  8850             loc_0_48D3: 
1223+  8850 19          		add	hl, de			; detune...
1224+  8851 19          		add	hl, de
1225+  8852             
1226+  8852 FD 75 12    		ld	(iy + 12h), l		; freq fine
1227+  8855 FD 74 13    		ld	(iy + 13h), h
1228+  8858             
1229+  8858 C1          		pop	bc
1230+  8859 3E 1F       		ld	a, 1Fh
1231+  885B 80          		add	a, b
1232+  885C D3 7E       		out	(MOON_WREG), a
1233+  885E 7D          		ld	a, l
1234+  885F FD B6 06    		or	(iy + 6)
1235+  8862             loc_0_48E5: 
1236+  8862 C5          		push	bc
1237+  8863 C1          		pop	bc
1238+  8864 D3 7F       		out	(MOON_WDAT), a		; freq + tone
1239+  8866             
1240+  8866 3E 37       		ld	a, 37h
1241+  8868 80          		add	a, b
1242+  8869             loc_0_48EC: 
1243+  8869 C5          		push	bc
1244+  886A C1          		pop	bc
1245+  886B D3 7E       		out	(MOON_WREG), a
1246+  886D 7C          		ld	a, h
1247+  886E FD B6 0C    		or	(iy + 0Ch)
1248+  8871             loc_0_48F4: 
1249+  8871 C5          		push	bc
1250+  8872 C1          		pop	bc
1251+  8873 D3 7F       		out	(MOON_WDAT), a 		; freq
1252+  8875 C9          		ret	
1253+  8876             
1254+  8876             loc_0_48F9: 
1255+  8876 FD 6E 10    		ld	l, (iy + 10h)		; link own wave
1256+  8879 FD 66 11    		ld	h, (iy + 11h)
1257+  887C 5F          		ld	e, a
1258+  887D 16 00       		ld	d, 0
1259+  887F 19          		add	hl, de
1260+  8880 19          		add	hl, de
1261+  8881 5E          		ld	e, (hl)
1262+  8882 23          		inc	hl
1263+  8883 56          		ld	d, (hl)
1264+  8884 EB          		ex	de, hl			; freq
1265+  8885 C3 46 88    		jp	loc_0_48C9
1266+  8888             ;-------------------------------------------------------------------
1267+  8888             ; îïèñàíèå: Play stereo event
1268+  8888             ; ïàðàìåòðû: íåò
1269+  8888             ; âîçâðàùàåìîå  çíà÷åíèå: íåò
1270+  8888             ;---------------------------------------------------------------------
1271+  8888             MBPlayer_play_wchgste: 
1272+  8888 D6 B9       		sub	0B9h 		; 178 + 7
1273+  888A             MBPlayer_play_wchgste2: 
1274+  888A E6 0F       		and	0Fh
1275+  888C 57          		ld	d, a
1276+  888D FD 7E 0B    		ld	a, (iy + 0Bh)
1277+  8890 E6 F0       		and	0F0h
1278+  8892 B2          		or	d
1279+  8893 FD 77 0B    		ld	(iy + 0Bh), a
1280+  8896 3E 67       		ld	a, 67h
1281+  8898 80          		add	a, b
1282+  8899 D3 7E       		out	(MOON_WREG), a
1283+  889B FD 36 02 00 		ld	(iy + 2), 0
1284+  889F             loc_0_4922: 
1285+  889F C5          		push	bc
1286+  88A0 C1          		pop	bc
1287+  88A1 DB 7F       		in	a, (MOON_WDAT)
1288+  88A3 E6 F0       		and	0F0h
1289+  88A5 B2          		or	d
1290+  88A6             loc_0_4929: 
1291+  88A6 C5          		push	bc
1292+  88A7 C1          		pop	bc
1293+  88A8 D3 7F       		out	(MOON_WDAT), a
1294+  88AA C9          		ret	
1295+  88AB             ;-------------------------------------------------------------------
1296+  88AB             ; îïèñàíèå: Pitch bending
1297+  88AB             ; ïàðàìåòðû: íåò
1298+  88AB             ; âîçâðàùàåìîå  çíà÷åíèå: íåò
1299+  88AB             ;---------------------------------------------------------------------
1300+  88AB             MBPlayer_play_wchgpit: 
1301+  88AB D6 DD       		sub	221
1302+  88AD FD 36 02 01 		ld	(iy + 2), 1		; Pitch bending on
1303+  88B1 87          		add	a, a
1304+  88B2 87          		add	a, a
1305+  88B3 FD 77 03    		ld	(iy + 3), a		; Set pitch bend speed
1306+  88B6 07          		rlca	
1307+  88B7 38 05       		jr	c, loc_0_4941
1308+  88B9 FD 36 04 00 		ld	(iy + 4), 0
1309+  88BD C9          		ret	
1310+  88BE             loc_0_4941: 
1311+  88BE FD 36 04 FF 		ld	(iy + 4), 0FFh
1312+  88C2 C9          		ret	
1313+  88C3             ;-------------------------------------------------------------------
1314+  88C3             ; îïèñàíèå: Modulation event
1315+  88C3             ; ïàðàìåòðû: íåò
1316+  88C3             ; âîçâðàùàåìîå  çíà÷åíèå: íåò
1317+  88C3             ;---------------------------------------------------------------------
1318+  88C3             MBPlayer_play_wchgmod: 
1319+  88C3 D6 EC       		sub	0ECh		;238 - 2
1320+  88C5 FD 77 02    		ld	(iy + 2), a
1321+  88C8 87          		add	a, a
1322+  88C9 87          		add	a, a
1323+  88CA 87          		add	a, a
1324+  88CB 87          		add	a, a
1325+  88CC 21 23 8A    		ld	hl, MBPlayer_xmodtab - 2 * 16
1326+  88CF 85          		add	a, l
1327+  88D0 30 01       		jr	nc, loc_0_4956
1328+  88D2 24          		inc	h
1329+  88D3             loc_0_4956: 
1330+  88D3 6F          		ld	l, a
1331+  88D4 FD 75 03    		ld	(iy + 3), l
1332+  88D7 FD 74 04    		ld	(iy + 4), h
1333+  88DA C9          		ret	
1334+  88DB             ;-------------------------------------------------------------------
1335+  88DB             ; îïèñàíèå: Set detune
1336+  88DB             ; ïàðàìåòðû: íåò
1337+  88DB             ; âîçâðàùàåìîå  çíà÷åíèå: íåò
1338+  88DB             ;---------------------------------------------------------------------
1339+  88DB             MBPlayer_play_wchgdet: 
1340+  88DB D6 EA       		sub	234
1341+  88DD 87          		add	a, a
1342+  88DE 87          		add	a, a
1343+  88DF FD 77 05    		ld	(iy + 5), a
1344+  88E2 C9          		ret	
1345+  88E3             ;-------------------------------------------------------------------
1346+  88E3             ; îïèñàíèå: Damp
1347+  88E3             ; ïàðàìåòðû: íåò
1348+  88E3             ; âîçâðàùàåìîå  çíà÷åíèå: íåò
1349+  88E3             ;---------------------------------------------------------------------
1350+  88E3             MBPlayer_play_wchgdmp: 
1351+  88E3 3E 67       		ld	a, 67h
1352+  88E5 80          		add	a, b			; calc. register
1353+  88E6 D3 7E       		out	(MOON_WREG), a
1354+  88E8 FD 36 02 00 		ld	(iy + 2), 0
1355+  88EC             loc_0_496F: 
1356+  88EC C5          		push	bc
1357+  88ED C1          		pop	bc
1358+  88EE DB 7F       		in	a, (MOON_WDAT)
1359+  88F0 F6 40       		or	40h			; pb/mod off
1360+  88F2             loc_0_4975: 
1361+  88F2 C5          		push	bc
1362+  88F3 C1          		pop	bc
1363+  88F4 D3 7F       		out	(MOON_WDAT), a
1364+  88F6 C9          		ret	
1365+  88F7             ;-------------------------------------------------------------------
1366+  88F7             ; îïèñàíèå: pitch bending/modulation
1367+  88F7             ; ïàðàìåòðû: íåò
1368+  88F7             ; âîçâðàùàåìîå  çíà÷åíèå: íåò
1369+  88F7             ;---------------------------------------------------------------------
1370+  88F7             MBPlayer_play_pitch: 
1371+  88F7 FD 21 F1 8A 		ld	iy, MBPlayer_play_table_wav
1372+  88FB 11 14 00    		ld	de,PTW_SIZE
1373+  88FE 21 0A 89    		ld	hl,MBPlayer_play_pitchwvl2
1374+  8901 06 18       		ld	b,WAVCHNS		; wave channels
1375+  8903             MBPlayer_play_pitchwlus: 
1376+  8903 FD 7E 02    		ld	a, (iy + 2)
1377+  8906 B7          		or	a
1378+  8907 C2 0F 89    		jp	nz, MBPlayer_play_pitch_wdo
1379+  890A             MBPlayer_play_pitchwvl2: 
1380+  890A FD 19       		add	iy, de
1381+  890C 10 F5       		djnz	MBPlayer_play_pitchwlus
1382+  890E C9          		ret	
1383+  890F             ;-------------------------------------------------------------------
1384+  890F             ; îïèñàíèå: pitch bending
1385+  890F             ; ïàðàìåòðû: íåò
1386+  890F             ; âîçâðàùàåìîå  çíà÷åíèå: íåò
1387+  890F             ;---------------------------------------------------------------------
1388+  890F             MBPlayer_play_pitch_wdo: 
1389+  890F D9          		exx	
1390+  8910             
1391+  8910 4F          		ld	c, a
1392+  8911             
1393+  8911 FD 6E 03    		ld	l, (iy + 3)		; pitch bend speed
1394+  8914 FD 66 04    		ld	h, (iy + 4)
1395+  8917 0D          		dec	c
1396+  8918 C2 56 89    		jp	nz, MBPlayer_play_mod_wdo ; modulation
1397+  891B EB          		ex	de, hl
1398+  891C             loc_0_499F: 
1399+  891C FD 66 13    		ld	h, (iy + 13h)
1400+  891F FD 6E 12    		ld	l, (iy + 12h)
1401+  8922 19          		add	hl, de			; sliding
1402+  8923 CB 5C       		bit	3, h
1403+  8925 28 0D       		jr	z, loc_0_49B7
1404+  8927 CB 7A       		bit	7, d
1405+  8929 20 07       		jr	nz, loc_0_49B5
1406+  892B 7C          		ld	a, h
1407+  892C C6 08       		add	a, 8
1408+  892E 67          		ld	h, a
1409+  892F C3 34 89    		jp	loc_0_49B7
1410+  8932             loc_0_49B5: 
1411+  8932 CB 9C       		res	3, h
1412+  8934             loc_0_49B7: 
1413+  8934 FD 75 12    		ld	(iy + 12h), l		; freq fine
1414+  8937 FD 74 13    		ld	(iy + 13h), h
1415+  893A FD 7E 01    		ld	a, (iy + 1)
1416+  893D 4F          		ld	c, a
1417+  893E D3 7E       		out	(MOON_WREG), a
1418+  8940 7D          		ld	a, l
1419+  8941 FD B6 06    		or	(iy + 6)
1420+  8944             loc_0_49C7: 
1421+  8944 C5          		push	bc
1422+  8945 C1          		pop	bc
1423+  8946 D3 7F       		out	(MOON_WDAT), a		; freq + tone
1424+  8948             
1425+  8948 79          		ld	a, c
1426+  8949 C6 18       		add	a, 24
1427+  894B             loc_0_49CE: 
1428+  894B C5          		push	bc
1429+  894C C1          		pop	bc
1430+  894D D3 7E       		out	(MOON_WREG), a
1431+  894F 7C          		ld	a, h
1432+  8950             loc_0_49D3: 
1433+  8950 C5          		push	bc
1434+  8951 C1          		pop	bc
1435+  8952 D3 7F       		out	(MOON_WDAT), a 		; freq
1436+  8954 D9          		exx	
1437+  8955 E9          		jp	(hl)
1438+  8956             ;-------------------------------------------------------------------
1439+  8956             ; îïèñàíèå: Ìîäóëÿöèÿ
1440+  8956             ; ïàðàìåòðû: íåò
1441+  8956             ; âîçâðàùàåìîå  çíà÷åíèå: íåò
1442+  8956             ;---------------------------------------------------------------------
1443+  8956             MBPlayer_play_mod_wdo: 
1444+  8956 16 00       		ld	d, 0
1445+  8958 5E          		ld	e, (hl)
1446+  8959 CB 23       		sla	e
1447+  895B CB 23       		sla	e
1448+  895D 30 01       		jr	nc, loc_0_49E3
1449+  895F 15          		dec	d
1450+  8960             loc_0_49E3: 
1451+  8960 23          		inc	hl
1452+  8961 7E          		ld	a, (hl)
1453+  8962 FE 0A       		cp	10
1454+  8964 C2 74 89    		jp	nz, loc_0_49F7
1455+  8967 79          		ld	a, c
1456+  8968             
1457+  8968 21 33 8A    		ld	hl, MBPlayer_xmodtab - 16
1458+  896B 87          		add	a, a
1459+  896C 87          		add	a, a
1460+  896D 87          		add	a, a
1461+  896E 87          		add	a, a
1462+  896F 85          		add	a, l
1463+  8970 30 01       		jr	nc, loc_0_49F6
1464+  8972 24          		inc	h
1465+  8973             loc_0_49F6: 
1466+  8973 6F          		ld	l, a
1467+  8974             loc_0_49F7: 
1468+  8974 FD 75 03    		ld	(iy + 3), l
1469+  8977 FD 74 04    		ld	(iy + 4), h
1470+  897A C3 1C 89    		jp	loc_0_499F
1471+  897D             ;-------------------------------------------------------------------
1472+  897D             ; îïèñàíèå: Çàòóõàíèå ìåëîäèè
1473+  897D             ; ïàðàìåòðû: íåò
1474+  897D             ; âîçâðàùàåìîå  çíà÷åíèå: íåò
1475+  897D             ;---------------------------------------------------------------------
1476+  897D             MBPlayer_play_fade: 	
1477+  897D 3A 07 8A    		ld	a,(MBPlayer_play_fadespd)	; speed
1478+  8980 21 06 8A    		ld	hl,MBPlayer_play_fadecnt
1479+  8983 34          		inc	(hl)
1480+  8984 BE          		cp	(hl)
1481+  8985 C0          		ret	nz
1482+  8986 36 00       		ld	(hl), 0
1483+  8988             
1484+  8988 06 18       		ld	b,WAVCHNS
1485+  898A FD 21 F1 8A 		ld	iy,MBPlayer_play_table_wav
1486+  898E 11 14 00    		ld	de,PTW_SIZE
1487+  8991             loc_0_4A14: 
1488+  8991 FD 7E 0F    		ld	a, (iy + 0Fh)		
1489+  8994 C6 08       		add	a, 8                    ; -4, but bit 0 is not for volume
1490+  8996 30 02       		jr	nc, loc_0_4A1D
1491+  8998 3E FF       		ld	a, 255
1492+  899A             loc_0_4A1D: 
1493+  899A FD 77 0F    		ld	(iy + 0Fh), a
1494+  899D 3E 4F       		ld	a, 4Fh
1495+  899F 80          		add	a, b
1496+  89A0 D3 7E       		out	(MOON_WREG), a
1497+  89A2 FD 7E 0F    		ld	a, (iy + 0Fh)		; level direct
1498+  89A5             loc_0_4A28: 
1499+  89A5 C5          		push	bc
1500+  89A6 C1          		pop	bc
1501+  89A7 D3 7F       		out	(MOON_WDAT), a
1502+  89A9 FD 19       		add	iy, de
1503+  89AB 10 E4       		djnz	loc_0_4A14
1504+  89AD             
1505+  89AD 21 08 8A    		ld	hl, MBPlayer_play_fadetcnt 	; total counter
1506+  89B0 34          		inc	(hl)
1507+  89B1 7E          		ld	a, (hl)
1508+  89B2 FE 21       		cp	33			; will always be faded out in 33 steps
1509+  89B4 C0          		ret	nz
1510+  89B5 AF          		xor	a
1511+  89B6 32 05 8A    		ld	(MBPlayer_play_fading), a
1512+  89B9 C3 32 83    		jp	MBPlayer_stop_music
1513+  89BC             
1514+  89BC             sub_0_4A3F: 
1515+  89BC 08          		ex	af, af'
1516+  89BD 79          		ld	a, c
1517+  89BE             loc_0_4A41: 
1518+  89BE C5          		push	bc
1519+  89BF C1          		pop	bc
1520+  89C0 D3 C6       		out	(MOON_REG2),a
1521+  89C2 08          		ex	af, af'
1522+  89C3             loc_0_4A46: 
1523+  89C3 C5          		push	bc
1524+  89C4 C1          		pop	bc
1525+  89C5 D3 C7       		out	(MOON_DAT2),a
1526+  89C7 C9          		ret	
1527+  89C8             ;-------------------------------------------------------------------
1528+  89C8             ; îïèñàíèå: Âûâîä äàííûõ â ðåãèñòðû Wave ÷àñòè
1529+  89C8             ; ïàðàìåòðû: C - íîìåð ðåãèñòðà
1530+  89C8             ;	     A - âûâîäèìûé áàéò
1531+  89C8             ; âîçâðàùàåìîå  çíà÷åíèå: íåò
1532+  89C8             ;---------------------------------------------------------------------
1533+  89C8             MBPlayer_out_wave: 	
1534+  89C8 08          		ex	af, af'
1535+  89C9 79          		ld	a, c
1536+  89CA             loc_0_4A4D: 
1537+  89CA C5          		push	bc
1538+  89CB C1          		pop	bc
1539+  89CC D3 7E       		out	(MOON_WREG), a
1540+  89CE 08          		ex	af, af'
1541+  89CF             loc_0_4A52: 
1542+  89CF C5          		push	bc
1543+  89D0 C1          		pop	bc
1544+  89D1 D3 7F       		out	(MOON_WDAT), a
1545+  89D3 C9          		ret	
1546+  89D4             ;-------------------------------------------------------------------
1547+  89D4             ; îïèñàíèå: ×òåíèå äàííûõ èç ðåãèñòðà Wave ÷àñòè
1548+  89D4             ; ïàðàìåòðû: C - íîìåð ðåãèñòðà
1549+  89D4             ; âîçâðàùàåìîå  çíà÷åíèå: A - áàéò äàííûõ
1550+  89D4             ;---------------------------------------------------------------------
1551+  89D4             MBPlayer_in_wave: 	
1552+  89D4 C5          		push	bc
1553+  89D5 C1          		pop	bc
1554+  89D6 79          		ld	a, c
1555+  89D7 D3 7E       		out	(MOON_WREG), a
1556+  89D9 00          		nop	
1557+  89DA             loc_0_4A5D: 
1558+  89DA C5          		push	bc
1559+  89DB C1          		pop	bc
1560+  89DC DB 7F       		in	a, (MOON_WDAT)
1561+  89DE C9          		ret	
1562+  89DF             
1563+  89DF             MBPlayer_play_busy: 
1564+  89DF 00          		db	0
1565+  89E0             MBPlayer_play_pos: 	
1566+  89E0 00          		db 	0
1567+  89E1             MBPlayer_play_step: 	
1568+  89E1 00          		db 	0
1569+  89E2             MBPlayer_save_curbank: 	
1570+  89E2 00          		db	0
1571+  89E3             MBPlayer_songdata_bank1: 	
1572+  89E3 00          		db 	0
1573+  89E4             MBPlayer_songdata_addres: 	
1574+  89E4 00 00       		dw 	0
1575+  89E6             MBPlayer_songdata_bank: 	
1576+  89E6 00          		db 	0
1577+  89E7             
1578+  89E7             MBPlayer_step_buffer: 	
1579+  89E7 00          		db    	0
1580+  89E8 00          		db    	0
1581+  89E9 00          		db    	0 ;  
1582+  89EA 00          		db    	0 ;  
1583+  89EB 00          		db    	0 ;  
1584+  89EC 00          		db    	0 ;  
1585+  89ED 00          		db    	0 ;  
1586+  89EE 00          		db    	0 ;  
1587+  89EF             unk_0_4B90: 	
1588+  89EF 00          		db    	0
1589+  89F0 00          		db    	0 ;  
1590+  89F1 00          		db    	0 ;  
1591+  89F2 00          		db    	0 ;  
1592+  89F3 00          		db    	0 ;  
1593+  89F4 00          		db    	0 ;  
1594+  89F5 00          		db    	0 ;  
1595+  89F6 00          		db    	0 ;  
1596+  89F7             unk_0_4B98: 	
1597+  89F7 00          		db    	0
1598+  89F8 00          		db    	0 ;  
1599+  89F9 00          		db    	0 ;  
1600+  89FA 00          		db    	0 ;  
1601+  89FB 00          		db    	0 ;  
1602+  89FC 00          		db    	0 ;  
1603+  89FD 00          		db    	0 ;  
1604+  89FE 00          		db    	0 ;  
1605+  89FF 00          		db    	0 ;  
1606+  8A00             MBPlayer_play_speed: 	
1607+  8A00 00          		db 	0
1608+  8A01             MBPlayer_play_tspval: 	
1609+  8A01 00          		db 	0
1610+  8A02             MBPlayer_play_timercnt: 	
1611+  8A02 00          		db 	0
1612+  8A03             MBPlayer_play_intcnt: 
1613+  8A03 00          		db 	0
1614+  8A04             MBPlayer_current_pat: 	
1615+  8A04 00          		db 	0
1616+  8A05             MBPlayer_play_fading: 	
1617+  8A05 00          		db 	0
1618+  8A06             MBPlayer_play_fadecnt: 	
1619+  8A06 00          		db 	0
1620+  8A07             MBPlayer_play_fadespd: 	
1621+  8A07 00          		db 	0
1622+  8A08             MBPlayer_play_fadetcnt: 	
1623+  8A08 00          		db 	0
1624+  8A09             MBPlayer_sample_address: 	
1625+  8A09 00          		db    	0
1626+  8A0A 00          		db    	0 ;  
1627+  8A0B 00          		db    	0 ;  
1628+  8A0C 00          		db    	0 ;  
1629+  8A0D             MBPlayer_samplesize: 	
1630+  8A0D 00 00       		dw 	0
1631+  8A0F             ;-------------------------------------------------------------------
1632+  8A0F             ; îïèñàíèå: Èíôîðìàöèÿ î òðåêå = 220 áàéò
1633+  8A0F             ; ïàðàìåòðû: íåò
1634+  8A0F             ; âîçâðàùàåìîå  çíà÷åíèå: íåò
1635+  8A0F             ;---------------------------------------------------------------------
1636+  8A0F             MBPlayer_xleng: 	
1637+  8A0F 00          		ds	1		; Song length
1638+  8A10             MBPlayer_xloop: 		
1639+  8A10 00          		ds	1		; Loop position
1640+  8A11             MBPlayer_xwvstpr: 	
1641+  8A11 00          		ds	24		; Stereo settings Wave
1642+  8A29             MBPlayer_xtempo: 		
1643+  8A29 00          		ds	1		; Tempo
1644+  8A2A             MBPlayer_xhzequal: 	
1645+  8A2A 00          		ds	1		; Base frequency
1646+  8A2B             MBPlayer_xdetune: 		
1647+  8A2B 00          		ds	24		; Detune settings
1648+  8A43             MBPlayer_xmodtab: 		
1649+  8A43 00          		ds	3*16		; Modulation tables
1650+  8A73             MBPlayer_xbegwav: 		
1651+  8A73 00          		ds	24		; Start waves
1652+  8A8B             MBPlayer_xwavnrs: 	
1653+  8A8B 00          		ds	48		; Wave numbers
1654+  8ABB             MBPlayer_xwavvols: 	                	
1655+  8ABB 00          		ds	48		; Wave volumes
1656+  8AEB             
1657+  8AEB             
1658+  8AEB             MBPlayer_pat_address: 	
1659+  8AEB 00 00       		dw 	0
1660+  8AED             MBPlayer_pos_address: 	
1661+  8AED 00 00       		dw 	0
1662+  8AEF             MBPlayer_songdata_ptr: 	
1663+  8AEF 00 00       		dw 	0
1664+  8AF1             
1665+  8AF1             ;--- smart table: --
1666+  8AF1             
1667+  8AF1             ;    - last note played                 01: + 0
1668+  8AF1             ;    - frequency register               01: + 1
1669+  8AF1             ;    - pitch bending on/off             01: + 2
1670+  8AF1             ;    - pitch bend speed                 02: + 3
1671+  8AF1             ;    - detune value                     01: + 5
1672+  8AF1             ;    - tone nr for next interrupt       02: + 6
1673+  8AF1             ;    - freq for next interrupt          02: + 8
1674+  8AF1             ;    - current patch                    01  + 10
1675+  8AF1             ;    - current stereo setting           01  + 11
1676+  8AF1             ;    - pseudo reverb                    01  + 12
1677+  8AF1             ;    - Pointer to header bytes          02  + 13
1678+  8AF1             ;    - Volume                           01  + 15
1679+  8AF1             ;    - Pointer to used freq table       01  + 16
1680+  8AF1             ;    - Current pitch freq.              02  + 18
1681+  8AF1             ;                               --
1682+  8AF1             ;    Total:                             20
1683+  8AF1             
1684+  8AF1             MBPlayer_play_table_wav: 
1685+  8AF1             		db	0,037h,0,0,0,0,0,0,0,0,0,0,0,0,0,0,0,0,0,0	; ch1
1685+  8AF1 0037000000000000000000000000000000000000
1686+  8B05             		db	0,036h,0,0,0,0,0,0,0,0,0,0,0,0,0,0,0,0,0,0	; ch2
1686+  8B05 0036000000000000000000000000000000000000
1687+  8B19             		db	0,035h,0,0,0,0,0,0,0,0,0,0,0,0,0,0,0,0,0,0	; ch3
1687+  8B19 0035000000000000000000000000000000000000
1688+  8B2D             		db	0,034h,0,0,0,0,0,0,0,0,0,0,0,0,0,0,0,0,0,0	; ch4
1688+  8B2D 0034000000000000000000000000000000000000
1689+  8B41             		db	0,033h,0,0,0,0,0,0,0,0,0,0,0,0,0,0,0,0,0,0	; ch5
1689+  8B41 0033000000000000000000000000000000000000
1690+  8B55             		db	0,032h,0,0,0,0,0,0,0,0,0,0,0,0,0,0,0,0,0,0	; ch6
1690+  8B55 0032000000000000000000000000000000000000
1691+  8B69             		db	0,031h,0,0,0,0,0,0,0,0,0,0,0,0,0,0,0,0,0,0	; ch7
1691+  8B69 0031000000000000000000000000000000000000
1692+  8B7D             		db	0,030h,0,0,0,0,0,0,0,0,0,0,0,0,0,0,0,0,0,0	; ch8
1692+  8B7D 0030000000000000000000000000000000000000
1693+  8B91             unk_0_4D90: 	
1694+  8B91             		db	0,02fh,0,0,0,0,0,0,0,0,0,0,0,0,0,0,0,0,0,0	; ch9
1694+  8B91 002F000000000000000000000000000000000000
1695+  8BA5             		db	0,02eh,0,0,0,0,0,0,0,0,0,0,0,0,0,0,0,0,0,0	; ch10
1695+  8BA5 002E000000000000000000000000000000000000
1696+  8BB9             		db	0,02dh,0,0,0,0,0,0,0,0,0,0,0,0,0,0,0,0,0,0	; ch11
1696+  8BB9 002D000000000000000000000000000000000000
1697+  8BCD             		db	0,02ch,0,0,0,0,0,0,0,0,0,0,0,0,0,0,0,0,0,0	; ch12
1697+  8BCD 002C000000000000000000000000000000000000
1698+  8BE1             		db	0,02bh,0,0,0,0,0,0,0,0,0,0,0,0,0,0,0,0,0,0	; ch13
1698+  8BE1 002B000000000000000000000000000000000000
1699+  8BF5             		db	0,02ah,0,0,0,0,0,0,0,0,0,0,0,0,0,0,0,0,0,0	; ch14
1699+  8BF5 002A000000000000000000000000000000000000
1700+  8C09             		db	0,029h,0,0,0,0,0,0,0,0,0,0,0,0,0,0,0,0,0,0	; ch15
1700+  8C09 0029000000000000000000000000000000000000
1701+  8C1D             		db	0,028h,0,0,0,0,0,0,0,0,0,0,0,0,0,0,0,0,0,0	; ch16
1701+  8C1D 0028000000000000000000000000000000000000
1702+  8C31             unk_0_4E30: 	
1703+  8C31             		db	0,027h,0,0,0,0,0,0,0,0,0,0,0,0,0,0,0,0,0,0	; ch17
1703+  8C31 0027000000000000000000000000000000000000
1704+  8C45             		db	0,026h,0,0,0,0,0,0,0,0,0,0,0,0,0,0,0,0,0,0	; ch18
1704+  8C45 0026000000000000000000000000000000000000
1705+  8C59             		db	0,025h,0,0,0,0,0,0,0,0,0,0,0,0,0,0,0,0,0,0	; ch19
1705+  8C59 0025000000000000000000000000000000000000
1706+  8C6D             		db	0,024h,0,0,0,0,0,0,0,0,0,0,0,0,0,0,0,0,0,0	; ch20
1706+  8C6D 0024000000000000000000000000000000000000
1707+  8C81             		db	0,023h,0,0,0,0,0,0,0,0,0,0,0,0,0,0,0,0,0,0	; ch21
1707+  8C81 0023000000000000000000000000000000000000
1708+  8C95             		db	0,022h,0,0,0,0,0,0,0,0,0,0,0,0,0,0,0,0,0,0	; ch22
1708+  8C95 0022000000000000000000000000000000000000
1709+  8CA9             		db	0,021h,0,0,0,0,0,0,0,0,0,0,0,0,0,0,0,0,0,0	; ch23
1709+  8CA9 0021000000000000000000000000000000000000
1710+  8CBD             		db	0,020h,0,0,0,0,0,0,0,0,0,0,0,0,0,0,0,0,0,0	; ch24
1710+  8CBD 0020000000000000000000000000000000000000
1711+  8CD1             
1712+  8CD1             		.include	"freq_table_0.inc"
0001++ 8CD1             ;-------------------------------------------------------------------
0002++ 8CD1             ; îïèñàíèå:  Òàáëèöà äåëèòåëåé
0003++ 8CD1             ;---------------------------------------------------------------------
0004++ 8CD1             MBPlayer_tabdiv12: 
0005++ 8CD1             		db	-5*16,0,-5*16,2*1,-5*16,2*2,-5*16,2*3,-5*16,2*4,-5*16,2*5
0005++ 8CD1 B000B002B004B006B008B00A
0006++ 8CDD             		db	-5*16,2*6,-5*16,2*7,-5*16,2*8,-5*16,2*9,-5*16,2*10,-5*16,2*11
0006++ 8CDD B00CB00EB010B012B014B016
0007++ 8CE9             		db	-4*16,0,-4*16,2*1,-4*16,2*2,-4*16,2*3,-4*16,2*4,-4*16,2*5
0007++ 8CE9 C000C002C004C006C008C00A
0008++ 8CF5             		db	-4*16,2*6,-4*16,2*7,-4*16,2*8,-4*16,2*9,-4*16,2*10,-4*16,2*11
0008++ 8CF5 C00CC00EC010C012C014C016
0009++ 8D01             		db	-3*16,0,-3*16,2*1,-3*16,2*2,-3*16,2*3,-3*16,2*4,-3*16,2*5
0009++ 8D01 D000D002D004D006D008D00A
0010++ 8D0D             		db	-3*16,2*6,-3*16,2*7,-3*16,2*8,-3*16,2*9,-3*16,2*10,-3*16,2*11
0010++ 8D0D D00CD00ED010D012D014D016
0011++ 8D19             		db	-2*16,0,-2*16,2*1,-2*16,2*2,-2*16,2*3,-2*16,2*4,-2*16,2*5
0011++ 8D19 E000E002E004E006E008E00A
0012++ 8D25             		db	-2*16,2*6,-2*16,2*7,-2*16,2*8,-2*16,2*9,-2*16,2*10,-2*16,2*11
0012++ 8D25 E00CE00EE010E012E014E016
0013++ 8D31             		db	-1*16,0,-1*16,2*1,-1*16,2*2,-1*16,2*3,-1*16,2*4,-1*16,2*5
0013++ 8D31 F000F002F004F006F008F00A
0014++ 8D3D             		db	-1*16,2*6,-1*16,2*7,-1*16,2*8,-1*16,2*9,-1*16,2*10,-1*16,2*11
0014++ 8D3D F00CF00EF010F012F014F016
0015++ 8D49             		db	0*16,0,0*16,2*1,0*16,2*2,0*16,2*3,0*16,2*4,0*16,2*5
0015++ 8D49 00000002000400060008000A
0016++ 8D55             		db	0*16,2*6,0*16,2*7,0*16,2*8,0*16,2*9,0*16,2*10,0*16,2*11
0016++ 8D55 000C000E0010001200140016
0017++ 8D61             		db	1*16,0,1*16,2*1,1*16,2*2,1*16,2*3,1*16,2*4,1*16,2*5
0017++ 8D61 10001002100410061008100A
0018++ 8D6D             		db	1*16,2*6,1*16,2*7,1*16,2*8,1*16,2*9,1*16,2*10,1*16,2*11
0018++ 8D6D 100C100E1010101210141016
0019++ 8D79             		db	2*16,0,2*16,2*1,2*16,2*2,2*16,2*3,2*16,2*4,2*16,2*5
0019++ 8D79 20002002200420062008200A
0020++ 8D85             		db	2*16,2*6,2*16,2*7,2*16,2*8,2*16,2*9,2*16,2*10,2*16,2*11
0020++ 8D85 200C200E2010201220142016
0021++ 8D91             		db	3*16,0,3*16,2*1,3*16,2*2,3*16,2*3,3*16,2*4,3*16,2*5
0021++ 8D91 30003002300430063008300A
0022++ 8D9D             		db	3*16,2*6,3*16,2*7,3*16,2*8,3*16,2*9,3*16,2*10,3*16,2*11
0022++ 8D9D 300C300E3010301230143016
0023++ 8DA9             		db	4*16,0,4*16,2*1,4*16,2*2,4*16,2*3,4*16,2*4,4*16,2*5
0023++ 8DA9 40004002400440064008400A
0024++ 8DB5             		db	4*16,2*6,4*16,2*7,4*16,2*8,4*16,2*9,4*16,2*10,4*16,2*11
0024++ 8DB5 400C400E4010401240144016
0025++ 8DC1             		db	5*16,0,5*16,2*1,5*16,2*2,5*16,2*3,5*16,2*4,5*16,2*5
0025++ 8DC1 50005002500450065008500A
0026++ 8DCD             		db	5*16,2*6,5*16,2*7,5*16,2*8,5*16,2*9,5*16,2*10,5*16,2*11
0026++ 8DCD 500C500E5010501250145016
0027++ 8DD9             		db	6*16,0,6*16,2*1,6*16,2*2,6*16,2*3,6*16,2*4,6*16,2*5
0027++ 8DD9 60006002600460066008600A
0028++ 8DE5             		db	6*16,2*6,6*16,2*7,6*16,2*8,6*16,2*9,6*16,2*10,6*16,2*11
0028++ 8DE5 600C600E6010601260146016
0029++ 8DF1             		db	7*16,0,7*16,2*1,7*16,2*2,7*16,2*3,7*16,2*4,7*16,2*5
0029++ 8DF1 70007002700470067008700A
0030++ 8DFD             		db	7*16,2*6,7*16,2*7,7*16,2*8,7*16,2*9,7*16,2*10,7*16,2*11
0030++ 8DFD 700C700E7010701270147016
0031++ 8E09             		db	8*16,0,8*16,2*1,8*16,2*2,8*16,2*3,8*16,2*4,8*16,2*5
0031++ 8E09 80008002800480068008800A
0032++ 8E15             		db	8*16,2*6,8*16,2*7,8*16,2*8,8*16,2*9,8*16,2*10,8*16,2*11
0032++ 8E15 800C800E8010801280148016
0033++ 8E21             		db	9*16,0,9*16,2*1,9*16,2*2,9*16,2*3,9*16,2*4,9*16,2*5
0033++ 8E21 90009002900490069008900A
0034++ 8E2D             		db	9*16,2*6,9*16,2*7,9*16,2*8,9*16,2*9,9*16,2*10,9*16,2*11
0034++ 8E2D 900C900E9010901290149016
0035++ 8E39             		db	10*16,0,10*16,2*1,10*16,2*2,10*16,2*3,10*16,2*4,10*16,2*5
0035++ 8E39 A000A002A004A006A008A00A
0036++ 8E45             		db	10*16,2*6,10*16,2*7,10*16,2*8,10*16,2*9,10*16,2*10,10*16,2*11
0036++ 8E45 A00CA00EA010A012A014A016
0037++ 8E51             
0038++ 8E51             
1713+  8E51             		.include	"freq_table_1.inc"
0001++ 8E51             ;-------------------------------------------------------------------
0002++ 8E51             ; îïèñàíèå:  Òàáëèöà ÷àñòîò äëÿ 44.1 kHz
0003++ 8E51             ;---------------------------------------------------------------------
0004++ 8E51             MBPlayer_frqtab_441khz: 	
0005++ 8E51 00 C0       		dw	(-4 * 2048 + 0) * 2
0006++ 8E53 7A C0       		dw	(-4 * 2048 + 61) * 2
0007++ 8E55 FA C0       		dw	(-4 * 2048 + 125) * 2
0008++ 8E57 84 C1       		dw	(-4 * 2048 + 194) * 2
0009++ 8E59 14 C2       		dw	(-4 * 2048 + 266) * 2
0010++ 8E5B AE C2       		dw	(-4 * 2048 + 343) * 2
0011++ 8E5D 50 C3       		dw	(-4 * 2048 + 424) * 2
0012++ 8E5F FC C3       		dw	(-4 * 2048 + 510) * 2
0013++ 8E61 B2 C4       		dw	(-4 * 2048 + 601) * 2
0014++ 8E63 74 C5       		dw	(-4 * 2048 + 698) * 2
0015++ 8E65 42 C6       		dw	(-4 * 2048 + 801) * 2
0016++ 8E67 1A C7       		dw	(-4 * 2048 + 909) * 2
0017++ 8E69 00 D0       		dw	(-3 * 2048 + 0) * 2
0018++ 8E6B 7A D0       		dw	(-3 * 2048 + 61) * 2
0019++ 8E6D FA D0       		dw	(-3 * 2048 + 125) * 2
0020++ 8E6F 84 D1       		dw	(-3 * 2048 + 194) * 2
0021++ 8E71 14 D2       		dw	(-3 * 2048 + 266) * 2
0022++ 8E73 AE D2       		dw	(-3 * 2048 + 343) * 2
0023++ 8E75 50 D3       		dw	(-3 * 2048 + 424) * 2
0024++ 8E77 FC D3       		dw	(-3 * 2048 + 510) * 2
0025++ 8E79 B2 D4       		dw	(-3 * 2048 + 601) * 2
0026++ 8E7B 74 D5       		dw	(-3 * 2048 + 698) * 2
0027++ 8E7D 42 D6       		dw	(-3 * 2048 + 801) * 2
0028++ 8E7F 1A D7       		dw	(-3 * 2048 + 909) * 2
0029++ 8E81 00 E0       		dw	(-2 * 2048 + 0) * 2
0030++ 8E83 7A E0       		dw	(-2 * 2048 + 61) * 2
0031++ 8E85 FA E0       		dw	(-2 * 2048 + 125) * 2
0032++ 8E87 84 E1       		dw	(-2 * 2048 + 194) * 2
0033++ 8E89 14 E2       		dw	(-2 * 2048 + 266) * 2
0034++ 8E8B AE E2       		dw	(-2 * 2048 + 343) * 2
0035++ 8E8D 50 E3       		dw	(-2 * 2048 + 424) * 2
0036++ 8E8F FC E3       		dw	(-2 * 2048 + 510) * 2
0037++ 8E91 B2 E4       		dw	(-2 * 2048 + 601) * 2
0038++ 8E93 74 E5       		dw	(-2 * 2048 + 698) * 2
0039++ 8E95 42 E6       		dw	(-2 * 2048 + 801) * 2
0040++ 8E97 1A E7       		dw	(-2 * 2048 + 909) * 2
0041++ 8E99 00 F0       		dw	(-1 * 2048 + 0) * 2
0042++ 8E9B 7A F0       		dw	(-1 * 2048 + 61) * 2
0043++ 8E9D FA F0       		dw	(-1 * 2048 + 125) * 2
0044++ 8E9F 84 F1       		dw	(-1 * 2048 + 194) * 2
0045++ 8EA1 14 F2       		dw	(-1 * 2048 + 266) * 2
0046++ 8EA3 AE F2       		dw	(-1 * 2048 + 343) * 2
0047++ 8EA5 50 F3       		dw	(-1 * 2048 + 424) * 2
0048++ 8EA7 FC F3       		dw	(-1 * 2048 + 510) * 2
0049++ 8EA9 B2 F4       		dw	(-1 * 2048 + 601) * 2
0050++ 8EAB 74 F5       		dw	(-1 * 2048 + 698) * 2
0051++ 8EAD 42 F6       		dw	(-1 * 2048 + 801) * 2
0052++ 8EAF 1A F7       		dw	(-1 * 2048 + 909) * 2
0053++ 8EB1 00 00       		dw	(-0 * 2048 + 0) * 2
0054++ 8EB3 7A 00       		dw	(-0 * 2048 + 61) * 2
0055++ 8EB5 FA 00       		dw	(-0 * 2048 + 125) * 2
0056++ 8EB7 84 01       		dw	(-0 * 2048 + 194) * 2
0057++ 8EB9 14 02       		dw	(-0 * 2048 + 266) * 2
0058++ 8EBB AE 02       		dw	(-0 * 2048 + 343) * 2
0059++ 8EBD 50 03       		dw	(-0 * 2048 + 424) * 2
0060++ 8EBF FC 03       		dw	(-0 * 2048 + 510) * 2
0061++ 8EC1 B2 04       		dw	(-0 * 2048 + 601) * 2
0062++ 8EC3 74 05       		dw	(-0 * 2048 + 698) * 2
0063++ 8EC5 42 06       		dw	(-0 * 2048 + 801) * 2
0064++ 8EC7 1A 07       		dw	(-0 * 2048 + 909) * 2
0065++ 8EC9 00 10       		dw	(+1 * 2048 + 0) * 2
0066++ 8ECB 7A 10       		dw	(+1 * 2048 + 61) * 2
0067++ 8ECD FA 10       		dw	(+1 * 2048 + 125) * 2
0068++ 8ECF 84 11       		dw	(+1 * 2048 + 194) * 2
0069++ 8ED1 14 12       		dw	(+1 * 2048 + 266) * 2
0070++ 8ED3 AE 12       		dw	(+1 * 2048 + 343) * 2
0071++ 8ED5 50 13       		dw	(+1 * 2048 + 424) * 2
0072++ 8ED7 FC 13       		dw	(+1 * 2048 + 510) * 2
0073++ 8ED9 B2 14       		dw	(+1 * 2048 + 601) * 2
0074++ 8EDB 74 15       		dw	(+1 * 2048 + 698) * 2
0075++ 8EDD 42 16       		dw	(+1 * 2048 + 801) * 2
0076++ 8EDF 1A 17       		dw	(+1 * 2048 + 909) * 2
0077++ 8EE1 00 20       		dw	(+2 * 2048 + 0) * 2
0078++ 8EE3 7A 20       		dw	(+2 * 2048 + 61) * 2
0079++ 8EE5 FA 20       		dw	(+2 * 2048 + 125) * 2
0080++ 8EE7 84 21       		dw	(+2 * 2048 + 194) * 2
0081++ 8EE9 14 22       		dw	(+2 * 2048 + 266) * 2
0082++ 8EEB AE 22       		dw	(+2 * 2048 + 343) * 2
0083++ 8EED 50 23       		dw	(+2 * 2048 + 424) * 2
0084++ 8EEF FC 23       		dw	(+2 * 2048 + 510) * 2
0085++ 8EF1 B2 24       		dw	(+2 * 2048 + 601) * 2
0086++ 8EF3 74 25       		dw	(+2 * 2048 + 698) * 2
0087++ 8EF5 42 26       		dw	(+2 * 2048 + 801) * 2
0088++ 8EF7 1A 27       		dw	(+2 * 2048 + 909) * 2
0089++ 8EF9 00 30       		dw	(+3 * 2048 + 0) * 2
0090++ 8EFB 7A 30       		dw	(+3 * 2048 + 61) * 2
0091++ 8EFD FA 30       		dw	(+3 * 2048 + 125) * 2
0092++ 8EFF 84 31       		dw	(+3 * 2048 + 194) * 2
0093++ 8F01 14 32       		dw	(+3 * 2048 + 266) * 2
0094++ 8F03 AE 32       		dw	(+3 * 2048 + 343) * 2
0095++ 8F05 50 33       		dw	(+3 * 2048 + 424) * 2
0096++ 8F07 FC 33       		dw	(+3 * 2048 + 510) * 2
0097++ 8F09 B2 34       		dw	(+3 * 2048 + 601) * 2
0098++ 8F0B 74 35       		dw	(+3 * 2048 + 698) * 2
0099++ 8F0D 42 36       		dw	(+3 * 2048 + 801) * 2
0100++ 8F0F 1A 37       		dw	(+3 * 2048 + 909) * 2
0101++ 8F11             
1714+  8F11             		.include	"freq_table_2.inc"
0001++ 8F11             ;-------------------------------------------------------------------
0002++ 8F11             ; îïèñàíèå:  Òàáëèöà ÷àñòîò äëÿ Amiga
0003++ 8F11             ;---------------------------------------------------------------------
0004++ 8F11             MBPlayer_frqtab_amiga: 	
0005++ 8F11 22 B4       		dw	(-5 * 2048 + 529) * 2
0006++ 8F13 DA B4       		dw	(-5 * 2048 + 621) * 2
0007++ 8F15 A2 B5       		dw	(-5 * 2048 + 721) * 2
0008++ 8F17 6E B6       		dw	(-5 * 2048 + 823) * 2
0009++ 8F19 52 B7       		dw	(-5 * 2048 + 937) * 2
0010++ 8F1B 1C C0       		dw	(-4 * 2048 + 14) * 2
0011++ 8F1D 98 C0       		dw	(-4 * 2048 + 76) * 2
0012++ 8F1F 1C C1       		dw	(-4 * 2048 + 142) * 2
0013++ 8F21 A6 C1       		dw	(-4 * 2048 + 211) * 2
0014++ 8F23 38 C2       		dw	(-4 * 2048 + 284) * 2
0015++ 8F25 D2 C2       		dw	(-4 * 2048 + 361) * 2
0016++ 8F27 7E C3       		dw	(-4 * 2048 + 447) * 2
0017++ 8F29             
0018++ 8F29 22 C4       		dw	(-4 * 2048 + 529) * 2
0019++ 8F2B DA C4       		dw	(-4 * 2048 + 621) * 2
0020++ 8F2D A2 C5       		dw	(-4 * 2048 + 721) * 2
0021++ 8F2F 6E C6       		dw	(-4 * 2048 + 823) * 2
0022++ 8F31 52 C7       		dw	(-4 * 2048 + 937) * 2
0023++ 8F33 1C D0       		dw	(-3 * 2048 + 14) * 2
0024++ 8F35 98 D0       		dw	(-3 * 2048 + 76) * 2
0025++ 8F37 1C D1       		dw	(-3 * 2048 + 142) * 2
0026++ 8F39 A6 D1       		dw	(-3 * 2048 + 211) * 2
0027++ 8F3B 38 D2       		dw	(-3 * 2048 + 284) * 2
0028++ 8F3D D2 D2       		dw	(-3 * 2048 + 361) * 2
0029++ 8F3F 7E D3       		dw	(-3 * 2048 + 447) * 2
0030++ 8F41             
0031++ 8F41 22 D4       		dw	(-3 * 2048 + 529) * 2
0032++ 8F43 DA D4       		dw	(-3 * 2048 + 621) * 2
0033++ 8F45 A2 D5       		dw	(-3 * 2048 + 721) * 2
0034++ 8F47 6E D6       		dw	(-3 * 2048 + 823) * 2
0035++ 8F49 52 D7       		dw	(-3 * 2048 + 937) * 2
0036++ 8F4B 1C E0       		dw	(-2 * 2048 + 14) * 2
0037++ 8F4D 98 E0       		dw	(-2 * 2048 + 76) * 2
0038++ 8F4F 1C E1       		dw	(-2 * 2048 + 142) * 2
0039++ 8F51 A6 E1       		dw	(-2 * 2048 + 211) * 2
0040++ 8F53 38 E2       		dw	(-2 * 2048 + 284) * 2
0041++ 8F55 D2 E2       		dw	(-2 * 2048 + 361) * 2
0042++ 8F57 7E E3       		dw	(-2 * 2048 + 447) * 2
0043++ 8F59             
0044++ 8F59 22 E4       		dw	(-2 * 2048 + 529) * 2
0045++ 8F5B DA E4       		dw	(-2 * 2048 + 621) * 2
0046++ 8F5D A2 E5       		dw	(-2 * 2048 + 721) * 2
0047++ 8F5F 6E E6       		dw	(-2 * 2048 + 823) * 2
0048++ 8F61 52 E7       		dw	(-2 * 2048 + 937) * 2
0049++ 8F63 1C F0       		dw	(-1 * 2048 + 14) * 2
0050++ 8F65 98 F0       		dw	(-1 * 2048 + 76) * 2
0051++ 8F67 1C F1       		dw	(-1 * 2048 + 142) * 2
0052++ 8F69 A6 F1       		dw	(-1 * 2048 + 211) * 2
0053++ 8F6B 38 F2       		dw	(-1 * 2048 + 284) * 2
0054++ 8F6D D2 F2       		dw	(-1 * 2048 + 361) * 2
0055++ 8F6F 7E F3       		dw	(-1 * 2048 + 447) * 2
0056++ 8F71             
0057++ 8F71 22 F4       		dw	(-1 * 2048 + 529) * 2
0058++ 8F73 DA F4       		dw	(-1 * 2048 + 621) * 2
0059++ 8F75 A2 F5       		dw	(-1 * 2048 + 721) * 2
0060++ 8F77 6E F6       		dw	(-1 * 2048 + 823) * 2
0061++ 8F79 52 F7       		dw	(-1 * 2048 + 937) * 2
0062++ 8F7B 1C 00       		dw	(-0 * 2048 + 14) * 2
0063++ 8F7D 98 00       		dw	(-0 * 2048 + 76) * 2
0064++ 8F7F 1C 01       		dw	(-0 * 2048 + 142) * 2
0065++ 8F81 A6 01       		dw	(-0 * 2048 + 211) * 2
0066++ 8F83 38 02       		dw	(-0 * 2048 + 284) * 2
0067++ 8F85 D2 02       		dw	(-0 * 2048 + 361) * 2
0068++ 8F87 7E 03       		dw	(-0 * 2048 + 447) * 2
0069++ 8F89             
0070++ 8F89 22 04       		dw	(-0 * 2048 + 529) * 2
0071++ 8F8B DA 04       		dw	(-0 * 2048 + 621) * 2
0072++ 8F8D A2 05       		dw	(-0 * 2048 + 721) * 2
0073++ 8F8F 6E 06       		dw	(-0 * 2048 + 823) * 2
0074++ 8F91 52 07       		dw	(-0 * 2048 + 937) * 2
0075++ 8F93 1C 10       		dw	(+1 * 2048 + 14) * 2
0076++ 8F95 98 10       		dw	(+1 * 2048 + 76) * 2
0077++ 8F97 1C 11       		dw	(+1 * 2048 + 142) * 2
0078++ 8F99 A6 11       		dw	(+1 * 2048 + 211) * 2
0079++ 8F9B 38 12       		dw	(+1 * 2048 + 284) * 2
0080++ 8F9D D2 12       		dw	(+1 * 2048 + 361) * 2
0081++ 8F9F 7E 13       		dw	(+1 * 2048 + 447) * 2
0082++ 8FA1             
0083++ 8FA1 22 14       		dw	(+1 * 2048 + 529) * 2
0084++ 8FA3 DA 14       		dw	(+1 * 2048 + 621) * 2
0085++ 8FA5 A2 15       		dw	(+1 * 2048 + 721) * 2
0086++ 8FA7 6E 16       		dw	(+1 * 2048 + 823) * 2
0087++ 8FA9 52 17       		dw	(+1 * 2048 + 937) * 2
0088++ 8FAB 1C 20       		dw	(+2 * 2048 + 14) * 2
0089++ 8FAD 98 20       		dw	(+2 * 2048 + 76) * 2
0090++ 8FAF 1C 21       		dw	(+2 * 2048 + 142) * 2
0091++ 8FB1 A6 21       		dw	(+2 * 2048 + 211) * 2
0092++ 8FB3 38 22       		dw	(+2 * 2048 + 284) * 2
0093++ 8FB5 D2 22       		dw	(+2 * 2048 + 361) * 2
0094++ 8FB7 7E 23       		dw	(+2 * 2048 + 447) * 2
0095++ 8FB9             
0096++ 8FB9 22 24       		dw	(+2 * 2048 + 529) * 2
0097++ 8FBB DA 24       		dw	(+2 * 2048 + 621) * 2
0098++ 8FBD A2 25       		dw	(+2 * 2048 + 721) * 2
0099++ 8FBF 6E 26       		dw	(+2 * 2048 + 823) * 2
0100++ 8FC1 52 27       		dw	(+2 * 2048 + 937) * 2
0101++ 8FC3 1C 30       		dw	(+3 * 2048 + 14) * 2
0102++ 8FC5 98 30       		dw	(+3 * 2048 + 76) * 2
0103++ 8FC7 1C 31       		dw	(+3 * 2048 + 142) * 2
0104++ 8FC9 A6 31       		dw	(+3 * 2048 + 211) * 2
0105++ 8FCB 38 32       		dw	(+3 * 2048 + 284) * 2
0106++ 8FCD D2 32       		dw	(+3 * 2048 + 361) * 2
0107++ 8FCF 7E 33       		dw	(+3 * 2048 + 447) * 2
0108++ 8FD1             
1715+  8FD1             		.include	"freq_table_3.inc"
0001++ 8FD1             ;-------------------------------------------------------------------
0002++ 8FD1             ; îïèñàíèå:  Òàáëèöà ÷àñòîò äëÿ Turbo-R
0003++ 8FD1             ;---------------------------------------------------------------------
0004++ 8FD1             MBPlayer_frqtab_turbo: 
0005++ 8FD1 6E B3       		dw	(-5 * 2048 + 439) * 2
0006++ 8FD3 1C B4       		dw	(-5 * 2048 + 526) * 2
0007++ 8FD5 D4 B4       		dw	(-5 * 2048 + 618) * 2
0008++ 8FD7 98 B5       		dw	(-5 * 2048 + 716) * 2
0009++ 8FD9 66 B6       		dw	(-5 * 2048 + 819) * 2
0010++ 8FDB 42 B7       		dw	(-5 * 2048 + 929) * 2
0011++ 8FDD 14 C0       		dw	(-4 * 2048 + 10) * 2
0012++ 8FDF 90 C0       		dw	(-4 * 2048 + 72) * 2
0013++ 8FE1 12 C1       		dw	(-4 * 2048 + 137) * 2
0014++ 8FE3 9C C1       		dw	(-4 * 2048 + 206) * 2
0015++ 8FE5 2E C2       		dw	(-4 * 2048 + 279) * 2
0016++ 8FE7 CA C2       		dw	(-4 * 2048 + 357) * 2
0017++ 8FE9             
0018++ 8FE9 6E C3       		dw	(-4 * 2048 + 439) * 2
0019++ 8FEB 1C C4       		dw	(-4 * 2048 + 526) * 2
0020++ 8FED D4 C4       		dw	(-4 * 2048 + 618) * 2
0021++ 8FEF 98 C5       		dw	(-4 * 2048 + 716) * 2
0022++ 8FF1 66 C6       		dw	(-4 * 2048 + 819) * 2
0023++ 8FF3 42 C7       		dw	(-4 * 2048 + 929) * 2
0024++ 8FF5 14 D0       		dw	(-3 * 2048 + 10) * 2
0025++ 8FF7 90 D0       		dw	(-3 * 2048 + 72) * 2
0026++ 8FF9 12 D1       		dw	(-3 * 2048 + 137) * 2
0027++ 8FFB 9C D1       		dw	(-3 * 2048 + 206) * 2
0028++ 8FFD 2E D2       		dw	(-3 * 2048 + 279) * 2
0029++ 8FFF CA D2       		dw	(-3 * 2048 + 357) * 2
0030++ 9001             
0031++ 9001 6E D3       		dw	(-3 * 2048 + 439) * 2
0032++ 9003 1C D4       		dw	(-3 * 2048 + 526) * 2
0033++ 9005 D4 D4       		dw	(-3 * 2048 + 618) * 2
0034++ 9007 98 D5       		dw	(-3 * 2048 + 716) * 2
0035++ 9009 66 D6       		dw	(-3 * 2048 + 819) * 2
0036++ 900B 42 D7       		dw	(-3 * 2048 + 929) * 2
0037++ 900D 14 E0       		dw	(-2 * 2048 + 10) * 2
0038++ 900F 90 E0       		dw	(-2 * 2048 + 72) * 2
0039++ 9011 12 E1       		dw	(-2 * 2048 + 137) * 2
0040++ 9013 9C E1       		dw	(-2 * 2048 + 206) * 2
0041++ 9015 2E E2       		dw	(-2 * 2048 + 279) * 2
0042++ 9017 CA E2       		dw	(-2 * 2048 + 357) * 2
0043++ 9019             
0044++ 9019 6E E3       		dw	(-2 * 2048 + 439) * 2
0045++ 901B 1C E4       		dw	(-2 * 2048 + 526) * 2
0046++ 901D D4 E4       		dw	(-2 * 2048 + 618) * 2
0047++ 901F 98 E5       		dw	(-2 * 2048 + 716) * 2
0048++ 9021 66 E6       		dw	(-2 * 2048 + 819) * 2
0049++ 9023 42 E7       		dw	(-2 * 2048 + 929) * 2
0050++ 9025 14 F0       		dw	(-1 * 2048 + 10) * 2
0051++ 9027 90 F0       		dw	(-1 * 2048 + 72) * 2
0052++ 9029 12 F1       		dw	(-1 * 2048 + 137) * 2
0053++ 902B 9C F1       		dw	(-1 * 2048 + 206) * 2
0054++ 902D 2E F2       		dw	(-1 * 2048 + 279) * 2
0055++ 902F CA F2       		dw	(-1 * 2048 + 357) * 2
0056++ 9031             
0057++ 9031 6E F3       		dw	(-1 * 2048 + 439) * 2
0058++ 9033 1C F4       		dw	(-1 * 2048 + 526) * 2
0059++ 9035 D4 F4       		dw	(-1 * 2048 + 618) * 2
0060++ 9037 98 F5       		dw	(-1 * 2048 + 716) * 2
0061++ 9039 66 F6       		dw	(-1 * 2048 + 819) * 2
0062++ 903B 42 F7       		dw	(-1 * 2048 + 929) * 2
0063++ 903D 14 00       		dw	(-0 * 2048 + 10) * 2
0064++ 903F 90 00       		dw	(-0 * 2048 + 72) * 2
0065++ 9041 12 01       		dw	(-0 * 2048 + 137) * 2
0066++ 9043 9C 01       		dw	(-0 * 2048 + 206) * 2
0067++ 9045 2E 02       		dw	(-0 * 2048 + 279) * 2
0068++ 9047 CA 02       		dw	(-0 * 2048 + 357) * 2
0069++ 9049             
0070++ 9049 6E 03       		dw	(-0 * 2048 + 439) * 2
0071++ 904B 1C 04       		dw	(-0 * 2048 + 526) * 2
0072++ 904D D4 04       		dw	(-0 * 2048 + 618) * 2
0073++ 904F 98 05       		dw	(-0 * 2048 + 716) * 2
0074++ 9051 66 06       		dw	(-0 * 2048 + 819) * 2
0075++ 9053 42 07       		dw	(-0 * 2048 + 929) * 2
0076++ 9055 14 10       		dw	(+1 * 2048 + 10) * 2
0077++ 9057 90 10       		dw	(+1 * 2048 + 72) * 2
0078++ 9059 12 11       		dw	(+1 * 2048 + 137) * 2
0079++ 905B 9C 11       		dw	(+1 * 2048 + 206) * 2
0080++ 905D 2E 12       		dw	(+1 * 2048 + 279) * 2
0081++ 905F CA 12       		dw	(+1 * 2048 + 357) * 2
0082++ 9061             
0083++ 9061 6E 13       		dw	(+1 * 2048 + 439) * 2
0084++ 9063 1C 14       		dw	(+1 * 2048 + 526) * 2
0085++ 9065 D4 14       		dw	(+1 * 2048 + 618) * 2
0086++ 9067 98 15       		dw	(+1 * 2048 + 716) * 2
0087++ 9069 66 16       		dw	(+1 * 2048 + 819) * 2
0088++ 906B 42 17       		dw	(+1 * 2048 + 929) * 2
0089++ 906D 14 20       		dw	(+2 * 2048 + 10) * 2
0090++ 906F 90 20       		dw	(+2 * 2048 + 72) * 2
0091++ 9071 12 21       		dw	(+2 * 2048 + 137) * 2
0092++ 9073 9C 21       		dw	(+2 * 2048 + 206) * 2
0093++ 9075 2E 22       		dw	(+2 * 2048 + 279) * 2
0094++ 9077 CA 22       		dw	(+2 * 2048 + 357) * 2
0095++ 9079             
0096++ 9079 6E 23       		dw	236Eh
0097++ 907B 1C 24       		dw  	241Ch ;  
0098++ 907D D4 24       		dw 	24D4h
0099++ 907F 98 25       		dw  	2598h
0100++ 9081 66 26       		dw  	2666h
0101++ 9083 42 27       		dw  	2742h
0102++ 9085 14 30       		dw  	3014h ;  
0103++ 9087 90 30       		dw  	3090h
0104++ 9089 12 31       		dw  	3112h
0105++ 908B 9C 31       		dw  	319Ch
0106++ 908D 2E 32       		dw  	322Eh ; .
0107++ 908F CA 32       		dw 	32CAh
0108++ 9091             
0109++ 9091             
1716+  9091             
1717+  9091             MBPlayer_waves: 
1718+  9091             		.incbin	"powerkit_wave.bin"
1719+  9541             MBPlayer_tones_data: 	
1720+  9541             		.incbin	"powerkit_table.bin" 
1721+  9581             
1722+  9581             MBPlayer_volume_buffer_1: 	
1723+  9581 00          		ds    24
1724+  9599             MBPlayer_volume_buffer_2: 	
1725+  9599 00          		ds    24
1726+  95B1             
1727+  95B1             		.include "patch_table.inc"
0001++ 95B1             ;-------------------------------------------------------------------
0002++ 95B1             ; îïèñàíèå:  Patch table
0003++ 95B1             ;---------------------------------------------------------------------
0004++ 95B1             MBPlayer_patch_table: 	
0005++ 95B1 11 97       		dw	patch_0
0006++ 95B3 48 97       		dw	patch_1
0007++ 95B5 7D 97 B6 97 		dw	patch_2A, patch_2B
0008++ 95B9 11 97       		dw	patch_0
0009++ 95BB C0 97       		dw	patch_3B
0010++ 95BD F5 97       		dw	patch_4
0011++ 95BF 01 98 38 98 		dw	patch_5A, patch_5B
0012++ 95C3 6D 98       		dw	patch_6
0013++ 95C5 89 98       		dw	patch_7
0014++ 95C7 9A 98       		dw	patch_8
0015++ 95C9 A6 98       		dw	patch_9
0016++ 95CB AE 98 BA 98 		dw	patch_10A, patch_10B
0017++ 95CF C6 98       		dw	patch_11
0018++ 95D1 CE 98       		dw	patch_12
0019++ 95D3 DD 98       		dw	patch_13
0020++ 95D5 E5 98       		dw	patch_14
0021++ 95D7 F1 98 FB 98 		dw	patch_15A, patch_15B
0022++ 95DB 05 99       		dw	patch_16
0023++ 95DD 0F 99       		dw	patch_17
0024++ 95DF 1E 99       		dw	patch_18
0025++ 95E1 3C 99       		dw	patch_19
0026++ 95E3 5A 99       		dw	patch_20
0027++ 95E5 6B 99 7C 99 		dw	patch_21A, patch_21B
0028++ 95E9 86 99       		dw	patch_22
0029++ 95EB 92 99 A1 99 		dw	patch_23A, patch_23B
0030++ 95EF AF 99       		dw	patch_24
0031++ 95F1 CF 99       		dw	patch_25
0032++ 95F3 EE 99       		dw	patch_26
0033++ 95F5 00 9A       		dw	patch_27
0034++ 95F7 2D 9A       		dw	patch_28
0035++ 95F9 35 9A       		dw	patch_29
0036++ 95FB 42 9A       		dw	patch_30
0037++ 95FD 74 9A       		dw	patch_31
0038++ 95FF 86 9A       		dw	patch_32
0039++ 9601 95 9A       		dw	patch_33
0040++ 9603 AC 9A       		dw	patch_34
0041++ 9605 C8 9A       		dw	patch_35
0042++ 9607 D8 9A       		dw	patch_36
0043++ 9609 E2 9A       		dw	patch_37
0044++ 960B EE 9A       		dw	patch_38
0045++ 960D F8 9A       		dw	patch_39
0046++ 960F 00 9B       		dw	patch_40
0047++ 9611 37 9B       		dw	patch_41
0048++ 9613 7A 9B       		dw	patch_42
0049++ 9615 9A 9B       		dw	patch_43
0050++ 9617 AB 9B       		dw	patch_44
0051++ 9619 CB 9B       		dw	patch_45
0052++ 961B E7 9B       		dw	patch_46
0053++ 961D F8 9B       		dw	patch_47
0054++ 961F 00 9C       		dw	patch_48
0055++ 9621 1C 9C       		dw	patch_49
0056++ 9623 3A 9C 4A 9C 		dw	patch_50A, patch_50B
0057++ 9627 58 9C 68 9C 		dw	patch_51A, patch_51B
0058++ 962B 70 9C       		dw	patch_52
0059++ 962D 89 9C       		dw	patch_53
0060++ 962F 99 9C       		dw	patch_54
0061++ 9631 A9 9C       		dw	patch_55
0062++ 9633 B3 9C       		dw	patch_56
0063++ 9635 D6 9C       		dw	patch_57
0064++ 9637 EA 9C       		dw	patch_58
0065++ 9639 F7 9C       		dw	patch_59
0066++ 963B 08 9D       		dw	patch_60
0067++ 963D 17 9D       		dw	patch_61
0068++ 963F 24 9D 65 9D 		dw	patch_62A, patch_62B
0069++ 9643 AA 9D EB 9D 		dw	patch_63A, patch_63B
0070++ 9647 F5 9D       		dw	patch_64
0071++ 9649 16 9E       		dw	patch_65
0072++ 964B 5E 9E       		dw	patch_66
0073++ 964D 84 9E       		dw	patch_67
0074++ 964F 9B 9E       		dw	patch_68
0075++ 9651 BE 9E       		dw	patch_69
0076++ 9653 D2 9E       		dw	patch_70
0077++ 9655 E4 9E       		dw	patch_71
0078++ 9657 FD 9E       		dw	patch_72
0079++ 9659 1D 9F       		dw	patch_73
0080++ 965B 2F 9F       		dw	patch_74
0081++ 965D 3B 9F       		dw	patch_75
0082++ 965F 47 9F 53 9F 		dw	patch_76A,patch_76B
0083++ 9663 5D 9F 65 9F 		dw	patch_77A,patch_77B
0084++ 9667 71 9F       		dw	patch_78
0085++ 9669 89 9F AE 9F 		dw	patch_80A, patch_80B
0086++ 966D D3 9F 1A A0 		dw	patch_81A, patch_81B
0087++ 9671 59 A0 65 A0 		dw	patch_82A, patch_82B
0088++ 9675 73 A0 7F A0 		dw	patch_83A, patch_83B
0089++ 9679 87 A0 96 A0 		dw	patch_84A, patch_84B
0090++ 967D DD A0 E7 A0 		dw	patch_85A, patch_85B
0091++ 9681 F5 A0 38 A1 		dw	patch_86A, patch_86B
0092++ 9685 48 A1 96 A0 		dw	patch_87A, patch_84B
0093++ 9689 50 A1 5A A1 		dw	patch_88A, patch_88B
0094++ 968D 6C A1 78 A1 		dw	patch_89A, patch_89B
0095++ 9691 80 A1 C9 A1 		dw	patch_90A, patch_90B
0096++ 9695 D5 A1 F0 A1 		dw	patch_91A, patch_91B
0097++ 9699 FE A1 0C A2 		dw	patch_92A, patch_92B
0098++ 969D 1A A2 37 A2 		dw	patch_93A, patch_93B
0099++ 96A1 43 A2 4B A2 		dw	patch_94A, patch_94B
0100++ 96A5 53 A2 98 A2 		dw	patch_95A, patch_95B
0101++ 96A9 7D 9F       		dw	patch_79
0102++ 96AB DD A2       		dw	patch_96
0103++ 96AD E5 A2 F1 A2 		dw	patch_97A, patch_97B
0104++ 96B1 03 A3 0D A3 		dw	patch_98A, patch_98B
0105++ 96B5 25 A3 37 A3 		dw	patch_99A, patch_99B
0106++ 96B9 59 A3 61 A3 		dw	patch_100A, patch_100B
0107++ 96BD 6D A3 7D A3 		dw	patch_102A, patch_102B
0108++ 96C1 8D A3 AC A3 		dw	patch_103A, patch_103B
0109++ 96C5 B4 A3       		dw	patch_104
0110++ 96C7 C6 A3       		dw	patch_105
0111++ 96C9 E7 A3       		dw	patch_106
0112++ 96CB EF A3       		dw	patch_107
0113++ 96CD FF A3 0E A4 		dw	patch_109A,patch_109B
0114++ 96D1 F7 A3       		dw	patch_108
0115++ 96D3 1D A4       		dw	patch_110
0116++ 96D5 52 A4       		dw	patch_111
0117++ 96D7 5E A4 6A A4 		dw	patch_112A,patch_112B
0118++ 96DB 72 A4       		dw	patch_113
0119++ 96DD 7A A4 86 A4 		dw	patch_114A,patch_114B
0120++ 96E1 96 A4       		dw	patch_115
0121++ 96E3 A0 A4       		dw	patch_116
0122++ 96E5 A8 A4       		dw	patch_117
0123++ 96E7 B4 A4       		dw	patch_118
0124++ 96E9 BC A4       		dw	patch_119
0125++ 96EB C8 A4       		dw	patch_120
0126++ 96ED D0 A4       		dw	patch_121
0127++ 96EF D8 A4 E4 A4 		dw	patch_122A,patch_122B
0128++ 96F3 F6 A4       		dw	patch_124
0129++ 96F5 03 A5 0F A5 		dw	patch_125A,patch_125B
0130++ 96F9 1D A5 29 A5 		dw	patch_126A,patch_126B
0131++ 96FD 35 A5       		dw	patch_127
0132++ 96FF 46 A5       		dw	drum_1
0133++ 9701 5B A5       		dw	drum_2
0134++ 9703 70 A5       		dw	drum_3
0135++ 9705 80 A5       		dw	drum_4
0136++ 9707 88 A5       		dw	drum_5
0137++ 9709 90 A5       		dw	drum_6
0138++ 970B 98 A5       		dw	drum_7
0139++ 970D A0 A5       		dw	drum_8
0140++ 970F F6 A5       		dw	drum_midi
0141++ 9711                    	
0142++ 9711             
0143++ 9711             ;--- GM 0 = Ac. Piano ---
0144++ 9711             
0145++ 9711             patch_0: 	
0146++ 9711 01          		db	1	; transpose on
0147++ 9712 46 97       		dw	patch_0hdr
0148++ 9714 10 2C 49    		db	16,02ch,1 + 36 * 2	; tone 300
0149++ 9717 ED B6       		dw	frq_842
0150++ 9719 16 2D 69    		db	22,02dh,1 + 52 * 2	; tone 301
0151++ 971C 85 AF       		dw	frq_363
0152++ 971E 1C 2E 5D    		db	28,02eh,1 + 46 * 2	; tone 302
0153++ 9721 CD B5       		dw	frq_810
0154++ 9723 22 2F 69    		db	34,02fh,1 + 52 * 2	; tone 303
0155++ 9726 FD AF       		dw	frq_369
0156++ 9728 28 30 5D    		db	40,030h,1 + 46 * 2	; tone 304
0157++ 972B 25 B5       		dw	frq_726
0158++ 972D 2E 31 69    		db	46,031h,1 + 52 * 2	; tone 305
0159++ 9730 45 AD       		dw	frq_290
0160++ 9732 34 32 75    		db	52,032h,1 + 58 * 2	; tone 306
0161++ 9735 A5 A7       		dw	frq_21
0162++ 9737 3B 33 69    		db	59,033h,1 + 52 * 2	; tone 307
0163++ 973A FD AC       		dw	frq_286
0164++ 973C 41 34 5F    		db	65,034h,1 + 47 * 2	; tone 308
0165++ 973F E5 B8       		dw	frq_941
0166++ 9741 FF 35 83    		db	255,035h,1 + 65 * 2	; tone 309
0167++ 9744 A5 AA       		dw	frq_191
0168++ 9746                    	
0169++ 9746             patch_0hdr: 
0170++ 9746 20 FF       		db	020h,0ffh
0171++ 9748             
0172++ 9748             
0173++ 9748             ;--- GM 1 = Bright Acoustic Piano ---
0174++ 9748             
0175++ 9748             patch_1: 
0176++ 9748 01          		db	1	; transpose on
0177++ 9749 46 97       		dw	patch_0hdr	
0178++ 974B 16 2C 49    		db	22,02ch,1 + 36 * 2	; tone 300
0179++ 974E ED B6       		dw	frq_842
0180++ 9750 1C 2D 75    		db	28,02dh,1 + 58 * 2	; tone 301
0181++ 9753 85 AF       		dw	frq_363
0182++ 9755 22 2E 69    		db	34,02eh,1 + 52 * 2	; tone 302
0183++ 9758 B5 B5       		dw	frq_809
0184++ 975A 28 2F 75    		db	40,02fh,1 + 58 * 2	; tone 303
0185++ 975D FD AF       		dw	frq_369
0186++ 975F 2E 30 69    		db	46,030h,1 + 52 * 2	; tone 304
0187++ 9762 25 B5       		dw	frq_726
0188++ 9764 34 31 75    		db	52,031h,1 + 58 * 2	; tone 305
0189++ 9767 45 AD       		dw	frq_290
0190++ 9769 3B 32 81    		db	59,032h,1 + 64 * 2	; tone 306
0191++ 976C A5 A7       		dw	frq_21
0192++ 976E 41 33 77    		db	65,033h,1 + 59 * 2	; tone 307
0193++ 9771 FD AC       		dw	frq_286
0194++ 9773 47 34 6B    		db	71,034h,1 + 53 * 2	; tone 308
0195++ 9776 E5 B8       		dw	frq_941
0196++ 9778 FF 35 8F    		db	255,035h,1 + 71 * 2	; tone 309
0197++ 977B A5 AA       		dw	frq_191
0198++ 977D             
0199++ 977D             
0200++ 977D             ;--- GM 2 = Elec. Grand Piano ---
0201++ 977D             ; A = v104
0202++ 977D             ; B = v98
0203++ 977D             
0204++ 977D             patch_2A: 
0205++ 977D 01          		db	1	; transpose on
0206++ 977E B2 97       		dw	patch_2Ahdr
0207++ 9780 16 2C 49    		db	22,02ch,1 + 36 * 2	; tone 300
0208++ 9783 1D B7       		dw	frq_844
0209++ 9785 1C 2D 75    		db	28,02dh,1 + 58 * 2	; tone 301
0210++ 9788 9D AF       		dw	frq_364
0211++ 978A 22 2E 69    		db	34,02eh,1 + 52 * 2	; tone 302
0212++ 978D E5 B5       		dw	frq_811
0213++ 978F 28 2F 75    		db	40,02fh,1 + 58 * 2	; tone 303
0214++ 9792 15 B0       		dw	frq_370
0215++ 9794 2E 30 69    		db	46,030h,1 + 52 * 2	; tone 304
0216++ 9797 3D B5       		dw	frq_727
0217++ 9799 34 31 75    		db	52,031h,1 + 58 * 2	; tone 305
0218++ 979C 5D AD       		dw	frq_291
0219++ 979E 3B 32 81    		db	59,032h,1 + 64 * 2	; tone 306
0220++ 97A1 BD A7       		dw	frq_22
0221++ 97A3 41 33 77    		db	65,033h,1 + 59 * 2	; tone 307
0222++ 97A6 15 AD       		dw	frq_287
0223++ 97A8 47 34 6B    		db	71,034h,1 + 53 * 2	; tone 308
0224++ 97AB FD B8       		dw	frq_942
0225++ 97AD FF 35 8F    		db	255,035h,1 + 71 * 2	; tone 309
0226++ 97B0 BD AA       		dw	frq_192
0227++ 97B2                    	
0228++ 97B2             patch_2Ahdr: 
0229++ 97B2 20 C8 07 FF 		db	020h,0c8h,007h,0ffh
0230++ 97B6             
0231++ 97B6             patch_2B: 	
0232++ 97B6 01          		db	1	; transpose on
0233++ 97B7 BE 97       		dw	patch_2Bhdr
0234++ 97B9 FF 6C 48    		db	255,108,36 * 2
0235++ 97BC 9D A9       		dw	frq_113
0236++ 97BE                    	
0237++ 97BE             patch_2Bhdr: 	
0238++ 97BE 28 FF       		db	028h,0ffh
0239++ 97C0             
0240++ 97C0             
0241++ 97C0             ;--- GM 3 = Honky Tonk, met patch#0 ---
0242++ 97C0             ; gelijk volume
0243++ 97C0             
0244++ 97C0             patch_3B: 	
0245++ 97C0 01          		db	1	; transpose on
0246++ 97C1 46 97       		dw	patch_0hdr	
0247++ 97C3 10 2C 49    		db	16,02ch,1 + 36 * 2	; tone 300
0248++ 97C6 4D B7       		dw	frq_852
0249++ 97C8 16 2D 69    		db	22,02dh,1 + 52 * 2	; tone 301
0250++ 97CB F5 AE       		dw	frq_355
0251++ 97CD 1C 2E 5D    		db	28,02eh,1 + 46 * 2	; tone 302
0252++ 97D0 15 B6       		dw	frq_820
0253++ 97D2 22 2F 69    		db	34,02fh,1 + 52 * 2	; tone 303
0254++ 97D5 55 AF       		dw	frq_360
0255++ 97D7 28 30 5D    		db	40,030h,1 + 46 * 2	; tone 304
0256++ 97DA 6D B5       		dw	frq_737
0257++ 97DC 2E 31 69    		db	46,031h,1 + 52 * 2	; tone 305
0258++ 97DF E5 AC       		dw	frq_282
0259++ 97E1 34 32 75    		db	52,032h,1 + 58 * 2	; tone 306
0260++ 97E4 05 A8       		dw	frq_27
0261++ 97E6 3B 33 69    		db	59,033h,1 + 52 * 2	; tone 307
0262++ 97E9 E5 AC       		dw	frq_282
0263++ 97EB 41 34 5F    		db	65,034h,1 + 47 * 2	; tone 308
0264++ 97EE 75 B9       		dw	frq_952
0265++ 97F0 FF 35 83    		db	255,035h,1 + 65 * 2	; tone 309
0266++ 97F3 5D AA       		dw	frq_184
0267++ 97F5                    	
0268++ 97F5             ;--- GM 4 = Elec. Piano 1 (+ 2B?) ---
0269++ 97F5             ; Eigenlijk samen met tone 11, maar slaat nergens op
0270++ 97F5             
0271++ 97F5             patch_4: 
0272++ 97F5 01          		db	1	; transpose on
0273++ 97F6 FD 97       		dw	patch_4hdr
0274++ 97F8 FF 6C 48    		db	255,108,36 * 2
0275++ 97FB 9D A9       		dw	frq_113
0276++ 97FD                    	
0277++ 97FD             patch_4hdr: 
0278++ 97FD 22 C8 48 FF 		db	022h,0c8h,048h,0ffh
0279++ 9801                    	
0280++ 9801             
0281++ 9801             ;--- GM 5 = Elec. Piano 2 ---
0282++ 9801             ; volumes gelijk
0283++ 9801             
0284++ 9801             patch_5A: 	
0285++ 9801 01          		db	1	; transpose on
0286++ 9802 36 98       		dw	patch_5Ahdr
0287++ 9804 10 2C 49    		db	16,02ch,1 + 36 * 2	; tone 300
0288++ 9807 1D B7       		dw	frq_844
0289++ 9809 16 2D 69    		db	22,02dh,1 + 52 * 2	; tone 301
0290++ 980C 9D AF       		dw	frq_364
0291++ 980E 1C 2E 5D    		db	28,02eh,1 + 46 * 2	; tone 302
0292++ 9811 E5 B5       		dw	frq_811
0293++ 9813 22 2F 69    		db	34,02fh,1 + 52 * 2	; tone 303
0294++ 9816 15 B0       		dw	frq_370
0295++ 9818 28 30 5D    		db	40,030h,1 + 46 * 2	; tone 304
0296++ 981B 3D B5       		dw	frq_727
0297++ 981D 2E 31 69    		db	46,031h,1 + 52 * 2	; tone 305
0298++ 9820 5D AD       		dw	frq_291
0299++ 9822 34 32 75    		db	52,032h,1 + 58 * 2	; tone 306
0300++ 9825 BD A7       		dw	frq_22
0301++ 9827 3B 33 69    		db	59,033h,1 + 52 * 2	; tone 307
0302++ 982A 15 AD       		dw	frq_287
0303++ 982C 41 34 5F    		db	65,034h,1 + 47 * 2	; tone 308
0304++ 982F FD B8       		dw	frq_942
0305++ 9831 FF 35 83    		db	255,035h,1 + 65 * 2	; tone 309
0306++ 9834 BD AA       		dw	frq_192
0307++ 9836             
0308++ 9836             patch_5Ahdr: 	
0309++ 9836 1B FF       		db	01bh,0ffh
0310++ 9838             
0311++ 9838             patch_5B: 	
0312++ 9838 01          		db	1	; transpose on
0313++ 9839 36 98       		dw	patch_5Ahdr
0314++ 983B 16 2C 49    		db	22,02ch,1 + 36 * 2	; tone 300
0315++ 983E ED B6       		dw	frq_842
0316++ 9840 1C 2D 75    		db	28,02dh,1 + 58 * 2	; tone 301
0317++ 9843 85 AF       		dw	frq_363
0318++ 9845 22 2E 69    		db	34,02eh,1 + 52 * 2	; tone 302
0319++ 9848 B5 B5       		dw	frq_809
0320++ 984A 28 2F 75    		db	40,02fh,1 + 58 * 2	; tone 303
0321++ 984D FD AF       		dw	frq_369
0322++ 984F 2E 30 69    		db	46,030h,1 + 52 * 2	; tone 304
0323++ 9852 25 B5       		dw	frq_726
0324++ 9854 34 31 75    		db	52,031h,1 + 58 * 2	; tone 305
0325++ 9857 45 AD       		dw	frq_290
0326++ 9859 3B 32 81    		db	59,032h,1 + 64 * 2	; tone 306
0327++ 985C A5 A7       		dw	frq_21
0328++ 985E 41 33 77    		db	65,033h,1 + 59 * 2	; tone 307
0329++ 9861 FD AC       		dw	frq_286
0330++ 9863 47 34 6B    		db	71,034h,1 + 53 * 2	; tone 308
0331++ 9866 E5 B8       		dw	frq_941
0332++ 9868 FF 35 8F    		db	255,035h,1 + 71 * 2	; tone 309
0333++ 986B A5 AA       		dw	frq_191
0334++ 986D             
0335++ 986D             
0336++ 986D             ;--- GM 6 = Harpsichord ---
0337++ 986D             
0338++ 986D             patch_6: 	
0339++ 986D 01          		db	1	; transpose on
0340++ 986E 46 97       		dw	patch_0hdr
0341++ 9870 22 80 30    		db	34,128,24 * 2
0342++ 9873 2D AD       		dw	frq_288
0343++ 9875 28 81 5C    		db	40,129,46 * 2
0344++ 9878 35 B7       		dw	frq_847
0345++ 987A 2E 82 68    		db	46,130,52 * 2
0346++ 987D 2D AD       		dw	frq_288
0347++ 987F 36 83 5C    		db	54,131,46 * 2
0348++ 9882 45 B6       		dw	frq_823
0349++ 9884 FF 84 54    		db	255,132,42 * 2
0350++ 9887 45 B6       		dw	frq_823
0351++ 9889             
0352++ 9889             
0353++ 9889             ;--- GM 7 = Clavi ---
0354++ 9889             
0355++ 9889             patch_7: 	
0356++ 9889 01          		db	1	; transpose on
0357++ 988A 96 98       		dw	patch_7hdr
0358++ 988C 3A 27 30    		db	58,39,24 * 2
0359++ 988F 05 AB       		dw	frq_203
0360++ 9891 FF 28 8C    		db	255,40,70 * 2	; was andere header!
0361++ 9894 95 AB       		dw	frq_215
0362++ 9896             patch_7hdr: 	
0363++ 9896 28 C8 2B FF 		db	028h,0c8h,02bh,0ffh
0364++ 989A             
0365++ 989A             
0366++ 989A             ;--- GM 8 = Celesta ---
0367++ 989A             
0368++ 989A             patch_8: 	
0369++ 989A 01          		db	1	; transpose on
0370++ 989B A2 98       		dw	patch_8hdr
0371++ 989D FF 2B 18    		db	255,43,12 * 2
0372++ 98A0 3D A9       		dw	frq_94
0373++ 98A2             patch_8hdr: 	
0374++ 98A2 20 E0 03 FF 		db	020h,0e0h,3,0ffh
0375++ 98A6             
0376++ 98A6             
0377++ 98A6             ;--- GM 9 = Glockenspiel ---
0378++ 98A6             
0379++ 98A6             patch_9: 	
0380++ 98A6 01          		db	1	; transpose on
0381++ 98A7 BE 97       		dw	patch_2Bhdr
0382++ 98A9 FF F3 00    		db	255,243,0 * 2
0383++ 98AC E5 A9       		dw	frq_141
0384++ 98AE             
0385++ 98AE             ;--- GM 10 = Music Box ---
0386++ 98AE             
0387++ 98AE             patch_10A: 	
0388++ 98AE 01          		db	1	; transpose on
0389++ 98AF B6 98       		dw	patch_10Ahdr
0390++ 98B1 FF F3 18    		db	255,243,12 * 2
0391++ 98B4 FD A9       		dw	frq_143
0392++ 98B6             patch_10Ahdr: 	
0393++ 98B6 20 98 A6 FF 		db	020h,098h,0a6h,0ffh
0394++ 98BA             
0395++ 98BA             patch_10B: 	
0396++ 98BA 01          		db	1	; transpose on
0397++ 98BB C2 98       		dw	patch_10Bhdr
0398++ 98BD FF 01 31    		db	255,1,1 + 24 * 2	; tone 257
0399++ 98C0 AD A8       		dw	frq_79
0400++ 98C2             patch_10Bhdr: 	
0401++ 98C2 20 98 D4 FF 		db	020h,098h,0d4h,0ffh
0402++ 98C6             
0403++ 98C6             
0404++ 98C6             ;--- GM 11 = Vibraphone ---
0405++ 98C6             
0406++ 98C6             patch_11: 	
0407++ 98C6 01          		db	1	; transpose on
0408++ 98C7 BE 97       		dw	patch_2Bhdr
0409++ 98C9 FF 01 31    		db	255,1,1 + 24 * 2	; tone 257
0410++ 98CC C5 A8       		dw	frq_82
0411++ 98CE             
0412++ 98CE             ;--- GM 12 = Marimba ---
0413++ 98CE             
0414++ 98CE             patch_12: 	
0415++ 98CE 01          		db	1	; transpose on
0416++ 98CF DB 98       		dw	patch_12hdr
0417++ 98D1 28 F4 30    		db	40,244, 24 * 2
0418++ 98D4 C5 A8       		dw	frq_82
0419++ 98D6 FF F5 68    		db	255,245, 52 * 2	; was andere header!
0420++ 98D9 4D A8       		dw	frq_69
0421++ 98DB             patch_12hdr: 	
0422++ 98DB 38 FF       		db	038h,0ffh
0423++ 98DD             
0424++ 98DD             ;--- GM 13 = Xylophone ---
0425++ 98DD             
0426++ 98DD             patch_13: 	
0427++ 98DD 01          		db	1	; transpose on
0428++ 98DE DB 98       		dw	patch_12hdr
0429++ 98E0 FF 36 01    		db	255,36h, 1 + 0 * 2	; tone 310
0430++ 98E3 3D A9       		dw	frq_94
0431++ 98E5             
0432++ 98E5             
0433++ 98E5             ;--- GM 14 = Tubular Bells ---
0434++ 98E5             
0435++ 98E5             patch_14: 	
0436++ 98E5 01          		db	1	; transpose on
0437++ 98E6 ED 98       		dw	patch_14hdr
0438++ 98E8 FF FF 18    		db	255,255, 12 * 2
0439++ 98EB 55 B2       		dw	frq_532
0440++ 98ED             patch_14hdr: 	
0441++ 98ED 21 E0 01 FF 		db	021h,0e0h,1,0ffh
0442++ 98F1             
0443++ 98F1             ;--- GM 15 = Dulcimer ---
0444++ 98F1             
0445++ 98F1             patch_15A: 	
0446++ 98F1 01          		db	1	; transpose on
0447++ 98F2 F9 98       		dw	patch_15Ahdr
0448++ 98F4 FF 3F 18    		db	255,63, 12 * 2
0449++ 98F7 DD B4       		dw	frq_708
0450++ 98F9             patch_15Ahdr: 	
0451++ 98F9 29 FF       		db	029h,0ffh
0452++ 98FB             
0453++ 98FB             patch_15B: 	
0454++ 98FB 01          		db	1
0455++ 98FC 03 99       		dw	patch_15Bhdr
0456++ 98FE FF 40 18    		db	255,64, 12 * 2
0457++ 9901 DD B4       		dw	frq_708
0458++ 9903             patch_15Bhdr: 	
0459++ 9903 2A FF       		db	02ah,0ffh
0460++ 9905             
0461++ 9905             ;--- GM 16 = Drawbar organ ---
0462++ 9905             
0463++ 9905             patch_16: 	
0464++ 9905 01          		db	1	; transpose on
0465++ 9906 0D 99       		dw	patch_16hdr
0466++ 9908 FF 8E 18    		db	255,142,12 * 2
0467++ 990B D5 B6       		dw	frq_835
0468++ 990D             patch_16hdr: 	
0469++ 990D 3A FF       		db	03ah,0ffh
0470++ 990F             
0471++ 990F             ;--- GM 17 = Percussive organ ---
0472++ 990F             
0473++ 990F             patch_17: 	
0474++ 990F 01          		db	1	; transpose on
0475++ 9910 1C 99       		dw	patch_17hdr
0476++ 9912 24 8C 30    		db	36,140, 24 * 2
0477++ 9915 45 B9       		dw	frq_950
0478++ 9917 FF 8D 48    		db	255,141, 36 * 2
0479++ 991A 15 B9       		dw	frq_944
0480++ 991C             patch_17hdr: 	
0481++ 991C 3B FF       		db	03bh,0ffh
0482++ 991E             
0483++ 991E             ;--- GM 18 = Rock Organ ---
0484++ 991E             
0485++ 991E             patch_18: 	
0486++ 991E 01          		db	1	; transpose on
0487++ 991F 3A 99       		dw	patch_18hdr
0488++ 9921 19 28 49    		db	25,28h, 1 + 36 * 2	; tone 296
0489++ 9924 DD AB       		dw	frq_219
0490++ 9926 25 29 63    		db	37,29h, 1 + 49 * 2	; tone 297
0491++ 9929 F5 AB       		dw	frq_220
0492++ 992B 31 2A 63    		db	49,2ah, 1 + 49 * 2	; tone 298
0493++ 992E C5 AB       		dw	frq_217
0494++ 9930 3D 2B 63    		db	61,2bh, 1 + 49 * 2	; tone 299
0495++ 9933 7D AB       		dw	frq_214
0496++ 9935 FF 27 63    		db	255,27h, 1 + 49 * 2	; tone 295
0497++ 9938 95 AB       		dw	frq_215
0498++ 993A             patch_18hdr: 	
0499++ 993A 39 FF       		db	039h,0ffh
0500++ 993C             
0501++ 993C             ;--- GM 19 = Church organ ---
0502++ 993C             
0503++ 993C             patch_19: 	
0504++ 993C 01          		db	1	; transpose on
0505++ 993D 58 99       		dw	patch_19hdr
0506++ 993F 12 87 48    		db	18,135, 36 * 2
0507++ 9942 D5 B6       		dw	frq_835
0508++ 9944 19 88 6C    		db	25,136, 54 * 2
0509++ 9947 15 AA       		dw	frq_155
0510++ 9949 21 89 62    		db	33,137, 49 * 2
0511++ 994C 7D B1       		dw	frq_459
0512++ 994E 2A 8A 5A    		db	42,138, 45 * 2
0513++ 9951 35 B7       		dw	frq_847
0514++ 9953 FF 8B 6C    		db	255,139, 54 * 2
0515++ 9956 45 AA       		dw	frq_167
0516++ 9958             patch_19hdr: 	
0517++ 9958 11 FF       		db	011h,0ffh
0518++ 995A             
0519++ 995A             
0520++ 995A             ;--- GM 20 = Reed Organ ---
0521++ 995A             
0522++ 995A             patch_20: 	
0523++ 995A 01          		db	1	; transpose on
0524++ 995B 67 99       		dw	patch_20hdr
0525++ 995D 3C AC 30    		db	60,172, 24 * 2
0526++ 9960 15 B3       		dw	frq_557
0527++ 9962 FF AD 78    		db	255,173, 60 * 2
0528++ 9965 FD B2       		dw	frq_556
0529++ 9967             patch_20hdr: 	
0530++ 9967 38 E0 01 FF 		db	038h,0e0h,1,0ffh
0531++ 996B             
0532++ 996B             ;--- GM 21 = Accordion ---
0533++ 996B             
0534++ 996B             patch_21A: 	
0535++ 996B 01          		db	1	; transpose on
0536++ 996C 78 99       		dw	patch_21Ahdr
0537++ 996E 35 06 18    		db	53,6, 12 * 2
0538++ 9971 3D B5       		dw	frq_727
0539++ 9973 FF 07 52    		db	255,7, 41 * 2
0540++ 9976 35 BA       		dw	frq_1018
0541++ 9978             patch_21Ahdr: 	
0542++ 9978 22 E0 00 FF 		db	022h,0e0h,0,0ffh
0543++ 997C             
0544++ 997C             patch_21B: 	
0545++ 997C 01          		db	1	; transpose on
0546++ 997D 84 99       		dw	patch_21Bhdr
0547++ 997F FF 70 18    		db	255,112, 12 * 2
0548++ 9982 BD B6       		dw	frq_833
0549++ 9984             patch_21Bhdr: 	
0550++ 9984 23 FF       		db	023h,0ffh
0551++ 9986             
0552++ 9986             ;--- GM 22 = Harmonica ---
0553++ 9986             
0554++ 9986             patch_22: 	
0555++ 9986 01          		db	1	; transpose on
0556++ 9987 8E 99       		dw	patch_22hdr
0557++ 9989 FF 70 18    		db	255,112, 12 * 2
0558++ 998C 35 B7       		dw	frq_847
0559++ 998E             patch_22hdr: 	
0560++ 998E 30 E0 02 FF 		db	030h,0e0h,2,0ffh
0561++ 9992             
0562++ 9992             ;--- GM 23 = Tango Accordion ---
0563++ 9992             
0564++ 9992             patch_23A: 	
0565++ 9992 01          		db	1	; transpose on
0566++ 9993 9F 99       		dw	patch_23Ahdr
0567++ 9995 3C AC 30    		db	60,172, 24 * 2
0568++ 9998 45 B3       		dw	frq_559
0569++ 999A FF AD 78    		db	255,173, 60 * 2
0570++ 999D 2D B3       		dw	frq_558
0571++ 999F             patch_23Ahdr: 	
0572++ 999F 38 FF       		db	038h,0ffh
0573++ 99A1             
0574++ 99A1             patch_23B: 	
0575++ 99A1 01          		db	1
0576++ 99A2 A9 99       		dw	patch_23Bhdr
0577++ 99A4 FF 41 60    		db	255,65, 48 * 2
0578++ 99A7 1D B1       		dw	frq_445
0579++ 99A9             patch_23Bhdr: 	
0580++ 99A9             		db	03ah,098h,075h,0B0h,000h,0ffh
0580++ 99A9 3A9875B000FF
0581++ 99AF             
0582++ 99AF             ;--- GM 24 = Nylon Ac. Gtr ---
0583++ 99AF             
0584++ 99AF             patch_24: 	
0585++ 99AF 01          		db	1	; transpose on
0586++ 99B0 CB 99       		dw	patch_24hdr
0587++ 99B2 18 B3 48    		db	24,179, 36 * 2
0588++ 99B5 7D B1       		dw	frq_459
0589++ 99B7 1F B7 60    		db	31,183, 48 * 2
0590++ 99BA E5 B2       		dw	frq_555
0591++ 99BC 25 B5 6E    		db	37,181, 55 * 2
0592++ 99BF A5 A7       		dw	frq_21
0593++ 99C1 2C B4 62    		db	44,180, 49 * 2
0594++ 99C4 7D B1       		dw	frq_459
0595++ 99C6 FF B6 58    		db	255,182, 44 * 2
0596++ 99C9 25 B5       		dw	frq_726
0597++ 99CB             patch_24hdr: 	
0598++ 99CB 28 C8 09 FF 		db	028h,0c8h,9,0ffh
0599++ 99CF             
0600++ 99CF             
0601++ 99CF             ;--- GM 26 = Steel Ac. Gtr ---
0602++ 99CF             
0603++ 99CF             patch_25: 	
0604++ 99CF 01          		db	1	; transpose on
0605++ 99D0 E6 99       		dw	patch_25hdr
0606++ 99D2 1A 0C 48    		db	26,12,36 * 2	;was andere header
0607++ 99D5 ED B0       		dw	frq_442
0608++ 99D7 21 0D 64    		db	33,13,50 * 2	; "
0609++ 99DA 35 B1       		dw	frq_448
0610++ 99DC 30 0E 5A    		db	48,14,45 * 2	; "
0611++ 99DF 45 B6       		dw	frq_823
0612++ 99E1 FF 0F 60    		db	255,15,48 * 2	; "
0613++ 99E4 45 B6       		dw	frq_823
0614++ 99E6             patch_25hdr: 	
0615++ 99E6             		db	028h,098h,0f6h,0b0h,034h,0c8h,9h,0ffh
0615++ 99E6 2898F6B034C809FF
0616++ 99EE             
0617++ 99EE             
0618++ 99EE             ;--- GM 26 = Elec Jazz Gtr ---
0619++ 99EE             
0620++ 99EE             patch_26: 	
0621++ 99EE 01          		db	1	; transpose on
0622++ 99EF BE 97       		dw	patch_2Bhdr
0623++ 99F1 1A 5A 48    		db	26,90, 36 * 2
0624++ 99F4 2D B0       		dw	frq_373
0625++ 99F6 28 5B 64    		db	40,91, 50 * 2
0626++ 99F9 FD A9       		dw	frq_143
0627++ 99FB FF 5C 68    		db	255,92, 52 * 2
0628++ 99FE 65 A8       		dw	frq_70
0629++ 9A00             
0630++ 9A00             
0631++ 9A00             ;--- GM 27 = Elec Clean Gtr ---
0632++ 9A00             
0633++ 9A00             patch_27: 	
0634++ 9A00 01          		db	1	; transpose on
0635++ 9A01 2B 9A       		dw	patch_27hdr
0636++ 9A03 15 61 48    		db	21,97, 36 * 2
0637++ 9A06 25 B2       		dw	frq_519
0638++ 9A08 1A 60 72    		db	26,96, 57 * 2
0639++ 9A0B FD A9       		dw	frq_143
0640++ 9A0D 21 63 64    		db	33,99, 50 * 2
0641++ 9A10 AD B4       		dw	frq_701
0642++ 9A12 28 62 72    		db	40,98, 57 * 2
0643++ 9A15 45 A7       		dw	frq_9
0644++ 9A17 2D 65 68    		db	45,101, 52 * 2
0645++ 9A1A 0D B2       		dw	frq_508
0646++ 9A1C 34 64 72    		db	52,100, 57 * 2
0647++ 9A1F B5 A9       		dw	frq_118
0648++ 9A21 3D 66 68    		db	61,102, 52 * 2
0649++ 9A24 3D B2       		dw	frq_531
0650++ 9A26 FF 67 62    		db	255,103, 49 * 2
0651++ 9A29 45 B6       		dw	frq_823
0652++ 9A2B             patch_27hdr: 	
0653++ 9A2B 29 FF       		db	029h,0ffh
0654++ 9A2D             
0655++ 9A2D             
0656++ 9A2D             ;--- GM 28 = Muted Gtr ---
0657++ 9A2D             
0658++ 9A2D             patch_28: 	
0659++ 9A2D 01          		db	1	; transpose on
0660++ 9A2E BE 97       		dw	patch_2Bhdr
0661++ 9A30 FF 68 18    		db	255,104, 12 * 2
0662++ 9A33 35 B7       		dw	frq_847
0663++ 9A35             
0664++ 9A35             
0665++ 9A35             ;--- GM 29 = Overdriven Gtr ---
0666++ 9A35             
0667++ 9A35             patch_29: 	
0668++ 9A35 01          		db	1	; transpose on
0669++ 9A36 2B 9A       		dw	patch_27hdr
0670++ 9A38 29 A5 48    		db	41,165, 36 * 2
0671++ 9A3B 25 AC       		dw	frq_228
0672++ 9A3D FF A6 82    		db	255,166, 65 * 2
0673++ 9A40 7D B1       		dw	frq_459
0674++ 9A42             
0675++ 9A42             ;--- GM 30 = Distortion Gtr ---
0676++ 9A42             
0677++ 9A42             patch_30: 	
0678++ 9A42 01          		db	1	; transpose on
0679++ 9A43 72 9A       		dw	patch_30hdr
0680++ 9A45 13 51 48    		db	19,81, 36 * 2
0681++ 9A48 BD B0       		dw	frq_434
0682++ 9A4A 17 52 6E    		db	23,82, 55 * 2
0683++ 9A4D FD A9       		dw	frq_143
0684++ 9A4F 1B 53 5E    		db	27,83, 47 * 2
0685++ 9A52 35 B7       		dw	frq_847
0686++ 9A54 1F 54 66    		db	31,84, 51 * 2
0687++ 9A57 BD B0       		dw	frq_434
0688++ 9A59 23 55 6E    		db	35,85, 55 * 2
0689++ 9A5C FD A9       		dw	frq_143
0690++ 9A5E 27 56 5E    		db	39,86, 47 * 2
0691++ 9A61 35 B7       		dw	frq_847
0692++ 9A63 2B 57 66    		db	43,87, 51 * 2
0693++ 9A66 7D B1       		dw	frq_459
0694++ 9A68 2F 58 6E    		db	47,88, 55 * 2
0695++ 9A6B FD A9       		dw	frq_143
0696++ 9A6D FF 59 5E    		db	255,89, 47 * 2
0697++ 9A70 9D B5       		dw	frq_775
0698++ 9A72             patch_30hdr: 	
0699++ 9A72 21 FF       		db	021h,0ffh
0700++ 9A74             
0701++ 9A74             ;--- GM 31 = Gtr Harmonics ---
0702++ 9A74             
0703++ 9A74             patch_31: 	
0704++ 9A74 01          		db	1	; transpose on
0705++ 9A75 BE 97       		dw	patch_2Bhdr
0706++ 9A77 2D 5E 30    		db	45,94, 24 * 2
0707++ 9A7A F5 B1       		dw	frq_507
0708++ 9A7C 32 5D 8A    		db	50,93, 69 * 2
0709++ 9A7F B5 A9       		dw	frq_118
0710++ 9A81 FF 5F 7C    		db	255,95, 62 * 2
0711++ 9A84 25 B5       		dw	frq_726
0712++ 9A86             
0713++ 9A86             ;--- GM 32 = Acoustic Bass ---
0714++ 9A86             
0715++ 9A86             patch_32: 	
0716++ 9A86 01          		db	1	; transpose on
0717++ 9A87 93 9A       		dw	patch_32hdr
0718++ 9A89 19 04 60    		db	25,4, 48 * 2
0719++ 9A8C 8D AA       		dw	frq_188
0720++ 9A8E FF 05 62    		db	255,5, 49 * 2
0721++ 9A91 65 A8       		dw	frq_70
0722++ 9A93             patch_32hdr: 	
0723++ 9A93 18 FF       		db	018h,0ffh
0724++ 9A95             
0725++ 9A95             
0726++ 9A95             ;--- GM 33 = Elec. Bass (finger) ---
0727++ 9A95             
0728++ 9A95             patch_33: 	
0729++ 9A95 01          		db	1	; transpose on
0730++ 9A96 93 9A       		dw	patch_32hdr
0731++ 9A98 09 4A 60    		db	9,74,48 * 2
0732++ 9A9B 05 B4       		dw	frq_645
0733++ 9A9D 0E 4B 72    		db	14,75,57 * 2
0734++ 9AA0 0D AC       		dw	frq_221
0735++ 9AA2 13 4C 64    		db	19,76,50 * 2
0736++ 9AA5 05 B7       		dw	frq_843
0737++ 9AA7 FF 4D 6E    		db	255,77,55 * 2
0738++ 9AAA 45 B0       		dw	frq_378
0739++ 9AAC             
0740++ 9AAC             
0741++ 9AAC             ;--- GM 34 = Elec. Bass (pick) ---
0742++ 9AAC             
0743++ 9AAC             patch_34: 	
0744++ 9AAC 01          		db	1	; transpose on
0745++ 9AAD 93 9A       		dw	patch_32hdr
0746++ 9AAF 0C 4F 60    		db	12,79,48 * 2
0747++ 9AB2 CD A9       		dw	frq_135
0748++ 9AB4 13 50 60    		db	19,80,48 * 2
0749++ 9AB7 F5 B4       		dw	frq_715
0750++ 9AB9 18 6B 6E    		db	24,107,55 * 2
0751++ 9ABC 9D AC       		dw	frq_264
0752++ 9ABE 30 69 60    		db	48,105,48 * 2
0753++ 9AC1 F5 B7       		dw	frq_921
0754++ 9AC3 FF 6A 90    		db	255,106,72 * 2
0755++ 9AC6 BD B0       		dw	frq_434
0756++ 9AC8             
0757++ 9AC8             ;--- GM 35 = Fretless Bass ---
0758++ 9AC8             
0759++ 9AC8             patch_35: 	
0760++ 9AC8 01          		db	1	; transpose on
0761++ 9AC9 D0 9A       		dw	patch_35hdr
0762++ 9ACB FF 4E 30    		db	255,78,24 * 2
0763++ 9ACE 2D B0       		dw	frq_373
0764++ 9AD0             patch_35hdr: 	
0765++ 9AD0             		db	010h,098h,0f3h,0b0h,063h,0c8h,019h,0ffh
0765++ 9AD0 1098F3B063C819FF
0766++ 9AD8             
0767++ 9AD8             ;--- GM 36 = Slap Bass 1 ---
0768++ 9AD8             
0769++ 9AD8             patch_36: 	
0770++ 9AD8 01          		db	1	; transpose on
0771++ 9AD9 E0 9A       		dw	patch_36hdr
0772++ 9ADB FF A3 4E    		db	255,163,(36 + 3) * 2
0773++ 9ADE ED B3       		dw	frq_641
0774++ 9AE0             patch_36hdr: 	
0775++ 9AE0 19 FF       		db	019h,0ffh
0776++ 9AE2             
0777++ 9AE2             ;--- GM 37 = Slap bass 2 ---
0778++ 9AE2             
0779++ 9AE2             patch_37: 	
0780++ 9AE2 01          		db	1	; transpose on
0781++ 9AE3 EA 9A       		dw	patch_37hdr
0782++ 9AE5 FF A2 30    		db	255,162,24 * 2
0783++ 9AE8 2D AD       		dw	frq_288
0784++ 9AEA             patch_37hdr: 	
0785++ 9AEA 20 98 B0 FF 		db	020h,098h,0b0h,0ffh
0786++ 9AEE             
0787++ 9AEE             ;--- GM 38 = Synth Bass 1 ---
0788++ 9AEE             
0789++ 9AEE             patch_38: 	
0790++ 9AEE 01          		db	1	; transpose on
0791++ 9AEF F6 9A       		dw	patch_38hdr
0792++ 9AF1 FF BE 48    		db	255,190,36 * 2
0793++ 9AF4 D5 B6       		dw	frq_835
0794++ 9AF6             patch_38hdr: 	
0795++ 9AF6 39 FF       		db	039h,0ffh
0796++ 9AF8             
0797++ 9AF8             ;--- GM 39 = Synth Bass 2 ---
0798++ 9AF8             
0799++ 9AF8             patch_39: 	
0800++ 9AF8 01          		db	1	; transpose on
0801++ 9AF9 F6 9A       		dw	patch_38hdr
0802++ 9AFB FF 17 61    		db	255,17h,1 + 48 * 2	; tone 279
0803++ 9AFE 95 AB       		dw	frq_215
0804++ 9B00             
0805++ 9B00             ;--- GM 40 = Violin ---
0806++ 9B00             
0807++ 9B00             patch_40: 	
0808++ 9B00 01          		db	1	; transpose on
0809++ 9B01 35 9B       		dw	patch_40hdr
0810++ 9B03 23 05 31    		db	35,5h,1 + 24 * 2	; tone 261
0811++ 9B06 2D AD       		dw	frq_288
0812++ 9B08 28 02 77    		db	40,2h,1 + 59 * 2	; tone 258
0813++ 9B0B 4D A8       		dw	frq_69
0814++ 9B0D 2A 06 69    		db	42,6h,1 + 52 * 2	; tone 262
0815++ 9B10 A5 B3       		dw	frq_627
0816++ 9B12 2D 07 6D    		db	45,7h,1 + 54 * 2	; tone 263
0817++ 9B15 FD B2       		dw	frq_556
0818++ 9B17 30 08 73    		db	48,8h,1 + 57 * 2	; tone 264
0819++ 9B1A 9D AC       		dw	frq_264
0820++ 9B1C 33 0A 61    		db	51,0ah,1 + 48 * 2	; tone 266
0821++ 9B1F DD B7       		dw	frq_920
0822++ 9B21 35 0B 67    		db	53,0bh,1 + 51 * 2	; tone 267
0823++ 9B24 25 B5       		dw	frq_726
0824++ 9B26 37 0C 6B    		db	55,0ch,1 + 53 * 2	; tone 268
0825++ 9B29 75 B3       		dw	frq_579
0826++ 9B2B 3A 0D 6F    		db	58,0dh,1 + 55 * 2	; tone 269
0827++ 9B2E 05 AE       		dw	frq_338
0828++ 9B30 FF 09 75    		db	255,09h,1 + 58	* 2	; tone 265
0829++ 9B33 FD A9       		dw	frq_143
0830++ 9B35             patch_40hdr: 	
0831++ 9B35 3B FF       		db	03bh,0ffh
0832++ 9B37             
0833++ 9B37             
0834++ 9B37             ;--- GM 41 = Viola ---
0835++ 9B37             
0836++ 9B37             patch_41: 	
0837++ 9B37 01          		db	1	; transpose on
0838++ 9B38 76 9B       		dw	patch_41hdr
0839++ 9B3A 1B 03 31    		db	27,03h,1 + 24 * 2	; tone 259
0840++ 9B3D F5 B4       		dw	frq_715
0841++ 9B3F 1E 04 67    		db	30,04h,1 + 51 * 2	; tone 260
0842++ 9B42 3D B2       		dw	frq_531
0843++ 9B44 21 05 6D    		db	33,05h,1 + 54 * 2	; tone 261
0844++ 9B47 2D AD       		dw	frq_288
0845++ 9B49 26 02 73    		db	38,02h,1 + 57 * 2	; tone 258
0846++ 9B4C 4D A8       		dw	frq_69
0847++ 9B4E 28 06 65    		db	40,06h,1 + 50 * 2	; tone 262
0848++ 9B51 A5 B3       		dw	frq_627
0849++ 9B53 2B 07 69    		db	43,07h,1 + 52 * 2	; tone 263
0850++ 9B56 FD B2       		dw	frq_556
0851++ 9B58 2E 08 6F    		db	46,08h,1 + 55 * 2	; tone 264
0852++ 9B5B 9D AC       		dw	frq_264
0853++ 9B5D 31 0A 5D    		db	49,0ah,1 + 46 * 2	; tone 266
0854++ 9B60 DD B7       		dw	frq_920
0855++ 9B62 33 0B 63    		db	51,0bh,1 + 49 * 2	; tone 267
0856++ 9B65 25 B5       		dw	frq_726
0857++ 9B67 36 0C 67    		db	54,0ch,1 + 51 * 2	; tone 268
0858++ 9B6A 75 B3       		dw	frq_579
0859++ 9B6C 38 0D 6D    		db	56,0dh,1 + 54 * 2	; tone 269
0860++ 9B6F 05 AE       		dw	frq_338
0861++ 9B71 FF 09 71    		db	255,09h,1 + 56 * 2	; tone 265
0862++ 9B74 FD A9       		dw	frq_143
0863++ 9B76             patch_41hdr: 	
0864++ 9B76 3B 98 A3 FF 		db	03bh,098h,0a3h,0ffh
0865++ 9B7A             
0866++ 9B7A             
0867++ 9B7A             ;--- GM 42 = Cello ---
0868++ 9B7A             
0869++ 9B7A             patch_42: 	
0870++ 9B7A 01          		db	1	; transpose on
0871++ 9B7B 96 9B       		dw	patch_42hdr
0872++ 9B7D 16 12 49    		db	22,12h,1 + 36 * 2	; tone 274
0873++ 9B80 05 AB       		dw	frq_203
0874++ 9B82 20 13 5D    		db	32,13h,1 + 46 * 2	; tone 275
0875++ 9B85 AD B4       		dw	frq_701
0876++ 9B87 27 15 59    		db	39,15h,1 + 44 * 2	; tone 277
0877++ 9B8A 2D B6       		dw	frq_822
0878++ 9B8C 2D 16 67    		db	45,16h,1 + 51 * 2	; tone 278
0879++ 9B8F 3D B2       		dw	frq_531
0880++ 9B91 FF 14 73    		db	255,14h,1 + 57 * 2	; tone 276
0881++ 9B94 4D A8       		dw	frq_69
0882++ 9B96             patch_42hdr: 	
0883++ 9B96 33 C8 08 FF 		db	033h,0c8h,8,0ffh
0884++ 9B9A             
0885++ 9B9A             ;--- GM 43 = Contrabass ---
0886++ 9B9A             
0887++ 9B9A             patch_43: 	
0888++ 9B9A 01          		db	1	; transpose on
0889++ 9B9B A7 9B       		dw	patch_43hdr
0890++ 9B9D 12 10 61    		db	18,10h,1 + 48 * 2	; tone 272
0891++ 9BA0 75 A7       		dw	frq_15
0892++ 9BA2 FF 11 6D    		db	255,11h,1 + 54 * 2	; tone 273
0893++ 9BA5 2D A7       		dw	frq_8
0894++ 9BA7             patch_43hdr: 	
0895++ 9BA7 10 98 90 FF 		db	010h,098h,090h,0ffh
0896++ 9BAB             
0897++ 9BAB             ;--- GM 44 = Tremolo Strings ---
0898++ 9BAB             
0899++ 9BAB             patch_44: 	
0900++ 9BAB 01          		db	1	; transpose on
0901++ 9BAC C7 9B       		dw	patch_44hdr
0902++ 9BAE 24 B0 30    		db	36,176,24 * 2
0903++ 9BB1 85 A9       		dw	frq_98
0904++ 9BB3 2A 35 60    		db	42,53,48 * 2
0905++ 9BB6 15 B3       		dw	frq_557
0906++ 9BB8 30 33 6C    		db	48,51,54 * 2
0907++ 9BBB ED A7       		dw	frq_26
0908++ 9BBD 3B 34 60    		db	59,52,48 * 2
0909++ 9BC0 1D B4       		dw	frq_650
0910++ 9BC2 FF AF 5E    		db	255,175,47 * 2
0911++ 9BC5 6D B2       		dw	frq_538
0912++ 9BC7             patch_44hdr: 	
0913++ 9BC7 38 E0 06 FF 		db	038h,0e0h,6,0ffh
0914++ 9BCB             
0915++ 9BCB             
0916++ 9BCB             ;--- GM 45 = Pizzicato Strings ---
0917++ 9BCB             
0918++ 9BCB             patch_45: 	
0919++ 9BCB 01          		db	1	; transpose on
0920++ 9BCC BE 97       		dw	patch_2Bhdr
0921++ 9BCE 1B B8 48    		db	27,184,36 * 2
0922++ 9BD1 8D A7       		dw	frq_20
0923++ 9BD3 24 B9 66    		db	36,185,51 * 2
0924++ 9BD6 AD AB       		dw	frq_216
0925++ 9BD8 2B BB 60    		db	43,187,48 * 2
0926++ 9BDB D5 B3       		dw	frq_639
0927++ 9BDD 31 BA 6E    		db	49,186,55 * 2
0928++ 9BE0 DD A8       		dw	frq_84
0929++ 9BE2 FF BC 62    		db	255,188,49 * 2
0930++ 9BE5 65 B1       		dw	frq_455
0931++ 9BE7             
0932++ 9BE7             ;--- GM 46 = Harp ---
0933++ 9BE7             
0934++ 9BE7             patch_46: 	
0935++ 9BE7 01          		db	1	; transpose on
0936++ 9BE8 F4 9B       		dw	patch_46hdr
0937++ 9BEA 2F 7E 18    		db	47,126,12 * 2
0938++ 9BED 55 AF       		dw	frq_360
0939++ 9BEF FF 7F 5E    		db	255,127,47 * 2
0940++ 9BF2 BD B0       		dw	frq_434
0941++ 9BF4             patch_46hdr: 	
0942++ 9BF4 29 C8 07 FF 		db	029h,0c8h,7,0ffh
0943++ 9BF8             
0944++ 9BF8             
0945++ 9BF8             ;--- GM 47 = Timpani ---
0946++ 9BF8             
0947++ 9BF8             patch_47: 	
0948++ 9BF8 01          		db	1	; transpose on
0949++ 9BF9 BE 97       		dw	patch_2Bhdr
0950++ 9BFB FF 00 49    		db	255,0,1 + 36 * 2	; tone 256
0951++ 9BFE C5 AB       		dw	frq_217
0952++ 9C00             
0953++ 9C00             
0954++ 9C00             ;--- GM 48 = Strings ---
0955++ 9C00             
0956++ 9C00             patch_48: 	
0957++ 9C00 01          		db	1	; transpose on
0958++ 9C01 46 97       		dw	patch_0hdr
0959++ 9C03 24 3C 31    		db	36,03ch,1 + 24 * 2	; tone 316
0960++ 9C06 55 A9       		dw	frq_96
0961++ 9C08 2A 3E 61    		db	42,03eh,1 + 48 * 2	; tone 318
0962++ 9C0B 15 B3       		dw	frq_557
0963++ 9C0D 30 3D 6D    		db	48,03dh,1 + 54 * 2	; tone 317
0964++ 9C10 D5 A7       		dw	frq_24
0965++ 9C12 3B 3F 61    		db	59,03fh,1 + 48 * 2	; tone 319
0966++ 9C15 35 B4       		dw	frq_653
0967++ 9C17 FF 40 5F    		db	255,040h,1 + 47 * 2	; tone 320
0968++ 9C1A 9D B2       		dw	frq_548
0969++ 9C1C             
0970++ 9C1C             ;--- GM 49 = Slow Strings ---
0971++ 9C1C             
0972++ 9C1C             patch_49: 	
0973++ 9C1C 01          		db	1	; transpose on
0974++ 9C1D 38 9C       		dw	patch_49hdr
0975++ 9C1F 24 B0 30    		db	36,176, 24 * 2
0976++ 9C22 85 A9       		dw	frq_98
0977++ 9C24 2A 35 60    		db	42,53, 48 * 2
0978++ 9C27 15 B3       		dw	frq_557
0979++ 9C29 30 33 6C    		db	48,51, 54 * 2
0980++ 9C2C 05 A8       		dw	frq_27
0981++ 9C2E 3B 34 60    		db	59,52, 48 * 2
0982++ 9C31 1D B4       		dw	frq_650
0983++ 9C33 FF AF 5E    		db	255,175, 47 * 2
0984++ 9C36 6D B2       		dw	frq_538
0985++ 9C38             patch_49hdr: 	
0986++ 9C38 19 FF       		db	019h,0ffh
0987++ 9C3A             
0988++ 9C3A             
0989++ 9C3A             ;--- GM 50 = Synth Strings 1 ---
0990++ 9C3A             
0991++ 9C3A             patch_50A: 	
0992++ 9C3A 01          		db	1	; transpose on
0993++ 9C3B 42 9C       		dw	patch_50Ahdr
0994++ 9C3D FF 02 30    		db	255,2, 24 * 2
0995++ 9C40 85 B8       		dw	frq_935
0996++ 9C42             patch_50Ahdr: 	
0997++ 9C42             		db	020h,098h,093h,0b0h,022h,0c8h,06h,0ffh
0997++ 9C42 209893B022C806FF
0998++ 9C4A             
0999++ 9C4A             patch_50B: 	
1000++ 9C4A 01          		db	1	; transpose on
1001++ 9C4B 52 9C       		dw	patch_50Bhdr
1002++ 9C4D FF AE 18    		db	255,174, 12 * 2
1003++ 9C50 25 A9       		dw	frq_91
1004++ 9C52             patch_50Bhdr: 	
1005++ 9C52             		db	020h,098h,070h,0c8h,006h,0ffh
1005++ 9C52 209870C806FF
1006++ 9C58             
1007++ 9C58             
1008++ 9C58             ;--- GM 51 = Synth Strings 2 ---
1009++ 9C58             
1010++ 9C58             patch_51A: 	
1011++ 9C58 01          		db	1	; transpose on
1012++ 9C59 60 9C       		dw	patch_51Ahdr
1013++ 9C5B FF 02 18    		db	255,2, 12 * 2
1014++ 9C5E 85 B8       		dw	frq_935
1015++ 9C60             patch_51Ahdr: 	
1016++ 9C60             		db	019h,098h,070h,0b0h,000h,0c8h,06h,0ffh
1016++ 9C60 199870B000C806FF
1017++ 9C68             
1018++ 9C68             patch_51B: 	
1019++ 9C68 01          		db	1	; transpose on
1020++ 9C69 60 9C       		dw	patch_51Ahdr
1021++ 9C6B FF 02 18    		db	255,2, 12 * 2
1022++ 9C6E 3D B8       		dw	frq_927
1023++ 9C70             
1024++ 9C70             
1025++ 9C70             ;--- GM 52 = Choir Aahs ---
1026++ 9C70             
1027++ 9C70             patch_52: 	
1028++ 9C70 01          		db	1	; transpose on
1029++ 9C71 87 9C       		dw	patch_52hdr
1030++ 9C73 23 18 30    		db	35,24, 24 * 2
1031++ 9C76 1D AB       		dw	frq_204
1032++ 9C78 29 19 5E    		db	41,25, 47 * 2
1033++ 9C7B FD B5       		dw	frq_815
1034++ 9C7D 30 1A 6A    		db	48,26, 53 * 2
1035++ 9C80 35 AB       		dw	frq_206
1036++ 9C82 FF 1B 60    		db	255,27, 48 * 2
1037++ 9C85 0D AF       		dw	frq_356
1038++ 9C87             patch_52hdr: 	
1039++ 9C87 1A FF       		db	01ah,0ffh
1040++ 9C89             
1041++ 9C89             ;--- GM 53 = Voice Oohs ---
1042++ 9C89             
1043++ 9C89             patch_53: 	
1044++ 9C89 01          		db	1	; transpose on
1045++ 9C8A 91 9C       		dw	patch_53hdr
1046++ 9C8C FF 29 18    		db	255,41, 12 * 2
1047++ 9C8F B5 AC       		dw	frq_273
1048++ 9C91             patch_53hdr: 	
1049++ 9C91             		db	020h,098h,0f7h,0b0h,020h,0c8h,8,0ffh
1049++ 9C91 2098F7B020C808FF
1050++ 9C99             
1051++ 9C99             ;--- GM 54 = Synth Voice ---
1052++ 9C99             
1053++ 9C99             patch_54: 	
1054++ 9C99 01          		db	1	; transpose on
1055++ 9C9A A1 9C       		dw	patch_54hdr
1056++ 9C9C FF 2A 18    		db	255,42, 12 * 2
1057++ 9C9F 4D AB       		dw	frq_208
1058++ 9CA1             patch_54hdr: 	
1059++ 9CA1             		db	019h,098h,085h,0b0h,021h,0c8h,7,0ffh
1059++ 9CA1 199885B021C807FF
1060++ 9CA9             
1061++ 9CA9             ;--- GM 55 = Orchestra Hit ---
1062++ 9CA9             
1063++ 9CA9             patch_55: 	
1064++ 9CA9 01          		db	1	; transpose on
1065++ 9CAA B1 9C       		dw	patch_55hdr
1066++ 9CAC FF 49 18    		db	255,73, 12 * 2
1067++ 9CAF D5 B6       		dw	frq_835
1068++ 9CB1             patch_55hdr: 	
1069++ 9CB1 30 FF       		db	030h,0ffh
1070++ 9CB3             
1071++ 9CB3             ;--- GM 56 = Trumpet ---
1072++ 9CB3             
1073++ 9CB3             patch_56: 	
1074++ 9CB3 01          		db	1	; transpose on
1075++ 9CB4 D4 9C       		dw	patch_56hdr
1076++ 9CB6 25 F6 30    		db	37,246, 24 * 2
1077++ 9CB9 35 A8       		dw	frq_46
1078++ 9CBB 2C F8 62    		db	44,248, 49 * 2
1079++ 9CBE 95 B1       		dw	frq_460
1080++ 9CC0 31 F7 70    		db	49,247, 56 * 2
1081++ 9CC3 BD A7       		dw	frq_22
1082++ 9CC5 37 FA 62    		db	55,250, 49 * 2
1083++ 9CC8 D5 B0       		dw	frq_436
1084++ 9CCA 3E F9 6E    		db	62,249, 55 * 2
1085++ 9CCD 35 A8       		dw	frq_46
1086++ 9CCF FF FB 64    		db	255,251, 50 * 2
1087++ 9CD2 D5 B0       		dw	frq_436
1088++ 9CD4             patch_56hdr: 	
1089++ 9CD4 32 FF       		db	032h,0ffh
1090++ 9CD6             
1091++ 9CD6             ;--- GM 57 = Trombone ---
1092++ 9CD6             
1093++ 9CD6             patch_57: 	
1094++ 9CD6 01          		db	1	; transpose on
1095++ 9CD7 E8 9C       		dw	patch_57hdr
1096++ 9CD9 23 F0 30    		db	35,240, 24 * 2
1097++ 9CDC 25 AC       		dw	frq_228
1098++ 9CDE 28 F1 5E    		db	40,241, 47 * 2
1099++ 9CE1 85 B5       		dw	frq_750
1100++ 9CE3 FF F2 68    		db	255,242, 52 * 2
1101++ 9CE6 9D AC       		dw	frq_264
1102++ 9CE8             patch_57hdr: 	
1103++ 9CE8 21 FF       		db	021h,0ffh
1104++ 9CEA             
1105++ 9CEA             ;--- GM 58 = Tuba ---
1106++ 9CEA             
1107++ 9CEA             patch_58: 	
1108++ 9CEA 01          		db	1	; transpose on
1109++ 9CEB E8 9C       		dw	patch_57hdr
1110++ 9CED 16 85 48    		db	22,133, 36 * 2
1111++ 9CF0 B5 B2       		dw	frq_550
1112++ 9CF2 FF 86 5C    		db	255,134, 46 * 2
1113++ 9CF5 7D B7       		dw	frq_908
1114++ 9CF7             
1115++ 9CF7             ;--- GM 59 = Muted Trumpet ---
1116++ 9CF7             
1117++ 9CF7             patch_59: 	
1118++ 9CF7 01          		db	1	; transpose on
1119++ 9CF8 04 9D       		dw	patch_59hdr
1120++ 9CFA 2E B1 18    		db	46,177, 12 * 2
1121++ 9CFD BD B3       		dw	frq_630
1122++ 9CFF FF B2 5C    		db	255,178, 46 * 2
1123++ 9D02 BD B3       		dw	frq_630
1124++ 9D04             patch_59hdr: 	
1125++ 9D04 28 E0 01 FF 		db	28h,0e0h,1,0ffh
1126++ 9D08             
1127++ 9D08             ;--- GM 60 = French Horn ---
1128++ 9D08             
1129++ 9D08             patch_60: 	
1130++ 9D08 01          		db	1	; transpose on
1131++ 9D09 15 9D       		dw	patch_60hdr
1132++ 9D0B 32 7C 18    		db	50,124, 12 * 2
1133++ 9D0E 45 AD       		dw	frq_290
1134++ 9D10 FF 7D 64    		db	255,125, 50 * 2
1135++ 9D13 7D B4       		dw	frq_679
1136++ 9D15             patch_60hdr: 	
1137++ 9D15 1A FF       		db	01ah,0ffh
1138++ 9D17             
1139++ 9D17             ;--- GM 61 = Brass Section ---
1140++ 9D17             
1141++ 9D17             patch_61: 	
1142++ 9D17 01          		db	1	; transpose on
1143++ 9D18 BE 97       		dw	patch_2Bhdr
1144++ 9D1A 2B FC 18    		db	43,252, 12 * 2
1145++ 9D1D 15 B6       		dw	frq_820
1146++ 9D1F FF FD 56    		db	255,253, 43 * 2
1147++ 9D22 A5 B6       		dw	frq_832
1148++ 9D24             
1149++ 9D24             ;--- GM 62 = Synth Brass 1 ---
1150++ 9D24             
1151++ 9D24             patch_62A: 	
1152++ 9D24 01          		db	1	; transpose on
1153++ 9D25 63 9D       		dw	patch_62Ahdr
1154++ 9D27 10 D3 60    		db	16,211, 48 * 2
1155++ 9D2A AD B7       		dw	frq_916
1156++ 9D2C 16 DA 80    		db	22,218, 64 * 2
1157++ 9D2F DD AE       		dw	frq_354
1158++ 9D31 1C D4 74    		db	28,212, 58 * 2
1159++ 9D34 AD B7       		dw	frq_916
1160++ 9D36 22 DB 80    		db	34,219, 64 * 2
1161++ 9D39 7D AE       		dw	frq_345
1162++ 9D3B 28 D5 74    		db	40,213, 58 * 2
1163++ 9D3E 85 B8       		dw	frq_935
1164++ 9D40 2E DC 80    		db	46,220, 64 * 2
1165++ 9D43 AD AE       		dw	frq_350
1166++ 9D45 34 D6 74    		db	52,214, 58 * 2
1167++ 9D48 0D B8       		dw	frq_925
1168++ 9D4A 3A DD 80    		db	58,221, 64 * 2
1169++ 9D4D 85 AF       		dw	frq_363
1170++ 9D4F 40 D7 74    		db	64,215, 58 * 2
1171++ 9D52 D5 B9       		dw	frq_969
1172++ 9D54 46 DE 80    		db	70,222, 64 * 2
1173++ 9D57 05 AE       		dw	frq_338
1174++ 9D59 4D D8 74    		db	77,216, 58 * 2
1175++ 9D5C 0D B8       		dw	frq_925
1176++ 9D5E FF D9 6A    		db	255,217, 53 * 2
1177++ 9D61 0D B8       		dw	frq_925
1178++ 9D63             patch_62Ahdr: 	
1179++ 9D63 18 FF       		db	018h,0ffh
1180++ 9D65             
1181++ 9D65             
1182++ 9D65             patch_62B: 	
1183++ 9D65 01          		db	1	; transpose on
1184++ 9D66 A4 9D       		dw	patch_62Bhdr
1185++ 9D68 10 18 61    		db	16,18h, 1 + 48 * 2	; tone 280
1186++ 9D6B 55 B8       		dw	frq_929
1187++ 9D6D 16 19 81    		db	22,19h, 1 + 64 * 2	; tone 281
1188++ 9D70 55 AF       		dw	frq_360
1189++ 9D72 1C 1A 75    		db	28,1ah, 1 + 58 * 2	; tone 282
1190++ 9D75 3D B8       		dw	frq_927
1191++ 9D77 22 1B 81    		db	34,1bh, 1 + 64 * 2	; tone 283
1192++ 9D7A 55 AF       		dw	frq_360
1193++ 9D7C 28 1C 75    		db	40,1ch, 1 + 58 * 2	; tone 284
1194++ 9D7F CD B8       		dw	frq_939
1195++ 9D81 2E 1D 81    		db	46,1dh, 1 + 64 * 2	; tone 285
1196++ 9D84 CD AF       		dw	frq_366
1197++ 9D86 34 1E 75    		db	52,1eh, 1 + 58 * 2	; tone 286
1198++ 9D89 5D B9       		dw	frq_951
1199++ 9D8B 3A 1F 81    		db	58,1fh, 1 + 64 * 2	; tone 287
1200++ 9D8E CD AF       		dw	frq_366
1201++ 9D90 40 20 75    		db	64,20h, 1 + 58 * 2	; tone 288
1202++ 9D93 05 BA       		dw	frq_977
1203++ 9D95 46 21 81    		db	70,21h, 1 + 64 * 2	; tone 289
1204++ 9D98 4D AE       		dw	frq_342
1205++ 9D9A 4D 22 75    		db	77,22h, 1 + 58 * 2	; tone 290
1206++ 9D9D 3D B8       		dw	frq_927
1207++ 9D9F FF 23 6B    		db	255,23h, 1 + 53 * 2	; tone 291
1208++ 9DA2 3D B8       		dw	frq_927
1209++ 9DA4             patch_62Bhdr: 	
1210++ 9DA4             		db	018h,098h,0a5h,0b0h,011h,0ffh
1210++ 9DA4 1898A5B011FF
1211++ 9DAA             
1212++ 9DAA             
1213++ 9DAA             ;--- GM 63 = Synth Brass 2 ---
1214++ 9DAA             ; B zachter dan A, vals??
1215++ 9DAA             
1216++ 9DAA             patch_63A: 	
1217++ 9DAA 01          		db	1	; transpose on
1218++ 9DAB E9 9D       		dw	patch_63Ahdr
1219++ 9DAD 10 18 61    		db	16,18h, 1 + 48 * 2	; tone 280
1220++ 9DB0 6D B8       		dw	frq_931
1221++ 9DB2 16 19 81    		db	22,19h, 1 + 64 * 2	; tone 281
1222++ 9DB5 6D AF       		dw	frq_361
1223++ 9DB7 1C 1A 75    		db	28,1ah, 1 + 58 * 2	; tone 282
1224++ 9DBA 55 B8       		dw	frq_929
1225++ 9DBC 22 1B 81    		db	34,1bh, 1 + 64 * 2	; tone 283
1226++ 9DBF 6D AF       		dw	frq_361
1227++ 9DC1 28 1C 75    		db	40,1ch, 1 + 58 * 2	; tone 284
1228++ 9DC4 E5 B8       		dw	frq_941
1229++ 9DC6 2E 1D 81    		db	46,1dh, 1 + 64 * 2	; tone 285
1230++ 9DC9 E5 AF       		dw	frq_367
1231++ 9DCB 34 1E 75    		db	52,1eh, 1 + 58 * 2	; tone 286
1232++ 9DCE 8D B9       		dw	frq_953
1233++ 9DD0 3A 1F 81    		db	58,1fh, 1 + 64 * 2	; tone 287
1234++ 9DD3 E5 AF       		dw	frq_367
1235++ 9DD5 40 20 75    		db	64,20h, 1 + 58 * 2	; tone 288
1236++ 9DD8 1D BA       		dw	frq_978
1237++ 9DDA 46 21 81    		db	70,21h, 1 + 64 * 2	; tone 289
1238++ 9DDD 65 AE       		dw	frq_343
1239++ 9DDF 4D 22 75    		db	77,22h, 1 + 58 * 2	; tone 290
1240++ 9DE2 55 B8       		dw	frq_929
1241++ 9DE4 FF 23 6B    		db	255,23h, 1 + 53 * 2	; tone 291
1242++ 9DE7 55 B8       		dw	frq_929
1243++ 9DE9             patch_63Ahdr: 	
1244++ 9DE9 26 FF       		db	026h,0ffh
1245++ 9DEB             
1246++ 9DEB             
1247++ 9DEB             patch_63B: 	
1248++ 9DEB 01          		db	1	; transpose on
1249++ 9DEC F3 9D       		dw	patch_63Bhdr
1250++ 9DEE FF 24 19    		db	255,24h, 1 + 12 * 2	; tone 292
1251++ 9DF1 15 B3       		dw	frq_557
1252++ 9DF3             patch_63Bhdr: 	
1253++ 9DF3 22 FF       		db	022h,0ffh
1254++ 9DF5             
1255++ 9DF5             ;--- GM 64 = Soprano Sax ---
1256++ 9DF5             
1257++ 9DF5             patch_64: 	
1258++ 9DF5 01          		db	1	; transpose on
1259++ 9DF6 72 9A       		dw	patch_30hdr
1260++ 9DF8 28 E3 18    		db	40,227, 12 * 2
1261++ 9DFB AD B4       		dw	frq_701
1262++ 9DFD 2E E4 68    		db	46,228, 52 * 2
1263++ 9E00 AD AB       		dw	frq_216
1264++ 9E02 34 E5 5C    		db	52,229, 46 * 2
1265++ 9E05 65 B4       		dw	frq_677
1266++ 9E07 3A E6 68    		db	58,230, 52 * 2
1267++ 9E0A 55 AC       		dw	frq_242
1268++ 9E0C 41 E7 5C    		db	65,231, 46 * 2
1269++ 9E0F 25 B5       		dw	frq_726
1270++ 9E11 FF E8 82    		db	255,232, 65 * 2
1271++ 9E14 3D A9       		dw	frq_94
1272++ 9E16             
1273++ 9E16             ;--- GM 65 = Alto Sax ---
1274++ 9E16             
1275++ 9E16             patch_65: 	
1276++ 9E16 01          		db	1	; transpose on
1277++ 9E17 5A 9E       		dw	patch_65hdr
1278++ 9E19 1B 92 48    		db	27,146, 36 * 2
1279++ 9E1C 05 A8       		dw	frq_27
1280++ 9E1E 1E 96 66    		db	30,150, 51 * 2
1281++ 9E21 6D B5       		dw	frq_737
1282++ 9E23 23 99 6C    		db	35,153, 54 * 2
1283++ 9E26 8D B0       		dw	frq_385
1284++ 9E28 24 8F 76    		db	36,143, 59 * 2
1285++ 9E2B 55 AC       		dw	frq_242
1286++ 9E2D 27 93 78    		db	39,147, 60 * 2
1287++ 9E30 35 A8       		dw	frq_46
1288++ 9E32 2A 97 66    		db	42,151, 51 * 2
1289++ 9E35 9D B5       		dw	frq_775
1290++ 9E37 2D 9A 6C    		db	45,154, 54 * 2
1291++ 9E3A 95 B1       		dw	frq_460
1292++ 9E3C 30 90 72    		db	48,144, 57 * 2
1293++ 9E3F AD AB       		dw	frq_216
1294++ 9E41 33 94 78    		db	51,148, 60 * 2
1295++ 9E44 BD A7       		dw	frq_22
1296++ 9E46 35 98 66    		db	53,152, 51 * 2
1297++ 9E49 3D B5       		dw	frq_727
1298++ 9E4B 39 9B 6A    		db	57,155, 53 * 2
1299++ 9E4E DD B1       		dw	frq_480
1300++ 9E50 3C 91 72    		db	60,145, 57 * 2
1301++ 9E53 45 AD       		dw	frq_290
1302++ 9E55 FF 95 78    		db	255,149, 60 * 2
1303++ 9E58 3D A9       		dw	frq_94
1304++ 9E5A             patch_65hdr: 	
1305++ 9E5A 19 C8 0B FF 		db	019h,0c8h,000bh,0ffh
1306++ 9E5E             
1307++ 9E5E             ;--- GM 66 = Tenor Sax ---
1308++ 9E5E             
1309++ 9E5E             patch_66: 	
1310++ 9E5E 01          		db	1	; transpose on
1311++ 9E5F E0 9A       		dw	patch_36hdr
1312++ 9E61 19 E9 48    		db	25,233, 36 * 2
1313++ 9E64 95 A8       		dw	frq_75
1314++ 9E66 1D EA 62    		db	29,234, 49 * 2
1315++ 9E69 F5 B4       		dw	frq_715
1316++ 9E6B 23 EB 6A    		db	35,235, 53 * 2
1317++ 9E6E 25 AC       		dw	frq_228
1318++ 9E70 2A ED 5E    		db	42,237, 47 * 2
1319++ 9E73 35 B4       		dw	frq_653
1320++ 9E75 30 EC 6C    		db	48,236, 54 * 2
1321++ 9E78 65 A8       		dw	frq_70
1322++ 9E7A 3A EE 60    		db	58,238, 48 * 2
1323++ 9E7D 3D B2       		dw	frq_531
1324++ 9E7F FF EF 5C    		db	255,239, 46 * 2
1325++ 9E82 DD B7       		dw	frq_920
1326++ 9E84             
1327++ 9E84             
1328++ 9E84             ;--- GM 67 = Baritone Sax ---
1329++ 9E84             
1330++ 9E84             patch_67: 	
1331++ 9E84 01          		db	1	; transpose on
1332++ 9E85 E0 9A       		dw	patch_36hdr
1333++ 9E87 16 DF 48    		db	22,223, 36 * 2
1334++ 9E8A 75 AD       		dw	frq_299
1335++ 9E8C 1D E1 5C    		db	29,225, 46 * 2
1336++ 9E8F 85 B2       		dw	frq_545
1337++ 9E91 22 E2 6A    		db	34,226, 53 * 2
1338++ 9E94 75 AD       		dw	frq_299
1339++ 9E96 FF E0 5C    		db	255,224, 46 * 2
1340++ 9E99 65 B7       		dw	frq_874
1341++ 9E9B             
1342++ 9E9B             ;--- GM 68 = Oboe ---
1343++ 9E9B             
1344++ 9E9B             patch_68: 	
1345++ 9E9B 01          		db	1	; transpose on
1346++ 9E9C BC 9E       		dw	patch_68hdr
1347++ 9E9E 25 42 18    		db	37,66, 12 * 2
1348++ 9EA1 DD B7       		dw	frq_920
1349++ 9EA3 2C 44 62    		db	44,68, 49 * 2
1350++ 9EA6 05 AE       		dw	frq_338
1351++ 9EA8 32 43 58    		db	50,67, 44 * 2
1352++ 9EAB DD B7       		dw	frq_920
1353++ 9EAD 38 46 64    		db	56,70, 50 * 2
1354++ 9EB0 ED AD       		dw	frq_335
1355++ 9EB2 3E 45 58    		db	62,69, 44 * 2
1356++ 9EB5 DD B7       		dw	frq_920
1357++ 9EB7 FF 47 64    		db	255,71, 50 * 2
1358++ 9EBA ED AD       		dw	frq_335
1359++ 9EBC             patch_68hdr: 	
1360++ 9EBC 39 FF       		db	039h,0ffh
1361++ 9EBE             
1362++ 9EBE             ;--- GM 69 = English Horn ---
1363++ 9EBE             
1364++ 9EBE             patch_69: 	
1365++ 9EBE 01          		db	1	; transpose on
1366++ 9EBF D0 9E       		dw	patch_69hdr
1367++ 9EC1 21 3C 30    		db	33,60, 24 * 2
1368++ 9EC4 6D AC       		dw	frq_254
1369++ 9EC6 27 3B 5A    		db	39,59, 45 * 2
1370++ 9EC9 85 B5       		dw	frq_750
1371++ 9ECB FF 3D 66    		db	255,61, 51 * 2
1372++ 9ECE 55 AC       		dw	frq_242
1373++ 9ED0             patch_69hdr: 	
1374++ 9ED0 31 FF       		db	031h,0ffh
1375++ 9ED2             
1376++ 9ED2             ;--- GM 70 = Bassoon ---
1377++ 9ED2             
1378++ 9ED2             patch_70: 	
1379++ 9ED2 01          		db	1	; transpose on
1380++ 9ED3 D0 9E       		dw	patch_69hdr
1381++ 9ED5 0B 38 60    		db	11,56, 48 * 2
1382++ 9ED8 7D A8       		dw	frq_73
1383++ 9EDA 17 3A 5E    		db	23,58, 47 * 2
1384++ 9EDD 55 B2       		dw	frq_532
1385++ 9EDF FF 39 76    		db	255,57, 59 * 2
1386++ 9EE2 95 A8       		dw	frq_75
1387++ 9EE4             
1388++ 9EE4             ;--- GM 71 = Clarinet ---
1389++ 9EE4             
1390++ 9EE4             patch_71: 	
1391++ 9EE4 01          		db	1	; transpose on
1392++ 9EE5 FB 9E       		dw	patch_71hdr
1393++ 9EE7 24 9E 30    		db	36,158, 24 * 2
1394++ 9EEA CD B5       		dw	frq_810
1395++ 9EEC 2A A0 78    		db	42,160, 60 * 2
1396++ 9EEF 2D AD       		dw	frq_288
1397++ 9EF1 33 9F 6C    		db	51,159, 54 * 2
1398++ 9EF4 25 B5       		dw	frq_726
1399++ 9EF6 FF A1 66    		db	255,161, 51 * 2
1400++ 9EF9 DD B7       		dw	frq_920
1401++ 9EFB             patch_71hdr: 	
1402++ 9EFB 29 FF       		db	029h,0ffh
1403++ 9EFD             
1404++ 9EFD             ;--- GM 72 = Piccolo ---
1405++ 9EFD             
1406++ 9EFD             patch_72: 	
1407++ 9EFD 01          		db	1	; transpose on
1408++ 9EFE 19 9F       		dw	patch_72hdr
1409++ 9F00 29 71 30    		db	41,113, 24 * 2
1410++ 9F03 3D A9       		dw	frq_94
1411++ 9F05 36 72 6A    		db	54,114, 53 * 2
1412++ 9F08 B5 A9       		dw	frq_118
1413++ 9F0A 3C 73 6C    		db	60,115, 54 * 2
1414++ 9F0D 3D A9       		dw	frq_94
1415++ 9F0F 48 74 78    		db	72,116, 60 * 2
1416++ 9F12 2D AD       		dw	frq_288
1417++ 9F14 FF 75 78    		db	255,117, 60 * 2
1418++ 9F17 DD B7       		dw	frq_920
1419++ 9F19             patch_72hdr: 	
1420++ 9F19 38 E0 02 FF 		db	038h,0e0h,2,0ffh
1421++ 9F1D             
1422++ 9F1D             ;--- GM 73 = Flute ---
1423++ 9F1D             
1424++ 9F1D             patch_73: 	
1425++ 9F1D 01          		db	1	; transpose on
1426++ 9F1E 19 9F       		dw	patch_72hdr
1427++ 9F20 29 71 30    		db	41,113, 24 * 2
1428++ 9F23 3D A9       		dw	frq_94
1429++ 9F25 36 72 6A    		db	54,114, 53 * 2
1430++ 9F28 B5 A9       		dw	frq_118
1431++ 9F2A FF 73 6C    		db	255,115, 54 * 2
1432++ 9F2D 3D A9       		dw	frq_94
1433++ 9F2F             
1434++ 9F2F             ;--- GM 74 = Recorder ---
1435++ 9F2F             
1436++ 9F2F             patch_74: 	
1437++ 9F2F 01          		db	1	; transpose on
1438++ 9F30 37 9F       		dw	patch_74hdr
1439++ 9F32 FF BD 30    		db	255,189, 24 * 2
1440++ 9F35 FD A9       		dw	frq_143
1441++ 9F37             patch_74hdr: 	
1442++ 9F37 30 E0 01 FF 		db	030h,0e0h,1,0ffh
1443++ 9F3B             
1444++ 9F3B             ;--- GM 75 = Pan Flute ---
1445++ 9F3B             
1446++ 9F3B             patch_75: 	
1447++ 9F3B 01          		db	1	; transpose on
1448++ 9F3C 43 9F       		dw	patch_75hdr
1449++ 9F3E FF 77 00    		db	255,119, 0 * 2
1450++ 9F41 AD B1       		dw	frq_461
1451++ 9F43             patch_75hdr: 	
1452++ 9F43 30 E0 03 FF 		db	030h,0e0h,3,0ffh
1453++ 9F47             
1454++ 9F47             ;--- GM 76 = Blown Bottle ---
1455++ 9F47             
1456++ 9F47             patch_76A: 	
1457++ 9F47 01          		db	1	; transpose on
1458++ 9F48 4F 9F       		dw	patch_76Ahdr
1459++ 9F4A FF 77 00    		db	255,119, 0 * 2
1460++ 9F4D AD B1       		dw	frq_461
1461++ 9F4F             patch_76Ahdr: 	
1462++ 9F4F 38 E0 01 FF 		db	038h,0e0h,1,0ffh
1463++ 9F53             
1464++ 9F53             patch_76B: 	
1465++ 9F53 01          		db	1	; transpose on
1466++ 9F54 5B 9F       		dw	patch_76Bhdr
1467++ 9F56 FF 25 31    		db	255,25h, 31h ;1 + (12 + 2) * 2	; tone 293
1468++ 9F59 A5 A7       		dw	frq_21
1469++ 9F5B             patch_76Bhdr: 	
1470++ 9F5B 00 FF       		db	0h,0ffh
1471++ 9F5D             
1472++ 9F5D             ;--- GM 77 = Shakuhachi ---
1473++ 9F5D             
1474++ 9F5D             patch_77A: 		
1475++ 9F5D 01          		db	1	; transpose on
1476++ 9F5E 43 9F       		dw	patch_75hdr
1477++ 9F60 FF AB 18    		db	255,171, 12 * 2
1478++ 9F63 D5 B9       		dw	frq_969
1479++ 9F65             
1480++ 9F65             patch_77B: 	
1481++ 9F65 01          		db	1	; transpose on
1482++ 9F66 6D 9F       		dw	patch_77Bhdr
1483++ 9F68 FF 76 18    		db	255,118, 12 * 2
1484++ 9F6B 7D AE       		dw	frq_345
1485++ 9F6D             patch_77Bhdr: 	
1486++ 9F6D 28 E0 02 FF 		db	028h,0e0h,2,0ffh
1487++ 9F71             
1488++ 9F71             ;--- GM 78 = Whistle ---
1489++ 9F71             
1490++ 9F71             patch_78: 	
1491++ 9F71 01          		db	1	; transpose on
1492++ 9F72 79 9F       		dw	patch_78hdr
1493++ 9F74 FF AA 00    		db	255,170, 0 * 2
1494++ 9F77 3D A9       		dw	frq_94
1495++ 9F79             patch_78hdr: 	
1496++ 9F79 2C 98 70 FF 		db	02ch,098h,070h,0ffh
1497++ 9F7D             
1498++ 9F7D             ;--- GM 79 = Ocarina ---
1499++ 9F7D             
1500++ 9F7D             patch_79: 	
1501++ 9F7D 01          		db	1	; transpose on
1502++ 9F7E 85 9F       		dw	patch_79hdr
1503++ 9F80 FF AA 00    		db	255,170, 0 * 2
1504++ 9F83 3D A9       		dw	frq_94
1505++ 9F85             patch_79hdr: 	
1506++ 9F85 29 E0 01 FF 		db	029h,0e0h,1,0ffh
1507++ 9F89             
1508++ 9F89             ;--- GM 80 = Lead 1 (square) ---
1509++ 9F89             
1510++ 9F89             patch_80A: 	
1511++ 9F89 01          		db	1	; transpose on
1512++ 9F8A AA 9F       		dw	patch_80Ahdr
1513++ 9F8C 13 CC 78    		db	19,204, 60 * 2
1514++ 9F8F 35 AE       		dw	frq_341
1515++ 9F91 1F CD 6E    		db	31,205, 55 * 2
1516++ 9F94 65 AE       		dw	frq_343
1517++ 9F96 2B CA 6E    		db	43,202, 55 * 2
1518++ 9F99 65 AE       		dw	frq_343
1519++ 9F9B 37 CF 6E    		db	55,207, 55 * 2
1520++ 9F9E 65 AE       		dw	frq_343
1521++ 9FA0 43 CE 6E    		db	67,206, 55 * 2
1522++ 9FA3 65 AE       		dw	frq_343
1523++ 9FA5 FF CB 6E    		db	255,203, 55 * 2
1524++ 9FA8 65 AE       		dw	frq_343
1525++ 9FAA             patch_80Ahdr: 	
1526++ 9FAA 38 98 C6 FF 		db	038h,098h,0c6h,0ffh
1527++ 9FAE             
1528++ 9FAE             
1529++ 9FAE             patch_80B: 	
1530++ 9FAE 01          		db	1	; transpose on
1531++ 9FAF CF 9F       		dw	patch_80Bhdr
1532++ 9FB1 13 CC 78    		db	19,204, 60 * 2
1533++ 9FB4 ED AD       		dw	frq_335
1534++ 9FB6 1F CD 6E    		db	31,205, 55 * 2
1535++ 9FB9 05 AE       		dw	frq_338
1536++ 9FBB 2B CA 6E    		db	43,202, 55 * 2
1537++ 9FBE 05 AE       		dw	frq_338
1538++ 9FC0 37 CF 6E    		db	55,207, 55 * 2
1539++ 9FC3 05 AE       		dw	frq_338
1540++ 9FC5 43 CE 6E    		db	67,206, 55 * 2
1541++ 9FC8 05 AE       		dw	frq_338
1542++ 9FCA FF CB 6E    		db	255,203, 55 * 2
1543++ 9FCD 05 AE       		dw	frq_338
1544++ 9FCF             patch_80Bhdr: 	
1545++ 9FCF 08 98 C6 FF 		db	008h,098h,0c6h,0ffh
1546++ 9FD3             
1547++ 9FD3             
1548++ 9FD3             ;--- GM 81 = Lead 2 (sawtooth) ---
1549++ 9FD3             
1550++ 9FD3             patch_81A: 	
1551++ 9FD3 01          		db	1	; transpose on
1552++ 9FD4 12 A0       		dw	patch_81Ahdr
1553++ 9FD6 10 18 61    		db	16,18h, 1 + 48 * 2	; tone 280
1554++ 9FD9 3D B8       		dw	frq_927
1555++ 9FDB 16 19 81    		db	22,19h, 1 + 64 * 2	; tone 281
1556++ 9FDE 3D AF       		dw	frq_358
1557++ 9FE0 1C 1A 75    		db	28,1ah, 1 + 58 * 2	; tone 282
1558++ 9FE3 0D B8       		dw	frq_925
1559++ 9FE5 22 1B 81    		db	34,1bh, 1 + 64 * 2	; tone 283
1560++ 9FE8 3D AF       		dw	frq_358
1561++ 9FEA 28 1C 75    		db	40,1ch, 1 + 58 * 2	; tone 284
1562++ 9FED 9D B8       		dw	frq_936
1563++ 9FEF 2E 1D 81    		db	46,1dh, 1 + 64 * 2	; tone 285
1564++ 9FF2 9D AF       		dw	frq_364
1565++ 9FF4 34 1E 75    		db	52,1eh, 1 + 58 * 2	; tone 286
1566++ 9FF7 2D B9       		dw	frq_949
1567++ 9FF9 3A 1F 81    		db	58,1fh, 1 + 64 * 2	; tone 287
1568++ 9FFC 9D AF       		dw	frq_364
1569++ 9FFE 40 20 75    		db	64,20h, 1 + 58 * 2	; tone 288
1570++ A001 ED B9       		dw	frq_974
1571++ A003 46 21 81    		db	70,21h, 1 + 64 * 2	; tone 289
1572++ A006 1D AE       		dw	frq_340
1573++ A008 4F 22 75    		db	79,22h, 1 + 58 * 2	; tone 290
1574++ A00B 0D B8       		dw	frq_925
1575++ A00D FF 23 6F    		db	255,23h, 1 + 55 * 2	; tone 291
1576++ A010 0D B8       		dw	frq_925
1577++ A012             patch_81Ahdr: 	
1578++ A012             		db	030h,098h,0f2h,0b0h,022h,0c8h,00ah,0ffh
1578++ A012 3098F2B022C80AFF
1579++ A01A             
1580++ A01A             patch_81B: 	
1581++ A01A 01          		db	1	; transpose on
1582++ A01B 12 A0       		dw	patch_81Ahdr
1583++ A01D 10 18 61    		db	16,18h, 1 + 48 * 2	; tone 280
1584++ A020 C5 B7       		dw	frq_918
1585++ A022 16 19 81    		db	22,19h, 1 + 64 * 2	; tone 281
1586++ A025 C5 AE       		dw	frq_352
1587++ A027 1C 1A 75    		db	28,1ah, 1 + 58 * 2	; tone 282
1588++ A02A AD B7       		dw	frq_916
1589++ A02C 22 1B 81    		db	34,1bh, 1 + 64 * 2	; tone 283
1590++ A02F C5 AE       		dw	frq_352
1591++ A031 28 1C 75    		db	40,1ch, 1 + 58 * 2	; tone 284
1592++ A034 3D B8       		dw	frq_927
1593++ A036 2E 1D 81    		db	46,1dh, 1 + 64 * 2	; tone 285
1594++ A039 3D AF       		dw	frq_358
1595++ A03B 34 1E 75    		db	52,1eh, 1 + 58 * 2	; tone 286
1596++ A03E E5 B8       		dw	frq_941
1597++ A040 3A 1F 81    		db	58,1fh, 1 + 64 * 2	; tone 287
1598++ A043 3D AF       		dw	frq_358
1599++ A045 40 20 75    		db	64,20h, 1 + 58 * 2	; tone 288
1600++ A048 BD B9       		dw	frq_966
1601++ A04A 46 21 81    		db	70,21h, 1 + 64 * 2	; tone 289
1602++ A04D D5 AD       		dw	frq_333
1603++ A04F 4F 22 75    		db	79,22h, 1 + 58 * 2	; tone 290
1604++ A052 AD B7       		dw	frq_916
1605++ A054 FF 23 6F    		db	255,23h, 1 + 55 * 2	; tone 291
1606++ A057 AD B7       		dw	frq_916
1607++ A059             
1608++ A059             ;--- GM 82 = Lead 3 (calliope) ---
1609++ A059             
1610++ A059             patch_82A: 	
1611++ A059 01          		db	1	; transpose on
1612++ A05A 61 A0       		dw	patch_82Ahdr
1613++ A05C FF AA 00    		db	255,170, 0 * 2
1614++ A05F 3D A9       		dw	frq_94
1615++ A061             patch_82Ahdr: 	
1616++ A061 28 E0 02 FF 		db	028h,0e0h,2,0ffh
1617++ A065             
1618++ A065             patch_82B: 	
1619++ A065 01          		db	1	; transpose on
1620++ A066 6D A0       		dw	patch_82Bhdr
1621++ A068 FF 76 18    		db	255,118, 12 * 2
1622++ A06B 7D AE       		dw	frq_345
1623++ A06D             patch_82Bhdr: 	
1624++ A06D             		db	028h,098h,0b0h,0e0h,2,0ffh
1624++ A06D 2898B0E002FF
1625++ A073             
1626++ A073             ;--- GM 83 = Lead 4 (chiff) ---
1627++ A073             
1628++ A073             patch_83A: 	
1629++ A073 01          		db	1	; transpose on
1630++ A074 7B A0       		dw	patch_83Ahdr
1631++ A076 FF 3A 19    		db	255,3ah, 1 + 12 * 2	; tone 314
1632++ A079 A5 AD       		dw	frq_314
1633++ A07B             patch_83Ahdr: 	
1634++ A07B 2A E0 01 FF 		db	02ah,0e0h,1,0ffh
1635++ A07F             
1636++ A07F             patch_83B: 	
1637++ A07F 01          		db	1	; transpose on
1638++ A080 BE 97       		dw	patch_2Bhdr
1639++ A082 FF FE 18    		db	255,254, 12 * 2
1640++ A085 8D AD       		dw	frq_311
1641++ A087             
1642++ A087             
1643++ A087             ;--- GM 84 = Lead 5 (charang) ---
1644++ A087             
1645++ A087             patch_84A: 	
1646++ A087 01          		db	1	; transpose on
1647++ A088 94 A0       		dw	patch_84Ahdr
1648++ A08A 29 A5 48    		db	41,165, 36 * 2
1649++ A08D 3D AC       		dw	frq_231
1650++ A08F FF A6 82    		db	255,166, 65 * 2
1651++ A092 C5 B1       		dw	frq_462
1652++ A094             patch_84Ahdr: 	
1653++ A094 33 FF       		db	033h,0ffh
1654++ A096             
1655++ A096             patch_84B: 	
1656++ A096 01          		db	1	; transpose on
1657++ A097 D5 A0       		dw	patch_84Bhdr
1658++ A099 10 18 61    		db	16,18h, 1 + 48 * 2	; tone 280
1659++ A09C C5 B7       		dw	frq_918
1660++ A09E 16 19 81    		db	22,19h, 1 + 64 * 2	; tone 281
1661++ A0A1 C5 AE       		dw	frq_352
1662++ A0A3 1C 1A 75    		db	28,1ah, 1 + 58 * 2	; tone 282
1663++ A0A6 AD B7       		dw	frq_916
1664++ A0A8 22 1B 81    		db	34,1bh, 1 + 64 * 2	; tone 283
1665++ A0AB C5 AE       		dw	frq_352
1666++ A0AD 28 1C 75    		db	40,1ch, 1 + 58 * 2	; tone 284
1667++ A0B0 3D B8       		dw	frq_927
1668++ A0B2 2E 1D 81    		db	46,1dh, 1 + 64 * 2	; tone 285
1669++ A0B5 3D AF       		dw	frq_358
1670++ A0B7 34 1E 75    		db	52,1eh, 1 + 58 * 2	; tone 286
1671++ A0BA E5 B8       		dw	frq_941
1672++ A0BC 3A 1F 81    		db	58,1fh, 1 + 64 * 2	; tone 287
1673++ A0BF 3D AF       		dw	frq_358
1674++ A0C1 40 20 75    		db	64,20h, 1 + 58 * 2	; tone 288
1675++ A0C4 BD B9       		dw	frq_966
1676++ A0C6 46 21 81    		db	70,21h, 1 + 64 * 2	; tone 289
1677++ A0C9 D5 AD       		dw	frq_333
1678++ A0CB 4F 22 75    		db	79,22h, 1 + 58 * 2	; tone 290
1679++ A0CE AD B7       		dw	frq_916
1680++ A0D0 FF 23 6F    		db	255,23h, 1 + 55 * 2	; tone 291
1681++ A0D3 AD B7       		dw	frq_916
1682++ A0D5             patch_84Bhdr: 	
1683++ A0D5             		db	02ah,098h,0f2h,0b0h,022h,0c8h,00eh,0ffh
1683++ A0D5 2A98F2B022C80EFF
1684++ A0DD             
1685++ A0DD             
1686++ A0DD             ;--- GM 85 = Lead 6 (voice) ---
1687++ A0DD             
1688++ A0DD             patch_85A: 	
1689++ A0DD 01          		db	1	; transpose on
1690++ A0DE E5 A0       		dw	patch_85Ahdr
1691++ A0E0 FF AA 00    		db	255,170, 0 * 2
1692++ A0E3 85 A9       		dw	frq_98
1693++ A0E5             patch_85Ahdr: 	
1694++ A0E5 2E FF       		db	02eh,0ffh
1695++ A0E7             
1696++ A0E7             patch_85B: 	
1697++ A0E7 01          		db	1	; transpose on
1698++ A0E8 EF A0       		dw	patch_85Bhdr
1699++ A0EA FF 2A 18    		db	255,42, 12 * 2
1700++ A0ED 1D AB       		dw	frq_204
1701++ A0EF             patch_85Bhdr: 	
1702++ A0EF             		db	029h,098h,0f0h,0c8h,00ah,0ffh
1702++ A0EF 2998F0C80AFF
1703++ A0F5             
1704++ A0F5             
1705++ A0F5             ;--- GM 86 = Lead 7 (fifths) ---
1706++ A0F5             
1707++ A0F5             patch_86A: 	
1708++ A0F5 01          		db	1	; transpose on
1709++ A0F6 34 A1       		dw	patch_86Ahdr
1710++ A0F8 10 18 61    		db	16,18h, 1 + 48 * 2	; tone 280
1711++ A0FB C5 B7       		dw	frq_918
1712++ A0FD 16 19 81    		db	22,19h, 1 + 64 * 2	; tone 281
1713++ A100 C5 AE       		dw	frq_352
1714++ A102 1C 1A 75    		db	28,1ah, 1 + 58 * 2	; tone 282
1715++ A105 AD B7       		dw	frq_916
1716++ A107 22 1B 81    		db	34,1bh, 1 + 64 * 2	; tone 283
1717++ A10A C5 AE       		dw	frq_352
1718++ A10C 28 1C 75    		db	40,1ch, 1 + 58 * 2	; tone 284
1719++ A10F 3D B8       		dw	frq_927
1720++ A111 2E 1D 81    		db	46,1dh, 1 + 64 * 2	; tone 285
1721++ A114 3D AF       		dw	frq_358
1722++ A116 34 1E 75    		db	52,1eh, 1 + 58 * 2	; tone 286
1723++ A119 E5 B8       		dw	frq_941
1724++ A11B 3A 1F 81    		db	58,1fh, 1 + 64 * 2	; tone 287
1725++ A11E 3D AF       		dw	frq_358
1726++ A120 40 20 75    		db	64,20h, 1 + 58 * 2	; tone 288
1727++ A123 BD B9       		dw	frq_966
1728++ A125 46 21 81    		db	70,21h, 1 + 64 * 2	; tone 289
1729++ A128 D5 AD       		dw	frq_333
1730++ A12A 4F 22 75    		db	79,22h, 1 + 58 * 2	; tone 290
1731++ A12D AD B7       		dw	frq_916
1732++ A12F FF 23 6F    		db	255,23h, 1 + 55 * 2	; tone 291
1733++ A132 AD B7       		dw	frq_916
1734++ A134             patch_86Ahdr: 	
1735++ A134 32 98 F5 FF 		db	032h,098h,0f5h,0ffh
1736++ A138             
1737++ A138             patch_86B: 	
1738++ A138 01          		db	1	; transpose on
1739++ A139 40 A1       		dw	patch_86Bhdr
1740++ A13B FF 02 18    		db	255,2, 12 * 2
1741++ A13E 55 B8       		dw	frq_929
1742++ A140             patch_86Bhdr: 	
1743++ A140             		db	031h,098h,0b3h,0b0h,022h,0c8h,00bh,0ffh
1743++ A140 3198B3B022C80BFF
1744++ A148             
1745++ A148             ;--- GM 87 = Lead 8 (bass + lead) ---
1746++ A148             
1747++ A148             patch_87A: 	
1748++ A148 01          		db	1	; transpose on
1749++ A149 2B 9A       		dw	patch_27hdr
1750++ A14B FF 17 61    		db	255,17h, 1 + 48 * 2	; tone 279
1751++ A14E DD AB       		dw	frq_219
1752++ A150             
1753++ A150             
1754++ A150             ;--- GM 88 = Pad 1 (new age) ---
1755++ A150             ; B zachter dan A
1756++ A150             patch_88A: 	
1757++ A150 01          		db	1	; transpose on
1758++ A151 58 A1       		dw	patch_88Ahdr
1759++ A153 FF 02 18    		db	255,2, 12 * 2
1760++ A156 3D B8       		dw	frq_927
1761++ A158             patch_88Ahdr: 	
1762++ A158 24 FF       		db	024h,0ffh
1763++ A15A             
1764++ A15A             patch_88B: 	
1765++ A15A 01          		db	1	; transpose on
1766++ A15B 62 A1       		dw	patch_88Bhdr
1767++ A15D FF F3 18    		db	255,243, 12 * 2
1768++ A160 0D B5       		dw	frq_721
1769++ A162             patch_88Bhdr: 	
1770++ A162             		db	023h,098h,0a2h,0b0h,014h,0c8h,6,0e0h,1,0ffh
1770++ A162 2398A2B014C806E001FF
1771++ A16C             
1772++ A16C             ;--- GM 89 = Pad 2 (warm) ---
1773++ A16C             ; B zachter dan A
1774++ A16C             patch_89A: 	
1775++ A16C 01          		db	1	; transpose on
1776++ A16D 74 A1       		dw	patch_89Ahdr
1777++ A16F FF 4E 30    		db	255,78, 24 * 2
1778++ A172 5D B0       		dw	frq_379
1779++ A174             patch_89Ahdr: 	
1780++ A174 2A E0 02 FF 		db	02ah,0e0h,2,0ffh
1781++ A178             
1782++ A178             patch_89B: 	
1783++ A178 01          		db	1	; transpose on
1784++ A179 F3 9D       		dw	patch_63Bhdr
1785++ A17B FF 29 18    		db	255,41, 12 * 2
1786++ A17E 85 AC       		dw	frq_261
1787++ A180             
1788++ A180             
1789++ A180             ;--- GM 90 = Pad 3 (polysynth) ---
1790++ A180             
1791++ A180             patch_90A: 	
1792++ A180 01          		db	1	; transpose on
1793++ A181 BF A1       		dw	patch_90Ahdr
1794++ A183 10 18 61    		db	16,18h, 1 + 48 * 2	; tone 280
1795++ A186 55 B8       		dw	frq_929
1796++ A188 16 19 81    		db	22,19h, 1 + 64 * 2	; tone 281
1797++ A18B 55 AF       		dw	frq_360
1798++ A18D 1C 1A 75    		db	28,1ah, 1 + 58 * 2	; tone 282
1799++ A190 3D B8       		dw	frq_927
1800++ A192 22 1B 81    		db	34,1bh, 1 + 64 * 2	; tone 283
1801++ A195 55 AF       		dw	frq_360
1802++ A197 28 1C 75    		db	40,1ch, 1 + 58 * 2	; tone 284
1803++ A19A CD B8       		dw	frq_939
1804++ A19C 2E 1D 81    		db	46,1dh, 1 + 64 * 2	; tone 285
1805++ A19F CD AF       		dw	frq_366
1806++ A1A1 34 1E 75    		db	52,1eh, 1 + 58 * 2	; tone 286
1807++ A1A4 5D B9       		dw	frq_951
1808++ A1A6 3A 1F 81    		db	58,1fh, 1 + 64 * 2	; tone 287
1809++ A1A9 CD AF       		dw	frq_366
1810++ A1AB 40 20 75    		db	64,20h, 1 + 58 * 2	; tone 288
1811++ A1AE 05 BA       		dw	frq_977
1812++ A1B0 46 21 81    		db	70,21h, 1 + 64 * 2	; tone 289
1813++ A1B3 35 AE       		dw	frq_341
1814++ A1B5 4F 22 75    		db	79,22h, 1 + 58 * 2	; tone 290
1815++ A1B8 3D B8       		dw	frq_927
1816++ A1BA FF 23 6F    		db	255,23h, 1 + 55 * 2	; tone 291
1817++ A1BD 3D B8       		dw	frq_927
1818++ A1BF             patch_90Ahdr: 	
1819++ A1BF             		db	023h,098h,0f2h,0b0h,022h,0c8h,007h,0e0h,1,0ffh
1819++ A1BF 2398F2B022C807E001FF
1820++ A1C9             
1821++ A1C9             patch_90B: 	
1822++ A1C9 01          		db	1	; transpose on
1823++ A1CA D1 A1       		dw	patch_90Bhdr
1824++ A1CC FF 24 19    		db	255,24h, 1 + 12 * 2	; tone 292
1825++ A1CF B5 B2       		dw	frq_550
1826++ A1D1             patch_90Bhdr: 	
1827++ A1D1 22 98 E5 FF 		db	022h,098h,0e5h,0ffh
1828++ A1D5             
1829++ A1D5             ;--- GM 91 = Pad 4 (choir) ---
1830++ A1D5             
1831++ A1D5             patch_91A: 	
1832++ A1D5 01          		db	1	; transpose on
1833++ A1D6 EC A1       		dw	patch_91Ahdr
1834++ A1D8 23 18 30    		db	35,24, 24 * 2
1835++ A1DB 1D AB       		dw	frq_204
1836++ A1DD 29 19 5E    		db	41,25, 47 * 2
1837++ A1E0 FD B5       		dw	frq_815
1838++ A1E2 30 1A 6A    		db	48,26, 53 * 2
1839++ A1E5 35 AB       		dw	frq_206
1840++ A1E7 FF 1B 60    		db	255,27, 48 * 2
1841++ A1EA 0D AF       		dw	frq_356
1842++ A1EC             patch_91Ahdr: 	
1843++ A1EC 25 C8 06 FF 		db	025h,0c8h,006h,0ffh
1844++ A1F0             
1845++ A1F0             patch_91B: 	
1846++ A1F0 01          		db	1	; transpose on
1847++ A1F1 F8 A1       		dw	patch_91Bhdr
1848++ A1F3 FF 2A 18    		db	255,42, 12 * 2
1849++ A1F6 4D AB       		dw	frq_208
1850++ A1F8             patch_91Bhdr: 	
1851++ A1F8             		db	024h,098h,065h,0b0h,021h,0ffh
1851++ A1F8 249865B021FF
1852++ A1FE             
1853++ A1FE             ;--- GM 92 = Pad 5 (bowed) ---
1854++ A1FE             
1855++ A1FE             patch_92A: 	
1856++ A1FE 01          		db	1	; transpose on
1857++ A1FF 06 A2       		dw	patch_92Ahdr
1858++ A201 FF 02 31    		db	255,2, 1 + 24 * 2	; tone 257
1859++ A204 F5 A8       		dw	frq_88
1860++ A206             patch_92Ahdr: 	
1861++ A206             		db	019h,098h,044h,0e0h,2,0ffh
1861++ A206 199844E002FF
1862++ A20C             
1863++ A20C             patch_92B: 	
1864++ A20C 01          		db	1	; transpose on
1865++ A20D 14 A2       		dw	patch_92Bhdr
1866++ A20F FF AA 00    		db	255,170, 0 * 2
1867++ A212 0D A9       		dw	frq_89
1868++ A214             patch_92Bhdr: 	
1869++ A214             		db	019h,098h,040h,0c8h,6,0ffh
1869++ A214 199840C806FF
1870++ A21A             
1871++ A21A             ;--- GM 93 = Pad 6 (metallic) ---
1872++ A21A             
1873++ A21A             patch_93A: 	
1874++ A21A 01          		db	1	; transpose on
1875++ A21B 31 A2       		dw	patch_93Ahdr
1876++ A21D 1A 0C 48    		db	26,12, 36 * 2
1877++ A220 1D B1       		dw	frq_445
1878++ A222 21 0D 64    		db	33,13, 50 * 2
1879++ A225 4D B1       		dw	frq_450
1880++ A227 30 0E 5A    		db	48,14, 45 * 2
1881++ A22A 75 B6       		dw	frq_828
1882++ A22C FF 0F 60    		db	255,15, 48 * 2
1883++ A22F 75 B6       		dw	frq_828
1884++ A231             patch_93Ahdr: 	
1885++ A231             		db	00ah,0b0h,003h,0c8h,6,0ffh
1885++ A231 0AB003C806FF
1886++ A237             
1887++ A237             patch_93B: 	
1888++ A237 01          		db	1	; transpose on
1889++ A238 3F A2       		dw	patch_93Bhdr
1890++ A23A FF 3F 18    		db	255,63, 12 * 2
1891++ A23D 95 B4       		dw	frq_698
1892++ A23F             patch_93Bhdr: 	
1893++ A23F 31 98 85 FF 		db	031h,098h,085h,0ffh
1894++ A243             
1895++ A243             ;--- GM 94 = Pad 7 (halo) ---
1896++ A243             patch_94A: 	
1897++ A243 01          		db	1	; transpose on
1898++ A244 87 9C       		dw	patch_52hdr
1899++ A246 FF 24 19    		db	255,24h, 1 + 12 * 2	; 292
1900++ A249 5D B3       		dw	frq_560
1901++ A24B             
1902++ A24B             patch_94B: 	
1903++ A24B 01          		db	1	; transpose on
1904++ A24C 36 98       		dw	patch_5Ahdr
1905++ A24E FF 2A 18    		db	255,42, 12 * 2
1906++ A251 ED AA       		dw	frq_202
1907++ A253             
1908++ A253             
1909++ A253             ;--- GM 95 = Pad 8 (sweep) ---
1910++ A253             
1911++ A253             patch_95A: 	
1912++ A253 01          		db	1	; transpose on
1913++ A254 92 A2       		dw	patch_95Ahdr
1914++ A256 10 D3 60    		db	16,211, 48 * 2
1915++ A259 DD B7       		dw	frq_920
1916++ A25B 16 DA 80    		db	22,218, 64 * 2
1917++ A25E 0D AF       		dw	frq_356
1918++ A260 1C D4 74    		db	28,212, 58 * 2
1919++ A263 DD B7       		dw	frq_920
1920++ A265 22 DB 80    		db	34,219, 64 * 2
1921++ A268 95 AE       		dw	frq_348
1922++ A26A 28 D5 74    		db	40,213, 58 * 2
1923++ A26D B5 B8       		dw	frq_937
1924++ A26F 2E DC 80    		db	46,220, 64 * 2
1925++ A272 C5 AE       		dw	frq_352
1926++ A274 34 D6 74    		db	52,214, 58 * 2
1927++ A277 25 B8       		dw	frq_926
1928++ A279 3A DD 80    		db	58,221, 64 * 2
1929++ A27C B5 AF       		dw	frq_365
1930++ A27E 40 D7 74    		db	64,215, 58 * 2
1931++ A281 ED B9       		dw	frq_974	; 975
1932++ A283 46 DE 80    		db	70,222, 64 * 2
1933++ A286 35 AE       		dw	frq_341
1934++ A288 4C D8 74    		db	76,216, 58 * 2
1935++ A28B 25 B8       		dw	frq_926
1936++ A28D FF D9 68    		db	255,217, 52 * 2
1937++ A290 25 B8       		dw	frq_926
1938++ A292             patch_95Ahdr: 	
1939++ A292             		db	019h,098h,015h,0c8h,6,0ffh
1939++ A292 199815C806FF
1940++ A298             
1941++ A298             patch_95B: 	
1942++ A298 01          		db	1	; transpose on
1943++ A299 D7 A2       		dw	patch_95Bhdr
1944++ A29B 10 D3 60    		db	16,211, 48 * 2
1945++ A29E 95 B7       		dw	frq_909
1946++ A2A0 16 DA 80    		db	22,218, 64 * 2
1947++ A2A3 AD AE       		dw	frq_350
1948++ A2A5 1C D4 74    		db	28,212, 58 * 2
1949++ A2A8 95 B7       		dw	frq_909
1950++ A2AA 22 DB 80    		db	34,219, 64 * 2
1951++ A2AD 1D AE       		dw	frq_340
1952++ A2AF 28 D5 74    		db	40,213, 58 * 2
1953++ A2B2 3D B8       		dw	frq_927
1954++ A2B4 2E DC 80    		db	46,220, 64 * 2
1955++ A2B7 7D AE       		dw	frq_345
1956++ A2B9 34 D6 74    		db	52,214, 58 * 2
1957++ A2BC AD B7       		dw	frq_916
1958++ A2BE 3A DD 80    		db	58,221, 64 * 2
1959++ A2C1 25 AF       		dw	frq_357
1960++ A2C3 40 D7 74    		db	64,215, 58 * 2
1961++ A2C6 A5 B9       		dw	frq_964
1962++ A2C8 46 DE 80    		db	70,222, 64 * 2
1963++ A2CB D5 AD       		dw	frq_333
1964++ A2CD 4C D8 74    		db	76,216, 58 * 2
1965++ A2D0 25 B8       		dw	frq_926
1966++ A2D2 FF D9 68    		db	255,217, 52 * 2
1967++ A2D5 AD B7       		dw	frq_916
1968++ A2D7             
1969++ A2D7             patch_95Bhdr: 	
1970++ A2D7             		db	018h,098h,015h,0c8h,6,0ffh
1970++ A2D7 189815C806FF
1971++ A2DD             
1972++ A2DD             ;--- GM 96 = Rain ---
1973++ A2DD             
1974++ A2DD             patch_96: 	
1975++ A2DD 00          		db	0	; transpose off
1976++ A2DE 03 99       		dw	patch_15Bhdr
1977++ A2E0 FF 43 63    		db	255,43h, 1 + (48 + 1) * 2	; tone 323
1978++ A2E3 35 B1       		dw	frq_448
1979++ A2E5             
1980++ A2E5             
1981++ A2E5             ;--- GM 97 = Soundtrack ---
1982++ A2E5             
1983++ A2E5             patch_97A: 	
1984++ A2E5 01          		db	1	; transpose on
1985++ A2E6 ED A2       		dw	patch_97Ahdr
1986++ A2E8 FF 02 30    		db	255,2, 24 * 2
1987++ A2EB 3D B8       		dw	frq_927
1988++ A2ED             patch_97Ahdr: 	
1989++ A2ED 2A 98 60 FF 		db	02ah,098h,060h,0ffh
1990++ A2F1             
1991++ A2F1             patch_97B: 	
1992++ A2F1 01          		db	1	; transpose on
1993++ A2F2 F9 A2       		dw	patch_97Bhdr
1994++ A2F4 FF F3 00    		db	255,243, 0 * 2
1995++ A2F7 C5 B4       		dw	frq_704
1996++ A2F9             patch_97Bhdr: 	
1997++ A2F9             		db	02dh,098h,052h,0b0h,014h,0c8h,006h,0e0h,2,0ffh
1997++ A2F9 2D9852B014C806E002FF
1998++ A303             
1999++ A303             ;--- GM 98 = Crystal ---
2000++ A303             
2001++ A303             patch_98A: 	
2002++ A303 01          		db	1	; transpose on
2003++ A304 0B A3       		dw	patch_98Ahdr
2004++ A306 FF F3 00    		db	255,243, 0 * 2
2005++ A309 FD A9       		dw	frq_143
2006++ A30B             patch_98Ahdr: 	
2007++ A30B 33 FF       		db	033h,0ffh
2008++ A30D             
2009++ A30D             patch_98B: 	
2010++ A30D 01          		db	1	; transpose on
2011++ A30E 1F A3       		dw	patch_98Bhdr
2012++ A310 15 6D 48    		db	21,109, 36 * 2
2013++ A313 5D B6       		dw	frq_824
2014++ A315 1F 6E 5A    		db	31,110, 45 * 2
2015++ A318 8D B6       		dw	frq_831
2016++ A31A FF 6F 56    		db	255,111, 43 * 2
2017++ A31D 05 B7       		dw	frq_843
2018++ A31F             patch_98Bhdr: 	
2019++ A31F             		db	03bh,098h,085h,0c8h,6,0ffh
2019++ A31F 3B9885C806FF
2020++ A325             
2021++ A325             ;--- GM 99 = Atmosphere ---
2022++ A325             
2023++ A325             patch_99A: 	
2024++ A325 01          		db	1	; transpose on
2025++ A326 2D A3       		dw	patch_99Ahdr
2026++ A328 FF 02 30    		db	255,2, 24 * 2
2027++ A32B 3D B8       		dw	frq_927
2028++ A32D             patch_99Ahdr: 	
2029++ A32D             		db	032h,098h,073h,0b0h,022h,0c8h,6,0e0h,1,0ffh
2029++ A32D 329873B022C806E001FF
2030++ A337             
2031++ A337             patch_99B: 	
2032++ A337 01          		db	1	; transpose on
2033++ A338 53 A3       		dw	patch_99Bhdr
2034++ A33A 18 B3 48    		db	24,179, 36 * 2
2035++ A33D 7D B1       		dw	frq_459
2036++ A33F 1F B7 60    		db	31,183, 48 * 2
2037++ A342 E5 B2       		dw	frq_555
2038++ A344 25 B5 6E    		db	37,181, 55 * 2
2039++ A347 A5 A7       		dw	frq_21
2040++ A349 2C B4 62    		db	44,180, 49 * 2
2041++ A34C 7D B1       		dw	frq_459
2042++ A34E FF B6 58    		db	255,182, 44 * 2
2043++ A351 25 B5       		dw	frq_726
2044++ A353             patch_99Bhdr: 	
2045++ A353             		db	032h,0c8h,7,0e0h,2,0ffh
2045++ A353 32C807E002FF
2046++ A359             
2047++ A359             ;--- GM 100 = Brightness ---
2048++ A359             
2049++ A359             patch_100A: 	
2050++ A359 01          		db	1	; transpose on
2051++ A35A 03 99       		dw	patch_15Bhdr
2052++ A35C FF 37 31    		db	255,37h, 1 + 24 * 2	; tone 311
2053++ A35F CD AF       		dw	frq_366
2054++ A361             
2055++ A361             patch_100B: 	
2056++ A361 01          		db	1	; transpose on
2057++ A362 69 A3       		dw	patch_100Bhdr
2058++ A364 FF 2A 18    		db	255,42, 12 * 2
2059++ A367 4D AB       		dw	frq_208
2060++ A369             patch_100Bhdr: 	
2061++ A369 29 C8 06 FF 		db	029h,0c8h,6,0ffh
2062++ A36D             
2063++ A36D             ;--- GM 102 = Echoes ---
2064++ A36D             
2065++ A36D             patch_102A: 	
2066++ A36D 01          		db	1	; transpose on
2067++ A36E 75 A3       		dw	patch_102Ahdr
2068++ A370 FF 24 31    		db	255,24h, 1 + 24 * 2	; tone 292
2069++ A373 CD B2       		dw	frq_552
2070++ A375             patch_102Ahdr: 	
2071++ A375             		db	02bh,098h,0f5h,0b0h,021h,0c8h,6,0ffh
2071++ A375 2B98F5B021C806FF
2072++ A37D             
2073++ A37D             patch_102B: 	
2074++ A37D 01          		db	1	; transpose on
2075++ A37E 85 A3       		dw	patch_102Bhdr
2076++ A380 FF 2A 18    		db	255,42, 12 * 2
2077++ A383 65 AB       		dw	frq_211
2078++ A385             patch_102Bhdr: 	
2079++ A385             		db	02bh,098h,085h,0b0h,023h,0c8h,7,0ffh
2079++ A385 2B9885B023C807FF
2080++ A38D             
2081++ A38D             ;--- GM 103 = FX 8 (sci-fi) ---
2082++ A38D             
2083++ A38D             patch_103A: 	
2084++ A38D 01          		db	1	; transpose on
2085++ A38E A4 A3       		dw	patch_103Ahdr
2086++ A390 1A 0C 48    		db	26,12, 36 * 2
2087++ A393 05 B1       		dw	frq_443
2088++ A395 21 0D 64    		db	33,13, 50 * 2
2089++ A398 35 B1       		dw	frq_448
2090++ A39A 30 0E 5A    		db	48,14, 45 * 2
2091++ A39D 5D B6       		dw	frq_824
2092++ A39F FF 0F 60    		db	255,15, 48 * 2
2093++ A3A2 5D B6       		dw	frq_824
2094++ A3A4             patch_103Ahdr: 	
2095++ A3A4             		db	02bh,098h,090h,0c8h,6,0e0h,3,0ffh
2095++ A3A4 2B9890C806E003FF
2096++ A3AC             
2097++ A3AC             patch_103B: 	
2098++ A3AC 01          		db	1	; transpose on
2099++ A3AD F3 9D       		dw	patch_63Bhdr
2100++ A3AF FF 02 18    		db	255,2, 12 * 2
2101++ A3B2 0D B8       		dw	frq_925
2102++ A3B4             
2103++ A3B4             
2104++ A3B4             ;--- GM 104 = Sitar ---
2105++ A3B4             
2106++ A3B4             patch_104: 	
2107++ A3B4 01          		db	1	; transpose on
2108++ A3B5 BC A3       		dw	patch_104hdr
2109++ A3B7 FF 0F 19    		db	255,0fh, 1 + 12 * 2	; tone 271
2110++ A3BA 35 B7       		dw	frq_847
2111++ A3BC             patch_104hdr: 	
2112++ A3BC             		db	032h,098h,0f4h,0b0h,015h,0c8h,016h,0e0h,1,0ffh
2112++ A3BC 3298F4B015C816E001FF
2113++ A3C6             
2114++ A3C6             ;--- GM 105 = Banjo ---
2115++ A3C6             
2116++ A3C6             patch_105: 	
2117++ A3C6 01          		db	1	; transpose on
2118++ A3C7 9F 99       		dw	patch_23Ahdr
2119++ A3C9 1D 13 30    		db	29,19, 24 * 2
2120++ A3CC ED B3       		dw	frq_641
2121++ A3CE 21 14 6A    		db	33,20, 53 * 2
2122++ A3D1 05 AB       		dw	frq_203
2123++ A3D3 25 12 5A    		db	37,18, 45 * 2
2124++ A3D6 15 B9       		dw	frq_944
2125++ A3D8 2D 15 62    		db	45,21, 49 * 2
2126++ A3DB 2D AD       		dw	frq_288
2127++ A3DD 35 17 5A    		db	53,23, 45 * 2
2128++ A3E0 65 B4       		dw	frq_677
2129++ A3E2 FF 16 6A    		db	255,22, 53 * 2
2130++ A3E5 1D A8       		dw	frq_45
2131++ A3E7             
2132++ A3E7             ;--- GM 106 = Shamisen ---
2133++ A3E7             
2134++ A3E7             patch_106: 	
2135++ A3E7 01          		db	1	; transpose on
2136++ A3E8 BE 97       		dw	patch_2Bhdr
2137++ A3EA FF 0E 19    		db	255,0eh, 1 + 12 * 2	; tone 270
2138++ A3ED 6D A9       		dw	frq_97
2139++ A3EF             
2140++ A3EF             ;--- GM 107 = Koto ---
2141++ A3EF             
2142++ A3EF             patch_107: 	
2143++ A3EF 01          		db	1	; transpose on
2144++ A3F0 46 97       		dw	patch_0hdr
2145++ A3F2 FF A9 18    		db	255,169, 12 * 2
2146++ A3F5 FD B2       		dw	frq_556
2147++ A3F7             
2148++ A3F7             
2149++ A3F7             ;--- GM 108 = Kalimba ---
2150++ A3F7             
2151++ A3F7             patch_108: 	
2152++ A3F7 01          		db	1	; transpose on
2153++ A3F8 9F 99       		dw	patch_23Ahdr
2154++ A3FA FF 37 19    		db	255,37h, 1 + 12 * 2	; tone 311
2155++ A3FD CD AF       		dw	frq_366
2156++ A3FF             
2157++ A3FF             
2158++ A3FF             ;--- GM 109 = Bagpipes ---
2159++ A3FF             
2160++ A3FF             patch_109A: 	
2161++ A3FF 01          		db	1	; transpose on
2162++ A400 0C A4       		dw	patch_109Ahdr
2163++ A402 22 A4 60    		db	34,164, 48 * 2
2164++ A405 15 A7       		dw	frq_1
2165++ A407 FF A8 5C    		db	255,168, 46 * 2
2166++ A40A ED AD       		dw	frq_335
2167++ A40C             patch_109Ahdr: 	
2168++ A40C 1C FF       		db	01ch,0ffh
2169++ A40E             
2170++ A40E             
2171++ A40E             patch_109B: 	
2172++ A40E 01          		db	1	; transpose on
2173++ A40F 1B A4       		dw	patch_109Bhdr
2174++ A411 22 A7 60    		db	34,167, 48 * 2
2175++ A414 FD A6       		dw	frq_0
2176++ A416 FF A8 5C    		db	255,168, 46 * 2
2177++ A419 ED AD       		dw	frq_335
2178++ A41B             patch_109Bhdr: 	
2179++ A41B 19 FF       		db	019h,0ffh
2180++ A41D             
2181++ A41D             ;--- GM 110 = Fiddle ---
2182++ A41D             
2183++ A41D             patch_110: 	
2184++ A41D 01          		db	1	; transpose on
2185++ A41E D0 9E       		dw	patch_69hdr
2186++ A420 23 05 31    		db	35,05h, 1 + 24 * 2	; tone 261
2187++ A423 2D AD       		dw	frq_288
2188++ A425 28 02 77    		db	40,02h, 1 + 59 * 2	; tone 258
2189++ A428 4D A8       		dw	frq_69
2190++ A42A 2A 06 69    		db	42,06h, 1 + 52 * 2	; tone 262
2191++ A42D BD B3       		dw	frq_630
2192++ A42F 2D 07 6D    		db	45,07h, 1 + 54 * 2	; tone 263
2193++ A432 FD B2       		dw	frq_556
2194++ A434 30 08 73    		db	48,08h, 1 + 57 * 2	; tone 264
2195++ A437 9D AC       		dw	frq_264
2196++ A439 33 0A 61    		db	51,0ah, 1 + 48 * 2	; tone 266
2197++ A43C DD B7       		dw	frq_920
2198++ A43E 35 0B 67    		db	53,0bh, 1 + 51 * 2	; tone 267
2199++ A441 25 B5       		dw	frq_726
2200++ A443 37 0C 6B    		db	55,0ch, 1 + 53 * 2	; tone 268
2201++ A446 75 B3       		dw	frq_579
2202++ A448 3A 0D 6F    		db	58,0dh, 1 + 55 * 2	; tone 269
2203++ A44B 05 AE       		dw	frq_338
2204++ A44D FF 09 75    		db	255,09h, 1 + 58 * 2	; tone 265
2205++ A450 FD A9       		dw	frq_143
2206++ A452             
2207++ A452             ;--- GM 111 = Shanai ---
2208++ A452             
2209++ A452             patch_111: 	
2210++ A452 01          		db	1	; transpose on
2211++ A453 5A A4       		dw	patch_111hdr
2212++ A455 FF 41 48    		db	255,65, 36 * 2
2213++ A458 35 B1       		dw	frq_448
2214++ A45A             patch_111hdr: 	
2215++ A45A 31 C8 09 FF 		db	031h,0c8h,9,0ffh
2216++ A45E             
2217++ A45E             ;--- GM 112 = Tinkle Bell ---
2218++ A45E             
2219++ A45E             patch_112A: 	
2220++ A45E 01          		db	1	; transpose on
2221++ A45F 66 A4       		dw	patch_112Ahdr
2222++ A461 FF F3 00    		db	255,243, 0 * 2
2223++ A464 0D B5       		dw	frq_721
2224++ A466             patch_112Ahdr: 	
2225++ A466 3B 98 D6 FF 		db	03bh,098h,0d6h,0ffh
2226++ A46A             
2227++ A46A             patch_112B: 	
2228++ A46A 01          		db	1	; transpose on
2229++ A46B 1C 99       		dw	patch_17hdr
2230++ A46D FF 37 49    		db	255,37h, 1 + 36 * 2	; 311
2231++ A470 7D AB       		dw	frq_214
2232++ A472             
2233++ A472             ;--- GM 113 = Agogo ---
2234++ A472             
2235++ A472             patch_113: 	
2236++ A472 00          		db	0	; transpose off
2237++ A473 9F 99       		dw	patch_23Ahdr
2238++ A475 FF 0B 18    		db	255,11, 12 * 2
2239++ A478 C5 AB       		dw	frq_217
2240++ A47A             
2241++ A47A             
2242++ A47A             ;--- GM 114 = Steel Drums ---
2243++ A47A             
2244++ A47A             patch_114A: 	
2245++ A47A 00          		db	0	; transpose off
2246++ A47B 82 A4       		dw	patch_114Ahdr
2247++ A47D FF FE 18    		db	255,254, 12 * 2
2248++ A480 BD AD       		dw	frq_317
2249++ A482             patch_114Ahdr: 	
2250++ A482 38 E0 01 FF 		db	038h,0e0h,1,0ffh
2251++ A486             
2252++ A486             patch_114B: 	
2253++ A486 00          		db	0	; transpose off
2254++ A487 8E A4       		dw	patch_114Bhdr
2255++ A489 FF 01 49    		db	255,1, 1 + 36 * 2	; tone 257
2256++ A48C D5 AA       		dw	frq_195
2257++ A48E             patch_114Bhdr: 	
2258++ A48E             		db	038h,098h,0b0h,0b0h,005h,0e0h,1,0ffh
2258++ A48E 3898B0B005E001FF
2259++ A496             
2260++ A496             ;--- GM 115 = Woodblock ---
2261++ A496             
2262++ A496             patch_115: 	
2263++ A496 00          		db	0	; transpose off
2264++ A497 9E A4       		dw	patch_115hdr
2265++ A499 FF 2C 30    		db	255,44, 24 * 2
2266++ A49C F5 AE       		dw	frq_355
2267++ A49E             patch_115hdr: 	
2268++ A49E 00 FF       		db	0,0ffh
2269++ A4A0             
2270++ A4A0             ;--- GM 116 = Taiko Drum ---
2271++ A4A0             
2272++ A4A0             patch_116: 	
2273++ A4A0 00          		db	0	; transpose off
2274++ A4A1 9F 99       		dw	patch_23Ahdr
2275++ A4A3 FF 3E 18    		db	255,62, 12 * 2
2276++ A4A6 C5 AB       		dw	frq_217
2277++ A4A8             
2278++ A4A8             ;--- GM 117 = Melodic Tom ---
2279++ A4A8             
2280++ A4A8             patch_117: 	
2281++ A4A8 00          		db	0	; transpose off
2282++ A4A9 B0 A4       		dw	patch_117hdr
2283++ A4AB FF C7 48    		db	255,199, 36 * 2
2284++ A4AE 8D B3       		dw	frq_616
2285++ A4B0             patch_117hdr: 	
2286++ A4B0 38 C8 01 FF 		db	038h,0c8h,1,0ffh
2287++ A4B4             
2288++ A4B4             ;--- GM 118 = Synth Drum ---
2289++ A4B4             
2290++ A4B4             patch_118: 	
2291++ A4B4 00          		db	0	; transpose off
2292++ A4B5 9F 99       		dw	patch_23Ahdr
2293++ A4B7 FF 26 30    		db	255,38, 24 * 2
2294++ A4BA 05 A8       		dw	frq_27
2295++ A4BC             
2296++ A4BC             ;--- GM 119 = Reverse Cymbal ---
2297++ A4BC             
2298++ A4BC             patch_119: 	
2299++ A4BC 00          		db	0	; transpose off
2300++ A4BD C4 A4       		dw	patch_119hdr
2301++ A4BF FF 31 48    		db	255,49, 36 * 2
2302++ A4C2 FD A9       		dw	frq_143
2303++ A4C4             patch_119hdr: 	
2304++ A4C4 38 C8 09 FF 		db	038h,0c8h,9,0ffh
2305++ A4C8             
2306++ A4C8             ;--- GM 120 = Gtr Fret Noise ---
2307++ A4C8             
2308++ A4C8             patch_120: 	
2309++ A4C8 00          		db	0	; transpose off
2310++ A4C9 9F 99       		dw	patch_23Ahdr
2311++ A4CB FF 38 31    		db	255,38h, 1 + 24 * 2	; tone 312
2312++ A4CE DD AE       		dw	frq_354
2313++ A4D0             
2314++ A4D0             ;--- GM 121 = Breath Noise ---
2315++ A4D0             
2316++ A4D0             patch_121: 	
2317++ A4D0 00          		db	0	; transpose off
2318++ A4D1 9F 99       		dw	patch_23Ahdr
2319++ A4D3 FF 25 31    		db	255,25h, 1 + 24 * 2	; tone 293
2320++ A4D6 55 B5       		dw	frq_733
2321++ A4D8             
2322++ A4D8             ;--- GM 122 = Sea Shore ---
2323++ A4D8             
2324++ A4D8             patch_122A: 	
2325++ A4D8 00          		db	0	; transpose off
2326++ A4D9 E0 A4       		dw	patch_122Ahdr
2327++ A4DB FF 08 48    		db	255,8, 36 * 2
2328++ A4DE 9D AC       		dw	frq_264
2329++ A4E0             patch_122Ahdr: 	
2330++ A4E0 00 C8 04 FF 		db	0,0c8h,4,0ffh
2331++ A4E4             
2332++ A4E4             patch_122B: 	
2333++ A4E4 00          		db	0	; transpose off
2334++ A4E5 EC A4       		dw	patch_122Bhdr
2335++ A4E7 FF 37 60    		db	255,55, 48 * 2
2336++ A4EA 05 AB       		dw	frq_203
2337++ A4EC             patch_122Bhdr: 	
2338++ A4EC             		db	0,098h,020h,0b0h,4,0c8h,5,0e0h,0,0ffh
2338++ A4EC 009820B004C805E000FF
2339++ A4F6             
2340++ A4F6             
2341++ A4F6             ;--- GM 124 = Telephone / Bird ---
2342++ A4F6             
2343++ A4F6             patch_124: 	
2344++ A4F6 00          		db	0	; transpose off
2345++ A4F7 9E A4       		dw	patch_115hdr
2346++ A4F9 30 03 48    		db	48, 3, 36 * 2
2347++ A4FC 05 A8       		dw	frq_27
2348++ A4FE FF 09 48    		db	255, 9, 36 * 2
2349++ A501 05 AB       		dw	frq_203
2350++ A503             
2351++ A503             
2352++ A503             ;--- GM 125 = Helicopter ---
2353++ A503             
2354++ A503             patch_125A: 	
2355++ A503 00          		db	0	; transpose off
2356++ A504 0B A5       		dw	patch_125Ahdr
2357++ A506 FF 01 30    		db	255, 1, 24 * 2
2358++ A509 5D B3       		dw	frq_560
2359++ A50B             patch_125Ahdr: 	
2360++ A50B 08 C8 07 FF 		db	8,0c8h,7,0ffh
2361++ A50F             
2362++ A50F 00          patch_125B: 	db	0	; transpose off
2363++ A510 17 A5       		dw	patch_125Bhdr
2364++ A512 FF 37 48    		db	255, 55, 36 * 2
2365++ A515 C5 B1       		dw	frq_462
2366++ A517             patch_125Bhdr: 	
2367++ A517             		db	0,0c8h,7,0e0h,0,0ffh
2367++ A517 00C807E000FF
2368++ A51D             
2369++ A51D             
2370++ A51D             ;--- GM 126 = Applause ---
2371++ A51D             
2372++ A51D             patch_126A: 	
2373++ A51D 00          		db	0	; transpose off
2374++ A51E 25 A5       		dw	patch_126Ahdr
2375++ A520 FF 36 30    		db	255, 54, 24 * 2
2376++ A523 AD AB       		dw	frq_216
2377++ A525             patch_126Ahdr: 	
2378++ A525 0F 98 70 FF 		db	0fh,098h,070h,0ffh
2379++ A529             
2380++ A529             patch_126B: 	
2381++ A529 00          		db	0	; transpose off
2382++ A52A 31 A5       		dw	patch_126Bhdr
2383++ A52C FF 36 30    		db	255, 54, 24 * 2
2384++ A52F C5 B1       		dw	frq_462
2385++ A531             patch_126Bhdr: 	
2386++ A531 07 98 70 FF 		db	07h,098h,070h,0ffh
2387++ A535             
2388++ A535             ;--- GM 127 = Gunshot / Snare ---
2389++ A535             
2390++ A535             patch_127: 	
2391++ A535 00          		db	0	; transpose off
2392++ A536 42 A5       		dw	patch_127hdr
2393++ A538 30 39 31    		db	48,39h, 1 + 24 * 2	; tone 313
2394++ A53B 05 AB       		dw	frq_203
2395++ A53D             ;        	db      255, 59, 1 + 24 * 2
2396++ A53D FF 78 30    		db	255, 120, 0 + 24 * 2
2397++ A540 05 AB       		dw	frq_203
2398++ A542             patch_127hdr: 	
2399++ A542 38 C8 03 FF 		db	038h,0c8h,3,0ffh
2400++ A546             
2401++ A546             ;--- Drum patch 1 ---
2402++ A546             
2403++ A546             drum_1: 	
2404++ A546 00          		db	0	; transpose off
2405++ A547 53 A5       		dw	drum_1hdr
2406++ A549 30 11 30    		db	48,17, 24 * 2	; tone 17
2407++ A54C 9D AC       		dw	frq_264
2408++ A54E FF BF 48    		db	255,191, 36 * 2	; tone 191
2409++ A551 9D AC       		dw	frq_264
2410++ A553             drum_1hdr: 	
2411++ A553             		db	0,098h,0f4h,0b0h,0feh,0c8h,6,0ffh
2411++ A553 0098F4B0FEC806FF
2412++ A55B             
2413++ A55B             ;--- Drum patch 2 ---
2414++ A55B             
2415++ A55B             drum_2: 	
2416++ A55B 00          		db	0	; transpose off
2417++ A55C 68 A5       		dw	drum_2hdr
2418++ A55E 30 D1 30    		db	48,209, 24 * 2	; tone 209
2419++ A561 7D B7       		dw	frq_908
2420++ A563 FF C5 30    		db	255,197, 24 * 2	; tone 197
2421++ A566 7D B7       		dw	frq_908
2422++ A568             drum_2hdr: 	
2423++ A568             		db	0,098h,0f5h,0b0h,0f2h,0c8h,6,0ffh
2423++ A568 0098F5B0F2C806FF
2424++ A570             
2425++ A570             
2426++ A570             ;--- Drum patch 3 ---
2427++ A570             
2428++ A570             drum_3: 		
2429++ A570 00          		db	0	; transpose off
2430++ A571 78 A5       		dw	drum_3hdr
2431++ A573 FF 0A 30    		db	255,10, 24 * 2	; tone 10
2432++ A576 4D B4       		dw	frq_654
2433++ A578             drum_3hdr: 	
2434++ A578             		db	0,098h,0f4h,0b0h,0f2h,0c8h,6,0ffh
2434++ A578 0098F4B0F2C806FF
2435++ A580             
2436++ A580             ;--- Drum patch 4 ---
2437++ A580             
2438++ A580             drum_4: 		
2439++ A580 00          		db	0	; transpose off
2440++ A581 78 A5       		dw	drum_3hdr
2441++ A583 FF 1C 30    		db	255,28, 24 * 2	; tone 28
2442++ A586 75 AA       		dw	frq_187
2443++ A588             
2444++ A588             ;--- Drum patch 5 ---
2445++ A588             
2446++ A588             drum_5: 	
2447++ A588 00          		db	0	; transpose off
2448++ A589 78 A5       		dw	drum_3hdr
2449++ A58B FF 1F 30    		db	255,31, 24 * 2	; tone 31
2450++ A58E 7D B7       		dw	frq_908
2451++ A590             
2452++ A590             ;--- Drum patch 6 ---
2453++ A590             
2454++ A590             drum_6: 		
2455++ A590 00          		db	0	; transpose off
2456++ A591 78 A5       		dw	drum_3hdr
2457++ A593 FF 9C 30    		db	255,156, 24 * 2	; tone 156
2458++ A596 05 A8       		dw	frq_27
2459++ A598             
2460++ A598             ;--- Drum patch 7 ---
2461++ A598             
2462++ A598             drum_7: 	
2463++ A598 00          		db	0	; transpose off
2464++ A599 78 A5       		dw	drum_3hdr
2465++ A59B FF 31 30    		db	255,49, 24 * 2	; tone 49
2466++ A59E D5 A7       		dw	frq_24
2467++ A5A0             
2468++ A5A0             ;--- Drum patch 8 ---
2469++ A5A0             
2470++ A5A0             drum_8: 	
2471++ A5A0 00          		db	0	; transpose off
2472++ A5A1 A8 A5       		dw	drum_8hdr
2473++ A5A3 FF 9D 30    		db	255,157, 24 * 2	; tone 157
2474++ A5A6 6D B5       		dw	frq_737
2475++ A5A8             drum_8hdr: 	
2476++ A5A8             		db	0,0b0h,027h,0c8h,6,0ffh
2476++ A5A8 00B027C806FF
2477++ A5AE             
2478++ A5AE             gmdrm_hdr1: 	
2479++ A5AE             		db	0,098h,0f4h,0b0h,0f2h,0c8h,6,0ffh
2479++ A5AE 0098F4B0F2C806FF
2480++ A5B6             gmdrm_hdr2: 	
2481++ A5B6             		db	0,098h,0f5h,0b0h,0f2h,0c8h,6,0ffh
2481++ A5B6 0098F5B0F2C806FF
2482++ A5BE             gmdrm_hdr3: 	
2483++ A5BE             		db	0,098h,0f2h,0b0h,0f2h,0c8h,6,0ffh
2483++ A5BE 0098F2B0F2C806FF
2484++ A5C6             gmdrm_hdr4: 	
2485++ A5C6             		db	0,098h,0f1h,0b0h,0f2h,0c8h,6,0ffh
2485++ A5C6 0098F1B0F2C806FF
2486++ A5CE             gmdrm_hdr5: 	
2487++ A5CE             		db	0,098h,0f4h,0b0h,027h,0c8h,6,0ffh
2487++ A5CE 0098F4B027C806FF
2488++ A5D6             gmdrm_hdr6: 	
2489++ A5D6             		db	0,098h,0f4h,0b0h,0f2h,0c8h,7,0ffh
2489++ A5D6 0098F4B0F2C807FF
2490++ A5DE             gmdrm_hdr7: 	
2491++ A5DE             		db	0,098h,0f6h,0b0h,0ffh,0c8h,6,0ffh
2491++ A5DE 0098F6B0FFC806FF
2492++ A5E6             gmdrm_hdr8: 	
2493++ A5E6             		db	0,098h,0f4h,0b0h,0f2h,0c8h,6,0ffh
2493++ A5E6 0098F4B0F2C806FF
2494++ A5EE             gmdrm_hdr9: 	
2495++ A5EE             		db	0,098h,0f4h,0b0h,0f2h,0c8h,4,0ffh
2495++ A5EE 0098F4B0F2C804FF
2496++ A5F6             
2497++ A5F6             ;--- Midi Drum patch ---
2498++ A5F6             
2499++ A5F6             drum_midi: 	
2500++ A5F6 00          		db	0	; transpose off
2501++ A5F7 AE A5       		dw	gmdrm_hdr1
2502++ A5F9 24 10 1A    		db	36,16, (48 - 35) * 2	; tone 16
2503++ A5FC 8D AD       		dw	frq_311
2504++ A5FE             
2505++ A5FE             MBPlayer_gmdrm_c4: 
2506++ A5FE             gmdrm_c4: 	
2507++ A5FE 11          		db	17
2508++ A5FF 18 F2       		db	018h,0f2h
2509++ A601 AE A5       		dw	gmdrm_hdr1
2510++ A603             gmdrm_cp4: 	
2511++ A603 D2          		db	210
2512++ A604 F6 00       		db	0f6h,0
2513++ A606 AE A5       		dw	gmdrm_hdr1
2514++ A608             gmdrm_d4: 	
2515++ A608 D1          		db	209
2516++ A609 F4 F6       		db	0f4h,0f6h
2517++ A60B B6 A5       		dw	gmdrm_hdr2
2518++ A60D             gmdrm_dp4: 	
2519++ A60D 0A          		db	10
2520++ A60E 2A F5       		db	02ah,0f5h
2521++ A610 AE A5       		dw	gmdrm_hdr1
2522++ A612             gmdrm_e4: 	
2523++ A612 D1          		db	209
2524++ A613 38 03       		db	038h,003h
2525++ A615 BE A5       		dw	gmdrm_hdr3
2526++ A617             gmdrm_f4: 	
2527++ A617 C8          		db	200
2528++ A618 60 00       		db	060h,0
2529++ A61A AE A5       		dw	gmdrm_hdr1
2530++ A61C             gmdrm_fp4: 	
2531++ A61C 79          		db	121
2532++ A61D 5C 01       		db	05ch,1
2533++ A61F AE A5       		dw	gmdrm_hdr1
2534++ A621             gmdrm_g4: 	
2535++ A621 C8          		db	200
2536++ A622 A8 02       		db	0a8h,2
2537++ A624 AE A5       		dw	gmdrm_hdr1
2538++ A626             gmdrm_gp4: 	
2539++ A626 7B          		db	123
2540++ A627 34 05       		db	034h,5
2541++ A629 AE A5       		dw	gmdrm_hdr1
2542++ A62B             gmdrm_a4: 	
2543++ A62B C8          		db	200
2544++ A62C 46 04       		db	046h,4
2545++ A62E AE A5       		dw	gmdrm_hdr1
2546++ A630             gmdrm_ap4: 	
2547++ A630 7A          		db	122
2548++ A631 34 05       		db	034h,5
2549++ A633 C6 A5       		dw	gmdrm_hdr4
2550++ A635 C7          gmdrm_b4: 	db	199
2551++ A636 0A 03       		db	00ah,3
2552++ A638 AE A5       		dw	gmdrm_hdr1
2553++ A63A             
2554++ A63A             gmdrm_c5: 	
2555++ A63A C7          		db	199
2556++ A63B F4 04       		db	0f4h,4
2557++ A63D AE A5       		dw	gmdrm_hdr1
2558++ A63F             gmdrm_cp5: 	
2559++ A63F 31          		db	49
2560++ A640 32 00       		db	032h,0
2561++ A642 AE A5       		dw	gmdrm_hdr1
2562++ A644             gmdrm_d5: 	
2563++ A644 C7          		db	199
2564++ A645 90 10       		db	090h,010h
2565++ A647 AE A5       		dw	gmdrm_hdr1
2566++ A649             gmdrm_dp5: 	
2567++ A649 2E          		db	46
2568++ A64A CE 01       		db	0ceh,1
2569++ A64C AE A5       		dw	gmdrm_hdr1
2570++ A64E             gmdrm_e5: 	
2571++ A64E 7A          		db	122
2572++ A64F 56 E1       		db	056h,0e1h
2573++ A651 AE A5       		dw	gmdrm_hdr1
2574++ A653             gmdrm_f5: 	
2575++ A653 21          		db	33
2576++ A654 3C 01       		db	03ch,1
2577++ A656 AE A5       		dw	gmdrm_hdr1
2578++ A658             gmdrm_fp5: 	
2579++ A658 25          		db	37
2580++ A659 BA 00       		db	0bah,0
2581++ A65B BE A5       		dw	gmdrm_hdr3
2582++ A65D             gmdrm_g5: 	
2583++ A65D 31          		db	49
2584++ A65E CA 05       		db	0cah,5
2585++ A660 B6 A5       		dw	gmdrm_hdr2
2586++ A662 1D          gmdrm_gp5: 	db	29
2587++ A663 FE F6       		db	0feh,0f6h
2588++ A665 AE A5       		dw	gmdrm_hdr1
2589++ A667             gmdrm_a5: 	
2590++ A667 31          		db	49
2591++ A668 70 03       		db	070h,3
2592++ A66A AE A5       		dw	gmdrm_hdr1
2593++ A66C 9D          gmdrm_ap5: 	db	157
2594++ A66D CA F5       		db	0cah,0f5h
2595++ A66F CE A5       		dw	gmdrm_hdr5
2596++ A671             gmdrm_b5: 	
2597++ A671 2E          		db	46
2598++ A672 74 05       		db	074h,5
2599++ A674 D6 A5       		dw	gmdrm_hdr6
2600++ A676             
2601++ A676             gmdrm_c6: 	
2602++ A676 1C          		db	28
2603++ A677 76 01       		db	076h,1
2604++ A679 AE A5       		dw	gmdrm_hdr1
2605++ A67B             gmdrm_cp6: 	
2606++ A67B 1C          		db	28
2607++ A67C 32 00       		db	032h,0
2608++ A67E AE A5       		dw	gmdrm_hdr1
2609++ A680             gmdrm_d6: 	
2610++ A680 1E          		db	30
2611++ A681 DA F4       		db	0dah,0f4h
2612++ A683 AE A5       		dw	gmdrm_hdr1
2613++ A685             gmdrm_dp6: 	
2614++ A685 1F          		db	31
2615++ A686 FE F6       		db	0feh,0f6h
2616++ A688 AE A5       		dw	gmdrm_hdr1
2617++ A68A             gmdrm_e6: 	
2618++ A68A 1F          		db	31
2619++ A68B FC F2       		db	0fch,0f2h
2620++ A68D AE A5       		dw	gmdrm_hdr1
2621++ A68F             gmdrm_f6: 	
2622++ A68F 9C          		db	156
2623++ A690 3E 00       		db	03eh,0
2624++ A692 AE A5       		dw	gmdrm_hdr1
2625++ A694             gmdrm_fp6: 	
2626++ A694 9C          		db	156
2627++ A695 D0 F4       		db	0d0h,0f4h
2628++ A697 AE A5       		dw	gmdrm_hdr1
2629++ A699             gmdrm_g6: 	
2630++ A699 0B          		db	11
2631++ A69A 16 00       		db	016h,0
2632++ A69C AE A5       		dw	gmdrm_hdr1
2633++ A69E             gmdrm_gp6: 	
2634++ A69E 0B          		db	11
2635++ A69F 3C F4       		db	03ch,0f4h
2636++ A6A1 AE A5       		dw	gmdrm_hdr1
2637++ A6A3             gmdrm_a6: 	
2638++ A6A3 2F          		db	47
2639++ A6A4 50 03       		db	050h,3
2640++ A6A6 AE A5       		dw	gmdrm_hdr1
2641++ A6A8             gmdrm_ap6: 	
2642++ A6A8 30          		db	48
2643++ A6A9 4A 00       		db	04ah,0
2644++ A6AB AE A5       		dw	gmdrm_hdr1
2645++ A6AD             gmdrm_b6: 	
2646++ A6AD 2D          		db	45
2647++ A6AE 38 F3       		db	038h,0f3h
2648++ A6B0 AE A5       		dw	gmdrm_hdr1
2649++ A6B2             
2650++ A6B2             gmdrm_c7: 	
2651++ A6B2 44          		db	044h
2652++ A6B3 53 F2       		db	053h,0f2h
2653++ A6B5 DE A5       		dw	gmdrm_hdr7
2654++ A6B7             gmdrm_cp7: 	
2655++ A6B7 24          		db	36
2656++ A6B8 74 05       		db	074h,5
2657++ A6BA E6 A5       		dw	gmdrm_hdr8
2658++ A6BC             gmdrm_d7: 	
2659++ A6BC 24          		db	36
2660++ A6BD 48 F6       		db	048h,0f6h
2661++ A6BF AE A5       		dw	gmdrm_hdr1
2662++ A6C1             gmdrm_dp7: 	
2663++ A6C1 20          		db	32
2664++ A6C2 50 F5       		db	050h,0f5h
2665++ A6C4 AE A5       		dw	gmdrm_hdr1
2666++ A6C6             gmdrm_e7: 	
2667++ A6C6 2C          		db	44
2668++ A6C7 28 F2       		db	028h,0f2h
2669++ A6C9 AE A5       		dw	gmdrm_hdr1
2670++ A6CB             gmdrm_f7: 	
2671++ A6CB 2C          		db	44
2672++ A6CC 5C E7       		db	05ch,0e7h
2673++ A6CE AE A5       		dw	gmdrm_hdr1
2674++ A6D0             gmdrm_fp7: 	
2675++ A6D0 22          		db	34
2676++ A6D1 22 10       		db	022h,010h
2677++ A6D3 AE A5       		dw	gmdrm_hdr1
2678++ A6D5             gmdrm_g7: 	
2679++ A6D5 23          		db	35
2680++ A6D6 C0 F6       		db	0c0h,0f6h
2681++ A6D8 AE A5       		dw	gmdrm_hdr1
2682++ A6DA             gmdrm_gp7: 	
2683++ A6DA 32          		db	50
2684++ A6DB 50 00       		db	050h,0
2685++ A6DD AE A5       		dw	gmdrm_hdr1
2686++ A6DF             gmdrm_a7: 	
2687++ A6DF 32          		db	50
2688++ A6E0 54 00       		db	054h,0
2689++ A6E2 EE A5       		dw	gmdrm_hdr9
2690++ A6E4             gmdrm_ap7: 	
2691++ A6E4 BF          		db	191
2692++ A6E5 18 F2       		db	018h,0f2h
2693++ A6E7 AE A5       		dw	gmdrm_hdr1
2694++ A6E9             gmdrm_b7: 	
2695++ A6E9 C5          		db	197
2696++ A6EA 18 F7       		db	018h,0f7h
2697++ A6EC AE A5       		dw	gmdrm_hdr1
2698++ A6EE             gmdrm_c8: 	
2699++ A6EE C5          		db	197
2700++ A6EF 38 03       		db	038h,003h
2701++ A6F1 AE A5       		dw	gmdrm_hdr1
2702++ A6F3             gmdrm_cp8: 	
2703++ A6F3 D0          		db	208
2704++ A6F4 18 F2       		db	018h,0f2h
2705++ A6F6 AE A5       		dw	gmdrm_hdr1
2706++ A6F8             gmdrm_d8: 	
2707++ A6F8 78          		db	120
2708++ A6F9 18 F2       		db	018h,0f2h
2709++ A6FB AE A5       		dw	gmdrm_hdr1
2710++ A6FD             
1728+  A6FD             		.include "freq_table_4.inc"
0001++ A6FD             ;-------------------------------------------------------------------
0002++ A6FD             ; îïèñàíèå:  Òàáëèöà ÷àñòîò
0003++ A6FD             ;---------------------------------------------------------------------
0004++ A6FD             frq_0: 		
0005++ A6FD             		dw	0,61,125,194,266,343,424,510,601,698,801,909
0005++ A6FD 00003D007D00C2000A015701A801FE015902BA0221038D03
0006++ A715             frq_1: 		
0007++ A715             		dw	1,62,127,195,268,345,426,512,604,700,803,912
0007++ A715 01003E007F00C3000C015901AA0100025C02BC0223039003
0008++ A72D             frq_8: 		
0009++ A72D             		dw	8,69,134,203,276,353,435,522,614,711,814,924
0009++ A72D 080045008600CB0014016101B3010A026602C7022E039C03
0010++ A745             frq_9: 		
0011++ A745             		dw	9,70,135,204,277,355,437,524,616,713,816,926
0011++ A745 090046008700CC0015016301B5010C026802C90230039E03
0012++ A75D             frq_10: 		
0013++ A75D             		dw	10,71,136,205,278,356,438,525,617,714,818,927
0013++ A75D 0A0047008800CD0016016401B6010D026902CA0232039F03
0014++ A775             frq_15: 		
0015++ A775             		dw	15,77,143,212,286,364,446,533,626,724,828,938
0015++ A775 0F004D008F00D4001E016C01BE0115027202D4023C03AA03
0016++ A78D             frq_20: 		
0017++ A78D             		dw	20,82,148,217,291,369,452,540,633,731,836,946
0017++ A78D 140052009400D90023017101C4011C027902DB024403B203
0018++ A7A5             frq_21: 		
0019++ A7A5             		dw	21,83,148,218,292,370,453,542,635,733,838,949
0019++ A7A5 150053009400DA0024017201C5011E027B02DD024603B503
0020++ A7BD             frq_22: 		
0021++ A7BD             		dw	22,84,150,219,293,372,455,542,636,734,839,950
0021++ A7BD 160054009600DB0025017401C7011E027C02DE024703B603
0022++ A7D5             frq_24: 		
0023++ A7D5             		dw	24,86,152,222,296,375,457,545,639,737,842,953
0023++ A7D5 180056009800DE0028017701C90121027F02E1024A03B903
0024++ A7ED             frq_26: 		
0025++ A7ED             		dw	26,88,154,224,299,377,461,549,642,741,846,958
0025++ A7ED 1A0058009A00E0002B017901CD0125028202E5024E03BE03
0026++ A805             frq_27: 		
0027++ A805             		dw	27,89,155,225,300,378,462,550,644,743,848,959
0027++ A805 1B0059009B00E1002C017A01CE0126028402E7025003BF03
0028++ A81D             frq_45: 		
0029++ A81D             		dw	45,109,176,248,324,403,488,578,673,774,881,995
0029++ A81D 2D006D00B000F80044019301E8014202A10206037103E303
0030++ A835             frq_46: 		
0031++ A835             		dw	46,110,177,248,324,404,489,579,674,775,882,996
0031++ A835 2E006E00B100F80044019401E9014302A20207037203E403
0032++ A84D             frq_69: 		
0033++ A84D             		dw	69,134,203,276,353,435,522,614,711,815,924,8+2048
0033++ A84D 45008600CB0014016101B3010A026602C7022F039C030808
0034++ A865             frq_70: 		
0035++ A865             		dw	70,135,204,277,354,436,523,615,712,815,925,8+2048
0035++ A865 46008700CC0015016201B4010B026702C8022F039D030808
0036++ A87D             frq_73: 		
0037++ A87D             		dw	73,139,208,281,359,441,528,620,718,822,932,12+2048
0037++ A87D 49008B00D00019016701B90110026C02CE023603A4030C08
0038++ A895             frq_75: 		
0039++ A895             		dw	75,141,210,283,361,444,531,623,721,825,935,14+2048
0039++ A895 4B008D00D2001B016901BC0113026F02D1023903A7030E08
0040++ A8AD             frq_79: 		
0041++ A8AD             		dw	79,145,214,288,366,449,536,629,727,831,942,17+2048
0041++ A8AD 4F009100D60020016E01C10118027502D7023F03AE031108
0042++ A8C5             frq_82: 		
0043++ A8C5             		dw	82,147,217,291,369,452,540,633,731,835,946,20+2048
0043++ A8C5 52009300D90023017101C4011C027902DB024303B2031408
0044++ A8DD             frq_84: 		
0045++ A8DD             		dw	84,150,219,293,372,455,543,636,734,839,950,22+2048
0045++ A8DD 54009600DB0025017401C7011F027C02DE024703B6031608
0046++ A8F5             frq_88: 		
0047++ A8F5             		dw	88,154,224,298,377,460,548,642,741,846,957,25+2048
0047++ A8F5 58009A00E0002A017901CC0124028202E5024E03BD031908
0048++ A90D             frq_89: 		
0049++ A90D             		dw	89,155,225,299,378,461,550,643,742,847,959,26+2048
0049++ A90D 59009B00E1002B017A01CD0126028302E6024F03BF031A08
0050++ A925             frq_91: 		
0051++ A925             		dw	91,157,228,302,381,465,553,647,746,851,963,29+2048
0051++ A925 5B009D00E4002E017D01D10129028702EA025303C3031D08
0052++ A93D             frq_94: 		
0053++ A93D             		dw	94,161,231,306,385,469,557,651,751,857,968,31+2048
0053++ A93D 5E00A100E70032018101D5012D028B02EF025903C8031F08
0054++ A955             frq_96: 		
0055++ A955             		dw	96,162,233,308,387,471,560,654,753,859,971,33+2048
0055++ A955 6000A200E90034018301D70130028E02F1025B03CB032108
0056++ A96D             frq_97: 		
0057++ A96D             		dw	97,164,235,309,389,473,562,656,756,862,974,34+2048
0057++ A96D 6100A400EB0035018501D90132029002F4025E03CE032208
0058++ A985             frq_98: 		
0059++ A985             		dw	98,165,236,311,390,474,563,657,757,863,976,35+2048
0059++ A985 6200A500EC0037018601DA0133029102F5025F03D0032308
0060++ A99D             frq_113: 	
0061++ A99D             		dw	113,180,252,328,408,493,583,679,780,887,1001,49+2048
0061++ A99D 7100B400FC0048019801ED014702A7020C037703E9033108
0062++ A9B5             frq_118: 	
0063++ A9B5             		dw	118,186,257,334,415,501,591,687,789,897,1011,54+2048
0063++ A9B5 7600BA0001014E019F01F5014F02AF0215038103F3033608
0064++ A9CD             frq_135: 	
0065++ A9CD             		dw	135,204,277,355,437,524,616,713,816,926,9+2048,70+2048
0065++ A9CD 8700CC0015016301B5010C026802C90230039E0309084608
0066++ A9E5             frq_141: 	
0067++ A9E5             		dw	141,210,283,361,443,530,623,721,825,935,13+2048,75+2048
0067++ A9E5 8D00D2001B016901BB0112026F02D1023903A7030D084B08
0068++ A9FD             frq_143: 	
0069++ A9FD             		dw	143,212,286,363,446,533,626,724,828,938,15+2048,77+2048
0069++ A9FD 8F00D4001E016B01BE0115027202D4023C03AA030F084D08
0070++ AA15             frq_155: 	
0071++ AA15             		dw	155,225,299,376,461,549,643,742,847,959,26+2048,89+2048
0071++ AA15 9B00E1002B017801CD0125028302E6024F03BF031A085908
0072++ AA2D             frq_156: 	
0073++ AA2D             		dw	156,226,300,379,462,551,644,744,849,960,27+2048,89+2048
0073++ AA2D 9C00E2002C017B01CE0127028402E8025103C0031B085908
0074++ AA45             frq_167: 	
0075++ AA45             		dw	167,237,312,392,476,565,660,760,866,978,37+2048,100+2048
0075++ AA45 A700ED0038018801DC0135029402F8026203D20325086408
0076++ AA5D             frq_184: 	
0077++ AA5D             		dw	184,256,332,413,499,589,685,787,894,1008,53+2048,117+2048
0077++ AA5D B80000014C019D01F3014D02AD0213037E03F00335087508
0078++ AA75             frq_187: 	
0079++ AA75             		dw	187,259,336,417,502,593,689,791,899,1013,55+2048,119+2048
0079++ AA75 BB0003015001A101F6015102B10217038303F50337087708
0080++ AA8D             frq_188: 	
0081++ AA8D             		dw	188,260,336,417,503,593,690,792,899,1014,56+2048,120+2048
0081++ AA8D BC0004015001A101F7015102B20218038303F60338087808
0082++ AAA5             frq_191: 	
0083++ AAA5             		dw	191,263,340,421,507,598,694,796,905,1019,58+2048,123+2048
0083++ AAA5 BF0007015401A501FB015602B6021C038903FB033A087B08
0084++ AABD             frq_192: 	
0085++ AABD             		dw	192,264,341,422,508,599,696,798,906,1021,59+2048,124+2048
0085++ AABD C00008015501A601FC015702B8021E038A03FD033B087C08
0086++ AAD5             frq_195: 	
0087++ AAD5             		dw	195,267,344,425,512,603,700,802,911,1+2048,62+2048,126+2048
0087++ AAD5 C3000B015801A90100025B02BC0222038F0301083E087E08
0088++ AAED             frq_202: 	
0089++ AAED             		dw	202,275,352,434,521,613,710,813,922,7+2048,68+2048,133+2048
0089++ AAED CA0013016001B20109026502C6022D039A03070844088508
0090++ AB05             frq_203: 	
0091++ AB05             		dw	203,276,353,435,522,614,711,815,924,8+2048,69+2048,134+2048
0091++ AB05 CB0014016101B3010A026602C7022F039C03080845088608
0092++ AB1D             frq_204: 	
0093++ AB1D             		dw	204,277,354,436,523,615,712,815,925,8+2048,70+2048,135+2048
0093++ AB1D CC0015016201B4010B026702C8022F039D03080846088708
0094++ AB35             frq_206: 	
0095++ AB35             		dw	206,279,356,438,525,618,715,819,928,10+2048,72+2048,137+2048
0095++ AB35 CE0017016401B6010D026A02CB023303A0030A0848088908
0096++ AB4D             frq_208: 	
0097++ AB4D             		dw	208,281,359,441,528,621,718,822,932,12+2048,74+2048,139+2048
0097++ AB4D D00019016701B90110026D02CE023603A4030C084A088B08
0098++ AB65             frq_211: 	
0099++ AB65             		dw	211,284,362,445,532,624,722,826,936,14+2048,76+2048,142+2048
0099++ AB65 D3001C016A01BD0114027002D2023A03A8030E084C088E08
0100++ AB7D             frq_214: 	
0101++ AB7D             		dw	214,288,366,449,536,629,727,831,942,17+2048,79+2048,145+2048
0101++ AB7D D60020016E01C10118027502D7023F03AE0311084F089108
0102++ AB95             frq_215: 	
0103++ AB95             		dw	215,289,367,450,538,630,729,833,943,18+2048,80+2048,146+2048
0103++ AB95 D70021016F01C2011A027602D9024103AF03120850089208
0104++ ABAD             frq_216: 	
0105++ ABAD             		dw	216,289,368,450,538,631,729,834,944,19+2048,80+2048,146+2048
0105++ ABAD D80021017001C2011A027702D9024203B003130850089208
0106++ ABC5             frq_217: 	
0107++ ABC5             		dw	217,291,369,452,540,633,731,835,946,20+2048,82+2048,147+2048
0107++ ABC5 D90023017101C4011C027902DB024303B203140852089308
0108++ ABDD             frq_219: 	
0109++ ABDD             		dw	219,293,372,455,543,636,734,839,950,22+2048,84+2048,150+2048
0109++ ABDD DB0025017401C7011F027C02DE024703B603160854089608
0110++ ABF5             frq_220: 	
0111++ ABF5             		dw	220,294,373,456,544,637,736,841,951,22+2048,85+2048,151+2048
0111++ ABF5 DC0026017501C80120027D02E0024903B703160855089708
0112++ AC0D             frq_221: 	
0113++ AC0D             		dw	221,296,374,457,545,639,737,842,953,23+2048,86+2048,152+2048
0113++ AC0D DD0028017601C90121027F02E1024A03B903170856089808
0114++ AC25             frq_228: 	
0115++ AC25             		dw	228,302,381,465,553,647,747,852,963,29+2048,91+2048,158+2048
0115++ AC25 E4002E017D01D10129028702EB025403C3031D085B089E08
0116++ AC3D             frq_231: 	
0117++ AC3D             		dw	231,305,384,468,557,651,750,856,967,31+2048,94+2048,160+2048
0117++ AC3D E70031018001D4012D028B02EE025803C7031F085E08A008
0118++ AC55             frq_242: 	
0119++ AC55             		dw	242,317,397,481,571,666,766,873,985,40+2048,104+2048,171+2048
0119++ AC55 F2003D018D01E1013B029A02FE026903D90328086808AB08
0120++ AC6D             frq_254: 	
0121++ AC6D             		dw	254,330,410,495,586,681,783,890,1004,50+2048,114+2048,182+2048
0121++ AC6D FE004A019A01EF014A02A9020F037A03EC0332087208B608
0122++ AC85             frq_261: 	
0123++ AC85             		dw	261,337,418,504,595,691,793,901,1016,56+2048,121+2048,189+2048
0123++ AC85 05015101A201F8015302B30219038503F80338087908BD08
0124++ AC9D             frq_264: 	
0125++ AC9D             		dw	264,341,422,508,599,695,797,906,1020,59+2048,123+2048,192+2048
0125++ AC9D 08015501A601FC015702B7021D038A03FC033B087B08C008
0126++ ACB5             frq_273: 	
0127++ ACB5             		dw	273,350,432,519,610,708,810,920,6+2048,67+2048,132+2048,200+2048
0127++ ACB5 11015E01B00107026202C4022A039803060843088408C808
0128++ ACCD             frq_274: 	
0129++ ACCD             		dw	274,351,433,519,611,708,811,920,6+2048,67+2048,132+2048,201+2048
0129++ ACCD 12015F01B10107026302C4022B039803060843088408C908
0130++ ACE5             frq_282: 	
0131++ ACE5             		dw	282,360,442,529,621,719,823,933,13+2048,74+2048,139+2048,209+2048
0131++ ACE5 1A016801BA0111026D02CF023703A5030D084A088B08D108
0132++ ACFD             frq_286: 	
0133++ ACFD             		dw	286,363,446,533,626,724,828,938,15+2048,77+2048,143+2048,212+2048
0133++ ACFD 1E016B01BE0115027202D4023C03AA030F084D088F08D408
0134++ AD15             frq_287: 	
0135++ AD15             		dw	287,365,447,535,627,726,830,940,16+2048,78+2048,144+2048,213+2048
0135++ AD15 1F016D01BF0117027302D6023E03AC0310084E089008D508
0136++ AD2D             frq_288: 	
0137++ AD2D             		dw	288,366,449,536,629,727,831,942,17+2048,79+2048,145+2048,214+2048
0137++ AD2D 20016E01C10118027502D7023F03AE0311084F089108D608
0138++ AD45             frq_290: 	
0139++ AD45             		dw	290,368,451,539,632,730,835,945,19+2048,81+2048,147+2048,216+2048
0139++ AD45 22017001C3011B027802DA024303B103130851089308D808
0140++ AD5D             frq_291: 	
0141++ AD5D             		dw	291,370,453,540,633,731,836,946,20+2048,82+2048,148+2048,217+2048
0141++ AD5D 23017201C5011C027902DB024403B203140852089408D908
0142++ AD75             frq_299: 	
0143++ AD75             		dw	299,378,461,550,643,742,848,959,26+2048,89+2048,155+2048,225+2048
0143++ AD75 2B017A01CD0126028302E6025003BF031A0859089B08E108
0144++ AD8D             frq_311: 	
0145++ AD8D             		dw	311,391,475,564,658,758,864,977,36+2048,99+2048,166+2048,236+2048
0145++ AD8D 37018701DB0134029202F6026003D10324086308A608EC08
0146++ ADA5             frq_314: 	
0147++ ADA5             		dw	314,394,478,567,662,762,868,981,38+2048,101+2048,168+2048,239+2048
0147++ ADA5 3A018A01DE0137029602FA026403D50326086508A808EF08
0148++ ADBD             frq_317: 	
0149++ ADBD             		dw	317,397,481,571,666,766,873,986,41+2048,104+2048,171+2048,242+2048
0149++ ADBD 3D018D01E1013B029A02FE026903DA0329086808AB08F208
0150++ ADD5             frq_333: 	
0151++ ADD5             		dw	333,414,500,590,686,788,896,1010,53+2048,117+2048,185+2048,257+2048
0151++ ADD5 4D019E01F4014E02AE0214038003F20335087508B9080109
0152++ ADED             frq_335: 	
0153++ ADED             		dw	335,416,502,593,689,791,899,1013,55+2048,119+2048,187+2048,259+2048
0153++ ADED 4F01A001F6015102B10217038303F50337087708BB080309
0154++ AE05             frq_338: 	
0155++ AE05             		dw	338,419,505,596,692,794,902,1016,56+2048,121+2048,189+2048,261+2048
0155++ AE05 5201A301F9015402B4021A038603F80338087908BD080509
0156++ AE1D             frq_340: 	
0157++ AE1D             		dw	340,421,507,598,694,796,905,1019,58+2048,123+2048,191+2048,263+2048
0157++ AE1D 5401A501FB015602B6021C038903FB033A087B08BF080709
0158++ AE35             frq_341: 	
0159++ AE35             		dw	341,422,508,599,696,798,906,1021,59+2048,124+2048,192+2048,264+2048
0159++ AE35 5501A601FC015702B8021E038A03FD033B087C08C0080809
0160++ AE4D             frq_342: 	
0161++ AE4D             		dw	342,423,509,600,697,799,907,1022,60+2048,125+2048,193+2048,265+2048
0161++ AE4D 5601A701FD015802B9021F038B03FE033C087D08C1080909
0162++ AE65             frq_343: 	
0163++ AE65             		dw	343,425,511,602,699,801,910,0+2048,61+2048,126+2048,195+2048,267+2048
0163++ AE65 5701A901FF015A02BB0221038E0300083D087E08C3080B09
0164++ AE7D             frq_345: 	
0165++ AE7D             		dw	345,427,513,604,701,804,913,2+2048,63+2048,127+2048,196+2048,268+2048
0165++ AE7D 5901AB0101025C02BD022403910302083F087F08C4080C09
0166++ AE95             frq_348: 	
0167++ AE95             		dw	348,429,516,607,704,806,915,3+2048,64+2048,129+2048,198+2048,271+2048
0167++ AE95 5C01AD0104025F02C00226039303030840088108C6080F09
0168++ AEAD             frq_350: 	
0169++ AEAD             		dw	350,430,518,609,705,808,917,4+2048,65+2048,130+2048,199+2048,272+2048
0169++ AEAD 5E01AE0106026102C10228039503040841088208C7081009
0170++ AEC5             frq_352: 	
0171++ AEC5             		dw	352,434,521,613,710,813,922,7+2048,68+2048,133+2048,202+2048,275+2048
0171++ AEC5 6001B20109026502C6022D039A03070844088508CA081309
0172++ AEDD             frq_354: 	
0173++ AEDD             		dw	354,436,523,615,712,815,925,8+2048,70+2048,135+2048,204+2048,277+2048
0173++ AEDD 6201B4010B026702C8022F039D03080846088708CC081509
0174++ AEF5             frq_355: 	
0175++ AEF5             		dw	355,437,524,616,713,816,926,9+2048,70+2048,135+2048,204+2048,277+2048
0175++ AEF5 6301B5010C026802C90230039E03090846088708CC081509
0176++ AF0D             frq_356: 	
0177++ AF0D             		dw	356,438,525,617,714,818,927,10+2048,71+2048,136+2048,205+2048,278+2048
0177++ AF0D 6401B6010D026902CA0232039F030A0847088808CD081609
0178++ AF25             frq_357: 	
0179++ AF25             		dw	357,439,526,618,716,820,929,11+2048,72+2048,137+2048,206+2048,279+2048
0179++ AF25 6501B7010E026A02CC023403A1030B0848088908CE081709
0180++ AF3D             frq_358: 	
0181++ AF3D             		dw	358,441,528,620,718,821,931,12+2048,73+2048,138+2048,207+2048,281+2048
0181++ AF3D 6601B90110026C02CE023503A3030C0849088A08CF081909
0182++ AF55             frq_360: 	
0183++ AF55             		dw	360,443,530,622,720,824,934,13+2048,75+2048,140+2048,209+2048,283+2048
0183++ AF55 6801BB0112026E02D0023803A6030D084B088C08D1081B09
0184++ AF6D             frq_361: 	
0185++ AF6D             		dw	361,443,531,623,722,825,935,14+2048,76+2048,141+2048,211+2048,284+2048
0185++ AF6D 6901BB0113026F02D2023903A7030E084C088D08D3081C09
0186++ AF85             frq_363: 	
0187++ AF85             		dw	363,445,533,625,723,827,937,15+2048,77+2048,142+2048,211+2048,285+2048
0187++ AF85 6B01BD0115027102D3023B03A9030F084D088E08D3081D09
0188++ AF9D             frq_364: 	
0189++ AF9D             		dw	364,447,534,627,725,829,939,16+2048,78+2048,144+2048,213+2048,286+2048
0189++ AF9D 6C01BF0116027302D5023D03AB0310084E089008D5081E09
0190++ AFB5             frq_365: 	
0191++ AFB5             		dw	365,447,535,627,726,830,940,16+2048,78+2048,144+2048,213+2048,287+2048
0191++ AFB5 6D01BF0117027302D6023E03AC0310084E089008D5081F09
0192++ AFCD             frq_366: 	
0193++ AFCD             		dw	366,449,536,629,727,831,942,17+2048,79+2048,145+2048,214+2048,288+2048
0193++ AFCD 6E01C10118027502D7023F03AE0311084F089108D6082009
0194++ AFE5             frq_367: 	
0195++ AFE5             		dw	367,450,537,630,729,833,943,18+2048,80+2048,146+2048,216+2048,289+2048
0195++ AFE5 6F01C20119027602D9024103AF03120850089208D8082109
0196++ AFFD             frq_369: 	
0197++ AFFD             		dw	369,452,540,633,731,835,946,20+2048,82+2048,147+2048,217+2048,291+2048
0197++ AFFD 7101C4011C027902DB024303B203140852089308D9082309
0198++ B015             frq_370: 	
0199++ B015             		dw	370,453,541,634,732,837,947,20+2048,82+2048,148+2048,218+2048,292+2048
0199++ B015 7201C5011D027A02DC024503B303140852089408DA082409
0200++ B02D             frq_373: 	
0201++ B02D             		dw	373,457,545,638,737,841,952,23+2048,85+2048,151+2048,221+2048,295+2048
0201++ B02D 7501C90121027E02E1024903B803170855089708DD082709
0202++ B045             frq_378: 	
0203++ B045             		dw	378,462,550,644,743,848,959,27+2048,89+2048,155+2048,225+2048,300+2048
0203++ B045 7A01CE0126028402E7025003BF031B0859089B08E1082C09
0204++ B05D             frq_379: 	
0205++ B05D             		dw	378,463,551,645,744,849,960,27+2048,90+2048,156+2048,226+2048,300+2048
0205++ B05D 7A01CF0127028502E8025103C0031B085A089C08E2082C09
0206++ B075             frq_381: 	
0207++ B075             		dw	381,465,553,647,747,852,963,29+2048,91+2048,158+2048,228+2048,302+2048
0207++ B075 7D01D10129028702EB025403C3031D085B089E08E4082E09
0208++ B08D             frq_385: 	
0209++ B08D             		dw	385,469,558,652,752,857,969,32+2048,95+2048,161+2048,232+2048,306+2048
0209++ B08D 8101D5012E028C02F0025903C90320085F08A108E8083209
0210++ B0A5             frq_433: 	
0211++ B0A5             		dw	433,520,612,709,812,921,7+2048,68+2048,133+2048,202+2048,274+2048,352+2048
0211++ B0A5 B10108026402C5022C039903070844088508CA0812096009
0212++ B0BD             frq_434: 	
0213++ B0BD             		dw	434,521,613,710,813,922,7+2048,68+2048,133+2048,202+2048,275+2048,352+2048
0213++ B0BD B20109026502C6022D039A03070844088508CA0813096009
0214++ B0D5             frq_436: 	
0215++ B0D5             		dw	436,523,615,712,815,925,8+2048,70+2048,135+2048,204+2048,277+2048,354+2048
0215++ B0D5 B4010B026702C8022F039D03080846088708CC0815096209
0216++ B0ED             frq_442: 	
0217++ B0ED             		dw	442,529,621,719,823,933,12+2048,74+2048,139+2048,209+2048,282+2048,360+2048
0217++ B0ED BA0111026D02CF023703A5030C084A088B08D1081A096809
0218++ B105             frq_443: 	
0219++ B105             		dw	443,530,622,720,824,934,13+2048,75+2048,140+2048,209+2048,283+2048,360+2048
0219++ B105 BB0112026E02D0023803A6030D084B088C08D1081B096809
0220++ B11D             frq_445: 	
0221++ B11D             		dw	445,532,624,723,826,936,14+2048,76+2048,142+2048,211+2048,284+2048,362+2048
0221++ B11D BD0114027002D3023A03A8030E084C088E08D3081C096A09
0222++ B135             frq_448: 	
0223++ B135             		dw	448,535,628,726,830,941,17+2048,79+2048,144+2048,214+2048,287+2048,365+2048
0223++ B135 C00117027402D6023E03AD0311084F089008D6081F096D09
0224++ B14D             frq_450: 	
0225++ B14D             		dw	450,538,631,730,834,944,19+2048,81+2048,146+2048,216+2048,290+2048,368+2048
0225++ B14D C2011A027702DA024203B003130851089208D80822097009
0226++ B165             frq_455: 	
0227++ B165             		dw	455,543,637,735,840,951,22+2048,84+2048,150+2048,220+2048,294+2048,372+2048
0227++ B165 C7011F027D02DF024803B703160854089608DC0826097409
0228++ B17D             frq_459: 	
0229++ B17D             		dw	459,547,640,739,844,955,24+2048,87+2048,153+2048,223+2048,297+2048,375+2048
0229++ B17D CB0123028002E3024C03BB03180857089908DF0829097709
0230++ B195             frq_460: 	
0231++ B195             		dw	460,548,641,740,845,957,25+2048,88+2048,154+2048,224+2048,298+2048,376+2048
0231++ B195 CC0124028102E4024D03BD03190858089A08E0082A097809
0232++ B1AD             frq_461: 	
0233++ B1AD             		dw	461,549,642,741,846,958,26+2048,88+2048,154+2048,224+2048,299+2048,377+2048
0233++ B1AD CD0125028202E5024E03BE031A0858089A08E0082B097909
0234++ B1C5             frq_462: 	
0235++ B1C5             		dw	462,550,644,743,848,959,27+2048,89+2048,155+2048,225+2048,300+2048,378+2048
0235++ B1C5 CE0126028402E7025003BF031B0859089B08E1082C097A09
0236++ B1DD             frq_480: 	
0237++ B1DD             		dw	480,569,664,764,870,983,39+2048,102+2048,169+2048,240+2048,316+2048,395+2048
0237++ B1DD E00139029802FC026603D70327086608A908F0083C098B09
0238++ B1F5             frq_507: 	
0239++ B1F5             		dw	507,598,694,796,905,1019,58+2048,123+2048,191+2048,263+2048,340+2048,421+2048
0239++ B1F5 FB015602B6021C038903FB033A087B08BF0807095409A509
0240++ B20D             frq_508: 	
0241++ B20D             		dw	508,599,695,797,905,1019,58+2048,123+2048,191+2048,264+2048,341+2048,422+2048
0241++ B20D FC015702B7021D038903FB033A087B08BF0808095509A609
0242++ B225             frq_519: 	
0243++ B225             		dw	519,611,708,811,920,6+2048,67+2048,132+2048,201+2048,274+2048,351+2048,433+2048
0243++ B225 07026302C4022B039803060843088408C90812095F09B109
0244++ B23D             frq_531: 	
0245++ B23D             		dw	531,623,721,825,935,14+2048,76+2048,141+2048,210+2048,284+2048,362+2048,444+2048
0245++ B23D 13026F02D1023903A7030E084C088D08D2081C096A09BC09
0246++ B255             frq_532: 	
0247++ B255             		dw	532,624,722,826,936,14+2048,76+2048,141+2048,211+2048,284+2048,362+2048,445+2048
0247++ B255 14027002D2023A03A8030E084C088D08D3081C096A09BD09
0248++ B26D             frq_538: 	
0249++ B26D             		dw	538,631,730,834,944,19+2048,81+2048,146+2048,216+2048,290+2048,368+2048,451+2048
0249++ B26D 1A027702DA024203B003130851089208D80822097009C309
0250++ B285             frq_545: 	
0251++ B285             		dw	545,639,737,842,953,23+2048,86+2048,152+2048,221+2048,296+2048,374+2048,457+2048
0251++ B285 21027F02E1024A03B903170856089808DD0828097609C909
0252++ B29D             frq_548: 	
0253++ B29D             		dw	548,642,741,846,957,25+2048,88+2048,154+2048,224+2048,298+2048,377+2048,460+2048
0253++ B29D 24028202E5024E03BD03190858089A08E0082A097909CC09
0254++ B2B5             frq_550: 	
0255++ B2B5             		dw	550,643,742,848,959,26+2048,89+2048,155+2048,225+2048,299+2048,378+2048,461+2048
0255++ B2B5 26028302E6025003BF031A0859089B08E1082B097A09CD09
0256++ B2CD             frq_552: 	
0257++ B2CD             		dw	552,645,745,850,961,28+2048,90+2048,156+2048,227+2048,301+2048,380+2048,463+2048
0257++ B2CD 28028502E9025203C1031C085A089C08E3082D097C09CF09
0258++ B2E5             frq_555: 	
0259++ B2E5             		dw	555,648,748,853,965,30+2048,92+2048,159+2048,229+2048,304+2048,383+2048,467+2048
0259++ B2E5 2B028802EC025503C5031E085C089F08E50830097F09D309
0260++ B2FD             frq_556: 	
0261++ B2FD             		dw	556,650,749,855,967,30+2048,93+2048,160+2048,231+2048,305+2048,384+2048,467+2048
0261++ B2FD 2C028A02ED025703C7031E085D08A008E70831098009D309
0262++ B315             frq_557: 	
0263++ B315             		dw	557,651,750,856,967,31+2048,94+2048,160+2048,231+2048,305+2048,384+2048,468+2048
0263++ B315 2D028B02EE025803C7031F085E08A008E70831098009D409
0264++ B32D             frq_558: 	
0265++ B32D             		dw	558,652,752,857,969,32+2048,95+2048,161+2048,232+2048,306+2048,385+2048,469+2048
0265++ B32D 2E028C02F0025903C90320085F08A108E80832098109D509
0266++ B345             frq_559: 	
0267++ B345             		dw	559,653,753,858,970,32+2048,95+2048,162+2048,232+2048,307+2048,386+2048,470+2048
0267++ B345 2F028D02F1025A03CA0320085F08A208E80833098209D609
0268++ B35D             frq_560: 	
0269++ B35D             		dw	560,654,753,859,971,33+2048,96+2048,162+2048,233+2048,308+2048,387+2048,471+2048
0269++ B35D 30028E02F1025B03CB0321086008A208E90834098309D709
0270++ B375             frq_579: 	
0271++ B375             		dw	579,674,775,882,996,46+2048,110+2048,177+2048,248+2048,324+2048,404+2048,489+2048
0271++ B375 4302A20207037203E4032E086E08B108F80844099409E909
0272++ B38D             frq_616: 	
0273++ B38D             		dw	616,713,816,926,9+2048,70+2048,135+2048,204+2048,277+2048,355+2048,437+2048,524+2048
0273++ B38D 6802C90230039E03090846088708CC0815096309B5090C0A
0274++ B3A5             frq_627: 	
0275++ B3A5             		dw	627,725,829,939,16+2048,78+2048,143+2048,213+2048,286+2048,364+2048,447+2048,534+2048
0275++ B3A5 7302D5023D03AB0310084E088F08D5081E096C09BF09160A
0276++ B3BD             frq_630: 	
0277++ B3BD             		dw	630,729,833,943,18+2048,80+2048,146+2048,215+2048,289+2048,367+2048,450+2048,538+2048
0277++ B3BD 7602D9024103AF03120850089208D70821096F09C2091A0A
0278++ B3D5             frq_639: 	
0279++ B3D5             		dw	639,738,843,954,24+2048,86+2048,152+2048,222+2048,296+2048,375+2048,458+2048,546+2048
0279++ B3D5 7F02E2024B03BA03180856089808DE0828097709CA09220A
0280++ B3ED             frq_641: 	
0281++ B3ED             		dw	641,740,845,957,25+2048,88+2048,154+2048,224+2048,298+2048,376+2048,460+2048,548+2048
0281++ B3ED 8102E4024D03BD03190858089A08E0082A097809CC09240A
0282++ B405             frq_645: 	
0283++ B405             		dw	645,744,849,960,27+2048,90+2048,156+2048,226+2048,300+2048,380+2048,463+2048,552+2048
0283++ B405 8502E8025103C0031B085A089C08E2082C097C09CF09280A
0284++ B41D             frq_650: 	
0285++ B41D             		dw	650,749,855,967,30+2048,93+2048,160+2048,230+2048,305+2048,384+2048,467+2048,556+2048
0285++ B41D 8A02ED025703C7031E085D08A008E60831098009D3092C0A
0286++ B435             frq_653: 	
0287++ B435             		dw	653,753,858,970,32+2048,95+2048,162+2048,232+2048,307+2048,386+2048,470+2048,559+2048
0287++ B435 8D02F1025A03CA0320085F08A208E80833098209D6092F0A
0288++ B44D             frq_654: 	
0289++ B44D             		dw	654,754,859,971,33+2048,96+2048,163+2048,233+2048,308+2048,387+2048,471+2048,560+2048
0289++ B44D 8E02F2025B03CB0321086008A308E90834098309D709300A
0290++ B465             frq_677: 	
0291++ B465             		dw	677,778,886,999,48+2048,112+2048,179+2048,251+2048,326+2048,407+2048,492+2048,582+2048
0291++ B465 A5020A037603E70330087008B308FB0846099709EC09460A
0292++ B47D             frq_679: 	
0293++ B47D             		dw	679,781,888,1002,49+2048,113+2048,180+2048,252+2048,328+2048,408+2048,494+2048,584+2048
0293++ B47D A7020D037803EA0331087108B408FC0848099809EE09480A
0294++ B495             frq_698: 	
0295++ B495             		dw	698,801,909,0+2048,61+2048,125+2048,194+2048,266+2048,343+2048,424+2048,510+2048,601+2048
0295++ B495 BA0221038D0300083D087D08C2080A095709A809FE09590A
0296++ B4AD             frq_701: 	
0297++ B4AD             		dw	701,805,913,2+2048,63+2048,127+2048,196+2048,268+2048,345+2048,427+2048,513+2048,604+2048
0297++ B4AD BD022503910302083F087F08C4080C095909AB09010A5C0A
0298++ B4C5             frq_704: 	
0299++ B4C5             		dw	704,807,916,4+2048,65+2048,130+2048,198+2048,271+2048,348+2048,429+2048,516+2048,607+2048
0299++ B4C5 C00227039403040841088208C6080F095C09AD09040A5F0A
0300++ B4DD             frq_708: 	
0301++ B4DD             		dw	708,810,920,6+2048,67+2048,132+2048,200+2048,273+2048,350+2048,432+2048,519+2048,610+2048
0301++ B4DD C4022A039803060843088408C80811095E09B009070A620A
0302++ B4F5             frq_715: 	
0303++ B4F5             		dw	715,819,928,10+2048,72+2048,137+2048,206+2048,279+2048,356+2048,438+2048,525+2048,618+2048
0303++ B4F5 CB023303A0030A0848088908CE0817096409B6090D0A6A0A
0304++ B50D             frq_721: 	
0305++ B50D             		dw	721,825,935,13+2048,75+2048,141+2048,210+2048,283+2048,361+2048,443+2048,530+2048,623+2048
0305++ B50D D1023903A7030D084B088D08D2081B096909BB09120A6F0A
0306++ B525             frq_726: 	
0307++ B525             		dw	726,830,941,17+2048,79+2048,144+2048,214+2048,287+2048,365+2048,448+2048,535+2048,628+2048
0307++ B525 D6023E03AD0311084F089008D6081F096D09C009170A740A
0308++ B53D             frq_727: 	
0309++ B53D             		dw	727,831,942,18+2048,80+2048,145+2048,215+2048,288+2048,367+2048,449+2048,536+2048,629+2048
0309++ B53D D7023F03AE03120850089108D70820096F09C109180A750A
0310++ B555             frq_733: 	
0311++ B555             		dw	733,838,949,21+2048,83+2048,149+2048,219+2048,293+2048,371+2048,454+2048,542+2048,635+2048
0311++ B555 DD024603B503150853089508DB0825097309C6091E0A7B0A
0312++ B56D             frq_737: 	
0313++ B56D             		dw	737,842,953,23+2048,86+2048,152+2048,221+2048,296+2048,374+2048,457+2048,545+2048,639+2048
0313++ B56D E1024A03B903170856089808DD0828097609C909210A7F0A
0314++ B585             frq_750: 	
0315++ B585             		dw	750,855,967,31+2048,93+2048,160+2048,230+2048,305+2048,384+2048,467+2048,556+2048,650+2048
0315++ B585 EE025703C7031F085D08A008E60831098009D3092C0A8A0A
0316++ B59D             frq_775: 	
0317++ B59D             		dw	775,882,996,46+2048,110+2048,177+2048,248+2048,324+2048,404+2048,489+2048,579+2048,674+2048
0317++ B59D 07037203E4032E086E08B108F80844099409E909430AA20A
0318++ B5B5             frq_809: 	
0319++ B5B5             		dw	809,918,5+2048,66+2048,131+2048,199+2048,272+2048,349+2048,431+2048,517+2048,609+2048,706+2048
0319++ B5B5 29039603050842088308C70810095D09AF09050A610AC20A
0320++ B5CD             frq_810: 	
0321++ B5CD             		dw	810,919,5+2048,66+2048,131+2048,200+2048,273+2048,350+2048,431+2048,518+2048,610+2048,707+2048
0321++ B5CD 2A039703050842088308C80811095E09AF09060A620AC30A
0322++ B5E5             frq_811: 	
0323++ B5E5             		dw	811,920,6+2048,67+2048,132+2048,201+2048,274+2048,351+2048,433+2048,519+2048,611+2048,708+2048
0323++ B5E5 2B039803060843088408C90812095F09B109070A630AC40A
0324++ B5FD             frq_815: 	
0325++ B5FD             		dw	815,925,8+2048,70+2048,135+2048,204+2048,277+2048,354+2048,436+2048,523+2048,615+2048,712+2048
0325++ B5FD 2F039D03080846088708CC0815096209B4090B0A670AC80A
0326++ B615             frq_820: 	
0327++ B615             		dw	820,929,11+2048,72+2048,137+2048,206+2048,280+2048,357+2048,439+2048,526+2048,618+2048,716+2048
0327++ B615 3403A1030B0848088908CE0818096509B7090E0A6A0ACC0A
0328++ B62D             frq_822: 	
0329++ B62D             		dw	822,932,12+2048,73+2048,139+2048,208+2048,281+2048,359+2048,441+2048,528+2048,620+2048,718+2048
0329++ B62D 3603A4030C0849088B08D00819096709B909100A6C0ACE0A
0330++ B645             frq_823: 	
0331++ B645             		dw	823,933,13+2048,74+2048,139+2048,209+2048,282+2048,360+2048,442+2048,529+2048,621+2048,719+2048
0331++ B645 3703A5030D084A088B08D1081A096809BA09110A6D0ACF0A
0332++ B65D             frq_824: 	
0333++ B65D             		dw	824,934,13+2048,75+2048,140+2048,209+2048,283+2048,360+2048,443+2048,530+2048,622+2048,720+2048
0333++ B65D 3803A6030D084B088C08D1081B096809BB09120A6E0AD00A
0334++ B675             frq_828: 	
0335++ B675             		dw	828,938,15+2048,77+2048,143+2048,212+2048,286+2048,363+2048,446+2048,533+2048,626+2048,724+2048
0335++ B675 3C03AA030F084D088F08D4081E096B09BE09150A720AD40A
0336++ B68D             frq_831: 	
0337++ B68D             		dw	831,942,17+2048,79+2048,145+2048,214+2048,288+2048,366+2048,449+2048,536+2048,629+2048,727+2048
0337++ B68D 3F03AE0311084F089108D60820096E09C109180A750AD70A
0338++ B6A5             frq_832: 	
0339++ B6A5             		dw	832,942,18+2048,80+2048,145+2048,215+2048,288+2048,367+2048,449+2048,537+2048,630+2048,728+2048
0339++ B6A5 4003AE03120850089108D70820096F09C109190A760AD80A
0340++ B6BD             frq_833: 	
0341++ B6BD             		dw	833,943,18+2048,80+2048,146+2048,215+2048,289+2048,367+2048,450+2048,538+2048,630+2048,729+2048
0341++ B6BD 4103AF03120850089208D70821096F09C2091A0A760AD90A
0342++ B6D5             frq_835: 	
0343++ B6D5             		dw	835,946,20+2048,82+2048,147+2048,217+2048,291+2048,369+2048,452+2048,540+2048,633+2048,731+2048
0343++ B6D5 4303B203140852089308D90823097109C4091C0A790ADB0A
0344++ B6ED             frq_842: 	
0345++ B6ED             		dw	842,953,23+2048,86+2048,152+2048,222+2048,296+2048,374+2048,457+2048,545+2048,639+2048,737+2048
0345++ B6ED 4A03B903170856089808DE0828097609C909210A7F0AE10A
0346++ B705             frq_843: 	
0347++ B705             		dw	843,954,24+2048,86+2048,152+2048,222+2048,296+2048,375+2048,458+2048,546+2048,639+2048,738+2048
0347++ B705 4B03BA03180856089808DE0828097709CA09220A7F0AE20A
0348++ B71D             frq_844: 	
0349++ B71D             		dw	844,955,24+2048,87+2048,153+2048,223+2048,297+2048,375+2048,459+2048,547+2048,640+2048,739+2048
0349++ B71D 4C03BB03180857089908DF0829097709CB09230A800AE30A
0350++ B735             frq_847: 	
0351++ B735             		dw	847,959,26+2048,89+2048,155+2048,225+2048,299+2048,378+2048,461+2048,550+2048,643+2048,742+2048
0351++ B735 4F03BF031A0859089B08E1082B097A09CD09260A830AE60A
0352++ B74D             frq_852: 	
0353++ B74D             		dw	852,964,29+2048,92+2048,158+2048,228+2048,303+2048,382+2048,465+2048,554+2048,648+2048,747+2048
0353++ B74D 5403C4031D085C089E08E4082F097E09D1092A0A880AEB0A
0354++ B765             frq_874: 	
0355++ B765             		dw	874,986,41+2048,104+2048,171+2048,243+2048,318+2048,398+2048,482+2048,572+2048,667+2048,767+2048
0355++ B765 6A03DA0329086808AB08F3083E098E09E2093C0A9B0AFF0A
0356++ B77D             frq_908: 	
0357++ B77D             		dw	908,1023,60+2048,125+2048,193+2048,265+2048,342+2048,423+2048,509+2048,601+2048,697+2048,800+2048
0357++ B77D 8C03FF033C087D08C10809095609A709FD09590AB90A200B
0358++ B795             frq_909: 	
0359++ B795             		dw	909,0+2048,61+1025,125+2048,194+2048,266+2048,343+2048,424+2048,510+2048,601+2048,698+2048,801+2048
0359++ B795 8D0300083E047D08C2080A095709A809FE09590ABA0A210B
0360++ B7AD             frq_916: 	
0361++ B7AD             		dw	916,4+2048,65+2048,130+2048,198+2048,271+2048,347+2048,429+2048,515+2048,607+2048,704+2048,807+2048
0361++ B7AD 9403040841088208C6080F095B09AD09030A5F0AC00A270B
0362++ B7C5             frq_918: 	
0363++ B7C5             		dw	918,5+2048,66+2048,131+2048,199+2048,272+2048,349+2048,431+2048,517+2048,609+2048,706+2048,809+2048
0363++ B7C5 9603050842088308C70810095D09AF09050A610AC20A290B
0364++ B7DD             frq_920: 	
0365++ B7DD             		dw	920,6+2048,67+2048,132+2048,201+2048,274+2048,351+2048,433+2048,519+2048,611+2048,708+2048,811+2048
0365++ B7DD 9803060843088408C90812095F09B109070A630AC40A2B0B
0366++ B7F5             frq_921: 	
0367++ B7F5             		dw	921,7+2048,68+2048,133+2048,202+2048,274+2048,352+2048,433+2048,520+2048,612+2048,709+2048,812+2048
0367++ B7F5 9903070844088508CA0812096009B109080A640AC50A2C0B
0368++ B80D             frq_925: 	
0369++ B80D             		dw	925,8+2048,70+2048,135+2048,204+2048,277+2048,354+2048,436+2048,523+2048,615+2048,712+2048,815+2048
0369++ B80D 9D03080846088708CC0815096209B4090B0A670AC80A2F0B
0370++ B825             frq_926: 	
0371++ B825             		dw	926,9+2048,70+2048,135+2048,204+2048,277+2048,355+2048,437+2048,523+2048,615+2048,713+2048,816+2048
0371++ B825 9E03090846088708CC0815096309B5090B0A670AC90A300B
0372++ B83D             frq_927: 	
0373++ B83D             		dw	927,10+2048,71+2048,136+2048,205+2048,278+2048,356+2048,438+2048,525+2048,617+2048,715+2048,818+2048
0373++ B83D 9F030A0847088808CD0816096409B6090D0A690ACB0A320B
0374++ B855             frq_929: 	
0375++ B855             		dw	929,11+2048,72+2048,137+2048,206+2048,280+2048,357+2048,439+2048,526+2048,618+2048,716+2048,820+2048
0375++ B855 A1030B0848088908CE0818096509B7090E0A6A0ACC0A340B
0376++ B86D             frq_931: 	
0377++ B86D             		dw	931,12+2048,73+2048,138+2048,208+2048,281+2048,358+2048,441+2048,528+2048,620+2048,718+2048,821+2048
0377++ B86D A3030C0849088A08D00819096609B909100A6C0ACE0A350B
0378++ B885             frq_935: 	
0379++ B885             		dw	935,13+2048,75+2048,141+2048,210+2048,283+2048,361+2048,443+2048,530+2048,623+2048,721+2048,825+2048
0379++ B885 A7030D084B088D08D2081B096909BB09120A6F0AD10A390B
0380++ B89D             frq_936: 	
0381++ B89D             		dw	936,14+2048,76+2048,142+2048,211+2048,284+2048,362+2048,444+2048,532+2048,624+2048,722+2048,826+2048
0381++ B89D A8030E084C088E08D3081C096A09BC09140A700AD20A3A0B
0382++ B8B5             frq_937: 	
0383++ B8B5             		dw	937,15+2048,77+2048,142+2048,211+2048,285+2048,363+2048,445+2048,533+2048,625+2048,723+2048,827+2048
0383++ B8B5 A9030F084D088E08D3081D096B09BD09150A710AD30A3B0B
0384++ B8CD             frq_939: 	
0385++ B8CD             		dw	939,16+2048,78+2048,143+2048,213+2048,286+2048,364+2048,447+2048,534+2048,627+2048,725+2048,829+2048
0385++ B8CD AB0310084E088F08D5081E096C09BF09160A730AD50A3D0B
0386++ B8E5             frq_941: 	
0387++ B8E5             		dw	941,17+2048,79+2048,144+2048,214+2048,287+2048,365+2048,448+2048,535+2048,628+2048,726+2048,830+2048
0387++ B8E5 AD0311084F089008D6081F096D09C009170A740AD60A3E0B
0388++ B8FD             frq_942: 	
0389++ B8FD             		dw	942,18+2048,80+2048,145+2048,215+2048,288+2048,367+2048,449+2048,537+2048,630+2048,728+2048,832+2048
0389++ B8FD AE03120850089108D70820096F09C109190A760AD80A400B
0390++ B915             frq_944: 	
0391++ B915             		dw	944,19+2048,80+2048,146+2048,216+2048,289+2048,368+2048,450+2048,538+2048,631+2048,729+2048,834+2048
0391++ B915 B003130850089208D80821097009C2091A0A770AD90A420B
0392++ B92D             frq_949: 	
0393++ B92D             		dw	949,21+2048,83+2048,149+2048,218+2048,292+2048,371+2048,454+2048,542+2048,635+2048,733+2048,838+2048
0393++ B92D B503150853089508DA0824097309C6091E0A7B0ADD0A460B
0394++ B945             frq_950: 	
0395++ B945             		dw	950,22+2048,84+2048,150+2048,219+2048,293+2048,372+2048,455+2048,543+2048,636+2048,734+2048,839+2048
0395++ B945 B603160854089608DB0825097409C7091F0A7C0ADE0A470B
0396++ B95D             frq_951: 	
0397++ B95D             		dw	951,22+2048,85+2048,151+2048,220+2048,294+2048,372+2048,456+2048,543+2048,637+2048,736+2048,841+2048
0397++ B95D B703160855089708DC0826097409C8091F0A7D0AE00A490B
0398++ B975             frq_952: 	
0399++ B975             		dw	952,23+2048,85+2048,151+2048,221+2048,295+2048,373+2048,456+2048,544+2048,638+2048,736+2048,841+2048
0399++ B975 B803170855089708DD0827097509C809200A7E0AE00A490B
0400++ B98D             frq_953: 	
0401++ B98D             		dw	953,23+2048,86+2048,152+2048,221+2048,296+2048,374+2048,457+2048,545+2048,639+2048,737+2048,842+2048
0401++ B98D B903170856089808DD0828097609C909210A7F0AE10A4A0B
0402++ B9A5             frq_964: 	
0403++ B9A5             		dw	964,29+2048,92+2048,158+2048,228+2048,303+2048,382+2048,466+2048,554+2048,648+2048,747+2048,852+2048
0403++ B9A5 C4031D085C089E08E4082F097E09D2092A0A880AEB0A540B
0404++ B9BD             frq_966: 	
0405++ B9BD             		dw	966,30+2048,93+2048,159+2048,229+2048,304+2048,383+2048,467+2048,555+2048,649+2048,749+2048,854+2048
0405++ B9BD C6031E085D089F08E50830097F09D3092B0A890AED0A560B
0406++ B9D5             frq_969: 	
0407++ B9D5             		dw	969,32+2048,95+2048,161+2048,232+2048,306+2048,385+2048,469+2048,558+2048,652+2048,752+2048,857+2048
0407++ B9D5 C90320085F08A108E80832098109D5092E0A8C0AF00A590B
0408++ B9ED             frq_974: 	
0409++ B9ED             		dw	974,34+2048,97+2048,164+2048,235+2048,310+2048,389+2048,473+2048,562+2048,656+2048,756+2048,862+2048
0409++ B9ED CE0322086108A408EB0836098509D909320A900AF40A5E0B
0410++ BA05             frq_977: 	
0411++ BA05             		dw	977,36+2048,99+2048,166+2048,237+2048,312+2048,391+2048,475+2048,564+2048,659+2048,759+2048,865+2048
0411++ BA05 D10324086308A608ED0838098709DB09340A930AF70A610B
0412++ BA1D             frq_978: 	
0413++ BA1D             		dw	978,37+2048,100+2048,167+2048,238+2048,313+2048,392+2048,476+2048,565+2048,660+2048,760+2048,866+2048
0413++ BA1D D20325086408A708EE0839098809DC09350A940AF80A620B
0414++ BA35             frq_1018: 	
0415++ BA35             		dw	1018,58+2048,122+2048,190+2048,263+2048,339+2048,420+2048,506+2048,597+2048,693+2048,796+2048,904+2048
0415++ BA35 FA033A087A08BE0807095309A409FA09550AB50A1C0B880B
0416++ BA4D             
0417++ BA4D             
1729+  BA4D             
0696   BA4D             
0697   BA4D             MoonSound_end: 
0698   BA4D             		.savebin "moonsound.bin",MoonSound_Start, MoonSound_end - MoonSound_Start
0699   BA4D             
0700   BA4D             
0701   BA4D             		.end
0702   BA4D             
0703   BA4D             
